{
    "keys": {
        "developer": {
            "plugin.video.AliveGR": {
                "main": {
                    "id": "MTkwMTgzODM0NTAyLTB1YjhwZ290a3I1amwzN2U2dm44bDczNTI1NGNjaWxqLmFwcHMuZ29vZ2xldXNlcmNvbnRlbnQuY29t",
                    "key": "QUl6YVN5QWxUYkh6MXhVMUFZd2xuU0ppQlVWYU1hdVFES0lmeG1J",
                    "secret": "endKMVVmYXYwcDlUZlJuam9vamdYQUxT",
                    "system": "JSONStore"
                },
                "origin": "plugin.video.AliveGR"
            },
            "plugin.video.ert.gr": {
                "main": {
                    "id": "NjY3MTcxOTcyNTkxLTBoM21oMDgyZDhxMW40Z21sbDl1ODdpZGVxM2p1am1rLmFwcHMuZ29vZ2xldXNlcmNvbnRlbnQuY29t",
                    "key": "QUl6YVN5Q2JvSHNFY2RPOU5MWnpHVVFscVlRRWtsZWFjT3BNa21N",
                    "secret": "TEZVMVA1UVhvZW9qZHFfLWdWS0dRaUZE",
                    "system": "JSONStore"
                },
                "origin": "plugin.video.ert.gr"
            }
        },
        "personal": {
            "api_key": "AIzaSyCLKsGUUTmWwjV0wEAzk3KdPgdns572nL0",
            "client_id": "230479283210-df4prnqlmuf70mvbpjiolhurpigsqq5l",
            "client_secret": "qaZHSqYE0mcKlIoNKJFBhefp"
        }
    }
}