<favourites>
    <favourite name="[B][COLOR white]SVIP NBA[/COLOR][/B]" thumb="special://home/addons\plugin.video.myiptv\resources\icons\livetv.png">ActivateWindow(10025,"plugin://plugin.video.myiptv/?description=Live%20Categories&amp;iconimage=special://home/addons%5cplugin.video.myiptv%5cresources%5cicons%5clivetv.png&amp;mode=23&amp;name=%5bB%5d%5bCOLOR%20white%5dSVIP%20NBA%5b%2fCOLOR%5d%5b%2fB%5d&amp;url=eJzLKCkpsNLXL85NLCrRKyrNK8kv0KuorLKyMLAwqDE0NDY0NDE0NK0xATONDA1rjCwMAM3qD4g%3d&amp;xtra",return)</favourite>
    <favourite name="[B][COLOR white]SVIP NBA[/COLOR][/B]" thumb="special://home/addons\plugin.video.myiptv\resources\icons\livetv.png">ActivateWindow(10025,"plugin://plugin.video.myiptv/?description=Live%20Categories&amp;iconimage=special://home/addons%5cplugin.video.myiptv%5cresources%5cicons%5clivetv.png&amp;mode=23&amp;name=%5bB%5d%5bCOLOR%20white%5dSVIP%20NBA%5b%2fCOLOR%5d%5b%2fB%5d&amp;url=eJzLKCkpsNLXL85NLCrRKyrNK8kv0KuorLKyMLAwqDE0z03MTDcyMDKpCUgsSk0uyiyuMbIwAADr8hIO&amp;xtra",return)</favourite>
    <favourite name="[B][COLOR white]SVIP NBA[/COLOR][/B]" thumb="special://home/addons\plugin.video.myiptv\resources\icons\livetv.png">ActivateWindow(10025,"plugin://plugin.video.myiptv/?description=Live%20Categories&amp;iconimage=special://home/addons%5cplugin.video.myiptv%5cresources%5cicons%5clivetv.png&amp;mode=23&amp;name=%5bB%5d%5bCOLOR%20white%5dSVIP%20NBA%5b%2fCOLOR%5d%5b%2fB%5d&amp;url=eJzLKCkpsNLXL85NLCrRKyrNK8kv0KuorLKyMLAwqDG28PCJdDRyNA6siUyMsDS2yKgoCiyuMbIwAAAY0hJj&amp;xtra",return)</favourite>
    <favourite name="[B][COLOR white]SVIP NBA[/COLOR][/B]" thumb="special://home/addons\plugin.video.myiptv\resources\icons\livetv.png">ActivateWindow(10025,"plugin://plugin.video.myiptv/?description=Live%20Categories&amp;iconimage=special://home/addons%5cplugin.video.myiptv%5cresources%5cicons%5clivetv.png&amp;mode=23&amp;name=%5bB%5d%5bCOLOR%20white%5dSVIP%20NBA%5b%2fCOLOR%5d%5b%2fB%5d&amp;url=eJzLKCkpsNLXL85NLCrRKyrNK8kv0KuorLKyMLAwqDGJ9DVzC%2fDyiLSsCfWuMMkOMLMoTrOsMbIwAAAcohJY&amp;xtra",return)</favourite>
    <favourite name="[B][COLOR white]SVIP NBA[/COLOR][/B]" thumb="special://home/addons\plugin.video.myiptv\resources\icons\livetv.png">ActivateWindow(10025,"plugin://plugin.video.myiptv/?description=Live%20Categories&amp;iconimage=special://home/addons%5cplugin.video.myiptv%5cresources%5cicons%5clivetv.png&amp;mode=23&amp;name=%5bB%5d%5bCOLOR%20white%5dSVIP%20NBA%5b%2fCOLOR%5d%5b%2fB%5d&amp;url=eJzLKCkpsNLXL85NLCrRKyrNK8kv0KuorLKyMLAwqDELDnUy97EwMg%2bqyU5LqigMKkpyykipMbIwAAAg1RLt&amp;xtra",return)</favourite>
</favourites>
