<?xml version="1.0" encoding="UTF-8"?>
    <addon id="repository.robinhood.wizard" name="[B][COLOR limegreen]RobinHood[B][COLOR white] Wizard Repository[/B][/COLOR]" version="0.0.1.1" provider-name="RobinHood">
        <requires>
            <import addon="xbmc.addon" version="12.0.0"/>
        </requires>
        <extension point="xbmc.addon.repository" name="RobinHood Wizard Repository">
            <info compressed="false">https://networkcorner.net/robinhood/repo/addons.xml</info>
            <checksum>https://networkcorner.net/robinhood/repo/addons.xml.md5</checksum>
            <datadir zip="true">https://networkcorner.net/robinhood/repo/</datadir>
            <hashes>false</hashes>
			
			<dir>
        <info compressed="false">https://raw.githubusercontent.com/Gujal00/smrzips/master/addons.xml</info>
        <checksum>https://raw.githubusercontent.com/Gujal00/smrzips/master/addons.xml.md5</checksum>
        <datadir zip="true">https://raw.githubusercontent.com/Gujal00/smrzips/master/zips/</datadir>
        </dir>
		
		<dir>
        <info compressed="false">https://raw.githubusercontent.com/Gujal00/smrzips/master/addons.xml</info>
        <checksum>https://raw.githubusercontent.com/Gujal00/smrzips/master/addons.xml.md5</checksum>
        <datadir zip="true">https://raw.githubusercontent.com/Gujal00/smrzips/master/zips/</datadir>
        </dir>
				        
        <dir>
            <info compressed="false">https://raw.githubusercontent.com/jenaddon/repository.jenrepo/master/zips/addons.xml</info>
            <checksum>https://raw.githubusercontent.com/jenaddon/repository.jenrepo/master/zips/addons.xml.md5</checksum>
            <datadir zip="true">https://raw.githubusercontent.com/jenaddon/repository.jenrepo/master/zips/</datadir>
            <hashes>false</hashes>
        </dir>
	
		<dir>
			<info compressed="false">https://raw.githubusercontent.com/totalrevolution/python-koding/master/zips/addons.xml</info>
			<checksum>https://raw.githubusercontent.com/totalrevolution/python-koding/master/zips/addons.xml.md5</checksum>
			<datadir zip="true">https://raw.githubusercontent.com/totalrevolution/python-koding/master/zips/</datadir>
		</dir>
		
        </extension>
        <extension point="xbmc.addon.metadata">
            <summary>Install all the latest Builds</summary>
            <description>Welcome to the New and Improved Robin Hood Wizard for all your Community Builds.</description>
            <platform>all</platform>
			<assets>
			<icon>icon.png</icon>
            <icon>icon.gif</icon>
            <fanart>fanart.jpg</fanart>    
    </assets>
    </extension>
</addon>