<?xml version="1.0" encoding="UTF-8" standalone="yes"?>
<addon id="repository.vmfmatrix" name="Kho tiện ích KODI Việt Nam" version="1.0.5" provider-name="mkendo">
	<extension point="xbmc.addon.repository" name="Kho tien ich Kodi VietNam">
		<dir>
			<info compressed="false">https://mi3s.top/kodivn/addons.xml</info>
			<checksum>https://mi3s.top/kodivn/addons.xml.md5</checksum>
			<datadir zip="true">https://mi3s.top/kodivn/repos/</datadir>
		</dir>
	</extension>
	<extension point="xbmc.addon.metadata">
		<summary>Kho tiện ích KODI Việt Nam</summary>
		<description></description>
		<genre></genre>
		<assets><icon>icon.png</icon></assets>
	</extension>
</addon>
