<?xml version="1.0" encoding="UTF-8" standalone="yes"?>
<addon id="repository.azzyaddons" name="AzzyAddons Repository" version="1.0.1" provider-name="azzy9">
	<extension point="xbmc.addon.repository" name="AzzyAddons add-on Repository">
		<dir>
			<info compressed="false">https://raw.githubusercontent.com/azzyaddons/azzyaddons.github.io/master/addons.xml</info>
			<checksum>https://raw.githubusercontent.com/azzyaddons/azzyaddons.github.io/master/addons.xml.md5</checksum>
			<datadir zip="true">https://raw.githubusercontent.com/azzyaddons/azzyaddons.github.io/master/plugins/</datadir>
		</dir>
	</extension>
	<extension point="xbmc.addon.metadata">
		<summary lang="en">Install AzzyAddons Add-ons</summary>
		<description lang="en">Add-ons from AzzyAddons repository.</description>
		<disclaimer lang="en">Repository has non-comercial nature. Created by enthusiasts, acting in good faith.</disclaimer>
		<platform>all</platform>
	</extension>
</addon>