<addon id="plugin.video.dinbox" name="DINBOX" version="1.0.5" provider-name="derzis">
	<requires>
		<import addon="xbmc.python" version="3.0.0"/>
		<import addon="script.module.requests"/>
		<import addon="inputstream.adaptive"/>
	</requires>
	<extension point="xbmc.python.pluginsource" library="default.py">
		<provides>video</provides>
	</extension>
	<extension point="xbmc.addon.metadata">
        <summary lang="ro">Addon pentru redare video de pe dinbox.tv</summary>
        <description lang="ro">Addon pentru redare de conținut video de pe dinbox.tv</description>
        <platform>all</platform>
		<assets>
			<icon>icon.png</icon>
			<fanart>fanart.jpg</fanart>
		</assets>
	</extension>
</addon>
