<?xml version='1.0' encoding='UTF-8'?>
<shortcuts>
	<shortcut>
		<defaultID>service.gkobu.updater.coreelecelecsettings</defaultID>
		<label>CoreELEC settings</label>
		<label2>Favourite</label2>
		<icon>https://raw.githubusercontent.com/CoreELEC/service.coreelec.settings/coreelec-9.2/textures/CoreELEC/icon.png</icon>
		<thumb>/usr/share/kodi/addons/service.coreelec.settings/resources/skins/Default/media/icon.png</thumb>
		<action>RunAddOn(service.coreelec.settings)</action>
		<visible>System.AddonIsEnabled(service.coreelec.settings)</visible>
	</shortcut>
	<shortcut>
		<defaultID>service.gkobu.updater.24001</defaultID>
		<label>24001</label>
		<label2>Favourite</label2>
		<icon>DefaultFolder.png</icon>
		<thumb>special://home/userdata\media\icons\addon.png</thumb>
		<action>ActivateWindow(AddonBrowser)</action>
	</shortcut>
	<shortcut>
		<defaultID>service.gkobu.updater.480</defaultID>
		<label>480</label>
		<label2>Favourite</label2>
		<icon>DefaultFolder.png</icon>
		<thumb>special://home/userdata\media\icons\skinsettings.png</thumb>
		<action>ActivateWindow(AppearanceSettings)</action>
	</shortcut>
	<shortcut>
		<defaultID>service.gkobu.updater.7</defaultID>
		<label>7</label>
		<label2>Favourite</label2>
		<icon>DefaultFolder.png</icon>
		<thumb>special://home/userdata\media\icons\filebox.png</thumb>
		<action>ActivateWindow(FileManager)</action>
	</shortcut>
	<shortcut>
		<defaultID>service.gkobu.updater.20077</defaultID>
		<label>20077</label>
		<label2>Favourite</label2>
		<icon>DefaultFolder.png</icon>
		<thumb>special://home/userdata\media\icons\paintbrush.png</thumb>
		<action>ActivateWindow(SkinSettings)</action>
	</shortcut>
	<shortcut>
		<defaultID>service.gkobu.updater.10007</defaultID>
		<label>10007</label>
		<label2>Favourite</label2>
		<icon>DefaultFolder.png</icon>
		<thumb>special://home/userdata\media\icons\info.png</thumb>
		<action>ActivateWindow(SystemInfo)</action>
	</shortcut>
	<shortcut>
		<defaultID>service.gkobu.updater.fullscreenon-off</defaultID>
		<label>Fullscreen on/off</label>
		<label2>Favourite</label2>
		<icon>DefaultFolder.png</icon>
		<thumb>special://home/userdata\media\icons\fullscreen.png</thumb>
		<action>ToggleFullScreen</action>
		<visible>!System.AddonIsEnabled(service.coreelec.settings) + !System.AddonIsEnabled(service.libreelec.settings) + !System.Platform.Android</visible>
	</shortcut>
	<shortcut>
		<defaultID>service.gkobu.updater.minimize</defaultID>
		<label>13014</label>
		<label2>Favourite</label2>
		<icon>DefaultFolder.png</icon>
		<thumb>special://home/userdata\media\icons\home.png</thumb>
		<action>Minimize</action>
		<visible>!System.AddonIsEnabled(service.coreelec.settings) + !System.AddonIsEnabled(service.libreelec.settings) + !System.Platform.Android</visible>
	</shortcut>
	<shortcut>
		<defaultID>service.gkobu.updater.8</defaultID>
		<label>8</label>
		<label2>Favourite</label2>
		<icon>DefaultFolder.png</icon>
		<thumb>special://home/userdata\media\icons\sun.png</thumb>
		<action>ActivateWindow(Weather)</action>
	</shortcut>
	<shortcut>
		<defaultID>service.gkobu.updater.14111</defaultID>
		<label>14111</label>
		<label2>Favourite</label2>
		<icon>DefaultFolder.png</icon>
		<thumb>special://home/userdata\media\icons\warning.png</thumb>
		<action>ActivateWindow(EventLog,events://)</action>
	</shortcut>
	<shortcut>
		<defaultID>service.gkobu.updater.13200</defaultID>
		<label>13200</label>
		<label2>Common menu item</label2>
		<icon>UnknownUser.png</icon>
		<thumb>special://home/userdata\media\icons\artist.png</thumb>
		<action>ActivateWindow(Profiles)</action>
	</shortcut>
	<shortcut>
		<defaultID>service.gkobu.updater.systemfav</defaultID>
		<label>My System Shortcuts</label>
		<label2>Favourite</label2>
		<icon>DefaultFolder.png</icon>
		<thumb>special://home/addons\plugin.program.super.favourites\icon.png</thumb>
		<action>ActivateWindow(10025,"plugin://plugin.program.super.favourites/?content_type=video&amp;fanart=special%3a%2f%2fhome%2fuserdata%2fmedia%2fbackgrounds%2fsettings.jpg&amp;image=special%3a%2f%2fhome%2fuserdata%2fmedia%2fbackgrounds%2fsettings.jpg&amp;label=%ce%a3%cf%8d%cf%83%cf%84%ce%b7%ce%bc%ce%b1%20-%20System&amp;mode=400&amp;path=special%3a%2f%2fprofile%2faddon_data%2fplugin.program.super.favourites%2fSuper%20Favourites%5cSystem")</action>
	</shortcut>
</shortcuts>
