<?xml version="1.0" encoding="UTF-8" standalone="yes"?>
<addon id="service.autoexec" name="Autoexec Service" version="1.0.0" provider-name="GRecoTM">
    <requires>
        <import addon="xbmc.python" version="3.0.0"/>
    </requires>
    <extension point="xbmc.service" library="autoexec.py">
    </extension>
    <extension point="xbmc.addon.metadata">
        <summary lang="en_GB">Automatically run python code when Kodi starts.</summary>
        <description lang="en_GB">The Autoexec Service will automatically be run on Kodi startup.</description>
        <platform>all</platform>
        <license>GNU GENERAL PUBLIC LICENSE Version 2</license>
    </extension>
</addon>