<playercorefactory>
	<players>
			<player name="AcePlayer Windows" type="ExternalPlayer" audio="false" video="true">
				<filename>C:\Users\{UserName}\AppData\Roaming\ACEStream\player\ace_player.exe</filename>
				<hidexbmc>true</hidexbmc>
				<playcountminimumtime>120</playcountminimumtime>
			</player>
			<player name="VLCPlayer Windows" type="ExternalPlayer" audio="false" video="true">
				<filename>C:\Program Files\VideoLAN\VLC\vlc.exe</filename>
				<hidexbmc>true</hidexbmc>
				<playcountminimumtime>120</playcountminimumtime>
			</player>
			<player name="MpvNet Windows" type="ExternalPlayer" audio="true" video="true">
				<filename>D:\Programmi\MpvNet\mpvnet.exe</filename>
				<hidexbmc>true</hidexbmc>
				<playcountminimumtime>120</playcountminimumtime>
			</player>
			<player name="Chrome Windows x64" type="ExternalPlayer" audio="false" video="true">
				<filename>C:\Program Files\Google\Chrome\Application\chrome.exe</filename>
				<hidexbmc>true</hidexbmc>
				<playcountminimumtime>120</playcountminimumtime>
			</player>
			<player name="Chrome Windows x86" type="ExternalPlayer" audio="false" video="true">
				<filename>C:\Program Files (x86)\Google\Chrome\Application\chrome.exe</filename>
				<hidexbmc>true</hidexbmc>
				<playcountminimumtime>120</playcountminimumtime>
			</player>
		<player name="VLC" type="ExternalPlayer" audio="false" video="true">
			<filename>org.videolan.vlc</filename>
			<hidexbmc>false</hidexbmc>
		</player>
		<player name="MX" type="ExternalPlayer" audio="false" video="true">
			<filename>com.mxtech.videoplayer.ad</filename>
			<hidexbmc>false</hidexbmc>
		</player>
		<player name="AceStream" type="ExternalPlayer" audio="false" video="true">
			<filename>org.acestream.media</filename>
			<hidexbmc>false</hidexbmc>
		</player>
		<player name="AceEngine" type="ExternalPlayer" audio="false" video="true">
			<filename>org.acestream.core</filename>
			<hidexbmc>false</hidexbmc>
		</player>
		<player name="AceStreamTV" type="ExternalPlayer" audio="false" video="true">
			<filename>org.acestream.media.atv</filename>
			<hidexbmc>false</hidexbmc>
		</player>
		<player name="AceEngineTV" type="ExternalPlayer" audio="false" video="true">
			<filename>org.acestream.core.atv</filename>
			<hidexbmc>false</hidexbmc>
		</player>
		<player name="Wiseplay" type="ExternalPlayer" audio="false" video="true">
			<filename>com.wiseplay</filename>
			<hidexbmc>false</hidexbmc>
		</player>
		<player name="WuffyPlayer" type="ExternalPlayer" audio="false" video="true">
			<filename>co.wuffy.player</filename>
			<hidexbmc>false</hidexbmc>
		</player>
		<player name="SopCast" type="ExternalPlayer" audio="false" video="true">
			<filename>com.devaward.soptohttp</filename>
			<hidexbmc>false</hidexbmc>
		</player>
		<player name="WebVideoCaster" type="ExternalPlayer" audio="false" video="true">
			<filename>com.instantbits.cast.webvideo</filename>
			<hidexbmc>false</hidexbmc>
		</player>
		<player name="FFMPEG" type="ExternalPlayer" audio="false" video="true">
			<filename>com.silentlexx.ffmpeggui</filename>
			<hidexbmc>true</hidexbmc>
		</player>
		<player name="Chrome" type="ExternalPlayer" audio="false" video="true">
			<filename>com.android.chrome</filename>
			<hidexbmc>false</hidexbmc>
		</player>
	</players>
	
	<rules action="overwrite">
		<rule name="acestream" filename="acestream://.*" player="AceStream" />
		<rule name="wise" filename=".*extPL=wise" player="Wiseplay" />
<rule name="other" video="true" player="videodefaultplayer" /><rule name="other" audio="true" player="MpvNet" />		
	</rules>
		
</playercorefactory>
