{
    "items": [
        {
            "server_name": "152.89.61.51:8080",
            "server_url": "http://152.89.61.51:8080/c/",
            "macs": [
                "00:1A:79:A7:9C:FC",
                "00:1A:79:14:C6:4F",
                "00:1A:79:36:B1:90",
                "00:1A:79:4C:0B:11",
                "00:1A:79:4C:23:E0",
                "00:1A:79:55:6A:10",
                "00:1A:79:A5:D2:FC",
                "00:1A:79:27:3E:7D"
            ]
        },
        {
            "server_name": "kasimiriptv.xyz:8080",
            "server_url": "http://kasimiriptv.xyz:8080/c/",
            "macs": [
                "00:1A:79:43:C4:19",
                "00:1A:79:42:49:96",
                "00:1A:79:63:88:CE",
                "00:1A:79:90:74:14"
            ]
        },
        {
            "server_name": "62.210.114.146:7000",
            "server_url": "http://62.210.114.146:7000/c/",
            "macs": [
                "00:1A:79:00:00:00"
            ]
        },
        {
            "server_name": "webtv360.org:2578",
            "server_url": "http://webtv360.org:2578/c/",
            "macs": [
                "00:1A:79:00:02:52"
            ]
        },
        {
            "server_name": "gezegeniphd.com:8080",
            "server_url": "http://gezegeniphd.com:8080/c/",
            "macs": [
                "00:1A:79:1A:01:67",
                "00:1A:79:2E:88:F9",
                "00:1A:79:43:2B:25"
            ]
        },
        {
            "server_name": "tv.iptvone.de:8080",
            "server_url": "http://tv.iptvone.de:8080/c/",
            "macs": [
                "00:1a:79:11:22:33"
            ]
        },
        {
            "server_name": "vipuhd.com:8080",
            "server_url": "http://vipuhd.com:8080/c/",
            "macs": [
                "00:1A:79:53:E8:02"
            ]
        },
        {
            "server_name": "51.89.99.98",
            "server_url": "http://51.89.99.98/c/",
            "macs": [
                "00:1A:79:2C:6F:0B",
                "00:1A:79:52:C7:65"
            ]
        },
        {
            "server_name": "ott.topstb.net:8000",
            "server_url": "http://ott.topstb.net:8000/c/",
            "macs": [
                "00:1A:79:3B:3F:07",
                "00:1A:79:00:CF:50"
            ]
        },
        {
            "server_name": "tivixs.com:80",
            "server_url": "http://tivixs.com:80/c/",
            "macs": [
                "00:1A:79:AB:E4:14",
                "00:1A:79:1A:01:67",
                "00:1A:79:2E:88:F9"
            ]
        },
        {
            "server_name": "bang.sytes.net:25461",
            "server_url": "http://bang.sytes.net:25461/c/",
            "macs": [
                "00:1A:79:00:00:00"
            ]
        },
        {
            "server_name": "tv.ssvippanel.ml:8080",
            "server_url": "http://tv.ssvippanel.ml:8080/c/",
            "macs": [
                "00:1A:79:32:1E:84",
                "00:1A:79:40:05:F2"
            ]
        },
        {
            "server_name": "skyhd-iptv.com:2095",
            "server_url": "http://skyhd-iptv.com:2095/c/",
            "macs": [
                "00:1A:79:57:C5:38",
                "00:1A:79:28:14:AF",
                "00:1A:79:1F:15:48",
                "00:1A:79:BC:D0:70",
                "00:1A:79:44:F7:50",
                "00:1A:79:00:39:B6",
                "00:1A:79:52:8A:28",
                "00:1A:79:02:DA:FA",
                "00:1A:79:5D:F9:E9",
                "00:1A:79:3C:44:3B",
                "00:1A:79:14:DC:1C",
                "00:1A:79:54:F4:02",
                "00:1A:79:01:06:EA",
                "00:1A:79:55:F8:3B",
                "00:1A:79:43:9B:7E",
                "00:1A:79:00:1F:F0",
                "00:1A:79:55:FA:64",
                "00:1A:79:40:08:CC",
                "00:1A:79:00:35:7F",
                "00:1A:79:03:6A:B1",
                "00:1A:79:2B:82:CF",
                "00:1A:79:90:6C:F0",
                "00:1A:79:45:DA:B2",
                "00:1A:79:00:34:AB"
            ]
        },
        {
            "server_name": "cms.ottba.com:8147",
            "server_url": "http://cms.ottba.com:8147/c/",
            "macs": [
                "00:1A:79:3F:63:7C"
            ]
        },
        {
            "server_name": "channels227070.clientportal.link",
            "server_url": "http://channels227070.clientportal.link/c/",
            "macs": [
                "00:1A:79:50:c9:9d",
                "00:1A:79:5c:fe:91"
            ]
        },
        {
            "server_name": "123iptv.nl:88",
            "server_url": "http://123iptv.nl:88/c/",
            "macs": [
                "00:1A:79:5D:02:44"
            ]
        },
        {
            "server_name": "etya-plus.com:8080",
            "server_url": "http://etya-plus.com:8080/c/",
            "macs": [
                "00:1A:79:3F:07:66",
                "00:1A:79:3B:15:3E",
                "00:1A:79:3A:AD:5B",
                "00:1A:79:32:22:3B",
                "00:1A:79:0B:ED:04"
            ]
        },
        {
            "server_name": "sansat.net:25461",
            "server_url": "http://sansat.net:25461/c/",
            "macs": [
                "00:1A:79:A1:34:83",
                "00:1A:79:A1:3A:39",
                "00:1A:79:A1:63:2B",
                "00:1A:79:A1:70:AE",
                "00:1A:79:A1:7F:DC",
                "00:1A:79:A1:80:0A",
                "00:1A:79:A1:7F:BD",
                "00:1A:79:A1:80:6E",
                "00:1A:79:A1:84:0B",
                "00:1A:79:A1:8D:01",
                "00:1A:79:A1:8C:EC",
                "00:1A:79:A1:92:30",
                "00:1A:79:A1:92:8B",
                "00:1A:79:A1:9D:CF"
            ]
        }
    ]
}