{
    "items": [
        {
            "server_name": "line.crystal-ott.com:80",
            "server_url": "http://line.crystal-ott.com:80/c/",
            "macs": [
                "00:1A:79:54:C7:77",
                "00:1A:79:54:72:17",
                "00:1A:79:54:20:A9",
                "00:1A:79:54:B5:12",
                "00:1A:79:5D:8C:08",
                "00:1A:79:54:C8:57",
                "00:1A:79:54:9C:DC",
                "00:1A:79:54:A3:3B",
                "00:1A:79:54:A8:9C",
                "00:1A:79:54:62:74",
                "00:1A:79:00:00:00",
                "00:1A:79:54:D4:02"
            ]
        },
        {
            "server_name": "directtv1.xyz:80",
            "server_url": "http://directtv1.xyz:80/c/",
            "macs": [
                "00:1A:79:17:15:20",
                "00:1A:79:3A:39:60"
            ]
        },
        {
            "server_name": "live.hutv.me:25461",
            "server_url": "http://live.hutv.me:25461/c/",
            "macs": [
                "00:1A:79:00:00:AB",
                "00:1A:79:01:01:01",
                "00:1A:79:04:05:07"
            ]
        },
        {
            "server_name": "123iptv.nl:88",
            "server_url": "http://123iptv.nl:88/c/",
            "macs": [
                "00:1A:79:4A:32:A6",
                "00:1A:79:44:30:BB",
                "00:1A:79:BD:A5:9D",
                "00:1A:79:21:09:70"
            ]
        },
        {
            "server_name": "showflix.org:5890",
            "server_url": "http://showflix.org:5890/c/",
            "macs": [
                "00:1A:79:2F:F3:70",
                "00:1A:79:5C:87:9A",
                "00:1A:79:66:1B:F1",
                "00:1A:79:4D:70:7F"
            ]
        },
        {
            "server_name": "webtv360.org:2578",
            "server_url": "http://webtv360.org:2578/c/",
            "macs": [
                "00:1A:79:00:02:35",
                "00:1A:79:47:53:2E"
            ]
        },
        {
            "server_name": "ip.sltv.be:8080",
            "server_url": "http://ip.sltv.be:8080/c/",
            "macs": [
                "00:1A:79:01:58:5a",
                "00:1A:79:36:FF:FA"
            ]
        },
        {
            "server_name": "viki4k.site:8880",
            "server_url": "http://viki4k.site:8880/c/",
            "macs": [
                "00:1A:79:00:15:A8",
                "00:1A:79:11:A9:5A",
                "00:1A:79:2d:07:AB",
                "00:1A:79:32:8F:F8",
                "00:1A:79:39:6F:F4",
                "00:1A:79:3B:0F:25",
                "00:1a:79:3b:1f:21",
                "00:1a:79:cb:0a:e0",
                "00:1A:79:1A:9F:56",
                "00:1A:79:37:1F:F2",
                "00:1A:79:53:5F:80",
                "00:1A:79:57:1F:19",
                "00:1A:79:60:48:82",
                "00:1A:79:7A:85:50",
                "00:1A:79:AE:3F:53",
                "00:1a:79:2b:f6:4e",
                "00:1a:79:56:8f:cc",
                "00:1a:79:a4:10:32",
                "00:1a:79:a4:b0:fb"
            ]
        },
        {
            "server_name": "hd-max.org:8080",
            "server_url": "http://hd-max.org:8080/c/",
            "macs": [
                "00:1A:79:3A:BB:B1",
                "00:1A:79:3A:FB:F6",
                "00:1A:79:3B:91:A1",
                "00:1A:79:3B:0B:8D",
                "00:1A:79:40:9D:22",
                "00:1A:79:67:4C:52",
                "00:1A:79:A2:68:3C",
                "00:1A:79:A3:97:78",
                "00:1A:79:A4:86:06",
                "00:1A:79:a6:3f:ae",
                "00:1A:79:A6:C3:20",
                "00:1a:79:d5:ea:78"
            ]
        },
        {
            "server_name": "astraiptv.com:8000",
            "server_url": "http://astraiptv.com:8000/c/",
            "macs": [
                "00:1A:79:69:D5:84",
                "00:1A:79:40:28:3D",
                "00:1A:79:4F:8E:BE",
                "00:1A:79:2B:B4:52",
                "00:1A:79:32:BC:BA",
                "00:1A:79:55:B7:10",
                "00:1A:79:2B:03:5A",
                "00:1A:79:10:31:CC",
                "00:1A:79:4c:de:40",
                "00:1A:79:40:40:64",
                "00:1A:79:4F:8C:A2",
                "00:1A:79:4F:A0:36",
                "00:1A:79:40:B5:AF",
                "00:1A:79:53:55:19",
                "00:1A:79:1B:5B:68",
                "00:1A:79:53:16:3E",
                "00:1A:79:1A:54:40"
            ]
        },
        {
            "server_name": "tx.flysat.live:80",
            "server_url": "http://tx.flysat.live:80/c/",
            "macs": [
                "00:1A:79:01:01:29",
                "00:1A:79:01:03:7E",
                "00:1A:79:01:03:83"
            ]
        },
        {
            "server_name": "matrixtop.com:25461",
            "server_url": "http://matrixtop.com:25461/c/",
            "macs": [
                "00:1a:79:40:22:21",
                "00:1a:79:40:22:24",
                "00:1a:79:40:31:16",
                "00:1a:79:40:3b:86",
                "00:1a:79:40:3b:c1",
                "00:1a:79:40:3b:ea",
                "00:1a:79:40:3c:c0",
                "00:1a:79:40:40:03",
                "00:1a:79:40:40:04",
                "00:1a:79:40:41:a0"
            ]
        }
    ]
}