{
    "items": [
        {
            "server_name": "infusumtv.co.uk:8880",
            "server_url": "http://infusumtv.co.uk:8880/c/",
            "macs": [
                "00:1A:79:4b:27:c6",
                "00:1A:79:5e:48:da"
            ]
        },
        {
            "server_name": "politab.xyz:80",
            "server_url": "http://politab.xyz:80/c/",
            "macs": [
                "00:1A:79:A1:A2:65",
                "00:1a:79:42:73:fd"
            ]
        },
        {
            "server_name": "mymag.tv:8080",
            "server_url": "http://mymag.tv:8080/c/",
            "macs": [
                "00:1A:79:01:12:4C"
            ]
        },
        {
            "server_name": "dcsport.xyz:8080",
            "server_url": "http://dcsport.xyz:8080/c/",
            "macs": [
                "00:1A:79:23:B9:B4",
                "00:1A:79:3A:37:2E"
            ]
        },
        {
            "server_name": "sanaldunya34.com:8000",
            "server_url": "http://sanaldunya34.com:8000/c/",
            "macs": [
                "00:1A:79:72:10:3a",
                "00:1A:79:b8:8e:8b",
                "00:1A:79:b3:cf:85"
            ]
        },
        {
            "server_name": "mol-2.com:8080",
            "server_url": "http://mol-2.com:8080/c/",
            "macs": [
                "00:1A:79:0D:7F:BC",
                "00:1A:79:03:4F:A3",
                "00:1A:79:01:01:21",
                "00:1A:79:11:22:33",
                "00:1A:79:12:34:56",
                "00:1A:79:11:6F:CC",
                "00:1A:79:08:87:14",
                "00:1A:79:0E:8F:AA",
                "00:1A:79:22:22:22",
                "00:1A:79:38:38:97",
                "00:1A:79:41:A1:A5",
                "00:1A:79:40:12:7B",
                "00:1A:79:41:E9:12",
                "00:1A:79:3E:46:5B",
                "00:1A:79:43:70:C1",
                "00:1A:79:00:00:00",
                "00:1A:79:00:00:01",
                "00:1A:79:00:00:03",
                "00:1A:79:00:00:12",
                "00:1A:79:01:01:01",
                "00:1A:79:00:00:02",
                "00:1A:79:0E:19:CC",
                "00:1A:79:0D:1F:8D",
                "00:1A:79:0D:7F:BC",
                "00:1A:79:03:4F:A3",
                "00:1A:79:01:01:21",
                "00:1A:79:11:22:33",
                "00:1A:79:12:34:56",
                "00:1A:79:11:6F:CC",
                "00:1A:79:08:87:14",
                "00:1A:79:22:22:22",
                "00:1A:79:38:38:97",
                "00:1A:79:41:A1:A5",
                "00:1A:79:40:12:7B",
                "00:1A:79:41:E9:12",
                "00:1A:79:41:EF:3E",
                "00:1A:79:3E:46:5B",
                "00:1A:79:43:70:C1",
                "00:1A:79:00:00:00",
                "00:1A:79:00:00:01",
                "00:1A:79:00:00:03",
                "00:1A:79:00:00:12",
                "00:1A:79:01:01:01",
                "00:1A:79:0D:1F:8D"
            ]
        },
        {
            "server_name": "f.icon1234.com",
            "server_url": "http://f.icon1234.com/c/",
            "macs": [
                "00:1A:79:1A:8B:CF",
                "00:1A:79:6D:65:32",
                "00:1A:79:B3:65:F7",
                "00:1A:79:70:04:F0",
                "00:1A:79:BA:4C:97",
                "00:1A:79:3B:0F:54",
                "00:1A:79:69:66:51",
                "00:1A:79:51:16:55",
                "00:1a:79:4e:f5:14",
                "00:1A:79:43:A7:39",
                "00:1A:79:09:82:72",
                "00:1a:79:b3:6e:c1",
                "00:1A:79:6D:E0:0D",
                "00:1A:79:0F:78:C0",
                "00:1A:79:57:24:5C",
                "00:1A:79:9D:16:83",
                "00:1A:79:BF:AD:54",
                "00:1A:79:2B:A5:D6",
                "00:1A:79:47:C8:9E",
                "00:1A:79:51:72:5B",
                "00:1A:79:43:81:65",
                "00:1a:79:b2:8f:7a",
                "00:1A:79:FA:CF:7A",
                "00:1A:79:86:D3:55",
                "00:1A:79:46:8F:E9",
                "00:1A:79:52:94:B3",
                "00:1A:79:BC:CC:E0",
                "00:1A:79:3D:58:3B",
                "00:1A:79:26:32:78",
                "00:1A:79:D1:D4:2F",
                "00:1A:79:01:50:D6",
                "00:1A:79:46:01:56",
                "00:1a:79:b2:66:ce",
                "00:1A:79:BA:C4:98",
                "00:1A:79:51:6D:C1",
                "00:1A:79:F7:8F:6A"
            ]
        },
        {
            "server_name": "qqtv.nl:8080",
            "server_url": "http://qqtv.nl:8080/c/",
            "macs": [
                "00:1A:79:00:3F:28"
            ]
        },
        {
            "server_name": "maxhd.org:8080",
            "server_url": "http://maxhd.org:8080/c/",
            "macs": [
                "00:1A:79:b7:9a:b8",
                "00:1A:79:60:53:dd",
                "00:1A:79:46:17:02",
                "00:1A:79:aa:1e:b3",
                "00:1A:79:31:5e:d4",
                "00:1A:79:ce:15:5c",
                "00:1A:79:b2:0d:57",
                "00:1A:79:4f:8d:d5"
            ]
        },
        {
            "server_name": "bozhd.eu:7575",
            "server_url": "http://bozhd.eu:7575/c/",
            "macs": [
                "00:1a:79:66:f8:17",
                "00:1a:79:66:f8:67",
                "00:1a:79:66:f9:02",
                "00:1a:79:66:f9:39",
                "00:1a:79:66:fa:3a",
                "00:1a:79:66:fa:5d",
                "00:1a:79:66:fa:5e",
                "00:1a:79:66:f5:ad",
                "00:1a:79:66:f6:6f",
                "00:1a:79:66:f7:44"
            ]
        }
    ]
}