{
    "items": [
        {
            "server_name": "pro.00387.info",
            "server_url": "http://pro.00387.info/stalker_portal/c/",
            "macs": [
                "00:1A:79:BC:2B:A0",
                "00:1A:79:36:D1:72"
            ]
        },
        {
            "server_name": "s1.dasa.fun",
            "server_url": "http://s1.dasa.fun/stalker_portal/c/",
            "macs": [
                "00:1A:79:54:D2:17"
            ]
        },
        {
            "server_name": "mag.moi-dom.tv",
            "server_url": "http://mag.moi-dom.tv/stalker_portal/c/",
            "macs": [
                "00:1A:79:51:A9:A3"
            ]
        },
        {
            "server_name": "a111.info:80",
            "server_url": "http://a111.info:80/stalker_portal/c/",
            "macs": [
                "00:1A:79:08:F8:DE"
            ]
        },
        {
            "server_name": "123.playip.net:4554",
            "server_url": "http://123.playip.net:4554/c/",
            "macs": [
                "00:1A:79:F1:FB:6C",
                "00:1A:79:AD:46:16",
                "00:1A:79:19:23:79"
            ]
        },
        {
            "server_name": "portal.roshen.live",
            "server_url": "http://portal.roshen.live/stalker_portal/c/",
            "macs": [
                "00:1A:79:84:0C:FD",
                "00:1A:79:73:BD:F2"
            ]
        },
        {
            "server_name": "live.hutv.me:25461",
            "server_url": "http://live.hutv.me:25461/c/",
            "macs": [
                "00:1A:79:DE:FB:56",
                "00:1A:79:3B:22:8A",
                "00:1A:79:C2:D3:93",
                "00:1A:79:D9:CA:A4"
            ]
        },
        {
            "server_name": "se.sltv.pw:8080",
            "server_url": "http://se.sltv.pw:8080/c/",
            "macs": [
                "00:1A:79:5A:4F:50",
                "00:1A:79:90:08:DA",
                "00:1A:79:B4:5C:E2"
            ]
        },
        {
            "server_name": "stream1.tvs24.net:25461",
            "server_url": "http://stream1.tvs24.net:25461/c/",
            "macs": [
                "00:1A:79:CF:6C:62"
            ]
        },
        {
            "server_name": "smart.shopcoco.site:8080",
            "server_url": "http://smart.shopcoco.site:8080/c/",
            "macs": [
                "00:1A:79:AA:B2:91",
                "00:1A:79:5F:F3:9A",
                "00:1A:79:AA:B2:91",
                "00:1A:79:40:08:52"
            ]
        },
        {
            "server_name": "012345x.com:999",
            "server_url": "http://012345x.com:999/c/",
            "macs": [
                "00:1A:79:47:10:1E",
                "00:1A:79:5E:DD:B9",
                "00:1A:79:45:BB:3E",
                "00:1A:79:75:5E:AC"
            ]
        },
        {
            "server_name": "ip.web-splayer.com:8080",
            "server_url": "http://ip.web-splayer.com:8080/c/",
            "macs": [
                "00:1a:79:e9:7b:90",
                "00:1a:79:66:0c:3e",
                "00:1a:79:45:1d:71"
            ]
        },
        {
            "server_name": "a.stroj-bt.com:89",
            "server_url": "http://a.stroj-bt.com:89/c/",
            "macs": [
                "00:1A:79:5E:69:00",
                "00:1A:79:60:69:7A",
                "00:1A:79:E5:E2:55",
                "00:1A:79:AE:65:FE"
            ]
        },
        {
            "server_name": "89.187.174.145:25461",
            "server_url": "http://89.187.174.145:25461/c/",
            "macs": [
                "00:1a:79:39:02:84"
            ]
        },
        {
            "server_name": "proxy.ottoprime.net",
            "server_url": "http://proxy.ottoprime.net/c/",
            "macs": [
                "00:1A:79:B0:3F:4B"
            ]
        },
        {
            "server_name": "str1.isv.net:80",
            "server_url": "http://str1.isv.net:80/stalker_portal/c/",
            "macs": [
                "00:1A:79:BA:38:DF"
            ]
        },
        {
            "server_name": "kvm.sunmoneyonline.com",
            "server_url": "http://kvm.sunmoneyonline.com/stalker_portal/c/",
            "macs": [
                "00:1A:79:4A:B4:8E",
                "00:1A:79:49:6C:5E",
                "00:1A:79:57:A6:33",
                "00:1A:79:54:44:22",
                "00:1A:79:27:67:28"
            ]
        },
        {
            "server_name": "tvalb.xyz:8080",
            "server_url": "http://tvalb.xyz:8080/c/",
            "macs": [
                "00:1A:79:86:51:F0",
                "00:1A:79:B3:9F:0C",
                "00:1A:79:55:9E:09",
                "00:1A:79:34:C0:82",
                "00:1A:79:74:B1:F5"
            ]
        },
        {
            "server_name": "012345x.com:999",
            "server_url": "http://012345x.com:999/c/",
            "macs": [
                "00:1A:79:14:E7:05",
                "00:1A:79:ED:10:C4",
                "00:1A:79:F2:B3:5F",
                "00:1A:79:6A:75:D0",
                "00:1A:79:54:CB:DC"
            ]
        },
        {
            "server_name": "s1.nasaservers.com:8080",
            "server_url": "http://s1.nasaservers.com:8080/c/",
            "macs": [
                "00:1A:79:87:5A:FE",
                "00:1A:79:58:23:11",
                "00:1A:79:37:72:19",
                "00:1A:79:6E:F6:C3",
                "00:1A:79:04:05:06"
            ]
        },
        {
            "server_name": "tvalb.xyz:8080",
            "server_url": "http://tvalb.xyz:8080/c/",
            "macs": [
                "00:1A:79:39:F0:74",
                "00:1A:79:B7:10:B4",
                "00:1A:79:41:7B:9E",
                "00:1A:79:45:50:F7",
                "00:1A:79:3B:15:8B"
            ]
        },
        {
            "server_name": "s1.nasaservers.com:8080",
            "server_url": "http://s1.nasaservers.com:8080/c/",
            "macs": [
                "00:1A:79:49:F8:FA",
                "00:1A:79:63:4E:01",
                "00:1A:79:B0:15:92",
                "00:1A:79:B6:93:E7",
                "00:1A:79:4F:97:28"
            ]
        },
        {
            "server_name": "012345x.com:999",
            "server_url": "http://012345x.com:999/c/",
            "macs": [
                "00:1A:79:C0:02:DE",
                "00:1A:79:72:25:1D",
                "00:1A:79:6F:B4:AE",
                "00:1A:79:56:9D:2B",
                "00:1A:79:25:7F:61"
            ]
        },
        {
            "server_name": "powerip.be:8000",
            "server_url": "http://powerip.be:8000/c/",
            "macs": [
                "00:1a:79:6e:11:28",
                "00:1a:79:22:4c:55",
                "00:1a:79:b0:83:34",
                "00:1a:79:37:84:77",
                "00:1a:79:46:42:62",
                "00:1a:79:23:c6:05",
                "00:1a:79:2e:f3:89",
                "00:1a:79:2c:f6:20",
                "00:1a:79:6d:48:47",
                "00:1a:79:4c:09:c2",
                "00:1a:79:6a:3a:1c",
                "00:1a:79:c0:92:b2",
                "00:1a:79:69:f9:44",
                "00:1a:79:bb:36:3d",
                "00:1a:79:c1:9b:64",
                "00:1a:79:7d:87:b8",
                "00:1a:79:6e:be:c7",
                "00:1a:79:18:12:b7",
                "00:1a:79:05:8c:79",
                "00:1a:79:da:1c:54",
                "00:1a:79:41:f9:3f",
                "00:1a:79:5b:ef:ad",
                "00:1a:79:67:8b:e2",
                "00:1a:79:9e:d8:b8",
                "00:1a:79:2d:fa:26",
                "00:1a:79:53:ad:e1",
                "00:1a:79:52:f7:1a"
            ]
        },
        {
            "server_name": "iboxs.club",
            "server_url": "http://iboxs.club/c/",
            "macs": [
                "00:1a:79:b9:f9:44",
                "00:1a:79:92:d1:2c",
                "00:1a:79:38:5b:61",
                "00:1a:79:00:64:58",
                "00:1a:79:b0:60:d9",
                "00:1a:79:98:b2:54",
                "00:1a:79:c3:7a:2c",
                "00:1a:79:b3:01:bb",
                "00:1a:79:a6:f0:d4",
                "00:1a:79:d7:aa:99",
                "00:1a:79:b0:60:d9",
                "00:1a:79:bf:4e:a4",
                "00:1a:79:ad:60:d8",
                "00:1a:79:4c:7d:c4",
                "00:1a:79:c3:71:57",
                "00:1a:79:61:31:4e",
                "00:1a:79:b7:6e:b3",
                "00:1a:79:67:d0:a0",
                "00:1a:79:43:22:2b",
                "00:1a:79:ac:0f:43",
                "00:1a:79:5b:67:92",
                "00:1a:79:4c:51:22",
                "00:1a:79:c6:d1:2f",
                "00:1a:79:ae:98:d8",
                "00:1a:79:77:5d:0a",
                "00:1a:79:f2:a8:42"
            ]
        },
        {
            "server_name": "swissiptv.us:8080",
            "server_url": "http://swissiptv.us:8080/c/",
            "macs": [
                "00:1a:79:a3:8e:26",
                "00:1a:79:ab:e9:0b",
                "00:1a:79:26:c9:ba",
                "00:1a:79:b5:25:66",
                "00:1a:79:ae:53:d0",
                "00:1a:79:f1:1d:20",
                "00:1a:79:62:61:4f",
                "00:1a:79:a3:17:7b",
                "00:1a:79:53:73:72",
                "00:1a:79:50:26:e0",
                "00:1a:79:56:61:1c",
                "00:1a:79:19:39:aa",
                "00:1a:79:a9:2f:e8",
                "00:1a:79:37:12:23",
                "00:1a:79:af:53:ea",
                "00:1a:79:cc:25:1c",
                "00:1a:79:57:a6:92",
                "00:1a:79:a5:24:84",
                "00:1a:79:9d:73:59",
                "00:1a:79:ac:db:19",
                "00:1a:79:ba:8c:d3",
                "00:1a:79:4d:be:b8",
                "00:1a:79:b7:98:50",
                "00:1a:79:a9:d3:05",
                "00:1a:79:b1:16:02",
                "00:1a:79:43:dd:b5"
            ]
        },
        {
            "server_name": "youriptv.org:2095",
            "server_url": "http://youriptv.org:2095/c/",
            "macs": [
                "00:1a:79:d9:19:93",
                "00:1a:79:af:e9:42",
                "00:1a:79:b2:a1:a0",
                "00:1a:79:97:83:6a",
                "00:1a:79:64:d6:34",
                "00:1a:79:6b:8e:fc",
                "00:1a:79:b0:db:78",
                "00:1a:79:37:59:e4",
                "00:1a:79:b4:e8:ae",
                "00:1a:79:f8:f5:bc",
                "00:1a:79:ae:da:85",
                "00:1a:79:d9:f7:cf",
                "00:1a:79:4c:8d:8d",
                "00:1a:79:5a:a6:4c",
                "00:1a:79:a3:79:7a",
                "00:1a:79:fe:ad:f0"
            ]
        },
        {
            "server_name": "matrix-ott.tv:8080",
            "server_url": "http://matrix-ott.tv:8080/c/",
            "macs": [
                "00:1a:79:a7:a7:b0",
                "00:1a:79:b3:26:cd",
                "00:1a:79:5e:7c:d0",
                "00:1a:79:a4:88:cd",
                "00:1a:79:40:25:70",
                "00:1a:79:8b:09:98",
                "00:1a:79:18:0a:84",
                "00:1a:79:2a:d2:70",
                "00:1a:79:70:3e:05",
                "00:1a:79:3a:bd:90",
                "00:1a:79:31:cb:e1",
                "00:1a:79:1d:a9:ea",
                "00:1a:79:55:bd:ea",
                "00:1a:79:39:ef:e5",
                "00:1a:79:aa:c9:52",
                "00:1a:79:aa:d2:5a",
                "00:1a:79:44:16:30",
                "00:1a:79:00:47:2a",
                "00:1a:79:f7:69:f2",
                "00:1a:79:c8:f9:b8",
                "00:1a:79:bc:da:d6",
                "00:1a:79:71:e2:92",
                "00:1a:79:b9:31:ba",
                "00:1a:79:15:32:18",
                "00:1a:79:a2:04:05",
                "00:1a:79:40:15:f7",
                "00:1a:79:bf:7f:cb",
                "00:1a:79:2a:d3:6d",
                "00:1a:79:38:31:f8",
                "00:1a:79:97:73:39"
            ]
        },
        {
            "server_name": "rv.bleutv.net",
            "server_url": "http://rv.bleutv.net/c/",
            "macs": [
                "00:1a:79:a9:62:86",
                "00:1a:79:52:f7:1a",
                "00:1a:79:44:68:30",
                "00:1a:79:85:a0:6a"
            ]
        },
        {
            "server_name": "premium-x.net:6453",
            "server_url": "http://premium-x.net:6453/c/",
            "macs": [
                "00:1a:79:0f:d9:2c",
                "00:1a:79:a7:ca:b7",
                "00:1a:79:6c:fb:69",
                "00:1a:79:06:d0:a9",
                "00:1a:79:e5:6f:a7",
                "00:1a:79:3a:b6:69",
                "00:1a:79:b3:56:2f",
                "00:1a:79:0a:45:80",
                "00:1a:79:a3:54:28",
                "00:1a:79:6f:87:fb"
            ]
        },
        {
            "server_name": "m.e27948.com",
            "server_url": "http://m.e27948.com/c/",
            "macs": [
                "00:1a:79:09:97:ae",
                "00:1a:79:05:fa:a6",
                "00:1a:79:13:11:04",
                "00:1a:79:1c:f4:71",
                "00:1a:79:0b:fa:07",
                "00:1a:79:b6:be:26",
                "00:1a:79:1a:88:53"
            ]
        },
        {
            "server_name": "1screen1.com:8000",
            "server_url": "http://1screen1.com:8000/c/",
            "macs": [
                "00:1a:79:ae:65:8b",
                "00:1a:79:44:b5:77",
                "00:1a:79:3d:97:23",
                "00:1a:79:b8:72:d2",
                "00:1a:79:ab:9d:14"
            ]
        },
        {
            "server_name": "mag.diamondma.club",
            "server_url": "http://mag.diamondma.club/c/",
            "macs": [
                "00:1a:79:1c:08:78",
                "00:1a:79:43:fb:b8",
                "00:1a:79:5c:e9:e2",
                "00:1a:79:a6:9f:f1",
                "00:1a:79:a3:db:0d",
                "00:1a:79:bc:25:bf",
                "00:1a:79:6b:6f:86",
                "00:1a:79:f7:6f:fc",
                "00:1a:79:2d:2f:3c",
                "00:1a:79:09:5f:f8",
                "00:1a:79:d7:a4:3e",
                "00:1a:79:90:8e:ce",
                "00:1a:79:02:3f:44",
                "00:1a:79:af:f8:83",
                "00:1a:79:1f:2f:8a",
                "00:1a:79:45:52:a8",
                "00:1a:79:ba:5e:81"
            ]
        },
        {
            "server_name": "carago.oitocentos.net:8080",
            "server_url": "http://carago.oitocentos.net:8080/c/",
            "macs": [
                "00:1a:79:0c:a9:bb",
                "00:1a:79:c2:96:1b",
                "00:1a:79:af:57:20"
            ]
        },
        {
            "server_name": "esv5.net:80",
            "server_url": "http://esv5.net:80/c/",
            "macs": [
                "00:1a:79:aa:16:b2"
            ]
        },
        {
            "server_name": "dreamsat.al:8000",
            "server_url": "http://dreamsat.al:8000/c/",
            "macs": [
                "00:1a:79:da:00:38"
            ]
        },
        {
            "server_name": "7593.bordo1453.be",
            "server_url": "http://7593.bordo1453.be/c/",
            "macs": [
                "00:1a:79:40:3a:22",
                "00:1a:79:6e:0e:3c",
                "00:1a:79:43:ae:0f",
                "00:1a:79:b0:04:a2",
                "00:1a:79:8b:29:9d"
            ]
        },
        {
            "server_name": "comag.rip:8000",
            "server_url": "http://comag.rip:8000/c/",
            "macs": [
                "00:1a:79:4f:42:27",
                "00:1a:79:5b:8d:9d",
                "00:1a:79:bf:5f:c5"
            ]
        },
        {
            "server_name": "clubtv.pro-ott.com:25443",
            "server_url": "http://clubtv.pro-ott.com:25443/c/",
            "macs": [
                "00:1a:79:57:c4:58"
            ]
        }
    ]
}