{
    "items": [
        {
            "server_name": "o2iptv.com:8080",
            "server_url": "http://o2iptv.com:8080/c/",
            "macs": [
                "00:1A:79:B0:29:E1",
                "00:1A:79:55:09:96",
                "00:1A:79:B1:00:2E",
                "00:1A:79:11:25:02",
                "00:1A:79:12:2F:57"
            ]
        },
        {
            "server_name": "p5.giffy.be:8080",
            "server_url": "http://p5.giffy.be:8080/c/",
            "macs": [
                "00:1A:79:B0:29:E1",
                "00:1A:79:55:09:96",
                "00:1A:79:B1:00:2E",
                "00:1A:79:11:25:02",
                "00:1A:79:12:2F:57"
            ]
        },
        {
            "server_name": "itsidletime.xyz:25461",
            "server_url": "http://itsidletime.xyz:25461/c/",
            "macs": [
                "00:1A:79:C5:43:C7"
            ]
        },
        {
            "server_name": "dna-iptv.com:999",
            "server_url": "http://dna-iptv.com:999/c/",
            "macs": [
                "00:1A:79:40:AC:21",
                "00:1A:79:54:0F:FD",
                "00:1A:79:3E:CF:1D",
                "00:1A:79:3A:C9:D3",
                "00:1A:79:45:BB:3B",
                "00:1A:79:52:30:30",
                "00:1A:79:43:DA:13",
                "00:1A:79:62:9F:69",
                "00:1A:79:29:FF:3E",
                "00:1A:79:5F:64:7B",
                "00:1A:79:55:48:5F",
                "00:1A:79:41:AD:2A",
                "00:1A:79:2A:95:94",
                "00:1A:79:57:61:F6",
                "00:1A:79:2A:0C:00",
                "00:1A:79:40:03:C2",
                "00:1A:79:34:BB:6A",
                "00:1A:79:57:5A:B8",
                "00:1A:79:3A:C0:19",
                "00:1A:79:07:BC:F1",
                "00:1A:79:42:70:BF",
                "00:1A:79:1C:9E:47",
                "00:1A:79:58:5C:F5",
                "00:1A:79:97:58:B5",
                "00:1A:79:42:50:5C",
                "00:1A:79:5E:0E:AE",
                "00:1A:79:6C:99:90",
                "00:1A:79:57:34:D8",
                "00:1A:79:47:10:1E",
                "00:1A:79:3A:32:ED",
                "00:1A:79:37:D5:34",
                "00:1A:79:A1:7F:80",
                "00:1A:79:54:DD:E4",
                "00:1A:79:3F:94:15",
                "00:1A:79:5D:37:0A"
            ]
        },
        {
            "server_name": "o2iptv.com:8080",
            "server_url": "http://o2iptv.com:8080/c/",
            "macs": [
                "00:1A:79:B0:29:E1",
                "00:1A:79:55:09:96",
                "00:1A:79:B1:00:2E"
            ]
        },
        {
            "server_name": "146.19.16.7",
            "server_url": "http://146.19.16.7/c/",
            "macs": [
                "00:1A:79:7B:DD:0F",
                "00:1A:79:77:71:64"
            ]
        },
        {
            "server_name": "silverturbo.xyz:8080",
            "server_url": "http://silverturbo.xyz:8080/c/",
            "macs": [
                "00:1A:79:AF:59:5C",
                "00:1A:79:43:B4:3F",
                "00:1A:79:5D:1C:33",
                "00:1A:79:B6:8E:75"
            ]
        },
        {
            "server_name": "live.hutv.me:25461",
            "server_url": "http://live.hutv.me:25461/c/",
            "macs": [
                "00:1A:79:D9:B9:31",
                "00:1A:79:58:5D:E2",
                "00:1A:79:D7:74:AD",
                "00:1A:79:47:C2:E8",
                "00:1A:79:12:34:5C",
                "00:1A:79:1F:59:68",
                "00:1A:79:69:72:D2"
            ]
        },
        {
            "server_name": "iptv.bestchoicetv.vip:8080",
            "server_url": "http://iptv.bestchoicetv.vip:8080/c/",
            "macs": [
                "00:1A:79:7A:B2:AC"
            ]
        },
        {
            "server_name": "portal.xtv100.com",
            "server_url": "http://portal.xtv100.com/stalker_portal/c/",
            "macs": [
                "00:1A:79:78:59:B4",
                "00:1A:79:77:0F:92"
            ]
        },
        {
            "server_name": "live.hutv.me:25461",
            "server_url": "http://live.hutv.me:25461/c/",
            "macs": [
                "00:1A:79:FB:99:43"
            ]
        },
        {
            "server_name": "a111.info:80",
            "server_url": "http://a111.info:80/stalker_portal/c/",
            "macs": [
                "00:1A:79:CA:3E:C1"
            ]
        },
        {
            "server_name": "satelliteiptv.xyz:8080",
            "server_url": "http://satelliteiptv.xyz:8080/c/",
            "macs": [
                "00:1a:79:5e:91:48"
            ]
        },
        {
            "server_name": "mediatv.tvweb.org:8080",
            "server_url": "http://mediatv.tvweb.org:8080/c/",
            "macs": [
                "00:1A:79:58:CC:5B",
                "00:1A:79:2B:91:50",
                "00:1A:79:70:77:1E",
                "00:1A:79:6b:0a:b7"
            ]
        },
        {
            "server_name": "89.163.242.9:2082",
            "server_url": "http://89.163.242.9:2082/c/",
            "macs": [
                "00:1A:79:04:05:06",
                "00:1A:79:1C:E0:11",
                "00:1A:79:3A:37:DE",
                "00:1A:79:3F:05:44",
                "00:1A:79:40:7C:EF",
                "00:1A:79:42:02:78",
                "00:1A:79:4A:58:1A",
                "00:1A:79:58:9B:64"
            ]
        },
        {
            "server_name": "m1.redirect-4k.com:80",
            "server_url": "http://m1.redirect-4k.com:80/c/",
            "macs": [
                "00:1A:79:bf:f0:c2",
                "00:1A:79:6e:89:99",
                "00:1A:79:5a:5a:a9",
                "00:1A:79:4f:ed:16",
                "00:1A:79:a2:b8:54"
            ]
        },
        {
            "server_name": "n2086.securepoint.io:25461",
            "server_url": "http://n2086.securepoint.io:25461/c/",
            "macs": [
                "00:1A:79:D0:89:28"
            ]
        },
        {
            "server_name": "85.11.144.9",
            "server_url": "http://85.11.144.9/stalker_portal/c/",
            "macs": [
                "00:1A:79:56:09:31"
            ]
        },
        {
            "server_name": "p5.giffy.be:8080",
            "server_url": "http://p5.giffy.be:8080/c/",
            "macs": [
                "00:1A:79:11:25:02",
                "00:1A:79:12:2F:57"
            ]
        },
        {
            "server_name": "mag.moi-dom.tv",
            "server_url": "http://mag.moi-dom.tv/stalker_portal/c/",
            "macs": [
                "00:1A:79:59:F6:8E",
                "00:1A:79:72:8A:16"
            ]
        },
        {
            "server_name": "dna-iptv.com:999",
            "server_url": "http://dna-iptv.com:999/c/",
            "macs": [
                "00:1A:79:40:AC:21",
                "00:1A:79:54:0F:FD",
                "00:1A:79:3E:CF:1D",
                "00:1A:79:3A:C9:D3",
                "00:1A:79:45:BB:3B",
                "00:1A:79:52:30:30",
                "00:1A:79:43:DA:13",
                "00:1A:79:57:5A:B8",
                "00:1A:79:3A:C0:19",
                "00:1A:79:07:BC:F1",
                "00:1A:79:42:70:BF",
                "00:1A:79:1C:9E:47",
                "00:1A:79:58:5C:F5",
                "00:1A:79:97:58:B5",
                "00:1A:79:42:50:5C",
                "00:1A:79:5E:0E:AE",
                "00:1A:79:6C:99:90",
                "00:1A:79:57:34:D8",
                "00:1A:79:47:10:1E",
                "00:1A:79:62:9F:69",
                "00:1A:79:29:FF:3E",
                "00:1A:79:5F:64:7B",
                "00:1A:79:55:48:5F",
                "00:1A:79:41:AD:2A",
                "00:1A:79:2A:95:94",
                "00:1A:79:57:61:F6",
                "00:1A:79:2A:0C:00",
                "00:1A:79:40:03:C2",
                "00:1A:79:34:BB:6A",
                "00:1A:79:3A:32:ED",
                "00:1A:79:37:D5:34",
                "00:1A:79:A1:7F:80",
                "00:1A:79:54:DD:E4",
                "00:1A:79:3F:94:15",
                "00:1A:79:5D:37:0A"
            ]
        }
    ]
}