{
    "items": [
        {
            "server_name": "magnum-ott.net:80",
            "server_url": "http://magnum-ott.net:80/c/",
            "macs": [
                "00:1a:79:55:43:83",
                "00:1a:79:14:3d:7f",
                "00:1a:79:ba:6c:98",
                "00:1a:79:60:9f:4d",
                "00:1a:79:f0:50:42",
                "00:1a:79:38:dc:30",
                "00:1a:79:a7:31:fd",
                "00:1a:79:67:7d:74",
                "00:1a:79:9d:d4:73",
                "00:1a:79:6c:6e:72",
                "00:1a:79:5a:ba:71",
                "00:1a:79:cd:e1:61",
                "00:1a:79:73:23:48",
                "00:1a:79:53:bf:50",
                "00:1a:79:af:35:bb",
                "00:1a:79:96:a4:60",
                "00:1a:79:51:42:b4",
                "00:1a:79:66:20:56",
                "00:1a:79:56:4f:f5",
                "00:1a:79:4d:cb:98",
                "00:1a:79:4f:77:2e",
                "00:1a:79:38:ed:b0",
                "00:1a:79:56:4f:c2",
                "00:1a:79:56:9e:2d",
                "00:1a:79:22:3f:71",
                "00:1a:79:83:26:95",
                "00:1a:79:fe:c0:16",
                "00:1a:79:3e:a0:68",
                "00:1a:79:b8:6a:c6",
                "00:1a:79:8a:e0:77",
                "00:1a:79:a6:ae:b8",
                "00:1a:79:3c:b2:ce",
                "00:1a:79:5c:19:da",
                "00:1a:79:63:54:97",
                "00:1a:79:62:47:5b",
                "00:1a:79:53:80:ac",
                "00:1a:79:aa:bb:cc",
                "00:1a:79:38:61:dc"
            ]
        },
        {
            "server_name": "p1.iptvrocket.tv:80",
            "server_url": "http://p1.iptvrocket.tv:80/c/",
            "macs": [
                "00:1a:79:58:08:9e",
                "00:1a:79:9d:7f:31",
                "00:1a:79:aa:1f:b7",
                "00:1a:79:b2:7d:5b",
                "00:1a:79:31:c9:13",
                "00:1a:79:28:00:75",
                "00:1a:79:7c:5a:d3",
                "00:1a:79:5a:80:79",
                "00:1a:79:42:3d:eb",
                "00:1a:79:1c:be:bc",
                "00:1a:79:6b:74:83",
                "00:1a:79:55:98:62",
                "00:1a:79:09:82:54",
                "00:1a:79:c0:32:54"
            ]
        },
        {
            "server_name": "62.210.189.101",
            "server_url": "http://62.210.189.101/stalker_portal/c/",
            "macs": [
                "00:1A:79:6D:6F:7A",
                "00:1A:79:36:81:2C",
                "00:1A:79:63:9F:B4"
            ]
        },
        {
            "server_name": "mcpxu1.xyz:80",
            "server_url": "http://mcpxu1.xyz:80/c/",
            "macs": [
                "00:1a:79:66:0c:ba"
            ]
        },
        {
            "server_name": "auth.streamtv.to:8080",
            "server_url": "http://auth.streamtv.to:8080/c/",
            "macs": [
                "00:1A:79:A9:D5:DA",
                "00:1A:79:AE:2D:5E"
            ]
        },
        {
            "server_name": "154.43.167.34",
            "server_url": "http://154.43.167.34/stalker_portal/c/",
            "macs": [
                "00:1A:79:42:DF:AC"
            ]
        },
        {
            "server_name": "195.181.163.37",
            "server_url": "http://195.181.163.37/stalker_portal/c/",
            "macs": [
                "00:1A:79:42:49:73",
                "00:1A:79:44:02:C9",
                "00:1A:79:7E:81:86",
                "00:1A:79:15:2F:70"
            ]
        },
        {
            "server_name": "89.187.182.142",
            "server_url": "http://89.187.182.142/stalker_portal/c/",
            "macs": [
                "00:1A:79:0D:8B:AE",
                "00:1A:79:15:20:25"
            ]
        },
        {
            "server_name": "185.246.209.166",
            "server_url": "http://185.246.209.166/stalker_portal/c/",
            "macs": [
                "00:1A:79:4E:F8:0C"
            ]
        },
        {
            "server_name": "line.crystalott.net",
            "server_url": "http://line.crystalott.net/c/",
            "macs": [
                "00:1A:79:58:93:D8"
            ]
        },
        {
            "server_name": "85.114.142.68",
            "server_url": "http://85.114.142.68/stalker_portal/c/",
            "macs": [
                "00:1A:79:1A:B2:07"
            ]
        },
        {
            "server_name": "198.144.159.58",
            "server_url": "http://198.144.159.58/stalker_portal/c/",
            "macs": [
                "00:1A:79:67:34:68"
            ]
        },
        {
            "server_name": "stb.nice-tv.ru",
            "server_url": "http://stb.nice-tv.ru/stalker_portal/c/",
            "macs": [
                "00:1A:79:92:EC:BF"
            ]
        },
        {
            "server_name": "sa.magnetukas.lt:8666",
            "server_url": "http://sa.magnetukas.lt:8666/c/",
            "macs": [
                "00:1A:79:A7:AF:BF"
            ]
        },
        {
            "server_name": "p.123hd321.cc",
            "server_url": "http://p.123hd321.cc/stalker_portal/c/",
            "macs": [
                "00:1A:79:4c:FA:15",
                "00:1A:79:2e:85:84",
                "00:1A:79:44:79:B2",
                "00:1A:79:1c:a4:64",
                "00:1A:79:42:9F:D2",
                "00:1A:79:44:79:E1",
                "00:1A:79:2e:7F:C8",
                "00:1A:79:1c:33:4A",
                "00:1A:79:1c:A6:76",
                "00:1A:79:4c:1F:36",
                "00:1A:79:1c:56:26",
                "00:1A:79:2e:85:83",
                "00:1A:79:45:F6:D8",
                "00:1A:79:44:D1:80",
                "00:1A:79:42:9D:CD",
                "00:1A:79:42:A0:1B",
                "00:1A:79:2e:85:BA",
                "00:1A:79:2e:85:BD",
                "00:1A:79:44:7E:A9",
                "00:1A:79:44:79:BB",
                "00:1A:79:1c:9D:1C",
                "00:1A:79:1c:a4:D8",
                "00:1A:79:4c:2E:EA",
                "00:1A:79:44:D3:38",
                "00:1A:79:44:D3:14",
                "00:1A:79:1c:34:B6",
                "00:1A:79:1c:a4:F5",
                "00:1A:79:42:FC:59",
                "00:1A:79:42:9F:F2",
                "00:1A:79:1c:A6:80",
                "00:1A:79:1c:3A:12",
                "00:1A:79:44:81:02",
                "00:1A:79:4c:FA:79",
                "00:1A:79:42:A0:D4",
                "00:1A:79:44:7A:21",
                "00:1A:79:46:7A:C4",
                "00:1A:79:1c:55:D7",
                "00:1A:79:2e:85:31",
                "00:1A:79:1c:a4:8B",
                "00:1A:79:42:A1:49"
            ]
        }
    ]
}