{
    "items": [
        {
            "server_name": "portal.redlinetv.in:8080",
            "server_url": "http://portal.redlinetv.in:8080/c/",
            "macs": [
                "00:1A:79:03:6F:A3",
                "00:1A:79:09:65:FC",
                "00:1A:79:16:30:19",
                "00:1A:79:17:28:01",
                "00:1A:79:18:34:09",
                "00:1A:79:18:2f:08",
                "00:1a:79:18:0e:45",
                "00:1A:79:1C:AE:BF",
                "00:1a:79:1d:10:80",
                "00:1a:79:20:6f:a3",
                "00:1A:79:20:9F:9F",
                "00:1a:79:20:85:32",
                "00:1A:79:23:5A:C8",
                "00:1a:79:2a:e8:2c",
                "00:1A:79:2d:f0:63",
                "00:1A:79:2E:78:8C",
                "00:1A:79:35:36:64",
                "00:1A:79:37:1F:31",
                "00:1a:79:37:4c:8a",
                "00:1A:79:3A:B5:29",
                "00:1A:79:3B:7F:73",
                "00:1a:79:3d:f9:27",
                "00:1a:79:3e:14:42",
                "00:1A:79:3F:6D:9F",
                "00:1A:79:3F:33:62",
                "00:1A:79:3F:BF:CE"
            ]
        },
        {
            "server_name": "kage.habla.shop:80",
            "server_url": "http://kage.habla.shop:80/c/",
            "macs": [
                "00:1A:79:00:62:4D",
                "00:1A:79:00:70:A6"
            ]
        },
        {
            "server_name": "showflix.org:5890",
            "server_url": "http://showflix.org:5890/c/",
            "macs": [
                "00:1A:79:5F:FD:FA"
            ]
        },
        {
            "server_name": "sa.magnetukas.lt:8666",
            "server_url": "http://sa.magnetukas.lt:8666/c/",
            "macs": [
                "00:1A:79:00:00:AA"
            ]
        },
        {
            "server_name": "ip.xtremetv.eu:8000",
            "server_url": "http://ip.xtremetv.eu:8000/c/",
            "macs": [
                "00:1A:79:DE:FE:2B"
            ]
        },
        {
            "server_name": "mijn.me:80",
            "server_url": "http://mijn.me:80/c/",
            "macs": [
                "00:1A:79:00:42:01"
            ]
        },
        {
            "server_name": "31.43.191.168:9898",
            "server_url": "http://31.43.191.168:9898/c/",
            "macs": [
                "00:1a:79:a6:2a:45"
            ]
        },
        {
            "server_name": "ip.opentv.cz:8000",
            "server_url": "http://ip.opentv.cz:8000/c/",
            "macs": [
                "00:1a:79:92:33:82"
            ]
        },
        {
            "server_name": "p.iptv4.me:8880",
            "server_url": "http://p.iptv4.me:8880/c/",
            "macs": [
                "00:1A:79:C2:31:B5",
                "00:1A:79:02:5D:C5"
            ]
        },
        {
            "server_name": "semprea100.relaxy.vip:8000",
            "server_url": "http://semprea100.relaxy.vip:8000/c/",
            "macs": [
                "00:1A:79:B7:55:4D",
                "00:1A:79:5E:1E:20",
                "00:1A:79:53:7B:0A",
                "00:1A:79:71:F9:45",
                "00:1A:79:2C:0F:93",
                "00:1A:79:73:32:C6",
                "00:1A:79:DA:A0:6C"
            ]
        },
        {
            "server_name": "dcsport.xyz:8080",
            "server_url": "http://dcsport.xyz:8080/c/",
            "macs": [
                "00:1A:79:00:21:37",
                "00:1A:79:00:30:8E",
                "00:1A:79:00:84:F9",
                "00:1A:79:00:F8:E4",
                "00:1A:79:00:F8:B0",
                "00:1A:79:00:F8:E7",
                "00:1A:79:01:09:B3",
                "00:1A:79:00:FA:C0"
            ]
        },
        {
            "server_name": "mat4k.com:8080",
            "server_url": "http://mat4k.com:8080/c/",
            "macs": [
                "00:1a:79:53:39:5c",
                "00:1a:79:33:4e:24",
                "00:1a:79:53:fc:32",
                "00:1a:79:a8:df:63",
                "00:1a:79:56:8f:51"
            ]
        },
        {
            "server_name": "clientline.club",
            "server_url": "http://clientline.club/c/",
            "macs": [
                "00:1A:79:01:41:50",
                "00:1A:79:02:0E:13",
                "00:1A:79:03:23:54",
                "00:1A:79:03:9F:30",
                "00:1A:79:03:4D:B2",
                "00:1A:79:04:4C:74",
                "00:1A:79:08:66:2D"
            ]
        },
        {
            "server_name": "axistv.live:8080",
            "server_url": "http://axistv.live:8080/c/",
            "macs": [
                "00:1a:79:4c:c9:05",
                "00:1A:79:53:1D:42",
                "00:1A:79:54:05:B2",
                "00:1A:79:54:6B:38",
                "00:1A:79:56:B8:8E",
                "00:1A:79:5E:4F:AD",
                "00:1A:79:68:CB:32",
                "00:1A:79:a3:8D:51"
            ]
        },
        {
            "server_name": "clientsportals.net:8080",
            "server_url": "http://clientsportals.net:8080/c/",
            "macs": [
                "00:1A:79:35:C0:B3",
                "00:1A:79:C1:9F:5A",
                "00:1A:79:A5:2B:22",
                "00:1A:79:A1:0F:1B",
                "00:1A:79:a6:47:39",
                "00:1A:79:43:BC:B3",
                "00:1A:79:af:65:AF",
                "00:1A:79:AB:54:4C",
                "00:1A:79:A9:29:A3",
                "00:1A:79:AA:E1:AF",
                "00:1a:79:20:4F:21",
                "00:1A:79:a6:42:f6",
                "00:1A:79:57:3B:C9",
                "00:1A:79:A0:BA:BF",
                "00:1A:79:1D:09:B7",
                "00:1A:79:40:76:BF",
                "00:1A:79:76:82:26"
            ]
        },
        {
            "server_name": "qualityoverquantity.site:8880",
            "server_url": "http://qualityoverquantity.site:8880/c/",
            "macs": [
                "00:1a:79:03:45:01",
                "00:1A:79:0B:52:AA",
                "00:1A:79:0D:22:36",
                "00:1A:79:17:76:37",
                "00:1A:79:17:5B:99",
                "00:1A:79:34:3A:C7",
                "00:1A:79:35:B2:F6",
                "00:1a:79:40:f1:d8"
            ]
        },
        {
            "server_name": "anonymoustv.club:80",
            "server_url": "http://anonymoustv.club:80/c/",
            "macs": [
                "00:1a:79:b7:76:84",
                "00:1a:79:b5:d2:58",
                "00:1a:79:a9:e8:1f",
                "00:1a:79:5d:e1:58",
                "00:1a:79:79:46:de",
                "00:1a:79:ac:c5:04",
                "00:1a:79:b9:e8:2f",
                "00:1a:79:c6:0d:47",
                "00:1a:79:3a:2a:aa",
                "00:1a:79:66:02:a9",
                "00:1a:79:a6:52:d7",
                "00:1a:79:56:95:db",
                "00:1a:79:4e:12:76",
                "00:1a:79:a1:8c:4b",
                "00:1a:79:bb:8d:a9",
                "00:1a:79:56:9f:66",
                "00:1a:79:0f:10:95",
                "00:1a:79:ba:8d:58",
                "00:1a:79:fd:69:97",
                "00:1a:79:46:8d:1e",
                "00:1a:79:db:0e:c8",
                "00:1a:79:57:a3:11",
                "00:1a:79:07:fd:90",
                "00:1a:79:ae:56:1c"
            ]
        }
    ]
}