{
    "items": [
        {
            "server_name": "104.131.81.190:88",
            "server_url": "http://104.131.81.190:88/stalker_portal/c/",
            "macs": [
                "00:1A:79:2B:00:71",
                "00:1A:79:2B:26:DE",
                "00:1A:79:2B:28:F8",
                "00:1A:79:30:A1:18",
                "00:1A:79:31:09:24",
                "00:1A:79:30:9F:F3",
                "00:1A:79:31:0B:2A",
                "00:1A:79:31:0F:9B",
                "00:1A:79:31:0A:F9",
                "00:1A:79:31:7C:A6",
                "00:1A:79:31:7D:FD",
                "00:1A:79:31:7C:A4",
                "00:1A:79:31:7D:D8",
                "00:1A:79:31:ca:56",
                "00:1A:79:31:09:23",
                "00:1A:79:31:DA:B5",
                "00:1A:79:31:DA:C9",
                "00:1A:79:31:DB:A6",
                "00:1A:79:31:DB:A1",
                "00:1A:79:31:DA:DE",
                "00:1A:79:31:DA:C6",
                "00:1A:79:31:7C:A8",
                "00:1A:79:33:FF:D6",
                "00:1A:79:33:B2:91",
                "00:1A:79:34:6F:07",
                "00:1A:79:34:70:16",
                "00:1A:79:33:B3:1B"
            ]
        },
        {
            "server_name": "intermedia.tv",
            "server_url": "http://intermedia.tv/stalker_portal/c/",
            "macs": [
                "00:1A:79:46:FC:BD",
                "00:1A:79:46:FE:B7",
                "00:1A:79:46:FE:44",
                "00:1A:79:46:FD:43",
                "00:1A:79:46:FB:BB",
                "00:1A:79:46:FD:A9",
                "00:1A:79:46:FE:F0",
                "00:1A:79:46:FF:3D",
                "00:1A:79:46:FF:36",
                "00:1A:79:46:FC:97",
                "00:1A:79:46:FC:BE",
                "00:1A:79:46:FF:0F",
                "00:1A:79:46:FD:1D",
                "00:1A:79:46:FC:A3",
                "00:1A:79:46:FB:C1",
                "00:1A:79:46:FB:B7",
                "00:1A:79:46:FE:15",
                "00:1A:79:46:FD:9B",
                "00:1A:79:46:FD:5B",
                "00:1A:79:49:19:C0",
                "00:1A:79:46:FC:6C",
                "00:1A:79:46:FE:38",
                "00:1A:79:46:FD:A0",
                "00:1A:79:46:FC:24",
                "00:1A:79:46:FC:AA",
                "00:1A:79:46:FD:66",
                "00:1A:79:46:FD:E9",
                "00:1A:79:46:FC:95",
                "00:1A:79:46:FD:5E",
                "00:1A:79:46:FC:77",
                "00:1A:79:46:FD:7C",
                "00:1A:79:46:FE:D8",
                "00:1A:79:46:FE:BB",
                "00:1A:79:46:FE:49",
                "00:1A:79:46:FE:FF",
                "00:1A:79:46:FD:2C",
                "00:1A:79:46:FC:43",
                "00:1A:79:46:FE:22",
                "00:1A:79:46:FE:9A",
                "00:1A:79:46:FC:DF",
                "00:1A:79:46:FE:E4",
                "00:1A:79:46:FE:F5",
                "00:1A:79:46:FE:31",
                "00:1A:79:46:FE:5C",
                "00:1A:79:46:FE:1D",
                "00:1A:79:4A:1A:B7",
                "00:1A:79:4B:21:EF",
                "00:1A:79:4B:23:3F",
                "00:1A:79:46:FB:74",
                "00:1A:79:4B:24:A4",
                "00:1A:79:46:FC:18",
                "00:1A:79:46:FB:B8",
                "00:1A:79:46:FC:21",
                "00:1A:79:46:FE:F8",
                "00:1A:79:46:FD:F6"
            ]
        },
        {
            "server_name": "62.210.189.101",
            "server_url": "http://62.210.189.101/stalker_portal/c/",
            "macs": [
                "00:1A:79:4B:F7:EC",
                "00:1A:79:1C:04:80",
                "00:1A:79:1C:06:75",
                "00:1A:79:1D:6B:60",
                "00:1A:79:1D:65:F4",
                "00:1A:79:1D:6A:C4",
                "00:1A:79:2A:52:B9",
                "00:1A:79:28:EB:95",
                "00:1A:79:2B:4B:41",
                "00:1A:79:2E:0F:3A",
                "00:1A:79:28:A4:69",
                "00:1A:79:2C:DC:DA",
                "00:1A:79:28:F3:1E",
                "00:1A:79:27:64:93",
                "00:1A:79:2A:4F:7E",
                "00:1A:79:2A:55:F0",
                "00:1A:79:2A:63:3C",
                "00:1A:79:2a:66:2D",
                "00:1A:79:2B:03:C9",
                "00:1A:79:2B:06:5C",
                "00:1A:79:2E:02:04",
                "00:1A:79:2B:64:69",
                "00:1A:79:2A:59:42",
                "00:1A:79:2A:7B:5A",
                "00:1A:79:2B:BA:35",
                "00:1A:79:2C:2A:ED",
                "00:1A:79:2D:60:FE",
                "00:1A:79:2E:0F:92",
                "00:1A:79:2E:0F:2A",
                "00:1A:79:2E:0F:B1",
                "00:1A:79:2C:2A:67",
                "00:1A:79:2E:4F:88",
                "00:1A:79:2E:6D:CA",
                "00:1A:79:33:10:EA"
            ]
        },
        {
            "server_name": "live.hutv.me:25461",
            "server_url": "http://live.hutv.me:25461/c/",
            "macs": [
                "00:1A:79:DE:F8:0A",
                "00:1A:79:CF:2E:2A"
            ]
        },
        {
            "server_name": "s1.4ip.us:1997",
            "server_url": "http://s1.4ip.us:1997/c/",
            "macs": [
                "00:1A:79:17:99:D2"
            ]
        },
        {
            "server_name": "tnci.tv",
            "server_url": "http://tnci.tv/c/",
            "macs": [
                "00:1A:79:0F:C5:C7",
                "00:1A:79:0C:DB:4C",
                "00:1A:79:0D:E8:A8",
                "00:1A:79:16:3B:17"
            ]
        },
        {
            "server_name": "zon2.tv",
            "server_url": "http://zon2.tv/stalker_portal/c/",
            "macs": [
                "00:1A:79:CD:AC:1B"
            ]
        },
        {
            "server_name": "portal.sky2000.ru",
            "server_url": "http://portal.sky2000.ru/stalker_portal/c/",
            "macs": [
                "00:1A:79:4D:E4:08"
            ]
        },
        {
            "server_name": "st52.isv.net",
            "server_url": "http://st52.isv.net/stalker_portal/c/",
            "macs": [
                "00:1A:79:1A:D6:DA",
                "00:1A:79:1C:CF:ED",
                "00:1A:79:11:E8:43",
                "00:1A:79:0D:8D:5D",
                "00:1A:79:1A:85:4F",
                "00:1A:79:1A:8E:87"
            ]
        },
        {
            "server_name": "pamporea.xyz:8080",
            "server_url": "http://pamporea.xyz:8080/c/",
            "macs": [
                "00:1A:79:56:2D:7F",
                "00:1A:79:D6:35:A5"
            ]
        },
        {
            "server_name": "stream1.tvs24.net:25461",
            "server_url": "http://stream1.tvs24.net:25461/c/",
            "macs": [
                "00:1A:79:13:84:59"
            ]
        },
        {
            "server_name": "we.damgood.art",
            "server_url": "http://we.damgood.art/c/",
            "macs": [
                "00:1A:79:58:0B:7F",
                "00:1A:79:0E:D3:0B",
                "00:1A:79:2C:22:D8",
                "00:1A:79:B3:03:92",
                "00:1A:79:CD:52:A0",
                "00:1A:79:BC:88:A2",
                "00:1A:79:B4:51:1C",
                "00:1A:79:A6:84:5E",
                "00:1A:79:DF:EF:AB",
                "00:1A:79:BF:BE:45",
                "00:1A:79:F9:50:0C"
            ]
        },
        {
            "server_name": "feenyx.xyz",
            "server_url": "http://feenyx.xyz/c/",
            "macs": [
                "00:1A:79:B8:34:8D",
                "00:1A:79:B8:2A:47",
                "00:1A:79:B8:11:BA",
                "00:1A:79:A8:FB:4A",
                "00:1A:79:B8:19:95",
                "00:1A:79:B8:25:77",
                "00:1A:79:52:26:8D",
                "00:1A:79:A8:F3:0D",
                "00:1A:79:B4:77:08",
                "00:1A:79:B4:70:73",
                "00:1A:79:B8:35:D3",
                "00:1A:79:B5:76:11",
                "00:1A:79:B1:90:B2",
                "00:1A:79:B8:33:BB",
                "00:1A:79:B8:1D:B8",
                "00:1A:79:A8:FB:22",
                "00:1A:79:72:B2:43",
                "00:1A:79:B8:24:D1",
                "00:1A:79:B8:29:14",
                "00:1A:79:AA:10:A8"
            ]
        },
        {
            "server_name": "isam.homelinux.com",
            "server_url": "http://isam.homelinux.com/c/",
            "macs": [
                "00:1A:79:A3:F0:33",
                "00:1A:79:A7:09:7C",
                "00:1A:79:A7:09:0E",
                "00:1A:79:B0:81:AF",
                "00:1A:79:BD:EE:63",
                "00:1A:79:A4:0D:BA",
                "00:1A:79:BD:E1:C0"
            ]
        }
    ]
}