{
    "items": [
        {
            "server_name": "world.marvelhd.eu:8080",
            "server_url": "http://world.marvelhd.eu:8080/c/",
            "macs": [
                "00:1A:79:3D:13:0F",
                "00:1A:79:6A:19:D5",
                "00:1A:79:B9:06:A0",
                "00:1A:79:EE:B9:0A",
                "00:1A:79:4F:C9:CE",
                "00:1A:79:00:77:49",
                "00:1A:79:CC:F1:8B",
                "00:1A:79:5E:26:E0",
                "00:1A:79:B5:1E:28",
                "00:1A:79:99:F3:E0",
                "00:1A:79:47:9D:88",
                "00:1A:79:E9:B4:08",
                "00:1A:79:B4:5C:E0",
                "00:1A:79:FB:3F:4F",
                "00:1A:79:48:5B:01",
                "00:1A:79:04:28:CC",
                "00:1A:79:18:AF:F9",
                "00:1A:79:38:1E:87",
                "00:1A:79:93:A9:55",
                "00:1A:79:85:EB:5A",
                "00:1A:79:BB:16:84",
                "00:1A:79:31:DD:A0",
                "00:1A:79:73:9E:F5",
                "00:1A:79:3C:B3:87",
                "00:1A:79:48:D4:FB",
                "00:1A:79:73:FD:94",
                "00:1A:79:78:5E:EA",
                "00:1A:79:74:AB:F5",
                "00:1A:79:9A:49:FC",
                "00:1A:79:3B:7B:FC",
                "00:1A:79:55:64:25",
                "00:1A:79:31:69:1B",
                "00:1A:79:C7:B7:53",
                "00:1A:79:5E:3C:A1",
                "00:1A:79:14:85:96",
                "00:1A:79:70:66:6E",
                "00:1A:79:B1:FD:8E",
                "00:1A:79:A5:27:99",
                "00:1A:79:59:D2:08",
                "00:1A:79:D7:12:85",
                "00:1A:79:38:73:CB",
                "00:1A:79:35:CE:6E",
                "00:1A:79:11:1B:C7",
                "00:1A:79:7A:2C:B7",
                "00:1A:79:6F:BB:70",
                "00:1A:79:C3:AC:46",
                "00:1A:79:C7:A9:59",
                "00:1A:79:AF:42:4E",
                "00:1A:79:06:1D:C4",
                "00:1A:79:C2:02:0D",
                "00:1A:79:C1:C0:78",
                "00:1A:79:39:34:E4",
                "00:1A:79:72:71:99",
                "00:1A:79:61:7F:3A",
                "00:1A:79:AA:75:05",
                "00:1A:79:BC:E8:37",
                "00:1A:79:31:80:25",
                "00:1A:79:DF:81:05",
                "00:1A:79:FA:02:36",
                "00:1A:79:04:7F:CA"
            ]
        },
        {
            "server_name": "pro.maxhd.eu:8080",
            "server_url": "http://pro.maxhd.eu:8080/c/",
            "macs": [
                "00:1a:79:ad:52:30",
                "00:1a:79:57:a1:91",
                "00:1a:79:74:bb:56"
            ]
        },
        {
            "server_name": "heretv.club",
            "server_url": "http://heretv.club/c/",
            "macs": [
                "00:1a:79:a4:d4:75",
                "00:1a:79:ae:db:51",
                "00:1a:79:a0:2b:20",
                "00:1a:79:ad:59:ee",
                "00:1a:79:ac:1f:53",
                "00:1a:79:a1:fc:4e",
                "00:1a:79:ac:24:af",
                "00:1a:79:ac:24:b6",
                "00:1a:79:aa:3b:6c",
                "00:1a:79:a2:de:43",
                "00:1a:79:aa:3b:72",
                "00:1a:79:ab:cd:c1",
                "00:1a:79:aa:e4:4d",
                "00:1a:79:ab:9a:c1",
                "00:1a:79:ab:32:e9",
                "00:1a:79:ab:c2:d1",
                "00:1a:79:ae:62:1d",
                "00:1a:79:a9:be:6b",
                "00:1a:79:a6:65:71"
            ]
        },
        {
            "server_name": "premiumip.tv:8000",
            "server_url": "http://premiumip.tv:8000/c/",
            "macs": [
                "00:1a:79:84:cb:95",
                "00:1a:79:5a:9c:e8",
                "00:1a:79:5c:91:6e",
                "00:1a:79:a6:22:66"
            ]
        },
        {
            "server_name": "angeltv.biz:6969",
            "server_url": "http://angeltv.biz:6969/c/",
            "macs": [
                "00:1a:79:79:7f:54",
                "00:1a:79:a5:2e:9d",
                "00:1a:79:0f:04:98",
                "00:1a:79:71:8a:ea",
                "00:1a:79:af:15:c4",
                "00:1a:79:43:11:55",
                "00:1a:79:46:36:66",
                "00:1a:79:61:39:4e",
                "00:1a:79:a4:cd:0a",
                "00:1a:79:a1:0a:41",
                "00:1a:79:f9:ec:11"
            ]
        },
        {
            "server_name": "b1g.uk:80",
            "server_url": "http://b1g.uk:80/c/",
            "macs": [
                "00:1A:79:73:c5:27",
                "00:1A:79:7a:e6:f1",
                "00:1A:79:76:83:80",
                "00:1A:79:4c:d1:3a",
                "00:1A:79:f8:50:c9",
                "00:1A:79:51:e3:b1",
                "00:1A:79:64:13:98",
                "00:1A:79:69:03:13",
                "00:1A:79:f1:53:69",
                "00:1A:79:6d:d4:11",
                "00:1A:79:64:19:6c",
                "00:1A:79:d5:5c:43",
                "00:1A:79:f0:7b:58",
                "00:1A:79:91:d7:67",
                "00:1A:79:d2:71:36",
                "00:1A:79:6e:83:03",
                "00:1A:79:5c:9d:7d",
                "00:1A:79:6d:f4:33",
                "00:1A:79:6e:a9:d5",
                "00:1A:79:71:41:cd",
                "00:1A:79:66:cd:22",
                "00:1A:79:f6:e0:6a",
                "00:1A:79:72:1e:f2",
                "00:1A:79:4a:02:1d",
                "00:1A:79:75:be:89",
                "00:1A:79:6d:c7:a8",
                "00:1A:79:77:04:9e",
                "00:1A:79:75:d6:3a",
                "00:1A:79:29:4f:7f",
                "00:1A:79:1d:77:a4",
                "00:1A:79:4f:ab:bd",
                "00:1A:79:b9:7a:e4",
                "00:1A:79:5e:4c:6b",
                "00:1A:79:5d:a0:7b",
                "00:1A:79:5b:ff:13",
                "00:1A:79:58:d7:c0",
                "00:1A:79:74:03:49",
                "00:1A:79:62:2b:ef",
                "00:1A:79:4f:e5:f7",
                "00:1A:79:74:f9:41",
                "00:1A:79:b2:7a:d0",
                "00:1A:79:71:eb:b9",
                "00:1A:79:5b:a6:49",
                "00:1A:79:de:db:55",
                "00:1A:79:6c:4e:03",
                "00:1A:79:5e:4b:0d",
                "00:1A:79:6e:a2:a0",
                "00:1A:79:50:e3:46",
                "00:1A:79:4b:cb:a8",
                "00:1A:79:58:93:19",
                "00:1A:79:65:cf:52",
                "00:1A:79:64:b9:e0",
                "00:1A:79:6d:f8:29",
                "00:1A:79:64:c1:24",
                "00:1A:79:47:ee:c4",
                "00:1A:79:49:cc:60",
                "00:1A:79:63:fe:d4",
                "00:1A:79:5e:51:ce",
                "00:1A:79:62:4a:9e",
                "00:1A:79:ab:a0:c9",
                "00:1A:79:b2:7a:d0",
                "00:1A:79:5a:1b:d1",
                "00:1A:79:6a:24:5a",
                "00:1A:79:72:46:d9",
                "00:1A:79:f3:84:8b",
                "00:1A:79:67:83:b2",
                "00:1A:79:64:a7:72",
                "00:1A:79:f0:ce:c5",
                "00:1A:79:3d:e2:d3",
                "00:1A:79:78:1d:86"
            ]
        }
    ]
}