{
    "items": [
        {
            "server_name": "vipaf.one:2095",
            "server_url": "http://vipaf.one:2095/c/",
            "macs": [
                "00:1A:79:BA:01:04",
                "00:1A:79:B3:1B:3B",
                "00:1A:79:B7:58:F8",
                "00:1A:79:B5:99:A0",
                "00:1A:79:4C:0E:DF",
                "00:1A:79:B0:91:E4",
                "00:1A:79:B5:59:26",
                "00:1A:79:AB:A0:A6",
                "00:1A:79:6F:F7:5B",
                "00:1A:79:A9:21:C4",
                "00:1A:79:42:4E:A0",
                "00:1A:79:AE:69:53",
                "00:1A:79:AE:74:B1",
                "00:1A:79:1E:D0:5C",
                "00:1A:79:51:B7:07",
                "00:1A:79:B4:4B:D1"
            ]
        },
        {
            "server_name": "clubtv.pro-ott.com:25443",
            "server_url": "http://clubtv.pro-ott.com:25443/c/",
            "macs": [
                "00:1a:79:b5:d0:d5",
                "00:1a:79:44:78:1a"
            ]
        },
        {
            "server_name": "ip.king-cobra.eu:8080",
            "server_url": "http://ip.king-cobra.eu:8080/c/",
            "macs": [
                "00:1A:79:74:C1:C5"
            ]
        },
        {
            "server_name": "serviceprivate.pt:8080",
            "server_url": "http://serviceprivate.pt:8080/c/",
            "macs": [
                "00:1A:79:49:08:60"
            ]
        },
        {
            "server_name": "dj.webhop.org:8080",
            "server_url": "http://dj.webhop.org:8080/c/",
            "macs": [
                "00:1A:79:43:86:E1",
                "00:1A:79:BB:59:8F"
            ]
        },
        {
            "server_name": "bestplay.tv:8080",
            "server_url": "http://bestplay.tv:8080/c/",
            "macs": [
                "00:1A:79:B2:54:FD"
            ]
        },
        {
            "server_name": "yellow-star.info:8000",
            "server_url": "http://yellow-star.info:8000/c/",
            "macs": [
                "00:1A:79:95:41:6E"
            ]
        },
        {
            "server_name": "tv.trexiptv.com:8000",
            "server_url": "http://tv.trexiptv.com:8000/c/",
            "macs": [
                "00:1A:79:a9:f1:b8",
                "00:1A:79:c1:ae:7c",
                "00:1A:79:2c:8f:92"
            ]
        },
        {
            "server_name": "vip.ultrach.com:8080",
            "server_url": "http://vip.ultrach.com:8080/c/",
            "macs": [
                "00:1A:79:4e:f5:8b",
                "00:1A:79:c8:4f:83",
                "00:1A:79:a1:36:0f",
                "00:1A:79:bb:8d:50",
                "00:1A:79:38:bf:53",
                "00:1A:79:85:a5:28",
                "00:1A:79:4c:5e:24",
                "00:1A:79:67:e1:63",
                "00:1A:79:73:bd:54",
                "00:1A:79:47:f5:ec",
                "00:1A:79:0f:92:30",
                "00:1A:79:52:5d:a6"
            ]
        },
        {
            "server_name": "x4ever.eu:8000",
            "server_url": "http://x4ever.eu:8000/c/",
            "macs": [
                "00:1A:79:6a:a3:ba",
                "00:1A:79:59:c2:76",
                "00:1A:79:68:e9:9c",
                "00:1A:79:5c:a2:14",
                "00:1A:79:40:ad:ea",
                "00:1A:79:f6:9f:13",
                "00:1A:79:40:7e:d7",
                "00:1A:79:6f:78:38",
                "00:1A:79:ce:6c:c5"
            ]
        },
        {
            "server_name": "tvbross.com:8090",
            "server_url": "http://tvbross.com:8090/c/",
            "macs": [
                "00:1A:79:6a:de:ce",
                "00:1A:79:17:2a:df",
                "00:1A:79:4a:85:99",
                "00:1A:79:ae:b8:a3",
                "00:1A:79:58:00:a0",
                "00:1A:79:bb:b7:6f",
                "00:1A:79:16:5f:e8",
                "00:1A:79:3b:bf:53",
                "00:1A:79:34:6f:14",
                "00:1A:79:d1:a0:ee",
                "00:1A:79:2a:2f:ab",
                "00:1A:79:68:83:a1",
                "00:1A:79:d3:fd:4c"
            ]
        },
        {
            "server_name": "51.222.117.35:8880",
            "server_url": "http://51.222.117.35:8880/c/",
            "macs": [
                "00:1A:79:24:0F:DC"
            ]
        },
        {
            "server_name": "1tv1.net:8080",
            "server_url": "http://1tv1.net:8080/c/",
            "macs": [
                "00:1A:79:6A:3E:35"
            ]
        },
        {
            "server_name": "portal.geniptv.com:8080",
            "server_url": "http://portal.geniptv.com:8080/c/",
            "macs": [
                "00:1A:79:48:50:BD"
            ]
        },
        {
            "server_name": "stream.1.tvs24.net:25461",
            "server_url": "http://stream.1.tvs24.net:25461/c/",
            "macs": [
                "00:1A:79:D0:08:5F",
                "00:1A:79:57:46:D0",
                "00:1A:79:46:6D:14"
            ]
        },
        {
            "server_name": "bestswedishstream..net:2095",
            "server_url": "http://bestswedishstream..net:2095/c/",
            "macs": [
                "00:1A:79:BA:01:04",
                "00:1A:79:B3:1B:3B",
                "00:1A:79:B7:58:F8",
                "00:1A:79:B5:99:A0",
                "00:1A:79:4C:0E:DF",
                "00:1A:79:B0:91:E4",
                "00:1A:79:B2:57:45",
                "00:1A:79:BA:A5:10",
                "00:1A:79:B4:E8:CC",
                "00:1A:79:AB:A0:CB",
                "00:1A:79:10:5C:A3"
            ]
        },
        {
            "server_name": "iptvking.123tv.to:8080",
            "server_url": "http://iptvking.123tv.to:8080/c/",
            "macs": [
                "00:1A:79:01:22:67",
                "00:1A:79:01:23:03",
                "00:1A:79:01:29:BB",
                "00:1A:79:01:44:4B",
                "00:1A:79:01:5B:D1",
                "00:1A:79:01:59:1C",
                "00:1A:79:01:67:C9",
                "00:1A:79:01:73:6B",
                "00:1A:79:01:75:EF",
                "00:1A:79:01:6E:3F",
                "00:1A:79:01:7E:67",
                "00:1A:79:01:93:11",
                "00:1A:79:01:EF:50",
                "00:1A:79:01:ce:03",
                "00:1A:79:01:ef:50",
                "00:1A:79:02:0D:8F",
                "00:1A:79:02:5F:D1",
                "00:1A:79:02:6F:E2",
                "00:1A:79:02:6F:BE",
                "00:1A:79:02:62:14",
                "00:1A:79:02:5F:E8",
                "00:1A:79:02:6F:E5",
                "00:1A:79:02:6F:C6",
                "00:1A:79:02:6F:E4",
                "00:1A:79:02:6F:BB",
                "00:1A:79:02:7F:6A",
                "00:1A:79:07:18:aa",
                "00:1A:79:06:A9:4A",
                "00:1A:79:06:65:EA",
                "00:1A:79:03:2F:7E",
                "00:1A:79:03:6F:A3",
                "00:1A:79:03:6F:A1",
                "00:1A:79:03:6F:D1",
                "00:1A:79:03:9F:12",
                "00:1A:79:03:97:3C",
                "00:1A:79:03:9F:AB",
                "00:1A:79:04:8F:2A",
                "00:1A:79:06:6A:74",
                "00:1A:79:06:70:4A",
                "00:1A:79:06:55:8C",
                "00:1A:79:06:52:C6",
                "00:1A:79:07:6F:3B"
            ]
        },
        {
            "server_name": "fans4me.com:8080",
            "server_url": "http://fans4me.com:8080/c/",
            "macs": [
                "00:1a:79:44:fe:6a",
                "00:1a:79:a5:e6:ef",
                "00:1a:79:35:f8:df",
                "00:1a:79:5f:20:d2",
                "00:1a:79:b0:e1:61",
                "00:1a:79:4f:c7:ee",
                "00:1a:79:8c:58:73",
                "00:1a:79:20:9f:e2",
                "00:1a:79:ac:ca:aa",
                "00:1a:79:20:6f:a3",
                "00:1a:79:2c:67:86",
                "00:1a:79:ad:5f:ba",
                "00:1a:79:b0:ba:40",
                "00:1a:79:bd:47:1e",
                "00:1a:79:50:25:bd",
                "00:1a:79:a4:5c:3c",
                "00:1a:79:a7:88:50",
                "00:1a:79:42:90:51",
                "00:1a:79:b7:92:fc",
                "00:1a:79:ad:ec:8e",
                "00:1a:79:ab:bc:3b",
                "00:1a:79:1d:0e:87",
                "00:1a:79:a2:0b:f4",
                "00:1a:79:a9:2e:e7",
                "00:1a:79:c0:05:27",
                "00:1a:79:ad:e8:b5",
                "00:1a:79:5e:83:b6",
                "00:1a:79:1d:38:56",
                "00:1a:79:bf:25:78",
                "00:1a:79:b7:3f:42"
            ]
        },
        {
            "server_name": "smartgo.site:8080",
            "server_url": "http://smartgo.site:8080/c/",
            "macs": [
                "00:1a:79:a9:fa:9e"
            ]
        },
        {
            "server_name": "p1.iptvprivateserver.tv",
            "server_url": "http://p1.iptvprivateserver.tv/c/",
            "macs": [
                "00:1a:79:f3:1f:b2",
                "00:1a:79:57:cf:99",
                "00:1a:79:2d:5f:3e",
                "00:1a:79:e8:18:0d",
                "00:1a:79:48:d6:85",
                "00:1a:79:d5:56:d0",
                "00:1a:79:b8:0f:9b",
                "00:1a:79:56:49:02",
                "00:1a:79:31:37:6d",
                "00:1a:79:38:f5:2e",
                "00:1a:79:33:1f:6a",
                "00:1a:79:b4:6e:39",
                "00:1a:79:5a:55:e3",
                "00:1a:79:a4:bf:86",
                "00:1a:79:4b:46:f7",
                "00:1a:79:cb:11:0b",
                "00:1a:79:38:eb:a2"
            ]
        },
        {
            "server_name": "1tv1.net:8080",
            "server_url": "http://1tv1.net:8080/c/",
            "macs": [
                "00:1a:79:39:02:5e"
            ]
        },
        {
            "server_name": "host.xtream.host.top",
            "server_url": "http://host.xtream.host.top/c/",
            "macs": [
                "00:1a:79:76:29:e8",
                "00:1a:79:69:5f:1b",
                "00:1a:79:6d:61:51",
                "00:1a:79:6e:1d:bd",
                "00:1a:79:46:34:4c",
                "00:1a:79:52:3a:c9",
                "00:1a:79:40:d7:ca",
                "00:1a:79:5d:8b:5c",
                "00:1a:79:b0:bb:0a",
                "00:1a:79:58:0b:f3",
                "00:1a:79:6a:a2:2d",
                "00:1a:79:53:c1:6c",
                "00:1a:79:46:6e:f6"
            ]
        },
        {
            "server_name": "mag.diam.ondma.club",
            "server_url": "http://mag.diam.ondma.club/c/",
            "macs": [
                "00:1a:79:19:6f:21",
                "00:1a:79:a2:c1:2a",
                "00:1a:79:c1:72:aa",
                "00:1a:79:20:9f:6b",
                "00:1a:79:cb:de:07",
                "00:1a:79:c0:3f:ae",
                "00:1a:79:b5:aa:55",
                "00:1a:79:00:01:05",
                "00:1a:79:41:e5:fc",
                "00:1a:79:1c:11:e9",
                "00:1a:79:b2:08:49",
                "00:1a:79:3d:97:d7",
                "00:1a:79:1e:0b:15",
                "00:1a:79:3d:21:3f",
                "00:1a:79:20:8f:c6",
                "00:1a:79:19:6f:4c"
            ]
        },
        {
            "server_name": "spectretv.com",
            "server_url": "http://spectretv.com/c/",
            "macs": [
                "00:1a:79:b1:91:f9",
                "00:1a:79:48:52:b1",
                "00:1a:79:b5:78:8c"
            ]
        },
        {
            "server_name": "in.lionboxiptv.nl",
            "server_url": "http://in.lionboxiptv.nl/c/",
            "macs": [
                "00:1a:79:85:db:39",
                "00:1a:79:ab:c8:62",
                "00:1a:79:a6:ee:93"
            ]
        },
        {
            "server_name": "ultra-box.club",
            "server_url": "http://ultra-box.club/c/",
            "macs": [
                "00:1a:79:a3:6b:ab",
                "00:1a:79:73:7d:04",
                "00:1a:79:49:16:ed",
                "00:1a:79:b7:74:d8",
                "00:1a:79:b7:58:96",
                "00:1a:79:b7:6e:f8",
                "00:1a:79:6d:7e:9b",
                "00:1a:79:28:b7:f2",
                "00:1a:79:ab:02:89",
                "00:1a:79:4c:d3:01",
                "00:1a:79:f6:4b:8a",
                "00:1a:79:53:fe:1e",
                "00:1a:79:8f:60:02",
                "00:1a:79:c3:f0:c7",
                "00:1a:79:7e:1f:7b",
                "00:1a:79:32:6e:03"
            ]
        },
        {
            "server_name": "p1.iptvrocket.tv:80",
            "server_url": "http://p1.iptvrocket.tv:80/c/",
            "macs": [
                "00:1a:79:2b:f7:2a",
                "00:1a:79:60:3d:df",
                "00:1a:79:6d:50:46",
                "00:1a:79:11:04:21",
                "00:1a:79:38:da:f1",
                "00:1a:79:bb:63:57",
                "00:1a:79:45:d1:18"
            ]
        },
        {
            "server_name": "hdhd.tk:80",
            "server_url": "http://hdhd.tk:80/c/",
            "macs": [
                "00:1a:79:24:f5:bc",
                "00:1a:79:55:1d:ac"
            ]
        },
        {
            "server_name": "vpro.millenium-ott.com:25443",
            "server_url": "http://vpro.millenium-ott.com:25443/c/",
            "macs": [
                "00:1a:79:70:d6:d0"
            ]
        },
        {
            "server_name": "bestplay.tv:8080",
            "server_url": "http://bestplay.tv:8080/c/",
            "macs": [
                "00:1a:79:6b:b1:0d",
                "00:1a:79:ae:87:85"
            ]
        }
    ]
}