{
    "items": [
        {
            "server_name": "bingo4k.me",
            "server_url": "http://bingo4k.me/stalker_portal/c/",
            "macs": [
                "00:1A:79:00:00:8A",
                "00:1A:79:00:01:E5",
                "00:1A:79:00:01:AC",
                "00:1A:79:00:02:E3",
                "00:1A:79:00:04:C5",
                "00:1A:79:00:06:24",
                "00:1A:79:00:05:1D",
                "00:1A:79:00:04:C7",
                "00:1A:79:00:0B:1E"
            ]
        },
        {
            "server_name": "libra-tv.com:8080",
            "server_url": "http://libra-tv.com:8080/c/",
            "macs": [
                "00:1A:79:2A:20:BA",
                "00:1a:79:40:4f:d1",
                "00:1A:79:40:4F:94",
                "00:1A:79:47:B5:55"
            ]
        },
        {
            "server_name": "tvmate.icu:8080",
            "server_url": "http://tvmate.icu:8080/c/",
            "macs": [
                "00:1A:79:09:0F:5B"
            ]
        },
        {
            "server_name": "reis64.com:3800",
            "server_url": "http://reis64.com:3800/c/",
            "macs": [
                "00:1A:79:01:46:55",
                "00:1a:79:03:2f:f6",
                "00:1A:79:14:31:1D",
                "00:1a:79:1e:0f:6f",
                "00:1A:79:1D:64:53",
                "00:1A:79:39:91:47",
                "00:1A:79:3A:09:3C",
                "00:1A:79:3A:2D:E6",
                "00:1A:79:39:B6:F5",
                "00:1A:79:3A:22:7E",
                "00:1A:79:3E:04:13"
            ]
        },
        {
            "server_name": "v1.viptvclub.com:25443",
            "server_url": "http://v1.viptvclub.com:25443/c/",
            "macs": [
                "00:1A:79:5f:2d:1e",
                "00:1A:79:55:DB:FA",
                "00:1A:79:A1:61:C6"
            ]
        },
        {
            "server_name": "hxplos100.xyz:80",
            "server_url": "http://hxplos100.xyz:80/c/",
            "macs": [
                "00:1A:79:a7:e9:30",
                "00:1A:79:40:46:88",
                "00:1A:79:ab:6f:ab",
                "00:1A:79:45:8c:8a",
                "00:1A:79:ab:ab:be",
                "00:1A:79:ae:d7:64",
                "00:1A:79:a6:d9:2a"
            ]
        },
        {
            "server_name": "super-tvnow.com:80",
            "server_url": "http://super-tvnow.com:80/c/",
            "macs": [
                "00:1A:79:5F:02:74"
            ]
        },
        {
            "server_name": "65.21.99.47:8080",
            "server_url": "http://65.21.99.47:8080/c/",
            "macs": [
                "00:1A:79:39:C5:D0"
            ]
        },
        {
            "server_name": "24hrtv.eu:8080",
            "server_url": "http://24hrtv.eu:8080/c/",
            "macs": [
                "00:1A:79:6a:5c:b8"
            ]
        },
        {
            "server_name": "tvalb.xyz:8080",
            "server_url": "http://tvalb.xyz:8080/c/",
            "macs": [
                "00:1a:79:bf:c9:76"
            ]
        },
        {
            "server_name": "bingo4k.me",
            "server_url": "http://bingo4k.me/stalker_portal/c/",
            "macs": [
                "00:1A:79:57:CD:20",
                "00:1A:79:25:B0:B6",
                "00:1A:79:00:00:00",
                "00:1A:79:43:D9:81",
                "00:1A:79:44:4A:0E",
                "00:1A:79:4C:86:4E",
                "00:1A:79:4C:56:74",
                "00:1A:79:6A:FE:9C",
                "00:1A:79:E5:01:EB",
                "00:1A:79:6C:CF:97",
                "00:1A:79:62:1B:E6",
                "00:1A:79:D5:4D:A0",
                "00:1A:79:4D:28:30",
                "00:1A:79:A6:50:F7",
                "00:1A:79:63:BD:A2",
                "00:1A:79:B1:90:69",
                "00:1A:79:DB:B2:26",
                "00:1A:79:B0:72:2C",
                "00:1A:79:19:99:15",
                "00:1A:79:1D:66:A4",
                "00:1A:79:1D:3F:33",
                "00:1A:79:20:43:CA",
                "00:1A:79:24:92:79",
                "00:1A:79:2A:0F:49",
                "00:1A:79:2B:FD:6D",
                "00:1A:79:2F:1A:A6",
                "00:1A:79:2F:70:8F",
                "00:1A:79:30:01:AA",
                "00:1A:79:31:80:04",
                "00:1A:79:32:09:74",
                "00:1A:79:32:6E:8C",
                "00:1A:79:33:24:67",
                "00:1A:79:32:95:95",
                "00:1A:79:34:3B:2F",
                "00:1A:79:36:1F:2A",
                "00:1A:79:36:20:97",
                "00:1A:79:36:1F:46",
                "00:1A:79:3A:AA:C2",
                "00:1A:79:3A:95:04",
                "00:1A:79:3A:AD:0E",
                "00:1A:79:3A:DB:50",
                "00:1A:79:3A:A6:16",
                "00:1A:79:3E:97:0F"
            ]
        }
    ]
}