{
    "items": [
        {
            "server_name": "p1.iptvprivateserver.tv",
            "server_url": "http://p1.iptvprivateserver.tv/c/",
            "macs": [
                "00:1a:79:f3:1f:b2",
                "00:1a:79:57:cf:99",
                "00:1a:79:2d:5f:3e",
                "00:1a:79:e8:18:0d",
                "00:1a:79:48:d6:85",
                "00:1a:79:d5:56:d0",
                "00:1a:79:b8:0f:9b",
                "00:1a:79:56:49:02",
                "00:1a:79:31:37:6d",
                "00:1a:79:38:f5:2e",
                "00:1a:79:33:1f:6a",
                "00:1a:79:b4:6e:39",
                "00:1a:79:5a:55:e3",
                "00:1a:79:4b:46:f7",
                "00:1a:79:cb:11:0b",
                "00:1a:79:38:eb:a2"
            ]
        },
        {
            "server_name": "host.xtreamhost.top",
            "server_url": "http://host.xtreamhost.top/c/",
            "macs": [
                "00:1a:79:76:29:e8",
                "00:1a:79:b0:bb:0a",
                "00:1a:79:58:0b:f3",
                "00:1a:79:53:c1:6c",
                "00:1a:79:46:6e:f6",
                "00:1a:79:69:5f:1b",
                "00:1a:79:6d:61:51",
                "00:1a:79:6e:1d:bd",
                "00:1a:79:40:d7:ca",
                "00:1a:79:5d:8b:5c"
            ]
        },
        {
            "server_name": "mag.diamondma.club",
            "server_url": "http://mag.diamondma.club/c/",
            "macs": [
                "00:1a:79:19:6f:21",
                "00:1a:79:c0:3f:ae",
                "00:1a:79:b5:aa:55",
                "00:1a:79:00:01:05",
                "00:1a:79:b2:08:49",
                "00:1a:79:a2:c1:2a",
                "00:1a:79:20:9f:6b",
                "00:1a:79:3d:97:d7",
                "00:1a:79:1e:0b:15",
                "00:1a:79:3d:21:3f",
                "00:1a:79:20:8f:c6",
                "00:1a:79:19:6f:4c"
            ]
        },
        {
            "server_name": "spectretv.com",
            "server_url": "http://spectretv.com/c/",
            "macs": [
                "00:1a:79:b1:91:f9",
                "00:1a:79:48:52:b1",
                "00:1a:79:b5:78:8c"
            ]
        },
        {
            "server_name": "in.lionboxiptv.nl",
            "server_url": "http://in.lionboxiptv.nl/c/",
            "macs": [
                "00:1a:79:85:db:39",
                "00:1a:79:ab:c8:62",
                "00:1a:79:a6:ee:93"
            ]
        },
        {
            "server_name": "ultra-box.club",
            "server_url": "http://ultra-box.club/c/",
            "macs": [
                "00:1a:79:a3:6b:ab",
                "00:1a:79:73:7d:04",
                "00:1a:79:ab:02:89",
                "00:1a:79:f6:4b:8a",
                "00:1a:79:53:fe:1e",
                "00:1a:79:8f:60:02",
                "00:1a:79:c3:f0:c7",
                "00:1a:79:7e:1f:7b",
                "00:1a:79:49:16:ed",
                "00:1a:79:b7:74:d8",
                "00:1a:79:b7:58:96",
                "00:1a:79:b7:6e:f8",
                "00:1a:79:28:b7:f2",
                "00:1a:79:32:6e:03"
            ]
        },
        {
            "server_name": "p1.iptvrocket.tv:80",
            "server_url": "http://p1.iptvrocket.tv:80/c/",
            "macs": [
                "00:1a:79:2b:f7:2a",
                "00:1a:79:60:3d:df",
                "00:1a:79:6d:50:46",
                "00:1a:79:11:04:21",
                "00:1a:79:38:da:f1",
                "00:1a:79:bb:63:57",
                "00:1a:79:45:d1:18"
            ]
        },
        {
            "server_name": "hdhd.tk:80",
            "server_url": "http://hdhd.tk:80/c/",
            "macs": [
                "00:1a:79:24:f5:bc",
                "00:1a:79:55:1d:ac"
            ]
        },
        {
            "server_name": "bestplay.tv:8080",
            "server_url": "http://bestplay.tv:8080/c/",
            "macs": [
                "00:1a:79:6b:b1:0d",
                "00:1a:79:ae:87:85"
            ]
        },
        {
            "server_name": "seilanada.top",
            "server_url": "http://seilanada.top/c/",
            "macs": [
                "00:1a:79:a6:e2:ae",
                "00:1a:79:b2:84:10",
                "00:1a:79:3d:58:bc",
                "00:1a:79:a3:a5:65",
                "00:1a:79:a6:e2:2a",
                "00:1a:79:a6:6b:0b",
                "00:1a:79:bd:28:e4",
                "00:1a:79:bd:8c:b3",
                "00:1a:79:a7:da:e6",
                "00:1a:79:2a:ad:d0",
                "00:1a:79:a9:30:0e",
                "00:1a:79:5e:28:cc",
                "00:1a:79:bd:2e:6d",
                "00:1a:79:b3:75:52"
            ]
        },
        {
            "server_name": "ipc.proipciptv.com:8000",
            "server_url": "http://ipc.proipciptv.com:8000/c/",
            "macs": [
                "00:1a:79:c6:09:b3",
                "00:1a:79:2a:39:be",
                "00:1a:79:1c:52:09",
                "00:1a:79:b1:41:23"
            ]
        },
        {
            "server_name": "m.e27948.com",
            "server_url": "http://m.e27948.com/c/",
            "macs": [
                "00:1a:79:58:8d:6e",
                "00:1a:79:45:2f:2e",
                "00:1a:79:48:5d:14",
                "00:1a:79:b3:9f:c2",
                "00:1a:79:60:f2:fb"
            ]
        },
        {
            "server_name": "swissiptv.us:8080",
            "server_url": "http://swissiptv.us:8080/c/",
            "macs": [
                "00:1a:79:32:64:94",
                "00:1a:79:61:a7:a1",
                "00:1a:79:c9:0f:dc",
                "00:1a:79:b0:c3:e8",
                "00:1a:79:9c:2c:03",
                "00:1a:79:af:7e:6e",
                "00:1a:79:b0:db:83",
                "00:1a:79:40:9e:42",
                "00:1a:79:67:8c:c8",
                "00:1a:79:ba:38:2f",
                "00:1a:79:bc:5a:57",
                "00:1a:79:a6:70:e6",
                "00:1a:79:b4:94:09",
                "00:1a:79:c2:92:64",
                "00:1a:79:94:53:77",
                "00:1a:79:e3:cc:fe",
                "00:1a:79:36:94:fa",
                "00:1a:79:c0:91:dd",
                "00:1a:79:ba:3c:46"
            ]
        },
        {
            "server_name": "predator-ott.com:8000",
            "server_url": "http://predator-ott.com:8000/c/",
            "macs": [
                "00:1a:79:00:45:97",
                "00:1a:79:81:a9:44",
                "00:1a:79:0a:b3:d5"
            ]
        },
        {
            "server_name": "yellow-star.info:8000",
            "server_url": "http://yellow-star.info:8000/c/",
            "macs": [
                "00:1a:79:71:f9:e2",
                "00:1a:79:83:a2:bf",
                "00:1a:79:1d:52:91",
                "00:1a:79:60:5e:29",
                "00:1a:79:26:69:ab",
                "00:1a:79:a9:4a:47",
                "00:1a:79:41:e9:0c",
                "00:1a:79:6a:24:0c",
                "00:1a:79:3e:42:95",
                "00:1a:79:27:9f:62",
                "00:1a:79:7a:2c:f4",
                "00:1a:79:c0:f1:9b",
                "00:1a:79:00:46:3c",
                "00:1a:79:23:ea:50",
                "00:1a:79:83:94:92",
                "00:1a:79:8e:a7:36",
                "00:1a:79:e9:cc:99",
                "00:1a:79:d0:9f:e6",
                "00:1a:79:45:d3:5d",
                "00:1a:79:03:1f:0d",
                "00:1a:79:5e:e5:84",
                "00:1a:79:85:f8:26",
                "00:1a:79:31:f6:79",
                "00:1a:79:b7:40:b7",
                "00:1a:79:75:28:1c"
            ]
        },
        {
            "server_name": "snowdark.xyz:7575",
            "server_url": "http://snowdark.xyz:7575/c/",
            "macs": [
                "00:1a:79:11:9f:34",
                "00:1a:79:ca:8f:71",
                "00:1a:79:3d:08:2f",
                "00:1a:79:a4:3f:f2"
            ]
        },
        {
            "server_name": "naousar.top",
            "server_url": "http://naousar.top/c/",
            "macs": [
                "00:1a:79:bd:2f:e3",
                "00:1a:79:3f:2c:63",
                "00:1a:79:a1:cb:df",
                "00:1a:79:bd:4d:e2",
                "00:1a:79:af:57:90",
                "00:1a:79:bd:48:35",
                "00:1a:79:3b:c5:0c",
                "00:1a:79:ab:c3:cb",
                "00:1a:79:b5:55:f6",
                "00:1a:79:ad:78:b2",
                "00:1a:79:bb:c1:71",
                "00:1a:79:a7:d0:46",
                "00:1a:79:bd:2d:9e",
                "00:1a:79:ad:12:a0",
                "00:1a:79:32:44:7a",
                "00:1a:79:ae:11:b5",
                "00:1a:79:ae:00:5f",
                "00:1a:79:bb:c6:c4",
                "00:1a:79:a3:16:57"
            ]
        },
        {
            "server_name": "mag.abcdxyz.one",
            "server_url": "http://mag.abcdxyz.one/c/",
            "macs": [
                "00:1a:79:91:02:64",
                "00:1a:79:46:43:22",
                "00:1a:79:90:ad:b6",
                "00:1a:79:1c:2f:d1",
                "00:1a:79:2d:68:e7",
                "00:1a:79:18:0f:c8",
                "00:1a:79:3e:15:09"
            ]
        },
        {
            "server_name": "ott.topstb.net:8000",
            "server_url": "http://ott.topstb.net:8000/c/",
            "macs": [
                "00:1a:79:1a:9e:e3"
            ]
        },
        {
            "server_name": "170222.1222908.net:2086",
            "server_url": "http://170222.1222908.net:2086/c/",
            "macs": [
                "00:1a:79:5b:3f:74",
                "00:1a:79:6a:5f:62",
                "00:1a:79:66:8f:1a",
                "00:1a:79:43:91:b8",
                "00:1a:79:a8:28:7a",
                "00:1a:79:5d:1f:08",
                "00:1a:79:35:7f:f0",
                "00:1a:79:a5:ec:8a",
                "00:1a:79:0a:4f:ef",
                "00:1a:79:65:8f:40",
                "00:1a:79:2e:c5:56",
                "00:1a:79:34:5f:e6",
                "00:1a:79:b7:3f:4b",
                "00:1a:79:5f:8f:31",
                "00:1a:79:71:f1:87",
                "00:1a:79:6a:1f:55",
                "00:1a:79:5b:2f:1e",
                "00:1a:79:65:0f:15",
                "00:1a:79:35:83:aa",
                "00:1a:79:e1:b3:b3",
                "00:1a:79:69:9b:00",
                "00:1a:79:b8:13:44",
                "00:1a:79:e2:f7:14",
                "00:1a:79:32:5f:37",
                "00:1a:79:8a:6c:37",
                "00:1a:79:f1:b8:04",
                "00:1a:79:5d:5f:f6",
                "00:1a:79:0d:68:25",
                "00:1a:79:0c:0f:f5",
                "00:1a:79:5b:1f:f8",
                "00:1a:79:b8:dc:4a",
                "00:1a:79:35:7c:ce",
                "00:1a:79:3e:ae:06",
                "00:1a:79:57:0f:0c",
                "00:1a:79:6a:0f:08",
                "00:1a:79:ae:5d:3c",
                "00:1a:79:1a:8f:8b",
                "00:1a:79:65:5f:fe",
                "00:1a:79:b6:2d:22",
                "00:1a:79:6a:8f:77",
                "00:1a:79:60:4b:12",
                "00:1a:79:5f:5f:c0",
                "00:1a:79:60:6f:c3",
                "00:1a:79:aa:9f:e1",
                "00:1a:79:5b:4f:eb",
                "00:1a:79:5e:32:ab",
                "00:1a:79:d3:8f:6d",
                "00:1a:79:8f:cb:f2",
                "00:1a:79:5b:1f:63",
                "00:1a:79:65:3f:f3",
                "00:1a:79:31:70:91",
                "00:1a:79:62:5f:5a",
                "00:1a:79:62:4f:f8"
            ]
        }
    ]
}