{
    "items": [
        {
            "server_name": "magmegiill2mig4zil.funtogether.xyz:8080",
            "server_url": "http://magmegiill2mig4zil.funtogether.xyz:8080/c/",
            "macs": [
                "00:1a:79:ad:0a:22",
                "00:1a:79:ad:63:9b",
                "00:1a:79:01:93:11",
                "00:1a:79:6f:9d:b1",
                "00:1a:79:6d:65:36",
                "00:1a:79:57:f6:ba",
                "00:1a:79:a7:9e:f8",
                "00:1a:79:4e:44:21",
                "00:1a:79:74:07:2f",
                "00:1a:79:ac:54:b1",
                "00:1a:79:4b:66:8a",
                "00:1a:79:c8:8f:e8",
                "00:1a:79:b0:c8:9f",
                "00:1a:79:3b:be:f0",
                "00:1a:79:43:a7:fd",
                "00:1a:79:62:63:92",
                "00:1a:79:6a:60:c0",
                "00:1a:79:be:9a:83",
                "00:1a:79:a3:94:cd",
                "00:1a:79:da:00:80",
                "00:1a:79:d0:06:88",
                "00:1a:79:9d:73:59",
                "00:1a:79:6a:8d:b4",
                "00:1a:79:53:76:14",
                "00:1a:79:ab:3d:c6",
                "00:1a:79:6a:25:c5",
                "00:1a:79:50:c2:58",
                "00:1a:79:ac:dd:aa",
                "00:1a:79:5f:da:f3",
                "00:1a:79:b6:7e:a3",
                "00:1a:79:c1:ed:59",
                "00:1a:79:bb:7a:a1"
            ]
        },
        {
            "server_name": "iboxs.club",
            "server_url": "http://iboxs.club/c/",
            "macs": [
                "00:1a:79:21:31:01",
                "00:1a:79:b6:5f:34",
                "00:1a:79:e0:34:e6",
                "00:1a:79:f0:18:96",
                "00:1a:79:82:e1:5e",
                "00:1a:79:b4:ec:ae",
                "00:1a:79:f3:ce:31",
                "00:1a:79:b9:b2:c5",
                "00:1a:79:58:29:76",
                "00:1a:79:ba:77:3a",
                "00:1a:79:a6:e0:58",
                "00:1a:79:b4:5b:20",
                "00:1a:79:b6:b8:cf"
            ]
        },
        {
            "server_name": "fam.mediptv.com:88",
            "server_url": "http://fam.mediptv.com:88/c/",
            "macs": [
                "00:1a:79:4e:d9:a6",
                "00:1a:79:77:fc:8a",
                "00:1a:79:d4:16:42"
            ]
        },
        {
            "server_name": "1plustv.org:8080",
            "server_url": "http://1plustv.org:8080/c/",
            "macs": [
                "00:1a:79:4e:67:ea",
                "00:1a:79:3b:45:e9",
                "00:1a:79:4e:31:c1",
                "00:1a:79:62:aa:0b",
                "00:1a:79:2e:27:64"
            ]
        },
        {
            "server_name": "tvalb.xyz:8080",
            "server_url": "http://tvalb.xyz:8080/c/",
            "macs": [
                "00:1a:79:38:2e:ac",
                "00:1a:79:1f:01:6c",
                "00:1a:79:b5:a3:dc",
                "00:1a:79:73:2d:f6",
                "00:1a:79:31:83:f6",
                "00:1a:79:da:e4:6a",
                "00:1a:79:6a:28:50",
                "00:1a:79:5d:d2:ee",
                "00:1a:79:5c:c3:dc",
                "00:1a:79:04:29:14",
                "00:1a:79:5c:ac:b5",
                "00:1a:79:d4:a6:95",
                "00:1a:79:70:3f:dd",
                "00:1a:79:b0:e8:ef",
                "00:1a:79:6a:f6:c3",
                "00:1a:79:18:1f:73",
                "00:1a:79:ad:97:97",
                "00:1a:79:4e:50:ae",
                "00:1a:79:a9:dc:84",
                "00:1a:79:47:b5:0a",
                "00:1a:79:ca:3a:e0",
                "00:1a:79:6c:44:e7",
                "00:1a:79:4e:d0:70",
                "00:1a:79:5e:e4:c3",
                "00:1a:79:d8:97:0f",
                "00:1a:79:80:68:22",
                "00:1a:79:53:a2:4e",
                "00:1a:79:ba:47:5a",
                "00:1a:79:a1:ad:b0",
                "00:1a:79:36:9f:ca"
            ]
        },
        {
            "server_name": "mag.diamondma.club",
            "server_url": "http://mag.diamondma.club/c/",
            "macs": [
                "00:1a:79:40:3d:0e",
                "00:1a:79:b1:f7:30",
                "00:1a:79:19:09:b9",
                "00:1a:79:00:0a:34",
                "00:1a:79:78:e0:09",
                "00:1a:79:17:2e:13",
                "00:1a:79:90:8e:c8",
                "00:1a:79:3d:16:41",
                "00:1a:79:a7:1f:46",
                "00:1a:79:f7:5f:8c",
                "00:1a:79:d3:6b:35",
                "00:1a:79:00:02:a8",
                "00:1a:79:19:21:fb"
            ]
        },
        {
            "server_name": "ip.king-cobra.eu:8080",
            "server_url": "http://ip.king-cobra.eu:8080/c/",
            "macs": [
                "00:1a:79:ab:42:05",
                "00:1a:79:b0:50:d7",
                "00:1a:79:a1:8a:e7",
                "00:1a:79:31:d1:a9",
                "00:1a:79:41:a9:8e",
                "00:1a:79:6d:63:df",
                "00:1a:79:b2:51:59",
                "00:1a:79:bd:3a:54",
                "00:1a:79:3b:0f:5a",
                "00:1a:79:a1:ad:e9",
                "00:1a:79:5f:dc:eb",
                "00:1a:79:22:22:33",
                "00:1a:79:2f:c8:c3",
                "00:1a:79:ae:2a:42",
                "00:1a:79:dc:a7:56",
                "00:1a:79:18:bc:f8",
                "00:1a:79:8c:03:d4",
                "00:1a:79:30:08:6e",
                "00:1a:79:fb:a5:49",
                "00:1a:79:40:43:d8",
                "00:1a:79:db:b3:f9",
                "00:1a:79:74:96:94",
                "00:1a:79:0f:c8:b1",
                "00:1a:79:b9:2b:b0",
                "00:1a:79:2a:d2:9b",
                "00:1a:79:45:8e:10",
                "00:1a:79:6d:ee:20",
                "00:1a:79:d6:42:bc",
                "00:1a:79:2c:5f:38",
                "00:1a:79:d9:37:18",
                "00:1a:79:00:74:3d",
                "00:1a:79:3a:9a:bb",
                "00:1a:79:16:0b:12",
                "00:1a:79:62:c2:dc"
            ]
        },
        {
            "server_name": "bozhd.eu:7575",
            "server_url": "http://bozhd.eu:7575/c/",
            "macs": [
                "00:1a:79:a3:64:85"
            ]
        },
        {
            "server_name": "elboxtv.com:1985",
            "server_url": "http://elboxtv.com:1985/c/",
            "macs": [
                "00:1a:79:ab:0f:0f"
            ]
        },
        {
            "server_name": "clubtv.pro-ott.com:25443",
            "server_url": "http://clubtv.pro-ott.com:25443/c/",
            "macs": [
                "00:1a:79:c0:2d:1a"
            ]
        },
        {
            "server_name": "neomixs.com:8080",
            "server_url": "http://neomixs.com:8080/c/",
            "macs": [
                "00:1a:79:21:fc:e0",
                "00:1a:79:fb:a5:36",
                "00:1a:79:71:09:0b",
                "00:1a:79:5f:ab:f6",
                "00:1a:79:1f:1a:5c",
                "00:1a:79:5a:3e:bd",
                "00:1a:79:57:94:14",
                "00:1a:79:85:f3:5c",
                "00:1a:79:5d:e5:0b",
                "00:1a:79:3b:74:8c",
                "00:1a:79:54:70:b5",
                "00:1a:79:e0:f7:a0",
                "00:1a:79:57:7e:bd",
                "00:1a:79:75:8d:ef",
                "00:1a:79:39:31:69",
                "00:1a:79:14:70:a0",
                "00:1a:79:14:4c:e4",
                "00:1a:79:bd:59:fb",
                "00:1a:79:42:87:d8",
                "00:1a:79:a1:3b:81",
                "00:1a:79:67:6a:19",
                "00:1a:79:a1:88:b5"
            ]
        },
        {
            "server_name": "dcsport.xyz:8080",
            "server_url": "http://dcsport.xyz:8080/c/",
            "macs": [
                "00:1a:79:48:0a:cc",
                "00:1a:79:5f:00:93",
                "00:1a:79:47:92:bd",
                "00:1a:79:6e:1a:61",
                "00:1a:79:2e:c3:e8",
                "00:1a:79:3e:7b:2e",
                "00:1a:79:56:a2:8e",
                "00:1a:79:1c:0f:7d",
                "00:1a:79:23:53:8a",
                "00:1a:79:ad:f7:92",
                "00:1a:79:28:46:a8",
                "00:1a:79:2f:22:69",
                "00:1a:79:6e:4a:46",
                "00:1a:79:a4:6b:b6",
                "00:1a:79:3a:c8:5f",
                "00:1a:79:5f:66:b0",
                "00:1a:79:b8:6c:8b",
                "00:1a:79:13:c1:4c",
                "00:1a:79:ad:bf:7e",
                "00:1a:79:53:ec:25",
                "00:1a:79:5c:cf:27",
                "00:1a:79:ea:bb:f3",
                "00:1a:79:00:24:05",
                "00:1a:79:ab:38:f7",
                "00:1a:79:6e:63:4c",
                "00:1a:79:fc:f9:b8",
                "00:1a:79:00:d9:43",
                "00:1a:79:6a:d8:77"
            ]
        }
    ]
}