{
    "items": [
        {
            "server_name": "clubtv.pro-ott.com:25443",
            "server_url": "http://clubtv.pro-ott.com:25443/c/",
            "macs": [
                "00:1a:79:b5:d0:d5",
                "00:1a:79:44:78:1a"
            ]
        },
        {
            "server_name": "ip.king-cobra.eu:8080",
            "server_url": "http://ip.king-cobra.eu:8080/c/",
            "macs": [
                "00:1A:79:74:C1:C5"
            ]
        },
        {
            "server_name": "serviceprivate.pt:8080",
            "server_url": "http://serviceprivate.pt:8080/c/",
            "macs": [
                "00:1A:79:49:08:60"
            ]
        },
        {
            "server_name": "dj.webhop.org:8080",
            "server_url": "http://dj.webhop.org:8080/c/",
            "macs": [
                "00:1A:79:43:86:E1",
                "00:1A:79:BB:59:8F"
            ]
        },
        {
            "server_name": "vipaf.one:2095",
            "server_url": "http://vipaf.one:2095/c/",
            "macs": [
                "00:1A:79:BA:01:04",
                "00:1A:79:B3:1B:3B",
                "00:1A:79:B7:58:F8",
                "00:1A:79:B5:99:A0"
            ]
        },
        {
            "server_name": "bestplay.tv:8080",
            "server_url": "http://bestplay.tv:8080/c/",
            "macs": [
                "00:1A:79:B2:54:FD"
            ]
        },
        {
            "server_name": "yellow-star.info:8000",
            "server_url": "http://yellow-star.info:8000/c/",
            "macs": [
                "00:1A:79:95:41:6E"
            ]
        },
        {
            "server_name": "tv.trexiptv.com:8000",
            "server_url": "http://tv.trexiptv.com:8000/c/",
            "macs": [
                "00:1A:79:a9:f1:b8",
                "00:1A:79:c1:ae:7c",
                "00:1A:79:2c:8f:92"
            ]
        },
        {
            "server_name": "vip.ultrach.com:8080",
            "server_url": "http://vip.ultrach.com:8080/c/",
            "macs": [
                "00:1A:79:4e:f5:8b",
                "00:1A:79:c8:4f:83",
                "00:1A:79:a1:36:0f",
                "00:1A:79:bb:8d:50"
            ]
        },
        {
            "server_name": "x4ever.eu:8000",
            "server_url": "http://x4ever.eu:8000/c/",
            "macs": [
                "00:1A:79:6a:a3:ba",
                "00:1A:79:59:c2:76",
                "00:1A:79:68:e9:9c"
            ]
        },
        {
            "server_name": "tvbross.com:8090",
            "server_url": "http://tvbross.com:8090/c/",
            "macs": [
                "00:1A:79:6a:de:ce",
                "00:1A:79:17:2a:df",
                "00:1A:79:4a:85:99",
                "00:1A:79:ae:b8:a3",
                "00:1A:79:58:00:a0",
                "00:1A:79:bb:b7:6f",
                "00:1A:79:16:5f:e8",
                "00:1A:79:3b:bf:53"
            ]
        },
        {
            "server_name": "vip.mediptv.123tv.to:8080",
            "server_url": "http://vip.mediptv.123tv.to:8080/c/",
            "macs": [
                "00:1A:79:58:CE:E6",
                "00:1A:79:63:6D:E6",
                "00:1A:79:21:89:24",
                "00:1A:79:2B:8F:84",
                "00:1A:79:18:05:34",
                "00:1A:79:58:02:49",
                "00:1A:79:AD:4D:E5"
            ]
        },
        {
            "server_name": "s1.iptv66.tv",
            "server_url": "http://s1.iptv66.tv/c/",
            "macs": [
                "00:1a:79:40:1f:09",
                "00:1a:79:32:1b:c3",
                "00:1a:79:31:71:fe",
                "00:1a:79:2b:5e:50",
                "00:1a:79:31:12:2d",
                "00:1a:79:3a:e0:8e",
                "00:1a:79:32:0e:cd",
                "00:1a:79:24:20:59"
            ]
        },
        {
            "server_name": "w.bs-share.com:8000",
            "server_url": "http://w.bs-share.com:8000/c/",
            "macs": [
                "00:1a:79:46:ef:97",
                "00:1a:79:3f:25:18"
            ]
        },
        {
            "server_name": "stream.panel3755897.elittvplayer.shop",
            "server_url": "http://stream.panel3755897.elittvplayer.shop/c/",
            "macs": [
                "00:1A:79:5E:D8:34",
                "00:1A:79:2A:0A:DC"
            ]
        },
        {
            "server_name": "62.182.81.111:8000",
            "server_url": "http://62.182.81.111:8000/c/",
            "macs": [
                "00:1A:79:BA:3B:9C",
                "00:1A:79:47:CC:2A",
                "00:1A:79:4E:BF:39",
                "00:1A:79:AD:98:10",
                "00:1A:79:B4:3B:BC",
                "00:1A:79:4C:84:EA"
            ]
        },
        {
            "server_name": "m3ulink.com:6969",
            "server_url": "http://m3ulink.com:6969/c/",
            "macs": [
                "00:1A:79:63:56:42",
                "00:1A:79:AE:DB:27",
                "00:1A:79:59:80:C4",
                "00:1A:79:6C:6C:AD",
                "00:1A:79:6F:E0:B5"
            ]
        },
        {
            "server_name": "51.222.117.35:8880",
            "server_url": "http://51.222.117.35:8880/c/",
            "macs": [
                "00:1A:79:24:0F:DC"
            ]
        },
        {
            "server_name": "1tv1.net:8080",
            "server_url": "http://1tv1.net:8080/c/",
            "macs": [
                "00:1A:79:6A:3E:35"
            ]
        },
        {
            "server_name": "portal.geniptv.com:8080",
            "server_url": "http://portal.geniptv.com:8080/c/",
            "macs": [
                "00:1A:79:48:50:BD"
            ]
        },
        {
            "server_name": "stream.1.tvs24.net:25461",
            "server_url": "http://stream.1.tvs24.net:25461/c/",
            "macs": [
                "00:1A:79:D0:08:5F",
                "00:1A:79:57:46:D0",
                "00:1A:79:46:6D:14"
            ]
        },
        {
            "server_name": "bestswedishstream..net:2095",
            "server_url": "http://bestswedishstream..net:2095/c/",
            "macs": [
                "00:1A:79:BA:01:04",
                "00:1A:79:B3:1B:3B",
                "00:1A:79:B7:58:F8",
                "00:1A:79:B5:99:A0",
                "00:1A:79:4C:0E:DF",
                "00:1A:79:B0:91:E4",
                "00:1A:79:B2:57:45"
            ]
        },
        {
            "server_name": "iptvking.123tv.to:8080",
            "server_url": "http://iptvking.123tv.to:8080/c/",
            "macs": [
                "00:1A:79:01:22:67",
                "00:1A:79:01:23:03",
                "00:1A:79:01:29:BB",
                "00:1A:79:01:44:4B",
                "00:1A:79:01:5B:D1",
                "00:1A:79:01:59:1C",
                "00:1A:79:01:67:C9",
                "00:1A:79:01:73:6B",
                "00:1A:79:01:75:EF"
            ]
        },
        {
            "server_name": "mag.cobra-group.media:80",
            "server_url": "http://mag.cobra-group.media:80/c/",
            "macs": [
                "00:1a:79:00:3D:17",
                "00:1A:79:00:09:0B",
                "00:1A:79:50:D2:5A",
                "00:1A:79:40:40:AB",
                "00:1A:79:AB:C2:FB",
                "00:1A:79:57:96:A5",
                "00:1A:79:CD:0F:CE",
                "00:1A:79:10:4F:13"
            ]
        },
        {
            "server_name": "m7.websecureme.net:80",
            "server_url": "http://m7.websecureme.net:80/c/",
            "macs": [
                "00:1a:79:00:3D:17",
                "00:1A:79:00:09:0B",
                "00:1A:79:50:D2:5A",
                "00:1A:79:40:40:AB",
                "00:1A:79:AB:C2:FB",
                "00:1A:79:57:96:A5",
                "00:1A:79:CD:0F:CE",
                "00:1A:79:10:4F:13"
            ]
        },
        {
            "server_name": "fish.codservers.fans:8080",
            "server_url": "http://fish.codservers.fans:8080/c/",
            "macs": [
                "00:1a:79:b2:c1:bc"
            ]
        },
        {
            "server_name": "foxx-tv.com:9600",
            "server_url": "http://foxx-tv.com:9600/c/",
            "macs": [
                "00:1a:79:ae:14:97",
                "00:1a:79:ae:6c:4d",
                "00:1a:79:ae:b7:70",
                "00:1a:79:ae:98:ad"
            ]
        },
        {
            "server_name": "gaa32.xyz:8888",
            "server_url": "http://gaa32.xyz:8888/c/",
            "macs": [
                "00:1a:79:db:da:63"
            ]
        },
        {
            "server_name": "tvchallenge.tn:7040",
            "server_url": "http://tvchallenge.tn:7040/c/",
            "macs": [
                "00:1a:79:32:f0:e3"
            ]
        },
        {
            "server_name": "lotintv4k.com",
            "server_url": "http://lotintv4k.com/c/",
            "macs": [
                "00:1a:79:bc:27:f2",
                "00:1a:79:57:16:95",
                "00:1a:79:4b:73:1b",
                "00:1a:79:f0:04:7c"
            ]
        },
        {
            "server_name": "p5.giffy.be:8080",
            "server_url": "http://p5.giffy.be:8080/c/",
            "macs": [
                "00:1a:79:30:1f:f4"
            ]
        },
        {
            "server_name": "tptv.cz",
            "server_url": "http://tptv.cz/c/",
            "macs": [
                "00:1a:79:6b:9f:e4"
            ]
        },
        {
            "server_name": "tvmax.maxtelekom.com:25461",
            "server_url": "http://tvmax.maxtelekom.com:25461/c/",
            "macs": [
                "00:1a:79:57:97:52"
            ]
        },
        {
            "server_name": "wagmaott.com:8080",
            "server_url": "http://wagmaott.com:8080/c/",
            "macs": [
                "00:1a:79:22:20:2f",
                "00:1a:79:9f:68:4a",
                "00:1a:79:6a:c3:b6"
            ]
        },
        {
            "server_name": "wagmaott.com:8080",
            "server_url": "http://wagmaott.com:8080/c/",
            "macs": [
                "00:1a:79:4f:ec:45"
            ]
        },
        {
            "server_name": "royall.xyz:2082",
            "server_url": "http://royall.xyz:2082/c/",
            "macs": [
                "00:1a:79:46:43:83"
            ]
        },
        {
            "server_name": "185.66.90.205:25443",
            "server_url": "http://185.66.90.205:25443/c/",
            "macs": [
                "00:1a:79:1e:41:41"
            ]
        },
        {
            "server_name": "ip.mooniptv.cz",
            "server_url": "http://ip.mooniptv.cz/c/",
            "macs": [
                "00:1a:79:8a:e4:dc",
                "00:1a:79:28:a8:6e",
                "00:1a:79:a8:66:91",
                "00:1a:79:41:e0:96"
            ]
        },
        {
            "server_name": "redmionline.com:8000",
            "server_url": "http://redmionline.com:8000/c/",
            "macs": [
                "00:1a:79:bb:3d:30",
                "00:1a:79:6b:7c:a5"
            ]
        },
        {
            "server_name": "main.4k-ott.com",
            "server_url": "http://main.4k-ott.com/c/",
            "macs": [
                "00:1a:79:2d:c0:89",
                "00:1a:79:94:a6:e8",
                "00:1a:79:17:1b:03",
                "00:1a:79:86:c4:f3",
                "00:1a:79:0d:0f:8b",
                "00:1a:79:b9:25:a3",
                "00:1a:79:70:fe:3c",
                "00:1a:79:81:57:50",
                "00:1a:79:a3:4c:e1",
                "00:1a:79:3a:da:d0",
                "00:1a:79:b7:ef:12"
            ]
        },
        {
            "server_name": "i4cool.club",
            "server_url": "http://i4cool.club/c/",
            "macs": [
                "00:1a:79:6b:80:d1",
                "00:1a:79:dc:05:4f",
                "00:1a:79:34:ee:3c",
                "00:1a:79:57:c3:d3",
                "00:1a:79:a9:d6:62",
                "00:1a:79:a3:d1:d0",
                "00:1a:79:6d:dc:fa",
                "00:1a:79:57:c7:b0",
                "00:1a:79:b2:45:5c",
                "00:1a:79:b8:6e:dc",
                "00:1a:79:56:d1:83",
                "00:1a:79:66:20:05",
                "00:1a:79:51:fc:d6",
                "00:1a:79:9a:f2:c5",
                "00:1a:79:90:11:3a",
                "00:1a:79:57:bd:a5",
                "00:1a:79:51:3d:e4",
                "00:1a:79:ba:93:00",
                "00:1a:79:b4:ee:0e",
                "00:1a:79:3d:cb:26"
            ]
        },
        {
            "server_name": "matrix-ott.tv:8080",
            "server_url": "http://matrix-ott.tv:8080/c/",
            "macs": [
                "00:1a:79:85:dd:6a",
                "00:1a:79:ce:d7:fe",
                "00:1a:79:ab:e9:05",
                "00:1a:79:a8:b4:0f",
                "00:1a:79:38:ce:25",
                "00:1a:79:40:ec:c7",
                "00:1a:79:e0:01:74",
                "00:1a:79:5d:de:43",
                "00:1a:79:de:2f:49",
                "00:1a:79:ab:56:e9",
                "00:1a:79:40:66:22",
                "00:1a:79:55:6a:42",
                "00:1a:79:d7:11:ba",
                "00:1a:79:6b:33:f2",
                "00:1a:79:69:fd:1d",
                "00:1a:79:59:57:53",
                "00:1a:79:3d:e5:49"
            ]
        },
        {
            "server_name": "satelliteiptv.pro",
            "server_url": "http://satelliteiptv.pro/c/",
            "macs": [
                "00:1a:79:53:23:eb",
                "00:1a:79:da:70:25",
                "00:1a:79:e6:f5:73",
                "00:1a:79:5a:8f:1e",
                "00:1a:79:fa:f2:ac",
                "00:1a:79:58:0b:6e",
                "00:1a:79:a0:82:f8",
                "00:1a:79:4e:f1:d5",
                "00:1a:79:d0:39:05",
                "00:1a:79:bf:fc:61",
                "00:1a:79:58:c7:36",
                "00:1a:79:e5:40:b4",
                "00:1a:79:06:a3:c2",
                "00:1a:79:50:e3:60",
                "00:1a:79:7c:3e:fe",
                "00:1a:79:8a:28:92",
                "00:1a:79:76:85:fb",
                "00:1a:79:25:a6:69",
                "00:1a:79:68:4f:20",
                "00:1a:79:65:09:ca",
                "00:1a:79:51:d2:cf",
                "00:1a:79:a2:dc:97",
                "00:1a:79:58:13:b9",
                "00:1a:79:5a:81:b4",
                "00:1a:79:58:25:26",
                "00:1a:79:64:c1:05",
                "00:1a:79:40:be:48",
                "00:1a:79:32:2b:e9",
                "00:1a:79:a6:1f:db",
                "00:1a:79:70:be:38",
                "00:1a:79:1a:ad:37",
                "00:1a:79:6a:58:80",
                "00:1a:79:ad:80:42",
                "00:1a:79:b4:85:bf",
                "00:1a:79:74:21:01",
                "00:1a:79:69:4b:17",
                "00:1a:79:c5:f2:5d",
                "00:1a:79:e8:f6:86",
                "00:1a:79:4c:2f:3b",
                "00:1a:79:4c:17:8b",
                "00:1a:79:a7:65:82",
                "00:1a:79:c5:1b:52",
                "00:1a:79:1b:60:ef",
                "00:1a:79:b4:47:19",
                "00:1a:79:ad:22:49",
                "00:1a:79:63:a2:02",
                "00:1a:79:b7:70:d2",
                "00:1a:79:ac:1c:c5",
                "00:1a:79:0e:e9:fe",
                "00:1a:79:9a:b0:fc",
                "00:1a:79:a8:b4:65",
                "00:1a:79:58:c5:2b",
                "00:1a:79:77:29:dd",
                "00:1a:79:51:63:1c",
                "00:1a:79:6e:1f:ef",
                "00:1a:79:ea:e3:4c",
                "00:1a:79:4e:9b:a3",
                "00:1a:79:2b:ca:a3",
                "00:1a:79:2a:52:6a",
                "00:1a:79:f5:6f:a9",
                "00:1a:79:3f:e8:4e",
                "00:1a:79:9f:34:76",
                "00:1a:79:68:01:5f",
                "00:1a:79:6d:b3:ad",
                "00:1a:79:3d:5f:c0",
                "00:1a:79:cc:3b:51",
                "00:1a:79:9e:b2:dd",
                "00:1a:79:72:9e:91"
            ]
        },
        {
            "server_name": "piu.kim:8080",
            "server_url": "http://piu.kim:8080/c/",
            "macs": [
                "00:1a:79:ab:37:3c",
                "00:1a:79:2e:aa:78",
                "00:1a:79:bd:83:22",
                "00:1a:79:be:97:42",
                "00:1a:79:ab:3e:f6",
                "00:1a:79:41:ef:7b",
                "00:1a:79:b8:78:4b",
                "00:1a:79:53:75:fb",
                "00:1a:79:b7:11:5b",
                "00:1a:79:af:34:09",
                "00:1a:79:e2:5f:46",
                "00:1a:79:a6:da:69",
                "00:1a:79:48:14:cf",
                "00:1a:79:ad:51:05",
                "00:1a:79:59:c9:f7",
                "00:1a:79:b7:88:d8",
                "00:1a:79:a5:a2:ae",
                "00:1a:79:ad:a9:00",
                "00:1a:79:b4:47:b6",
                "00:1a:79:b7:c4:82",
                "00:1a:79:5e:3c:9f",
                "00:1a:79:54:15:7e",
                "00:1a:79:b0:b6:25",
                "00:1a:79:4d:f5:d5",
                "00:1a:79:bd:4a:2e",
                "00:1a:79:3a:18:0a",
                "00:1a:79:58:09:9b",
                "00:1a:79:bb:cb:48",
                "00:1a:79:b9:d1:14",
                "00:1a:79:ab:56:8f",
                "00:1a:79:be:87:6b",
                "00:1a:79:b9:ce:fc",
                "00:1a:79:18:7f:79",
                "00:1a:79:14:7f:c4",
                "00:1a:79:97:76:32",
                "00:1a:79:53:8f:da",
                "00:1a:79:42:31:4b",
                "00:1a:79:a7:d5:75",
                "00:1a:79:a3:65:41",
                "00:1a:79:6b:4f:2c",
                "00:1a:79:ba:45:f7",
                "00:1a:79:b6:2f:96",
                "00:1a:79:b6:d7:85",
                "00:1a:79:df:b6:7f",
                "00:1a:79:a3:13:bb",
                "00:1a:79:ad:af:5b",
                "00:1a:79:b9:db:25",
                "00:1a:79:ad:a0:f1",
                "00:1a:79:a7:a4:6d",
                "00:1a:79:2b:7f:37",
                "00:1a:79:b0:c2:35",
                "00:1a:79:62:c3:b7",
                "00:1a:79:56:91:b3",
                "00:1a:79:02:9f:e3"
            ]
        },
        {
            "server_name": "line.4k-gold.net",
            "server_url": "http://line.4k-gold.net/c/",
            "macs": [
                "00:1a:79:57:27:9b",
                "00:1a:79:bf:9c:f8",
                "00:1a:79:b6:53:47",
                "00:1a:79:3f:e7:32",
                "00:1a:79:22:16:d0",
                "00:1a:79:bd:06:41",
                "00:1a:79:c0:6f:28",
                "00:1a:79:22:10:a7",
                "00:1a:79:1d:0c:30",
                "00:1a:79:ad:6d:e0",
                "00:1a:79:bf:78:44",
                "00:1a:79:19:49:89",
                "00:1a:79:19:43:2a",
                "00:1a:79:a1:ae:dd",
                "00:1a:79:bd:95:a3",
                "00:1a:79:db:2c:cc",
                "00:1a:79:22:01:06",
                "00:1a:79:4b:dc:40",
                "00:1a:79:bc:de:27",
                "00:1a:79:73:ac:0d",
                "00:1a:79:76:c1:e2",
                "00:1a:79:d0:31:73",
                "00:1a:79:54:d4:0b",
                "00:1a:79:c0:a3:28",
                "00:1a:79:19:46:e5",
                "00:1a:79:52:35:60",
                "00:1a:79:b0:a7:ab",
                "00:1a:79:74:89:22",
                "00:1a:79:74:00:e6",
                "00:1a:79:48:04:d6",
                "00:1a:79:aa:6e:10",
                "00:1a:79:59:45:2f",
                "00:1a:79:b6:51:3c",
                "00:1a:79:fd:22:d0",
                "00:1a:79:35:f6:4d",
                "00:1a:79:12:bc:8a",
                "00:1a:79:bc:d4:8a",
                "00:1a:79:b7:2b:0c",
                "00:1a:79:57:e5:31",
                "00:1a:79:51:16:ef",
                "00:1a:79:96:05:f6",
                "00:1a:79:c5:ac:c6",
                "00:1a:79:85:d5:3d",
                "00:1a:79:18:2f:25",
                "00:1a:79:70:d6:70"
            ]
        },
        {
            "server_name": "portal.spacepanel.live:8080",
            "server_url": "http://portal.spacepanel.live:8080/c/",
            "macs": [
                "00:1a:79:a5:e6:ef",
                "00:1a:79:ae:30:37",
                "00:1a:79:ba:00:53",
                "00:1a:79:58:07:80",
                "00:1a:79:b7:11:6b",
                "00:1a:79:97:33:51",
                "00:1a:79:bb:19:04",
                "00:1a:79:b6:e1:28",
                "00:1a:79:ae:6f:49",
                "00:1a:79:b4:e3:fc",
                "00:1a:79:b8:90:d2",
                "00:1a:79:3a:08:09",
                "00:1a:79:b2:00:4f",
                "00:1a:79:14:eb:8f",
                "00:1a:79:43:17:9f",
                "00:1a:79:b2:0a:2f",
                "00:1a:79:18:95:55",
                "00:1a:79:4a:4a:d8",
                "00:1a:79:ab:42:3c",
                "00:1a:79:b6:de:73"
            ]
        },
        {
            "server_name": "portal.ram.z123.xyz",
            "server_url": "http://portal.ram.z123.xyz/c/",
            "macs": [
                "00:1a:79:b7:14:6b",
                "00:1a:79:ad:f2:91",
                "00:1a:79:d6:89:4c",
                "00:1a:79:09:65:fc",
                "00:1a:79:24:57:a6",
                "00:1a:79:a6:47:b4",
                "00:1a:79:5c:ce:17",
                "00:1a:79:4c:10:87",
                "00:1a:79:21:10:a6",
                "00:1a:79:a9:1b:50",
                "00:1a:79:ad:ad:32",
                "00:1a:79:ba:62:be",
                "00:1a:79:40:82:80",
                "00:1a:79:50:5a:5c",
                "00:1a:79:68:74:29",
                "00:1a:79:59:c9:c7",
                "00:1a:79:4d:7a:c7",
                "00:1a:79:b9:8c:04",
                "00:1a:79:ad:51:ee",
                "00:1a:79:ad:14:27",
                "00:1a:79:79:d2:ef",
                "00:1a:79:ad:9d:9a",
                "00:1a:79:5f:d9:3a",
                "00:1a:79:af:9f:4d",
                "00:1a:79:bd:49:66",
                "00:1a:79:bd:0a:22",
                "00:1a:79:39:5f:3f",
                "00:1a:79:37:3e:58"
            ]
        },
        {
            "server_name": "ip.king-cobra.eu:8080",
            "server_url": "http://ip.king-cobra.eu:8080/c/",
            "macs": [
                "00:1a:79:ae:01:b5",
                "00:1a:79:57:68:09",
                "00:1a:79:3b:7f:d9",
                "00:1a:79:31:86:a3",
                "00:1a:79:44:84:dc",
                "00:1a:79:42:fd:5f",
                "00:1a:79:45:a4:36",
                "00:1a:79:70:b2:c2",
                "00:1a:79:2a:d2:6a",
                "00:1a:79:85:d6:3f",
                "00:1a:79:0c:07:2f",
                "00:1a:79:2a:d2:1f",
                "00:1a:79:2a:d2:55",
                "00:1a:79:2a:94:9c",
                "00:1a:79:69:01:20",
                "00:1a:79:1e:07:2b"
            ]
        },
        {
            "server_name": "ultra-box.club",
            "server_url": "http://ultra-box.club/c/",
            "macs": [
                "00:1a:79:c0:23:0b",
                "00:1a:79:c0:50:4b",
                "00:1a:79:ac:78:84",
                "00:1a:79:2e:7f:5e",
                "00:1a:79:3c:20:15",
                "00:1a:79:1c:12:8c",
                "00:1a:79:5f:e6:02",
                "00:1a:79:62:32:75",
                "00:1a:79:b7:52:87",
                "00:1a:79:66:21:8a",
                "00:1a:79:40:76:be",
                "00:1a:79:b3:1e:d5",
                "00:1a:79:67:3a:d3",
                "00:1a:79:b0:96:f4",
                "00:1a:79:1e:f4:17",
                "00:1a:79:75:7d:66",
                "00:1a:79:71:84:00",
                "00:1a:79:73:78:ba",
                "00:1a:79:e6:a2:3a",
                "00:1a:79:64:81:f2",
                "00:1a:79:60:c6:c3",
                "00:1a:79:4b:b8:7d",
                "00:1a:79:ab:eb:c4"
            ]
        },
        {
            "server_name": "powerip.be:8000",
            "server_url": "http://powerip.be:8000/c/",
            "macs": [
                "00:1a:79:72:2b:68",
                "00:1a:79:46:66:e1",
                "00:1a:79:60:54:b8",
                "00:1a:79:bf:a5:33",
                "00:1a:79:6e:b8:a2",
                "00:1a:79:b9:db:e0",
                "00:1a:79:23:94:94",
                "00:1a:79:a7:8f:00",
                "00:1a:79:6b:36:bd",
                "00:1a:79:1e:3d:95",
                "00:1a:79:4b:06:67",
                "00:1a:79:88:57:30",
                "00:1a:79:6c:ee:60",
                "00:1a:79:4c:f2:1a",
                "00:1a:79:46:4a:f7",
                "00:1a:79:c8:22:5e",
                "00:1a:79:51:17:9b",
                "00:1a:79:31:fa:bb",
                "00:1a:79:c5:e0:33",
                "00:1a:79:3f:0d:9d",
                "00:1a:79:5e:e5:cc",
                "00:1a:79:a5:7f:87",
                "00:1a:79:43:3d:ae",
                "00:1a:79:bf:9c:ef",
                "00:1a:79:5a:c3:8a",
                "00:1a:79:40:25:70",
                "00:1a:79:31:d1:a7",
                "00:1a:79:af:0b:30",
                "00:1a:79:31:eb:14",
                "00:1a:79:6d:a2:c8"
            ]
        },
        {
            "server_name": "mag.diam.ondma.club",
            "server_url": "http://mag.diam.ondma.club/c/",
            "macs": [
                "00:1a:79:d5:5f:6e",
                "00:1a:79:0c:9f:8f",
                "00:1a:79:3a:38:8f",
                "00:1a:79:20:9f:16",
                "00:1a:79:e3:6e:30",
                "00:1a:79:9c:19:24",
                "00:1a:79:b2:7e:c1",
                "00:1a:79:20:5f:ea",
                "00:1a:79:1d:7f:68",
                "00:1a:79:45:04:e0"
            ]
        },
        {
            "server_name": "bollox.ie:8080",
            "server_url": "http://bollox.ie:8080/c/",
            "macs": [
                "00:1a:79:93:5c:59",
                "00:1a:79:ac:93:dd",
                "00:1a:79:b0:25:96",
                "00:1a:79:b9:68:29"
            ]
        },
        {
            "server_name": "dm.4kplus.icu:2082",
            "server_url": "http://dm.4kplus.icu:2082/c/",
            "macs": [
                "00:1a:79:14:11:3f"
            ]
        },
        {
            "server_name": "zam.services.co.uk:2086",
            "server_url": "http://zam.services.co.uk:2086/c/",
            "macs": [
                "00:1a:79:50:1c:0d"
            ]
        },
        {
            "server_name": "zam.services.co.uk:2086",
            "server_url": "http://zam.services.co.uk:2086/c/",
            "macs": [
                "00:1a:79:e9:a2:e3"
            ]
        },
        {
            "server_name": "zam.services.co.uk:2086",
            "server_url": "http://zam.services.co.uk:2086/c/",
            "macs": [
                "00:1a:79:50:16:f1"
            ]
        },
        {
            "server_name": "zam.services.co.uk:2086",
            "server_url": "http://zam.services.co.uk:2086/c/",
            "macs": [
                "00:1a:79:ea:fc:ec"
            ]
        },
        {
            "server_name": "zam.services.co.uk:2086",
            "server_url": "http://zam.services.co.uk:2086/c/",
            "macs": [
                "00:1a:79:06:7b:48"
            ]
        },
        {
            "server_name": "zam.services.co.uk:2086",
            "server_url": "http://zam.services.co.uk:2086/c/",
            "macs": [
                "00:1a:79:d0:f0:1c"
            ]
        },
        {
            "server_name": "zam.services.co.uk:2086",
            "server_url": "http://zam.services.co.uk:2086/c/",
            "macs": [
                "00:1a:79:58:6d:fb"
            ]
        },
        {
            "server_name": "zam.services.co.uk:2086",
            "server_url": "http://zam.services.co.uk:2086/c/",
            "macs": [
                "00:1a:79:01:a7:8d"
            ]
        },
        {
            "server_name": "zam.services.co.uk:2086",
            "server_url": "http://zam.services.co.uk:2086/c/",
            "macs": [
                "00:1a:79:01:7e:bd"
            ]
        },
        {
            "server_name": "zam.services.co.uk:2086",
            "server_url": "http://zam.services.co.uk:2086/c/",
            "macs": [
                "00:1a:79:01:91:f4"
            ]
        },
        {
            "server_name": "zam.services.co.uk:2086",
            "server_url": "http://zam.services.co.uk:2086/c/",
            "macs": [
                "00:1a:79:01:92:42"
            ]
        },
        {
            "server_name": "zam.services.co.uk:2086",
            "server_url": "http://zam.services.co.uk:2086/c/",
            "macs": [
                "00:1a:79:01:ac:20"
            ]
        },
        {
            "server_name": "zam.services.co.uk:2086",
            "server_url": "http://zam.services.co.uk:2086/c/",
            "macs": [
                "00:1a:79:01:b2:f9"
            ]
        },
        {
            "server_name": "zam.services.co.uk:2086",
            "server_url": "http://zam.services.co.uk:2086/c/",
            "macs": [
                "00:1a:79:01:c5:72"
            ]
        },
        {
            "server_name": "zam.services.co.uk:2086",
            "server_url": "http://zam.services.co.uk:2086/c/",
            "macs": [
                "00:1a:79:b3:5e:57"
            ]
        },
        {
            "server_name": "zam.services.co.uk:2086",
            "server_url": "http://zam.services.co.uk:2086/c/",
            "macs": [
                "00:1a:79:06:80:09"
            ]
        },
        {
            "server_name": "bestplay.tv:8080",
            "server_url": "http://bestplay.tv:8080/c/",
            "macs": [
                "00:1a:79:0f:70:e6"
            ]
        },
        {
            "server_name": "45.137.21.226",
            "server_url": "http://45.137.21.226/c/",
            "macs": [
                "00:1a:79:00:d7:73"
            ]
        },
        {
            "server_name": "powerip.be:8000",
            "server_url": "http://powerip.be:8000/c/",
            "macs": [
                "00:1a:79:46:4e:aa"
            ]
        },
        {
            "server_name": "powerip.be:8000",
            "server_url": "http://powerip.be:8000/c/",
            "macs": [
                "00:1a:79:35:be:fd"
            ]
        },
        {
            "server_name": "test.extraott-iptv.com:88",
            "server_url": "http://test.extraott-iptv.com:88/c/",
            "macs": [
                "00:1A:79:36:5f:10",
                "00:1A:79:60:8f:c0",
                "00:1A:79:60:9f:fa",
                "00:1A:79:60:04:46",
                "00:1A:79:36:3f:b4",
                "00:1A:79:c0:58:a5",
                "00:1A:79:36:3f:1e",
                "00:1A:79:64:8f:a1",
                "00:1A:79:3b:8f:84",
                "00:1A:79:1a:8f:a1",
                "00:1A:79:3b:9f:53",
                "00:1A:79:74:c2:5f",
                "00:1A:79:66:ce:63",
                "00:1A:79:a0:f2:77",
                "00:1A:79:64:8f:50",
                "00:1A:79:64:8f:fc",
                "00:1A:79:b0:71:90",
                "00:1A:79:5b:16:6b",
                "00:1A:79:36:3f:d7",
                "00:1A:79:64:8f:02",
                "00:1A:79:ab:b4:8d",
                "00:1A:79:23:5c:c6"
            ]
        },
        {
            "server_name": "bestplay.tv:8080",
            "server_url": "http://bestplay.tv:8080/c/",
            "macs": [
                "00:1a:79:6b:b1:0d"
            ]
        },
        {
            "server_name": "bestplay.tv:8080",
            "server_url": "http://bestplay.tv:8080/c/",
            "macs": [
                "00:1a:79:ae:87:85"
            ]
        }
    ]
}