{
    "items": [
        {
            "server_name": "royallivetv.club",
            "server_url": "http://royallivetv.club/c/",
            "macs": [
                "00:1a:79:75:32:5b",
                "00:1a:79:8d:43:cf",
                "00:1a:79:b0:93:3b",
                "00:1a:79:6e:59:6e",
                "00:1a:79:bf:25:54",
                "00:1a:79:b5:d7:53"
            ]
        },
        {
            "server_name": "gencosman.xyz:8000",
            "server_url": "http://gencosman.xyz:8000/c/",
            "macs": [
                "00:1a:79:79:12:98",
                "00:1a:79:b9:82:a3",
                "00:1a:79:70:67:04",
                "00:1a:79:bf:bd:05",
                "00:1a:79:ec:c2:be",
                "00:1a:79:aa:e3:42",
                "00:1a:79:45:a4:72",
                "00:1a:79:2d:8c:5a",
                "00:1a:79:3d:17:04",
                "00:1a:79:c3:6c:05",
                "00:1a:79:c7:a1:53",
                "00:1a:79:75:02:88",
                "00:1a:79:fc:16:2c",
                "00:1a:79:ab:6a:8c",
                "00:1a:79:f2:af:ed",
                "00:1a:79:1f:21:b1",
                "00:1a:79:5e:3b:7c",
                "00:1a:79:af:35:28",
                "00:1a:79:6a:7e:bd",
                "00:1a:79:5e:e4:8e",
                "00:1a:79:9d:30:79"
            ]
        },
        {
            "server_name": "mensstan.h1ott.com:80",
            "server_url": "http://mensstan.h1ott.com:80/c/",
            "macs": [
                "00:1A:79:72:5F:02",
                "00:1A:79:B6:FC:7D",
                "00:1A:79:23:70:5B",
                "00:1A:79:68:3F:8E",
                "00:1A:79:76:80:2F",
                "00:1A:79:E2:E0:6E",
                "00:1A:79:F5:55:63",
                "00:1A:79:18:0E:37",
                "00:1A:79:70:8E:4D"
            ]
        },
        {
            "server_name": "o2iptv.com:8080",
            "server_url": "http://o2iptv.com:8080/c/",
            "macs": [
                "00:1A:79:63:DF:58"
            ]
        },
        {
            "server_name": "play-plus.net:8000",
            "server_url": "http://play-plus.net:8000/c/",
            "macs": [
                "00:1A:79:00:46:28",
                "00:1A:79:A4:2E:7C",
                "00:1A:79:43:2A:36",
                "00:1A:79:1E:98:79",
                "00:1A:79:A1:1A:00",
                "00:1A:79:00:40:4A",
                "00:1A:79:D6:F9:6C",
                "00:1A:79:46:46:23",
                "00:1A:79:18:3C:53",
                "00:1A:79:17:A3:4F",
                "00:1A:79:6C:ED:D5",
                "00:1A:79:AE:85:BB",
                "00:1A:79:A4:7E:17",
                "00:1A:79:3A:3F:DF",
                "00:1A:79:3B:2C:E2",
                "00:1A:79:3B:28:9F",
                "00:1A:79:02:12:F3",
                "00:1A:79:5C:C5:89",
                "00:1A:79:AE:0F:C7",
                "00:1A:79:47:6A:B7",
                "00:1a:79:66:95:d2",
                "00:1A:79:00:56:32",
                "00:1A:79:3E:1D:9B"
            ]
        },
        {
            "server_name": "185.243.7.13:8000",
            "server_url": "http://185.243.7.13:8000/c/",
            "macs": [
                "00:1A:79:45:5E:9A",
                "00:1A:79:76:84:98",
                "00:1A:79:6C:DB:9D",
                "00:1A:79:B3:29:AF",
                "00:1A:79:AE:CC:26",
                "00:1A:79:17:1F:D9",
                "00:1A:79:5A:3F:E0",
                "00:1A:79:F2:F5:8B",
                "00:1A:79:59:83:9E",
                "00:1A:79:76:03:80",
                "00:1A:79:C3:B1:1D",
                "00:1A:79:61:F9:47",
                "00:1A:79:52:DE:F4",
                "00:1A:79:A9:30:E8",
                "00:1A:79:AC:21:E4",
                "00:1A:79:AC:1B:FE",
                "00:1A:79:AB:5E:89",
                "00:1A:79:B6:F9:13",
                "00:1A:79:45:9D:CE",
                "00:1A:79:CE:A3:06",
                "00:1A:79:39:1F:3B",
                "00:1A:79:24:16:A9",
                "00:1A:79:2B:3B:24",
                "00:1A:79:BF:D2:44",
                "00:1A:79:19:36:0F",
                "00:1A:79:DE:5F:F0",
                "00:1A:79:50:5D:9D",
                "00:1A:79:06:F8:57",
                "00:1A:79:E0:2B:8F",
                "00:1A:79:60:82:1E",
                "00:1A:79:5F:2F:A4",
                "00:1A:79:51:4D:39",
                "00:1A:79:C0:4F:3D"
            ]
        },
        {
            "server_name": "liveline.at:8080",
            "server_url": "http://liveline.at:8080/c/",
            "macs": [
                "00:1A:79:11:53:40",
                "00:1A:79:58:1D:AC",
                "00:1A:79:A6:DD:C6",
                "00:1A:79:71:10:94",
                "00:1A:79:9A:3D:CF",
                "00:1A:79:58:DC:94",
                "00:1A:79:1E:F5:AB",
                "00:1A:79:3E:0B:92",
                "00:1A:79:55:80:7B",
                "00:1A:79:A5:6F:12",
                "00:1A:79:31:AB:AF",
                "00:1A:79:45:7C:8C",
                "00:1A:79:55:2A:22",
                "00:1A:79:88:25:3F",
                "00:1A:79:5B:EF:C7",
                "00:1A:79:3B:13:2A",
                "00:1A:79:3D:CB:E9",
                "00:1A:79:39:59:C1",
                "00:1A:79:3B:15:6B",
                "00:1A:79:5C:3B:48",
                "00:1A:79:4F:C0:97",
                "00:1A:79:23:9B:4A",
                "00:1A:79:6D:C1:5D",
                "00:1A:79:02:E3:A0",
                "00:1A:79:00:FA:AA",
                "00:1A:79:02:3B:6F",
                "00:1A:79:23:53:E9",
                "00:1A:79:5B:F0:2C",
                "00:1A:79:45:F5:6E",
                "00:1A:79:43:D6:7D",
                "00:1A:79:03:87:BC",
                "00:1A:79:3D:15:8F",
                "00:1A:79:02:6F:91",
                "00:1A:79:35:F1:D1",
                "00:1A:79:85:DB:A3",
                "00:1A:79:02:B6:93",
                "00:1A:79:31:C8:2C",
                "00:1A:79:6D:E9:5F",
                "00:1A:79:4B:82:00",
                "00:1A:79:A5:D6:39",
                "00:1A:79:0E:21:1A"
            ]
        }
    ]
}