{
    "items": [
        {
            "server_name": "kapalikale.xyz:8080",
            "server_url": "http://kapalikale.xyz:8080/c/",
            "macs": [
                "00:1A:79:1e:33:2b",
                "00:1A:79:bf:d4:76",
                "00:1A:79:4d:6e:ce",
                "00:1A:79:67:6c:d3",
                "00:1A:79:4b:3d:05"
            ]
        },
        {
            "server_name": "powerip.be:8000",
            "server_url": "http://powerip.be:8000/c/",
            "macs": [
                "00:1a:79:8c:7b:fe",
                "00:1a:79:2c:8f:34",
                "00:1a:79:90:32:56",
                "00:1a:79:18:05:21",
                "00:1a:79:71:eb:7a",
                "00:1a:79:a1:ac:bb"
            ]
        },
        {
            "server_name": "yassooo.com:8000",
            "server_url": "http://yassooo.com:8000/c/",
            "macs": [
                "00:1A:79:28:6f:bd",
                "00:1A:79:b6:3d:31",
                "00:1A:79:23:37:97",
                "00:1A:79:44:04:e1",
                "00:1A:79:e2:d2:66"
            ]
        },
        {
            "server_name": "showflix.org:5890",
            "server_url": "http://showflix.org:5890/c/",
            "macs": [
                "00:1A:79:5F:FD:FA",
                "00:1A:79:5E:93:8D",
                "00:1A:79:3B:42:0E",
                "00:1A:79:4B:68:5E"
            ]
        },
        {
            "server_name": "formuler.xyz",
            "server_url": "http://formuler.xyz/stalker_portal/c/",
            "macs": [
                "00:1A:79:B4:83:83",
                "00:1A:79:AE:30:AC",
                "00:1A:79:B1:F1:0A",
                "00:1A:79:2E:72:53",
                "00:1A:79:33:78:F8",
                "00:1A:79:21:77:47"
            ]
        },
        {
            "server_name": "ip.king-cobra.eu:8080",
            "server_url": "http://ip.king-cobra.eu:8080/c/",
            "macs": [
                "00:1a:79:fb:8e:ac",
                "00:1a:79:95:5b:20",
                "00:1a:79:4f:8d:d5",
                "00:1a:79:4c:fb:bd",
                "00:1a:79:56:a7:32",
                "00:1a:79:4e:bb:79",
                "00:1a:79:8b:71:71"
            ]
        },
        {
            "server_name": "alfatv.life:8080",
            "server_url": "http://alfatv.life:8080/c/",
            "macs": [
                "00:1A:79:5C:CC:67",
                "00:1A:79:68:EE:4C",
                "00:1A:79:58:D1:90",
                "00:1A:79:3D:89:07",
                "00:1A:79:A1:82:1B",
                "00:1A:79:72:6B:63",
                "00:1A:79:54:71:E2",
                "00:1A:79:41:69:3C",
                "00:1A:79:BD:18:1C",
                "00:1A:79:01:01:DD"
            ]
        },
        {
            "server_name": "myf-tv.com:8080",
            "server_url": "http://myf-tv.com:8080/c/",
            "macs": [
                "00:1A:79:B9:FD:4E",
                "00:1A:79:BA:34:24",
                "00:1A:79:BF:36:97",
                "00:1A:79:D7:73:B7",
                "00:1A:79:BE:71:82"
            ]
        },
        {
            "server_name": "o2iptv.com:8080",
            "server_url": "http://o2iptv.com:8080/c/",
            "macs": [
                "00:1A:79:A7:53:D4",
                "00:1A:79:3F:24:2F",
                "00:1A:79:B2:AC:9D",
                "00:1A:79:A7:1A:8E",
                "00:1A:79:59:D6:F4"
            ]
        },
        {
            "server_name": "user.safeclient.live:8080",
            "server_url": "http://user.safeclient.live:8080/c/",
            "macs": [
                "00:1A:79:96:A7:0A",
                "00:1A:79:AD:FA:CD",
                "00:1A:79:A3:B7:E0",
                "00:1A:79:AA:E7:BF",
                "00:1A:79:B9:0B:74",
                "00:1A:79:66:A5:41",
                "00:1A:79:B5:1B:B2",
                "00:1A:79:66:24:EC",
                "00:1A:79:DE:E9:B1",
                "00:1A:79:48:84:BE"
            ]
        }
    ]
}