{
    "items": [
        {
            "server_name": "i4cool.club",
            "server_url": "http://i4cool.club/c/",
            "macs": [
                "00:1A:79:62:4C:62",
                "00:1A:79:A1:7F:8A",
                "00:1A:79:70:BF:79",
                "00:1A:79:10:B7:56",
                "00:1A:79:35:54:A1",
                "00:1A:79:AB:B2:5B",
                "00:1A:79:42:5C:7E",
                "00:1A:79:21:0F:62",
                "00:1A:79:37:B4:2E",
                "00:1A:79:4E:89:48",
                "00:1A:79:AA:55:6D",
                "00:1A:79:3E:F2:FC",
                "00:1A:79:A9:DC:4A",
                "00:1A:79:4E:F0:68",
                "00:1A:79:54:43:95",
                "00:1A:79:F2:90:70",
                "00:1A:79:5C:99:F2",
                "00:1A:79:42:A5:45",
                "00:1A:79:5F:21:CD",
                "00:1A:79:4E:6B:4A",
                "00:1A:79:4B:35:7B",
                "00:1A:79:11:59:00",
                "00:1A:79:4E:F0:68",
                "00:1A:79:35:52:C7",
                "00:1A:79:B7:74:CF",
                "00:1A:79:C0:9E:89",
                "00:1A:79:79:22:CC",
                "00:1A:79:4C:0C:F8",
                "00:1A:79:5E:8D:E9",
                "00:1A:79:5C:95:3E",
                "00:1A:79:5F:0F:5A",
                "00:1A:79:A3:60:73",
                "00:1A:79:B7:75:1A",
                "00:1A:79:B5:2C:E8",
                "00:1A:79:F3:B5:EC",
                "00:1a:79:c7:78:98",
                "00:1A:79:45:74:2F"
            ]
        },
        {
            "server_name": "sanaldunya34.com:8080",
            "server_url": "http://sanaldunya34.com:8080/c/",
            "macs": [
                "00:1a:79:a8:d4:4c",
                "00:1a:79:a5:2c:b6",
                "00:1a:79:a6:47:1c",
                "00:1a:79:a3:a1:5d",
                "00:1a:79:a6:d9:03",
                "00:1a:79:ac:f5:cf",
                "00:1a:79:a4:7a:cf",
                "00:1a:79:a9:2e:62",
                "00:1a:79:a2:b4:12",
                "00:1a:79:a9:ec:75",
                "00:1a:79:a4:44:77",
                "00:1a:79:a5:6f:96",
                "00:1a:79:ad:fc:39",
                "00:1a:79:ab:91:57",
                "00:1a:79:a1:ca:4e",
                "00:1a:79:a5:e3:ca",
                "00:1a:79:ad:ee:a5",
                "00:1a:79:ae:a0:7e",
                "00:1a:79:aa:6c:1d",
                "00:1a:79:a6:d8:f5",
                "00:1a:79:ae:b3:80",
                "00:1a:79:ae:3e:52",
                "00:1a:79:a3:88:44",
                "00:1a:79:ab:76:fd",
                "00:1a:79:aa:4c:c6"
            ]
        },
        {
            "server_name": "elboxtv.com:1985",
            "server_url": "http://elboxtv.com:1985/c/",
            "macs": [
                "00:1a:79:4e:86:55",
                "00:1a:79:6b:2b:b2",
                "00:1a:79:67:ac:f4"
            ]
        },
        {
            "server_name": "dont.t-v.io",
            "server_url": "http://dont.t-v.io/c/",
            "macs": [
                "00:1a:79:ab:a7:71",
                "00:1a:79:4c:e3:68",
                "00:1a:79:19:37:cd",
                "00:1a:79:a6:d6:56",
                "00:1a:79:39:36:71",
                "00:1a:79:b0:d4:c1"
            ]
        },
        {
            "server_name": "carlo.kim:8080",
            "server_url": "http://carlo.kim:8080/c/",
            "macs": [
                "00:1a:79:39:12:43"
            ]
        },
        {
            "server_name": "bozhd.eu:7575",
            "server_url": "http://bozhd.eu:7575/c/",
            "macs": [
                "00:1a:79:57:99:c9",
                "00:1a:79:68:ac:bb",
                "00:1a:79:45:98:c3",
                "00:1a:79:63:02:95",
                "00:1a:79:59:51:2d"
            ]
        },
        {
            "server_name": "m3u.iptvott.live:8080",
            "server_url": "http://m3u.iptvott.live:8080/c/",
            "macs": [
                "00:1a:79:a8:4b:8d",
                "00:1a:79:a7:7b:bb",
                "00:1a:79:04:b4:52"
            ]
        },
        {
            "server_name": "iptvplustv.online:8080",
            "server_url": "http://iptvplustv.online:8080/c/",
            "macs": [
                "00:1a:79:27:33:0b",
                "00:1a:79:4c:69:ac"
            ]
        },
        {
            "server_name": "maisdois.xyz",
            "server_url": "http://maisdois.xyz/c/",
            "macs": [
                "00:1a:79:b4:49:fb",
                "00:1a:79:46:bc:7e",
                "00:1a:79:a6:6e:03",
                "00:1a:79:38:bd:95",
                "00:1a:79:a5:a2:dc",
                "00:1a:79:ab:44:f4",
                "00:1a:79:b5:a5:cc",
                "00:1a:79:4a:ad:fe",
                "00:1a:79:af:67:54",
                "00:1a:79:ab:49:19",
                "00:1a:79:1e:4a:67"
            ]
        },
        {
            "server_name": "sideriodomi.ottc.pro",
            "server_url": "http://sideriodomi.ottc.pro/c/",
            "macs": [
                "00:1a:79:d5:67:ed",
                "00:1a:79:88:24:66",
                "00:1a:79:50:ce:50",
                "00:1a:79:4d:a0:fb"
            ]
        }
    ]
}