{
    "items": [
        {
            "server_name": "185.66.90.206:25443",
            "server_url": "http://185.66.90.206:25443/c/",
            "macs": [
                "00:1A:79:09:69:46",
                "00:1A:79:0A:B2:C6",
                "00:1A:79:0B:9A:06",
                "00:1A:79:0B:BC:A7",
                "00:1A:79:12:A5:6B",
                "00:1A:79:14:5F:2D",
                "00:1A:79:14:53:C7",
                "00:1A:79:1C:4A:99",
                "00:1A:79:1B:77:02",
                "00:1A:79:17:FC:4E",
                "00:1A:79:1E:C1:80",
                "00:1A:79:1C:69:25",
                "00:1A:79:20:EE:38",
                "00:1A:79:22:61:8F",
                "00:1A:79:25:68:2D",
                "00:1A:79:27:B9:B0",
                "00:1A:79:23:77:5F",
                "00:1A:79:23:35:47",
                "00:1A:79:23:25:D2",
                "00:1A:79:29:F8:5C",
                "00:1A:79:2B:1C:A8",
                "00:1A:79:2E:6F:BB",
                "00:1A:79:2F:3A:F5",
                "00:1A:79:31:80:1A",
                "00:1A:79:32:56:1A",
                "00:1A:79:34:96:D7",
                "00:1A:79:36:7F:CE",
                "00:1A:79:36:D5:23",
                "00:1A:79:38:11:97",
                "00:1A:79:3a:55:8c",
                "00:1A:79:38:73:41",
                "00:1A:79:3A:FB:07",
                "00:1A:79:3D:0B:59",
                "00:1A:79:40:24:47",
                "00:1A:79:41:7B:45",
                "00:1A:79:41:41:BC",
                "00:1A:79:41:1E:54",
                "00:1A:79:43:50:FD",
                "00:1A:79:41:ED:6A",
                "00:1A:79:41:E2:3D",
                "00:1A:79:43:4F:B3",
                "00:1A:79:42:93:70",
                "00:1A:79:43:EB:EF",
                "00:1A:79:43:90:B8",
                "00:1A:79:45:09:3D",
                "00:1A:79:44:B5:67",
                "00:1A:79:45:14:FF",
                "00:1A:79:43:DE:8D",
                "00:1A:79:47:79:37",
                "00:1A:79:46:0D:35",
                "00:1A:79:44:88:34",
                "00:1A:79:46:41:4F",
                "00:1A:79:44:03:99",
                "00:1A:79:46:E5:CD",
                "00:1A:79:47:50:92",
                "00:1A:79:47:53:71",
                "00:1A:79:47:91:95",
                "00:1A:79:49:0B:96",
                "00:1A:79:4A:6C:AC",
                "00:1A:79:49:52:94",
                "00:1A:79:47:7B:25",
                "00:1A:79:4C:A6:2C",
                "00:1A:79:4A:E0:93",
                "00:1A:79:4A:48:B0",
                "00:1A:79:4C:5B:EC",
                "00:1A:79:4C:12:FC",
                "00:1A:79:49:DB:81",
                "00:1A:79:4C:62:BE",
                "00:1A:79:4C:D1:D5",
                "00:1A:79:4D:17:34",
                "00:1A:79:4E:B8:7A",
                "00:1A:79:4E:F1:D2",
                "00:1A:79:4E:9B:AE",
                "00:1A:79:4f:e1:a6",
                "00:1A:79:4F:4F:66",
                "00:1A:79:4F:B2:59",
                "00:1A:79:4F:C5:17",
                "00:1A:79:4C:1A:77",
                "00:1A:79:4F:C7:81",
                "00:1A:79:4F:B9:EE",
                "00:1A:79:4F:DD:45",
                "00:1A:79:4C:B0:22",
                "00:1A:79:4D:A6:5B",
                "00:1A:79:4F:B9:2D",
                "00:1A:79:53:3F:BF",
                "00:1A:79:4E:B6:67",
                "00:1A:79:51:15:0F",
                "00:1A:79:50:CB:0B",
                "00:1A:79:53:F1:E3",
                "00:1A:79:50:D5:1D",
                "00:1A:79:4F:D3:3F",
                "00:1A:79:50:D0:EC",
                "00:1A:79:52:46:2F",
                "00:1A:79:52:43:A8",
                "00:1A:79:51:8D:79"
            ]
        },
        {
            "server_name": "isam.homelinux.com:80",
            "server_url": "http://isam.homelinux.com:80/c/",
            "macs": [
                "00:1A:79:A7:19:B2",
                "00:1A:79:A7:22:CF"
            ]
        },
        {
            "server_name": "caspertv.tv",
            "server_url": "http://caspertv.tv/c/",
            "macs": [
                "00:1A:79:A1:80:0A",
                "00:1A:79:30:14:11"
            ]
        },
        {
            "server_name": "reddead.cf:8080",
            "server_url": "http://reddead.cf:8080/c/",
            "macs": [
                "00:1A:79:EB:4F:68"
            ]
        },
        {
            "server_name": "buxton.tk:8880",
            "server_url": "http://buxton.tk:8880/c/",
            "macs": [
                "00:1A:79:71:EC:A9"
            ]
        },
        {
            "server_name": "31.43.191.168:8080",
            "server_url": "http://31.43.191.168:8080/c/",
            "macs": [
                "00:1A:79:4C:DD:75",
                "00:1A:79:AB:B9:45",
                "00:1A:79:4D:6D:1B",
                "00:1A:79:4D:3A:6E",
                "00:1A:79:47:76:D2",
                "00:1A:79:A6:71:96",
                "00:1A:79:AC:D7:C8",
                "00:1A:79:59:BE:49",
                "00:1A:79:43:08:7E",
                "00:1A:79:2E:78:8C",
                "00:1A:79:63:93:86",
                "00:1A:79:01:29:BB",
                "00:1A:79:48:8F:33",
                "00:1A:79:AE:21:41",
                ">0:1A:79:AF:72:0B",
                "00:1A:79:A9:C6:AF",
                "00:1A:79:A6:EF:C7",
                "00:1A:79:3B:5E:B2",
                "00:1A:79:20:85:32",
                "00:1A:79:41:B0:FF",
                "00:1A:79:52:BB:19",
                "00:1A:79:47:7F:F5",
                "00:1A:79:47:50:E3",
                "00:1A:79:AB:56:EB",
                "00:1A:79:AD:FB:E7",
                "00:1A:79:09:65:FC",
                "00:1A:79:51:7A:FE",
                "00:1A:79:A5:E3:6F",
                "00:1A:79:A6:E1:CD",
                "00:1A:79:39:31:3D",
                "00:1A:79:0E:5F:CF",
                "00:1A:79:AB:90:9B",
                "00:1A:79:A4:B7:DA",
                "00:1A:79:58:F6:FE",
                "00:1A:79:AA:B5:C0",
                "00:1A:79:67:52:B4",
                "00:1A:79:AB:46:60",
                "00:1A:79:AE:6D:0A",
                "00:1A:79:3B:C4:BD",
                "00:1A:79:20:3F:ED",
                "00:1A:79:A6:49:D6",
                "00:1A:79:5A:E4:3F",
                "00:1A:79:39:59:84",
                "00:1A:79:55:F5:F0"
            ]
        },
        {
            "server_name": "c.proserver.in:8080",
            "server_url": "http://c.proserver.in:8080/c/",
            "macs": [
                "00:1A:79:64:DD:4D",
                "00:1A:79:65:26:9E",
                "00:1A:79:66:23:28",
                "00:1A:79:66:1F:D2",
                "00:1A:79:66:21:07",
                "00:1A:79:66:94:62",
                "00:1A:79:09:DD:C5",
                "00:1A:79:0A:C1:67",
                "00:1A:79:3B:15:14",
                "00:1A:79:40:B1:2A",
                "00:1A:79:44:00:C1",
                "00:1A:79:5C:96:D5",
                "00:1A:79:5C:D4:FD",
                "00:1A:79:5D:28:F0",
                "00:1A:79:5D:30:A8",
                "00:1A:79:5D:9D:BA",
                "00:1A:79:5E:2F:C2",
                "00:1A:79:44:A8:C4",
                "00:1A:79:49:D9:02",
                "00:1A:79:4B:FC:A3",
                "00:1A:79:50:00:23",
                "00:1A:79:51:71:BD",
                "00:1A:79:52:AB:61",
                "00:1A:79:53:A0:5E",
                "00:1A:79:54:23:F1",
                "00:1A:79:54:C8:F4",
                "00:1A:79:54:DE:B3",
                "00:1A:79:55:B1:39",
                "00:1A:79:56:2A:E7",
                "00:1A:79:57:5A:ED",
                "00:1A:79:57:AA:D5",
                "00:1A:79:57:D2:A0",
                "00:1A:79:58:19:EF",
                "00:1A:79:5A:42:D3",
                "00:1A:79:5B:F6:B0",
                "00:1A:79:5C:22:59",
                "00:1A:79:5E:89:A3",
                "00:1A:79:5E:C7:03",
                "00:1A:79:5E:DC:17",
                "00:1A:79:5F:0A:CB",
                "00:1A:79:5F:26:07",
                "00:1A:79:63:70:19",
                "00:1A:79:64:9A:7B",
                "00:1A:79:50:20:60",
                "00:1A:79:50:28:F5",
                "00:1A:79:50:EE:10",
                "00:1A:79:51:0E:3E"
            ]
        }
    ]
}