{
    "items": [
        {
            "server_name": "nettv-premium.com:8000",
            "server_url": "http://nettv-premium.com:8000/c/",
            "macs": [
                "00:1A:79:58:10:a0",
                "00:1A:79:96:4a:fa",
                "00:1A:79:00:46:4e",
                "00:1A:79:ef:13:cb",
                "00:1A:79:3f:28:55",
                "00:1A:79:0b:e1:a8",
                "00:1A:79:0a:b0:db",
                "00:1A:79:a1:e8:3f",
                "00:1A:79:b7:8f:d5",
                "00:1A:79:bd:4f:35",
                "00:1A:79:bd:4f:35",
                "00:1A:79:d5:49:68",
                "00:1A:79:56:46:34",
                "00:1A:79:92:08:31",
                "00:1A:79:a3:4d:da",
                "00:1A:79:b9:9f:4f",
                "00:1A:79:1c:0b:a0",
                "00:1A:79:b3:12:47",
                "00:1A:79:50:a6:10",
                "00:1A:79:8d:c6:dd",
                "00:1A:79:17:19:d3",
                "00:1A:79:33:a3:5d",
                "00:1A:79:f3:43:2c",
                "00:1A:79:fb:7f:00"
            ]
        },
        {
            "server_name": "crazygroup.ddns.net",
            "server_url": "http://crazygroup.ddns.net/c/",
            "macs": [
                "00:1A:79:a9:cb:d8",
                "00:1A:79:3b:2c:fb",
                "00:1A:79:d0:01:1d",
                "00:1A:79:b0:00:5d",
                "00:1A:79:73:0a:15",
                "00:1A:79:37:0c:50",
                "00:1A:79:df:b2:64",
                "00:1A:79:54:d9:e2",
                "00:1A:79:46:be:0f"
            ]
        },
        {
            "server_name": "line.4k-eu.com:80",
            "server_url": "http://line.4k-eu.com:80/c/",
            "macs": [
                "00:1A:79:de:dd:4a",
                "00:1A:79:aa:74:b1",
                "00:1A:79:68:e6:e4",
                "00:1A:79:25:15:fb",
                "00:1A:79:74:99:4e",
                "00:1A:79:00:b5:4d",
                "00:1A:79:0b:bb:2f",
                "00:1A:79:dd:8f:8a"
            ]
        },
        {
            "server_name": "magmegiill2mig4zil.funtogether.xyz:8080",
            "server_url": "http://magmegiill2mig4zil.funtogether.xyz:8080/c/",
            "macs": [
                "00:1A:79:01:44:4B"
            ]
        },
        {
            "server_name": "mandarina.freeddns.org:22334",
            "server_url": "http://mandarina.freeddns.org:22334/c/",
            "macs": [
                "00:1A:79:69:5B:98",
                "00:1A:79:a0:5c:6a",
                "00:1A:79:6a:12:34",
                "00:1A:79:37:D7:FA",
                "00:1A:79:37:D8:1D",
                "00:1A:79:36:D7:78"
            ]
        },
        {
            "server_name": "client.era-iptv.net:25461",
            "server_url": "http://client.era-iptv.net:25461/c/",
            "macs": [
                "00:1A:79:42:30:BE",
                "00:1A:79:42:30:be",
                "00:1A:79:35:39:2b"
            ]
        },
        {
            "server_name": "zerocube.co:8000",
            "server_url": "http://zerocube.co:8000/c/",
            "macs": [
                "00:1A:79:27:9f:d7",
                "00:1A:79:87:23:20",
                "00:1A:79:a7:e0:c5",
                "00:1A:79:a2:2a:3c",
                "00:1A:79:67:08:14",
                "00:1A:79:eb:2c:6f",
                "00:1A:79:00:a5:3c",
                "00:1A:79:00:79:c1",
                "00:1A:79:b5:17:d9",
                "00:1A:79:75:66:54",
                "00:1A:79:01:70:c7",
                "00:1A:79:00:7b:3e",
                "00:1A:79:d5:88:26",
                "00:1A:79:d4:4c:c2",
                "00:1A:79:46:6c:a5",
                "00:1A:79:24:07:75",
                "00:1A:79:ad:ac:c8",
                "00:1A:79:12:54:d0",
                "00:1A:79:f0:02:bc",
                "00:1A:79:40:3d:c7",
                "00:1A:79:54:91:07",
                "00:1A:79:0b:51:51",
                "00:1A:79:bd:26:38",
                "00:1A:79:3b:89:d1",
                "00:1A:79:33:84:cd"
            ]
        },
        {
            "server_name": "dream.frresh.art",
            "server_url": "http://dream.frresh.art/c/",
            "macs": [
                "00:1A:79:7b:d0:3c"
            ]
        },
        {
            "server_name": "caspertv.live:25463",
            "server_url": "http://caspertv.live:25463/c/",
            "macs": [
                "00:1A:79:7d:49:2c",
                "00:1A:79:8b:39:85",
                "00:1A:79:5e:9f:8f",
                "00:1A:79:42:76:c6",
                "00:1A:79:48:70:66",
                "00:1A:79:2a:64:45",
                "00:1A:79:a3:05:a6",
                "00:1A:79:03:99:36",
                "00:1A:79:72:f0:25",
                "00:1A:79:76:26:61",
                "00:1A:79:bf:6e:63",
                "00:1A:79:34:0f:c1"
            ]
        },
        {
            "server_name": "portal.geniptv.com:8080",
            "server_url": "http://portal.geniptv.com:8080/c/",
            "macs": [
                "00:1A:79:38:0E:38",
                "00:1A:79:49:65:71"
            ]
        },
        {
            "server_name": "sm-newmedia.xyz:8080",
            "server_url": "http://sm-newmedia.xyz:8080/c/",
            "macs": [
                "00:1A:79:e8:e7:ba",
                "00:1A:79:2a:1e:65",
                "00:1A:79:09:36:2e"
            ]
        }
    ]
}