{
    "items": [
        {
            "server_name": "hd-max.org:8080",
            "server_url": "http://hd-max.org:8080/c/",
            "macs": [
                "00:1A:79:64:F3:52",
                "00:1A:79:75:53:40",
                "00:1A:79:2a:94:70",
                "00:1A:79:24:08:F8",
                "00:1A:79:A1:B2:7A",
                "00:1A:79:7A:2C:EB",
                "00:1A:79:56:2C:67",
                "00:1a:79:8e:ac:24",
                "00:1A:79:C0:2F:8B",
                "00:1A:79:46:61:1A",
                "00:1A:79:1D:67:BC",
                "00:1A:79:28:3F:5E",
                "00:1A:79:0D:78:9E",
                "00:1A:79:31:e3:A9",
                "00:1A:79:40:7D:EB",
                "00:1A:79:AA:7B:D4",
                "00:1A:79:5D:FA:F1",
                "00:1A:79:44:29:E2",
                "00:1A:79:5D:AB:0D",
                "00:1A:79:70:D8:68",
                "00:1A:79:E2:F9:B2",
                "00:1A:79:3E:CE:8F",
                "00:1A:79:77:05:70",
                "00:1A:79:20:AE:B1",
                "00:1A:79:62:D0:C6",
                "00:1A:79:43:7D:55",
                "00:1A:79:12:B3:01"
            ]
        },
        {
            "server_name": "techmediasolutions.xyz",
            "server_url": "http://techmediasolutions.xyz/c/",
            "macs": [
                "00:1A:79:24:98:52",
                "00:1A:79:25:5B:3B",
                "00:1A:79:2A:3D:00",
                "00:1A:79:25:C2:69",
                "00:1A:79:28:9C:BE",
                "00:1A:79:2A:8C:FB",
                "00:1A:79:2A:8C:8B",
                "00:1A:79:2A:3B:03",
                "00:1A:79:28:62:B4",
                "00:1A:79:27:9D:A7",
                "00:1A:79:2B:27:5A",
                "00:1A:79:2D:E8:63",
                "00:1A:79:2A:48:52",
                "00:1A:79:2F:49:5E",
                "00:1A:79:2D:D3:F1",
                "00:1A:79:30:FE:F4",
                "00:1A:79:31:51:4E",
                "00:1A:79:31:95:D1",
                "00:1A:79:31:92:62",
                "00:1A:79:31:BC:30",
                "00:1A:79:32:35:37",
                "00:1A:79:30:79:55",
                "00:1A:79:30:BA:6E",
                "00:1A:79:32:41:54",
                "00:1A:79:31:56:1A",
                "00:1A:79:34:4C:25",
                "00:1A:79:34:50:AB",
                "00:1A:79:35:D5:EA",
                "00:1A:79:36:37:11",
                "00:1A:79:38:66:66",
                "00:1A:79:36:EA:DB",
                "00:1A:79:3A:C5:56",
                "00:1A:79:3B:71:A3",
                "00:1A:79:3C:84:36",
                "00:1A:79:3C:EB:51",
                "00:1A:79:3E:63:84",
                "00:1A:79:3E:4A:5A",
                "00:1A:79:3E:15:80",
                "00:1A:79:3E:67:C6",
                "00:1A:79:3E:74:33"
            ]
        },
        {
            "server_name": "tvtazmk3.xyz:8880",
            "server_url": "http://tvtazmk3.xyz:8880/c/",
            "macs": [
                "00:1A:79:00:10:2B",
                "00:1A:79:00:32:02",
                "00:1A:79:00:32:00",
                "00:1A:79:00:4E:E9",
                "00:1A:79:00:4C:CE",
                "00:1A:79:01:1F:0D",
                "00:1A:79:01:4D:28",
                "00:1A:79:01:87:1A",
                "00:1A:79:02:2D:3A",
                "00:1A:79:02:4A:45",
                "00:1A:79:02:6B:8C",
                "00:1A:79:02:8D:A0",
                "00:1A:79:02:93:00",
                "00:1A:79:02:D8:92",
                "00:1A:79:03:19:7B",
                "00:1A:79:03:61:53",
                "00:1A:79:03:AB:3E",
                "00:1A:79:03:CF:7E",
                "00:1A:79:03:D0:69",
                "00:1A:79:04:05:08",
                "00:1A:79:04:3B:99",
                "00:1A:79:04:8D:30",
                "00:1A:79:05:08:93",
                "00:1A:79:05:25:31",
                "00:1A:79:05:36:6A",
                "00:1A:79:05:30:34",
                "00:1A:79:05:44:DB",
                "00:1A:79:05:8E:CF",
                "00:1A:79:05:91:32",
                "00:1A:79:05:DD:C7",
                "00:1A:79:06:0F:98",
                "00:1A:79:06:6C:34",
                "00:1A:79:06:7F:6E",
                "00:1A:79:06:7C:8B",
                "00:1A:79:06:88:88",
                "00:1A:79:06:B6:93",
                "00:1A:79:07:05:18",
                "00:1A:79:07:04:18",
                "00:1A:79:07:2C:8F",
                "00:1A:79:07:9A:AD",
                "00:1A:79:07:8C:05",
                "00:1A:79:07:A9:2B",
                "00:1A:79:07:B5:A1",
                "00:1A:79:07:E5:A4",
                "00:1A:79:08:31:40",
                "00:1A:79:08:8B:58",
                "00:1A:79:08:60:09",
                "00:1A:79:08:60:CD",
                "00:1A:79:08:7D:AA",
                "00:1A:79:08:9F:66",
                "00:1A:79:09:31:80",
                "00:1A:79:09:44:90",
                "00:1A:79:09:32:52",
                "00:1A:79:0A:52:AA",
                "00:1A:79:0A:08:8C",
                "00:1A:79:09:F0:96",
                "00:1A:79:0A:11:3F",
                "00:1A:79:0A:08:88",
                "00:1A:79:0A:C1:CD",
                "00:1A:79:0A:A6:B3",
                "00:1A:79:0B:0E:02",
                "00:1A:79:0B:2F:2C",
                "00:1A:79:0B:58:C8",
                "00:1A:79:0C:15:E0",
                "00:1A:79:0C:08:03",
                "00:1A:79:0C:74:94",
                "00:1A:79:0C:49:2D",
                "00:1A:79:0C:BE:9B",
                "00:1A:79:0C:6B:21",
                "00:1A:79:0C:D9:4C",
                "00:1A:79:0D:0A:B4",
                "00:1A:79:0D:0A:B5",
                "00:1A:79:0D:1C:52",
                "00:1A:79:0C:ED:D2",
                "00:1A:79:0D:4A:95",
                "00:1A:79:0D:46:1B",
                "00:1A:79:0D:7A:AB",
                "00:1A:79:0D:DE:09",
                "00:1A:79:0D:BA:D7",
                "00:1A:79:0E:13:2F",
                "00:1A:79:0E:12:FA",
                "00:1A:79:0E:14:CC",
                "00:1A:79:0E:1A:73"
            ]
        },
        {
            "server_name": "163.172.4.102:8080",
            "server_url": "http://163.172.4.102:8080/c/",
            "macs": [
                "00:1A:79:43:80:2E",
                "00:1A:79:17:04:A6",
                "00:1A:79:19:1C:F9"
            ]
        },
        {
            "server_name": "a111.info",
            "server_url": "http://a111.info/stalker_portal/c/",
            "macs": [
                "00:1A:79:36:2B:D9",
                "00:1A:79:36:C7:C6",
                "00:1A:79:F0:42:06",
                "00:1A:79:6C:F1:DA",
                "00:1A:79:58:7F:D8",
                "00:1A:79:31:8C:25",
                "00:1A:79:70:FC:33"
            ]
        },
        {
            "server_name": "sa.magnetukas.lt:8666",
            "server_url": "http://sa.magnetukas.lt:8666/c/",
            "macs": [
                "00:1A:79:A5:AB:72",
                "00:1A:79:AA:6E:F9"
            ]
        },
        {
            "server_name": "netseeny.maxhd.vip:8000",
            "server_url": "http://netseeny.maxhd.vip:8000/c/",
            "macs": [
                "00:1a:79:18:7b:5f"
            ]
        },
        {
            "server_name": "scratchpost.co.uk",
            "server_url": "http://scratchpost.co.uk/c/",
            "macs": [
                "00:1A:79:3A:4F:03",
                "00:1A:79:3A:43:F3",
                "00:1A:79:3C:CC:B9",
                "00:1A:79:39:5C:F4",
                "00:1A:79:3D:F0:A9",
                "00:1A:79:3F:07:F2",
                "00:1A:79:34:9B:66",
                "00:1A:79:3A:4F:0C",
                "00:1A:79:3A:35:11",
                "00:1A:79:3B:83:E2",
                "00:1A:79:3A:D9:5F",
                "00:1A:79:3C:33:B7",
                "00:1A:79:40:86:7C",
                "00:1A:79:42:13:58",
                "00:1A:79:42:A5:D4",
                "00:1A:79:3C:44:00",
                "00:1A:79:3C:CB:E7",
                "00:1A:79:40:44:10",
                "00:1A:79:40:7A:5B",
                "00:1A:79:44:29:BE",
                "00:1A:79:44:23:55",
                "00:1A:79:3F:35:83",
                "00:1A:79:3F:26:9F",
                "00:1A:79:44:85:D2",
                "00:1A:79:42:64:78",
                "00:1A:79:45:1D:56",
                "00:1A:79:42:7C:8F",
                "00:1A:79:47:55:C0",
                "00:1A:79:48:2D:53",
                "00:1A:79:48:32:14",
                "00:1A:79:49:8A:1A",
                "00:1A:79:49:2B:A0",
                "00:1A:79:49:4F:AD",
                "00:1A:79:49:60:AE",
                "00:1A:79:4A:45:78",
                "00:1A:79:45:18:BA",
                "00:1A:79:45:D1:7B",
                "00:1A:79:45:26:21",
                "00:1A:79:40:52:9D",
                "00:1A:79:4B:AF:72",
                "00:1A:79:46:8F:19",
                "00:1A:79:4B:65:44",
                "00:1A:79:46:08:76",
                "00:1A:79:4B:B1:E6",
                "00:1A:79:42:9C:4C",
                "00:1A:79:4C:98:2C",
                "00:1A:79:41:A8:14",
                "00:1A:79:4e:39:66",
                "00:1A:79:48:9B:8F",
                "00:1A:79:49:FC:9C",
                "00:1A:79:50:79:AA",
                "00:1A:79:50:8C:B9",
                "00:1A:79:4B:D7:BC",
                "00:1A:79:51:22:f0",
                "00:1A:79:51:4E:7C",
                "00:1A:79:51:40:64",
                "00:1A:79:51:3A:39",
                "00:1A:79:51:42:5A",
                "00:1A:79:51:CC:E1",
                "00:1A:79:4E:AB:EA"
            ]
        },
        {
            "server_name": "letmein.fun:8080",
            "server_url": "http://letmein.fun:8080/c/",
            "macs": [
                "00:1a:79:5d:02:7f",
                "00:1a:79:d1:12:56",
                "00:1a:79:bc:df:94",
                "00:1a:79:01:6d:fa",
                "00:1a:79:1a:16:1a",
                "00:1a:79:42:20:a5",
                "00:1a:79:b0:39:a4",
                "00:1a:79:be:f5:76",
                "00:1a:79:db:a1:33",
                "00:1a:79:a1:fe:c0",
                "00:1a:79:55:9e:5c",
                "00:1a:79:bd:4f:71",
                "00:1a:79:2a:1a:95",
                "00:1a:79:b5:5a:17",
                "00:1a:79:ad:e8:aa",
                "00:1a:79:bd:43:07",
                "00:1a:79:b7:47:a9",
                "00:1a:79:c1:b6:17",
                "00:1a:79:59:bf:a2"
            ]
        }
    ]
}