{
    "items": [
        {
            "server_name": "s1.dailyiptv.net",
            "server_url": "http://s1.dailyiptv.net/c/",
            "macs": [
                "00:1a:79:03:9f:11",
                "00:1A:79:09:65:FC",
                "00:1A:79:0C:8F:E1",
                "00:1A:79:14:2B:52",
                "00:1A:79:17:28:01",
                "00:1A:79:18:34:09",
                "00:1A:79:2B:43:89",
                "00:1a:79:33:66:c6",
                "00:1A:79:3D:15:EC",
                "00:1a:79:3d:f9:27",
                "00:1A:79:3F:16:15",
                "00:1A:79:3F:33:62",
                "00:1A:79:44:08:04",
                "00:1a:79:4e:6f:5f",
                "00:1A:79:4F:BD:5F",
                "00:1a:79:51:e6:32",
                "00:1A:79:52:2F:F1",
                "00:1A:79:56:26:C6",
                "00:1A:79:56:90:FB",
                "00:1A:79:56:A9:A7",
                "00:1A:79:57:5F:3C",
                "00:1a:79:58:0c:29",
                "00:1a:79:58:18:c4",
                "00:1A:79:58:E5:87",
                "00:1A:79:5A:40:0A",
                "00:1A:79:5B:E7:1F",
                "00:1A:79:5C:AD:A4",
                "00:1A:79:5D:00:00",
                "00:1A:79:5E:3F:EC",
                "00:1a:79:63:49:23",
                "00:1A:79:66:22:5D",
                "00:1A:79:68:F4:85"
            ]
        },
        {
            "server_name": "dcsport.xyz:8080",
            "server_url": "http://dcsport.xyz:8080/c/",
            "macs": [
                "00:1A:79:0D:E0:FF",
                "00:1A:79:0E:E4:E9",
                "00:1A:79:0C:F0:55",
                "00:1A:79:0E:38:F3",
                "00:1A:79:28:95:C2",
                "00:1A:79:28:70:E2",
                "00:1A:79:2B:8E:54",
                "00:1a:79:2c:41:d7",
                "00:1A:79:31:6A:56",
                "00:1A:79:31:E9:E1",
                "00:1A:79:3A:FB:E8",
                "00:1A:79:3A:E6:1E",
                "00:1A:79:3D:87:AE",
                "00:1A:79:3A:FB:FC",
                "00:1A:79:40:7C:54",
                "00:1A:79:40:A3:71",
                "00:1A:79:40:95:BB",
                "00:1a:79:4b:63:1a",
                "00:1A:79:4C:E2:2B",
                "00:1A:79:50:B4:87",
                "00:1a:79:54:ca:5d",
                "00:1A:79:58:0C:2E",
                "00:1a:79:5a:81:98",
                "00:1A:79:5A:17:9C",
                "00:1a:79:5f:d8:e0",
                "00:1A:79:88:79:B4",
                "00:1A:79:63:A4:AE"
            ]
        },
        {
            "server_name": "my34.xyz:80",
            "server_url": "http://my34.xyz:80/c/",
            "macs": [
                "00:1A:79:00:14:a4"
            ]
        },
        {
            "server_name": "iptv-kosova.streamtv.to:8080",
            "server_url": "http://iptv-kosova.streamtv.to:8080/c/",
            "macs": [
                "00:1A:79:00:01:E9",
                "00:1A:79:00:1E:96"
            ]
        },
        {
            "server_name": "anonymoustv.club:80",
            "server_url": "http://anonymoustv.club:80/c/",
            "macs": [
                "00:1A:79:50:20:07",
                "00:1A:79:50:29:1C",
                "00:1A:79:50:27:E0",
                "00:1A:79:50:33:26"
            ]
        },
        {
            "server_name": "predator1.net:8000",
            "server_url": "http://predator1.net:8000/c/",
            "macs": [
                "00:1A:79:08:74:E4",
                "00:1a:79:22:33:44",
                "00:1A:79:2a:08:5C",
                "00:1a:79:2a:6b:50",
                "00:1A:79:2A:52:7A",
                "00:1A:79:2C:5E:85",
                "00:1A:79:2E:E8:F7",
                "00:1A:79:39:B6:F4",
                "00:1A:79:40:3C:30",
                "00:1A:79:40:39:F0",
                "00:1A:79:40:3C:B3",
                "00:1A:79:40:3C:6B",
                "00:1A:79:40:3B:22",
                "00:1A:79:40:53:9B",
                "00:1A:79:40:3B:09",
                "00:1A:79:40:3B:F0",
                "00:1A:79:40:45:3B",
                "00:1A:79:40:43:0A",
                "00:1A:79:40:54:70",
                "00:1A:79:40:3D:4A",
                "00:1A:79:40:45:38",
                "00:1A:79:40:4E:74",
                "00:1A:79:42:CF:73",
                "00:1A:79:43:A1:A9"
            ]
        },
        {
            "server_name": "list.thekingiptv.com:8080",
            "server_url": "http://list.thekingiptv.com:8080/c/",
            "macs": [
                "00:1a:79:ae:6f:6a",
                "00:1a:79:50:ed:67",
                "00:1a:79:af:83:41",
                "00:1a:79:a3:fb:35",
                "00:1a:79:a3:11:2b"
            ]
        },
        {
            "server_name": "sunmoneyonline.com",
            "server_url": "http://sunmoneyonline.com/stalker_portal/c/",
            "macs": [
                "00:1A:79:09:D5:24",
                "00:1A:79:43:A1:53",
                "00:1A:79:4D:EF:E7",
                "00:1A:79:A8:20:61"
            ]
        },
        {
            "server_name": "tptv.cz",
            "server_url": "http://tptv.cz/c/",
            "macs": [
                "00:1a:79:c3:9f:cb",
                "00:1a:79:67:8e:ae",
                "00:1a:79:3d:5a:83",
                "00:1a:79:09:6f:ae",
                "00:1a:79:90:d9:04",
                "00:1a:79:67:47:98",
                "00:1a:79:5b:14:37",
                "00:1a:79:4c:46:8a",
                "00:1a:79:a2:f7:fb",
                "00:1a:79:c0:14:19",
                "00:1a:79:9f:59:36",
                "00:1a:79:b1:fa:13",
                "00:1a:79:e5:d7:26",
                "00:1a:79:62:c8:78",
                "00:1a:79:be:3d:a0",
                "00:1a:79:3c:3f:0c"
            ]
        }
    ]
}