{
    "items": [
        {
            "server_name": "185.228.251.6:8080",
            "server_url": "http://185.228.251.6:8080/c/",
            "macs": [
                "00:1a:79:ae:b1:20",
                "00:1a:79:a7:b6:e2",
                "00:1a:79:ab:56:de",
                "00:1a:79:a7:a7:b9",
                "00:1a:79:ab:d7:c5",
                "00:1a:79:a3:e7:6b",
                "00:1a:79:a6:c6:35",
                "00:1a:79:ab:9f:bc",
                "00:1a:79:ae:b0:d0",
                "00:1a:79:a3:e0:6f",
                "00:1a:79:a9:d6:70",
                "00:1a:79:a9:89:2b",
                "00:1a:79:ad:08:4a",
                "00:1a:79:ae:96:e6",
                "00:1a:79:a7:b7:29",
                "00:1a:79:ae:b5:5c",
                "00:1a:79:a7:a0:f4",
                "00:1a:79:ae:a8:8a",
                "00:1a:79:ad:64:ee",
                "00:1a:79:aa:ba:b3"
            ]
        },
        {
            "server_name": "hd-max.org:8080",
            "server_url": "http://hd-max.org:8080/c/",
            "macs": [
                "00:1a:79:a5:9f:fd",
                "00:1a:79:a5:2b:f8",
                "00:1a:79:a9:2c:47",
                "00:1a:79:aa:bd:eb",
                "00:1a:79:ae:a8:8a",
                "00:1a:79:ae:20:3c",
                "00:1a:79:a3:83:e7",
                "00:1a:79:a2:b4:12",
                "00:1a:79:a9:d5:af",
                "00:1a:79:a4:47:b0",
                "00:1a:79:ad:0c:7d",
                "00:1a:79:a3:a1:5d",
                "00:1a:79:a3:24:05",
                "00:1a:79:a2:28:08",
                "00:1a:79:aa:bd:ed",
                "00:1a:79:a2:8a:d0",
                "00:1a:79:a4:7c:3b",
                "00:1a:79:a6:50:c7",
                "00:1a:79:a7:7f:a5",
                "00:1a:79:ab:0f:94",
                "00:1a:79:a2:07:94",
                "00:1a:79:a4:1d:c8",
                "00:1a:79:ab:6f:42",
                "00:1a:79:a5:2e:d0",
                "00:1a:79:a5:11:0f",
                "00:1a:79:a5:97:b9",
                "00:1a:79:a5:24:bd",
                "00:1a:79:ad:10:84",
                "00:1a:79:ad:f4:91",
                "00:1a:79:ab:54:9d",
                "00:1a:79:a7:a4:62",
                "00:1a:79:ae:c3:fd",
                "00:1a:79:ac:85:9c",
                "00:1a:79:ae:47:ae",
                "00:1a:79:a4:7c:3b",
                "00:1a:79:a7:c9:ef",
                "00:1a:79:aa:cc:ae",
                "00:1a:79:ab:52:e8",
                "00:1a:79:ad:5a:d1",
                "00:1a:79:aa:e0:ac",
                "00:1a:79:a9:dc:57",
                "00:1a:79:a1:a2:e9",
                "00:1a:79:ab:8c:0e",
                "00:1a:79:ad:19:02",
                "00:1a:79:a4:8b:81",
                "00:1a:79:ab:65:03",
                "00:1a:79:a3:07:4e",
                "00:1a:79:a9:d5:ba",
                "00:1a:79:aa:c2:a2",
                "00:1a:79:ae:17:2d",
                "00:1a:79:a6:a3:12",
                "00:1a:79:a9:c6:8d",
                "00:1a:79:a6:f2:3a",
                "00:1a:79:a9:0c:50",
                "00:1a:79:a5:5f:f9",
                "00:1a:79:ae:3e:e6",
                "00:1a:79:ac:42:f4",
                "00:1a:79:ac:d6:5a",
                "00:1a:79:a0:fe:7d"
            ]
        },
        {
            "server_name": "31.43.191.168:8080",
            "server_url": "http://31.43.191.168:8080/c/",
            "macs": [
                "00:1a:79:b6:4f:ea",
                "00:1a:79:c1:fa:86",
                "00:1a:79:da:51:ef",
                "00:1a:79:3c:83:79",
                "00:1a:79:36:6f:88",
                "00:1a:79:6e:f8:cd",
                "00:1a:79:35:dd:8d",
                "00:1a:79:46:62:4f",
                "00:1a:79:dc:d6:0e",
                "00:1a:79:50:09:d6",
                "00:1a:79:b2:5c:89",
                "00:1a:79:a4:3e:c4",
                "00:1a:79:b4:08:83",
                "00:1a:79:ba:62:18",
                "00:1a:79:a6:2a:45",
                "00:1a:79:47:9e:56",
                "00:1a:79:d6:c3:44",
                "00:1a:79:ae:22:c9",
                "00:1a:79:a6:ef:d0",
                "00:1a:79:bc:28:7d",
                "00:1a:79:55:f5:f0",
                "00:1a:79:d3:1c:91"
            ]
        },
        {
            "server_name": "ip.sltv-c.be:8080",
            "server_url": "http://ip.sltv-c.be:8080/c/",
            "macs": [
                "00:1A:79:00:5C:54",
                "00:1A:79:00:5D:D1",
                "00:1A:79:85:E5:54"
            ]
        },
        {
            "server_name": "king-box.club",
            "server_url": "http://king-box.club/c/",
            "macs": [
                "00:1a:79:ae:4d:d3",
                "00:1a:79:ae:64:bb",
                "00:1a:79:aa:c2:34",
                "00:1a:79:ae:c7:17",
                "00:1a:79:ac:53:d5",
                "00:1a:79:ae:c4:cf",
                "00:1a:79:aa:55:6d",
                "00:1a:79:ab:b9:21",
                "00:1a:79:a9:d0:1f",
                "00:1a:79:a6:52:d7",
                "00:1a:79:a3:f5:f4",
                "00:1a:79:aa:88:e9",
                "00:1a:79:ab:c2:4b",
                "00:1a:79:ab:c5:8c",
                "00:1a:79:ad:09:40",
                "00:1a:79:ac:1f:28",
                "00:1a:79:ae:89:4d",
                "00:1a:79:a9:2a:98",
                "00:1a:79:a8:ae:7a",
                "00:1a:79:ad:84:eb",
                "00:1a:79:aa:dd:17",
                "00:1a:79:a9:2a:98",
                "00:1a:79:a8:9b:72"
            ]
        },
        {
            "server_name": "a111.info",
            "server_url": "http://a111.info/stalker_portal/c/",
            "macs": [
                "00:1A:79:19:F9:51",
                "00:1A:79:79:83:8F",
                "00:1A:79:B7:B4:7D",
                "00:1A:79:6F:8E:13",
                "00:1A:79:F1:50:B4",
                "00:1A:79:1D:D0:56",
                "00:1A:79:D6:6F:82"
            ]
        },
        {
            "server_name": "185.228.251.6:8000",
            "server_url": "http://185.228.251.6:8000/c/",
            "macs": [
                "00:1a:79:ab:bd:4f",
                "00:1a:79:a3:d4:bd",
                "00:1a:79:a6:08:c0",
                "00:1a:79:ae:87:52",
                "00:1a:79:ab:e8:f5",
                "00:1a:79:a3:8e:63",
                "00:1a:79:ae:2f:c2",
                "00:1a:79:a9:e0:95",
                "00:1a:79:a5:5f:d6",
                "00:1a:79:a1:84:02",
                "00:1a:79:a1:74:50",
                "00:1a:79:ad:7c:e2",
                "00:1a:79:a7:a1:36",
                "00:1a:79:a4:6f:f3",
                "00:1a:79:ab:db:94",
                "00:1a:79:ab:38:f7",
                "00:1a:79:ae:b0:d0",
                "00:1a:79:ae:0f:21",
                "00:1a:79:aa:b5:ed",
                "00:1a:79:a9:c0:6b",
                "00:1a:79:a6:59:bd",
                "00:1a:79:ae:66:1a",
                "00:1a:79:a5:95:36",
                "00:1a:79:ac:14:59",
                "00:1a:79:a2:75:fd"
            ]
        }
    ]
}