{
    "items": [
        {
            "server_name": "tivixs.com:80",
            "server_url": "http://tivixs.com:80/c/",
            "macs": [
                "00:1A:79:b0:47:18"
            ]
        },
        {
            "server_name": "line.crystal-ott.com:80",
            "server_url": "http://line.crystal-ott.com:80/c/",
            "macs": [
                "00:1A:79:d6:6a:8f",
                "00:1A:79:4f:46:c4",
                "00:1A:79:f0:08:63",
                "00:1A:79:7c:68:4d",
                "00:1A:79:02:65:bb",
                "00:1A:79:63:72:7d",
                "00:1A:79:e2:7f:23",
                "00:1A:79:73:d3:27"
            ]
        },
        {
            "server_name": "venom777.online:80",
            "server_url": "http://venom777.online:80/c/",
            "macs": [
                "00:1A:79:33:b9:66",
                "00:1A:79:33:b7:95",
                "00:1A:79:33:b7:e7",
                "00:1A:79:33:b9:46",
                "00:1A:79:33:b7:75",
                "00:1A:79:33:b9:92",
                "00:1A:79:87:96:4e"
            ]
        },
        {
            "server_name": "epg.protv.cc:80",
            "server_url": "http://epg.protv.cc:80/c/",
            "macs": [
                "00:1A:79:E5:4E:8D",
                "00:1A:79:04:DB:D7",
                "00:1A:79:B7:CD:49",
                "00:1A:79:57:E6:2D",
                "00:1A:79:B0:08:08",
                "00:1A:79:2B:31:EE",
                "00:1A:79:F8:32:2E",
                "00:1A:79:AF:2F:E3",
                "00:1A:79:C2:6A:00",
                "00:1A:79:5E:13:98",
                "00:1A:79:0D:FC:14",
                "00:1A:79:61:6F:D0",
                "00:1A:79:08:98:AB",
                "00:1A:79:44:C5:8C",
                "00:1A:79:73:17:0A",
                "00:1A:79:00:51:38",
                "00:1A:79:3A:7F:73",
                "00:1A:79:99:EA:23",
                "00:1A:79:A8:0E:7F",
                "00:1A:79:84:D2:8B",
                "00:1A:79:8C:06:EB",
                "00:1A:79:09:CA:BB",
                "00:1A:79:02:9F:0F",
                "00:1A:79:40:35:D7",
                "00:1A:79:50:B4:1C",
                "00:1A:79:A6:AC:25",
                "00:1A:79:33:5F:2E",
                "00:1A:79:BC:2A:16",
                "00:1A:79:0B:BE:EC",
                "00:1A:79:43:AA:63",
                "00:1A:79:4F:A6:83",
                "00:1A:79:4A:83:D1",
                "00:1A:79:57:8A:E5",
                "00:1A:79:43:07:3C",
                "00:1A:79:50:8F:5C",
                "00:1A:79:79:2F:F7",
                "00:1A:79:12:95:E2",
                "00:1A:79:A1:27:3D",
                "00:1A:79:39:48:11",
                "00:1A:79:0B:BC:BE",
                "00:1a:79:78:ad:f8",
                "00:1a:79:59:78:52",
                "00:1A:79:94:E6:E1",
                "00:1A:79:3A:1B:71",
                "00:1A:79:D0:24:87",
                "00:1A:79:4F:A0:A5",
                "00:1A:79:25:7F:5D",
                "00:1A:79:06:C6:38",
                "00:1A:79:AB:5C:DE",
                "00:1A:79:43:27:02",
                "00:1A:79:0B:FD:46",
                "00:1A:79:23:9B:2C",
                "00:1A:79:48:00:C0",
                "00:1A:79:AA:89:1E",
                "00:1A:79:82:7E:E8",
                "00:1A:79:09:CA:1B",
                "00:1A:79:A5:C7:54",
                "00:1A:79:18:0B:22",
                "00:1A:79:46:65:65",
                "00:1A:79:AD:5C:4F"
            ]
        },
        {
            "server_name": "zdravahrana.dyndns.info:8081",
            "server_url": "http://zdravahrana.dyndns.info:8081/c/",
            "macs": [
                "00:1a:79:3a:2d:83"
            ]
        },
        {
            "server_name": "semprea100.relaxy.vip:8000",
            "server_url": "http://semprea100.relaxy.vip:8000/c/",
            "macs": [
                "00:1a:79:1c:0b:57",
                "00:1a:79:70:89:4d",
                "00:1a:79:6b:32:4d",
                "00:1a:79:89:83:27",
                "00:1a:79:18:13:41",
                "00:1a:79:6e:2d:60",
                "00:1a:79:77:52:1c",
                "00:1a:79:11:52:03",
                "00:1a:79:87:7b:41",
                "00:1a:79:78:5d:59",
                "00:1a:79:5d:3b:07",
                "00:1a:79:25:91:75",
                "00:1a:79:41:2b:6d",
                "00:1a:79:28:4b:8f",
                "00:1a:79:3d:5e:52",
                "00:1a:79:51:63:65",
                "00:1a:79:4d:09:08",
                "00:1a:79:56:04:82",
                "00:1a:79:69:6d:2d",
                "00:1a:79:41:75:01",
                "00:1a:79:3d:15:68",
                "00:1a:79:49:36:3e",
                "00:1a:79:4b:5b:2e",
                "00:1a:79:31:7e:76",
                "00:1a:79:8d:92:98",
                "00:1a:79:4b:7b:40",
                "00:1a:79:13:69:5f",
                "00:1a:79:6d:50:5d",
                "00:1a:79:00:5d:16",
                "00:1a:79:6a:70:03",
                "00:1a:79:02:68:06",
                "00:1a:79:3b:48:87",
                "00:1a:79:31:87:2e",
                "00:1a:79:36:18:76",
                "00:1a:79:77:33:0d",
                "00:1a:79:51:42:16",
                "00:1a:79:75:28:1c",
                "00:1a:79:2b:89:2c",
                "00:1a:79:40:3e:61",
                "00:1a:79:7f:0a:1c",
                "00:1a:79:52:0d:83",
                "00:1a:79:31:6c:48",
                "00:1a:79:6f:10:03",
                "00:1a:79:55:6a:04",
                "00:1a:79:34:8c:24",
                "00:1a:79:75:46:6c",
                "00:1a:79:02:76:29",
                "00:1a:79:37:62:31",
                "00:1a:79:79:88:71",
                "00:1a:79:3b:27:77"
            ]
        },
        {
            "server_name": "mhiptv.vip:8888",
            "server_url": "http://mhiptv.vip:8888/c/",
            "macs": [
                "00:1A:79:54:36:50"
            ]
        },
        {
            "server_name": "50.7.32.189:8000",
            "server_url": "http://50.7.32.189:8000/c/",
            "macs": [
                "00:1A:79:3F:04:51"
            ]
        },
        {
            "server_name": "rockysmile.h1ott.com:8000",
            "server_url": "http://rockysmile.h1ott.com:8000/c/",
            "macs": [
                "00:1A:79:B8:74:BA",
                "00:1A:79:C2:CC:49",
                "00:1A:79:17:11:F3"
            ]
        },
        {
            "server_name": "thebestiptv.xyz:80",
            "server_url": "http://thebestiptv.xyz:80/c/",
            "macs": [
                "00:1A:79:5A:41:37"
            ]
        },
        {
            "server_name": "forcedwars.h1ott.com:8000",
            "server_url": "http://forcedwars.h1ott.com:8000/c/",
            "macs": [
                "00:1A:79:5D:87:9B",
                "00:1A:79:3F:7D:5D",
                "00:1A:79:BC:FC:0D"
            ]
        },
        {
            "server_name": "dont.t-v.io",
            "server_url": "http://dont.t-v.io/c/",
            "macs": [
                "00:1A:79:ab:a5:59"
            ]
        },
        {
            "server_name": "pp.prison8break.com:8080",
            "server_url": "http://pp.prison8break.com:8080/c/",
            "macs": [
                "00:1A:79:4b:47:38"
            ]
        },
        {
            "server_name": "b1g.one:80",
            "server_url": "http://b1g.one:80/c/",
            "macs": [
                "00:1A:79:4c:eb:33"
            ]
        },
        {
            "server_name": "tvpython.cf:8789",
            "server_url": "http://tvpython.cf:8789/c/",
            "macs": [
                "00:1A:79:5c:ec:71"
            ]
        },
        {
            "server_name": "proiptv.magiptv.net",
            "server_url": "http://proiptv.magiptv.net/stalker_portal/c/",
            "macs": [
                "00:1A:79:40:8C:8C",
                "00:1A:79:41:4E:B6"
            ]
        }
    ]
}