{
    "items": [
        {
            "server_name": "ipro.tv:80",
            "server_url": "http://ipro.tv:80/c/",
            "macs": [
                "00:1A:79:66:07:B3",
                "00:1A:79:04:4C:74",
                "00:1A:79:4E:48:A9",
                "00:1A:79:70:74:9D",
                "00:1A:79:5C:98:6C",
                "00:1A:79:5A:E1:CB",
                "00:1A:79:57:88:37",
                "00:1A:79:08:25:30",
                "00:1A:79:5A:9B:DA",
                "00:1A:79:1C:34:39",
                "00:1A:79:08:66:2d",
                "00:1A:79:08:25:30",
                "00:1A:79:70:CB:7D",
                "00:1A:79:09:25:14",
                "00:1A:79:5C:29:8C",
                "00:1A:79:AE:C7:F2",
                "00:1A:79:1F:5A:5C",
                "00:1A:79:0A:03:54",
                "00:1A:79:0A:7F:C3",
                "00:1A:79:09:26:89",
                "00:1A:79:A9:46:65",
                "00:1A:79:5F:11:04",
                "00:1A:79:38:0D:14",
                "00:1a:79:0b:b4:b7",
                "00:1A:79:4F:AE:32",
                "00:1A:79:B0:34:A8",
                "00:1A:79:07:6C:3B",
                "00:1a:79:32:30:d9",
                "00:1A:79:6F:D2:BE",
                "00:1A:79:0C:E2:E6",
                "00:1A:79:0C:C7:56",
                "00:1A:79:20:F7:5E",
                "00:1A:79:55:17:CD",
                "00:1A:79:46:0F:61",
                "00:1A:79:06:51:DA",
                "00:1A:79:B0:46:4D",
                "00:1A:79:0E:59:F0",
                "00:1A:79:0E:F1:51",
                "00:1A:79:10:20:30",
                "00:1a:79:0f:10:95",
                "00:1A:79:10:0F:D2",
                "00:1A:79:04:4C:74",
                "00:1A:79:10:87:CF",
                "00:1A:79:4E:EF:AC",
                "00:1A:79:46:39:25",
                "00:1A:79:5C:3F:95",
                "00:1A:79:13:21:92",
                "00:1A:79:33:D5:5E",
                "00:1A:79:67:6A:DB",
                "00:1a:79:18:14:79",
                "00:1A:79:4C:5F:87",
                "00:1A:79:AE:AF:B7",
                "00:1A:79:19:1f:de",
                "00:1A:79:4F:52:1E",
                "00:1A:79:55:92:E0",
                "00:1A:79:03:CC:0B",
                "00:1A:79:4E:81:01",
                "00:1a:79:19:7f:44",
                "00:1A:79:3F:14:81",
                "00:1A:79:FB:96:84",
                "00:1A:79:3E:D5:5C",
                "00:1A:79:05:CD:FA"
            ]
        },
        {
            "server_name": "turkiyetv.live:8000",
            "server_url": "http://turkiyetv.live:8000/c/",
            "macs": [
                "00:1A:79:B9:14:39",
                "00:1A:79:52:E9:1C",
                "00:1A:79:50:DD:AD",
                "00:1A:79:25:16:33",
                "00:1A:79:CD:77:B8",
                "00:1A:79:A3:9F:34",
                "00:1A:79:7A:2C:F4",
                "00:1A:79:C0:92:B2",
                "00:1A:79:49:2E:02",
                "00:1A:79:6B:95:BC",
                "00:1A:79:0C:DC:D3",
                "00:1A:79:85:E6:E3",
                "00:1A:79:F8:7F:76",
                "00:1A:79:CE:43:AC"
            ]
        },
        {
            "server_name": "152.89.61.183:25443",
            "server_url": "http://152.89.61.183:25443/c/",
            "macs": [
                "00:1A:79:5B:E4:9D",
                "00:1A:79:6D:05:BA"
            ]
        },
        {
            "server_name": "clientsportals.net:8080",
            "server_url": "http://clientsportals.net:8080/c/",
            "macs": [
                "00:1A:79:5D:03:A5",
                "00:1A:79:58:10:4A"
            ]
        },
        {
            "server_name": "123.playip.net:4554",
            "server_url": "http://123.playip.net:4554/c/",
            "macs": [
                "00:1A:79:32:C7:F9"
            ]
        },
        {
            "server_name": "dna-iptv.com:999",
            "server_url": "http://dna-iptv.com:999/c/",
            "macs": [
                "00:1A:79:1C:09:3C",
                "00:1A:79:77:41:5D"
            ]
        },
        {
            "server_name": "ip.ninja22.xyz:8080",
            "server_url": "http://ip.ninja22.xyz:8080/c/",
            "macs": [
                "00:1A:79:B5:B2:F1"
            ]
        },
        {
            "server_name": "185.129.1.249:88",
            "server_url": "http://185.129.1.249:88/stalker_portal/c/",
            "macs": [
                "00:1A:79:1E:AE:F4",
                "00:1A:79:14:CE:A8",
                "00:1A:79:1B:25:23",
                "00:1A:79:1B:23:1D"
            ]
        },
        {
            "server_name": "kosovotvstations.zapto.org:82",
            "server_url": "http://kosovotvstations.zapto.org:82/c/",
            "macs": [
                "00:1A:79:00:00:00",
                "00:1A:79:49:7A:71",
                "00:1A:79:4C:A1:FD"
            ]
        },
        {
            "server_name": "51.158.145.18:25461",
            "server_url": "http://51.158.145.18:25461/c/",
            "macs": [
                "00:1A:79:00:00:00"
            ]
        },
        {
            "server_name": "thesehzade.com:8080",
            "server_url": "http://thesehzade.com:8080/c/",
            "macs": [
                "00:1A:79:5A:9F:CB",
                "00:1A:79:23:1E:A2",
                "00:1A:79:59:AD:5C",
                "00:1A:79:2B:DF:1B",
                "00:1A:79:F9:5F:A9",
                "00:1A:79:A8:D0:47",
                "00:1A:79:2B:C0:EF",
                "00:1A:79:3D:C7:A6",
                "00:1A:79:BD:0C:D3",
                "00:1A:79:A4:96:CA"
            ]
        }
    ]
}