{
    "items": [
        {
            "server_name": "myf-tv.com:8080",
            "server_url": "http://myf-tv.com:8080/c/",
            "macs": [
                "00:1A:79:03:BC:67",
                "00:1A:79:04:1F:B2",
                "00:1A:79:04:1F:0E",
                "00:1A:79:04:1F:45",
                "00:1A:79:04:0F:CE",
                "00:1A:79:04:1F:2F",
                "00:1A:79:04:4F:69",
                "00:1A:79:04:1F:4D",
                "00:1A:79:04:1F:5E",
                "00:1A:79:04:3F:7B",
                "00:1A:79:04:2F:6C",
                "00:1A:79:04:1F:C6",
                "00:1A:79:04:5F:F4",
                "00:1A:79:04:3F:B2",
                "00:1A:79:04:2F:7C",
                "00:1A:79:04:2F:42",
                "00:1A:79:04:2F:56",
                "00:1A:79:04:2F:67",
                "00:1A:79:04:6F:B9",
                "00:1A:79:04:5F:B5",
                "00:1A:79:04:77:11",
                "00:1A:79:04:3A:3F",
                "00:1A:79:04:5F:B6",
                "00:1A:79:04:6F:CB",
                "00:1A:79:04:4F:25",
                "00:1A:79:04:7F:A3",
                "00:1A:79:04:6F:C3",
                "00:1A:79:04:4F:7E",
                "00:1A:79:04:7F:51",
                "00:1A:79:04:4F:98",
                "00:1A:79:04:8F:85",
                "00:1A:79:04:4F:F4",
                "00:1A:79:04:8F:EC",
                "00:1A:79:04:9F:B0",
                "00:1A:79:04:A9:51",
                "00:1A:79:04:A1:FF"
            ]
        },
        {
            "server_name": "clubtv.pro-ott.com:25443",
            "server_url": "http://clubtv.pro-ott.com:25443/c/",
            "macs": [
                "00:1A:79:01:5A:FD",
                "00:1A:79:02:FE:01",
                "00:1A:79:08:52:52",
                "00:1A:79:0A:B2:C6",
                "00:1A:79:0B:BC:A7",
                "00:1A:79:0B:9A:06",
                "00:1A:79:14:53:C7",
                "00:1A:79:11:C1:0B",
                "00:1A:79:14:5F:2D",
                "00:1A:79:1C:69:25",
                "00:1A:79:1E:C1:80",
                "00:1A:79:1C:4A:99",
                "00:1A:79:1E:06:EA",
                "00:1A:79:23:35:47",
                "00:1A:79:22:54:27",
                "00:1A:79:22:61:8F",
                "00:1A:79:22:4A:C6",
                "00:1A:79:23:77:5F",
                "00:1A:79:29:F8:5C",
                "00:1A:79:29:65:2B",
                "00:1A:79:27:B9:B0",
                "00:1A:79:2B:1C:A8",
                "00:1A:79:2E:6F:BB",
                "00:1A:79:2F:3A:F5",
                "00:1A:79:30:86:7C",
                "00:1A:79:31:80:1A",
                "00:1A:79:32:56:1A",
                "00:1A:79:34:96:D7",
                "00:1A:79:38:73:41",
                "00:1A:79:3a:55:8c",
                "00:1A:79:3D:0B:59",
                "00:1A:79:41:ED:6A",
                "00:1A:79:41:1E:54",
                "00:1A:79:41:E2:3D",
                "00:1A:79:43:DE:8D",
                "00:1A:79:43:4F:B3",
                "00:1A:79:43:EB:EF",
                "00:1A:79:44:88:34",
                "00:1A:79:43:90:B8",
                "00:1A:79:44:03:99",
                "00:1A:79:44:B5:67",
                "00:1A:79:46:0D:35",
                "00:1A:79:46:41:4F",
                "00:1A:79:47:79:37",
                "00:1A:79:47:91:95",
                "00:1A:79:47:50:92",
                "00:1A:79:45:09:3D",
                "00:1A:79:4A:48:B0",
                "00:1A:79:4A:6C:AC",
                "00:1A:79:4D:17:34",
                "00:1A:79:49:52:94",
                "00:1A:79:4C:5B:EC",
                "00:1A:79:4C:D1:D5",
                "00:1A:79:4C:E0:A9",
                "00:1A:79:4A:E0:93",
                "00:1A:79:4C:DE:8A",
                "00:1A:79:4f:e1:a6",
                "00:1A:79:4C:62:BE",
                "00:1A:79:4F:AF:81",
                "00:1A:79:4E:9B:AE",
                "00:1A:79:4D:0C:56",
                "00:1A:79:50:64:C7",
                "00:1A:79:4D:A6:5B",
                "00:1A:79:4F:B2:59",
                "00:1A:79:4E:F1:D2",
                "00:1A:79:4F:4F:66",
                "00:1A:79:50:CB:0B",
                "00:1A:79:4F:B9:EE",
                "00:1A:79:4F:D3:3F",
                "00:1A:79:51:15:0F",
                "00:1A:79:52:46:2F",
                "00:1A:79:53:0A:4B",
                "00:1A:79:52:30:18",
                "00:1A:79:51:8D:79",
                "00:1A:79:53:3F:BF",
                "00:1A:79:53:4E:A6",
                "00:1A:79:53:8A:C3"
            ]
        },
        {
            "server_name": "hd-max.org:8080",
            "server_url": "http://hd-max.org:8080/c/",
            "macs": [
                "00:1a:79:a7:e1:e3",
                "00:1a:79:a9:bc:d3",
                "00:1a:79:ab:e9:05",
                "00:1a:79:ad:bf:7e",
                "00:1a:79:ad:85:4a",
                "00:1a:79:a7:58:c7",
                "00:1a:79:a1:81:c2",
                "00:1a:79:aa:d3:13",
                "00:1a:79:ae:72:ef",
                "00:1a:79:a0:be:ab",
                "00:1a:79:a5:e6:3d",
                "00:1a:79:ab:e2:01",
                "00:1a:79:a6:ca:c4",
                "00:1a:79:ac:de:04",
                "00:1a:79:ab:3b:07",
                "00:1a:79:ad:fe:c3",
                "00:1a:79:ab:58:0e",
                "00:1a:79:a4:75:cb",
                "00:1a:79:a2:84:54",
                "00:1a:79:a4:75:c5",
                "00:1a:79:ab:5e:88",
                "00:1a:79:ac:01:73",
                "00:1a:79:ae:0d:33",
                "00:1a:79:a4:80:59",
                "00:1a:79:a1:88:b5",
                "00:1a:79:a6:52:87",
                "00:1a:79:a8:96:f7",
                "00:1a:79:ab:6f:ef",
                "00:1a:79:ac:6e:ae",
                "00:1a:79:a5:5a:d7",
                "00:1a:79:ad:79:d7",
                "00:1a:79:aa:b7:38"
            ]
        },
        {
            "server_name": "storm.sphd.co:8080",
            "server_url": "http://storm.sphd.co:8080/c/",
            "macs": [
                "00:1a:79:58:12:98",
                "00:1a:79:32:42:ef"
            ]
        },
        {
            "server_name": "sa.magnetukas.lt:8666",
            "server_url": "http://sa.magnetukas.lt:8666/c/",
            "macs": [
                "00:1A:79:A6:02:E3",
                "00:1A:79:A7:A7:64"
            ]
        },
        {
            "server_name": "anonymoustv.club",
            "server_url": "http://anonymoustv.club/c/",
            "macs": [
                "00:1A:79:A9:2F:12"
            ]
        },
        {
            "server_name": "tvtazmk3.xyz:8880",
            "server_url": "http://tvtazmk3.xyz:8880/c/",
            "macs": [
                "00:1A:79:58:1a:c0",
                "00:1A:79:6a:d4:fc",
                "00:1A:79:83:b1:d5"
            ]
        },
        {
            "server_name": "drzreborn.myftp.org:8080",
            "server_url": "http://drzreborn.myftp.org:8080/c/",
            "macs": [
                "00:1A:79:3f:21:8b",
                "00:1A:79:9e:32:e5"
            ]
        },
        {
            "server_name": "iptv.bestchoicetv.vip:8080",
            "server_url": "http://iptv.bestchoicetv.vip:8080/c/",
            "macs": [
                "00:1a:79:ba:1d:04"
            ]
        },
        {
            "server_name": "o2iptv.com:8080",
            "server_url": "http://o2iptv.com:8080/c/",
            "macs": [
                "00:1a:79:4f:47:d8",
                "00:1a:79:b0:2e:ea",
                "00:1a:79:a4:ea:65",
                "00:1a:79:30:3e:25"
            ]
        }
    ]
}