{
    "items": [
        {
            "server_name": "powerip.be:8000",
            "server_url": "http://powerip.be:8000/c/",
            "macs": [
                "00:1a:79:11:52:03",
                "00:1a:79:8e:8e:6e",
                "00:1a:79:87:7b:41",
                "00:1a:79:78:5d:59",
                "00:1a:79:25:91:75",
                "00:1a:79:5d:3b:07",
                "00:1a:79:28:4b:8f",
                "00:1a:79:3d:5e:52",
                "00:1a:79:51:63:65",
                "00:1a:79:4d:09:08",
                "00:1a:79:56:04:82",
                "00:1a:79:69:6d:2d",
                "00:1a:79:41:75:01",
                "00:1a:79:49:36:3e",
                "00:1a:79:31:7e:76",
                "00:1a:79:8d:92:98",
                "00:1a:79:13:69:5f",
                "00:1a:79:6a:70:03",
                "00:1a:79:00:5d:16",
                "00:1a:79:56:3c:0d",
                "00:1a:79:02:68:06",
                "00:1a:79:3b:48:87",
                "00:1a:79:31:87:2e"
            ]
        },
        {
            "server_name": "lotintv4k.com",
            "server_url": "http://lotintv4k.com/c/",
            "macs": [
                "00:1A:79:00:00:62",
                "00:1A:79:00:0d:15",
                "00:1A:79:00:12:3C",
                "00:1A:79:00:13:09",
                "00:1A:79:00:22:74",
                "00:1A:79:00:28:B0",
                "00:1A:79:00:5C:00",
                "00:1A:79:00:66:4d",
                "00:1A:79:00:48:FC",
                "00:1A:79:00:68:e3",
                "00:1A:79:00:70:9D",
                "00:1A:79:00:74:B7",
                "00:1A:79:00:78:03",
                "00:1A:79:00:78:9c",
                "00:1A:79:00:7A:0C",
                "00:1A:79:00:78:DF",
                "00:1A:79:00:7A:58",
                "00:1A:79:00:78:14",
                "00:1A:79:00:78:BC",
                "00:1A:79:00:7A:01",
                "00:1A:79:00:7B:D4",
                "00:1A:79:00:79:9f",
                "00:1A:79:00:8c:a9",
                "00:1A:79:00:a9:03",
                "00:1A:79:00:BB:CA",
                "00:1A:79:00:BB:53",
                "00:1A:79:00:AD:7F",
                "00:1A:79:00:CE:FC",
                "00:1A:79:00:d7:80",
                "00:1A:79:00:ea:cf",
                "00:1A:79:00:cf:34",
                "00:1A:79:00:EA:34",
                "00:1A:79:00:e9:66",
                "00:1A:79:00:FB:B0",
                "00:1A:79:00:ED:D0",
                "00:1A:79:00:f7:8a",
                "00:1A:79:00:FB:9F",
                "00:1A:79:01:02:5a",
                "00:1A:79:01:00:31",
                "00:1A:79:01:02:5b",
                "00:1A:79:01:02:8d",
                "00:1A:79:01:02:66",
                "00:1A:79:01:07:E4",
                "00:1A:79:01:02:62",
                "00:1A:79:01:02:a4",
                "00:1A:79:01:0d:a9",
                "00:1A:79:01:2b:3b",
                "00:1A:79:01:34:d8",
                "00:1A:79:01:36:46",
                "00:1A:79:01:4D:C0",
                "00:1A:79:01:68:8E",
                "00:1A:79:01:77:61",
                "00:1A:79:01:CA:73",
                "00:1A:79:02:18:34",
                "00:1A:79:02:2C:2A",
                "00:1A:79:02:16:9a",
                "00:1A:79:02:84:3C",
                "00:1A:79:02:84:66",
                "00:1A:79:02:A8:3D"
            ]
        },
        {
            "server_name": "eu.majes-line.co",
            "server_url": "http://eu.majes-line.co/c/",
            "macs": [
                "00:1a:79:3c:4b:47",
                "00:1a:79:80:0c:6b",
                "00:1a:79:73:88:33",
                "00:1a:79:40:2f:76",
                "00:1a:79:70:98:71",
                "00:1a:79:11:21:76",
                "00:1a:79:55:44:37",
                "00:1a:79:77:79:2c",
                "00:1a:79:31:68:0e",
                "00:1a:79:6f:09:14",
                "00:1a:79:97:34:50",
                "00:1a:79:4a:13:6b",
                "00:1a:79:6b:90:5c",
                "00:1a:79:8b:3e:3f",
                "00:1a:79:70:8a:6e",
                "00:1a:79:31:68:0e",
                "00:1a:79:73:51:5d",
                "00:1a:79:16:3f:8d",
                "00:1a:79:56:44:29",
                "00:1a:79:35:6e:0a",
                "00:1a:79:52:76:84",
                "00:1a:79:3a:98:06",
                "00:1a:79:4c:39:65",
                "00:1a:79:87:4e:6f",
                "00:1a:79:24:83:78",
                "00:1a:79:31:3b:33",
                "00:1a:79:48:82:73",
                "00:1a:79:24:81:8a",
                "00:1a:79:64:37:00",
                "00:1a:79:3a:67:11",
                "00:1a:79:53:8f:00",
                "00:1a:79:00:51:5c",
                "00:1a:79:3a:1f:5f",
                "00:1a:79:21:8e:31",
                "00:1a:79:2a:3f:08",
                "00:1a:79:66:4f:8d",
                "00:1a:79:96:09:5b",
                "00:1a:79:79:47:04",
                "00:1a:79:6d:5a:1a",
                "00:1a:79:60:76:79",
                "00:1a:79:90:17:0c",
                "00:1a:79:54:12:2b",
                "00:1a:79:1d:5a:25",
                "00:1a:79:02:09:15",
                "00:1a:79:5b:0b:04",
                "00:1a:79:4f:1a:4b",
                "00:1a:79:2c:97:0b",
                "00:1a:79:70:6f:6d",
                "00:1a:79:43:92:24",
                "00:1a:79:75:01:65",
                "00:1a:79:21:0e:01",
                "00:1a:79:6e:17:5d",
                "00:1a:79:46:72:65",
                "00:1a:79:37:82:1e",
                "00:1a:79:6e:70:83",
                "00:1a:79:26:1f:56",
                "00:1a:79:46:98:10",
                "00:1a:79:71:62:68",
                "00:1a:79:82:19:53",
                "00:1a:79:40:07:85",
                "00:1a:79:47:54:4d",
                "00:1a:79:53:14:1f",
                "00:1a:79:78:01:7a",
                "00:1a:79:5f:22:69",
                "00:1a:79:75:62:5a",
                "00:1a:79:66:0e:24",
                "00:1a:79:3a:8f:81",
                "00:1a:79:5e:1b:2c",
                "00:1a:79:0b:3e:86",
                "00:1a:79:1a:7e:09",
                "00:1a:79:42:09:46",
                "00:1a:79:35:70:68"
            ]
        },
        {
            "server_name": "nettv.cx",
            "server_url": "http://nettv.cx/c/",
            "macs": [
                "00:1A:79:00:76:30",
                "00:1A:79:00:76:90"
            ]
        },
        {
            "server_name": "zdravahrana.dyndns.info:8081",
            "server_url": "http://zdravahrana.dyndns.info:8081/c/",
            "macs": [
                "00:1A:79:6b:0d:e9",
                "00:1A:79:70:88:2c",
                "00:1A:79:14:46:4c",
                "00:1A:79:ae:b8:78",
                "00:1A:79:b7:49:33",
                "00:1A:79:01:91:db",
                "00:1A:79:f0:02:e1",
                "00:1A:79:60:48:5e",
                "00:1A:79:f0:08:a0",
                "00:1A:79:20:9f:4c",
                "00:1A:79:f0:0a:df",
                "00:1A:79:72:2c:c8"
            ]
        },
        {
            "server_name": "nettv.cx",
            "server_url": "http://nettv.cx/c/",
            "macs": [
                "00:1A:79:00:71:60",
                "00:1A:79:00:57:60",
                "00:1A:79:00:45:48",
                "00:1A:79:00:44:D7",
                "00:1A:79:00:45:1C",
                "00:1A:79:00:44:DF",
                "00:1A:79:00:44:0B",
                "00:1A:79:00:43:D8",
                "00:1A:79:00:41:92",
                "00:1A:79:00:3E:0B",
                "00:1A:79:00:3E:00",
                "00:1A:79:00:3C:3C",
                "00:1A:79:00:3B:3E",
                "00:1A:79:08:DD:FA",
                "00:1A:79:05:1A:22",
                "00:1A:79:01:69:2D",
                "00:1A:79:02:71:B6",
                "00:1A:79:01:25:CA",
                "00:1A:79:02:68:CA",
                "00:1A:79:02:63:53",
                "00:1A:79:02:61:9D",
                "00:1A:79:02:3A:CB",
                "00:1A:79:02:21:4A",
                "00:1A:79:02:1F:CB",
                "00:1A:79:02:03:AA",
                "00:1A:79:02:12:F3",
                "00:1A:79:02:03:4D",
                "00:1A:79:02:03:E6",
                "00:1A:79:02:03:38",
                "00:1A:79:02:02:77",
                "00:1A:79:02:02:1C",
                "00:1A:79:02:02:0A",
                "00:1A:79:02:00:87",
                "00:1A:79:02:00:80",
                "00:1A:79:01:C9:06",
                "00:1A:79:01:B5:46",
                "00:1A:79:01:C3:14",
                "00:1A:79:01:AA:E9",
                "00:1A:79:01:AA:52",
                "00:1A:79:01:96:E2",
                "00:1A:79:01:98:64",
                "00:1A:79:01:8A:B4",
                "00:1A:79:01:88:99",
                "00:1A:79:01:87:EC",
                "00:1A:79:01:71:29",
                "00:1A:79:01:71:73",
                "00:1A:79:01:70:C9",
                "00:1A:79:01:70:AE",
                "00:1A:79:01:66:7F",
                "00:1A:79:01:67:9C",
                "00:1A:79:01:64:A2",
                "00:1A:79:01:65:45",
                "00:1A:79:01:64:74",
                "00:1A:79:01:64:35",
                "00:1A:79:01:64:8C",
                "00:1A:79:01:64:55",
                "00:1A:79:01:64:24",
                "00:1A:79:01:36:3D",
                "00:1A:79:01:63:D9",
                "00:1A:79:01:0C:42",
                "00:1A:79:01:2D:FA",
                "00:1A:79:01:0C:0F",
                "00:1A:79:01:0A:FC",
                "00:1A:79:01:01:48",
                "00:1A:79:00:ED:53",
                "00:1A:79:00:ED:C8",
                "00:1A:79:00:E9:00",
                "00:1A:79:00:D8:05",
                "00:1A:79:00:ED:5F",
                "00:1A:79:00:C0:9A",
                "00:1A:79:00:BF:80",
                "00:1A:79:00:B5:B5",
                "00:1A:79:00:B7:20",
                "00:1A:79:00:AE:F7",
                "00:1A:79:00:AE:35",
                "00:1A:79:00:B4:C2",
                "00:1A:79:00:AA:EB",
                "00:1A:79:00:A1:B1",
                "00:1A:79:00:96:89",
                "00:1A:79:00:7C:12",
                "00:1A:79:00:8B:45",
                "00:1A:79:00:78:23",
                "00:1A:79:00:7B:28",
                "00:1A:79:00:78:03",
                "00:1A:79:00:78:BC",
                "00:1A:79:00:77:9C",
                "00:1A:79:00:74:93",
                "00:1A:79:00:72:2B",
                "00:1A:79:00:6E:DC",
                "00:1A:79:00:6B:90",
                "00:1A:79:00:5C:2A",
                "00:1A:79:00:57:E0",
                "00:1A:79:00:57:51",
                "00:1A:79:00:56:32",
                "00:1A:79:00:54:17",
                "00:1A:79:00:53:66",
                "00:1A:79:00:54:87",
                "00:1A:79:00:53:2D",
                "00:1A:79:00:52:89",
                "00:1A:79:00:52:27",
                "00:1A:79:00:4E:38",
                "00:1A:79:00:4D:EE",
                "00:1A:79:00:4B:D4",
                "00:1A:79:00:4C:DE",
                "00:1A:79:00:49:C5",
                "00:1A:79:00:48:33",
                "00:1A:79:00:47:EB",
                "00:1A:79:00:46:30",
                "00:1A:79:00:46:31",
                "00:1A:79:00:46:28",
                "00:1A:79:00:45:72",
                "00:1A:79:00:45:70",
                "00:1A:79:00:45:57",
                "00:1A:79:00:44:EA",
                "00:1A:79:00:44:E4",
                "00:1A:79:00:44:D1",
                "00:1A:79:00:45:13",
                "00:1A:79:00:44:AA",
                "00:1A:79:00:44:ED",
                "00:1A:79:00:44:EB",
                "00:1A:79:00:44:EE",
                "00:1A:79:00:44:EC",
                "00:1A:79:00:44:70",
                "00:1A:79:00:44:A0",
                "00:1A:79:00:44:3A",
                "00:1A:79:00:44:54",
                "00:1A:79:00:43:F9",
                "00:1A:79:00:44:5C",
                "00:1A:79:00:43:FD",
                "00:1A:79:00:44:5F",
                "00:1A:79:00:43:E3",
                "00:1A:79:00:44:51",
                "00:1A:79:00:44:2E",
                "00:1A:79:00:43:4E",
                "00:1A:79:00:43:FC",
                "00:1A:79:00:43:BF"
            ]
        }
    ]
}