{
    "items": [
        {
            "server_name": "youarespecial.uk:80",
            "server_url": "http://youarespecial.uk:80/c/",
            "macs": [
                "00:1A:79:53:04:C2",
                "00:1A:79:52:EB:0E",
                "00:1A:79:53:0D:04",
                "00:1A:79:52:CD:5E",
                "00:1A:79:51:E8:32",
                "00:1A:79:53:08:43",
                "00:1A:79:53:5F:66",
                "00:1A:79:53:60:85",
                "00:1A:79:52:EA:BF"
            ]
        },
        {
            "server_name": "youarespecial.uk:80",
            "server_url": "http://youarespecial.uk:80/c/",
            "macs": [
                "00:1A:79:51:E7:F5",
                "00:1A:79:51:4D:65",
                "00:1A:79:51:BE:A4",
                "00:1A:79:52:CC:50",
                "00:1A:79:52:CC:EE",
                "00:1A:79:51:75:73",
                "00:1A:79:52:3F:2A",
                "00:1A:79:51:43:EF",
                "00:1A:79:52:F1:66",
                "00:1A:79:52:8D:56",
                "00:1A:79:51:B8:86",
                "00:1A:79:51:FE:15",
                "00:1A:79:50:E4:79",
                "00:1A:79:51:FD:0D",
                "00:1A:79:51:75:79",
                "00:1A:79:52:B8:17",
                "00:1A:79:52:E2:49",
                "00:1A:79:51:90:8E",
                "00:1A:79:51:E9:1C",
                "00:1A:79:52:F6:1C",
                "00:1A:79:52:A7:1C",
                "00:1A:79:52:CD:53",
                "00:1A:79:52:F5:EF",
                "00:1A:79:52:EB:FF",
                "00:1A:79:53:0C:F5",
                "00:1A:79:51:F2:0B",
                "00:1A:79:53:06:D7",
                "00:1A:79:53:5D:DB",
                "00:1A:79:52:D1:D2",
                "00:1A:79:52:E8:6D",
                "00:1A:79:51:E3:8B",
                "00:1A:79:53:04:5E",
                "00:1A:79:53:5D:2A",
                "00:1A:79:52:D5:0F",
                "00:1A:79:52:32:C3",
                "00:1A:79:52:F6:A9"
            ]
        },
        {
            "server_name": "youarespecial.uk:80",
            "server_url": "http://youarespecial.uk:80/c/",
            "macs": [
                "00:1A:79:4B:AA:35",
                "00:1A:79:4D:09:75",
                "00:1A:79:4D:13:0C",
                "00:1A:79:4C:4C:D5",
                "00:1A:79:4E:8E:62",
                "00:1A:79:4C:D3:05",
                "00:1A:79:4C:E0:ED",
                "00:1A:79:4E:E2:BE",
                "00:1A:79:4E:2F:56",
                "00:1A:79:50:20:8D",
                "00:1A:79:50:0C:F6",
                "00:1A:79:50:39:55",
                "00:1A:79:50:81:A2",
                "00:1A:79:50:39:E5",
                "00:1A:79:50:71:BB",
                "00:1A:79:4F:E2:ED",
                "00:1A:79:50:64:8E",
                "00:1A:79:50:E2:4C",
                "00:1A:79:50:E5:39",
                "00:1A:79:50:E3:3D",
                "00:1A:79:50:88:63",
                "00:1A:79:50:A0:5E",
                "00:1A:79:50:CF:24",
                "00:1A:79:51:DC:95",
                "00:1A:79:51:41:34",
                "00:1A:79:51:E2:D9",
                "00:1A:79:51:A4:87",
                "00:1A:79:51:93:EF",
                "00:1A:79:50:D0:46",
                "00:1A:79:51:93:5A",
                "00:1A:79:52:2C:98"
            ]
        },
        {
            "server_name": "youarespecial.uk:80",
            "server_url": "http://youarespecial.uk:80/c/",
            "macs": [
                "00:1A:79:43:47:CA",
                "00:1A:79:43:b4:83",
                "00:1A:79:43:BA:EE",
                "00:1A:79:44:14:D3",
                "00:1A:79:44:84:3D",
                "00:1A:79:43:C3:13",
                "00:1A:79:44:7E:18",
                "00:1A:79:45:16:BB",
                "00:1A:79:45:A2:36",
                "00:1A:79:47:41:92",
                "00:1A:79:47:CE:42",
                "00:1A:79:47:D3:4A",
                "00:1A:79:47:95:D1",
                "00:1A:79:47:7A:A7",
                "00:1A:79:47:FF:FF",
                "00:1A:79:47:E7:95",
                "00:1A:79:49:07:59",
                "00:1A:79:47:E9:72",
                "00:1A:79:49:42:74",
                "00:1A:79:4A:28:EB",
                "00:1A:79:47:59:34",
                "00:1A:79:49:19:B4",
                "00:1A:79:49:66:61",
                "00:1A:79:4A:2A:5E",
                "00:1A:79:49:D0:26",
                "00:1A:79:49:49:F2",
                "00:1A:79:4C:1D:60",
                "00:1A:79:4A:3E:C4",
                "00:1A:79:4A:7C:A4"
            ]
        }
    ]
}