{
    "items": [
        {
            "server_name": "yellow-star.info:8000",
            "server_url": "http://yellow-star.info:8000/c/",
            "macs": [
                "00:1a:79:56:a4:94",
                "00:1a:79:53:02:af",
                "00:1a:79:04:73:b4",
                "00:1a:79:b6:a8:26",
                "00:1a:79:07:a1:af",
                "00:1a:79:ee:fd:0a",
                "00:1a:79:54:52:cd",
                "00:1a:79:d6:74:ca",
                "00:1a:79:2a:d2:b8",
                "00:1a:79:7c:69:65",
                "00:1a:79:6d:e5:ac",
                "00:1a:79:4c:aa:4e",
                "00:1a:79:85:9d:a9",
                "00:1a:79:40:0f:f2"
            ]
        },
        {
            "server_name": "ott.topstb.net:8000",
            "server_url": "http://ott.topstb.net:8000/c/",
            "macs": [
                "00:1a:79:5d:30:b8",
                "00:1a:79:b4:d5:20",
                "00:1a:79:d6:e1:47",
                "00:1a:79:8b:39:85",
                "00:1a:79:19:9b:e5",
                "00:1a:79:4d:12:4c",
                "00:1a:79:50:27:f0",
                "00:1a:79:29:50:63"
            ]
        },
        {
            "server_name": "line.4k-gold.net",
            "server_url": "http://line.4k-gold.net/c/",
            "macs": [
                "00:1a:79:51:0f:7d",
                "00:1a:79:74:1d:3e",
                "00:1a:79:76:f8:b9",
                "00:1a:79:c0:20:a7",
                "00:1a:79:20:5f:4a",
                "00:1a:79:7e:f4:88",
                "00:1a:79:b3:2f:4b",
                "00:1a:79:2d:8b:3e",
                "00:1a:79:02:cd:18",
                "00:1a:79:67:6e:cc",
                "00:1a:79:6e:c4:9c",
                "00:1a:79:1d:0d:1a",
                "00:1a:79:b0:98:17",
                "00:1a:79:6d:fd:2f",
                "00:1a:79:5a:93:2a",
                "00:1a:79:bf:81:42",
                "00:1a:79:03:6f:bf",
                "00:1a:79:18:1a:17",
                "00:1a:79:b8:fb:32",
                "00:1a:79:b8:90:44",
                "00:1a:79:66:17:8f",
                "00:1a:79:b9:f6:5a",
                "00:1a:79:dd:b1:f2",
                "00:1a:79:19:21:49",
                "00:1a:79:c0:a7:3d",
                "00:1a:79:3d:67:31",
                "00:1a:79:5a:ba:3e"
            ]
        },
        {
            "server_name": "turkiyetv.live:8000",
            "server_url": "http://turkiyetv.live:8000/c/",
            "macs": [
                "00:1a:79:db:b3:f9",
                "00:1a:79:55:a1:75",
                "00:1a:79:ad:ab:82",
                "00:1a:79:e0:f8:6d",
                "00:1a:79:6c:ee:2f",
                "00:1a:79:17:42:48",
                "00:1a:79:26:b4:3b",
                "00:1a:79:bc:d2:6b",
                "00:1a:79:b2:16:1e",
                "00:1a:79:52:17:5b",
                "00:1a:79:ad:ef:64",
                "00:1a:79:bd:47:23",
                "00:1a:79:f4:30:e0",
                "00:1a:79:3a:b2:c8",
                "00:1a:79:b8:7e:c0",
                "00:1a:79:73:38:c5",
                "00:1a:79:20:9f:56",
                "00:1a:79:5f:1d:26",
                "00:1a:79:14:a2:6c",
                "00:1a:79:b2:14:98",
                "00:1a:79:b2:0a:8a",
                "00:1a:79:68:b1:77",
                "00:1a:79:67:87:79",
                "00:1a:79:b5:c5:75",
                "00:1a:79:3c:3c:eb",
                "00:1a:79:03:1e:30",
                "00:1a:79:22:01:6c"
            ]
        },
        {
            "server_name": "alfatv.life:8080",
            "server_url": "http://alfatv.life:8080/c/",
            "macs": [
                "00:1a:79:ab:51:a7",
                "00:1a:79:4f:50:65",
                "00:1a:79:2a:d3:bb",
                "00:1a:79:be:90:e8",
                "00:1a:79:aa:70:63",
                "00:1a:79:a1:fb:6f",
                "00:1a:79:a1:e3:b3",
                "00:1a:79:cd:77:b8",
                "00:1a:79:2d:39:73",
                "00:1a:79:2a:d1:f1",
                "00:1a:79:8c:02:11",
                "00:1a:79:03:66:dd",
                "00:1a:79:41:e5:b5",
                "00:1a:79:3b:69:0c",
                "00:1a:79:b9:aa:e6",
                "00:1a:79:31:88:8c",
                "00:1a:79:86:9a:d8",
                "00:1a:79:5f:db:8e",
                "00:1a:79:4b:6e:46",
                "00:1a:79:6f:d7:77",
                "00:1a:79:8c:90:d8",
                "00:1a:79:2c:8f:34",
                "00:1a:79:5f:1f:85",
                "00:1a:79:87:78:fb",
                "00:1a:79:4e:10:bc",
                "00:1a:79:b6:e0:51",
                "00:1a:79:39:27:02",
                "00:1a:79:6c:f2:07",
                "00:1a:79:31:c3:ad",
                "00:1a:79:58:bf:cd",
                "00:1a:79:42:d8:1f",
                "00:1a:79:32:1b:dc"
            ]
        },
        {
            "server_name": "mag.abcdxyz.one",
            "server_url": "http://mag.abcdxyz.one/c/",
            "macs": [
                "00:1a:79:e9:40:e6",
                "00:1a:79:d6:6f:8b",
                "00:1a:79:be:d1:e1",
                "00:1a:79:17:30:b6",
                "00:1a:79:18:13:b1",
                "00:1a:79:b5:a5:00",
                "00:1a:79:90:90:c4",
                "00:1a:79:c3:5b:e9",
                "00:1a:79:52:d7:f2",
                "00:1a:79:f8:d0:cc",
                "00:1a:79:18:1c:13",
                "00:1a:79:a5:a2:45",
                "00:1a:79:d0:00:01",
                "00:1a:79:1f:7f:32",
                "00:1a:79:f0:83:67",
                "00:1a:79:00:02:56",
                "00:1a:79:c4:21:45",
                "00:1a:79:b0:e7:30",
                "00:1a:79:c0:20:83",
                "00:1a:79:bd:39:3e",
                "00:1a:79:d5:1f:0e",
                "00:1a:79:3f:bf:69",
                "00:1a:79:ad:3b:73",
                "00:1a:79:17:2b:4f",
                "00:1a:79:b3:65:d0",
                "00:1a:79:b4:10:ee"
            ]
        },
        {
            "server_name": "host.xtream.host.top",
            "server_url": "http://host.xtream.host.top/c/",
            "macs": [
                "00:1a:79:b7:98:52",
                "00:1a:79:52:8a:c0",
                "00:1a:79:53:41:85",
                "00:1a:79:75:bb:b4",
                "00:1a:79:35:10:34",
                "00:1a:79:50:d8:e9",
                "00:1a:79:75:a7:19"
            ]
        },
        {
            "server_name": "p2.iptvprivateserver.ru",
            "server_url": "http://p2.iptvprivateserver.ru/c/",
            "macs": [
                "00:1a:79:56:98:c0",
                "00:1a:79:3b:07:40",
                "00:1a:79:53:25:d0",
                "00:1a:79:a3:79:b9",
                "00:1a:79:25:40:da",
                "00:1a:79:10:8f:59",
                "00:1a:79:a6:b0:bb",
                "00:1a:79:b6:fa:e4",
                "00:1a:79:3a:5e:0f",
                "00:1a:79:b8:36:c6",
                "00:1a:79:a2:dd:36"
            ]
        },
        {
            "server_name": "killott.com:8000",
            "server_url": "http://killott.com:8000/c/",
            "macs": [
                "00:1a:79:5c:27:bd",
                "00:1a:79:21:70:36",
                "00:1a:79:a3:20:95",
                "00:1a:79:21:70:36"
            ]
        },
        {
            "server_name": "r.germanyservers.de:8000",
            "server_url": "http://r.germanyservers.de:8000/c/",
            "macs": [
                "00:1A:79:00:03:08",
                "00:1A:79:00:03:04",
                "00:1A:79:00:03:FF",
                "00:1A:79:00:0A:6E",
                "00:1A:79:00:0A:7E",
                "00:1A:79:cc:ca:4c"
            ]
        },
        {
            "server_name": "watch.4kbest.com:8888",
            "server_url": "http://watch.4kbest.com:8888/c/",
            "macs": [
                "00:1A:79:e0:04:58",
                "00:1A:79:40:ab:be",
                "00:1A:79:23:a7:d7",
                "00:1A:79:53:c7:fd",
                "00:1A:79:84:85:94",
                "00:1A:79:55:6c:cd",
                "00:1A:79:47:54:1f",
                "00:1A:79:5f:23:11",
                "00:1A:79:55:51:2b"
            ]
        },
        {
            "server_name": "portal.ramz123.xyz",
            "server_url": "http://portal.ramz123.xyz/c/",
            "macs": [
                "00:1A:79:35:ab:99",
                "00:1A:79:52:ef:f6",
                "00:1A:79:a3:a0:bd",
                "00:1A:79:b3:2a:94",
                "00:1A:79:b3:67:7d",
                "00:1A:79:39:16:ee",
                "00:1A:79:a7:d4:29",
                "00:1A:79:b5:23:cd",
                "00:1A:79:aa:af:dc",
                "00:1A:79:dd:d5:ff",
                "00:1A:79:a4:d5:46",
                "00:1A:79:a9:f4:d2",
                "00:1A:79:3a:2a:52",
                "00:1A:79:89:2e:eb",
                "00:1A:79:ac:f8:69",
                "00:1A:79:cb:db:81",
                "00:1A:79:3e:f0:36",
                "00:1A:79:b3:6e:58",
                "00:1A:79:ae:b6:e8",
                "00:1A:79:3e:7f:13"
            ]
        },
        {
            "server_name": "sultan-iptv.com:80",
            "server_url": "http://sultan-iptv.com:80/c/",
            "macs": [
                "00:1A:79:73:B2:E1",
                "00:1A:79:73:0D:8C",
                "00:1A:79:73:37:FA",
                "00:1A:79:73:37:55",
                "00:1A:79:73:A1:C4",
                "00:1A:79:73:7C:2D",
                "00:1a:79:5c:b9:47",
                "00:1A:79:73:B2:A9",
                "00:1A:79:73:4D:35",
                "00:1A:79:73:48:4F",
                "00:1A:79:73:27:F0",
                "00:1A:79:73:0D:6B",
                "00:1A:79:73:37:C3",
                "00:1A:79:63:21:E5",
                "00:1A:79:5D:04:03",
                "00:1A:79:5c:e6:c3",
                "00:1a:79:60:0e:9c",
                "00:1a:79:60:0e:9c"
            ]
        },
        {
            "server_name": "pro.00387.info",
            "server_url": "http://pro.00387.info/stalker_portal/c/",
            "macs": [
                "00:1A:79:3F:93:D8",
                "00:1A:79:41:A8:D4",
                "00:1A:79:3F:CA:D3",
                "00:1A:79:39:4F:DA",
                "00:1A:79:52:B3:14",
                "00:1A:79:55:EC:72",
                "00:1A:79:2A:14:2C",
                "00:1A:79:2F:4C:98",
                "00:1A:79:25:6D:3D",
                "00:1A:79:2A:14:2C",
                "00:1A:79:39:4F:DA",
                "00:1A:79:52:B3:14",
                "00:1A:79:51:71:38"
            ]
        },
        {
            "server_name": "ultrontv.xyz:80",
            "server_url": "http://ultrontv.xyz:80/c/",
            "macs": [
                "00:1A:79:00:7D:0C",
                "00:1A:79:60:37:8A",
                "00:1A:79:A5:20:80",
                "00:1A:79:00:00:00",
                "00:1A:79:30:df:77"
            ]
        },
        {
            "server_name": "aceservers.watch:8880",
            "server_url": "http://aceservers.watch:8880/c/",
            "macs": [
                "00:1A:79:00:00:07",
                "00:1A:79:00:00:05",
                "00:1A:79:00:03:04",
                "00:1A:79:00:22:11",
                "00:1A:79:00:24:20",
                "00:1a:79:43:1D:80",
                "00:1a:79:F1:B8:05",
                "00:1A:79:00:00:05",
                "00:1A:79:00:00:07",
                "00:1A:79:00:22:11",
                "00:1A:79:00:8D:5D",
                "00:1A:79:00:8E:E0",
                "00:1A:79:00:8E:C1",
                "00:1A:79:00:99:FD",
                "00:1A:79:00:EF:51"
            ]
        },
        {
            "server_name": "samoprizren.live:2082",
            "server_url": "http://samoprizren.live:2082/c/",
            "macs": [
                "00:1A:79:4f:c6:31",
                "00:1A:79:56:98:7c",
                "00:1A:79:00:7C:C3",
                "00:1A:79:5E:2E:5E"
            ]
        },
        {
            "server_name": "covidmap.xyz:8080",
            "server_url": "http://covidmap.xyz:8080/c/",
            "macs": [
                "00:1A:79:e5:d3:7e",
                "00:1A:79:5b:e9:ed",
                "00:1A:79:c0:27:e5",
                "00:1A:79:b0:46:cc",
                "00:1A:79:50:d1:41",
                "00:1A:79:5f:d2:5d",
                "00:1A:79:08:2b:be",
                "00:1A:79:bc:df:f0",
                "00:1A:79:5b:df:c0",
                "00:1A:79:ae:73:c3",
                "00:1A:79:50:cd:19",
                "00:1A:79:28:01:87",
                "00:1A:79:53:62:75",
                "00:1A:79:b0:a8:56",
                "00:1A:79:44:1b:0b",
                "00:1A:79:b0:8e:bb"
            ]
        }
    ]
}