{
    "items": [
        {
            "server_name": "line.4k-gold.net",
            "server_url": "http://line.4k-gold.net/c/",
            "macs": [
                "00:1a:79:01:12:f6",
                "00:1a:79:be:75:d4",
                "00:1a:79:a6:a8:52",
                "00:1a:79:95:cb:08",
                "00:1a:79:83:9d:08",
                "00:1a:79:c3:b4:7c",
                "00:1a:79:6f:6f:28",
                "00:1a:79:ab:f2:6d",
                "00:1a:79:71:eb:a1",
                "00:1a:79:01:47:7c",
                "00:1a:79:bb:f6:11",
                "00:1a:79:b2:0c:b2",
                "00:1a:79:0e:8f:80",
                "00:1a:79:26:e0:9e",
                "00:1a:79:19:20:d0",
                "00:1a:79:5c:7a:0e",
                "00:1a:79:af:c3:db",
                "00:1a:79:b3:67:58",
                "00:1a:79:24:87:c0",
                "00:1a:79:b4:38:d5",
                "00:1a:79:1e:0d:61",
                "00:1a:79:8e:a0:20",
                "00:1a:79:76:83:8d",
                "00:1a:79:72:ab:d8",
                "00:1a:79:b2:44:ac",
                "00:1a:79:9d:c4:b7",
                "00:1a:79:d7:da:b7",
                "00:1a:79:e3:37:f7",
                "00:1a:79:a4:68:80",
                "00:1a:79:1e:09:77",
                "00:1a:79:bf:f6:e6",
                "00:1a:79:6e:06:67",
                "00:1a:79:1a:47:b8",
                "00:1a:79:3e:f0:79",
                "00:1a:79:68:81:06",
                "00:1a:79:95:98:84",
                "00:1a:79:aa:72:b2",
                "00:1a:79:70:48:ba",
                "00:1a:79:1c:6b:1b",
                "00:1a:79:72:ad:9a",
                "00:1a:79:1d:01:4a",
                "00:1a:79:3a:cf:d0",
                "00:1a:79:b2:20:ce",
                "00:1a:79:b2:78:ba",
                "00:1a:79:a5:26:e2",
                "00:1a:79:a4:2f:f1",
                "00:1a:79:b7:47:bd",
                "00:1a:79:40:1e:a7",
                "00:1a:79:0c:76:f5",
                "00:1a:79:c2:9f:9c",
                "00:1a:79:ba:37:a8",
                "00:1a:79:70:65:50",
                "00:1a:79:c2:7d:6b",
                "00:1a:79:2f:61:06",
                "00:1a:79:ba:2a:c6",
                "00:1a:79:c0:a6:1c",
                "00:1a:79:bf:97:75",
                "00:1a:79:67:c1:b5",
                "00:1a:79:53:47:ae",
                "00:1a:79:c2:7a:d9",
                "00:1a:79:a4:65:34",
                "00:1a:79:4c:a3:bf",
                "00:1a:79:59:d6:65"
            ]
        },
        {
            "server_name": "fans4me.com:8080",
            "server_url": "http://fans4me.com:8080/c/",
            "macs": [
                "00:1a:79:be:75:d4",
                "00:1a:79:58:2f:45",
                "00:1a:79:b7:28:60",
                "00:1a:79:ad:fb:e7",
                "00:1a:79:b8:fe:3b",
                "00:1a:79:ad:51:54",
                "00:1a:79:bc:d8:70",
                "00:1a:79:7c:d8:7d",
                "00:1a:79:56:af:6a",
                "00:1a:79:4f:31:95",
                "00:1a:79:4d:11:8d",
                "00:1a:79:ab:4a:c4",
                "00:1a:79:ad:7f:11",
                "00:1a:79:73:d6:9c",
                "00:1a:79:ae:73:b6",
                "00:1a:79:46:06:4f",
                "00:1a:79:d8:1f:b6",
                "00:1a:79:2e:77:af",
                "00:1a:79:74:ec:2a",
                "00:1a:79:53:73:9c",
                "00:1a:79:bd:0a:22",
                "00:1a:79:de:7f:40",
                "00:1a:79:e1:1f:22",
                "00:1a:79:d5:18:d9",
                "00:1a:79:60:89:74",
                "00:1a:79:ba:0e:58",
                "00:1a:79:c1:b4:5b",
                "00:1a:79:96:49:02",
                "00:1a:79:5c:37:8c"
            ]
        },
        {
            "server_name": "heretv.club",
            "server_url": "http://heretv.club/c/",
            "macs": [
                "00:1a:79:d6:2f:04",
                "00:1a:79:74:84:5f",
                "00:1a:79:a0:f1:a0",
                "00:1a:79:ab:80:16",
                "00:1a:79:63:c5:3d",
                "00:1a:79:5e:0e:44",
                "00:1a:79:6b:64:22",
                "00:1a:79:5d:e1:ed",
                "00:1a:79:11:22:34",
                "00:1a:79:4c:51:22",
                "00:1a:79:4f:4e:71",
                "00:1a:79:79:f2:2a",
                "00:1a:79:ca:44:d1",
                "00:1a:79:b9:ed:50",
                "00:1a:79:6a:c8:e0",
                "00:1a:79:49:ea:dc",
                "00:1a:79:4e:69:c6",
                "00:1a:79:b8:4d:90",
                "00:1a:79:b4:e1:2a",
                "00:1a:79:b8:7a:70",
                "00:1a:79:ba:8d:17"
            ]
        },
        {
            "server_name": "powerip.be:8000",
            "server_url": "http://powerip.be:8000/c/",
            "macs": [
                "00:1a:79:ab:67:4d",
                "00:1a:79:07:bc:08",
                "00:1a:79:66:cf:10",
                "00:1a:79:aa:3e:af",
                "00:1a:79:3b:18:09",
                "00:1a:79:09:49:09",
                "00:1a:79:2a:d1:f0",
                "00:1a:79:15:25:df",
                "00:1a:79:d6:a7:d7",
                "00:1a:79:68:d1:25",
                "00:1a:79:bf:86:a9",
                "00:1a:79:a7:ad:e2",
                "00:1a:79:38:ce:25",
                "00:1a:79:bd:26:3a",
                "00:1a:79:b5:66:3a",
                "00:1a:79:95:9e:34",
                "00:1a:79:06:49:16",
                "00:1a:79:e0:04:ad",
                "00:1a:79:76:7d:7b",
                "00:1a:79:c8:03:6a",
                "00:1a:79:99:24:74",
                "00:1a:79:39:50:d8",
                "00:1a:79:54:35:af",
                "00:1a:79:af:5a:2c",
                "00:1a:79:90:31:64"
            ]
        },
        {
            "server_name": "swissiptv.us:8080",
            "server_url": "http://swissiptv.us:8080/c/",
            "macs": [
                "00:1a:79:b7:7b:a0",
                "00:1a:79:94:a7:c5",
                "00:1a:79:b2:44:62",
                "00:1a:79:59:87:33",
                "00:1a:79:49:83:81",
                "00:1a:79:bb:3b:11",
                "00:1a:79:be:80:c4",
                "00:1a:79:4d:11:3a",
                "00:1a:79:ae:ab:de",
                "00:1a:79:a3:86:73",
                "00:1a:79:5f:d3:ca",
                "00:1a:79:63:93:7c",
                "00:1a:79:19:3f:42",
                "00:1a:79:32:23:8a",
                "00:1a:79:b4:33:34",
                "00:1a:79:51:3a:91",
                "00:1a:79:67:81:da",
                "00:1a:79:b2:6d:1e",
                "00:1a:79:3a:ca:a0",
                "00:1a:79:bc:35:2c",
                "00:1a:79:6e:63:1c",
                "00:1a:79:b9:f0:ca",
                "00:1a:79:b7:49:0e",
                "00:1a:79:26:d9:33",
                "00:1a:79:ae:34:c1",
                "00:1a:79:64:9b:81",
                "00:1a:79:5a:98:97",
                "00:1a:79:d3:d2:95",
                "00:1a:79:47:54:e1",
                "00:1a:79:46:2f:9c",
                "00:1a:79:b3:74:76",
                "00:1a:79:4a:97:95",
                "00:1a:79:81:73:63",
                "00:1a:79:b4:96:b6",
                "00:1a:79:d6:7f:8c",
                "00:1a:79:40:1b:e0",
                "00:1a:79:31:2f:3e",
                "00:1a:79:a8:08:64"
            ]
        },
        {
            "server_name": "dj.webhop.org:8080",
            "server_url": "http://dj.webhop.org:8080/c/",
            "macs": [
                "00:1a:79:6b:08:0f",
                "00:1a:79:9d:2c:9c",
                "00:1a:79:aa:3b:9b",
                "00:1a:79:9d:ac:21"
            ]
        },
        {
            "server_name": "carago.oitocentos.net:8080",
            "server_url": "http://carago.oitocentos.net:8080/c/",
            "macs": [
                "00:1a:79:c3:b1:5e",
                "00:1a:79:a5:2c:59",
                "00:1a:79:b9:00:4f"
            ]
        },
        {
            "server_name": "vpro.millenium-ott.com:25443",
            "server_url": "http://vpro.millenium-ott.com:25443/c/",
            "macs": [
                "00:1a:79:bb:81:74"
            ]
        },
        {
            "server_name": "premium-x.net:6453",
            "server_url": "http://premium-x.net:6453/c/",
            "macs": [
                "00:1a:79:c1:24:20",
                "00:1a:79:46:37:a0"
            ]
        },
        {
            "server_name": "a111.info",
            "server_url": "http://a111.info/stalker_portal/c/",
            "macs": [
                "00:1A:79:1A:78:FD",
                "00:1A:79:83:6E:55",
                "00:1A:79:2F:C5:67",
                "00:1A:79:27:CF:54",
                "00:1A:79:4F:1E:28",
                "00:1A:79:1C:B8:33",
                "00:1A:79:0A:1A:83",
                "00:1A:79:00:0E:79",
                "00:1A:79:53:9B:F8",
                "00:1A:79:3B:E1:A5"
            ]
        },
        {
            "server_name": "live.hutv.me:25461",
            "server_url": "http://live.hutv.me:25461/c/",
            "macs": [
                "00:1A:79:00:1D:6D",
                "00:1A:79:05:07:8B",
                "00:1A:79:14:E4:14",
                "00:1A:79:D6:03:7C",
                "00:1A:79:20:51:8A",
                "00:1A:79:14:E4:14",
                "00:1A:79:17:41:AF",
                "00:1A:79:14:F5:89",
                "00:1A:79:14:C2:D3",
                "00:1A:79:17:5A:25"
            ]
        },
        {
            "server_name": "clubtv.pro-ott.com:25443",
            "server_url": "http://clubtv.pro-ott.com:25443/c/",
            "macs": [
                "00:1A:79:5F:C8:C8"
            ]
        },
        {
            "server_name": "feenyx.xyz",
            "server_url": "http://feenyx.xyz/c/",
            "macs": [
                "00:1A:79:B7:00:6B"
            ]
        },
        {
            "server_name": "micro-ott.com",
            "server_url": "http://micro-ott.com/c/",
            "macs": [
                "00:1A:79:0E:66:85",
                "00:1A:79:00:00:07"
            ]
        },
        {
            "server_name": "wayforward.xyz:25461",
            "server_url": "http://wayforward.xyz:25461/c/",
            "macs": [
                "00:1A:79:C1:40:84"
            ]
        },
        {
            "server_name": "s1.iptv66.tv",
            "server_url": "http://s1.iptv66.tv/c/",
            "macs": [
                "00:1A:79:07:FF:FE",
                "00:1A:79:0A:3F:1A",
                "00:1A:79:08:52:25",
                "00:1A:79:02:E2:08",
                "00:1A:79:08:01:79"
            ]
        },
        {
            "server_name": "sinotv-la.com",
            "server_url": "http://sinotv-la.com/c/",
            "macs": [
                "00:1A:79:00:00:07",
                "00:1A:79:00:00:01",
                "00:1A:79:00:00:00",
                "00:1A:79:00:00:22",
                "00:1A:79:01:99:C2",
                "00:1A:79:0C:CC:F0",
                "00:1A:79:0E:66:85",
                "00:1A:79:00:00:33",
                "00:1A:79:0C:CD:41",
                "00:1A:79:00:00:98",
                "00:1A:79:09:9A:37",
                "00:1A:79:00:00:AA",
                "00:1A:79:01:9A:47",
                "00:1A:79:00:00:AE",
                "00:1A:79:0E:67:BC",
                "00:1A:79:00:01:8F"
            ]
        },
        {
            "server_name": "143.244.61.219:88",
            "server_url": "http://143.244.61.219:88/stalker_portal/c/",
            "macs": [
                "00:1A:79:C1:5A:1C",
                "00:1A:79:74:66:9F",
                "00:1A:79:78:35:34",
                "00:1A:79:E0:46:86",
                "00:1A:79:44:02:C9",
                "00:1A:79:F0:11:34",
                "00:1A:79:66:AE:8D",
                "00:1A:79:63:68:BE",
                "00:1A:79:73:96:61",
                "00:1A:79:BE:0E:90",
                "00:1A:79:74:23:A1",
                "00:1A:79:E5:86:75",
                "00:1A:79:63:9F:B4",
                "00:1A:79:56:4D:AE",
                "00:1A:79:B1:8D:52",
                "00:1A:79:0D:8B:AE",
                "00:1A:79:E5:09:03",
                "00:1A:79:6F:0B:58",
                "00:1A:79:5C:5C:CF",
                "00:1A:79:70:B5:43",
                "00:1A:79:81:53:CC",
                "00:1A:79:36:AA:69"
            ]
        },
        {
            "server_name": "beforeitstoolate.uk",
            "server_url": "http://beforeitstoolate.uk/c/",
            "macs": [
                "00:1a:79:c6:88:30",
                "00:1a:79:a5:31:d9"
            ]
        },
        {
            "server_name": "178.132.78.40:8080",
            "server_url": "http://178.132.78.40:8080/c/",
            "macs": [
                "00:1A:79:AB:E8:DD",
                "00:1A:79:A5:E5:60",
                "00:1A:79:01:75:EF",
                "00:1A:79:50:59:D3",
                "00:1A:79:BC:36:E7",
                "00:1A:79:D6:67:36"
            ]
        },
        {
            "server_name": "stream1.tvs24.net:25461",
            "server_url": "http://stream1.tvs24.net:25461/c/",
            "macs": [
                "00:1A:79:16:FD:95",
                "00:1A:79:14:EC:6E",
                "00:1A:79:16:76:A1"
            ]
        },
        {
            "server_name": "tvbross.com:8090",
            "server_url": "http://tvbross.com:8090/c/",
            "macs": [
                "00:1A:79:4a:85:99"
            ]
        },
        {
            "server_name": "hd.007iptv.com:2095",
            "server_url": "http://hd.007iptv.com:2095/c/",
            "macs": [
                "00:1a:79:b7:29:59",
                "00:1A:79:3A:50:36",
                "00:1A:79:50:7D:D0",
                "00:1A:79:9F:75:33"
            ]
        }
    ]
}