{
    "items": [
        {
            "server_name": "primary.4k-ott.com",
            "server_url": "http://primary.4k-ott.com/c/",
            "macs": [
                "00:1a:79:74:c5:fb",
                "00:1a:79:b8:90:7e",
                "00:1a:79:02:1a:eb",
                "00:1a:79:43:8d:21",
                "00:1a:79:b5:06:a0",
                "00:1a:79:e7:0a:3f",
                "00:1a:79:17:24:5c",
                "00:1a:79:a7:33:b0",
                "00:1a:79:a5:23:b4",
                "00:1a:79:c0:92:1b",
                "00:1a:79:2e:58:6b",
                "00:1a:79:97:6c:54",
                "00:1a:79:02:bb:89",
                "00:1a:79:de:6f:ac",
                "00:1a:79:74:00:e1",
                "00:1a:79:c0:96:22",
                "00:1a:79:74:8c:58",
                "00:1a:79:36:a6:88",
                "00:1a:79:bf:e6:dd",
                "00:1a:79:68:e2:69",
                "00:1a:79:a9:c4:a8",
                "00:1a:79:5f:f7:f9",
                "00:1a:79:60:88:c2",
                "00:1a:79:d6:1f:30",
                "00:1a:79:73:b6:d6",
                "00:1a:79:bf:e6:ee",
                "00:1a:79:ba:6d:b2",
                "00:1a:79:c0:45:12",
                "00:1a:79:5d:ce:b8",
                "00:1a:79:c0:a3:67",
                "00:1a:79:b1:3c:2b",
                "00:1a:79:e5:b3:be",
                "00:1a:79:fd:8a:80",
                "00:1a:79:68:2f:0a",
                "00:1a:79:5c:f6:55",
                "00:1a:79:83:66:5f",
                "00:1a:79:69:74:b5",
                "00:1a:79:72:ab:d9",
                "00:1a:79:de:ea:e9",
                "00:1a:79:2a:37:75",
                "00:1a:79:c2:0f:d8",
                "00:1a:79:45:9f:ac",
                "00:1a:79:bf:97:74",
                "00:1a:79:73:c0:a3",
                "00:1a:79:b6:39:bc",
                "00:1a:79:4e:7e:df",
                "00:1a:79:f1:e6:cb",
                "00:1a:79:a2:2d:56",
                "00:1a:79:51:5f:68",
                "00:1a:79:b0:a9:25",
                "00:1a:79:4e:c1:1b",
                "00:1a:79:18:15:e3",
                "00:1a:79:a3:a6:03",
                "00:1a:79:18:10:17",
                "00:1a:79:21:0c:d3",
                "00:1a:79:de:0f:1c",
                "00:1a:79:b9:8d:4f",
                "00:1a:79:4c:67:de",
                "00:1a:79:c2:7c:af",
                "00:1a:79:2c:8b:51",
                "00:1a:79:5e:c9:b8",
                "00:1a:79:0c:4e:f5"
            ]
        },
        {
            "server_name": "mediaiptv.tv",
            "server_url": "http://mediaiptv.tv/c/",
            "macs": [
                "00:1a:79:52:ae:f1",
                "00:1a:79:65:39:cb",
                "00:1a:79:45:a7:76",
                "00:1a:79:5d:fe:72",
                "00:1a:79:3a:17:41",
                "00:1a:79:57:c1:99"
            ]
        },
        {
            "server_name": "nordicstream..xyz:2095",
            "server_url": "http://nordicstream..xyz:2095/c/",
            "macs": [
                "00:1a:79:ae:56:52",
                "00:1a:79:b7:49:7b",
                "00:1a:79:ae:89:86",
                "00:1a:79:c5:66:ad",
                "00:1a:79:a4:5a:bd",
                "00:1a:79:a1:fb:3a",
                "00:1a:79:b9:f6:1d",
                "00:1a:79:ba:a9:e6",
                "00:1a:79:b4:4a:e9",
                "00:1a:79:a5:e0:ad",
                "00:1a:79:14:34:e6",
                "00:1a:79:cc:db:5a",
                "00:1a:79:ba:19:34",
                "00:1a:79:56:a6:42",
                "00:1a:79:ba:11:2e",
                "00:1a:79:21:f1:5d",
                "00:1a:79:ad:78:15",
                "00:1a:79:b5:11:b5",
                "00:1a:79:d0:07:20",
                "00:1a:79:21:0e:20",
                "00:1a:79:ab:8f:14",
                "00:1a:79:b0:a8:75",
                "00:1a:79:ae:b8:c2",
                "00:1a:79:60:e0:60",
                "00:1a:79:ba:96:82",
                "00:1a:79:a5:d7:13"
            ]
        },
        {
            "server_name": "premium-x.net:6453",
            "server_url": "http://premium-x.net:6453/c/",
            "macs": [
                "00:1a:79:b6:7a:bc",
                "00:1a:79:9a:75:90",
                "00:1a:79:52:30:0d",
                "00:1a:79:92:00:fc",
                "00:1a:79:51:73:96",
                "00:1a:79:a1:87:57",
                "00:1a:79:42:ce:a5",
                "00:1a:79:7c:b8:36",
                "00:1a:79:52:61:fa",
                "00:1a:79:da:1c:53",
                "00:1a:79:0b:ba:3b"
            ]
        },
        {
            "server_name": "fans4me.com:8080",
            "server_url": "http://fans4me.com:8080/c/",
            "macs": [
                "00:1a:79:a7:a8:19",
                "00:1a:79:ab:6a:49",
                "00:1a:79:b9:f1:d4",
                "00:1a:79:c8:3f:18",
                "00:1a:79:09:49:b7",
                "00:1a:79:a9:e8:95",
                "00:1a:79:31:71:0b",
                "00:1a:79:76:28:3c",
                "00:1a:79:a6:71:05",
                "00:1a:79:54:d4:cd",
                "00:1a:79:3d:a2:47",
                "00:1a:79:5e:8a:6f",
                "00:1a:79:52:ba:40",
                "00:1a:79:d4:9f:b4",
                "00:1a:79:ab:a5:71",
                "00:1a:79:c8:3f:74",
                "00:1a:79:57:ec:52",
                "00:1a:79:be:8f:67",
                "00:1a:79:a6:ad:b2",
                "00:1a:79:48:f8:89",
                "00:1a:79:a2:fb:9a",
                "00:1a:79:bb:d1:0c",
                "00:1a:79:d4:d5:57",
                "00:1a:79:b7:15:1f",
                "00:1a:79:ab:a3:47",
                "00:1a:79:b0:4e:fb",
                "00:1a:79:58:13:cd",
                "00:1a:79:8c:fa:dc",
                "00:1a:79:3a:08:30",
                "00:1a:79:c1:9c:16",
                "00:1a:79:dc:2b:55",
                "00:1a:79:53:3e:24",
                "00:1a:79:bc:d8:f0",
                "00:1a:79:9b:94:5e",
                "00:1a:79:ad:a4:61",
                "00:1a:79:ab:5a:18"
            ]
        },
        {
            "server_name": "mag.crystalott.net",
            "server_url": "http://mag.crystalott.net/c/",
            "macs": [
                "00:1a:79:4f:97:c6",
                "00:1a:79:62:d1:1d"
            ]
        },
        {
            "server_name": "tv.trexiptv.com",
            "server_url": "http://tv.trexiptv.com/c/",
            "macs": [
                "00:1a:79:ab:62:62",
                "00:1a:79:5d:8b:52",
                "00:1a:79:02:9f:f4"
            ]
        },
        {
            "server_name": "neomixs.com:8080",
            "server_url": "http://neomixs.com:8080/c/",
            "macs": [
                "00:1a:79:bf:e0:17"
            ]
        },
        {
            "server_name": "p1.iptvrocket.tv:80",
            "server_url": "http://p1.iptvrocket.tv:80/c/",
            "macs": [
                "00:1a:79:ad:26:cb",
                "00:1a:79:6d:47:a9",
                "00:1a:79:28:01:b1",
                "00:1a:79:3f:3f:e1",
                "00:1a:79:08:31:eb",
                "00:1a:79:6c:c0:a0",
                "00:1a:79:ec:1a:5d"
            ]
        },
        {
            "server_name": "ottshow.net:80",
            "server_url": "http://ottshow.net:80/c/",
            "macs": [
                "00:1a:79:27:22:25",
                "00:1a:79:a1:21:3e",
                "00:1a:79:6a:cd:6b",
                "00:1a:79:44:c9:96"
            ]
        },
        {
            "server_name": "localhd.tv:8081",
            "server_url": "http://localhd.tv:8081/c/",
            "macs": [
                "00:1a:79:bb:c8:c1"
            ]
        },
        {
            "server_name": "showflix.org:5890",
            "server_url": "http://showflix.org:5890/c/",
            "macs": [
                "00:1a:79:2b:5b:bb"
            ]
        },
        {
            "server_name": "smartgo.site:8080",
            "server_url": "http://smartgo.site:8080/c/",
            "macs": [
                "00:1a:79:62:ce:d0",
                "00:1a:79:41:69:53",
                "00:1a:79:41:bd:81"
            ]
        },
        {
            "server_name": "smartgo.site:8080",
            "server_url": "http://smartgo.site:8080/c/",
            "macs": [
                "00:1a:79:62:ce:d0",
                "00:1a:79:41:69:53",
                "00:1a:79:41:bd:81",
                "00:1a:79:2b:5b:bb"
            ]
        },
        {
            "server_name": "showflix.org:5890",
            "server_url": "http://showflix.org:5890/c/",
            "macs": [
                "00:1a:79:62:ce:d0",
                "00:1a:79:41:69:53",
                "00:1a:79:41:bd:81",
                "00:1a:79:2b:5b:bb"
            ]
        },
        {
            "server_name": "mag.diam.ondma.club",
            "server_url": "http://mag.diam.ondma.club/c/",
            "macs": [
                "00:1a:79:90:6c:25",
                "00:1a:79:3f:3f:5f",
                "00:1a:79:37:0f:6d",
                "00:1a:79:06:3f:63",
                "00:1a:79:bd:5f:4a",
                "00:1a:79:bb:36:5c",
                "00:1a:79:20:2f:61",
                "00:1a:79:bc:7f:3e",
                "00:1a:79:a5:7f:50",
                "00:1a:79:8a:92:4a",
                "00:1a:79:21:09:c5",
                "00:1a:79:b6:47:56",
                "00:1a:79:bd:0f:f4",
                "00:1a:79:21:0f:d8",
                "00:1a:79:2c:75:c8",
                "00:1a:79:bf:3f:a8"
            ]
        },
        {
            "server_name": "x4ever.eu:8000",
            "server_url": "http://x4ever.eu:8000/c/",
            "macs": [
                "00:1a:79:97:0c:60",
                "00:1a:79:3f:e1:4f",
                "00:1a:79:5f:24:19",
                "00:1a:79:0e:1c:4b"
            ]
        },
        {
            "server_name": "178.132.78.40:8080",
            "server_url": "http://178.132.78.40:8080/c/",
            "macs": [
                "00:1a:79:4d:11:00",
                "00:1a:79:50:59:d3",
                "00:1a:79:ad:94:20",
                "00:1a:79:3b:90:75",
                "00:1a:79:bd:25:73",
                "00:1a:79:b1:f3:08",
                "00:1a:79:ae:13:be",
                "00:1a:79:76:4c:58",
                "00:1a:79:4c:ef:99",
                "00:1a:79:75:9e:fa",
                "00:1a:79:bd:5f:4a",
                "00:1a:79:4c:c1:b7"
            ]
        },
        {
            "server_name": "iboxs.club",
            "server_url": "http://iboxs.club/c/",
            "macs": [
                "00:1a:79:53:ea:cb",
                "00:1a:79:b9:bb:93",
                "00:1a:79:14:ae:58",
                "00:1a:79:62:c0:dd",
                "00:1a:79:a9:f9:e0",
                "00:1a:79:4b:b1:3b",
                "00:1a:79:d1:d0:8f",
                "00:1a:79:a5:2d:66",
                "00:1a:79:5d:d5:9b",
                "00:1a:79:90:75:80",
                "00:1a:79:43:4f:2f",
                "00:1a:79:5a:3f:52",
                "00:1a:79:58:0c:a0",
                "00:1a:79:f0:c8:8d",
                "00:1a:79:74:cd:0c"
            ]
        },
        {
            "server_name": "yooooobin.space",
            "server_url": "http://yooooobin.space/c/",
            "macs": [
                "00:1a:79:06:c1:f1"
            ]
        },
        {
            "server_name": "iptvkoln.net:8000",
            "server_url": "http://iptvkoln.net:8000/c/",
            "macs": [
                "00:1a:79:5d:ea:d5",
                "00:1a:79:01:75:c8",
                "00:1a:79:6b:e3:12",
                "00:1a:79:41:71:d5",
                "00:1a:79:bd:4f:85",
                "00:1a:79:1e:02:94",
                "00:1a:79:a4:80:41"
            ]
        },
        {
            "server_name": "vip.ultrach.com:8080",
            "server_url": "http://vip.ultrach.com:8080/c/",
            "macs": [
                "00:1a:79:36:b2:18",
                "00:1a:79:5a:9f:68"
            ]
        },
        {
            "server_name": "powerip.be:8000",
            "server_url": "http://powerip.be:8000/c/",
            "macs": [
                "00:1a:79:64:e3:7d",
                "00:1a:79:01:02:3b",
                "00:1a:79:5c:22:7d",
                "00:1a:79:71:60:71",
                "00:1a:79:39:29:5d",
                "00:1a:79:62:df:e4",
                "00:1a:79:5e:31:47",
                "00:1a:79:78:20:da",
                "00:1a:79:ad:41:a7",
                "00:1a:79:ce:7e:5d",
                "00:1a:79:aa:8c:9f",
                "00:1a:79:7a:2c:df",
                "00:1a:79:51:4f:10",
                "00:1a:79:6f:b0:2b",
                "00:1a:79:bc:d8:88",
                "00:1a:79:46:5f:a2",
                "00:1a:79:71:da:43",
                "00:1a:79:8b:b0:ad",
                "00:1a:79:40:3d:00",
                "00:1a:79:be:86:d1",
                "00:1a:79:ad:43:0f",
                "00:1a:79:40:17:d4",
                "00:1a:79:41:03:34",
                "00:1a:79:3a:d4:8e",
                "00:1a:79:74:bb:ce",
                "00:1a:79:a2:44:9d",
                "00:1a:79:72:02:f0",
                "00:1a:79:aa:8d:d3",
                "00:1a:79:74:04:00",
                "00:1a:79:73:97:84",
                "00:1a:79:13:b0:19",
                "00:1a:79:6c:ec:31",
                "00:1a:79:84:c7:02",
                "00:1a:79:4c:9a:e7",
                "00:1a:79:25:4c:9c",
                "00:1a:79:59:52:01",
                "00:1a:79:41:21:ec",
                "00:1a:79:a6:db:5d",
                "00:1a:79:b7:96:f1"
            ]
        },
        {
            "server_name": "mag.you24.online",
            "server_url": "http://mag.you24.online/c/",
            "macs": [
                "00:1a:79:43:31:2b",
                "00:1a:79:52:33:3e",
                "00:1a:79:3a:7d:0d",
                "00:1a:79:b8:6f:ac",
                "00:1a:79:b1:b2:23",
                "00:1a:79:fb:bb:11"
            ]
        },
        {
            "server_name": "venomf.co:8000",
            "server_url": "http://venomf.co:8000/c/",
            "macs": [
                "00:1a:79:45:00:5b",
                "00:1a:79:a1:60:a2"
            ]
        },
        {
            "server_name": "tivixs.com",
            "server_url": "http://tivixs.com/c/",
            "macs": [
                "00:1a:79:ae:99:69"
            ]
        }
    ]
}