{
    "items": [
        {
            "server_name": "imajlive.com:8080",
            "server_url": "http://imajlive.com:8080/c/",
            "macs": [
                "00:1a:79:2e:27:17",
                "00:1a:79:07:94:5e",
                "00:1a:79:77:57:6d",
                "00:1a:79:7a:2d:01",
                "00:1a:79:4b:1c:81",
                "00:1a:79:74:2c:66",
                "00:1a:79:4d:1c:6e",
                "00:1a:79:25:65:45",
                "00:1a:79:68:14:27",
                "00:1a:79:3d:89:07",
                "00:1a:79:6a:81:17",
                "00:1a:79:40:3a:81",
                "00:1a:79:2a:0d:93",
                "00:1a:79:39:25:68",
                "00:1a:79:30:42:87",
                "00:1a:79:03:07:6f",
                "00:1a:79:95:28:1e",
                "00:1a:79:34:06:2d",
                "00:1a:79:2c:1f:2e",
                "00:1a:79:38:53:58",
                "00:1a:79:1a:00:60",
                "00:1a:79:37:46:30",
                "00:1a:79:3d:14:8a",
                "00:1a:79:60:8a:3f",
                "00:1a:79:6a:26:24",
                "00:1a:79:33:96:71",
                "00:1a:79:76:13:97",
                "00:1a:79:20:8f:3d",
                "00:1a:79:4c:21:56",
                "00:1a:79:50:28:3a",
                "00:1a:79:44:4a:03",
                "00:1a:79:31:81:07",
                "00:1a:79:72:87:12",
                "00:1a:79:03:1d:7b",
                "00:1a:79:10:3b:35",
                "00:1a:79:18:30:03",
                "00:1a:79:1e:0f:81",
                "00:1a:79:0c:07:2f",
                "00:1a:79:00:65:30",
                "00:1a:79:7b:92:63",
                "00:1a:79:73:88:8e",
                "00:1a:79:58:19:91",
                "00:1a:79:23:53:8a",
                "00:1a:79:51:16:59",
                "00:1a:79:43:79:0a",
                "00:1a:79:4e:76:7b",
                "00:1a:79:40:35:18",
                "00:1a:79:43:25:00"
            ]
        },
        {
            "server_name": "91.207.219.42:88",
            "server_url": "http://91.207.219.42:88/stalker_portal/c/",
            "macs": [
                "00:1A:79:BA:19:77"
            ]
        },
        {
            "server_name": "sa.magnetukas.lt:8666",
            "server_url": "http://sa.magnetukas.lt:8666/c/",
            "macs": [
                "00:1A:79:AA:B1:4A",
                "00:1A:79:A4:6D:01",
                "00:1A:79:A7:B1:B8"
            ]
        },
        {
            "server_name": "semprea100.relaxy.vip:8000",
            "server_url": "http://semprea100.relaxy.vip:8000/c/",
            "macs": [
                "00:1A:79:85:F9:96",
                "00:1A:79:3A:D7:29",
                "00:1A:79:40:35:94",
                "00:1A:79:45:D7:28"
            ]
        },
        {
            "server_name": "mag.moi-dom.tv",
            "server_url": "http://mag.moi-dom.tv/stalker_portal/c/",
            "macs": [
                "00:1A:79:36:C6:07",
                "00:1A:79:51:A9:A3",
                "00:1A:79:59:F6:8E",
                "00:1A:79:72:8A:16"
            ]
        },
        {
            "server_name": "89.248.162.130",
            "server_url": "http://89.248.162.130/c/",
            "macs": [
                "00:1A:79:b4:5e:be",
                "00:1A:79:4c:67:fb",
                "00:1A:79:52:28:42",
                "00:1A:79:a1:a9:63",
                "00:1A:79:47:d4:ad",
                "00:1A:79:77:b5:99",
                "00:1A:79:be:9a:a1",
                "00:1A:79:bc:45:64",
                "00:1A:79:5a:40:7d",
                "00:1A:79:bc:07:23",
                "00:1A:79:5d:35:5a",
                "00:1A:79:be:fd:6b",
                "00:1A:79:b7:51:81",
                "00:1A:79:48:68:9f",
                "00:1A:79:b3:8f:6b",
                "00:1A:79:bc:0d:a6",
                "00:1A:79:b6:8b:5d",
                "00:1A:79:43:26:65",
                "00:1A:79:6c:27:32",
                "00:1A:79:b4:e9:94",
                "00:1A:79:2e:55:32",
                "00:1A:79:b5:b4:96",
                "00:1A:79:ea:f9:62",
                "00:1A:79:b9:ef:f5",
                "00:1A:79:b4:f4:2d",
                "00:1A:79:ba:17:0c",
                "00:1A:79:0d:cb:8c",
                "00:1A:79:b9:ea:92",
                "00:1A:79:b6:88:f0",
                "00:1A:79:57:d8:57",
                "00:1A:79:68:ba:4c",
                "00:1A:79:b8:6e:5c",
                "00:1A:79:b5:03:02",
                "00:1A:79:b5:b5:9b",
                "00:1A:79:56:27:c7",
                "00:1A:79:3d:2c:b2",
                "00:1A:79:33:63:49",
                "00:1A:79:b4:52:3e",
                "00:1A:79:bb:42:5d",
                "00:1A:79:ad:8c:d6"
            ]
        },
        {
            "server_name": "o2iptv.com:8080",
            "server_url": "http://o2iptv.com:8080/c/",
            "macs": [
                "00:1a:79:63:f4:6f",
                "00:1a:79:a7:3a:49",
                "00:1a:79:3f:25:96"
            ]
        },
        {
            "server_name": "pt.chape-shop.com:8080",
            "server_url": "http://pt.chape-shop.com:8080/c/",
            "macs": [
                "00:1a:79:70:34:8c",
                "00:1a:79:71:83:5e",
                "00:1a:79:b8:31:73",
                "00:1a:79:77:b7:4a",
                "00:1a:79:f8:2d:af",
                "00:1a:79:87:6b:25"
            ]
        },
        {
            "server_name": "20.epiciptv.com:88",
            "server_url": "http://20.epiciptv.com:88/stalker_portal/c/",
            "macs": [
                "00:1A:79:A9:0A:F3",
                "00:1A:79:A9:3F:C5"
            ]
        },
        {
            "server_name": "kidzplaysmart.com:2052",
            "server_url": "http://kidzplaysmart.com:2052/c/",
            "macs": [
                "00:1A:79:2C:39:82",
                "00:1A:79:2D:78:29",
                "00:1A:79:2C:38:DA",
                "00:1A:79:2C:39:09",
                "00:1A:79:2C:36:D2",
                "00:1A:79:2F:65:A8",
                "00:1A:79:2E:25:B3",
                "00:1A:79:2C:38:EB",
                "00:1A:79:84:89:80",
                "00:1A:79:2D:7A:34",
                "00:1A:79:81:49:A2",
                "00:1A:79:2C:36:9C",
                "00:1A:79:2F:64:A7"
            ]
        }
    ]
}