{
    "items": [
        {
            "server_name": "178.132.78.40:8080",
            "server_url": "http://178.132.78.40:8080/c/",
            "macs": [
                "00:1a:79:be:85:cb",
                "00:1a:79:ae:80:aa",
                "00:1a:79:bc:2d:e6",
                "00:1a:79:b6:33:ac",
                "00:1a:79:ae:1a:fc",
                "00:1a:79:cf:0a:d6",
                "00:1a:79:76:2d:94",
                "00:1a:79:6b:97:17",
                "00:1a:79:b4:43:da",
                "00:1a:79:b4:4a:07",
                "00:1a:79:55:a9:06",
                "00:1a:79:5e:8a:11",
                "00:1a:79:5f:71:a2",
                "00:1a:79:52:b1:71",
                "00:1a:79:5e:2b:72",
                "00:1a:79:47:7a:92",
                "00:1a:79:aa:7d:41",
                "00:1a:79:5c:83:44",
                "00:1a:79:ab:99:ef",
                "00:1a:79:43:ea:df",
                "00:1a:79:ca:35:31",
                "00:1a:79:6f:10:e0",
                "00:1a:79:5f:b9:09",
                "00:1a:79:ae:1a:fc",
                "00:1a:79:6a:34:91",
                "00:1a:79:b7:aa:8e",
                "00:1a:79:a6:6f:34",
                "00:1a:79:f2:00:d6",
                "00:1a:79:bd:25:86",
                "00:1a:79:41:b0:f2",
                "00:1a:79:bb:cf:ac",
                "00:1a:79:30:6a:da",
                "00:1a:79:ab:51:8b",
                "00:1a:79:a2:b8:90",
                "00:1a:79:5e:8a:11",
                "00:1a:79:a7:a1:69"
            ]
        },
        {
            "server_name": "line.premiumpowers.net",
            "server_url": "http://line.premiumpowers.net/c/",
            "macs": [
                "00:1a:79:1c:0d:d7",
                "00:1a:79:73:d3:23",
                "00:1a:79:c2:85:c1",
                "00:1a:79:8c:01:7d",
                "00:1a:79:aa:e6:51"
            ]
        },
        {
            "server_name": "liveline.at:8080",
            "server_url": "http://liveline.at:8080/c/",
            "macs": [
                "00:1a:79:dc:cf:65",
                "00:1a:79:dc:74:19",
                "00:1a:79:5c:85:d9",
                "00:1a:79:c8:0f:0f",
                "00:1a:79:8a:94:1f",
                "00:1a:79:a6:91:c8",
                "00:1a:79:5f:cc:f1",
                "00:1a:79:a4:79:88",
                "00:1a:79:6d:13:69",
                "00:1a:79:2a:d3:8f",
                "00:1a:79:e7:13:75",
                "00:1a:79:4e:3c:29",
                "00:1a:79:e3:13:51",
                "00:1a:79:47:9b:6c",
                "00:1a:79:d7:36:cb",
                "00:1a:79:ad:2b:2b",
                "00:1a:79:6c:7f:2c",
                "00:1a:79:34:3f:60",
                "00:1a:79:31:bc:cf",
                "00:1a:79:b4:2d:2c",
                "00:1a:79:43:1f:24",
                "00:1a:79:55:87:0a",
                "00:1a:79:5d:32:b4",
                "00:1a:79:6d:51:a3",
                "00:1a:79:75:5a:50",
                "00:1a:79:5a:26:72",
                "00:1a:79:6f:a6:66"
            ]
        },
        {
            "server_name": "turkiyetv.live:8000",
            "server_url": "http://turkiyetv.live:8000/c/",
            "macs": [
                "00:1a:79:2a:d2:7d",
                "00:1a:79:2a:a4:ce",
                "00:1a:79:73:32:d6",
                "00:1a:79:63:6f:fa",
                "00:1a:79:b1:6b:c8",
                "00:1a:79:66:11:93",
                "00:1a:79:ba:0d:65",
                "00:1a:79:01:70:a4",
                "00:1a:79:3b:0e:8e",
                "00:1a:79:b4:55:e9",
                "00:1a:79:ec:84:a1",
                "00:1a:79:57:b5:8c",
                "00:1a:79:6a:6f:dd",
                "00:1a:79:bd:85:51",
                "00:1a:79:41:72:42",
                "00:1a:79:75:3e:14",
                "00:1a:79:6e:11:82",
                "00:1a:79:5f:d0:c4",
                "00:1a:79:2a:d3:a8",
                "00:1a:79:b3:0a:c1",
                "00:1a:79:5c:78:aa",
                "00:1a:79:7c:69:65",
                "00:1a:79:38:19:28",
                "00:1a:79:57:5c:ce",
                "00:1a:79:f9:2f:4f"
            ]
        },
        {
            "server_name": "alfatv.life:8080",
            "server_url": "http://alfatv.life:8080/c/",
            "macs": [
                "00:1a:79:5f:51:ee",
                "00:1a:79:14:6b:7d",
                "00:1a:79:6f:ae:f3",
                "00:1a:79:64:0c:bd",
                "00:1a:79:75:1d:4a",
                "00:1a:79:56:aa:27",
                "00:1a:79:5b:b7:3a",
                "00:1a:79:54:df:40",
                "00:1a:79:51:77:b9",
                "00:1a:79:40:d5:a4",
                "00:1a:79:41:03:94",
                "00:1a:79:47:cf:4e",
                "00:1a:79:83:56:29",
                "00:1a:79:1c:04:b1",
                "00:1a:79:6b:86:a0",
                "00:1a:79:a6:c5:37",
                "00:1a:79:71:53:25",
                "00:1a:79:d2:63:48",
                "00:1a:79:4f:29:65",
                "00:1a:79:ae:99:f3",
                "00:1a:79:bf:7f:cb",
                "00:1a:79:71:ae:cd",
                "00:1a:79:85:54:4b",
                "00:1a:79:37:46:30",
                "00:1a:79:70:43:f9",
                "00:1a:79:b4:66:37",
                "00:1a:79:88:9b:4b",
                "00:1a:79:25:f2:26"
            ]
        },
        {
            "server_name": "ntv3.net:8000",
            "server_url": "http://ntv3.net:8000/c/",
            "macs": [
                "00:1a:79:a5:57:59",
                "00:1a:79:46:37:a0",
                "00:1a:79:0f:2f:68",
                "00:1a:79:a9:7b:70",
                "00:1a:79:c0:04:97",
                "00:1a:79:40:01:29",
                "00:1a:79:a1:66:0d",
                "00:1a:79:23:37:4c",
                "00:1a:79:c0:08:0e"
            ]
        },
        {
            "server_name": "albanica.online:1557",
            "server_url": "http://albanica.online:1557/c/",
            "macs": [
                "00:1a:79:ca:5b:50",
                "00:1a:79:71:8a:75"
            ]
        },
        {
            "server_name": "ottshow.net:80",
            "server_url": "http://ottshow.net:80/c/",
            "macs": [
                "00:1a:79:d5:4f:ee",
                "00:1a:79:c3:90:22",
                "00:1a:79:3f:42:28",
                "00:1a:79:4e:b5:24",
                "00:1a:79:4f:f5:6d",
                "00:1a:79:bb:41:4e"
            ]
        },
        {
            "server_name": "62.210.201.68:25461",
            "server_url": "http://62.210.201.68:25461/c/",
            "macs": [
                "00:1a:79:46:5b:94"
            ]
        },
        {
            "server_name": "main-url.glass-iptv.xyz:39512",
            "server_url": "http://main-url.glass-iptv.xyz:39512/c/",
            "macs": [
                "00:1a:79:66:1e:8e"
            ]
        },
        {
            "server_name": "placa.work:5115",
            "server_url": "http://placa.work:5115/c/",
            "macs": [
                "00:1a:79:6b:ba:2e",
                "00:1a:79:58:cb:23"
            ]
        },
        {
            "server_name": "mag.diamondma.club",
            "server_url": "http://mag.diamondma.club/c/",
            "macs": [
                "00:1a:79:3f:64:57",
                "00:1a:79:b7:2a:dd",
                "00:1a:79:22:46:01",
                "00:1a:79:ab:8f:21",
                "00:1a:79:d0:0f:95"
            ]
        },
        {
            "server_name": "melektv.com:8000",
            "server_url": "http://melektv.com:8000/c/",
            "macs": [
                "00:1a:79:44:ce:89",
                "00:1a:79:1e:0f:81",
                "00:1a:79:50:dd:ad",
                "00:1a:79:ad:d5:41",
                "00:1a:79:36:8f:ae",
                "00:1a:79:49:0c:50",
                "00:1a:79:a4:7d:4b",
                "00:1a:79:55:80:18",
                "00:1a:79:60:01:4c",
                "00:1a:79:40:02:f5",
                "00:1a:79:2d:e6:fc",
                "00:1a:79:31:dd:ba",
                "00:1a:79:53:0a:c1",
                "00:1a:79:5a:a3:07",
                "00:1a:79:2b:22:90",
                "00:1a:79:46:75:1c",
                "00:1a:79:56:b8:d3",
                "00:1a:79:62:3f:fb",
                "00:1a:79:46:d1:0b",
                "00:1a:79:3b:6e:ca",
                "00:1a:79:23:b7:71",
                "00:1a:79:ab:3c:74",
                "00:1a:79:a1:58:00",
                "00:1a:79:69:6e:95",
                "00:1a:79:62:d9:76",
                "00:1a:79:b8:82:32"
            ]
        },
        {
            "server_name": "ukvip.viptvapp.com:25443",
            "server_url": "http://ukvip.viptvapp.com:25443/c/",
            "macs": [
                "00:1a:79:64:3d:1f"
            ]
        },
        {
            "server_name": "king-box.club",
            "server_url": "http://king-box.club/c/",
            "macs": [
                "00:1a:79:ab:b7:2d",
                "00:1a:79:4c:c2:11",
                "00:1a:79:64:44:b9",
                "00:1a:79:32:90:50",
                "00:1a:79:d2:56:5a",
                "00:1a:79:4f:c4:5e",
                "00:1a:79:c0:2f:54",
                "00:1a:79:9e:49:16",
                "00:1a:79:5d:85:d9",
                "00:1a:79:ba:8d:58",
                "00:1a:79:a0:94:76",
                "00:1a:79:62:1e:f6",
                "00:1a:79:9f:dc:c4",
                "00:1a:79:43:92:e9",
                "00:1a:79:50:4d:bc",
                "00:1a:79:ad:92:54",
                "00:1a:79:ce:b0:18",
                "00:1a:79:6d:9b:32",
                "00:1a:79:99:66:b1"
            ]
        },
        {
            "server_name": "sideriodomi.ottc.pro",
            "server_url": "http://sideriodomi.ottc.pro/c/",
            "macs": [
                "00:1a:79:37:51:94",
                "00:1a:79:ac:54:02",
                "00:1a:79:74:3a:d7",
                "00:1a:79:2b:f5:67",
                "00:1a:79:bd:2e:cf",
                "00:1a:79:d6:c8:fd",
                "00:1a:79:c0:f5:48",
                "00:1a:79:31:fa:87",
                "00:1a:79:51:0b:fb",
                "00:1a:79:58:e6:a0",
                "00:1a:79:18:81:cf",
                "00:1a:79:d5:c6:64",
                "00:1a:79:73:d1:7f",
                "00:1a:79:77:8d:07",
                "00:1a:79:ba:f6:c2",
                "00:1a:79:f0:c0:81",
                "00:1a:79:5d:bc:e1",
                "00:1a:79:12:0a:83",
                "00:1a:79:4f:3f:9c",
                "00:1a:79:61:22:c7",
                "00:1a:79:21:9e:27",
                "00:1a:79:3a:02:b2",
                "00:1a:79:c6:44:22",
                "00:1a:79:74:f6:2c",
                "00:1a:79:ae:50:cf",
                "00:1a:79:43:d3:b6"
            ]
        }
    ]
}