{
    "items": [
        {
            "server_name": "box20.co:80",
            "server_url": "http://box20.co:80/c/",
            "macs": [
                "00:1A:79:87:58:21",
                "00:1A:79:BC:84:BB",
                "00:1A:79:80:0C:6B"
            ]
        },
        {
            "server_name": "mo3ad.xyz:8080",
            "server_url": "http://mo3ad.xyz:8080/c/",
            "macs": [
                "00:1A:79:99:88:EE",
                "00:1A:79:99:88:DD",
                "00:1A:79:99:88:AA",
                "00:1A:79:99:88:12",
                "00:1A:79:99:88:88",
                "00:1A:79:FF:1E:C5",
                "00:1A:79:FF:1E:C2",
                "00:1A:79:FF:1E:C1",
                "00:1A:79:99:88:77"
            ]
        },
        {
            "server_name": "s1.urhdiptv.net:8080",
            "server_url": "http://s1.urhdiptv.net:8080/c/",
            "macs": [
                "00:1A:79:54:46:C0",
                "00:1A:79:54:62:8A",
                "00:1A:79:00:4C:05"
            ]
        },
        {
            "server_name": "king4k.tv:8080",
            "server_url": "http://king4k.tv:8080/c/",
            "macs": [
                "00:1A:79:E3:A2:C1"
            ]
        },
        {
            "server_name": "maintech.habla.shop",
            "server_url": "http://maintech.habla.shop/c/",
            "macs": [
                "00:1a:79:19:9b:62",
                "00:1a:79:be:05:09",
                "00:1a:79:cf:7d:e2"
            ]
        },
        {
            "server_name": "brazilgroup.xyz:8880",
            "server_url": "http://brazilgroup.xyz:8880/c/",
            "macs": [
                "00:1A:79:BF:A4:05"
            ]
        },
        {
            "server_name": "ujk.lachen.live:8080",
            "server_url": "http://ujk.lachen.live:8080/c/",
            "macs": [
                "00:1A:79:A6:DD:ED"
            ]
        },
        {
            "server_name": "sideriodomi.ottc.pro",
            "server_url": "http://sideriodomi.ottc.pro/c/",
            "macs": [
                "00:1a:79:58:e6:a0"
            ]
        },
        {
            "server_name": "str1.isv.net:80",
            "server_url": "http://str1.isv.net:80/stalker_portal/c/",
            "macs": [
                "00:1A:79:FE:03:7A"
            ]
        },
        {
            "server_name": "as8888.cc:2086",
            "server_url": "http://as8888.cc:2086/c/",
            "macs": [
                "00:1A:79:48:95:0b"
            ]
        },
        {
            "server_name": "mat4k.com:8080",
            "server_url": "http://mat4k.com:8080/c/",
            "macs": [
                "00:1A:79:0B:83:99",
                "00:1A:79:57:2A:4A",
                "00:1A:79:57:99:74",
                "00:1A:79:57:A4:3D",
                "00:1a:79:04:a7:38",
                "00:1a:79:04:b4:52"
            ]
        },
        {
            "server_name": "line.crystalline.me",
            "server_url": "http://line.crystalline.me/c/",
            "macs": [
                "00:1A:79:7c:fe:68",
                "00:1A:79:57:a5:1a",
                "00:1A:79:55:a7:c3",
                "00:1A:79:5c:6c:2f",
                "00:1A:79:1f:0f:6a",
                "00:1A:79:37:71:aa",
                "00:1A:79:be:16:1c",
                "00:1A:79:56:71:05",
                "00:1A:79:b9:33:54",
                "00:1A:79:7c:15:a7",
                "00:1A:79:1b:c2:29"
            ]
        },
        {
            "server_name": "dominoiptv.com:2082",
            "server_url": "http://dominoiptv.com:2082/c/",
            "macs": [
                "00:1A:79:A0:FE:8F",
                "00:1A:79:4E:F2:AC",
                "00:1A:79:51:7C:A4",
                "00:1A:79:42:6F:B8",
                "00:1A:79:B9:0F:87",
                "00:1A:79:18:68:F0",
                "00:1A:79:D6:AB:32",
                "00:1A:79:4F:92:00",
                "00:1A:79:54:67:58",
                "00:1A:79:52:28:AB",
                "00:1A:79:AA:E5:2D",
                "00:1A:79:E2:D5:25",
                "00:1A:79:54:AB:FF",
                "00:1A:79:55:05:0F"
            ]
        },
        {
            "server_name": "iptv.ndasat.xyz:88",
            "server_url": "http://iptv.ndasat.xyz:88/c/",
            "macs": [
                "00:1A:79:41:F7:5F",
                "00:1A:79:33:BC:F9",
                "00:1A:79:CD:61:04"
            ]
        }
    ]
}