{
    "items": [
        {
            "server_name": "showflix.org:5890",
            "server_url": "http://showflix.org:5890/c/",
            "macs": [
                "00:1A:79:5F:FD:FA",
                "00:1A:79:5E:93:8D",
                "00:1A:79:3B:42:0E",
                "00:1A:79:4B:68:5E",
                "00:1A:79:3A:36:B0",
                "00:1A:79:72:0A:1D",
                "00:1A:79:A2:2C:11",
                "00:1A:79:50:4E:54"
            ]
        },
        {
            "server_name": "yassooo.com:8000",
            "server_url": "http://yassooo.com:8000/c/",
            "macs": [
                "00:1A:79:28:6f:bd",
                "00:1A:79:b6:3d:31",
                "00:1A:79:23:37:97",
                "00:1A:79:44:04:e1",
                "00:1A:79:e2:d2:66"
            ]
        },
        {
            "server_name": "artitv.xyz",
            "server_url": "http://artitv.xyz/c/",
            "macs": [
                "00:1A:79:9D:EC:28",
                "00:1A:79:64:97:A7",
                "00:1A:79:A4:75:60",
                "00:1A:79:2C:49:1B",
                "00:1A:79:51:36:6E",
                "00:1A:79:5F:6F:03",
                "00:1A:79:F1:C1:3E",
                "00:1A:79:57:A7:3E",
                "00:1A:79:E0:27:76"
            ]
        },
        {
            "server_name": "clientbox.tv",
            "server_url": "http://clientbox.tv/c/",
            "macs": [
                "00:1A:79:72:13:a7",
                "00:1A:79:e9:41:2e",
                "00:1A:79:bf:94:a0",
                "00:1A:79:4a:d8:99",
                "00:1A:79:17:88:e4",
                "00:1A:79:ad:60:d8",
                "00:1A:79:ba:a2:6a",
                "00:1A:79:b0:90:12",
                "00:1A:79:fa:53:c0",
                "00:1A:79:57:a3:5f",
                "00:1A:79:3e:d5:5c",
                "00:1A:79:44:55:66",
                "00:1A:79:5a:44:e1",
                "00:1A:79:ae:dd:58",
                "00:1A:79:e6:be:27",
                "00:1A:79:55:c0:23",
                "00:1A:79:a3:69:b2",
                "00:1A:79:55:df:90",
                "00:1A:79:6b:37:14"
            ]
        },
        {
            "server_name": "scarnet.xyz:8880",
            "server_url": "http://scarnet.xyz:8880/c/",
            "macs": [
                "00:1A:79:67:fd:67",
                "00:1A:79:21:0c:3e",
                "00:1A:79:f6:fa:ab",
                "00:1A:79:77:b8:db",
                "00:1A:79:2a:24:24",
                "00:1A:79:8f:0e:3c",
                "00:1A:79:9e:74:0f",
                "00:1A:79:97:b1:3d",
                "00:1A:79:18:c8:30",
                "00:1A:79:26:6a:95",
                "00:1A:79:ef:f5:12",
                "00:1A:79:3a:5a:54",
                "00:1A:79:ae:35:d5",
                "00:1A:79:af:8b:2e"
            ]
        },
        {
            "server_name": "104.131.81.190:88",
            "server_url": "http://104.131.81.190:88/stalker_portal/c/",
            "macs": [
                "00:1A:79:31:7D:FD",
                "00:1A:79:2B:00:71",
                "00:1A:79:2B:26:DE",
                "00:1A:79:31:7C:A4",
                "00:1A:79:2B:28:F8",
                "00:1A:79:31:DA:DE",
                "00:1A:79:31:7D:D8",
                "00:1A:79:30:9F:F3",
                "00:1A:79:31:DA:C6",
                "00:1A:79:31:CA:56",
                "00:1A:79:30:A1:18",
                "00:1A:79:31:DA:B5",
                "00:1A:79:31:0B:2A",
                "00:1A:79:31:7C:A8",
                "00:1A:79:31:09:23",
                "00:1A:79:31:09:24",
                "00:1A:79:31:0F:9B",
                "00:1A:79:31:DA:C9",
                "00:1A:79:33:FF:D6",
                "00:1A:79:31:DB:A6",
                "00:1A:79:31:0A:F9",
                "00:1A:79:33:B2:91",
                "00:1A:79:31:7C:A6"
            ]
        },
        {
            "server_name": "195.154.242.90:88",
            "server_url": "http://195.154.242.90:88/stalker_portal/c/",
            "macs": [
                "00:1A:79:AC:75:1D",
                "00:1A:79:8C:A1:CA"
            ]
        },
        {
            "server_name": "formuler.xyz",
            "server_url": "http://formuler.xyz/stalker_portal/c/",
            "macs": [
                "00:1A:79:B3:01:7E"
            ]
        },
        {
            "server_name": "odenfull.co:2086",
            "server_url": "http://odenfull.co:2086/c/",
            "macs": [
                "00:1A:79:AA:4F:35"
            ]
        },
        {
            "server_name": "root.1ptv.org:2095",
            "server_url": "http://root.1ptv.org:2095/c/",
            "macs": [
                "00:1A:79:4E:2D:54",
                "00:1A:79:16:6A:83",
                "00:1A:79:00:CF:D7",
                "00:1A:79:39:FD:7E",
                "00:1A:79:19:1D:9F",
                "00:1A:79:66:54:C8",
                "00:1A:79:3A:26:26",
                "00:1A:79:57:82:19",
                "00:1A:79:57:A9:B9",
                "00:1A:79:3F:92:78",
                "00:1A:79:39:15:DA",
                "00:1A:79:49:50:21"
            ]
        },
        {
            "server_name": "a.myzamdl.co.uk:2086",
            "server_url": "http://a.myzamdl.co.uk:2086/c/",
            "macs": [
                "00:1A:79:66:D5:B0",
                "00:1A:79:46:FD:EF",
                "00:1A:79:2F:A2:41",
                "00:1A:79:A5:DD:1A",
                "00:1A:79:2C:16:9E",
                "00:1A:79:D3:1C:DC",
                "00:1A:79:51:69:36",
                "00:1A:79:A9:96:09"
            ]
        }
    ]
}