{
    "items": [
        {
            "server_name": "alfatv.life:8080",
            "server_url": "http://alfatv.life:8080/c/",
            "macs": [
                "00:1A:79:40:8E:02",
                "00:1A:79:5A:81:5D",
                "00:1A:79:56:2C:67",
                "00:1A:79:40:99:24",
                "00:1A:79:CD:54:5B",
                "00:1A:79:4B:80:3B",
                "00:1A:79:42:56:B8",
                "00:1A:79:43:7F:A2",
                "00:1A:79:BC:21:F9",
                "00:1A:79:3A:F3:74",
                "00:1A:79:F0:07:7D",
                "00:1A:79:31:68:05",
                "00:1A:79:C0:2F:8B",
                "00:1A:79:57:5C:CE",
                "00:1A:79:AB:6C:1C",
                "00:1A:79:46:61:1A",
                "00:1A:79:BD:F9:64",
                "00:1A:79:44:2C:3A",
                "00:1A:79:1D:67:BC",
                "00:1A:79:5B:91:D7",
                "00:1A:79:AB:18:F6",
                "00:1A:79:64:B6:57",
                "00:1A:79:03:7F:4B",
                "00:1A:79:A5:FC:B5",
                "00:1A:79:50:17:18",
                "00:1A:79:EA:03:53",
                "00:1a:79:85:12:55",
                "00:1A:79:0D:78:9E",
                "00:1A:79:31:e3:A9",
                "00:1A:79:C3:BB:51",
                "00:1A:79:40:7D:EB",
                "00:1A:79:2C:7F:A9",
                "00:1A:79:6D:6A:74",
                "00:1A:79:CE:92:D2",
                "00:1A:79:54:87:4C",
                "00:1A:79:F0:07:C8",
                "00:1A:79:4F:E1:07",
                "00:1a:79:d6:62:79",
                "00:1A:79:AA:7B:D4",
                "00:1A:79:CA:2E:C8",
                "00:1A:79:5D:FA:F1",
                "00:1A:79:43:4F:CD",
                "00:1A:79:28:46:E7",
                "00:1A:79:A8:57:E0",
                "00:1A:79:66:21:2D",
                "00:1A:79:56:93:9B",
                "00:1A:79:44:29:E2",
                "00:1A:79:5D:AB:0D"
            ]
        },
        {
            "server_name": "tripplebatteredchips.net:8080",
            "server_url": "http://tripplebatteredchips.net:8080/c/",
            "macs": [
                "00:1A:79:00:00:00",
                "00:1A:79:00:42:C0",
                "00:1A:79:05:CE:9F",
                "00:1A:79:06:B2:4B",
                "00:1A:79:08:AB:86",
                "00:1A:79:09:C9:53",
                "00:1A:79:0C:19:57",
                "00:1A:79:20:30:40",
                "00:1A:79:2A:3B:03",
                "00:1A:79:38:5D:54",
                "00:1A:79:47:97:9B",
                "00:1A:79:4A:58:38",
                "00:1A:79:4A:70:09",
                "00:1A:79:4B:8A:01",
                "00:1A:79:4B:30:39",
                "00:1A:79:4B:5D:82",
                "00:1A:79:4B:BA:46",
                "00:1A:79:4C:B9:70",
                "00:1A:79:51:3A:16",
                "00:1A:79:55:28:E9",
                "00:1A:79:58:80:5A",
                "00:1A:79:58:E1:FE",
                "00:1A:79:59:FC:16",
                "00:1A:79:5A:C4:D5",
                "00:1A:79:5B:FD:AB",
                "00:1A:79:5D:E1:EA",
                "00:1A:79:60:0E:46",
                "00:1A:79:65:12:2B",
                "00:1A:79:6A:11:7E",
                "00:1A:79:6c:59:12",
                "00:1A:79:74:5B:C7",
                "00:1A:79:7C:B5:A9",
                "00:1A:79:8A:94:A2",
                "00:1A:79:9B:6B:90",
                "00:1A:79:A1:A9:6D",
                "00:1A:79:A3:27:E3",
                "00:1A:79:A5:91:69"
            ]
        },
        {
            "server_name": "starjktbad.space:80",
            "server_url": "http://starjktbad.space:80/c/",
            "macs": [
                "00:1A:79:5E:EF:3D",
                "00:1A:79:F1:E1:89",
                "00:1A:79:74:D4:92"
            ]
        },
        {
            "server_name": "ip.xtremetv.eu:8000",
            "server_url": "http://ip.xtremetv.eu:8000/c/",
            "macs": [
                "00:1A:79:3D:53:80",
                "00:1A:79:90:2F:F7"
            ]
        },
        {
            "server_name": "64cxz.com:8118",
            "server_url": "http://64cxz.com:8118/c/",
            "macs": [
                "00:1A:79:49:30:C3",
                "00:1A:79:30:F0:9D"
            ]
        },
        {
            "server_name": "app.mycybervpn.com:8080",
            "server_url": "http://app.mycybervpn.com:8080/c/",
            "macs": [
                "00:1A:79:00:B0:D5",
                "00:1A:79:01:9B:52",
                "00:1A:79:02:79:E0",
                "00:1A:79:03:20:76",
                "00:1A:79:04:41:A2",
                "00:1A:79:04:2C:39",
                "00:1A:79:06:26:AF",
                "00:1A:79:07:48:38",
                "00:1A:79:09:FB:62",
                "00:1A:79:0B:35:5C",
                "00:1A:79:0C:59:02",
                "00:1A:79:0E:83:FC",
                "00:1A:79:0F:79:80",
                "00:1A:79:0F:D6:0C",
                "00:1A:79:10:dc:5b",
                "00:1A:79:18:04:e8",
                "00:1A:79:12:C6:93",
                "00:1A:79:21:C1:DB",
                "00:1A:79:25:54:F2",
                "00:1A:79:21:EA:C3",
                "00:1A:79:2D:95:5A",
                "00:1A:79:2E:DD:BE",
                "00:1A:79:36:43:A9",
                "00:1A:79:3a:71:4d",
                "00:1A:79:3C:26:96",
                "00:1A:79:3A:02:E8",
                "00:1A:79:3D:F2:9E",
                "00:1A:79:40:95:F9",
                "00:1A:79:42:CC:5A",
                "00:1A:79:43:A1:3B",
                "00:1A:79:45:4A:25",
                "00:1A:79:43:4F:32",
                "00:1A:79:48:81:F8",
                "00:1A:79:49:1E:DB",
                "00:1A:79:49:1B:00",
                "00:1A:79:49:2F:A0",
                "00:1A:79:48:df:27",
                "00:1A:79:49:1E:D5",
                "00:1A:79:49:2E:CF",
                "00:1A:79:49:2F:BE",
                "00:1A:79:49:45:28",
                "00:1A:79:49:42:46",
                "00:1A:79:49:45:02",
                "00:1A:79:49:1E:D0",
                "00:1A:79:49:45:BB",
                "00:1A:79:49:6D:35",
                "00:1A:79:49:83:7F",
                "00:1A:79:4A:2B:19",
                "00:1A:79:46:85:ac",
                "00:1A:79:4B:A3:67",
                "00:1A:79:46:85:A9",
                "00:1A:79:4B:8A:46",
                "00:1A:79:4C:1C:32",
                "00:1A:79:47:9A:99",
                "00:1A:79:4C:6E:75",
                "00:1A:79:49:42:D5",
                "00:1A:79:4C:C1:37",
                "00:1A:79:4D:64:B1",
                "00:1A:79:51:96:B3",
                "00:1A:79:52:61:D6",
                "00:1A:79:52:FB:F5",
                "00:1A:79:54:31:AD",
                "00:1A:79:54:33:50",
                "00:1A:79:54:70:16",
                "00:1A:79:54:6B:FB",
                "00:1A:79:54:F5:DB",
                "00:1A:79:54:CD:E7",
                "00:1A:79:56:23:FC",
                "00:1A:79:58:24:A0",
                "00:1A:79:58:3A:AB",
                "00:1A:79:59:46:1E",
                "00:1A:79:5a:9a:8c",
                "00:1A:79:5B:FA:CE",
                "00:1A:79:5B:D8:B7",
                "00:1A:79:5B:DC:E6",
                "00:1A:79:5B:F2:9E",
                "00:1A:79:59:57:C3",
                "00:1A:79:59:4D:46",
                "00:1A:79:5c:b4:e4",
                "00:1A:79:5A:92:13"
            ]
        }
    ]
}