{
    "items": [
        {
            "server_name": "mag.ultraqhd.net",
            "server_url": "http://mag.ultraqhd.net/c/",
            "macs": [
                "00:1a:79:aa:8d:b5",
                "00:1a:79:c0:8b:bb",
                "00:1a:79:51:4f:1e",
                "00:1a:79:bc:e4:e0",
                "00:1a:79:d7:16:37",
                "00:1a:79:b7:6b:50",
                "00:1a:79:a6:03:63",
                "00:1a:79:a3:66:86",
                "00:1a:79:dd:3f:37",
                "00:1a:79:bf:ca:10",
                "00:1a:79:0e:1f:27",
                "00:1a:79:b8:7e:bd",
                "00:1a:79:90:12:2a",
                "00:1a:79:b3:11:5f",
                "00:1a:79:51:e8:7e",
                "00:1a:79:36:ea:67",
                "00:1a:79:17:06:37",
                "00:1a:79:b5:26:df",
                "00:1a:79:1d:02:12",
                "00:1a:79:bd:25:fb"
            ]
        },
        {
            "server_name": "tv.trexiptv.com",
            "server_url": "http://tv.trexiptv.com/c/",
            "macs": [
                "00:1a:79:05:3f:18"
            ]
        },
        {
            "server_name": "fans4me.com:8080",
            "server_url": "http://fans4me.com:8080/c/",
            "macs": [
                "00:1a:79:60:0d:27",
                "00:1a:79:1c:10:be",
                "00:1a:79:59:12:3c",
                "00:1a:79:bd:14:b0",
                "00:1a:79:bd:35:3e",
                "00:1a:79:a2:fb:e0",
                "00:1a:79:55:46:da",
                "00:1a:79:73:44:fe",
                "00:1a:79:82:bb:b0",
                "00:1a:79:4e:ef:a9",
                "00:1a:79:b9:cb:b1",
                "00:1a:79:a3:b4:5b",
                "00:1a:79:b4:31:d9",
                "00:1a:79:15:d2:06",
                "00:1a:79:be:f5:76",
                "00:1a:79:de:6b:89",
                "00:1a:79:64:ab:a7",
                "00:1a:79:1c:0f:2b",
                "00:1a:79:b3:a3:be",
                "00:1a:79:b0:e0:02",
                "00:1a:79:bc:de:98",
                "00:1a:79:b9:4d:f5",
                "00:1a:79:51:7a:d6",
                "00:1a:79:00:1c:fc",
                "00:1a:79:bd:30:4a",
                "00:1a:79:af:70:69",
                "00:1a:79:20:0f:e1",
                "00:1a:79:b7:48:0b",
                "00:1a:79:56:ab:ca",
                "00:1a:79:d3:d2:95",
                "00:1a:79:3f:21:48",
                "00:1a:79:a1:fd:96"
            ]
        },
        {
            "server_name": "neomixs.com:8080",
            "server_url": "http://neomixs.com:8080/c/",
            "macs": [
                "00:1a:79:43:25:0b"
            ]
        },
        {
            "server_name": "techking.uk:2095",
            "server_url": "http://techking.uk:2095/c/",
            "macs": [
                "00:1a:79:33:19:50",
                "00:1a:79:53:66:01"
            ]
        },
        {
            "server_name": "live.iptv.bond:22461",
            "server_url": "http://live.iptv.bond:22461/c/",
            "macs": [
                "00:1a:79:2e:4b:04"
            ]
        },
        {
            "server_name": "ultra-box.club",
            "server_url": "http://ultra-box.club/c/",
            "macs": [
                "00:1a:79:18:02:ef",
                "00:1a:79:11:80:48",
                "00:1a:79:b5:81:e7",
                "00:1a:79:c0:a5:5f",
                "00:1a:79:6e:d0:ef",
                "00:1a:79:b7:58:96",
                "00:1a:79:8f:2b:70",
                "00:1a:79:36:7a:95",
                "00:1a:79:33:cf:f2",
                "00:1a:79:66:e3:a9",
                "00:1a:79:02:d5:5e",
                "00:1a:79:58:18:1f",
                "00:1a:79:d2:b1:b6",
                "00:1a:79:46:8d:86",
                "00:1a:79:5a:44:e1",
                "00:1a:79:83:95:ef",
                "00:1a:79:bd:5a:e0",
                "00:1a:79:ab:33:ee",
                "00:1a:79:64:c5:2a",
                "00:1a:79:ca:af:57",
                "00:1a:79:fb:96:84",
                "00:1a:79:8e:32:bc"
            ]
        },
        {
            "server_name": "localhd.tv:8081",
            "server_url": "http://localhd.tv:8081/c/",
            "macs": [
                "00:1a:79:6a:7d:8a"
            ]
        },
        {
            "server_name": "alfatv.life:8080",
            "server_url": "http://alfatv.life:8080/c/",
            "macs": [
                "00:1a:79:85:e9:f6",
                "00:1a:79:57:23:22",
                "00:1a:79:6b:66:6a",
                "00:1a:79:a4:79:c2",
                "00:1a:79:25:f2:26",
                "00:1a:79:a7:79:1e",
                "00:1a:79:e0:6f:f5",
                "00:1a:79:63:d5:68",
                "00:1a:79:ba:19:12",
                "00:1a:79:57:ce:5a",
                "00:1a:79:95:de:14",
                "00:1a:79:d9:c4:54",
                "00:1a:79:55:6c:c2",
                "00:1a:79:b2:7a:2f",
                "00:1a:79:57:e7:0c",
                "00:1a:79:09:3d:74",
                "00:1a:79:a2:c1:1e",
                "00:1a:79:60:70:79",
                "00:1a:79:3b:7c:e1",
                "00:1a:79:20:8f:e6",
                "00:1a:79:44:49:ca",
                "00:1a:79:a7:ca:56",
                "00:1a:79:0e:37:b6",
                "00:1a:79:b7:29:4a"
            ]
        },
        {
            "server_name": "live.intertvnet.info:25461",
            "server_url": "http://live.intertvnet.info:25461/c/",
            "macs": [
                "00:1a:79:f9:1f:e6",
                "00:1a:79:54:67:73",
                "00:1a:79:9f:06:2e",
                "00:1a:79:42:0b:62",
                "00:1a:79:5b:0f:71"
            ]
        },
        {
            "server_name": "in.lionboxiptv.nl",
            "server_url": "http://in.lionboxiptv.nl/c/",
            "macs": [
                "00:1a:79:70:0a:71",
                "00:1a:79:bd:60:17",
                "00:1a:79:cb:2f:49",
                "00:1a:79:ad:fa:d6"
            ]
        }
    ]
}