{
    "items": [
        {
            "server_name": "webflowmalta.club:8080",
            "server_url": "http://webflowmalta.club:8080/c/",
            "macs": [
                "00:1a:79:ba:a8:06",
                "00:1a:79:4d:ce:f4",
                "00:1a:79:2b:a3:00",
                "00:1a:79:bf:d5:98",
                "00:1a:79:00:5d:f2",
                "00:1a:79:ad:ae:99",
                "00:1a:79:82:42:5c",
                "00:1a:79:2b:66:13",
                "00:1a:79:59:b2:a5",
                "00:1a:79:43:79:69",
                "00:1a:79:36:61:ce",
                "00:1a:79:57:e1:88",
                "00:1a:79:5a:dc:be",
                "00:1a:79:d6:9a:7e",
                "00:1a:79:74:fd:86",
                "00:1a:79:40:a3:85",
                "00:1a:79:33:5e:09",
                "00:1a:79:e2:e9:0f",
                "00:1a:79:bf:6f:5d",
                "00:1a:79:ad:e3:a5",
                "00:1a:79:4f:9a:e2",
                "00:1a:79:56:f2:10",
                "00:1a:79:3b:91:7f",
                "00:1a:79:0f:43:c6",
                "00:1a:79:01:14:19"
            ]
        },
        {
            "server_name": "powerip.be:8000",
            "server_url": "http://powerip.be:8000/c/",
            "macs": [
                "00:1a:79:ae:53:67",
                "00:1a:79:a1:74:3c",
                "00:1a:79:a4:95:6f",
                "00:1a:79:a4:7f:4c",
                "00:1a:79:a0:e5:e3",
                "00:1a:79:a5:c7:de",
                "00:1a:79:a6:f5:ca",
                "00:1a:79:a8:0a:2a",
                "00:1a:79:a6:41:41",
                "00:1a:79:ae:45:b6",
                "00:1a:79:ab:b7:b1",
                "00:1a:79:a2:c7:42",
                "00:1a:79:aa:b5:fc",
                "00:1a:79:a1:33:44",
                "00:1a:79:a6:9c:86",
                "00:1a:79:ae:cd:58",
                "00:1a:79:a3:12:82",
                "00:1a:79:ab:b3:b8",
                "00:1a:79:ad:91:9b",
                "00:1a:79:a4:80:2b",
                "00:1a:79:aa:e7:7c",
                "00:1a:79:a5:b4:fc",
                "00:1a:79:a3:28:ae",
                "00:1a:79:ad:94:de",
                "00:1a:79:aa:e0:ac",
                "00:1a:79:ae:03:ed",
                "00:1a:79:a1:88:b5",
                "00:1a:79:aa:70:d4",
                "00:1a:79:a4:80:53",
                "00:1a:79:a0:0e:5d",
                "00:1a:79:a2:b4:12",
                "00:1a:79:a6:fd:13",
                "00:1a:79:a7:eb:ef",
                "00:1a:79:a2:f6:d2",
                "00:1a:79:a4:68:32",
                "00:1a:79:ab:65:03",
                "00:1a:79:aa:11:be",
                "00:1a:79:a4:46:db",
                "00:1a:79:a7:b0:48",
                "00:1a:79:ad:ee:a5",
                "00:1a:79:a4:f9:28",
                "00:1a:79:a5:a8:c9",
                "00:1a:79:ae:3c:d8",
                "00:1a:79:a6:52:87",
                "00:1a:79:a3:8b:13"
            ]
        },
        {
            "server_name": "hellas.sltv.pw:8080",
            "server_url": "http://hellas.sltv.pw:8080/c/",
            "macs": [
                "00:1a:79:ab:58:0e",
                "00:1a:79:ac:d6:56",
                "00:1a:79:a9:20:5b",
                "00:1a:79:ab:49:61",
                "00:1a:79:aa:bf:3e",
                "00:1a:79:ae:07:d0",
                "00:1a:79:a5:1a:c2",
                "00:1a:79:ac:7a:86",
                "00:1a:79:a3:57:ad",
                "00:1a:79:ab:ae:f3",
                "00:1a:79:a7:eb:ef",
                "00:1a:79:a2:d0:76",
                "00:1a:79:a5:d7:62",
                "00:1a:79:a5:d1:f8",
                "00:1a:79:a7:dc:a1",
                "00:1a:79:ab:be:94",
                "00:1a:79:a7:e3:62",
                "00:1a:79:a1:89:3c",
                "00:1a:79:a3:f0:95",
                "00:1a:79:a4:7d:36",
                "00:1a:79:a8:2d:7e",
                "00:1a:79:a7:ba:ca",
                "00:1a:79:a9:09:54",
                "00:1a:79:ad:13:61",
                "00:1a:79:ad:ae:99",
                "00:1a:79:ae:45:b6",
                "00:1a:79:aa:70:d4",
                "00:1a:79:aa:09:b1",
                "00:1a:79:a3:a6:10",
                "00:1a:79:ae:77:9c",
                "00:1a:79:a2:62:c8",
                "00:1a:79:ad:39:bf",
                "00:1a:79:a4:46:db",
                "00:1a:79:a3:12:87",
                "00:1a:79:a3:1a:34",
                "00:1a:79:ae:b4:78",
                "00:1a:79:a7:b0:f1",
                "00:1a:79:ac:5c:55",
                "00:1a:79:a3:ba:92",
                "00:1a:79:ac:35:58",
                "00:1a:79:ad:98:9b",
                "00:1a:79:a6:db:5d",
                "00:1a:79:a3:97:93",
                "00:1a:79:ad:91:9b",
                "00:1a:79:a4:04:ad",
                "00:1a:79:ae:d1:d3",
                "00:1a:79:a1:a0:4d",
                "00:1a:79:aa:b4:a9",
                "00:1a:79:ae:4a:c1"
            ]
        },
        {
            "server_name": "x4ever.eu:8000",
            "server_url": "http://x4ever.eu:8000/c/",
            "macs": [
                "00:1a:79:ae:69:2a",
                "00:1a:79:c9:40:27",
                "00:1a:79:3d:c7:1b",
                "00:1a:79:44:bb:f5",
                "00:1a:79:5f:8a:17"
            ]
        },
        {
            "server_name": "ip.sltv.xyz:8080",
            "server_url": "http://ip.sltv.xyz:8080/c/",
            "macs": [
                "00:1a:79:a6:aa:af",
                "00:1a:79:fe:eb:d8",
                "00:1a:79:37:39:50",
                "00:1a:79:b6:58:dc",
                "00:1a:79:e5:4c:e0",
                "00:1a:79:8b:dd:42",
                "00:1a:79:8e:8e:6e",
                "00:1a:79:55:6d:0c",
                "00:1a:79:b7:9e:f8",
                "00:1a:79:ae:2a:42",
                "00:1a:79:a3:15:a3",
                "00:1a:79:87:c4:c2",
                "00:1a:79:a8:60:9c",
                "00:1a:79:bd:2e:08",
                "00:1a:79:f0:05:f7",
                "00:1a:79:90:4f:cf",
                "00:1a:79:2f:7c:6c",
                "00:1a:79:fc:e7:c7",
                "00:1a:79:44:f3:32",
                "00:1a:79:14:43:75",
                "00:1a:79:a5:97:b9"
            ]
        },
        {
            "server_name": "mediatech.link:8080",
            "server_url": "http://mediatech.link:8080/c/",
            "macs": [
                "00:1a:79:bb:ca:82",
                "00:1a:79:be:81:3b",
                "00:1a:79:5d:7e:8a",
                "00:1a:79:bc:0a:9a",
                "00:1a:79:e0:48:11",
                "00:1a:79:b3:22:70"
            ]
        },
        {
            "server_name": "nas.bordo1453.be",
            "server_url": "http://nas.bordo1453.be/c/",
            "macs": [
                "00:1a:79:42:eb:8d",
                "00:1a:79:a1:d3:80"
            ]
        },
        {
            "server_name": "vipertv.vip:8080",
            "server_url": "http://vipertv.vip:8080/c/",
            "macs": [
                "00:1A:79:07:AF:6E",
                "00:1A:79:8A:49:55",
                "00:1A:79:03:CE:C9",
                "00:1A:79:6D:E5:AC",
                "00:1A:79:68:8F:DA",
                "00:1A:79:D0:1F:5A",
                "00:1A:79:B8:FE:80",
                "00:1A:79:4D:C4:B0",
                "00:1A:79:58:BF:CD",
                "00:1A:79:64:AA:CD",
                "00:1A:79:31:CB:DA",
                "00:1A:79:36:9A:89",
                "00:1A:79:00:91:A1",
                "00:1A:79:74:DF:90",
                "00:1A:79:71:2B:CB",
                "00:1A:79:BD:4F:A3",
                "00:1A:79:41:B0:27",
                "00:1A:79:D6:80:63",
                "00:1A:79:6B:55:52",
                "00:1A:79:65:F6:1D",
                "00:1A:79:64:A6:DF",
                "00:1A:79:2D:9E:F7",
                "00:1A:79:A6:1F:98",
                "00:1A:79:65:F9:C9",
                "00:1A:79:14:87:A1"
            ]
        }
    ]
}