{
    "items": [
        {
            "server_name": "caffe.link:25461",
            "server_url": "http://caffe.link:25461/c/",
            "macs": [
                "00:1a:79:58:cc:50",
                "00:1a:79:4a:4c:59",
                "00:1a:79:44:69:9f",
                "00:1a:79:d1:cb:79"
            ]
        },
        {
            "server_name": "scarnet.xyz:8880",
            "server_url": "http://scarnet.xyz:8880/c/",
            "macs": [
                "00:1a:79:5f:1a:71",
                "00:1A:79:57:40:3D",
                "00:1A:79:7B:A8:F4",
                "00:1A:79:40:22:0E",
                "00:1A:79:a0:bf:ea",
                "00:1a:79:55:30:5c",
                "00:1a:79:38:56:83",
                "00:1a:79:4c:75:a0",
                "00:1A:79:d6:b7:f9",
                "00:1A:79:68:29:27",
                "00:1a:79:1b:d8:33",
                "00:1A:79:1D:0A:4F",
                "00:1A:79:07:2C:8F",
                "00:1A:79:68:10:5D",
                "00:1A:79:00:99:FD",
                "00:1A:79:45:10:88",
                "00:1A:79:31:54:47",
                "00:1a:79:3e:15:80"
            ]
        },
        {
            "server_name": "proxy.iptivihd.store",
            "server_url": "http://proxy.iptivihd.store/c/",
            "macs": [
                "00:1A:79:2B:91:0D",
                "00:1A:79:84:85:94",
                "10:27:BE:0D:53:45"
            ]
        },
        {
            "server_name": "kululuwebtv.com:8080",
            "server_url": "http://kululuwebtv.com:8080/c/",
            "macs": [
                "00:1A:79:19:1f:0f"
            ]
        },
        {
            "server_name": "epix.ws:7713",
            "server_url": "http://epix.ws:7713/c/",
            "macs": [
                "00:1A:79:35:38:48",
                "00:1A:79:44:BD:25",
                "00:1A:79:35:38:48"
            ]
        },
        {
            "server_name": "suportecheap.xyz:8080",
            "server_url": "http://suportecheap.xyz:8080/c/",
            "macs": [
                "00:1A:79:AB:3D:97",
                "00:1a:79:AC:C0:F4",
                "00:1A:79:BD:5F:61"
            ]
        },
        {
            "server_name": "foreverfuntv.de:8080",
            "server_url": "http://foreverfuntv.de:8080/c/",
            "macs": [
                "00:1A:79:AB:56:F2",
                "00:1a:79:aa:5b:ad",
                "00:1A:79:AB:58:4F"
            ]
        },
        {
            "server_name": "www.mtv.streamtv.to",
            "server_url": "http://www.mtv.streamtv.to/c/",
            "macs": [
                "00:1A:79:57:5F:3C",
                "00:1A:79:57:EF:8F",
                "00:1a:79:58:18:c4",
                "00:1A:79:59:77:8C",
                "00:1A:79:59:AA:AC",
                "00:1A:79:59:C8:BC",
                "00:1a:79:5a:47:18",
                "00:1A:79:5B:E7:1F",
                "00:1A:79:5C:24:75",
                "00:1A:79:5C:97:41",
                "00:1A:79:5C:AD:A4",
                "00:1a:79:5c:cd:38",
                "00:1A:79:5E:0C:4D",
                "00:1A:79:5E:32:22",
                "00:1a:79:5F:EB:78",
                "00:1a:79:62:99:a6",
                "00:1a:79:63:9d:66",
                "00:1A:79:66:0D:72",
                "00:1a:79:66:0c:c6",
                "00:1a:79:67:52:59",
                "00:1a:79:69:26:d0",
                "00:1a:79:77:5d:5a",
                "00:1A:79:97:55:A5",
                "00:1A:79:9F:91:97",
                "00:1A:79:A0:88:04",
                "00:1a:79:a2:6d:25",
                "00:1a:79:A2:C1:31",
                "00:1A:79:A2:C9:45",
                "00:1a:79:a3:00:05",
                "00:1a:79:a3:01:34",
                "00:1a:79:a3:08:20",
                "00:1a:79:a3:11:88",
                "00:1a:79:a3:12:ea",
                "00:1a:79:a3:17:29",
                "00:1a:79:a3:16:93",
                "00:1a:79:a3:17:7d",
                "00:1a:79:a3:8f:d3",
                "00:1a:79:a3:b3:b7",
                "00:1a:79:a4:4f:71"
            ]
        },
        {
            "server_name": "zio.t-v.io:80",
            "server_url": "http://zio.t-v.io:80/c/",
            "macs": [
                "00:1A:79:18:05:8B",
                "00:1A:79:18:7F:C4",
                "00:1A:79:18:9F:55",
                "00:1A:79:18:9F:66",
                "00:1A:79:18:7F:F9",
                "00:1A:79:18:9F:E2",
                "00:1A:79:18:09:88",
                "00:1A:79:18:23:C2",
                "00:1A:79:18:23:D0",
                "00:1A:79:18:9F:E6",
                "00:1A:79:18:7F:E9"
            ]
        }
    ]
}