{
    "items": [
        {
            "server_name": "mercury.deskanet.com:8880",
            "server_url": "http://mercury.deskanet.com:8880/c/",
            "macs": [
                "00:1A:79:f8:d1:a5",
                "00:1A:79:0c:1f:24",
                "00:1A:79:b4:19:58"
            ]
        },
        {
            "server_name": "ip.opentv.ma:8000",
            "server_url": "http://ip.opentv.ma:8000/c/",
            "macs": [
                "00:1A:79:03:9A:1C"
            ]
        },
        {
            "server_name": "jrobs.xyz:8880",
            "server_url": "http://jrobs.xyz:8880/c/",
            "macs": [
                "00:1a:79:00:00:05",
                "00:1A:79:2A:23:EC",
                "00:1a:79:2b:d6:3f",
                "00:1a:79:57:30:d8",
                "00:1a:79:03:45:01",
                "00:1A:79:0B:52:AA",
                "00:1A:79:0B:EE:9C",
                "00:1A:79:0D:22:36",
                "00:1a:79:0e:18:79",
                "00:1A:79:17:76:37"
            ]
        },
        {
            "server_name": "world-panel.co:6969",
            "server_url": "http://world-panel.co:6969/c/",
            "macs": [
                "00:1A:79:50:64:AF",
                "00:1A:79:94:22:93"
            ]
        },
        {
            "server_name": "test456.space:8080",
            "server_url": "http://test456.space:8080/c/",
            "macs": [
                "00:1A:79:4F:3F:8B",
                "00:1A:79:57:56:8A",
                "00:1a:79:60:5b:ed",
                "00:1A:79:40:04:78",
                "00:1A:79:40:56:8d",
                "00:1a:79:4a:27:37",
                "00:1A:79:4F:A2:7A"
            ]
        },
        {
            "server_name": "65.21.99.47:8080",
            "server_url": "http://65.21.99.47:8080/c/",
            "macs": [
                "00:1A:79:AF:53:D0",
                "00:1A:79:AA:A7:7A",
                "00:1A:79:B8:7A:CA",
                "00:1A:79:A4:40:9D",
                "00:1A:79:A4:41:4E"
            ]
        },
        {
            "server_name": "starshare.live:8080",
            "server_url": "http://starshare.live:8080/c/",
            "macs": [
                "00:1A:79:29:28:B4"
            ]
        },
        {
            "server_name": "tvtime.ddns.net:8080",
            "server_url": "http://tvtime.ddns.net:8080/c/",
            "macs": [
                "00:1A:79:18:11:BB"
            ]
        },
        {
            "server_name": "145.239.255.38:8080",
            "server_url": "http://145.239.255.38:8080/c/",
            "macs": [
                "00:1A:79:01:CD:81"
            ]
        },
        {
            "server_name": "tv.pro-ott.com:25443",
            "server_url": "http://tv.pro-ott.com:25443/c/",
            "macs": [
                "00:1A:79:97:1a:92",
                "00:1A:79:6e:a7:a2"
            ]
        },
        {
            "server_name": "hxplos100.xyz:80",
            "server_url": "http://hxplos100.xyz:80/c/",
            "macs": [
                "00:1A:79:ad:a7:aa",
                "00:1A:79:a3:f5:8d",
                "00:1A:79:c8:05:98",
                "00:1A:79:45:8c:8a"
            ]
        },
        {
            "server_name": "newmagicbox.entrydns.org",
            "server_url": "http://newmagicbox.entrydns.org/c/",
            "macs": [
                "00:1A:79:94:22:93"
            ]
        },
        {
            "server_name": "universesat.net:8000",
            "server_url": "http://universesat.net:8000/c/",
            "macs": [
                "00:1A:79:AB:C8:38",
                "00:1A:79:BA:5B:8A",
                "00:1A:79:BD:28:9F",
                "00:1A:79:AB:C8:9F",
                "00:1A:79:B0:9F:AD",
                "00:1A:79:32:AB:5F",
                "00:1A:79:A1:38:83"
            ]
        },
        {
            "server_name": "meon-pro.com",
            "server_url": "http://meon-pro.com/c/",
            "macs": [
                "00:1A:79:AC:DA:44"
            ]
        },
        {
            "server_name": "fortv.cc:8080",
            "server_url": "http://fortv.cc:8080/c/",
            "macs": [
                "00:1A:79:88:D4:F0",
                "00:1A:79:55:47:E7",
                "00:1A:79:2C:F9:16",
                "00:1A:79:AF:11:C2"
            ]
        },
        {
            "server_name": "ip.ninja21.xyz:8080",
            "server_url": "http://ip.ninja21.xyz:8080/c/",
            "macs": [
                "00:1A:79:A8:D7:79",
                "00:1A:79:BE:8D:3F",
                "00:1A:79:BE:9B:D2"
            ]
        },
        {
            "server_name": "arenastudio.xyz:8080",
            "server_url": "http://arenastudio.xyz:8080/c/",
            "macs": [
                "00:1A:79:A3:1B:24",
                "00:1A:79:3D:92:07",
                "00:1A:79:AE:01:24",
                "00:1A:79:A1:A5:77",
                "00:1A:79:56:66:A1",
                "00:1A:79:A2:6E:72",
                "00:1A:79:AF:53:90",
                "00:1A:79:A6:DE:9E",
                "00:1A:79:A6:7D:A7",
                "00:1A:79:C1:98:B0",
                "00:1A:79:A6:DE:9E",
                "00:1A:79:A1:32:46",
                "00:1A:79:4A:13:B4",
                "00:1A:79:A3:1B:1C",
                "00:1A:79:56:66:A1",
                "00:1A:79:AF:53:90",
                "00:1A:79:A2:6E:72",
                "00:1A:79:BF:99:31"
            ]
        }
    ]
}