{
    "items": [
        {
            "server_name": "sanaldunya34.com:8080",
            "server_url": "http://sanaldunya34.com:8080/c/",
            "macs": [
                "00:1a:79:4a:ec:08"
            ]
        },
        {
            "server_name": "sinal.live:8080",
            "server_url": "http://sinal.live:8080/c/",
            "macs": [
                "00:1a:79:a1:2f:ea",
                "00:1a:79:aa:83:5c",
                "00:1a:79:a3:f5:e1",
                "00:1a:79:a4:96:9d",
                "00:1a:79:ab:b3:b7",
                "00:1a:79:ab:91:57",
                "00:1a:79:a4:59:c9",
                "00:1a:79:a8:a0:a4",
                "00:1a:79:ab:53:6f",
                "00:1a:79:a1:74:4d",
                "00:1a:79:aa:7b:d4",
                "00:1a:79:a5:a2:37",
                "00:1a:79:a5:0b:1a",
                "00:1a:79:ae:af:b0",
                "00:1a:79:a5:5f:f9",
                "00:1a:79:aa:77:ad",
                "00:1a:79:a4:4f:01",
                "00:1a:79:a3:f1:ab",
                "00:1a:79:aa:c3:dd",
                "00:1a:79:a3:01:68",
                "00:1a:79:a2:e8:67",
                "00:1a:79:ad:10:84",
                "00:1a:79:ad:c3:2f",
                "00:1a:79:ac:14:59",
                "00:1a:79:ae:9c:cf",
                "00:1a:79:a6:6d:17",
                "00:1a:79:a7:e1:e3",
                "00:1a:79:a1:30:df",
                "00:1a:79:a3:8e:63",
                "00:1a:79:aa:69:82",
                "00:1a:79:a5:30:e8",
                "00:1a:79:a6:f1:69",
                "00:1a:79:a8:13:83",
                "00:1a:79:a4:78:b6",
                "00:1a:79:a7:7f:0e",
                "00:1a:79:ae:c4:2b",
                "00:1a:79:a5:07:8e",
                "00:1a:79:a1:8a:3c",
                "00:1a:79:ad:7f:c4",
                "00:1a:79:ae:31:5f",
                "00:1a:79:ae:6b:53",
                "00:1a:79:a9:bd:89",
                "00:1a:79:ad:43:d7",
                "00:1a:79:ab:e2:01",
                "00:1a:79:a4:7c:73",
                "00:1a:79:ae:fc:cd"
            ]
        },
        {
            "server_name": "p1.iptvrocket.tv:80",
            "server_url": "http://p1.iptvrocket.tv:80/c/",
            "macs": [
                "00:1a:79:4f:71:d8",
                "00:1a:79:56:34:62",
                "00:1a:79:02:04:22",
                "00:1a:79:c0:58:60"
            ]
        },
        {
            "server_name": "p4.giffy.be:8080",
            "server_url": "http://p4.giffy.be:8080/c/",
            "macs": [
                "00:1a:79:b1:85:5e",
                "00:1a:79:7a:3f:3d"
            ]
        },
        {
            "server_name": "panels4u.com:8080",
            "server_url": "http://panels4u.com:8080/c/",
            "macs": [
                "00:1a:79:a9:13:d9",
                "00:1a:79:4f:41:b3"
            ]
        },
        {
            "server_name": "portal1.iptveurope.net:8000",
            "server_url": "http://portal1.iptveurope.net:8000/c/",
            "macs": [
                "00:1a:79:01:00:bf",
                "00:1a:79:22:8e:e0"
            ]
        },
        {
            "server_name": "cherryp.xyz:8880",
            "server_url": "http://cherryp.xyz:8880/c/",
            "macs": [
                "00:1A:79:00:10:2B",
                "00:1A:79:00:32:00",
                "00:1A:79:00:8E:E0",
                "00:1A:79:02:44:8F",
                "00:1A:79:02:4A:45",
                "00:1A:79:02:6B:8C",
                "00:1A:79:03:AB:33",
                "00:1A:79:03:CF:7E",
                "00:1A:79:03:D0:69",
                "00:1A:79:04:3B:99",
                "00:1A:79:04:69:41",
                "00:1A:79:04:8D:30",
                "00:1A:79:05:08:93",
                "00:1A:79:05:30:34",
                "00:1A:79:05:8E:CF",
                "00:1A:79:06:0F:98",
                "00:1A:79:05:44:DB",
                "00:1A:79:06:7F:6E",
                "00:1A:79:06:7C:8B",
                "00:1A:79:05:DD:C7",
                "00:1A:79:07:05:18",
                "00:1A:79:07:04:18",
                "00:1A:79:07:49:E0",
                "00:1A:79:07:9A:AD",
                "00:1A:79:07:A9:2B",
                "00:1A:79:07:E5:A4",
                "00:1A:79:07:2C:8F",
                "00:1A:79:08:60:CD",
                "00:1A:79:08:7D:AA",
                "00:1A:79:08:9F:66",
                "00:1A:79:09:F0:96",
                "00:1A:79:0A:08:8C",
                "00:1A:79:0A:11:3F",
                "00:1A:79:0A:52:AA",
                "00:1A:79:0A:C1:CD",
                "00:1A:79:0A:D3:6C",
                "00:1A:79:0B:58:C8",
                "00:1A:79:0B:0E:02",
                "00:1A:79:0C:15:E0",
                "00:1A:79:0C:74:94",
                "00:1A:79:0D:1C:52",
                "00:1A:79:0C:08:03",
                "00:1A:79:0C:26:9D",
                "00:1A:79:0D:46:1B",
                "00:1A:79:0D:7A:AB",
                "00:1A:79:0C:20:9F",
                "00:1A:79:0E:13:2F",
                "00:1A:79:0E:14:2B",
                "00:1A:79:0C:BE:9B",
                "00:1A:79:0D:0F:89",
                "00:1A:79:0E:1A:73",
                "00:1A:79:0E:49:AB",
                "00:1A:79:0D:4A:95",
                "00:1A:79:0E:30:77",
                "00:1A:79:0E:E0:9D",
                "00:1A:79:0E:D7:F4",
                "00:1A:79:0F:1E:44",
                "00:1A:79:0F:89:BC",
                "00:1A:79:0E:8E:55",
                "00:1A:79:0E:9C:5A",
                "00:1A:79:0F:F0:BE",
                "00:1A:79:10:62:34",
                "00:1A:79:11:62:BC",
                "00:1A:79:11:39:72",
                "00:1A:79:13:6F:43",
                "00:1A:79:12:CE:0B",
                "00:1A:79:16:25:4D",
                "00:1A:79:13:74:FF",
                "00:1A:79:13:44:77",
                "00:1A:79:16:47:9E",
                "00:1A:79:18:03:8C",
                "00:1A:79:17:76:37",
                "00:1A:79:19:58:4B",
                "00:1A:79:18:0D:74",
                "00:1A:79:18:93:DC",
                "00:1A:79:18:E9:50",
                "00:1A:79:18:FC:E7",
                "00:1A:79:1B:AD:9A",
                "00:1A:79:1B:4A:A8",
                "00:1A:79:1A:AC:B8",
                "00:1A:79:1B:BC:54",
                "00:1A:79:1c:a4:C5",
                "00:1A:79:1F:8C:55",
                "00:1A:79:1C:66:B1",
                "00:1A:79:20:0D:5A",
                "00:1A:79:20:78:19",
                "00:1A:79:1C:77:95",
                "00:1A:79:20:FB:00",
                "00:1A:79:1E:B3:50",
                "00:1A:79:1f:94:51",
                "00:1A:79:1E:EB:BB",
                "00:1A:79:21:60:FC",
                "00:1A:79:21:CB:BC",
                "00:1A:79:23:64:99",
                "00:1A:79:23:EF:5E",
                "00:1A:79:23:B4:E0",
                "00:1A:79:25:02:A1",
                "00:1A:79:25:38:C8",
                "00:1A:79:24:22:42"
            ]
        }
    ]
}