{
    "items": [
        {
            "server_name": "bluearmy.xyz:8880",
            "server_url": "http://bluearmy.xyz:8880/c/",
            "macs": [
                "00:1A:79:4C:6F:AB"
            ]
        },
        {
            "server_name": "nettv-premium.com:8000",
            "server_url": "http://nettv-premium.com:8000/c/",
            "macs": [
                "00:1A:79:10:01:94"
            ]
        },
        {
            "server_name": "angeltv.biz:6969",
            "server_url": "http://angeltv.biz:6969/c/",
            "macs": [
                "00:1a:79:8c:07:f8",
                "00:1a:79:8c:07:ba",
                "00:1a:79:8c:07:54",
                "00:1a:79:8c:07:bc",
                "00:1a:79:8c:07:b8",
                "00:1a:79:8c:0c:b5",
                "00:1a:79:8c:0b:7e",
                "00:1a:79:8c:0a:7b",
                "00:1a:79:8c:0a:47",
                "00:1a:79:8c:0d:21",
                "00:1a:79:8c:07:4c",
                "00:1a:79:8c:0a:4d",
                "00:1a:79:8c:0b:86",
                "00:1a:79:8c:0a:7d",
                "00:1a:79:8c:0d:55",
                "00:1a:79:8c:08:ce",
                "00:1a:79:8c:07:e5",
                "00:1a:79:8c:0b:23",
                "00:1a:79:8c:0a:87",
                "00:1a:79:8c:0a:49",
                "00:1a:79:8c:08:85",
                "00:1a:79:8c:0c:04",
                "00:1a:79:8c:0a:85",
                "00:1a:79:8c:08:ad",
                "00:1a:79:8c:0f:cb",
                "00:1a:79:8c:0d:83",
                "00:1a:79:8c:00:2e",
                "00:1a:79:8c:0d:4f",
                "00:1a:79:8c:0d:7d",
                "00:1a:79:8c:0d:0f",
                "00:1a:79:8c:0d:19",
                "00:1a:79:8c:0d:1a",
                "00:1a:79:8c:0b:f5",
                "00:1a:79:8c:00:32",
                "00:1a:79:8c:07:ee",
                "00:1a:79:8c:08:d1",
                "00:1a:79:8c:07:f6",
                "00:1a:79:8c:0d:32",
                "00:1a:79:8c:07:ab",
                "00:1a:79:8c:0a:3f",
                "00:1a:79:8c:0b:8c",
                "00:1a:79:8c:0d:73",
                "00:1a:79:8c:0d:13",
                "00:1a:79:8c:0b:2a",
                "00:1a:79:8c:0f:ce"
            ]
        },
        {
            "server_name": "tvitalyw.ddns.net:80",
            "server_url": "http://tvitalyw.ddns.net:80/c/",
            "macs": [
                "00:1A:79:57:58:a5"
            ]
        },
        {
            "server_name": "panel.bosstv.live:8080",
            "server_url": "http://panel.bosstv.live:8080/c/",
            "macs": [
                "00:1A:79:5D:96:50"
            ]
        },
        {
            "server_name": "barebudget.h1ott.com:8000",
            "server_url": "http://barebudget.h1ott.com:8000/c/",
            "macs": [
                "00:1A:79:74:F8:E3",
                "00:1A:79:C5:48:3C",
                "00:1A:79:6E:1C:98"
            ]
        },
        {
            "server_name": "tv.eoiptv.mydns.live",
            "server_url": "http://tv.eoiptv.mydns.live/c/",
            "macs": [
                "00:1A:79:40:6E:1D",
                "00:1A:79:40:7C:EF",
                "00:1A:79:40:99:E1",
                "00:1A:79:40:96:8D",
                "00:1A:79:40:ED:AA"
            ]
        },
        {
            "server_name": "goldeniptv.eu",
            "server_url": "http://goldeniptv.eu/c/",
            "macs": [
                "00:1A:79:BA:AF:59"
            ]
        },
        {
            "server_name": "eu.majes-line.co",
            "server_url": "http://eu.majes-line.co/c/",
            "macs": [
                "00:1A:79:C7:49:F1",
                "00:1A:79:2F:E9:DE",
                "00:1A:79:56:EE:7B",
                "00:1A:79:5A:29:89",
                "00:1A:79:35:ED:AA",
                "00:1A:79:C1:B3:28"
            ]
        },
        {
            "server_name": "premium-x.net:6453",
            "server_url": "http://premium-x.net:6453/c/",
            "macs": [
                "00:1A:79:00:44:64",
                "00:1A:79:45:D6:E6",
                "00:1A:79:46:02:69",
                "00:1A:79:00:3C:3C",
                "00:1a:79:4b:6b:cb",
                "00:1A:79:c0:08:8E",
                "00:1A:79:48:1C:30",
                "00:1A:79:4A:CA:35",
                "00:1A:79:3A:3F:DF",
                "00:1A:79:01:70:AE",
                "00:1A:79:43:82:67",
                "00:1A:79:43:20:D0",
                "00:1A:79:00:3D:85",
                "00:1a:79:8b:bd:2d",
                "00:1A:79:00:44:D7",
                "00:1A:79:51:EB:35",
                "00:1A:79:40:90:83",
                "00:1A:79:50:D7:43",
                "00:1a:79:48:1C:30",
                "00:1A:79:0E:18:E4",
                "00:1A:79:A3:25:6A",
                "00:1A:79:12:67:45",
                "00:1A:79:54:60:E9",
                "00:1A:79:2D:52:A6",
                "00:1A:79:40:14:FE",
                "00:1A:79:35:4A:E2",
                "00:1A:79:C0:06:18",
                "00:1a:79:52:D4:86",
                "00:1A:79:5E:2D:3B",
                "00:1A:79:c0:08:74",
                "00:1A:79:0E:18:E1",
                "00:1A:79:39:E8:9E",
                "00:1A:79:26:D1:9F",
                "00:1A:79:58:91:C7",
                "00:1A:79:0B:BE:02",
                "00:1A:79:02:1F:CB",
                "00:1A:79:3A:0B:73",
                "00:1A:79:02:21:4A",
                "00:1A:79:C0:12:77",
                "00:1A:79:A2:68:92"
            ]
        }
    ]
}