{
    "items": [
        {
            "server_name": "dlta4k.com:80",
            "server_url": "http://dlta4k.com:80/c/",
            "macs": [
                "00:1A:79:02:BD:1D",
                "00:1A:79:04:1F:D2",
                "00:1A:79:3E:A3:DC",
                "00:1A:79:C3:B7:CC"
            ]
        },
        {
            "server_name": "besttv.club:8080",
            "server_url": "http://besttv.club:8080/c/",
            "macs": [
                "00:1A:79:05:ED:BC",
                "00:1A:79:19:6F:E8",
                "00:1A:79:20:D5:2C",
                "00:1A:79:21:85:33",
                "00:1A:79:31:92:4F",
                "00:1A:79:52:CF:60",
                "00:1A:79:5C:A7:91",
                "00:1A:79:66:CC:9A",
                "00:1A:79:6A:A8:AC",
                "00:1A:79:B3:71:DD"
            ]
        },
        {
            "server_name": "99ab99.com:80",
            "server_url": "http://99ab99.com:80/c/",
            "macs": [
                "00:1A:79:23:C7:C6",
                "00:1A:79:2C:8F:C2",
                "00:1A:79:47:F5:9E",
                "00:1A:79:8A:3D:1E",
                "00:1A:79:90:13:37",
                "00:1A:79:A2:6B:92",
                "00:1A:79:B9:DD:EF",
                "00:1A:79:D7:5F:68"
            ]
        },
        {
            "server_name": "a.stroj-bt.com:89",
            "server_url": "http://a.stroj-bt.com:89/c/",
            "macs": [
                "00:1A:79:02:2D:D1",
                "00:1A:79:11:BD:C9",
                "00:1A:79:1E:F9:E7"
            ]
        },
        {
            "server_name": "gauloise.cc",
            "server_url": "http://gauloise.cc/c/",
            "macs": [
                "00:1A:79:05:9D:24",
                "00:1A:79:25:40:1B"
            ]
        },
        {
            "server_name": "iptvdelta.123tv.to:8080",
            "server_url": "http://iptvdelta.123tv.to:8080/c/",
            "macs": [
                "00:1A:79:5C:6E:13"
            ]
        },
        {
            "server_name": "oceaniptv.net.streamtv.to:8080",
            "server_url": "http://oceaniptv.net.streamtv.to:8080/c/",
            "macs": [
                "00:1A:79:3E:7F:13",
                "00:1A:79:50:18:AE"
            ]
        },
        {
            "server_name": "62.182.85.153",
            "server_url": "http://62.182.85.153/c/",
            "macs": [
                "00:1A:79:4F:D3:3F"
            ]
        },
        {
            "server_name": "46.175.129.181",
            "server_url": "http://46.175.129.181/c/",
            "macs": [
                "00:1A:79:6E:60:91"
            ]
        },
        {
            "server_name": "traveliptv.com",
            "server_url": "http://traveliptv.com/c/",
            "macs": [
                "00:1A:79:2C:8F:3B",
                "00:1A:79:32:1F:A5",
                "00:1A:79:51:2F:C8",
                "00:1A:79:C7:97:95"
            ]
        },
        {
            "server_name": "tvizle.nl:8080",
            "server_url": "http://tvizle.nl:8080/c/",
            "macs": [
                "00:1A:79:19:1F:11"
            ]
        },
        {
            "server_name": "x.bloodshot.eu:8080",
            "server_url": "http://x.bloodshot.eu:8080/c/",
            "macs": [
                "00:1A:79:4E:46:9A"
            ]
        },
        {
            "server_name": "unblock2.king-box.tv",
            "server_url": "http://unblock2.king-box.tv/c/",
            "macs": [
                "00:1A:79:68:AE:7D",
                "00:1A:79:BE:20:C8"
            ]
        },
        {
            "server_name": "job.avrik.xyz",
            "server_url": "http://job.avrik.xyz/c/",
            "macs": [
                "00:1A:79:2A:68:21",
                "00:1A:79:95:3D:DB",
                "00:1A:79:C1:5B:C9"
            ]
        },
        {
            "server_name": "167.99.186.2",
            "server_url": "http://167.99.186.2/stalker_portal/c/",
            "macs": [
                "00:1A:79:3E:86:6A"
            ]
        },
        {
            "server_name": "line.tvdsz.cc",
            "server_url": "http://line.tvdsz.cc/c/",
            "macs": [
                "00:1A:79:37:82:00"
            ]
        },
        {
            "server_name": "viriatos.xyz:8080",
            "server_url": "http://viriatos.xyz:8080/c/",
            "macs": [
                "00:1A:79:AC:C4:FD"
            ]
        },
        {
            "server_name": "31.133.44.78:88",
            "server_url": "http://31.133.44.78:88/stalker_portal/c/",
            "macs": [
                "00:1A:79:0F:A3:7D"
            ]
        },
        {
            "server_name": "izipizi1.info",
            "server_url": "http://izipizi1.info/c/",
            "macs": [
                "00:1A:79:21:07:D2",
                "00:1A:79:2F:5C:68",
                "00:1A:79:31:77:EF",
                "00:1A:79:37:D9:B1",
                "00:1A:79:39:2B:4C",
                "00:1A:79:3B:41:AE",
                "00:1A:79:3E:1F:73",
                "00:1A:79:3F:1F:85",
                "00:1A:79:40:17:FC",
                "00:1A:79:40:DE:5D",
                "00:1A:79:41:20:C7",
                "00:1A:79:41:22:22",
                "00:1A:79:4A:8C:A0",
                "00:1A:79:59:A9:CC",
                "00:1A:79:65:2C:E8"
            ]
        },
        {
            "server_name": "ip.sltv.xyz:8080",
            "server_url": "http://ip.sltv.xyz:8080/c/",
            "macs": [
                "00:1A:79:2E:BA:91",
                "00:1A:79:46:B8:18",
                "00:1A:79:53:6E:0E",
                "00:1A:79:5E:8E:9B",
                "00:1A:79:5F:C0:56",
                "00:1A:79:60:53:81",
                "00:1A:79:6C:EE:EF",
                "00:1A:79:8C:56:56",
                "00:1A:79:AE:BA:C3",
                "00:1A:79:D8:6E:5D",
                "00:1A:79:D8:92:18"
            ]
        }
    ]
}