{
    "items": [
        {
            "server_name": "dino13.linkott.com:80",
            "server_url": "http://dino13.linkott.com:80/c/",
            "macs": [
                "00:1A:79:00:00:00",
                "00:1A:79:6B:B3:F5",
                "00:1A:79:E3:D8:E2",
                "00:1A:79:BD:11:EF",
                "00:1A:79:06:76:EC",
                "00:1A:79:08:D0:C5",
                "00:1A:79:09:2E:A0",
                "00:1A:79:06:64:F2",
                "00:1A:79:08:54:43",
                "00:1A:79:08:4D:38",
                "00:1A:79:05:79:6E"
            ]
        },
        {
            "server_name": "ogiptv.ddns.net:2095",
            "server_url": "http://ogiptv.ddns.net:2095/c/",
            "macs": [
                "00:1A:79:AB:BF:34",
                "00:1A:79:B0:91:F1",
                "00:1A:79:25:66:E9",
                "00:1A:79:A9:E6:F2",
                "00:1A:79:B4:3E:84",
                "00:1A:79:BF:A4:6F",
                "00:1A:79:AA:D7:2D",
                "00:1A:79:67:48:54",
                "00:1A:79:9C:B5:5F",
                "00:1A:79:C0:15:16",
                "00:1A:79:8A:F0:9C",
                "00:1A:79:46:02:5D",
                "00:1A:79:B7:47:41",
                "00:1A:79:B0:A9:39",
                "00:1A:79:BA:94:5D",
                "00:1A:79:B8:84:40",
                "00:1A:79:B1:73:03",
                "00:1A:79:4F:43:33",
                "00:1A:79:B8:8E:92",
                "00:1A:79:B6:54:30"
            ]
        },
        {
            "server_name": "skipbox.org:2095",
            "server_url": "http://skipbox.org:2095/c/",
            "macs": [
                "00:1A:79:BB:E3:33",
                "00:1A:79:50:D9:76"
            ]
        },
        {
            "server_name": "sunmodernfxz.xyz:80",
            "server_url": "http://sunmodernfxz.xyz:80/c/",
            "macs": [
                "00:1A:79:19:3F:44",
                "00:1A:79:1D:E2:A0",
                "00:1A:79:26:CD:E6",
                "00:1A:79:36:85:3D",
                "00:1A:79:58:02:05",
                "00:1A:79:5C:90:76",
                "00:1A:79:62:A0:46",
                "00:1A:79:82:3F:06",
                "00:1A:79:91:19:23",
                "00:1A:79:B5:0C:B1",
                "00:1A:79:B5:67:CC",
                "00:1A:79:B6:FD:B6",
                "00:1A:79:BE:6F:BF",
                "00:1A:79:C4:24:56",
                "00:1A:79:D2:21:89",
                "00:1A:79:DD:67:F6",
                "00:1A:79:E6:F5:C2"
            ]
        },
        {
            "server_name": "magictv.live:2095",
            "server_url": "http://magictv.live:2095/c/",
            "macs": [
                "00:1A:79:2E:8C:17",
                "00:1A:79:73:E1:F3",
                "00:1A:79:75:32:61"
            ]
        }
    ]
}