{
    "items": [
        {
            "server_name": "live.lynxiptv.xyz:80",
            "server_url": "http://live.lynxiptv.xyz:80/c/",
            "macs": [
                "00:1A:79:A7:62:60",
                "00:1A:79:37:00:d9",
                "00:1A:79:A7:2A:56",
                "00:1A:79:A8:58:D3",
                "00:1A:79:AA:59:FD",
                "00:1A:79:49:10:AF",
                "00:1A:79:54:25:BB",
                "00:1A:79:7F:47:7D",
                "00:1A:79:AB:02:C2",
                "00:1A:79:a8:64:54"
            ]
        },
        {
            "server_name": "mymag.tv:8080",
            "server_url": "http://mymag.tv:8080/c/",
            "macs": [
                "00:1A:79:4F:5D:B0",
                "00:1A:79:4F:5D:B0",
                "00:1A:79:A1:E4:48",
                "00:1A:79:A1:E4:48",
                "00:1A:79:BB:8C:90",
                "00:1A:79:BB:8C:90",
                "00:1A:79:92:A4:83",
                "00:1A:79:92:A4:83",
                "00:1A:79:ED:21:24",
                "00:1A:79:ED:21:24",
                "00:1A:79:5B:A4:28",
                "00:1A:79:5B:A4:28"
            ]
        }
    ]
}