{
    "items": [
        {
            "server_name": "new.ivue.co:25461",
            "server_url": "http://new.ivue.co:25461/c/",
            "macs": [
                "00:1A:79:00:00:09",
                "00:1A:79:00:00:22",
                "00:1A:79:00:0A:0F",
                "00:1A:79:01:1E:C3",
                "00:1A:79:01:1F:51",
                "00:1A:79:02:B8:5C",
                "00:1A:79:18:03:A6",
                "00:1A:79:18:0C:19",
                "00:1A:79:1D:3F:2A",
                "00:1A:79:2C:57:5D",
                "00:1A:79:34:A9:61",
                "00:1A:79:41:B0:B4",
                "00:1A:79:45:A2:5C",
                "00:1A:79:49:85:A1",
                "00:1A:79:4A:02:A7",
                "00:1A:79:62:5E:11",
                "00:1A:79:63:46:15",
                "00:1A:79:6B:D7:42",
                "00:1A:79:AE:26:20",
                "00:1A:79:AE:C0:B6"
            ]
        },
        {
            "server_name": "kocaeli41.xyz:8000",
            "server_url": "http://kocaeli41.xyz:8000/c/",
            "macs": [
                "00:1A:79:31:AC:45"
            ]
        },
        {
            "server_name": "webflowmalta.club:8080",
            "server_url": "http://webflowmalta.club:8080/c/",
            "macs": [
                "00:1A:79:EF:B7:56"
            ]
        },
        {
            "server_name": "31.220.41.100:80",
            "server_url": "http://31.220.41.100:80/c/",
            "macs": [
                "00:1A:79:36:61:E9",
                "00:1A:79:43:F6:85",
                "00:1A:79:4C:D4:4F",
                "00:1A:79:57:9D:0E",
                "00:1A:79:66:3C:52",
                "00:1A:79:87:47:6D",
                "00:1A:79:A4:84:38",
                "00:1A:79:AA:1A:25",
                "00:1A:79:B2:8F:F6",
                "00:1A:79:B8:1B:9E",
                "00:1A:79:BE:3A:28"
            ]
        },
        {
            "server_name": "amkclub.live:8080",
            "server_url": "http://amkclub.live:8080/c/",
            "macs": [
                "00:1A:79:00:02:4B"
            ]
        },
        {
            "server_name": "vip-rediptv.com",
            "server_url": "http://vip-rediptv.com/c/",
            "macs": [
                "00:1A:79:6B:22:59"
            ]
        }
    ]
}