{
    "items": [
        {
            "server_name": "tvclub.pro:80",
            "server_url": "http://tvclub.pro:80/stalker_portal/c/",
            "macs": [
                "00:1A:79:3D:9F:96",
                "00:1A:79:6C:53:04",
                "00:1A:79:A3:33:EC"
            ]
        },
        {
            "server_name": "tv.cloudcdn.online",
            "server_url": "http://tv.cloudcdn.online/c/",
            "macs": [
                "00:1A:79:21:7F:1A",
                "00:1A:79:33:E7:DF",
                "00:1A:79:93:24:69"
            ]
        },
        {
            "server_name": "job.avrik.xyz",
            "server_url": "http://job.avrik.xyz/c/",
            "macs": [
                "00:1A:79:84:B9:AC"
            ]
        },
        {
            "server_name": "starshare.live:8080",
            "server_url": "http://starshare.live:8080/c/",
            "macs": [
                "00:1A:79:B6:80:D3",
                "00:1A:79:C4:7A:1B"
            ]
        },
        {
            "server_name": "plustv.ws:80",
            "server_url": "http://plustv.ws:80/c/",
            "macs": [
                "00:1A:79:11:3F:02",
                "00:1A:79:11:9F:E1",
                "00:1A:79:34:2F:40",
                "00:1A:79:A7:B5:70"
            ]
        },
        {
            "server_name": "103.71.174.64",
            "server_url": "http://103.71.174.64/c/",
            "macs": [
                "00:1A:79:45:48:75",
                "00:1A:79:68:71:5A",
                "00:1A:79:69:8A:50",
                "00:1A:79:D1:9E:DA"
            ]
        }
    ]
}