{
    "items": [
        {
            "server_name": "bg.bleutv.net:80",
            "server_url": "http://bg.bleutv.net:80/c/",
            "macs": [
                "00:1A:79:28:A6:C5",
                "00:1A:79:28:A8:9B",
                "00:1A:79:28:A8:F3",
                "00:1A:79:28:AA:4C",
                "00:1A:79:40:4C:4A",
                "00:1A:79:46:EF:85",
                "00:1A:79:63:3C:D2",
                "00:1A:79:66:20:55",
                "00:1A:79:A1:E8:FB",
                "00:1A:79:A1:FA:44",
                "00:1A:79:A6:8F:D0",
                "00:1A:79:E6:5E:ED",
                "00:1A:79:E9:D6:95"
            ]
        },
        {
            "server_name": "line.tivi-one.net",
            "server_url": "http://line.tivi-one.net/c/",
            "macs": [
                "00:1A:79:C2:8F:1F"
            ]
        },
        {
            "server_name": "minnm8544de.lstv.win:8080",
            "server_url": "http://minnm8544de.lstv.win:8080/c/",
            "macs": [
                "00:1A:79:21:06:67"
            ]
        },
        {
            "server_name": "tvservice.pro:80",
            "server_url": "http://tvservice.pro:80/c/",
            "macs": [
                "00:1A:79:5B:02:84",
                "00:1A:79:5B:9F:58",
                "00:1A:79:B6:DB:A1",
                "00:1A:79:FB:24:57"
            ]
        }
    ]
}