{
    "items": [
        {
            "server_name": "pal.alphatx.me:80",
            "server_url": "http://pal.alphatx.me:80/c/",
            "macs": [
                "00:1A:79:01:77:E8",
                "00:1A:79:18:09:9D",
                "00:1A:79:19:44:48",
                "00:1A:79:21:0F:9E",
                "00:1A:79:25:04:56",
                "00:1A:79:3C:6F:32",
                "00:1A:79:42:AF:3B",
                "00:1A:79:53:27:2B",
                "00:1A:79:5C:D6:74",
                "00:1A:79:6D:60:34",
                "00:1A:79:8C:0B:A4",
                "00:1A:79:A9:BE:21",
                "00:1A:79:B2:80:92",
                "00:1A:79:B4:6F:16",
                "00:1A:79:C0:B3:1A",
                "00:1A:79:C2:AB:59",
                "00:1A:79:C3:A9:14",
                "00:1A:79:C5:47:36",
                "00:1A:79:D4:2F:80",
                "00:1A:79:E5:D6:D1"
            ]
        },
        {
            "server_name": "matrix-ott.*tv:8080",
            "server_url": "http://matrix-ott.*tv:8080/c/",
            "macs": [
                "00:1A:79:B4:66:39"
            ]
        },
        {
            "server_name": "line.tvdsz.cc:80",
            "server_url": "http://line.tvdsz.cc:80/c/",
            "macs": [
                "00:1A:79:00:00:00",
                "00:1A:79:00:00:02",
                "00:1A:79:00:CD:90"
            ]
        },
        {
            "server_name": "televizija.club:25461",
            "server_url": "http://televizija.club:25461/c/",
            "macs": [
                "00:1A:79:C8:01:A2"
            ]
        },
        {
            "server_name": "adarker.com:25461",
            "server_url": "http://adarker.com:25461/c/",
            "macs": [
                "00:1A:79:00:00:09"
            ]
        },
        {
            "server_name": "star4u.world",
            "server_url": "http://star4u.world/stalker_portal/c/",
            "macs": [
                "00:1A:79:3B:E3:33",
                "00:1A:79:6C:53:FD",
                "00:1A:79:78:E6:50"
            ]
        },
        {
            "server_name": "line.tivi-one.net",
            "server_url": "http://line.tivi-one.net/c/",
            "macs": [
                "00:1A:79:18:1A:FE",
                "00:1A:79:4F:69:94",
                "00:1A:79:58:07:EE",
                "00:1A:79:6B:69:43",
                "00:1A:79:6D:9D:CE",
                "00:1A:79:70:FB:EF",
                "00:1A:79:A5:D6:07",
                "00:1A:79:BF:92:05",
                "00:1A:79:BF:B8:09",
                "00:1A:79:F5:10:85",
                "00:1A:79:F5:12:9D",
                "00:1A:79:F5:18:24"
            ]
        },
        {
            "server_name": "iptv.darktv.nl",
            "server_url": "http://iptv.darktv.nl/c/",
            "macs": [
                "00:1A:79:23:69:F5",
                "00:1A:79:30:8F:22",
                "00:1A:79:59:05:02",
                "00:1A:79:90:85:48",
                "00:1A:79:91:44:95"
            ]
        },
        {
            "server_name": "netseeny.maxhd.vip:8000",
            "server_url": "http://netseeny.maxhd.vip:8000/c/",
            "macs": [
                "00:1A:79:03:73:32",
                "00:1A:79:17:02:42",
                "00:1A:79:18:13:01",
                "00:1A:79:19:49:42",
                "00:1A:79:20:20:22",
                "00:1A:79:25:65:45",
                "00:1A:79:39:73:6F",
                "00:1A:79:73:0F:89",
                "00:1A:79:80:70:10",
                "00:1A:79:88:88:77",
                "00:1A:79:96:93:98"
            ]
        },
        {
            "server_name": "dino.simotvgold.com:80",
            "server_url": "http://dino.simotvgold.com:80/c/",
            "macs": [
                "00:1A:79:C4:24:38"
            ]
        },
        {
            "server_name": "youtubecdn.watch:8080",
            "server_url": "http://youtubecdn.watch:8080/c/",
            "macs": [
                "00:1A:79:68:E7:79"
            ]
        },
        {
            "server_name": "myf-tv.com:8080",
            "server_url": "http://myf-tv.com:8080/c/",
            "macs": [
                "00:1A:79:56:B6:23",
                "00:1A:79:59:8E:7E",
                "00:1A:79:67:3A:24",
                "00:1A:79:A4:5A:1A",
                "00:1A:79:A7:DD:65",
                "00:1A:79:AB:6B:AF",
                "00:1A:79:AB:EE:67",
                "00:1A:79:B3:C7:85",
                "00:1A:79:BB:0A:50",
                "00:1A:79:BE:6E:23",
                "00:1A:79:BF:38:93",
                "00:1A:79:BF:E6:09",
                "00:1A:79:C2:92:B4",
                "00:1A:79:C3:B8:DA",
                "00:1A:79:C5:96:A8",
                "00:1A:79:C8:4B:11",
                "00:1A:79:C8:7F:24",
                "00:1A:79:FB:04:B5"
            ]
        },
        {
            "server_name": "activefrance.net",
            "server_url": "http://activefrance.net/c/",
            "macs": [
                "00:1A:79:7E:7F:94"
            ]
        },
        {
            "server_name": "iptvkosova.ml.gentv.to:8080",
            "server_url": "http://iptvkosova.ml.gentv.to:8080/c/",
            "macs": [
                "00:1A:79:39:95:27",
                "00:1A:79:54:2E:C0",
                "00:1A:79:75:01:7E",
                "00:1A:79:A7:9F:59"
            ]
        }
    ]
}