{
    "items": [
        {
            "server_name": "91.134.214.231",
            "server_url": "http://91.134.214.231/stalker_portal/c/",
            "macs": [
                "00:1A:79:01:A9:C9",
                "00:1A:79:17:4A:56",
                "00:1A:79:1F:AC:5D",
                "00:1A:79:25:A5:5B",
                "00:1A:79:2B:07:D3",
                "00:1A:79:37:28:12",
                "00:1A:79:38:EB:14",
                "00:1A:79:3D:7A:CA"
            ]
        },
        {
            "server_name": "pro.xviptv.com",
            "server_url": "http://pro.xviptv.com/c/",
            "macs": [
                "00:1A:79:55:61:20",
                "00:1A:79:BC:53:AD"
            ]
        },
        {
            "server_name": "tornado.netlink4.com:8000",
            "server_url": "http://tornado.netlink4.com:8000/c/",
            "macs": [
                "00:1A:79:31:CB:86",
                "00:1A:79:A6:C9:47",
                "00:1A:79:AE:6B:53"
            ]
        },
        {
            "server_name": "www.funmitra.com:8080",
            "server_url": "http://www.funmitra.com:8080/c/",
            "macs": [
                "00:1A:79:00:23:3C",
                "00:1A:79:03:0F:94",
                "00:1A:79:60:5A:10",
                "00:1A:79:72:05:86",
                "00:1A:79:7C:6B:D2",
                "00:1A:79:AB:83:BE",
                "00:1A:79:B7:35:03",
                "00:1A:79:C8:34:91",
                "00:1A:79:D6:A8:04",
                "00:1A:79:E9:4A:AF"
            ]
        },
        {
            "server_name": "tv.pro-ott.com",
            "server_url": "http://tv.pro-ott.com/c/",
            "macs": [
                "00:1A:79:41:D8:13",
                "00:1A:79:6D:A3:61"
            ]
        },
        {
            "server_name": "m.acrwebiptv.com",
            "server_url": "http://m.acrwebiptv.com/c/",
            "macs": [
                "00:1A:79:1E:9C:6B",
                "00:1A:79:3F:6B:DF",
                "00:1A:79:6B:DD:DA"
            ]
        },
        {
            "server_name": "medotv.nl:8000",
            "server_url": "http://medotv.nl:8000/c/",
            "macs": [
                "00:1A:79:3D:87:A3",
                "00:1A:79:B6:56:10"
            ]
        },
        {
            "server_name": "letmein.fun:8080",
            "server_url": "http://letmein.fun:8080/c/",
            "macs": [
                "00:1A:79:04:29:E8",
                "00:1A:79:18:D1:2A",
                "00:1A:79:36:BE:1C",
                "00:1A:79:44:1A:E7",
                "00:1A:79:45:75:8C",
                "00:1A:79:58:0C:29",
                "00:1A:79:6D:DD:89",
                "00:1A:79:76:6D:BE",
                "00:1A:79:A6:70:01",
                "00:1A:79:AE:B0:1F",
                "00:1A:79:B1:6D:FB",
                "00:1A:79:BA:5D:84",
                "00:1A:79:BF:EC:EF",
                "00:1A:79:C3:0E:DE",
                "00:1A:79:C3:2E:61",
                "00:1A:79:D6:A6:EE",
                "00:1A:79:D8:E4:97",
                "00:1A:79:DF:78:47"
            ]
        }
    ]
}