{
    "items": [
        {
            "server_name": "you10.4youall.xyz:8080",
            "server_url": "http://you10.4youall.xyz:8080/c/",
            "macs": [
                "00:1A:79:BA:A9:04"
            ]
        },
        {
            "server_name": "tv.ultimate.mydns.live",
            "server_url": "http://tv.ultimate.mydns.live/c/",
            "macs": [
                "00:1A:79:92:43:95"
            ]
        },
        {
            "server_name": "apkonrev.store:8080",
            "server_url": "http://apkonrev.store:8080/c/",
            "macs": [
                "00:1A:79:51:A6:68"
            ]
        },
        {
            "server_name": "123jk.tv",
            "server_url": "http://123jk.tv/c/",
            "macs": [
                "00:1A:79:C5:1B:13",
                "00:1A:79:E5:20:A2"
            ]
        },
        {
            "server_name": "june23.ddns.best:25461",
            "server_url": "http://june23.ddns.best:25461/c/",
            "macs": [
                "00:1A:79:75:35:AA"
            ]
        },
        {
            "server_name": "ns.hollandserver.net",
            "server_url": "http://ns.hollandserver.net/c/",
            "macs": [
                "00:1A:79:3B:5E:77"
            ]
        },
        {
            "server_name": "odm391.xyz",
            "server_url": "http://odm391.xyz/c/",
            "macs": [
                "00:1A:79:BD:1C:22"
            ]
        },
        {
            "server_name": "job.avrik.xyz",
            "server_url": "http://job.avrik.xyz/c/",
            "macs": [
                "00:1A:79:2D:1D:2B"
            ]
        },
        {
            "server_name": "ss.2665.ninja:8080",
            "server_url": "http://ss.2665.ninja:8080/c/",
            "macs": [
                "00:1A:79:A3:3F:67"
            ]
        },
        {
            "server_name": "letmein.fun:8080",
            "server_url": "http://letmein.fun:8080/c/",
            "macs": [
                "00:1A:79:AD:95:EC"
            ]
        },
        {
            "server_name": "neroiptv.xyz:8000",
            "server_url": "http://neroiptv.xyz:8000/c/",
            "macs": [
                "00:1A:79:60:31:86"
            ]
        },
        {
            "server_name": "mag.redmytv.com:80",
            "server_url": "http://mag.redmytv.com:80/c/",
            "macs": [
                "00:1A:79:05:E7:B8",
                "00:1A:79:10:0F:D5",
                "00:1A:79:10:B7:8E",
                "00:1A:79:12:28:0A",
                "00:1A:79:12:AD:D8",
                "00:1A:79:14:BE:D5",
                "00:1A:79:17:CD:32",
                "00:1A:79:1F:CB:5A",
                "00:1A:79:24:D2:5A",
                "00:1A:79:26:00:89",
                "00:1A:79:26:37:3C",
                "00:1A:79:2A:E3:6F",
                "00:1A:79:2D:6F:92",
                "00:1A:79:2F:62:A4",
                "00:1A:79:2F:88:42",
                "00:1A:79:33:36:42",
                "00:1A:79:36:33:65",
                "00:1A:79:39:EC:A9",
                "00:1A:79:40:51:06",
                "00:1A:79:43:77:72",
                "00:1A:79:43:DF:87",
                "00:1A:79:44:6E:84",
                "00:1A:79:54:A5:39",
                "00:1A:79:56:8B:64",
                "00:1A:79:64:DF:5D",
                "00:1A:79:67:F9:33",
                "00:1A:79:68:0F:F7",
                "00:1A:79:68:9F:74",
                "00:1A:79:6A:A5:41",
                "00:1A:79:6B:4D:CD",
                "00:1A:79:6B:4F:33",
                "00:1A:79:6C:EF:11",
                "00:1A:79:6D:84:3F",
                "00:1A:79:6F:6C:9A",
                "00:1A:79:6F:BE:A4",
                "00:1A:79:70:94:0D",
                "00:1A:79:73:9E:21",
                "00:1A:79:79:99:50",
                "00:1A:79:7A:85:41",
                "00:1A:79:7E:37:4F",
                "00:1A:79:7F:0B:CF",
                "00:1A:79:7F:F6:08",
                "00:1A:79:83:6E:FA",
                "00:1A:79:85:6D:5A",
                "00:1A:79:8B:37:47",
                "00:1A:79:91:1A:F6",
                "00:1A:79:9C:84:C4",
                "00:1A:79:9F:26:06",
                "00:1A:79:A1:E2:B3",
                "00:1A:79:A2:EA:83",
                "00:1A:79:AB:B8:4A",
                "00:1A:79:AD:8E:7C",
                "00:1A:79:B0:9B:9E",
                "00:1A:79:B1:71:B3",
                "00:1A:79:B2:17:01",
                "00:1A:79:B3:27:4E",
                "00:1A:79:B5:27:A0",
                "00:1A:79:BC:37:C0",
                "00:1A:79:BC:5F:CB",
                "00:1A:79:BF:9F:63",
                "00:1A:79:C0:0B:C8",
                "00:1A:79:C1:66:2A",
                "00:1A:79:C4:15:54",
                "00:1A:79:C4:D7:E4",
                "00:1A:79:C5:00:6F",
                "00:1A:79:C5:68:15",
                "00:1A:79:C6:8D:61",
                "00:1A:79:CA:25:B4",
                "00:1A:79:D5:63:FB",
                "00:1A:79:D9:68:3B",
                "00:1A:79:DC:8A:CF",
                "00:1A:79:EB:00:92"
            ]
        }
    ]
}