{
    "items": [
        {
            "server_name": "ampify30.xyz:8080",
            "server_url": "http://ampify30.xyz:8080/c/",
            "macs": [
                "00:1A:79:B9:50:51",
                "00:1a:79:ae:CD:92",
                "00:1a:79:BC:F2:B8",
                "00:1a:79:ab:ED:8E"
            ]
        },
        {
            "server_name": "45.139.122.199:80",
            "server_url": "http://45.139.122.199:80/c/",
            "macs": [
                "00:1a:79:AE:6C:8A",
                "00:1a:79:BF:CE:5E",
                "00:1a:79:ae:4E:78",
                "00:1a:79:69:D2:CD",
                "00:1A:79:6F:A7:62",
                "00:1a:79:ae:64:37",
                "00:1a:79:5A:D1:15",
                "00:1a:79:ab:C5:73",
                "00:1A:79:B8:74:6D",
                "00:1a:79:ab:8F:CE",
                "00:1a:79:3D:5C:E2",
                "00:1a:79:a5:D7:11",
                "00:1a:79:ae:84:7E",
                "00:1a:79:ae:7B:C0",
                "00:1a:79:A5:E0:BB",
                "00:1a:79:0f:32:08",
                "00:1a:79:0f:86:52"
            ]
        },
        {
            "server_name": "sidflix.com:8000",
            "server_url": "http://sidflix.com:8000/c/",
            "macs": [
                "00:1a:79:6C:90:DC",
                "00:1A:79:B8:35:3A",
                "00:1a:79:54:AB:9F",
                "00:1a:79:2F:8F:71",
                "00:1a:79:B8:75:6A",
                "00:1a:79:3D:13:6D",
                "00:1a:79:ae:A0:30",
                "00:1A:79:46:2A:4E",
                "00:1A:79:B8:E3:F7",
                "00:1a:79:02:1F:C0",
                "00:1A:79:00:44:31",
                "00:1a:79:01:89:40",
                "00:1A:79:02:18:E1",
                "00:1a:79:A5:E4:31"
            ]
        }
    ]
}