{
    "items": [
        {
            "server_name": "mag.iptvpolska.vip:80",
            "server_url": "http://mag.iptvpolska.vip:80/c/",
            "macs": [
                "00:1A:79:11:E6:16",
                "00:1A:79:4D:BA:5C",
                "00:1A:79:6C:36:AC",
                "00:1A:79:94:9E:47",
                "00:1A:79:B3:71:52",
                "00:1A:79:B5:27:9A",
                "00:1A:79:B7:A5:9A",
                "00:1A:79:B7:AB:92",
                "00:1A:79:F1:F0:59",
                "00:1A:79:FC:DA:C3"
            ]
        },
        {
            "server_name": "jb.worldip.nl:80",
            "server_url": "http://jb.worldip.nl:80/c/",
            "macs": [
                "00:1A:79:03:10:9A",
                "00:1A:79:A4:5B:FD",
                "00:1A:79:A5:D3:0A",
                "00:1A:79:B4:FD:02",
                "00:1A:79:BD:10:1F",
                "00:1A:79:C7:7B:E4",
                "00:1A:79:D5:8F:BC"
            ]
        },
        {
            "server_name": "portal365.mastergold.co.uk",
            "server_url": "http://portal365.mastergold.co.uk/c/",
            "macs": [
                "00:1A:79:5C:83:1F"
            ]
        },
        {
            "server_name": "watch.push4k.tv",
            "server_url": "http://watch.push4k.tv/stalker_portal/c/",
            "macs": [
                "00:1A:79:78:63:09"
            ]
        },
        {
            "server_name": "dreamsmart.me:2082",
            "server_url": "http://dreamsmart.me:2082/c/",
            "macs": [
                "00:1A:79:00:00:00"
            ]
        }
    ]
}