{
    "items": [
        {
            "server_name": "line.gofast-tv.me:80",
            "server_url": "http://line.gofast-tv.me:80/c/",
            "macs": [
                "00:1A:79:54:66:99",
                "00:1A:79:6D:F2:3E",
                "00:1A:79:73:A6:20",
                "00:1A:79:D3:B1:DA"
            ]
        },
        {
            "server_name": "sansat.net:88",
            "server_url": "http://sansat.net:88/c/",
            "macs": [
                "00:1A:79:46:43:83",
                "00:1A:79:A7:31:A2"
            ]
        },
        {
            "server_name": "maxzi.pro:80",
            "server_url": "http://maxzi.pro:80/c/",
            "macs": [
                "00:1A:79:36:74:5A",
                "00:1A:79:A9:C4:9C"
            ]
        },
        {
            "server_name": "123jk.tv",
            "server_url": "http://123jk.tv/c/",
            "macs": [
                "00:1A:79:49:12:C5"
            ]
        },
        {
            "server_name": "isam.homelinux.com",
            "server_url": "http://isam.homelinux.com/c/",
            "macs": [
                "00:1A:79:B1:B4:F3"
            ]
        },
        {
            "server_name": "iptvkosova.ml.gentv.to:8080",
            "server_url": "http://iptvkosova.ml.gentv.to:8080/c/",
            "macs": [
                "00:1A:79:A1:18:11",
                "00:1A:79:A5:A8:AA",
                "00:1A:79:A6:47:B4",
                "00:1A:79:AA:D2:82",
                "00:1A:79:AB:4A:39",
                "00:1A:79:AD:50:52",
                "00:1A:79:AE:44:D5",
                "00:1A:79:AE:59:CF",
                "00:1A:79:AF:82:7D",
                "00:1A:79:B0:DC:8F",
                "00:1A:79:B2:71:C9",
                "00:1A:79:B5:57:26",
                "00:1A:79:B6:9A:C5",
                "00:1A:79:B7:3D:B6",
                "00:1A:79:B7:40:69",
                "00:1A:79:B9:F0:CA",
                "00:1A:79:BA:84:DB",
                "00:1A:79:BB:A7:26",
                "00:1A:79:BC:EC:7A",
                "00:1A:79:BD:45:B8"
            ]
        }
    ]
}