{
    "items": [
        {
            "server_name": "209.222.99.194:88",
            "server_url": "http://209.222.99.194:88/stalker_portal/c/",
            "macs": [
                "00:1A:79:00:00:07"
            ]
        },
        {
            "server_name": "kungtv.net:25461",
            "server_url": "http://kungtv.net:25461/c/",
            "macs": [
                "10:27:BE:04:9B:15",
                "10:27:BE:05:5E:73",
                "10:27:BE:05:73:2D",
                "10:27:BE:05:82:D4",
                "10:27:BE:05:A5:33",
                "10:27:BE:05:BA:09",
                "10:27:BE:0B:0A:4B",
                "10:27:BE:0B:24:5C",
                "10:27:BE:0B:2C:0A",
                "10:27:BE:0B:45:C2",
                "10:27:BE:0B:59:63",
                "10:27:BE:0B:62:FA",
                "10:27:BE:0D:3F:B7",
                "10:27:BE:0D:41:5A",
                "10:27:BE:0D:54:BE",
                "10:27:BE:0D:96:28",
                "10:27:BE:0D:A0:F9",
                "10:27:BE:0D:E5:DB",
                "10:27:BE:0D:E9:A1",
                "10:27:BE:0D:EE:9B",
                "10:27:BE:12:11:CA",
                "10:27:BE:12:67:A0",
                "10:27:BE:15:34:79",
                "10:27:BE:15:34:E3",
                "10:27:BE:15:3E:9B",
                "10:27:BE:15:41:67",
                "10:27:BE:15:44:4B",
                "10:27:BE:15:44:96",
                "10:27:BE:15:4E:BC",
                "10:27:BE:15:51:31",
                "10:27:BE:15:5B:68",
                "10:27:BE:15:60:CB",
                "10:27:BE:15:70:D5",
                "10:27:BE:15:A6:D5",
                "10:27:BE:15:A6:F0",
                "10:27:BE:15:AB:2C",
                "10:27:BE:15:AE:4C",
                "10:27:BE:15:AF:6B",
                "10:27:BE:15:B6:3B",
                "10:27:BE:15:B8:50",
                "10:27:BE:15:BD:4F",
                "10:27:BE:15:BD:AC",
                "10:27:BE:15:C4:87",
                "10:27:BE:15:DC:53",
                "10:27:BE:15:DE:5C",
                "10:27:BE:15:E2:1B",
                "10:27:BE:15:ED:81",
                "10:27:BE:15:F0:CE",
                "10:27:BE:15:F3:C4",
                "10:27:BE:15:FB:CC",
                "10:27:BE:16:4E:E9",
                "10:27:BE:2D:2C:FB",
                "10:27:BE:2D:55:4C",
                "10:27:BE:2D:60:BB",
                "10:27:BE:2D:63:A1",
                "10:27:BE:2D:A4:76",
                "10:27:BE:2D:A7:34",
                "10:27:BE:2D:A9:88",
                "10:27:BE:2D:AC:22",
                "10:27:BE:2D:AE:A6",
                "10:27:BE:2D:AF:6D",
                "10:27:BE:2D:B9:D4",
                "10:27:BE:2D:C0:92",
                "10:27:BE:2D:C2:93",
                "10:27:BE:2E:13:CB",
                "10:27:BE:2E:1A:3B",
                "10:27:BE:2E:25:C3",
                "10:27:BE:2E:46:C2",
                "10:27:BE:2E:4F:CF",
                "10:27:BE:2E:54:51",
                "10:27:BE:2E:A0:16",
                "10:27:BE:2E:CF:91",
                "10:27:BE:2E:D1:10",
                "10:27:BE:2E:D3:41",
                "10:27:BE:2E:D3:E9",
                "10:27:BE:2E:DB:FA",
                "10:27:BE:2F:03:0E",
                "10:27:BE:2F:0D:29",
                "10:27:BE:2F:16:67",
                "10:27:BE:2F:50:ED",
                "10:27:BE:2F:52:36",
                "10:27:BE:2F:6F:A8",
                "10:27:BE:2F:73:07",
                "10:27:BE:2F:CC:EA",
                "10:27:BE:3A:1C:AC",
                "10:27:BE:3D:00:FA",
                "10:27:BE:3D:1A:A1"
            ]
        },
        {
            "server_name": "minnm8544de.lstv.win:8080",
            "server_url": "http://minnm8544de.lstv.win:8080/c/",
            "macs": [
                "00:1A:79:BD:83:8D"
            ]
        },
        {
            "server_name": "meowtv.site:8080",
            "server_url": "http://meowtv.site:8080/c/",
            "macs": [
                "00:1A:79:B1:FC:09"
            ]
        },
        {
            "server_name": "datacentar.org:80",
            "server_url": "http://datacentar.org:80/c/",
            "macs": [
                "00:1A:79:3F:45:0B",
                "00:1A:79:5F:28:84",
                "00:1A:79:EF:F7:94"
            ]
        },
        {
            "server_name": "humiptv.live:8080",
            "server_url": "http://humiptv.live:8080/c/",
            "macs": [
                "00:1A:79:28:7F:22",
                "00:1A:79:51:A0:83",
                "00:1A:79:73:79:CF"
            ]
        },
        {
            "server_name": "matrix-ott.tv:8080",
            "server_url": "http://matrix-ott.tv:8080/c/",
            "macs": [
                "00:1A:79:29:31:A9",
                "00:1A:79:2A:A7:C0",
                "00:1A:79:2A:D2:06",
                "00:1A:79:36:9F:E5",
                "00:1A:79:3B:49:5B",
                "00:1A:79:4E:2D:CF",
                "00:1A:79:55:0F:1A",
                "00:1A:79:5B:DC:47",
                "00:1A:79:5F:6C:64",
                "00:1A:79:60:A1:09",
                "00:1A:79:64:30:64",
                "00:1A:79:70:45:94",
                "00:1A:79:73:15:90",
                "00:1A:79:73:CE:D2",
                "00:1A:79:76:5B:D3",
                "00:1A:79:76:8C:DB",
                "00:1A:79:78:1D:C7",
                "00:1A:79:79:D1:6F",
                "00:1A:79:7A:74:73",
                "00:1A:79:8C:0B:79",
                "00:1A:79:91:C5:28",
                "00:1A:79:BC:2C:39",
                "00:1A:79:C3:78:D5",
                "00:1A:79:C5:A6:5A"
            ]
        }
    ]
}