{
    "items": [
        {
            "server_name": "letmein.fun:8080",
            "server_url": "http://letmein.fun:8080/c/",
            "macs": [
                "00:1A:79:18:3F:D1",
                "00:1A:79:20:5F:4B",
                "00:1A:79:44:03:23",
                "00:1A:79:45:D6:B4",
                "00:1A:79:48:EA:1E",
                "00:1A:79:4E:6C:9E",
                "00:1A:79:53:9F:C9",
                "00:1A:79:5C:44:88",
                "00:1A:79:5E:8B:4D",
                "00:1A:79:62:52:5E",
                "00:1A:79:63:AD:CD",
                "00:1A:79:64:BC:C0",
                "00:1A:79:9C:40:26",
                "00:1A:79:A1:C7:70",
                "00:1A:79:AE:50:F3",
                "00:1A:79:AE:79:5F",
                "00:1A:79:B6:8F:EA",
                "00:1A:79:B8:FE:77",
                "00:1A:79:BA:A7:65",
                "00:1A:79:BB:24:26",
                "00:1A:79:BD:95:2D",
                "00:1A:79:C6:B1:E5",
                "00:1A:79:C8:65:30",
                "00:1A:79:CB:A0:AE",
                "00:1A:79:E6:05:63"
            ]
        },
        {
            "server_name": "86964-prefer.ott-cdn.me",
            "server_url": "http://86964-prefer.ott-cdn.me/c/",
            "macs": [
                "00:1A:79:FB:3C:2E"
            ]
        },
        {
            "server_name": "89.45.13.201:8080",
            "server_url": "http://89.45.13.201:8080/c/",
            "macs": [
                "00:1A:79:00:0A:30"
            ]
        },
        {
            "server_name": "fireboy.firemanboss.org:80",
            "server_url": "http://fireboy.firemanboss.org:80/c/",
            "macs": [
                "00:1A:79:5C:1E:F4"
            ]
        },
        {
            "server_name": "portal.ramz123.xyz:8080",
            "server_url": "http://portal.ramz123.xyz:8080/c/",
            "macs": [
                "00:1A:79:A2:B5:19",
                "00:1A:79:AE:4C:82",
                "00:1A:79:AE:64:50",
                "00:1A:79:AE:A8:53"
            ]
        },
        {
            "server_name": "line.terratv.online",
            "server_url": "http://line.terratv.online/c/",
            "macs": [
                "00:1A:79:05:E5:6C",
                "00:1A:79:4F:43:94",
                "00:1A:79:75:9B:4D",
                "00:1A:79:77:1F:D4",
                "00:1A:79:8D:0C:46"
            ]
        },
        {
            "server_name": "line.rs6ott.com",
            "server_url": "http://line.rs6ott.com/c/",
            "macs": [
                "00:1A:79:0E:16:71",
                "00:1A:79:4A:B7:3B",
                "00:1A:79:F3:20:6B"
            ]
        }
    ]
}