{
    "items": [
        {
            "server_name": "12w1.top:8080",
            "server_url": "http://12w1.top:8080/c/",
            "macs": [
                "00:1A:79:A5:97:2D",
                "00:1A:79:AC:C9:E2",
                "00:1A:79:B9:A4:EF"
            ]
        },
        {
            "server_name": "62.210.147.14:8080",
            "server_url": "http://62.210.147.14:8080/c/",
            "macs": [
                "00:1A:79:AD:4A:2D"
            ]
        },
        {
            "server_name": "bardhi.xyz:2086",
            "server_url": "http://bardhi.xyz:2086/c/",
            "macs": [
                "00:1A:79:C5:53:E0",
                "00:1A:79:D6:D2:07"
            ]
        },
        {
            "server_name": "beta-pro.com:8000",
            "server_url": "http://beta-pro.com:8000/c/",
            "macs": [
                "00:1A:79:47:FC:A4"
            ]
        },
        {
            "server_name": "bosszx.bio:80",
            "server_url": "http://bosszx.bio:80/c/",
            "macs": [
                "00:1A:79:23:8E:E9",
                "00:1A:79:2A:41:C7",
                "00:1A:79:30:48:07",
                "00:1A:79:32:A6:69",
                "00:1A:79:4F:34:92",
                "00:1A:79:54:52:FA",
                "00:1A:79:69:53:A3",
                "00:1A:79:BA:0B:81",
                "00:1A:79:BB:F9:11"
            ]
        },
        {
            "server_name": "br0ss.xyz:8090",
            "server_url": "http://br0ss.xyz:8090/c/",
            "macs": [
                "00:1A:79:A2:F8:29"
            ]
        },
        {
            "server_name": "chtv.life:8080",
            "server_url": "http://chtv.life:8080/c/",
            "macs": [
                "00:1A:79:8F:BB:3E"
            ]
        },
        {
            "server_name": "darkpower.art:8080",
            "server_url": "http://darkpower.art:8080/c/",
            "macs": [
                "00:1A:79:53:9F:52"
            ]
        },
        {
            "server_name": "opanak.xyz",
            "server_url": "http://opanak.xyz/c/",
            "macs": [
                "00:1A:79:99:10:30"
            ]
        },
        {
            "server_name": "nas.bordo1453.be",
            "server_url": "http://nas.bordo1453.be/c/",
            "macs": [
                "00:1A:79:31:7D:12"
            ]
        },
        {
            "server_name": "1sc33n.com:8000",
            "server_url": "http://1sc33n.com:8000/c/",
            "macs": [
                "00:1A:79:35:3B:1F",
                "00:1A:79:3B:6E:3B",
                "00:1A:79:41:78:50",
                "00:1A:79:43:34:CC",
                "00:1A:79:54:72:37",
                "00:1A:79:5B:92:63",
                "00:1A:79:5F:7B:91",
                "00:1A:79:77:38:43",
                "00:1A:79:AD:E7:3B",
                "00:1A:79:AD:E7:5A",
                "00:1A:79:B2:23:C7",
                "00:1A:79:BB:20:39",
                "00:1A:79:BB:20:CF",
                "00:1A:79:C4:07:7F",
                "00:1A:79:C6:B1:5D",
                "00:1A:79:C7:D8:2E"
            ]
        },
        {
            "server_name": "6a6b6.com",
            "server_url": "http://6a6b6.com/c/",
            "macs": [
                "00:1A:79:0A:7F:8A",
                "00:1A:79:20:7F:66",
                "00:1A:79:26:BF:E7",
                "00:1A:79:30:8F:A9",
                "00:1A:79:41:FB:A3",
                "00:1A:79:D4:1F:4B",
                "00:1A:79:D6:3F:AE",
                "00:1A:79:F9:7F:2E"
            ]
        },
        {
            "server_name": "001004.eu:8080",
            "server_url": "http://001004.eu:8080/c/",
            "macs": [
                "00:1A:79:A2:6E:8E",
                "00:1A:79:A4:43:0C",
                "00:1A:79:A5:2D:A0",
                "00:1A:79:A5:9A:93",
                "00:1A:79:A5:D9:17",
                "00:1A:79:A7:B3:95",
                "00:1A:79:A7:C2:05",
                "00:1A:79:A9:E5:9D",
                "00:1A:79:AA:B1:D6",
                "00:1A:79:AB:3A:FB",
                "00:1A:79:AB:46:A4",
                "00:1A:79:AB:B4:5F",
                "00:1A:79:AC:D1:0F",
                "00:1A:79:AD:36:09",
                "00:1A:79:AD:A0:55",
                "00:1A:79:AE:1E:F2",
                "00:1A:79:AE:44:0F"
            ]
        },
        {
            "server_name": "dragoniptvpro.club",
            "server_url": "http://dragoniptvpro.club/c/",
            "macs": [
                "00:1A:79:01:08:EF",
                "00:1A:79:1A:0B:02",
                "00:1A:79:21:B3:0F",
                "00:1A:79:2B:AF:A1",
                "00:1A:79:31:9F:BE",
                "00:1A:79:3D:6F:78",
                "00:1A:79:45:78:55",
                "00:1A:79:46:84:74",
                "00:1A:79:53:D3:E5",
                "00:1A:79:55:28:FA",
                "00:1A:79:55:9F:63",
                "00:1A:79:57:63:16",
                "00:1A:79:5A:3A:69",
                "00:1A:79:5D:7F:D6",
                "00:1A:79:64:6B:8B",
                "00:1A:79:72:F6:0A",
                "00:1A:79:74:DB:7D",
                "00:1A:79:7A:9F:E9",
                "00:1A:79:89:1B:98",
                "00:1A:79:8B:BD:FB",
                "00:1A:79:8D:3C:55",
                "00:1A:79:A3:6D:2E",
                "00:1A:79:A6:DD:51",
                "00:1A:79:AF:67:1F",
                "00:1A:79:B4:71:69",
                "00:1A:79:B8:A5:BE",
                "00:1A:79:C8:C6:3F",
                "00:1A:79:D5:11:CE",
                "00:1A:79:DF:DD:A5",
                "00:1A:79:E0:9C:53",
                "00:1A:79:F0:EA:F7",
                "00:1A:79:F6:78:AF"
            ]
        },
        {
            "server_name": "eljawda.net:88",
            "server_url": "http://eljawda.net:88/c/",
            "macs": [
                "00:1A:79:47:50:FA"
            ]
        },
        {
            "server_name": "vip.mediptv.com:9090",
            "server_url": "http://vip.mediptv.com:9090/c/",
            "macs": [
                "00:1A:79:BB:3D:36"
            ]
        },
        {
            "server_name": "sonymax.org:8080",
            "server_url": "http://sonymax.org:8080/c/",
            "macs": [
                "00:1A:79:90:32:65"
            ]
        },
        {
            "server_name": "portal.ramz123.xyz:8080",
            "server_url": "http://portal.ramz123.xyz:8080/c/",
            "macs": [
                "00:1A:79:AB:6C:26"
            ]
        },
        {
            "server_name": "ip.sltv.xyz:8080",
            "server_url": "http://ip.sltv.xyz:8080/c/",
            "macs": [
                "00:1A:79:02:68:55",
                "00:1A:79:03:24:13",
                "00:1A:79:3A:DC:1B",
                "00:1A:79:4B:68:87",
                "00:1A:79:4C:2B:03",
                "00:1A:79:4C:6A:9E",
                "00:1A:79:5E:2A:8A",
                "00:1A:79:5E:E3:ED",
                "00:1A:79:63:A3:A7",
                "00:1A:79:BA:AB:B6",
                "00:1A:79:D9:4F:CB"
            ]
        }
    ]
}