{
    "items": [
        {
            "server_name": "hd-max.org:8080",
            "server_url": "http://hd-max.org:8080/c/",
            "macs": [
                "00:1A:79:05:8C:79",
                "00:1A:79:18:23:61",
                "00:1A:79:1C:13:8A",
                "00:1A:79:31:B4:D3",
                "00:1A:79:43:8D:F4",
                "00:1A:79:4F:63:2D",
                "00:1A:79:54:68:22",
                "00:1A:79:55:BB:A5",
                "00:1A:79:56:38:38",
                "00:1A:79:5F:31:76",
                "00:1A:79:68:EF:63",
                "00:1A:79:71:60:71",
                "00:1A:79:72:1A:B8",
                "00:1A:79:7A:0C:31",
                "00:1A:79:8A:80:6A",
                "00:1A:79:AD:9F:D1",
                "00:1A:79:B2:0F:DA",
                "00:1A:79:B6:CD:F7",
                "00:1A:79:C6:A8:07",
                "00:1A:79:F5:06:91"
            ]
        },
        {
            "server_name": "promaxhd.com:8080",
            "server_url": "http://promaxhd.com:8080/c/",
            "macs": [
                "00:1A:79:4C:8E:61",
                "00:1A:79:7B:54:63",
                "00:1A:79:B5:72:D6",
                "00:1A:79:BD:5B:70"
            ]
        },
        {
            "server_name": "invincibletv.online:8080",
            "server_url": "http://invincibletv.online:8080/c/",
            "macs": [
                "00:1A:79:00:76:62",
                "00:1A:79:21:03:0E"
            ]
        },
        {
            "server_name": "mag.bee-ott.com",
            "server_url": "http://mag.bee-ott.com/c/",
            "macs": [
                "00:1A:79:9D:ED:94",
                "00:1A:79:C7:0F:A7",
                "00:1A:79:D9:B5:1F"
            ]
        },
        {
            "server_name": "vipavrasya.tv:15000",
            "server_url": "http://vipavrasya.tv:15000/c/",
            "macs": [
                "00:1A:79:4A:49:ED"
            ]
        },
        {
            "server_name": "5.206.227.184:8080",
            "server_url": "http://5.206.227.184:8080/c/",
            "macs": [
                "00:1A:79:5C:99:43",
                "00:1A:79:B3:20:CB",
                "00:1A:79:D4:7F:DA"
            ]
        },
        {
            "server_name": "185.182.193.55:80",
            "server_url": "http://185.182.193.55:80/c/",
            "macs": [
                "00:1A:79:1F:A3:BC",
                "00:1A:79:A2:70:1F"
            ]
        },
        {
            "server_name": "mag.bmwpower2022.com:80",
            "server_url": "http://mag.bmwpower2022.com:80/c/",
            "macs": [
                "00:1A:79:00:0D:67"
            ]
        },
        {
            "server_name": "zupanet.live:8080",
            "server_url": "http://zupanet.live:8080/c/",
            "macs": [
                "00:1A:79:42:D8:21",
                "00:1A:79:47:8A:99",
                "00:1A:79:4D:52:91",
                "00:1A:79:55:57:2F",
                "00:1A:79:7C:0C:C7",
                "00:1A:79:7F:49:0F",
                "00:1A:79:B3:62:E5",
                "00:1A:79:C8:3C:EA",
                "00:1A:79:EE:6C:48"
            ]
        },
        {
            "server_name": "catenaclub.live:8090",
            "server_url": "http://catenaclub.live:8090/c/",
            "macs": [
                "00:1A:79:35:9F:0E"
            ]
        },
        {
            "server_name": "jb.worldip.nl:80",
            "server_url": "http://jb.worldip.nl:80/c/",
            "macs": [
                "00:1A:79:A6:80:4F"
            ]
        },
        {
            "server_name": "portal.ramz123.xyz:8080",
            "server_url": "http://portal.ramz123.xyz:8080/c/",
            "macs": [
                "00:1A:79:A4:44:07",
                "00:1A:79:AE:22:16"
            ]
        },
        {
            "server_name": "m.xp1.tv:80",
            "server_url": "http://m.xp1.tv:80/c/",
            "macs": [
                "00:1A:79:AE:8A:A3"
            ]
        },
        {
            "server_name": "193.109.136.14:9898",
            "server_url": "http://193.109.136.14:9898/c/",
            "macs": [
                "00:1A:79:52:2C:BC",
                "00:1A:79:AE:00:2D",
                "00:1A:79:AE:64:50"
            ]
        },
        {
            "server_name": "mag.ezeiptv.itv.world:80",
            "server_url": "http://mag.ezeiptv.itv.world:80/c/",
            "macs": [
                "00:1A:79:58:15:0C",
                "00:1A:79:58:15:18",
                "00:1A:79:66:4E:94"
            ]
        },
        {
            "server_name": "kapak.plustvmedia.com",
            "server_url": "http://kapak.plustvmedia.com/c/",
            "macs": [
                "00:1A:79:00:8B:C5",
                "00:1A:79:3A:2D:E6",
                "00:1A:79:45:0F:A8",
                "00:1A:79:A3:6B:15",
                "00:1A:79:D2:21:E3",
                "00:1A:79:D6:6F:45"
            ]
        },
        {
            "server_name": "marvelhd.eu:8080",
            "server_url": "http://marvelhd.eu:8080/c/",
            "macs": [
                "00:1A:79:23:EF:2B",
                "00:1A:79:2A:D3:88",
                "00:1A:79:3B:72:DC",
                "00:1A:79:3D:89:07",
                "00:1A:79:42:8D:A6",
                "00:1A:79:48:D4:54",
                "00:1A:79:4D:A1:2D",
                "00:1A:79:57:A3:99",
                "00:1A:79:A2:0C:08",
                "00:1A:79:A2:33:AD",
                "00:1A:79:A3:90:BC",
                "00:1A:79:A4:F9:28",
                "00:1A:79:A7:02:D1",
                "00:1A:79:A7:A1:03",
                "00:1A:79:A9:BE:22",
                "00:1A:79:AA:B8:00",
                "00:1A:79:AB:5E:8B",
                "00:1A:79:AB:8C:0E",
                "00:1A:79:AD:D9:4C",
                "00:1A:79:AD:EB:53",
                "00:1A:79:AE:00:23",
                "00:1A:79:BF:62:D1"
            ]
        },
        {
            "server_name": "watch.push4k.tv",
            "server_url": "http://watch.push4k.tv/stalker_portal/c/",
            "macs": [
                "00:1A:79:00:00:99",
                "00:1A:79:00:0F:94",
                "00:1A:79:00:1A:24",
                "00:1A:79:00:29:F8",
                "00:1A:79:00:37:E2",
                "00:1A:79:04:EE:CF",
                "00:1A:79:06:8F:58",
                "00:1A:79:0A:67:ED",
                "00:1A:79:13:BB:73",
                "00:1A:79:40:83:4A",
                "00:1A:79:40:F1:E7",
                "00:1A:79:41:43:D1",
                "00:1A:79:49:1F:8D",
                "00:1A:79:49:20:32",
                "00:1A:79:4A:AF:74",
                "00:1A:79:54:19:A1",
                "00:1A:79:57:E4:7C",
                "00:1A:79:58:6E:82",
                "00:1A:79:5C:7C:83",
                "00:1A:79:63:41:4F",
                "00:1A:79:63:A0:B0",
                "00:1A:79:64:B5:48",
                "00:1A:79:66:85:41",
                "00:1A:79:68:FA:6E",
                "00:1A:79:6A:08:79",
                "00:1A:79:6A:99:46",
                "00:1A:79:72:0E:75",
                "00:1A:79:72:E2:8B",
                "00:1A:79:73:75:66",
                "00:1A:79:80:A9:27",
                "00:1A:79:A2:D1:48",
                "00:1A:79:E9:79:62",
                "00:1A:79:FB:1D:6C"
            ]
        },
        {
            "server_name": "hbio.live:80",
            "server_url": "http://hbio.live:80/c/",
            "macs": [
                "00:1A:79:32:5F:89",
                "00:1A:79:54:7B:FD",
                "00:1A:79:5D:7F:62",
                "00:1A:79:61:67:8F",
                "00:1A:79:6D:B3:AD",
                "00:1A:79:6F:1A:CE",
                "00:1A:79:AE:11:80",
                "00:1A:79:AF:10:9B",
                "00:1A:79:B6:70:2F",
                "00:1A:79:B6:90:96",
                "00:1A:79:B8:AA:33",
                "00:1A:79:C4:7F:77"
            ]
        },
        {
            "server_name": "sidflix.com",
            "server_url": "http://sidflix.com/c/",
            "macs": [
                "00:1A:79:10:12:68",
                "00:1A:79:51:64:D8",
                "00:1A:79:58:FE:22",
                "00:1A:79:B4:F0:76",
                "00:1A:79:C2:E4:B8"
            ]
        },
        {
            "server_name": "51.89.96.89:8080",
            "server_url": "http://51.89.96.89:8080/c/",
            "macs": [
                "00:1A:79:3C:85:57"
            ]
        },
        {
            "server_name": "washerorg.h1ott.com:80",
            "server_url": "http://washerorg.h1ott.com:80/c/",
            "macs": [
                "00:1A:79:63:98:CF",
                "00:1A:79:6B:4E:09",
                "00:1A:79:6E:CF:7B",
                "00:1A:79:78:1F:28",
                "00:1A:79:A1:29:4C",
                "00:1A:79:BB:6C:9B",
                "00:1A:79:C0:06:D7",
                "00:1A:79:C1:97:41"
            ]
        },
        {
            "server_name": "protv.fun:80",
            "server_url": "http://protv.fun:80/c/",
            "macs": [
                "00:1A:79:43:C2:D5"
            ]
        },
        {
            "server_name": "asterix-iptv.club:25461",
            "server_url": "http://asterix-iptv.club:25461/c/",
            "macs": [
                "00:1A:79:48:E0:7B"
            ]
        },
        {
            "server_name": "zdravahrana.dyndns.info:8081",
            "server_url": "http://zdravahrana.dyndns.info:8081/c/",
            "macs": [
                "00:1A:79:01:91:DB",
                "00:1A:79:14:46:4C",
                "00:1A:79:6B:0D:E9",
                "00:1A:79:B7:49:33",
                "00:1A:79:DD:D7:84"
            ]
        },
        {
            "server_name": "king.viviotv.xyz",
            "server_url": "http://king.viviotv.xyz/c/",
            "macs": [
                "00:1A:79:0B:8A:E6",
                "00:1A:79:1B:94:18",
                "00:1A:79:1C:10:C5",
                "00:1A:79:20:BD:C1",
                "00:1A:79:2D:F4:5D",
                "00:1A:79:33:16:F7",
                "00:1A:79:4F:33:40",
                "00:1A:79:51:48:55",
                "00:1A:79:52:84:5D",
                "00:1A:79:5E:3B:8E",
                "00:1A:79:62:05:FB",
                "00:1A:79:62:9D:10",
                "00:1A:79:62:B2:EE",
                "00:1A:79:64:EE:4B",
                "00:1A:79:73:0C:7D",
                "00:1A:79:75:D4:11",
                "00:1A:79:76:6F:08",
                "00:1A:79:77:DA:4F",
                "00:1A:79:79:72:22",
                "00:1A:79:97:13:D2",
                "00:1A:79:A6:63:28",
                "00:1A:79:A8:F3:53",
                "00:1A:79:AF:19:23",
                "00:1A:79:B2:6F:9D",
                "00:1A:79:B6:80:93",
                "00:1A:79:BA:19:B7",
                "00:1A:79:C1:3F:F5",
                "00:1A:79:C7:6B:4B",
                "00:1A:79:D5:76:68",
                "00:1A:79:E5:B0:74",
                "00:1A:79:E6:6D:E9",
                "00:1A:79:E7:13:47"
            ]
        },
        {
            "server_name": "nex.4k-iptv.net:80",
            "server_url": "http://nex.4k-iptv.net:80/c/",
            "macs": [
                "00:1A:79:1C:15:62",
                "00:1A:79:28:1F:91",
                "00:1A:79:43:5B:C0",
                "00:1A:79:44:EE:68",
                "00:1A:79:56:AA:67",
                "00:1A:79:8B:3B:BF",
                "00:1A:79:A1:76:31",
                "00:1A:79:C3:2C:22"
            ]
        },
        {
            "server_name": "mol-2.com:8080",
            "server_url": "http://mol-2.com:8080/c/",
            "macs": [
                "00:1A:79:0C:9F:D4",
                "00:1A:79:22:1B:00",
                "00:1A:79:22:1E:BD",
                "00:1A:79:35:9D:92",
                "00:1A:79:38:B5:E6",
                "00:1A:79:52:5F:54",
                "00:1A:79:56:4E:AF",
                "00:1A:79:5E:57:47",
                "00:1A:79:61:EC:63",
                "00:1A:79:61:FD:6B",
                "00:1A:79:A6:1F:68",
                "00:1A:79:A7:CB:4D",
                "00:1A:79:A7:D2:2B",
                "00:1A:79:AD:69:19",
                "00:1A:79:AD:EC:DB",
                "00:1A:79:B0:C8:78",
                "00:1A:79:B2:31:F6",
                "00:1A:79:B2:4D:C4",
                "00:1A:79:B3:9A:5B",
                "00:1A:79:B4:41:12",
                "00:1A:79:B7:8F:4B",
                "00:1A:79:BA:1D:6E",
                "00:1A:79:BA:1F:77",
                "00:1A:79:BB:23:E9",
                "00:1A:79:BD:57:20",
                "00:1A:79:BF:64:F2",
                "00:1A:79:BF:7D:B0",
                "00:1A:79:BF:BD:33",
                "00:1A:79:C3:B8:88",
                "00:1A:79:C5:51:BE",
                "00:1A:79:C5:B8:D1",
                "00:1A:79:C5:C8:77",
                "00:1A:79:C7:BE:FB",
                "00:1A:79:D2:20:DA",
                "00:1A:79:FA:09:E3"
            ]
        },
        {
            "server_name": "dhoom4u.me",
            "server_url": "http://dhoom4u.me/stalker_portal/c/",
            "macs": [
                "00:1A:79:5F:1F:15"
            ]
        },
        {
            "server_name": "35209.xyz:8080",
            "server_url": "http://35209.xyz:8080/c/",
            "macs": [
                "00:1A:79:88:BE:9D",
                "00:1A:79:C1:DA:D6",
                "00:1A:79:E5:69:F3",
                "00:1A:79:E9:DF:8C"
            ]
        },
        {
            "server_name": "tractcountremote.h1ott.com",
            "server_url": "http://tractcountremote.h1ott.com/c/",
            "macs": [
                "00:1A:79:0E:EF:E6",
                "00:1A:79:2D:D9:1E",
                "00:1A:79:41:6A:75",
                "00:1A:79:76:87:B3",
                "00:1A:79:C3:24:15"
            ]
        },
        {
            "server_name": "streamcode.one:2082",
            "server_url": "http://streamcode.one:2082/c/",
            "macs": [
                "00:1A:79:5C:96:E4"
            ]
        },
        {
            "server_name": "ptv.darktv.nl:80",
            "server_url": "http://ptv.darktv.nl:80/c/",
            "macs": [
                "00:1A:79:03:8F:D2"
            ]
        },
        {
            "server_name": "iotv.darktv.eu:80",
            "server_url": "http://iotv.darktv.eu:80/c/",
            "macs": [
                "00:1A:79:01:9E:74",
                "00:1A:79:19:41:07",
                "00:1A:79:56:1F:B2",
                "00:1A:79:C8:4F:E8",
                "00:1A:79:D0:45:C6"
            ]
        },
        {
            "server_name": "live.lynxiptv.xyz",
            "server_url": "http://live.lynxiptv.xyz/c/",
            "macs": [
                "00:1A:79:A9:44:25"
            ]
        }
    ]
}