{
    "items": [
        {
            "server_name": "spainott.site",
            "server_url": "http://spainott.site/c/",
            "macs": [
                "00:1A:79:21:0F:32",
                "00:1A:79:31:AD:55",
                "00:1A:79:4D:88:AE",
                "00:1A:79:72:35:D9",
                "00:1A:79:75:BD:C5",
                "00:1A:79:A4:7A:32",
                "00:1A:79:B7:31:1E",
                "00:1A:79:FC:06:F9"
            ]
        },
        {
            "server_name": "nex.4k-iptv.net:80",
            "server_url": "http://nex.4k-iptv.net:80/c/",
            "macs": [
                "00:1A:79:6D:50:20",
                "00:1A:79:6E:C9:DA",
                "00:1A:79:9B:80:42"
            ]
        },
        {
            "server_name": "5giptv.me:8880",
            "server_url": "http://5giptv.me:8880/c/",
            "macs": [
                "00:1A:79:00:00:00",
                "00:1A:79:37:43:D6",
                "00:1A:79:3E:77:9E",
                "00:1A:79:4B:DE:3C",
                "00:1A:79:5E:61:80"
            ]
        },
        {
            "server_name": "backup.xp1.tv",
            "server_url": "http://backup.xp1.tv/c/",
            "macs": [
                "00:1A:79:03:1E:8F",
                "00:1A:79:11:0F:D8",
                "00:1A:79:22:02:02",
                "00:1A:79:51:5F:A1",
                "00:1A:79:64:DD:C4",
                "00:1A:79:C4:05:00",
                "00:1A:79:C4:0A:CF",
                "00:1A:79:C7:ED:A3"
            ]
        }
    ]
}