{
    "items": [
        {
            "server_name": "145.239.198.16",
            "server_url": "http://145.239.198.16/stalker_portal/c/",
            "macs": [
                "00:1A:79:6B:D0:F2"
            ]
        },
        {
            "server_name": "tvclub.pro",
            "server_url": "http://tvclub.pro/c/",
            "macs": [
                "00:1A:79:16:80:3E",
                "00:1A:79:49:F7:0B",
                "00:1A:79:58:95:BF",
                "00:1A:79:66:BB:34"
            ]
        },
        {
            "server_name": "tr.redatvgold.com",
            "server_url": "http://tr.redatvgold.com/c/",
            "macs": [
                "00:1A:79:44:31:81",
                "00:1A:79:4A:D4:BC",
                "00:1A:79:A8:2D:2E",
                "00:1A:79:AF:C0:D3",
                "00:1A:79:B1:10:A8",
                "00:1A:79:B4:A0:DF"
            ]
        },
        {
            "server_name": "amepz.xyz:8080",
            "server_url": "http://amepz.xyz:8080/c/",
            "macs": [
                "00:1A:79:B0:46:87"
            ]
        },
        {
            "server_name": "bilbao213.xyz",
            "server_url": "http://bilbao213.xyz/c/",
            "macs": [
                "00:1A:79:A8:4D:1C",
                "00:1A:79:AC:E5:D2"
            ]
        },
        {
            "server_name": "euromagictv.live:8080",
            "server_url": "http://euromagictv.live:8080/c/",
            "macs": [
                "00:1A:79:AF:00:53"
            ]
        },
        {
            "server_name": "ip.sltv.xyz:8080",
            "server_url": "http://ip.sltv.xyz:8080/c/",
            "macs": [
                "00:1A:79:2D:21:42",
                "00:1A:79:3B:06:58",
                "00:1A:79:4C:0D:72",
                "00:1A:79:56:BC:C7",
                "00:1A:79:56:C5:82",
                "00:1A:79:59:51:AA",
                "00:1A:79:7A:A7:3A",
                "00:1A:79:A3:00:78",
                "00:1A:79:B3:A3:46",
                "00:1A:79:BA:B0:56",
                "00:1A:79:BE:76:02",
                "00:1A:79:D6:B6:DB",
                "00:1A:79:F7:9F:C5"
            ]
        }
    ]
}