{
    "items": [
        {
            "server_name": "has.mastergold.co.uk:80",
            "server_url": "http://has.mastergold.co.uk:80/c/",
            "macs": [
                "00:1A:79:9F:5E:47",
                "00:1A:79:E6:08:60"
            ]
        },
        {
            "server_name": "odm391.xyz",
            "server_url": "http://odm391.xyz/c/",
            "macs": [
                "00:1A:79:56:CE:40",
                "00:1A:79:62:23:C8",
                "00:1A:79:64:F9:8D",
                "00:1A:79:75:16:99",
                "00:1A:79:77:A1:9E"
            ]
        },
        {
            "server_name": "hd-max.org:8080",
            "server_url": "http://hd-max.org:8080/c/",
            "macs": [
                "00:1A:79:18:A5:29",
                "00:1A:79:31:72:04",
                "00:1A:79:58:8B:34",
                "00:1A:79:79:6A:55",
                "00:1A:79:7B:7A:AA",
                "00:1A:79:82:FD:53",
                "00:1A:79:8A:94:BB",
                "00:1A:79:90:B9:7E",
                "00:1A:79:AB:91:92",
                "00:1A:79:F5:08:AF"
            ]
        },
        {
            "server_name": "tv.cloudcdn.me:80",
            "server_url": "http://tv.cloudcdn.me:80/c/",
            "macs": [
                "00:1A:79:0E:F7:BA",
                "00:1A:79:10:1B:23",
                "00:1A:79:33:E7:E4",
                "00:1A:79:6C:30:BB",
                "00:1A:79:A5:D6:1E",
                "00:1A:79:AB:E0:06",
                "00:1A:79:AF:A0:A9",
                "00:1A:79:C4:05:62"
            ]
        },
        {
            "server_name": "magm1giillmig.funtogether.xyz:8080",
            "server_url": "http://magm1giillmig.funtogether.xyz:8080/c/",
            "macs": [
                "00:1A:79:43:BB:DA",
                "00:1A:79:43:BC:B3",
                "00:1A:79:43:DD:FB",
                "00:1A:79:43:DE:BE",
                "00:1A:79:43:E0:FC"
            ]
        },
        {
            "server_name": "promaxhd.com:8080",
            "server_url": "http://promaxhd.com:8080/c/",
            "macs": [
                "00:1A:79:3A:D8:E8",
                "00:1A:79:43:E6:F6",
                "00:1A:79:77:3C:9F",
                "00:1A:79:7E:69:CD",
                "00:1A:79:DB:46:D7"
            ]
        },
        {
            "server_name": "mag.trexlive.me:80",
            "server_url": "http://mag.trexlive.me:80/c/",
            "macs": [
                "00:1A:79:00:B5:10",
                "00:1A:79:02:04:4A",
                "00:1A:79:06:7C:BB",
                "00:1A:79:08:1B:78",
                "00:1A:79:08:2A:54",
                "00:1A:79:10:89:0A",
                "00:1A:79:10:89:31",
                "00:1A:79:10:89:34",
                "00:1A:79:10:89:3F",
                "00:1A:79:10:89:55",
                "00:1A:79:10:89:BC",
                "00:1A:79:10:89:BF",
                "00:1A:79:20:1A:B0",
                "00:1A:79:20:2A:67",
                "00:1A:79:20:5A:EF",
                "00:1A:79:20:7B:74",
                "00:1A:79:24:76:75",
                "00:1A:79:24:76:BB",
                "00:1A:79:2D:01:74",
                "00:1A:79:2D:42:D4",
                "00:1A:79:37:8F:E4",
                "00:1A:79:40:0B:AA",
                "00:1A:79:40:2B:EC",
                "00:1A:79:42:AC:05",
                "00:1A:79:42:CC:CD",
                "00:1A:79:44:16:0A",
                "00:1A:79:4A:18:52",
                "00:1A:79:4A:18:B8",
                "00:1A:79:4C:C9:8A",
                "00:1A:79:4D:12:15",
                "00:1A:79:4F:D0:5D",
                "00:1A:79:4F:D0:7B",
                "00:1A:79:4F:F3:62",
                "00:1A:79:57:8E:9A",
                "00:1A:79:57:9E:20",
                "00:1A:79:57:9E:81",
                "00:1A:79:59:8D:96",
                "00:1A:79:64:FA:1B",
                "00:1A:79:66:0C:3C",
                "00:1A:79:68:7A:2D",
                "00:1A:79:6D:CF:86",
                "00:1A:79:6D:EE:A6",
                "00:1A:79:92:20:77",
                "00:1A:79:A2:89:28",
                "00:1A:79:B4:B7:77",
                "00:1A:79:B4:C7:A9",
                "00:1A:79:B4:F7:A8",
                "00:1A:79:B4:F7:C6",
                "00:1A:79:BA:C9:13",
                "00:1A:79:C5:8F:1E",
                "00:1A:79:D0:EC:42",
                "00:1A:79:D0:EC:44",
                "00:1A:79:F0:04:07",
                "00:1A:79:F0:04:80"
            ]
        }
    ]
}