{
    "items": [
        {
            "server_name": "appearmixer.maxott.me",
            "server_url": "http://appearmixer.maxott.me/c/",
            "macs": [
                "00:1A:79:10:12:68",
                "00:1A:79:51:64:D8",
                "00:1A:79:58:FE:22"
            ]
        },
        {
            "server_name": "tipxpto.club:8080",
            "server_url": "http://tipxpto.club:8080/c/",
            "macs": [
                "00:1A:79:A7:9D:D2",
                "00:1A:79:A9:1F:E6",
                "00:1A:79:C1:A1:86",
                "00:1A:79:C6:A6:3B",
                "00:1A:79:CB:57:DE"
            ]
        },
        {
            "server_name": "portal.magic8kip.tv:80",
            "server_url": "http://portal.magic8kip.tv:80/c/",
            "macs": [
                "00:1A:79:34:32:37",
                "00:1A:79:36:E4:A5",
                "00:1A:79:3D:41:05"
            ]
        },
        {
            "server_name": "sidflix.com",
            "server_url": "http://sidflix.com/c/",
            "macs": [
                "00:1A:79:CC:46:75"
            ]
        },
        {
            "server_name": "king4k.tv:80",
            "server_url": "http://king4k.tv:80/c/",
            "macs": [
                "00:1A:79:7A:B3:97"
            ]
        },
        {
            "server_name": "watch.x-iptv.live:80",
            "server_url": "http://watch.x-iptv.live:80/c/",
            "macs": [
                "00:1A:79:D1:28:32"
            ]
        },
        {
            "server_name": "sutjeskaonline.net:8000",
            "server_url": "http://sutjeskaonline.net:8000/c/",
            "macs": [
                "00:1A:79:5D:ED:C3",
                "00:1A:79:C1:DC:2F"
            ]
        }
    ]
}