{
    "items": [
        {
            "server_name": "stalker.ugoiptv.com",
            "server_url": "http://stalker.ugoiptv.com/c/",
            "macs": [
                "00:1A:79:77:DD:F3",
                "00:1A:79:CC:0D:74"
            ]
        },
        {
            "server_name": "innovationpro.nl:80",
            "server_url": "http://innovationpro.nl:80/c/",
            "macs": [
                "00:1A:79:14:6F:8F",
                "00:1A:79:44:AA:D9",
                "00:1A:79:7B:20:37",
                "00:1A:79:B3:2A:E3",
                "00:1A:79:BB:51:8B",
                "00:1A:79:BD:F3:75",
                "00:1A:79:C1:AE:48",
                "00:1A:79:EE:68:0A",
                "00:1A:79:F5:2E:51"
            ]
        },
        {
            "server_name": "185.104.63.189:8000",
            "server_url": "http://185.104.63.189:8000/c/",
            "macs": [
                "00:1A:79:57:38:F6",
                "00:1A:79:A7:D4:B8"
            ]
        },
        {
            "server_name": "nightmare-tv.xyz:8080",
            "server_url": "http://nightmare-tv.xyz:8080/c/",
            "macs": [
                "00:1A:79:01:6E:C4",
                "00:1A:79:08:42:A7",
                "00:1A:79:08:48:F6",
                "00:1A:79:08:4E:FA",
                "00:1A:79:08:51:DD",
                "00:1A:79:08:EF:1F",
                "00:1A:79:70:34:9C",
                "00:1A:79:A0:E5:C2",
                "00:1A:79:A0:FD:5C",
                "00:1A:79:AA:5B:9A",
                "00:1A:79:B9:0A:87",
                "00:1A:79:C2:7C:BF"
            ]
        },
        {
            "server_name": "backup.xp1.tv",
            "server_url": "http://backup.xp1.tv/c/",
            "macs": [
                "00:1A:79:47:9B:AF",
                "00:1A:79:A3:C1:9D"
            ]
        },
        {
            "server_name": "51.91.57.198",
            "server_url": "http://51.91.57.198/stalker_portal/c/",
            "macs": [
                "00:1A:79:00:00:00",
                "00:1A:79:0D:FD:61",
                "00:1A:79:2B:99:71",
                "00:1A:79:32:5F:C3",
                "00:1A:79:53:EC:3B",
                "00:1A:79:58:38:63",
                "00:1A:79:63:89:53",
                "00:1A:79:6E:64:68",
                "00:1A:79:AF:73:7B",
                "00:1A:79:C1:E5:29"
            ]
        },
        {
            "server_name": "live.play4k.fun",
            "server_url": "http://live.play4k.fun/stalker_portal/c/",
            "macs": [
                "00:1A:79:3E:61:80",
                "00:1A:79:65:06:C8",
                "00:1A:79:6F:B6:E8",
                "00:1A:79:BC:B0:B7"
            ]
        },
        {
            "server_name": "iptv.jinbox.eu",
            "server_url": "http://iptv.jinbox.eu/c/",
            "macs": [
                "00:1A:79:21:0C:33",
                "00:1A:79:32:63:5F",
                "00:1A:79:50:2E:E9",
                "00:1A:79:51:E3:1B",
                "00:1A:79:62:C3:7C",
                "00:1A:79:90:96:F6",
                "00:1A:79:A1:85:E3",
                "00:1A:79:A2:6F:DB",
                "00:1A:79:B6:4F:1E",
                "00:1A:79:BA:51:2B",
                "00:1A:79:C2:8C:38",
                "00:1A:79:ED:32:A7"
            ]
        },
        {
            "server_name": "001004.eu:8080",
            "server_url": "http://001004.eu:8080/c/",
            "macs": [
                "00:1A:79:A3:FE:56",
                "00:1A:79:A7:AB:65",
                "00:1A:79:A7:D8:7A",
                "00:1A:79:AC:C5:59",
                "00:1A:79:AD:39:0B",
                "00:1A:79:AD:A0:B1",
                "00:1A:79:AD:AA:4B",
                "00:1A:79:AF:63:7C",
                "00:1A:79:AF:64:41",
                "00:1A:79:B0:B5:E0",
                "00:1A:79:B8:7E:3D",
                "00:1A:79:B9:00:03",
                "00:1A:79:BB:38:4A",
                "00:1A:79:BD:4B:7D"
            ]
        }
    ]
}