{
    "items": [
        {
            "server_name": "dmtn.tv:8080",
            "server_url": "http://dmtn.tv:8080/c/",
            "macs": [
                "00:1A:79:09:A7:76",
                "00:1A:79:3F:2E:42",
                "00:1A:79:4C:1C:96",
                "00:1A:79:51:73:7C",
                "00:1A:79:58:60:F6",
                "00:1A:79:5A:44:85",
                "00:1A:79:5A:E0:F0",
                "00:1A:79:5E:43:78",
                "00:1A:79:6A:E8:12",
                "00:1A:79:6C:72:0E",
                "00:1A:79:73:14:6B"
            ]
        },
        {
            "server_name": "httpiptv.darktv.eu",
            "server_url": "http://httpiptv.darktv.eu/c/",
            "macs": [
                "00:1A:79:11:0F:AD",
                "00:1A:79:3A:41:0B",
                "00:1A:79:3B:27:4E",
                "00:1A:79:42:9A:EF",
                "00:1A:79:B8:7F:B9",
                "00:1A:79:B9:48:18",
                "00:1A:79:BD:94:4D"
            ]
        },
        {
            "server_name": "tvclub.pro",
            "server_url": "http://tvclub.pro/stalker_portal/c/",
            "macs": [
                "00:1A:79:64:07:DE",
                "00:1A:79:8C:09:80",
                "00:1A:79:A4:0E:51",
                "00:1A:79:B1:51:91",
                "00:1A:79:B1:57:21"
            ]
        },
        {
            "server_name": "149.5.173.64:8880",
            "server_url": "http://149.5.173.64:8880/c/",
            "macs": [
                "00:1A:79:BB:FA:F3"
            ]
        },
        {
            "server_name": "line.iseepremium.com:80",
            "server_url": "http://line.iseepremium.com:80/c/",
            "macs": [
                "00:1A:79:07:1E:76",
                "00:1A:79:0E:16:71",
                "00:1A:79:4A:B7:3B",
                "00:1A:79:B5:B2:02",
                "00:1A:79:F3:20:6B",
                "00:1A:79:F3:79:90"
            ]
        }
    ]
}