{
    "items": [
        {
            "server_name": "my1esilil.ddns.net:80",
            "server_url": "http://my1esilil.ddns.net:80/c/",
            "macs": [
                "00:1A:79:05:0C:F1",
                "00:1A:79:0D:77:8D",
                "00:1A:79:2B:91:65",
                "00:1A:79:3D:DC:F8",
                "00:1A:79:3F:AD:49",
                "00:1A:79:45:EB:ED",
                "00:1A:79:46:0A:47",
                "00:1A:79:4B:59:54",
                "00:1A:79:4E:2A:94",
                "00:1A:79:4F:C9:26",
                "00:1A:79:55:50:CE",
                "00:1A:79:59:92:4C",
                "00:1A:79:5C:99:F2",
                "00:1A:79:6E:22:8F",
                "00:1A:79:83:51:DE",
                "00:1A:79:A3:CC:34",
                "00:1A:79:A9:D2:C4",
                "00:1A:79:A9:E5:45",
                "00:1A:79:AA:32:FA",
                "00:1A:79:AA:3B:72",
                "00:1A:79:AF:7A:7D",
                "00:1A:79:B0:3A:1D",
                "00:1A:79:BE:43:44",
                "00:1A:79:CC:86:8D"
            ]
        },
        {
            "server_name": "185.157.108.99:88",
            "server_url": "http://185.157.108.99:88/stalker_portal/c/",
            "macs": [
                "00:1A:79:AB:70:A3",
                "00:1A:79:AD:5C:53",
                "00:1A:79:B0:50:BB",
                "00:1A:79:B0:DA:BD",
                "00:1A:79:B0:E3:A0",
                "00:1A:79:B0:E3:A3",
                "00:1A:79:BA:B5:B0",
                "00:1A:79:BD:B2:57",
                "00:1A:79:C2:06:25",
                "00:1A:79:C2:11:9B",
                "00:1A:79:C7:9E:DD"
            ]
        },
        {
            "server_name": "spainott.site",
            "server_url": "http://spainott.site/c/",
            "macs": [
                "00:1A:79:02:5A:E9",
                "00:1A:79:05:FA:9D",
                "00:1A:79:10:7B:0C",
                "00:1A:79:40:18:74",
                "00:1A:79:40:EE:28",
                "00:1A:79:43:F5:49",
                "00:1A:79:45:CA:A6",
                "00:1A:79:47:63:B6",
                "00:1A:79:4F:24:EB",
                "00:1A:79:57:A4:35",
                "00:1A:79:57:B4:E6",
                "00:1A:79:5A:49:62",
                "00:1A:79:5D:36:D0",
                "00:1A:79:5E:8E:01",
                "00:1A:79:5E:CF:F1",
                "00:1A:79:64:ED:C7",
                "00:1A:79:6B:94:94",
                "00:1A:79:6B:B3:17",
                "00:1A:79:87:A9:6E",
                "00:1A:79:B8:3E:71",
                "00:1A:79:B8:D0:1F",
                "00:1A:79:B9:09:0B",
                "00:1A:79:BC:B0:B7",
                "00:1A:79:BD:85:94",
                "00:1A:79:BE:21:FB",
                "00:1A:79:C2:A3:CF",
                "00:1A:79:C3:89:22",
                "00:1A:79:C8:06:6D",
                "00:1A:79:D7:51:8D",
                "00:1A:79:EE:D2:71"
            ]
        },
        {
            "server_name": "protv.fun",
            "server_url": "http://protv.fun/c/",
            "macs": [
                "00:1A:79:AE:71:DF"
            ]
        },
        {
            "server_name": "uhd3.one:80",
            "server_url": "http://uhd3.one:80/c/",
            "macs": [
                "00:1A:79:00:90:EF",
                "00:1A:79:09:D5:92",
                "00:1A:79:0E:1A:7E",
                "00:1A:79:0F:1F:62",
                "00:1A:79:18:18:28",
                "00:1A:79:19:37:3F",
                "00:1A:79:1D:21:9D",
                "00:1A:79:25:9F:2B",
                "00:1A:79:2F:4F:78",
                "00:1A:79:31:12:18",
                "00:1A:79:32:23:8A",
                "00:1A:79:37:2A:59",
                "00:1A:79:3A:BF:8A",
                "00:1A:79:40:15:58",
                "00:1A:79:40:2A:6C",
                "00:1A:79:42:73:FD",
                "00:1A:79:47:F3:EF",
                "00:1A:79:4F:C5:3A",
                "00:1A:79:50:48:EA",
                "00:1A:79:60:04:D1",
                "00:1A:79:64:00:5F",
                "00:1A:79:68:0B:31",
                "00:1A:79:68:F8:6B",
                "00:1A:79:6A:E5:31",
                "00:1A:79:AA:6B:92",
                "00:1A:79:AB:76:F0",
                "00:1A:79:B8:15:3D",
                "00:1A:79:FB:32:02"
            ]
        },
        {
            "server_name": "ukilo.top:80",
            "server_url": "http://ukilo.top:80/c/",
            "macs": [
                "00:1A:79:A6:EC:5A"
            ]
        },
        {
            "server_name": "barebudget.h1ott.com:8000",
            "server_url": "http://barebudget.h1ott.com:8000/c/",
            "macs": [
                "00:1A:79:00:00:98"
            ]
        },
        {
            "server_name": "line.4k-gold.net:80",
            "server_url": "http://line.4k-gold.net:80/c/",
            "macs": [
                "00:1A:79:A2:BC:1E",
                "00:1A:79:BA:CC:25"
            ]
        },
        {
            "server_name": "b1g.uk:80",
            "server_url": "http://b1g.uk:80/c/",
            "macs": [
                "00:1A:79:64:19:6C",
                "00:1A:79:6D:D4:11",
                "00:1A:79:76:83:80",
                "00:1A:79:91:D7:67",
                "00:1A:79:F1:53:69"
            ]
        },
        {
            "server_name": "line.tivi-one.net:80",
            "server_url": "http://line.tivi-one.net:80/c/",
            "macs": [
                "00:1A:79:1C:14:E8"
            ]
        }
    ]
}