{
    "items": [
        {
            "server_name": "31.220.41.100:80",
            "server_url": "http://31.220.41.100:80/c/",
            "macs": [
                "00:1A:79:8A:F7:5D"
            ]
        },
        {
            "server_name": "datacentar.org:80",
            "server_url": "http://datacentar.org:80/c/",
            "macs": [
                "00:1A:79:3B:C6:AC",
                "00:1A:79:69:00:04",
                "00:1A:79:A0:41:18"
            ]
        },
        {
            "server_name": "starshare.live:8080",
            "server_url": "http://starshare.live:8080/c/",
            "macs": [
                "00:1A:79:43:FB:F1",
                "00:1A:79:C4:92:B6"
            ]
        },
        {
            "server_name": "v2pro.online:8080",
            "server_url": "http://v2pro.online:8080/c/",
            "macs": [
                "00:1A:79:6D:02:63"
            ]
        },
        {
            "server_name": "zupanet.live:8080",
            "server_url": "http://zupanet.live:8080/c/",
            "macs": [
                "00:1A:79:34:4B:3D"
            ]
        },
        {
            "server_name": "matrix-ott.tv:8080",
            "server_url": "http://matrix-ott.tv:8080/c/",
            "macs": [
                "00:1A:79:74:FD:56"
            ]
        },
        {
            "server_name": "letmein.fun:8080",
            "server_url": "http://letmein.fun:8080/c/",
            "macs": [
                "00:1A:79:A6:A4:16",
                "00:1A:79:A9:D6:84",
                "00:1A:79:AC:D6:10",
                "00:1A:79:B0:A9:52",
                "00:1A:79:B3:1E:9A",
                "00:1A:79:B4:E3:11",
                "00:1A:79:B5:2C:0A",
                "00:1A:79:B6:56:09",
                "00:1A:79:B7:26:EF",
                "00:1A:79:B7:76:EB",
                "00:1A:79:B9:D7:0B",
                "00:1A:79:BB:46:98",
                "00:1A:79:BB:CF:2A",
                "00:1A:79:BD:08:EB",
                "00:1A:79:BD:53:12",
                "00:1A:79:BD:59:54",
                "00:1A:79:BD:5A:E2"
            ]
        }
    ]
}