{
    "items": [
        {
            "server_name": "line5.protv.cc",
            "server_url": "http://line5.protv.cc/c/",
            "macs": [
                "00:1A:79:04:E9:B2",
                "00:1A:79:08:9A:22",
                "00:1A:79:33:1B:6C",
                "00:1A:79:44:AD:C1",
                "00:1A:79:64:76:EF",
                "00:1A:79:9E:32:95",
                "00:1A:79:AA:34:46",
                "00:1A:79:AB:CB:1F",
                "00:1A:79:B6:BA:76",
                "00:1A:79:C4:DC:7A",
                "00:1A:79:D4:82:3D",
                "00:1A:79:E5:B0:55"
            ]
        },
        {
            "server_name": "sulentv.123tv.to:8080",
            "server_url": "http://sulentv.123tv.to:8080/c/",
            "macs": [
                "00:1A:79:10:7C:09",
                "00:1A:79:37:11:B7",
                "00:1A:79:B2:2B:0B",
                "00:1A:79:C3:27:B3",
                "00:1A:79:C3:ED:D5",
                "00:1A:79:CA:10:C6"
            ]
        },
        {
            "server_name": "zupanet.live:8080",
            "server_url": "http://zupanet.live:8080/c/",
            "macs": [
                "00:1A:79:5D:E0:1B",
                "00:1A:79:72:9E:E3",
                "00:1A:79:76:93:23",
                "00:1A:79:B2:87:A3"
            ]
        },
        {
            "server_name": "play-plus.net:8000",
            "server_url": "http://play-plus.net:8000/c/",
            "macs": [
                "00:1A:79:00:3E:8E",
                "00:1A:79:5A:7D:0B"
            ]
        },
        {
            "server_name": "matrix-ott.tv:8080",
            "server_url": "http://matrix-ott.tv:8080/c/",
            "macs": [
                "00:1A:79:02:76:0A",
                "00:1A:79:26:36:EB",
                "00:1A:79:3A:A0:BD",
                "00:1A:79:44:2A:47",
                "00:1A:79:53:00:EB",
                "00:1A:79:74:20:28",
                "00:1A:79:98:F6:0B",
                "00:1A:79:BA:7A:18",
                "00:1A:79:BA:96:60",
                "00:1A:79:C8:57:45"
            ]
        },
        {
            "server_name": "jokermedia.live:8090",
            "server_url": "http://jokermedia.live:8090/c/",
            "macs": [
                "00:1A:79:5E:CE:22"
            ]
        },
        {
            "server_name": "roxs.xyz",
            "server_url": "http://roxs.xyz/c/",
            "macs": [
                "00:1A:79:04:3F:21"
            ]
        },
        {
            "server_name": "mol-2.com:8080",
            "server_url": "http://mol-2.com:8080/c/",
            "macs": [
                "00:1A:79:00:00:01",
                "00:1A:79:00:00:06"
            ]
        },
        {
            "server_name": "iptv.darktv.in:80",
            "server_url": "http://iptv.darktv.in:80/c/",
            "macs": [
                "00:1A:79:1E:C1:49",
                "00:1A:79:BF:E0:3A"
            ]
        },
        {
            "server_name": "line.boom-ott.ru:80",
            "server_url": "http://line.boom-ott.ru:80/c/",
            "macs": [
                "00:1A:79:7A:77:25"
            ]
        },
        {
            "server_name": "alexiptv.ddns.me:8080",
            "server_url": "http://alexiptv.ddns.me:8080/c/",
            "macs": [
                "00:1A:79:BA:58:BF"
            ]
        },
        {
            "server_name": "neuestv.com",
            "server_url": "http://neuestv.com/c/",
            "macs": [
                "00:1A:79:45:EE:45"
            ]
        },
        {
            "server_name": "fastrunner.live:8080",
            "server_url": "http://fastrunner.live:8080/c/",
            "macs": [
                "00:1A:79:5E:DE:7D",
                "00:1A:79:79:6E:C5"
            ]
        },
        {
            "server_name": "zenlink.link",
            "server_url": "http://zenlink.link/c/",
            "macs": [
                "00:1A:79:B0:37:6B"
            ]
        },
        {
            "server_name": "stalker.ugoiptv.com:80",
            "server_url": "http://stalker.ugoiptv.com:80/c/",
            "macs": [
                "00:1A:79:68:ED:84",
                "00:1A:79:F1:AE:C1"
            ]
        },
        {
            "server_name": "167.114.60.51",
            "server_url": "http://167.114.60.51/stalker_portal/c/",
            "macs": [
                "00:1A:79:0B:26:53",
                "00:1A:79:20:56:29"
            ]
        },
        {
            "server_name": "51.158.46.65:8080",
            "server_url": "http://51.158.46.65:8080/c/",
            "macs": [
                "00:1A:79:A7:B4:0E",
                "00:1A:79:AD:AA:C3"
            ]
        },
        {
            "server_name": "54.39.158.233",
            "server_url": "http://54.39.158.233/stalker_portal/c/",
            "macs": [
                "00:1A:79:00:76:08",
                "00:1A:79:2F:2F:27",
                "00:1A:79:33:63:61",
                "00:1A:79:35:58:15",
                "00:1A:79:38:01:9E"
            ]
        },
        {
            "server_name": "51.91.57.198",
            "server_url": "http://51.91.57.198/stalker_portal/c/",
            "macs": [
                "00:1A:79:2D:86:26",
                "00:1A:79:37:77:C5",
                "00:1A:79:3A:34:8C"
            ]
        },
        {
            "server_name": "001004.eu:8080",
            "server_url": "http://001004.eu:8080/c/",
            "macs": [
                "00:1A:79:A7:BD:E4"
            ]
        },
        {
            "server_name": "195.154.242.90:88",
            "server_url": "http://195.154.242.90:88/stalker_portal/c/",
            "macs": [
                "00:1A:79:70:31:24"
            ]
        },
        {
            "server_name": "ultra-box.club",
            "server_url": "http://ultra-box.club/c/",
            "macs": [
                "00:1A:79:F8:E2:72"
            ]
        },
        {
            "server_name": "m.26ip.net:80",
            "server_url": "http://m.26ip.net:80/c/",
            "macs": [
                "00:1A:79:49:80:77",
                "00:1A:79:53:77:A8"
            ]
        },
        {
            "server_name": "mag.rddxc.com:80",
            "server_url": "http://mag.rddxc.com:80/c/",
            "macs": [
                "00:1A:79:53:77:A8",
                "00:1A:79:73:0F:62",
                "00:1A:79:D7:5F:00"
            ]
        },
        {
            "server_name": "mirsad.iz.custa.jebe.toni.dundusa.u.usta.streamtv.to:8080",
            "server_url": "http://mirsad.iz.custa.jebe.toni.dundusa.u.usta.streamtv.to:8080/c/",
            "macs": [
                "00:1A:79:0E:6F:02",
                "00:1A:79:19:3F:F2",
                "00:1A:79:41:5D:22",
                "00:1A:79:45:0F:50",
                "00:1A:79:4E:84:D3",
                "00:1A:79:5E:DE:15",
                "00:1A:79:B6:2F:CE"
            ]
        },
        {
            "server_name": "192.99.19.224",
            "server_url": "http://192.99.19.224/stalker_portal/c/",
            "macs": [
                "00:1A:79:00:0F:D4",
                "00:1A:79:00:3F:29",
                "00:1A:79:00:4E:99",
                "00:1A:79:00:F2:D5",
                "00:1A:79:05:E7:51",
                "00:1A:79:07:17:08",
                "00:1A:79:0A:8B:28",
                "00:1A:79:0B:06:CA",
                "00:1A:79:17:AF:67",
                "00:1A:79:27:B4:C3",
                "00:1A:79:2D:AF:50",
                "00:1A:79:32:7F:28",
                "00:1A:79:32:B6:30",
                "00:1A:79:33:16:D0",
                "00:1A:79:33:B6:84",
                "00:1A:79:36:A5:B7",
                "00:1A:79:3E:0F:B3"
            ]
        }
    ]
}