{
    "items": [
        {
            "server_name": "harakesh21.work",
            "server_url": "http://harakesh21.work/c/",
            "macs": [
                "00:1A:79:62:7A:AC"
            ]
        },
        {
            "server_name": "foxx-tv.com:9600",
            "server_url": "http://foxx-tv.com:9600/c/",
            "macs": [
                "00:1A:79:22:1D:10",
                "00:1A:79:63:AD:0F",
                "00:1A:79:BE:8C:59"
            ]
        },
        {
            "server_name": "my-iptv.mk:80",
            "server_url": "http://my-iptv.mk:80/c/",
            "macs": [
                "00:1A:79:37:1A:57"
            ]
        },
        {
            "server_name": "ptv.darktv.nl:80",
            "server_url": "http://ptv.darktv.nl:80/c/",
            "macs": [
                "00:1A:79:00:00:00",
                "00:1A:79:17:1E:72",
                "00:1A:79:1C:04:12",
                "00:1A:79:37:1E:8E",
                "00:1A:79:C3:40:DD"
            ]
        }
    ]
}