{
    "items": [
        {
            "server_name": "medotv.nl:8000",
            "server_url": "http://medotv.nl:8000/c/",
            "macs": [
                "00:1A:79:4F:55:BB"
            ]
        },
        {
            "server_name": "sansat.net:25461",
            "server_url": "http://sansat.net:25461/c/",
            "macs": [
                "00:1A:79:40:33:92",
                "00:1A:79:C7:A8:F2"
            ]
        },
        {
            "server_name": "spain1.offshorerev.cc:8080",
            "server_url": "http://spain1.offshorerev.cc:8080/c/",
            "macs": [
                "00:1A:79:31:0A:28",
                "00:1A:79:32:D6:16",
                "00:1A:79:32:EB:32",
                "00:1A:79:33:43:86",
                "00:1A:79:34:25:2F",
                "00:1A:79:3E:17:24",
                "00:1A:79:41:A1:1D",
                "00:1A:79:48:B8:71"
            ]
        },
        {
            "server_name": "31.220.41.100:80",
            "server_url": "http://31.220.41.100:80/c/",
            "macs": [
                "00:1A:79:2B:CA:7B",
                "00:1A:79:4C:D0:82",
                "00:1A:79:5C:8F:51",
                "00:1A:79:66:36:38",
                "00:1A:79:69:2F:3F",
                "00:1A:79:6C:45:E9",
                "00:1A:79:9A:B8:57",
                "00:1A:79:A4:88:69"
            ]
        },
        {
            "server_name": "brutus.biz:2082",
            "server_url": "http://brutus.biz:2082/c/",
            "macs": [
                "00:1A:79:5D:F2:9C"
            ]
        },
        {
            "server_name": "test.satlok.club:80",
            "server_url": "http://test.satlok.club:80/c/",
            "macs": [
                "00:1A:79:27:A1:D5",
                "00:1A:79:66:31:CB",
                "00:1A:79:AB:F1:64",
                "00:1A:79:AE:3F:D3",
                "00:1A:79:B8:87:01",
                "00:1A:79:F5:07:38"
            ]
        },
        {
            "server_name": "trsat.ddns.us:80",
            "server_url": "http://trsat.ddns.us:80/c/",
            "macs": [
                "00:1A:79:36:AF:B8"
            ]
        },
        {
            "server_name": "v2pro.online:8080",
            "server_url": "http://v2pro.online:8080/c/",
            "macs": [
                "00:1A:79:68:FC:2A"
            ]
        },
        {
            "server_name": "x.ghost-27.com:8080",
            "server_url": "http://x.ghost-27.com:8080/c/",
            "macs": [
                "00:1A:79:B5:AC:12"
            ]
        },
        {
            "server_name": "qsmarter.4kfastcode.net",
            "server_url": "http://qsmarter.4kfastcode.net/c/",
            "macs": [
                "00:1A:79:0E:0D:4E",
                "00:1A:79:18:10:85",
                "00:1A:79:19:02:7F",
                "00:1A:79:1C:0E:7F",
                "00:1A:79:1D:0C:D5",
                "00:1A:79:1E:0D:69",
                "00:1A:79:21:0C:4D",
                "00:1A:79:2B:68:7F",
                "00:1A:79:2F:55:80",
                "00:1A:79:32:C3:26",
                "00:1A:79:32:C7:4F",
                "00:1A:79:43:96:6C",
                "00:1A:79:4B:B6:19",
                "00:1A:79:4C:1F:35",
                "00:1A:79:4F:5D:C5",
                "00:1A:79:59:50:CB",
                "00:1A:79:5A:2F:C8",
                "00:1A:79:5C:98:AD",
                "00:1A:79:6D:11:5D",
                "00:1A:79:73:D6:9F",
                "00:1A:79:73:F8:92",
                "00:1A:79:86:6F:A3",
                "00:1A:79:8D:9D:00",
                "00:1A:79:94:9C:88",
                "00:1A:79:9D:2A:DE",
                "00:1A:79:A6:3C:1C",
                "00:1A:79:A6:4C:5B",
                "00:1A:79:AF:8D:68",
                "00:1A:79:B5:D0:49",
                "00:1A:79:B9:D7:59",
                "00:1A:79:B9:EC:C8",
                "00:1A:79:BA:0E:5B",
                "00:1A:79:BA:B4:0F",
                "00:1A:79:BD:20:2D",
                "00:1A:79:BF:C6:1B",
                "00:1A:79:BF:E0:2F",
                "00:1A:79:BF:E2:BE",
                "00:1A:79:BF:E9:C3",
                "00:1A:79:C0:1F:6A",
                "00:1A:79:C4:12:DD",
                "00:1A:79:C4:2C:39",
                "00:1A:79:C6:BB:76",
                "00:1A:79:C7:07:5C",
                "00:1A:79:FA:95:F2"
            ]
        },
        {
            "server_name": "mag.bee-ott.com",
            "server_url": "http://mag.bee-ott.com/c/",
            "macs": [
                "00:1A:79:21:0C:4D",
                "00:1A:79:32:C3:26",
                "00:1A:79:5A:2F:C8",
                "00:1A:79:86:6F:A3",
                "00:1A:79:94:9C:88",
                "00:1A:79:AA:22:82",
                "00:1A:79:AF:39:64",
                "00:1A:79:BB:E9:AC",
                "00:1A:79:C4:2C:39",
                "00:1A:79:C7:06:A4",
                "00:1A:79:E6:53:2B",
                "00:1A:79:FA:7A:D8"
            ]
        }
    ]
}