{
    "items": [
        {
            "server_name": "185.129.1.249:88",
            "server_url": "http://185.129.1.249:88/stalker_portal/c/",
            "macs": [
                "00:1A:79:1B:25:2F"
            ]
        },
        {
            "server_name": "urus-tv.com",
            "server_url": "http://urus-tv.com/c/",
            "macs": [
                "00:1A:79:99:99:8A",
                "00:1A:79:AD:72:D7",
                "00:1A:79:BB:10:0D"
            ]
        },
        {
            "server_name": "kapak.plustvmedia.com:80",
            "server_url": "http://kapak.plustvmedia.com:80/c/",
            "macs": [
                "00:1A:79:1E:0F:34",
                "00:1A:79:66:1F:E4",
                "00:1A:79:A3:9F:E7",
                "00:1A:79:A3:C0:77",
                "00:1A:79:A3:FE:63",
                "00:1A:79:C6:C6:58"
            ]
        },
        {
            "server_name": "sultan-iptv.com:8089",
            "server_url": "http://sultan-iptv.com:8089/c/",
            "macs": [
                "00:1A:79:00:78:B5",
                "00:1A:79:02:1A:EB",
                "00:1A:79:37:09:34",
                "00:1A:79:3D:5E:0B",
                "00:1A:79:5D:1A:D8",
                "00:1A:79:73:27:F4",
                "00:1A:79:73:47:AE",
                "00:1A:79:73:6A:01",
                "00:1A:79:A2:1C:ED",
                "00:1A:79:A2:F8:72"
            ]
        },
        {
            "server_name": "31.43.191.49:25461",
            "server_url": "http://31.43.191.49:25461/c/",
            "macs": [
                "00:1A:79:4A:5F:E4"
            ]
        },
        {
            "server_name": "dk.tgt6373.online:8080",
            "server_url": "http://dk.tgt6373.online:8080/c/",
            "macs": [
                "00:1A:79:52:0F:E3"
            ]
        },
        {
            "server_name": "mag.moi-dom.tv",
            "server_url": "http://mag.moi-dom.tv/stalker_portal/c/",
            "macs": [
                "00:1A:79:52:C8:BC"
            ]
        },
        {
            "server_name": "185.246.210.103:8888",
            "server_url": "http://185.246.210.103:8888/stalker_portal/c/",
            "macs": [
                "00:1A:79:1B:D4:B1",
                "00:1A:79:4E:08:6B",
                "00:1A:79:59:37:D1",
                "00:1A:79:A1:B2:16",
                "00:1A:79:C5:AD:33",
                "00:1A:79:C9:EB:25",
                "00:1A:79:D1:CB:C5",
                "00:1A:79:DC:5B:57"
            ]
        },
        {
            "server_name": "ultratv.one:2095",
            "server_url": "http://ultratv.one:2095/c/",
            "macs": [
                "00:1A:79:00:22:B3"
            ]
        },
        {
            "server_name": "new.ivue.co:25461",
            "server_url": "http://new.ivue.co:25461/c/",
            "macs": [
                "00:1A:79:00:D8:FF",
                "00:1A:79:01:81:55",
                "00:1A:79:02:46:10",
                "00:1A:79:46:C3:74",
                "00:1A:79:4A:83:FE",
                "00:1A:79:68:8D:DB",
                "00:1A:79:69:5A:40",
                "00:1A:79:6B:DB:49",
                "00:1A:79:70:31:46",
                "00:1A:79:A1:BD:EC",
                "00:1A:79:A9:2B:9F",
                "00:1A:79:BE:F8:AA",
                "00:1A:79:C2:3C:65",
                "00:1A:79:DD:63:5D"
            ]
        },
        {
            "server_name": "rapid-4k.com",
            "server_url": "http://rapid-4k.com/c/",
            "macs": [
                "00:1A:79:38:1C:AF",
                "00:1A:79:4A:93:39",
                "00:1A:79:4F:A0:F2",
                "00:1A:79:52:E7:16",
                "00:1A:79:59:61:4B",
                "00:1A:79:5A:EE:59",
                "00:1A:79:5E:9A:95",
                "00:1A:79:5E:DC:0F",
                "00:1A:79:7B:97:0A",
                "00:1A:79:A1:D7:67",
                "00:1A:79:A1:D7:F8",
                "00:1A:79:A2:D6:1F",
                "00:1A:79:A3:42:BA",
                "00:1A:79:A4:EA:8E",
                "00:1A:79:A5:04:17",
                "00:1A:79:A5:CF:78",
                "00:1A:79:A5:CF:B1",
                "00:1A:79:A5:D9:8A",
                "00:1A:79:A6:1F:61",
                "00:1A:79:A6:1F:6F",
                "00:1A:79:A7:2C:7E",
                "00:1A:79:A7:50:F3",
                "00:1A:79:A7:59:F0",
                "00:1A:79:A8:3E:DC",
                "00:1A:79:A8:41:02",
                "00:1A:79:A8:6D:D4",
                "00:1A:79:A9:34:F4",
                "00:1A:79:AC:F0:55",
                "00:1A:79:AF:B2:2A",
                "00:1A:79:B1:37:AD",
                "00:1A:79:B2:AC:2B",
                "00:1A:79:C2:52:52",
                "00:1A:79:FB:12:EF",
                "00:1A:79:FD:0D:A8"
            ]
        }
    ]
}