{
    "items": [
        {
            "server_name": "activefrance.net",
            "server_url": "http://activefrance.net/c/",
            "macs": [
                "00:1A:79:07:F7:84",
                "00:1A:79:44:86:8A"
            ]
        },
        {
            "server_name": "fastgo.cam:8080",
            "server_url": "http://fastgo.cam:8080/c/",
            "macs": [
                "00:1A:79:CC:F9:20"
            ]
        },
        {
            "server_name": "neww2youu.com",
            "server_url": "http://neww2youu.com/c/",
            "macs": [
                "00:1A:79:B8:30:5A"
            ]
        },
        {
            "server_name": "odm391.xyz",
            "server_url": "http://odm391.xyz/c/",
            "macs": [
                "00:1A:79:70:35:7E"
            ]
        },
        {
            "server_name": "tv.blueocean-iptv.com:8080",
            "server_url": "http://tv.blueocean-iptv.com:8080/c/",
            "macs": [
                "00:1A:79:F3:12:96"
            ]
        },
        {
            "server_name": "line.crystal-ott.com",
            "server_url": "http://line.crystal-ott.com/c/",
            "macs": [
                "00:1A:79:00:78:9C",
                "00:1A:79:02:16:9A",
                "00:1A:79:19:0D:49",
                "00:1A:79:1A:00:10",
                "00:1A:79:1C:13:8A",
                "00:1A:79:35:34:33",
                "00:1A:79:40:8A:CB",
                "00:1A:79:6B:18:C9",
                "00:1A:79:71:60:71"
            ]
        },
        {
            "server_name": "sonymax.org:8080",
            "server_url": "http://sonymax.org:8080/c/",
            "macs": [
                "00:1A:79:43:3C:D0",
                "00:1A:79:4F:A6:0B",
                "00:1A:79:51:1E:DE",
                "00:1A:79:73:88:B7",
                "00:1A:79:7A:A3:C9",
                "00:1A:79:7D:4E:00",
                "00:1A:79:88:0A:32",
                "00:1A:79:A9:2D:EA",
                "00:1A:79:B0:DE:15",
                "00:1A:79:B5:19:C9",
                "00:1A:79:BE:76:02",
                "00:1A:79:C2:12:25"
            ]
        },
        {
            "server_name": "stalker.ugoiptv.com",
            "server_url": "http://stalker.ugoiptv.com/c/",
            "macs": [
                "00:1A:79:0A:4E:73",
                "00:1A:79:46:08:58",
                "00:1A:79:5F:B9:3F",
                "00:1A:79:79:70:90",
                "00:1A:79:B4:91:A9",
                "00:1A:79:FD:01:7D"
            ]
        },
        {
            "server_name": "nvs1hosting.live:25461",
            "server_url": "http://nvs1hosting.live:25461/c/",
            "macs": [
                "00:1A:79:B8:07:D4"
            ]
        },
        {
            "server_name": "portal.magic8kip.tv",
            "server_url": "http://portal.magic8kip.tv/c/",
            "macs": [
                "00:1A:79:33:C4:1C",
                "00:1A:79:AF:9F:24"
            ]
        },
        {
            "server_name": "195.154.242.90:88",
            "server_url": "http://195.154.242.90:88/stalker_portal/c/",
            "macs": [
                "00:1A:79:35:63:65"
            ]
        },
        {
            "server_name": "alexiptv.ddns.me:8080",
            "server_url": "http://alexiptv.ddns.me:8080/c/",
            "macs": [
                "00:1A:79:A1:D1:8D",
                "00:1A:79:A4:D5:46",
                "00:1A:79:A9:2A:21",
                "00:1A:79:AB:90:CD",
                "00:1A:79:AC:0D:04",
                "00:1A:79:B0:39:D9",
                "00:1A:79:B3:C5:95",
                "00:1A:79:B3:F6:1E",
                "00:1A:79:B4:FD:00",
                "00:1A:79:B5:22:F2",
                "00:1A:79:B5:AB:81",
                "00:1A:79:B7:1A:2E",
                "00:1A:79:B9:9B:07",
                "00:1A:79:BA:3F:75",
                "00:1A:79:BA:B1:15",
                "00:1A:79:BA:D0:F3",
                "00:1A:79:BB:FB:3C"
            ]
        },
        {
            "server_name": "starshare.live:8080",
            "server_url": "http://starshare.live:8080/c/",
            "macs": [
                "00:1A:79:00:9A:45",
                "00:1A:79:54:22:C5",
                "00:1A:79:6C:DF:AA",
                "00:1A:79:70:66:32",
                "00:1A:79:70:90:78",
                "00:1A:79:B4:F0:BE",
                "00:1A:79:C6:AD:75",
                "00:1A:79:FC:F2:AE"
            ]
        },
        {
            "server_name": "tvizle.nl:8080",
            "server_url": "http://tvizle.nl:8080/c/",
            "macs": [
                "00:1A:79:08:E2:61",
                "00:1A:79:5D:8D:46",
                "00:1A:79:5D:AA:99",
                "00:1A:79:A0:E8:07",
                "00:1A:79:C3:13:4C",
                "00:1A:79:C6:1B:F7",
                "00:1A:79:DB:28:77"
            ]
        },
        {
            "server_name": "matrix-ott.tv:8080",
            "server_url": "http://matrix-ott.tv:8080/c/",
            "macs": [
                "00:1A:79:02:83:AC",
                "00:1A:79:02:83:C4",
                "00:1A:79:02:85:10",
                "00:1A:79:27:9F:01",
                "00:1A:79:31:2B:21",
                "00:1A:79:3A:EC:81",
                "00:1A:79:40:98:38",
                "00:1A:79:58:19:27",
                "00:1A:79:67:80:F3",
                "00:1A:79:67:87:79",
                "00:1A:79:68:AE:B0",
                "00:1A:79:69:FB:A7",
                "00:1A:79:8A:33:A0",
                "00:1A:79:8E:3F:06",
                "00:1A:79:BC:B0:50",
                "00:1A:79:C0:08:51",
                "00:1A:79:C0:E1:0A",
                "00:1A:79:C8:25:CD",
                "00:1A:79:D0:CE:A1"
            ]
        }
    ]
}