{
    "items": [
        {
            "server_name": "odm391.xyz",
            "server_url": "http://odm391.xyz/c/",
            "macs": [
                "00:1A:79:00:00:01",
                "00:1A:79:00:00:57",
                "00:1A:79:00:00:76",
                "00:1A:79:00:0A:E2",
                "00:1A:79:00:0D:16",
                "00:1A:79:00:14:8F",
                "00:1A:79:00:15:69",
                "00:1A:79:00:2B:73",
                "00:1A:79:00:68:82",
                "00:1A:79:00:73:B9",
                "00:1A:79:64:7D:EF",
                "00:1A:79:64:F3:F2",
                "00:1A:79:65:90:64",
                "00:1A:79:66:A9:B8",
                "00:1A:79:67:D9:A5"
            ]
        },
        {
            "server_name": "my-iptv.mk:80",
            "server_url": "http://my-iptv.mk:80/c/",
            "macs": [
                "00:1A:79:00:01:56",
                "00:1A:79:00:18:DA",
                "00:1A:79:00:19:76",
                "00:1A:79:00:1A:41",
                "00:1A:79:00:1C:7E",
                "00:1A:79:00:1F:F1",
                "00:1A:79:00:43:71",
                "00:1A:79:00:4C:34",
                "00:1A:79:00:85:44",
                "00:1A:79:00:88:50",
                "00:1A:79:24:7F:F2",
                "00:1A:79:32:41:C1",
                "00:1A:79:48:06:FA",
                "00:1A:79:57:9F:6E",
                "00:1A:79:AE:6D:47",
                "00:1A:79:C0:F5:C8",
                "00:1A:79:C2:66:69"
            ]
        }
    ]
}