{
    "items": [
        {
            "server_name": "a1.dinott.com:80",
            "server_url": "http://a1.dinott.com:80/c/",
            "macs": [
                "00:1A:79:13:A6:70",
                "00:1A:79:1A:85:50",
                "00:1A:79:2A:0F:29",
                "00:1A:79:50:45:AB",
                "00:1A:79:74:10:B6",
                "00:1A:79:77:2F:62",
                "00:1A:79:A5:78:08",
                "00:1A:79:E7:09:6E",
                "00:1A:79:F5:1F:20"
            ]
        },
        {
            "server_name": "tkichi.t4t4.xyz:80",
            "server_url": "http://tkichi.t4t4.xyz:80/c/",
            "macs": [
                "00:1A:79:04:99:53",
                "00:1A:79:AE:C5:20",
                "00:1A:79:B5:17:B3",
                "00:1A:79:E9:D3:AA"
            ]
        },
        {
            "server_name": "tvpro.vprotv.com:25443",
            "server_url": "http://tvpro.vprotv.com:25443/c/",
            "macs": [
                "00:1A:79:53:D3:23",
                "00:1A:79:54:DA:07",
                "00:1A:79:BD:37:08",
                "00:1A:79:C3:B4:27"
            ]
        },
        {
            "server_name": "pro.xviptv.com",
            "server_url": "http://pro.xviptv.com/c/",
            "macs": [
                "00:1A:79:A9:44:A2"
            ]
        },
        {
            "server_name": "br0ss.xyz:8090",
            "server_url": "http://br0ss.xyz:8090/c/",
            "macs": [
                "00:1A:79:07:6F:A4",
                "00:1A:79:9B:13:66"
            ]
        },
        {
            "server_name": "starshare.live:8080",
            "server_url": "http://starshare.live:8080/c/",
            "macs": [
                "00:1A:79:70:66:A9",
                "00:1A:79:7A:4C:61",
                "00:1A:79:8C:AA:0F",
                "00:1A:79:CA:A6:46",
                "00:1A:79:F4:40:C8",
                "00:1A:79:F7:F8:4A"
            ]
        },
        {
            "server_name": "youtubecdn.watch:8080",
            "server_url": "http://youtubecdn.watch:8080/c/",
            "macs": [
                "00:1A:79:A7:BD:4E"
            ]
        }
    ]
}