{
    "items": [
        {
            "server_name": "51.89.96.89:8080",
            "server_url": "http://51.89.96.89:8080/c/",
            "macs": [
                "00:1A:79:18:86:53",
                "00:1A:79:6E:5A:C3",
                "00:1A:79:C8:5B:9E",
                "00:1A:79:C8:C0:86",
                "00:1A:79:E6:B5:56"
            ]
        },
        {
            "server_name": "sidflix.com:80",
            "server_url": "http://sidflix.com:80/c/",
            "macs": [
                "00:1A:79:51:64:D8",
                "00:1A:79:B1:10:9A",
                "00:1A:79:B4:F0:76",
                "00:1A:79:C2:E4:B8"
            ]
        },
        {
            "server_name": "innovationpro.nl",
            "server_url": "http://innovationpro.nl/c/",
            "macs": [
                "00:1A:79:07:8A:85",
                "00:1A:79:17:03:10",
                "00:1A:79:19:02:C9",
                "00:1A:79:42:F3:6E",
                "00:1A:79:43:0A:D2",
                "00:1A:79:43:D1:F2",
                "00:1A:79:4F:53:B5",
                "00:1A:79:51:4C:4E",
                "00:1A:79:55:44:BC",
                "00:1A:79:64:EE:B3",
                "00:1A:79:6F:20:73",
                "00:1A:79:78:2F:6A",
                "00:1A:79:79:D5:E6",
                "00:1A:79:A1:29:4C",
                "00:1A:79:B0:71:A5",
                "00:1A:79:B8:7E:E3",
                "00:1A:79:C2:FB:4B",
                "00:1A:79:C5:6B:57",
                "00:1A:79:C6:8D:02"
            ]
        },
        {
            "server_name": "185.182.193.55:80",
            "server_url": "http://185.182.193.55:80/c/",
            "macs": [
                "00:1A:79:4C:30:60",
                "00:1A:79:C1:A7:9B"
            ]
        },
        {
            "server_name": "2.revportal.eu",
            "server_url": "http://2.revportal.eu/c/",
            "macs": [
                "00:1A:79:53:53:91",
                "00:1A:79:5B:92:1E",
                "00:1A:79:5C:3C:26"
            ]
        },
        {
            "server_name": "169.197.141.2:8080",
            "server_url": "http://169.197.141.2:8080/c/",
            "macs": [
                "00:1A:79:4C:5C:25"
            ]
        },
        {
            "server_name": "portal.564aa.co",
            "server_url": "http://portal.564aa.co/stalker_portal/c/",
            "macs": [
                "00:1A:79:E3:23:A9"
            ]
        },
        {
            "server_name": "xtv.link",
            "server_url": "http://xtv.link/c/",
            "macs": [
                "00:1A:79:4C:90:4D",
                "00:1A:79:4C:D0:D4"
            ]
        },
        {
            "server_name": "ss.2665.ninja:8080",
            "server_url": "http://ss.2665.ninja:8080/c/",
            "macs": [
                "00:1A:79:68:A0:DB",
                "00:1A:79:AD:6A:E5",
                "00:1A:79:D5:87:39"
            ]
        },
        {
            "server_name": "stb.homeiptv.org",
            "server_url": "http://stb.homeiptv.org/stalker_portal/c/",
            "macs": [
                "00:1A:79:01:CF:A6",
                "00:1A:79:01:D3:E6",
                "00:1A:79:01:E6:E8"
            ]
        },
        {
            "server_name": "193.107.202.222:81",
            "server_url": "http://193.107.202.222:81/c/",
            "macs": [
                "00:1A:79:42:B4:6C"
            ]
        },
        {
            "server_name": "193.109.136.14:9898",
            "server_url": "http://193.109.136.14:9898/c/",
            "macs": [
                "00:1A:79:37:72:A4",
                "00:1A:79:5E:D8:20",
                "00:1A:79:9C:2C:03"
            ]
        },
        {
            "server_name": "ipflix.click",
            "server_url": "http://ipflix.click/c/",
            "macs": [
                "00:1A:79:4C:D1:32",
                "00:1A:79:AB:4E:F5"
            ]
        },
        {
            "server_name": "141.94.143.129:8000",
            "server_url": "http://141.94.143.129:8000/c/",
            "macs": [
                "00:1A:79:A3:89:C7",
                "00:1A:79:A3:8A:67",
                "00:1A:79:AB:AA:1B",
                "00:1A:79:C2:0C:D6"
            ]
        }
    ]
}