{
    "items": [
        {
            "server_name": "matrix-ott.tv:8080",
            "server_url": "http://matrix-ott.tv:8080/c/",
            "macs": [
                "00:1a:79:10:01:10",
                "00:1a:79:4f:00:6b",
                "00:1a:79:be:88:7e",
                "00:1a:79:03:63:44",
                "00:1a:79:7a:2c:c2",
                "00:1a:79:ed:cf:10",
                "00:1a:79:65:ba:b3",
                "00:1a:79:c2:11:13",
                "00:1a:79:bf:be:ed",
                "00:1a:79:08:d2:db",
                "00:1a:79:a7:c0:0b",
                "00:1a:79:b4:46:5a",
                "00:1a:79:ce:6e:6e",
                "00:1a:79:2d:d9:5e",
                "00:1a:79:49:ba:f0",
                "00:1a:79:5f:10:59",
                "00:1a:79:4c:d8:d9"
            ]
        },
        {
            "server_name": "marvelhd.eu:8080",
            "server_url": "http://marvelhd.eu:8080/c/",
            "macs": [
                "00:1a:79:c2:01:22",
                "00:1a:79:90:b1:76",
                "00:1a:79:a8:86:92",
                "00:1a:79:4b:fd:3d",
                "00:1a:79:77:35:8c",
                "00:1a:79:2b:8c:62",
                "00:1a:79:75:20:84",
                "00:1a:79:31:65:56",
                "00:1a:79:77:57:7d",
                "00:1a:79:d0:c2:87",
                "00:1a:79:ef:56:f7",
                "00:1a:79:4c:e0:d4",
                "00:1a:79:3f:ad:30",
                "00:1a:79:ed:25:fe",
                "00:1a:79:64:45:fd",
                "00:1a:79:4a:0b:f7",
                "00:1a:79:ac:1e:88",
                "00:1a:79:42:b4:73",
                "00:1a:79:46:d2:65",
                "00:1a:79:5f:74:a3",
                "00:1a:79:78:7f:70"
            ]
        }
    ]
}