{
    "items": [
        {
            "server_name": "85.11.144.9",
            "server_url": "http://85.11.144.9/stalker_portal/c/",
            "macs": [
                "00:1A:79:48:10:E3"
            ]
        },
        {
            "server_name": "nvs1hosting.live:25461",
            "server_url": "http://nvs1hosting.live:25461/c/",
            "macs": [
                "00:1A:79:A4:17:49",
                "00:1A:79:A4:1D:E3",
                "00:1A:79:B8:07:D4",
                "00:1A:79:B9:3A:5E",
                "00:1A:79:BC:4B:B4",
                "00:1A:79:C2:AD:AD",
                "00:1A:79:C5:15:D4",
                "00:1A:79:C5:83:FD",
                "00:1A:79:C6:78:7F",
                "00:1A:79:C6:78:CB",
                "00:1A:79:C6:84:53",
                "00:1A:79:C6:8A:95",
                "00:1A:79:C6:9A:E4",
                "00:1A:79:C7:67:29"
            ]
        },
        {
            "server_name": "xpro.one-iptv.com:25443",
            "server_url": "http://xpro.one-iptv.com:25443/c/",
            "macs": [
                "00:1A:79:5D:97:5A",
                "00:1A:79:6F:14:DF",
                "00:1A:79:F8:E9:F8"
            ]
        },
        {
            "server_name": "ultraflix.uk:8080",
            "server_url": "http://ultraflix.uk:8080/c/",
            "macs": [
                "00:1A:79:41:09:6B",
                "00:1A:79:82:41:6A",
                "00:1A:79:B2:0C:40"
            ]
        },
        {
            "server_name": "mintmilan.com",
            "server_url": "http://mintmilan.com/c/",
            "macs": [
                "00:1A:79:32:42:71",
                "00:1A:79:34:DF:33",
                "00:1A:79:40:8D:3D",
                "00:1A:79:41:23:5C",
                "00:1A:79:42:9A:FB",
                "00:1A:79:48:23:A6",
                "00:1A:79:4E:93:4A",
                "00:1A:79:5F:06:39",
                "00:1A:79:70:85:EB",
                "00:1A:79:A1:5C:89",
                "00:1A:79:A1:FC:CB",
                "00:1A:79:A2:85:64",
                "00:1A:79:A2:C8:78",
                "00:1A:79:A3:16:DB",
                "00:1A:79:A3:85:CF",
                "00:1A:79:A3:8F:81",
                "00:1A:79:A3:F7:49",
                "00:1A:79:A6:4E:1C",
                "00:1A:79:A6:F0:BA",
                "00:1A:79:A7:CC:FB",
                "00:1A:79:A9:2B:6D",
                "00:1A:79:A9:E7:A2",
                "00:1A:79:A9:E7:A6",
                "00:1A:79:AC:C5:64",
                "00:1A:79:AC:CE:0B",
                "00:1A:79:AD:FB:1C",
                "00:1A:79:AE:30:8B",
                "00:1A:79:B1:5A:5E",
                "00:1A:79:B2:47:3E",
                "00:1A:79:B2:83:8D",
                "00:1A:79:B9:54:F0",
                "00:1A:79:BA:C1:C4",
                "00:1A:79:BB:44:4D",
                "00:1A:79:BB:50:B7",
                "00:1A:79:BC:D8:68",
                "00:1A:79:BD:39:2E",
                "00:1A:79:BD:54:85",
                "00:1A:79:BD:72:C7",
                "00:1A:79:BD:74:03",
                "00:1A:79:BD:BF:50",
                "00:1A:79:BE:52:3A",
                "00:1A:79:BF:C8:9A",
                "00:1A:79:BF:C8:C7",
                "00:1A:79:C1:91:BB",
                "00:1A:79:C1:A4:5E",
                "00:1A:79:C1:A6:2C",
                "00:1A:79:C1:A7:71",
                "00:1A:79:C4:22:BA",
                "00:1A:79:C6:A3:83",
                "00:1A:79:C6:AD:FC",
                "00:1A:79:C7:C5:57"
            ]
        },
        {
            "server_name": "31.220.41.100:80",
            "server_url": "http://31.220.41.100:80/c/",
            "macs": [
                "00:1A:79:A5:1B:82",
                "00:1A:79:B5:7B:2A",
                "00:1A:79:BF:E7:AF"
            ]
        }
    ]
}