{
    "items": [
        {
            "server_name": "pal.alphatx.me:80",
            "server_url": "http://pal.alphatx.me:80/c/",
            "macs": [
                "00:1A:79:00:00:78",
                "00:1A:79:57:D3:34",
                "00:1A:79:60:0B:5C",
                "00:1A:79:B0:37:6B"
            ]
        },
        {
            "server_name": "7.iptvon.tv.123tv.to:8080",
            "server_url": "http://7.iptvon.tv.123tv.to:8080/c/",
            "macs": [
                "00:1A:79:5D:BB:50",
                "00:1A:79:6F:4F:26",
                "00:1A:79:AE:BA:AB"
            ]
        },
        {
            "server_name": "starshare.live:8080",
            "server_url": "http://starshare.live:8080/c/",
            "macs": [
                "0 :1A:79:B4:F0:BE",
                "00:1A:79:6C:DF:AA",
                "00:1A:79:70:66:32",
                "00:1A:79:70:90:78",
                "00:1A:79:C6:AD:75",
                "00:1A:79:FC:F2:AE"
            ]
        },
        {
            "server_name": "runn3r.runn3r123.co:8080",
            "server_url": "http://runn3r.runn3r123.co:8080/c/",
            "macs": [
                "00:1A:79:EA:6A:AA"
            ]
        },
        {
            "server_name": "prm.worldip.nl",
            "server_url": "http://prm.worldip.nl/c/",
            "macs": [
                "00:1A:79:18:02:4D",
                "00:1A:79:25:61:A2",
                "00:1A:79:44:CA:D5",
                "00:1A:79:58:1C:99",
                "00:1A:79:75:BF:69",
                "00:1A:79:A6:51:DF",
                "00:1A:79:AA:CB:6C",
                "00:1A:79:AB:58:EC",
                "00:1A:79:B9:53:52"
            ]
        },
        {
            "server_name": "89.45.13.153:25461",
            "server_url": "http://89.45.13.153:25461/c/",
            "macs": [
                "00:1A:79:BE:F9:CF",
                "00:1A:79:C4:73:F9",
                "00:1A:79:E5:1A:77"
            ]
        },
        {
            "server_name": "cpanel.traveliptv.nl",
            "server_url": "http://cpanel.traveliptv.nl/c/",
            "macs": [
                "00:1A:79:B8:6F:3D"
            ]
        },
        {
            "server_name": "line.iptveros.com:8000",
            "server_url": "http://line.iptveros.com:8000/c/",
            "macs": [
                "00:1A:79:40:B4:F9"
            ]
        },
        {
            "server_name": "hg.speedtestmt.com",
            "server_url": "http://hg.speedtestmt.com/c/",
            "macs": [
                "00:1A:79:02:9F:6B",
                "00:1A:79:0F:E7:F0",
                "00:1A:79:39:4D:79",
                "00:1A:79:3C:AA:CA",
                "00:1A:79:51:10:80",
                "00:1A:79:52:2D:AC",
                "00:1A:79:BE:EB:71",
                "00:1A:79:D2:FC:AE"
            ]
        },
        {
            "server_name": "4kplus.org:80",
            "server_url": "http://4kplus.org:80/c/",
            "macs": [
                "00:1A:79:3E:7F:E6",
                "00:1A:79:8E:F2:B2",
                "00:1A:79:90:32:C1",
                "00:1A:79:C0:1C:98",
                "00:1A:79:C0:7E:07",
                "00:1A:79:FC:1F:2C"
            ]
        },
        {
            "server_name": "backup.xp1.tv",
            "server_url": "http://backup.xp1.tv/c/",
            "macs": [
                "00:1A:79:C3:1D:B6",
                "00:1A:79:D8:15:23",
                "00:1A:79:FA:06:FB"
            ]
        },
        {
            "server_name": "iotv.darktv.eu",
            "server_url": "http://iotv.darktv.eu/c/",
            "macs": [
                "00:1A:79:3F:64:1A",
                "00:1A:79:90:C3:F1",
                "00:1A:79:D0:B4:9F"
            ]
        },
        {
            "server_name": "45.139.122.199:8080",
            "server_url": "http://45.139.122.199:8080/c/",
            "macs": [
                "00:1A:79:34:B6:CB",
                "00:1A:79:4D:63:5F",
                "00:1A:79:AD:88:1D",
                "00:1A:79:B3:2A:5F",
                "00:1A:79:B5:0E:4C",
                "00:1A:79:B7:23:78",
                "00:1A:79:BA:8D:97",
                "00:1A:79:BC:7E:C7"
            ]
        },
        {
            "server_name": "portal.entertainmentxl.com:8080",
            "server_url": "http://portal.entertainmentxl.com:8080/c/",
            "macs": [
                "00:1A:79:46:0A:ED",
                "00:1A:79:53:C0:C6",
                "00:1A:79:AE:35:89",
                "00:1A:79:B4:18:F3"
            ]
        },
        {
            "server_name": "zupanet.live:8080",
            "server_url": "http://zupanet.live:8080/c/",
            "macs": [
                "00:1A:79:03:0C:CF",
                "00:1A:79:05:ED:BF",
                "00:1A:79:2C:C5:34",
                "00:1A:79:5D:E5:05",
                "00:1A:79:60:0D:D9",
                "00:1A:79:64:D2:22",
                "00:1A:79:8A:95:61",
                "00:1A:79:9C:13:35",
                "00:1A:79:AF:0F:94",
                "00:1A:79:BA:3C:CD",
                "00:1A:79:C8:0A:11",
                "00:1A:79:DC:78:9D",
                "00:1A:79:E4:66:B6"
            ]
        }
    ]
}