{
    "items": [
        {
            "server_name": "line.vooiptv.com:80",
            "server_url": "http://line.vooiptv.com:80/c/",
            "macs": [
                "00:1A:79:3A:8F:86",
                "00:1A:79:7A:12:6F",
                "00:1A:79:9C:20:54",
                "00:1A:79:B4:B4:85",
                "00:1A:79:B9:84:A2"
            ]
        },
        {
            "server_name": "45.94.31.240:2083",
            "server_url": "http://45.94.31.240:2083/c/",
            "macs": [
                "00:1A:79:37:09:34",
                "00:1A:79:3D:5E:0B",
                "00:1A:79:4A:4D:D7",
                "00:1A:79:63:13:53",
                "00:1A:79:A2:1C:ED",
                "00:1A:79:A2:F8:72"
            ]
        },
        {
            "server_name": "line.sohakiller.net",
            "server_url": "http://line.sohakiller.net/c/",
            "macs": [
                "00:1A:79:30:0E:57",
                "00:1A:79:58:78:CE",
                "00:1A:79:7B:17:EA",
                "00:1A:79:A1:DC:E7"
            ]
        },
        {
            "server_name": "perfectiptv.dynns.com:25461",
            "server_url": "http://perfectiptv.dynns.com:25461/c/",
            "macs": [
                "00:1A:79:57:8B:EE"
            ]
        },
        {
            "server_name": "eu.majes-line.co:80",
            "server_url": "http://eu.majes-line.co:80/c/",
            "macs": [
                "00:1A:79:00:3D:5F",
                "00:1A:79:40:10:08",
                "00:1A:79:9B:62:59",
                "00:1A:79:D4:2D:10",
                "00:1A:79:F5:6D:23",
                "00:1A:79:FC:1F:65"
            ]
        }
    ]
}