{
    "items": [
        {
            "server_name": "stalker.ugoiptv.com:80",
            "server_url": "http://stalker.ugoiptv.com:80/c/",
            "macs": [
                "00:1A:79:6B:5C:59",
                "00:1A:79:AD:D1:6B"
            ]
        },
        {
            "server_name": "connect.proxytx.cloud:80",
            "server_url": "http://connect.proxytx.cloud:80/c/",
            "macs": [
                "00:1A:79:C3:6A:57"
            ]
        },
        {
            "server_name": "atg100.xyz",
            "server_url": "http://atg100.xyz/c/",
            "macs": [
                "00:1A:79:BC:A7:37"
            ]
        },
        {
            "server_name": "king.viviotv.xyz:80",
            "server_url": "http://king.viviotv.xyz:80/c/",
            "macs": [
                "00:1A:79:86:39:89"
            ]
        },
        {
            "server_name": "vip0509.111422.net:2052",
            "server_url": "http://vip0509.111422.net:2052/c/",
            "macs": [
                "00:1A:79:7B:2F:27"
            ]
        },
        {
            "server_name": "stiptv3.xyz:8000",
            "server_url": "http://stiptv3.xyz:8000/c/",
            "macs": [
                "00:1A:79:B1:8A:A8"
            ]
        },
        {
            "server_name": "iptvs4.ultapulta.com:80",
            "server_url": "http://iptvs4.ultapulta.com:80/stalker_portal/c/",
            "macs": [
                "00:1A:79:5B:09:8C"
            ]
        },
        {
            "server_name": "xpone.nl:80",
            "server_url": "http://xpone.nl:80/c/",
            "macs": [
                "00:1A:79:C8:48:AA"
            ]
        },
        {
            "server_name": "my-iptv.mk:80",
            "server_url": "http://my-iptv.mk:80/c/",
            "macs": [
                "00:1A:79:37:1A:57"
            ]
        }
    ]
}