{
    "items": [
        {
            "server_name": "spain1.offshorerev.cc:8080",
            "server_url": "http://spain1.offshorerev.cc:8080/c/",
            "macs": [
                "00:1A:79:31:0A:28",
                "00:1A:79:32:D6:16",
                "00:1A:79:32:EB:32",
                "00:1A:79:33:43:86",
                "00:1A:79:34:25:2F",
                "00:1A:79:3E:17:24",
                "00:1A:79:41:A1:1D",
                "00:1A:79:48:B8:71"
            ]
        },
        {
            "server_name": "31.220.41.100:80",
            "server_url": "http://31.220.41.100:80/c/",
            "macs": [
                "00:1A:79:2B:CA:7B",
                "00:1A:79:4C:D0:82",
                "00:1A:79:5C:8F:51",
                "00:1A:79:66:36:38",
                "00:1A:79:69:2F:3F",
                "00:1A:79:6C:45:E9",
                "00:1A:79:9A:B8:57",
                "00:1A:79:A4:88:69"
            ]
        },
        {
            "server_name": "brutus.biz:2082",
            "server_url": "http://brutus.biz:2082/c/",
            "macs": [
                "00:1A:79:5D:F2:9C"
            ]
        },
        {
            "server_name": "test.satlok.club:80",
            "server_url": "http://test.satlok.club:80/c/",
            "macs": [
                "00:1A:79:27:A1:D5",
                "00:1A:79:66:31:CB",
                "00:1A:79:AB:F1:64",
                "00:1A:79:AE:3F:D3",
                "00:1A:79:B8:87:01",
                "00:1A:79:F5:07:38"
            ]
        },
        {
            "server_name": "trsat.ddns.us:80",
            "server_url": "http://trsat.ddns.us:80/c/",
            "macs": [
                "00:1A:79:36:AF:B8"
            ]
        },
        {
            "server_name": "v2pro.online:8080",
            "server_url": "http://v2pro.online:8080/c/",
            "macs": [
                "00:1A:79:68:FC:2A"
            ]
        },
        {
            "server_name": "x.ghost-27.com:8080",
            "server_url": "http://x.ghost-27.com:8080/c/",
            "macs": [
                "00:1A:79:B5:AC:12"
            ]
        },
        {
            "server_name": "fxsrvr.xyz:8000",
            "server_url": "http://fxsrvr.xyz:8000/c/",
            "macs": [
                "00:1A:79:5E:87:26"
            ]
        },
        {
            "server_name": "mag.bee-ott.com",
            "server_url": "http://mag.bee-ott.com/c/",
            "macs": [
                "00:1A:79:21:0C:4D",
                "00:1A:79:32:C3:26",
                "00:1A:79:5A:2F:C8",
                "00:1A:79:86:6F:A3",
                "00:1A:79:94:9C:88",
                "00:1A:79:AA:22:82",
                "00:1A:79:AF:39:64",
                "00:1A:79:BB:E9:AC",
                "00:1A:79:C4:2C:39",
                "00:1A:79:C7:06:A4",
                "00:1A:79:E6:53:2B",
                "00:1A:79:FA:7A:D8"
            ]
        },
        {
            "server_name": "onfireboxtv.com",
            "server_url": "http://onfireboxtv.com/c/",
            "macs": [
                "00:1A:79:73:AA:C1"
            ]
        },
        {
            "server_name": "tvpro.vprotv.com:25443",
            "server_url": "http://tvpro.vprotv.com:25443/c/",
            "macs": [
                "00:1A:49:BD:37:08",
                "00:1A:69:BD:37:08"
            ]
        },
        {
            "server_name": "kreta1036.dedicatedpanel.com",
            "server_url": "http://kreta1036.dedicatedpanel.com/stalker_portal/c/",
            "macs": [
                "00:1A:79:68:15:F2"
            ]
        },
        {
            "server_name": "darktv.nl:80",
            "server_url": "http://darktv.nl:80/c/",
            "macs": [
                "00:1A:79:03:76:EB"
            ]
        },
        {
            "server_name": "4khdstreamsbox.com",
            "server_url": "http://4khdstreamsbox.com/c/",
            "macs": [
                "00:1A:79:BC:6D:A3"
            ]
        },
        {
            "server_name": "dino.drmouad.uk:80",
            "server_url": "http://dino.drmouad.uk:80/c/",
            "macs": [
                "00:1A:79:EC:A6:B5"
            ]
        },
        {
            "server_name": "cute-potato.com:8080",
            "server_url": "http://cute-potato.com:8080/c/",
            "macs": [
                "00:1A:79:31:7C:3C"
            ]
        },
        {
            "server_name": "srvgold.iptvcheap.com:80",
            "server_url": "http://srvgold.iptvcheap.com:80/c/",
            "macs": [
                "00:1A:79:07:87:FF"
            ]
        }
    ]
}