{
    "items": [
        {
            "server_name": "king4k.tv:8080",
            "server_url": "http://king4k.tv:8080/c/",
            "macs": [
                "00:1A:79:4D:98:02",
                "00:1A:79:4D:E7:B4",
                "00:1A:79:76:FA:30",
                "00:1A:79:7D:A7:BC"
            ]
        },
        {
            "server_name": "amepz.xyz:8080",
            "server_url": "http://amepz.xyz:8080/c/",
            "macs": [
                "00:1A:79:B6:FC:93",
                "00:1A:79:B8:9A:89"
            ]
        },
        {
            "server_name": "apkonrev.store:8080",
            "server_url": "http://apkonrev.store:8080/c/",
            "macs": [
                "00:1A:79:82:31:B1",
                "00:1A:79:AD:FA:3B"
            ]
        },
        {
            "server_name": "login.lionboxtv.xyz:80",
            "server_url": "http://login.lionboxtv.xyz:80/c/",
            "macs": [
                "00:1A:79:A2:6F:23",
                "00:1A:79:B7:85:E0",
                "00:1A:79:C1:AD:36",
                "00:1A:79:CB:92:54"
            ]
        },
        {
            "server_name": "001004.eu:8080",
            "server_url": "http://001004.eu:8080/c/",
            "macs": [
                "00:1A:79:A3:69:C6",
                "00:1A:79:A5:A2:1C",
                "00:1A:79:A6:DE:05",
                "00:1A:79:A7:A9:D7",
                "00:1A:79:A7:E9:4C",
                "00:1A:79:AD:78:C0",
                "00:1A:79:AE:6C:1E",
                "00:1A:79:B5:5F:E6",
                "00:1A:79:B6:43:41",
                "00:1A:79:BA:24:9A",
                "00:1A:79:BD:43:E6",
                "00:1A:79:BD:5A:91"
            ]
        },
        {
            "server_name": "semprea100.org",
            "server_url": "http://semprea100.org/c/",
            "macs": [
                "00:1A:79:53:32:BF",
                "00:1A:79:54:E9:95",
                "00:1A:79:5F:04:F8",
                "00:1A:79:A3:F8:E9",
                "00:1A:79:A6:77:AC",
                "00:1A:79:A7:B8:85",
                "00:1A:79:A7:EE:D9",
                "00:1A:79:C4:19:7D",
                "00:1A:79:CD:01:07"
            ]
        }
    ]
}