{
    "items": [
        {
            "server_name": "162.55.233.148",
            "server_url": "http://162.55.233.148/stalker_portal/c/",
            "macs": [
                "00:1A:79:7B:BC:DA"
            ]
        },
        {
            "server_name": "play.bk-local.com:8080",
            "server_url": "http://play.bk-local.com:8080/c/",
            "macs": [
                "00:1A:79:19:A9:8C",
                "00:1A:79:3B:75:C5",
                "00:1A:79:78:90:F1",
                "00:1A:79:82:1E:51",
                "00:1A:79:AD:FE:18",
                "00:1A:79:AF:95:96"
            ]
        },
        {
            "server_name": "pamporea.xyz:8080",
            "server_url": "http://pamporea.xyz:8080/c/",
            "macs": [
                "00:1A:79:03:2D:2C"
            ]
        },
        {
            "server_name": "4connect.link",
            "server_url": "http://4connect.link/c/",
            "macs": [
                "00:1A:79:00:1C:F5",
                "00:1A:79:12:3A:F2",
                "00:1A:79:65:9F:39",
                "00:1A:79:66:3A:8F",
                "00:1A:79:71:57:57",
                "00:1A:79:C0:5D:95",
                "00:1A:79:C3:1B:48"
            ]
        },
        {
            "server_name": "123jk.tv",
            "server_url": "http://123jk.tv/c/",
            "macs": [
                "00:1A:79:40:5B:DB",
                "00:1A:79:44:C9:6A",
                "00:1A:79:45:D9:64",
                "00:1A:79:4C:59:63",
                "00:1A:79:4C:7C:97"
            ]
        }
    ]
}