{
    "items": [
        {
            "server_name": "ojpc.live:8080",
            "server_url": "http://ojpc.live:8080/c/",
            "macs": [
                "00:1A:79:A5:9A:93",
                "00:1A:79:C1:E2:AD",
                "00:1A:79:D3:0A:CD"
            ]
        },
        {
            "server_name": "tv.pro-ott.com:80",
            "server_url": "http://tv.pro-ott.com:80/c/",
            "macs": [
                "00:1A:79:4D:C6:C1"
            ]
        },
        {
            "server_name": "test.satlok.club:80",
            "server_url": "http://test.satlok.club:80/c/",
            "macs": [
                "00:1A:79:14:7B:BD",
                "00:1A:79:7E:CF:0E",
                "00:1A:79:B9:DE:7C",
                "00:1A:79:BD:11:4D",
                "00:1A:79:FB:0B:E6"
            ]
        }
    ]
}