{
    "items": [
        {
            "server_name": "dino.drmouad.uk",
            "server_url": "http://dino.drmouad.uk/c/",
            "macs": [
                "00:1A:79:10:12:68",
                "00:1A:79:51:64:D8",
                "00:1A:79:58:FE:22",
                "00:1A:79:B4:F0:76",
                "00:1A:79:C2:E4:B8"
            ]
        },
        {
            "server_name": "tp.nxdns4.com:8080",
            "server_url": "http://tp.nxdns4.com:8080/c/",
            "macs": [
                "00:1A:79:07:22:0C",
                "00:1A:79:5A:3E:B1",
                "00:1A:79:9A:30:E3",
                "00:1A:79:B6:B2:06",
                "00:1A:79:DC:82:20"
            ]
        },
        {
            "server_name": "104.207.139.210",
            "server_url": "http://104.207.139.210/stalker_portal/c/",
            "macs": [
                "00:1A:79:3A:91:06",
                "00:1A:79:3A:98:6A"
            ]
        },
        {
            "server_name": "172.105.6.210",
            "server_url": "http://172.105.6.210/stalker_portal/c/",
            "macs": [
                "00:1A:79:38:1D:E1",
                "00:1A:79:3E:A2:49"
            ]
        },
        {
            "server_name": "89.47.232.72:8080",
            "server_url": "http://89.47.232.72:8080/c/",
            "macs": [
                "00:1A:79:B6:8C:3D"
            ]
        },
        {
            "server_name": "clientbox.tv",
            "server_url": "http://clientbox.tv/c/",
            "macs": [
                "00:1A:79:00:00:00",
                "00:1A:79:03:8A:CB",
                "00:1A:79:06:51:DA",
                "00:1A:79:06:92:A4",
                "00:1A:79:08:99:7B",
                "00:1A:79:09:27:A6",
                "00:1A:79:0A:01:10",
                "00:1A:79:0A:01:BD",
                "00:1A:79:0E:36:CC",
                "00:1A:79:0E:5A:A1",
                "00:1A:79:0F:76:FE",
                "00:1A:79:10:79:26",
                "00:1A:79:11:04:F6",
                "00:1A:79:11:15:12",
                "00:1A:79:11:1C:53",
                "00:1A:79:14:1D:45",
                "00:1A:79:14:C1:7D",
                "00:1A:79:15:23:B4",
                "00:1A:79:17:25:E6",
                "00:1A:79:17:28:B0",
                "00:1A:79:19:72:C7",
                "00:1A:79:1C:E9:25",
                "00:1A:79:1F:9F:34",
                "00:1A:79:21:02:EF",
                "00:1A:79:21:0D:87",
                "00:1A:79:21:4D:9A",
                "00:1A:79:21:94:85",
                "00:1A:79:21:9A:35",
                "00:1A:79:25:E5:89",
                "00:1A:79:26:05:AE",
                "00:1A:79:27:C2:72",
                "00:1A:79:29:26:87",
                "00:1A:79:29:32:35",
                "00:1A:79:29:58:66",
                "00:1A:79:29:64:85",
                "00:1A:79:2C:58:B8",
                "00:1A:79:32:B5:16",
                "00:1A:79:33:FA:9F",
                "00:1A:79:35:FF:11"
            ]
        },
        {
            "server_name": "datacentar.org",
            "server_url": "http://datacentar.org/c/",
            "macs": [
                "00:1A:79:0A:C5:B3",
                "00:1A:79:21:78:D7",
                "00:1A:79:35:BA:D1",
                "00:1A:79:3A:38:62",
                "00:1A:79:3B:2E:0F",
                "00:1A:79:46:10:88",
                "00:1A:79:47:8F:91",
                "00:1A:79:4E:A0:80",
                "00:1A:79:50:9E:6C",
                "00:1A:79:66:18:F2",
                "00:1A:79:68:FC:B9",
                "00:1A:79:6D:F3:C7",
                "00:1A:79:70:35:68",
                "00:1A:79:76:02:F2",
                "00:1A:79:78:6E:52",
                "00:1A:79:79:27:1F",
                "00:1A:79:BA:E2:74"
            ]
        },
        {
            "server_name": "92.204.40.153",
            "server_url": "http://92.204.40.153/stalker_portal/c/",
            "macs": [
                "00:1A:79:48:02:68",
                "00:1A:79:5C:7E:2E",
                "00:1A:79:69:87:C4",
                "00:1A:79:6D:F4:04",
                "00:1A:79:73:78:1C",
                "00:1A:79:86:0E:C8"
            ]
        },
        {
            "server_name": "185.236.228.180:8080",
            "server_url": "http://185.236.228.180:8080/c/",
            "macs": [
                "00:1A:79:39:DE:8D",
                "00:1A:79:3D:14:57",
                "00:1A:79:4E:31:BC",
                "00:1A:79:5F:EB:5B",
                "00:1A:79:6F:B7:90",
                "00:1A:79:A4:D5:62",
                "00:1A:79:A5:A5:51",
                "00:1A:79:A9:1F:28",
                "00:1A:79:A9:D6:55",
                "00:1A:79:AB:1A:EA",
                "00:1A:79:AB:90:CD",
                "00:1A:79:AB:A1:A1",
                "00:1A:79:AB:E8:92",
                "00:1A:79:AD:4D:B6",
                "00:1A:79:AD:59:C2",
                "00:1A:79:AE:B0:48",
                "00:1A:79:BF:A1:48"
            ]
        }
    ]
}