{
    "items": [
        {
            "server_name": "amazingiptv.live:8080",
            "server_url": "http://amazingiptv.live:8080/c/",
            "macs": [
                "00:1A:79:85:4B:3B"
            ]
        },
        {
            "server_name": "amepz.xyz:8080",
            "server_url": "http://amepz.xyz:8080/c/",
            "macs": [
                "00:1A:79:78:C1:A7"
            ]
        },
        {
            "server_name": "lionboxiptv.xyz",
            "server_url": "http://lionboxiptv.xyz/c/",
            "macs": [
                "00:1A:79:BD:C7:59"
            ]
        },
        {
            "server_name": "onrev.xyz:80",
            "server_url": "http://onrev.xyz:80/c/",
            "macs": [
                "00:1A:79:3E:26:89",
                "00:1A:79:5B:97:AC",
                "00:1A:79:81:F3:4F",
                "00:1A:79:B2:B5:4C"
            ]
        },
        {
            "server_name": "4connect.link",
            "server_url": "http://4connect.link/c/",
            "macs": [
                "00:1A:79:71:B5:1C"
            ]
        },
        {
            "server_name": "p1.iptvrocket.tv:80",
            "server_url": "http://p1.iptvrocket.tv:80/c/",
            "macs": [
                "00:1A:79:09:36:23",
                "00:1A:79:2B:C1:D6",
                "00:1A:79:5D:6D:08",
                "00:1A:79:A2:DD:09",
                "00:1A:79:A4:8F:4D"
            ]
        },
        {
            "server_name": "31.220.41.100",
            "server_url": "http://31.220.41.100/c/",
            "macs": [
                "00:1A:79:06:0A:5A",
                "00:1A:79:58:FC:3C",
                "00:1A:79:5A:C7:48",
                "00:1A:79:66:63:F5",
                "00:1A:79:7B:D0:0F",
                "00:1A:79:B1:8F:04",
                "00:1A:79:B4:CB:60",
                "00:1A:79:C9:BC:EE",
                "00:1A:79:D3:4F:2A",
                "00:1A:79:D5:55:3E"
            ]
        }
    ]
}