{
    "items": [
        {
            "server_name": "letmein.fun:8080",
            "server_url": "http://letmein.fun:8080/c/",
            "macs": [
                "00:1a:79:a7:b6:60",
                "00:1a:79:ab:e9:30",
                "00:1a:79:ad:75:cf",
                "00:1a:79:a5:e4:41",
                "00:1a:79:ab:ab:2e",
                "00:1a:79:a3:8a:ae",
                "00:1a:79:ad:ab:b2",
                "00:1a:79:ad:93:1e",
                "00:1a:79:ae:51:64",
                "00:1a:79:ad:fb:e8",
                "00:1a:79:a3:7b:d2",
                "00:1a:79:ab:c0:aa",
                "00:1a:79:ac:38:18",
                "00:1a:79:ab:2c:ae",
                "00:1a:79:ab:90:e0",
                "00:1a:79:ab:d1:cb",
                "00:1a:79:ae:40:99",
                "00:1a:79:a5:e6:24",
                "00:1a:79:ab:f2:ad",
                "00:1a:79:ab:90:cd"
            ]
        },
        {
            "server_name": "tango.123tv.to:8080",
            "server_url": "http://tango.123tv.to:8080/c/",
            "macs": [
                "00:1a:79:5c:84:49",
                "00:1a:79:af:87:4a",
                "00:1a:79:1d:07:eb",
                "00:1a:79:b7:76:eb",
                "00:1a:79:aa:89:c5"
            ]
        },
        {
            "server_name": "line.gofast-tv.me",
            "server_url": "http://line.gofast-tv.me/c/",
            "macs": [
                "00:1A:79:00:00:01",
                "00:1A:79:00:00:11",
                "00:1A:79:00:00:4E",
                "00:1A:79:00:00:85",
                "00:1A:79:00:00:76",
                "00:1A:79:00:01:04",
                "00:1A:79:00:00:EE"
            ]
        },
        {
            "server_name": "fleximediatv.co.uk:8080",
            "server_url": "http://fleximediatv.co.uk:8080/c/",
            "macs": [
                "00:1A:79:3B:8C:6C"
            ]
        },
        {
            "server_name": "live.watsits.art:80",
            "server_url": "http://live.watsits.art:80/c/",
            "macs": [
                "00:1A:79:fb:c3:74"
            ]
        },
        {
            "server_name": "superblue.live:8080",
            "server_url": "http://superblue.live:8080/c/",
            "macs": [
                "00:1a:79:44:fb:9d"
            ]
        },
        {
            "server_name": "1sn.ns1.name:18800",
            "server_url": "http://1sn.ns1.name:18800/c/",
            "macs": [
                "00:1a:79:32:4f:b3"
            ]
        },
        {
            "server_name": "premiumip.tv:8000",
            "server_url": "http://premiumip.tv:8000/c/",
            "macs": [
                "00:1A:79:00:40:4A"
            ]
        },
        {
            "server_name": "iptvtree.net:8080",
            "server_url": "http://iptvtree.net:8080/c/",
            "macs": [
                "00:1a:79:7c:80:d7"
            ]
        },
        {
            "server_name": "MAG.t-v.io:8080",
            "server_url": "http://MAG.t-v.io:8080/c/",
            "macs": [
                "00:1A:79:C6:2F:1E",
                "00:1A:79:AE:2C:F1",
                "00:1A:79:B6:6F:88",
                "00:1A:79:43:16:DE",
                "00:1A:79:A3:B8:41",
                "00:1A:79:A7:E4:03",
                "00:1A:79:AD:91:15",
                "00:1A:79:AA:8E:B8",
                "00:1A:79:52:12:59",
                "00:1A:79:6F:8F:55",
                "00:1A:79:18:09:77",
                "00:1A:79:C4:0C:F1",
                "00:1A:79:2B:7F:94",
                "00:1A:79:18:7F:8D",
                "00:1A:79:B5:5D:58",
                "00:1A:79:B8:7F:83",
                "00:1A:79:BD:38:AD",
                "00:1A:79:AA:84:BD",
                "00:1A:79:B9:D0:03",
                "00:1A:79:58:1F:C0",
                "00:1A:79:A7:B8:08",
                "00:1A:79:46:66:1C",
                "00:1A:79:B1:F3:88",
                "00:1A:79:AB:4D:AD",
                "00:1A:79:18:6F:76",
                "00:1A:79:5E:8F:00",
                "00:1A:79:18:1A:C9",
                "00:1A:79:C6:2F:1E",
                "00:1A:79:A7:E4:03",
                "00:1A:79:AE:2C:F1",
                "00:1A:79:A3:B8:41",
                "00:1A:79:B6:6F:88",
                "00:1A:79:43:16:DE",
                "00:1A:79:AD:91:15",
                "00:1A:79:AF:65:8C",
                "00:1A:79:B2:85:07",
                "00:1A:79:B5:55:F3",
                "00:1A:79:BD:85:56",
                "00:1A:79:55:DB:8B",
                "00:1A:79:4E:78:A4",
                "00:1A:79:AF:65:E0",
                "00:1A:79:5C:21:81",
                "00:1A:79:AF:65:E4",
                "00:1A:79:B5:62:8C",
                "00:1A:79:AF:51:D0",
                "00:1A:79:B0:36:6B",
                "00:1A:79:A7:A1:5F",
                "00:1A:79:B5:55:81",
                "00:1A:79:BD:87:F6",
                "00:1A:79:AF:51:D8",
                "00:1A:79:AA:8E:B8",
                "00:1A:79:18:7F:8D",
                "00:1A:79:18:09:77",
                "00:1A:79:C4:0C:F1",
                "00:1A:79:B5:5D:58",
                "00:1A:79:2B:7F:94",
                "00:1A:79:A7:B8:08",
                "00:1A:79:B1:F3:88",
                "00:1A:79:BD:38:AD",
                "00:1A:79:AB:4D:AD",
                "00:1A:79:5E:8F:00",
                "00:1A:79:46:66:1C",
                "00:1A:79:18:6F:76"
            ]
        }
    ]
}