{
    "items": [
        {
            "server_name": "ip.sltv.xyz:8080",
            "server_url": "http://ip.sltv.xyz:8080/c/",
            "macs": [
                "00:1a:79:2d:21:42",
                "00:1a:79:b3:a3:46",
                "00:1a:79:56:bc:c7",
                "00:1a:79:be:76:02",
                "00:1a:79:56:c5:82",
                "00:1a:79:f7:9f:c5",
                "00:1a:79:59:51:aa",
                "00:1a:79:a3:00:78",
                "00:1a:79:d6:b6:db",
                "00:1a:79:3b:06:58",
                "00:1a:79:4c:0d:72",
                "00:1a:79:ba:b0:56",
                "00:1a:79:7a:a7:3a"
            ]
        },
        {
            "server_name": "p1.iptvrocket.tv",
            "server_url": "http://p1.iptvrocket.tv/c/",
            "macs": [
                "00:1a:79:67:2d:f0",
                "00:1a:79:2d:c3:93",
                "00:1a:79:b2:b6:ab",
                "00:1a:79:e5:34:41",
                "00:1a:79:53:66:5c",
                "00:1a:79:e6:ef:a7",
                "00:1a:79:36:7e:dd",
                "00:1a:79:37:af:ae",
                "00:1a:79:b9:23:32",
                "00:1a:79:af:11:c8"
            ]
        }
    ]
}