{
    "items": [
        {
            "server_name": "kapak.plustvmedia.com",
            "server_url": "http://kapak.plustvmedia.com/c/",
            "macs": [
                "00:1A:79:00:4A:05",
                "00:1A:79:05:F6:D3",
                "00:1A:79:1D:9F:61",
                "00:1A:79:20:8F:0E",
                "00:1A:79:29:3E:70",
                "00:1A:79:2D:92:7C",
                "00:1A:79:2F:03:C6",
                "00:1A:79:35:D5:53",
                "00:1A:79:3B:19:08",
                "00:1A:79:3D:FE:B1",
                "00:1A:79:41:6B:0C",
                "00:1A:79:42:10:50",
                "00:1A:79:44:21:E2",
                "00:1A:79:4A:B8:67",
                "00:1A:79:54:E1:E6",
                "00:1A:79:58:C6:F7",
                "00:1A:79:5D:30:EF",
                "00:1A:79:5E:3E:39",
                "00:1A:79:85:B8:9E",
                "00:1A:79:A9:2A:2D",
                "00:1A:79:AE:3C:A6",
                "00:1A:79:B0:B8:10",
                "00:1A:79:BD:44:3C",
                "00:1A:79:BD:7B:CF",
                "00:1A:79:BF:7F:EF",
                "00:1A:79:C1:F5:8F",
                "00:1A:79:C1:FB:B5",
                "00:1A:79:C3:C3:5C",
                "00:1A:79:C4:34:83",
                "00:1A:79:D6:7F:0B",
                "00:1A:79:F7:70:2F",
                "00:1A:79:FB:00:F2"
            ]
        },
        {
            "server_name": "new.ivue.co:25461",
            "server_url": "http://new.ivue.co:25461/c/",
            "macs": [
                "00:1A:79:1A:24:63",
                "00:1A:79:3B:56:76",
                "00:1A:79:3E:67:83",
                "00:1A:79:46:68:C4",
                "00:1A:79:46:6B:43",
                "00:1A:79:4A:13:5D",
                "00:1A:79:4F:01:DE",
                "00:1A:79:51:B9:2A",
                "00:1A:79:52:97:78",
                "00:1A:79:53:FE:A1",
                "00:1A:79:54:DB:95",
                "00:1A:79:55:AA:F6",
                "00:1A:79:5B:9A:29",
                "00:1A:79:5D:29:EE",
                "00:1A:79:5D:BF:37",
                "00:1A:79:6A:2C:74",
                "00:1A:79:6B:19:7F",
                "00:1A:79:6B:D1:5F",
                "00:1A:79:6B:D7:91",
                "00:1A:79:70:01:88",
                "00:1A:79:72:96:DE",
                "00:1A:79:73:B5:98",
                "00:1A:79:74:97:4B",
                "00:1A:79:77:5E:84",
                "00:1A:79:77:87:84",
                "00:1A:79:78:16:18",
                "00:1A:79:8A:43:5E",
                "00:1A:79:A3:DA:46",
                "00:1A:79:A4:D5:27",
                "00:1A:79:AA:E9:29",
                "00:1A:79:AF:AD:53",
                "00:1A:79:B8:48:21",
                "00:1A:79:B8:49:AD",
                "00:1A:79:B8:4E:5A",
                "00:1A:79:B8:4E:5C",
                "00:1A:79:B8:4E:61",
                "00:1A:79:B8:4E:76",
                "00:1A:79:BD:5D:E7",
                "00:1A:79:C2:2F:10",
                "00:1A:79:C2:3A:50",
                "00:1A:79:C5:F9:10",
                "00:1A:79:C7:DB:62",
                "00:1A:79:CF:29:A7",
                "00:1A:79:DE:27:60",
                "00:1A:79:E1:DD:F0"
            ]
        },
        {
            "server_name": "stb.homeiptv.org",
            "server_url": "http://stb.homeiptv.org/stalker_portal/c/",
            "macs": [
                "00:1A:79:04:04:C9"
            ]
        },
        {
            "server_name": "185.11.145.188",
            "server_url": "http://185.11.145.188/c/",
            "macs": [
                "00:1A:79:B0:99:5B"
            ]
        },
        {
            "server_name": "kb007.xyz",
            "server_url": "http://kb007.xyz/c/",
            "macs": [
                "00:1A:79:C1:88:7A"
            ]
        },
        {
            "server_name": "bestott.net:80",
            "server_url": "http://bestott.net:80/c/",
            "macs": [
                "00:1A:79:53:3F:C8",
                "00:1A:79:B7:AC:D3"
            ]
        },
        {
            "server_name": "xpone.nl",
            "server_url": "http://xpone.nl/c/",
            "macs": [
                "00:1A:79:02:FE:E3",
                "00:1A:79:0E:24:E5",
                "00:1A:79:17:21:B0",
                "00:1A:79:23:FD:BC",
                "00:1A:79:3B:B1:86",
                "00:1A:79:41:FC:5C",
                "00:1A:79:42:DF:CF",
                "00:1A:79:4E:FA:4A",
                "00:1A:79:61:FD:C9",
                "00:1A:79:72:00:9D",
                "00:1A:79:73:2F:4F",
                "00:1A:79:90:31:FB",
                "00:1A:79:90:85:07",
                "00:1A:79:91:02:5D",
                "00:1A:79:A3:BC:A0",
                "00:1A:79:A4:3F:D5",
                "00:1A:79:A6:6E:9E",
                "00:1A:79:AB:B6:A9",
                "00:1A:79:B0:0D:72",
                "00:1A:79:BA:D6:67",
                "00:1A:79:BC:29:BC",
                "00:1A:79:C3:40:DD",
                "00:1A:79:C7:B2:39",
                "00:1A:79:D0:3F:5D"
            ]
        },
        {
            "server_name": "unblock2.king-box.tv:80",
            "server_url": "http://unblock2.king-box.tv:80/c/",
            "macs": [
                "00:1A:79:69:B7:48",
                "00:1A:79:77:4E:68",
                "00:1A:79:A9:E8:1F",
                "00:1A:79:C5:AF:83",
                "00:1A:79:CF:38:AD"
            ]
        },
        {
            "server_name": "tp.nxdns4.com:8080",
            "server_url": "http://tp.nxdns4.com:8080/c/",
            "macs": [
                "00:1A:79:07:22:0C",
                "00:1A:79:5A:3E:B1",
                "00:1A:79:67:9F:D1",
                "00:1A:79:9A:30:E3",
                "00:1A:79:B6:B2:06",
                "00:1A:79:DC:82:20"
            ]
        },
        {
            "server_name": "magm1giillmig.funtogether.xyz:8080",
            "server_url": "http://magm1giillmig.funtogether.xyz:8080/c/",
            "macs": [
                "00:1A:79:C3:B0:57"
            ]
        },
        {
            "server_name": "play.bk-local.com:8080",
            "server_url": "http://play.bk-local.com:8080/c/",
            "macs": [
                "00:1A:79:6C:F3:AF"
            ]
        },
        {
            "server_name": "lionboxiptv.xyz",
            "server_url": "http://lionboxiptv.xyz/c/",
            "macs": [
                "00:1A:79:46:61:1E"
            ]
        },
        {
            "server_name": "brutus.biz:2082",
            "server_url": "http://brutus.biz:2082/c/",
            "macs": [
                "00:1A:79:57:2E:0F"
            ]
        },
        {
            "server_name": "liveiptv.vip:88",
            "server_url": "http://liveiptv.vip:88/c/",
            "macs": [
                "00:1A:79:0C:85:03"
            ]
        },
        {
            "server_name": "onfireboxtv.com",
            "server_url": "http://onfireboxtv.com/c/",
            "macs": [
                "00:1A:79:5C:D2:70"
            ]
        },
        {
            "server_name": "brokentv.rip:8080",
            "server_url": "http://brokentv.rip:8080/c/",
            "macs": [
                "00:1A:79:AE:44:D5"
            ]
        },
        {
            "server_name": "liveline.store:8000",
            "server_url": "http://liveline.store:8000/c/",
            "macs": [
                "00:1A:79:41:CF:95"
            ]
        },
        {
            "server_name": "powerip.be:8000",
            "server_url": "http://powerip.be:8000/c/",
            "macs": [
                "00:1A:79:A2:10:2D"
            ]
        },
        {
            "server_name": "qsmarter.4kfastcode.net",
            "server_url": "http://qsmarter.4kfastcode.net/c/",
            "macs": [
                "00:1A:79:02:1A:46",
                "00:1A:79:03:8F:1B",
                "00:1A:79:06:E2:1B",
                "00:1A:79:0A:03:1A",
                "00:1A:79:0C:C8:BD",
                "00:1A:79:0E:1C:C8",
                "00:1A:79:0E:20:26",
                "00:1A:79:11:83:E8",
                "00:1A:79:11:E6:16",
                "00:1A:79:17:05:A1",
                "00:1A:79:18:09:FB",
                "00:1A:79:18:13:BD",
                "00:1A:79:18:14:5C",
                "00:1A:79:19:43:1D",
                "00:1A:79:1D:09:F9",
                "00:1A:79:1F:3F:85",
                "00:1A:79:22:01:F5",
                "00:1A:79:2F:55:80",
                "00:1A:79:32:23:B7",
                "00:1A:79:32:79:00",
                "00:1A:79:36:B8:70",
                "00:1A:79:47:58:B9",
                "00:1A:79:49:09:0D",
                "00:1A:79:49:6B:65",
                "00:1A:79:53:F0:B7",
                "00:1A:79:53:F2:00",
                "00:1A:79:58:2A:0F",
                "00:1A:79:58:C9:58",
                "00:1A:79:5C:2C:62",
                "00:1A:79:62:A0:4D",
                "00:1A:79:65:F8:E4",
                "00:1A:79:6C:2E:02",
                "00:1A:79:72:45:5A",
                "00:1A:79:73:EA:D3",
                "00:1A:79:74:06:5A",
                "00:1A:79:79:13:81",
                "00:1A:79:7C:51:21",
                "00:1A:79:83:6F:C5",
                "00:1A:79:89:78:5B",
                "00:1A:79:8A:6B:93",
                "00:1A:79:8B:20:27",
                "00:1A:79:8F:9F:E7",
                "00:1A:79:A0:0B:87",
                "00:1A:79:A2:BD:2B",
                "00:1A:79:A9:D3:C1",
                "00:1A:79:A9:E7:35",
                "00:1A:79:AA:D6:CA",
                "00:1A:79:AB:D1:C1",
                "00:1A:79:B6:55:96",
                "00:1A:79:BD:D4:23",
                "00:1A:79:BF:84:6C",
                "00:1A:79:BF:A5:05",
                "00:1A:79:BF:B8:84",
                "00:1A:79:BF:DE:C0",
                "00:1A:79:C0:8A:4D",
                "00:1A:79:C2:A5:B3",
                "00:1A:79:C6:CB:E2",
                "00:1A:79:CB:9C:A2",
                "00:1A:79:CB:9E:1C",
                "00:1A:79:D5:5F:A1",
                "00:1A:79:DA:AD:F3",
                "00:1A:79:DC:9F:C3",
                "00:1A:79:E8:1E:F5",
                "00:1A:79:EB:C2:57",
                "00:1A:79:F5:17:FB",
                "00:1A:79:FA:02:2A"
            ]
        }
    ]
}