{
    "items": [
        {
            "server_name": "sidflix.com",
            "server_url": "http://sidflix.com/c/",
            "macs": [
                "00:1A:79:24:F8:BC",
                "00:1A:79:3A:7C:A1",
                "00:1A:79:43:D0:01",
                "00:1A:79:45:71:95",
                "00:1A:79:49:B6:42",
                "00:1A:79:55:8B:C7",
                "00:1A:79:5E:B5:50",
                "00:1A:79:77:5D:30",
                "00:1A:79:81:4D:33",
                "00:1A:79:85:BE:2C",
                "00:1A:79:97:93:37",
                "00:1A:79:AF:6F:65",
                "00:1A:79:B1:3E:0E",
                "00:1A:79:B4:EE:77",
                "00:1A:79:B4:F2:65",
                "00:1A:79:B5:09:F3",
                "00:1A:79:B7:7D:0F",
                "00:1A:79:B9:B4:E1",
                "00:1A:79:C1:29:8B",
                "00:1A:79:C1:39:63",
                "00:1A:79:C3:79:5D",
                "00:1A:79:C7:8A:E1",
                "00:1A:79:CA:57:79",
                "00:1A:79:E9:B3:82"
            ]
        },
        {
            "server_name": "92.204.40.153",
            "server_url": "http://92.204.40.153/stalker_portal/c/",
            "macs": [
                "00:1A:79:04:EE:CF",
                "00:1A:79:40:83:4A",
                "00:1A:79:40:F1:E7",
                "00:1A:79:43:39:4F",
                "00:1A:79:49:1F:90",
                "00:1A:79:5F:35:68",
                "00:1A:79:66:85:41"
            ]
        },
        {
            "server_name": "51.89.96.89:8080",
            "server_url": "http://51.89.96.89:8080/c/",
            "macs": [
                "00:1A:79:B4:E9:F6",
                "00:1A:79:BF:DB:A7"
            ]
        },
        {
            "server_name": "195.133.192.109:8080",
            "server_url": "http://195.133.192.109:8080/c/",
            "macs": [
                "00:1A:79:32:A8:97",
                "00:1A:79:D6:3F:59"
            ]
        },
        {
            "server_name": "liveline.store:8000",
            "server_url": "http://liveline.store:8000/c/",
            "macs": [
                "00:1A:79:00:00:01",
                "00:1A:79:00:A9:03",
                "00:1A:79:01:00:31",
                "00:1A:79:01:01:01",
                "00:1A:79:05:F4:F2",
                "00:1A:79:1D:6B:60",
                "00:1A:79:22:49:2B",
                "00:1A:79:2A:D2:20",
                "00:1A:79:2A:D2:4A",
                "00:1A:79:31:D1:D8",
                "00:1A:79:45:21:8F",
                "00:1A:79:54:58:BB",
                "00:1A:79:6E:90:82",
                "00:1A:79:75:02:88",
                "00:1A:79:9E:E5:C6",
                "00:1A:79:A2:F9:9E",
                "00:1A:79:A3:D2:45",
                "00:1A:79:AD:0D:A4",
                "00:1A:79:BB:C7:28",
                "00:1A:79:C3:6C:05",
                "00:1A:79:EC:C2:BE"
            ]
        },
        {
            "server_name": "5.206.227.184:8080",
            "server_url": "http://5.206.227.184:8080/c/",
            "macs": [
                "00:1A:79:39:DE:8D",
                "00:1A:79:3D:14:57",
                "00:1A:79:4C:DD:75",
                "00:1A:79:4E:31:BC",
                "00:1A:79:53:DD:F5",
                "00:1A:79:5A:E3:20",
                "00:1A:79:5F:EB:5B",
                "00:1A:79:6F:B7:90",
                "00:1A:79:A3:17:83",
                "00:1A:79:A4:D5:62",
                "00:1A:79:A5:A5:51",
                "00:1A:79:A6:69:3B",
                "00:1A:79:A6:74:9C",
                "00:1A:79:A7:DF:8D",
                "00:1A:79:A9:1F:28",
                "00:1A:79:A9:D6:55",
                "00:1A:79:A9:F2:66",
                "00:1A:79:AA:C0:1A",
                "00:1A:79:AB:4F:37",
                "00:1A:79:AB:5F:A6",
                "00:1A:79:AB:90:CD",
                "00:1A:79:AB:A1:A1",
                "00:1A:79:AB:A5:85",
                "00:1A:79:AB:A5:C3",
                "00:1A:79:AB:E8:92",
                "00:1A:79:AD:02:FC",
                "00:1A:79:AD:10:D6",
                "00:1A:79:AD:59:C2",
                "00:1A:79:AD:A6:9A",
                "00:1A:79:AD:AF:39",
                "00:1A:79:AD:D5:7E",
                "00:1A:79:AE:40:69",
                "00:1A:79:AE:B0:48",
                "00:1A:79:BF:A1:48",
                "00:1A:79:D4:7F:DA"
            ]
        },
        {
            "server_name": "slayerteam.in.rs:80",
            "server_url": "http://slayerteam.in.rs:80/c/",
            "macs": [
                "00:1A:79:0E:06:87",
                "00:1A:79:1A:1C:9F",
                "00:1A:79:27:04:DE",
                "00:1A:79:32:C4:DF",
                "00:1A:79:36:32:CD",
                "00:1A:79:66:8B:B2",
                "00:1A:79:94:8D:45",
                "00:1A:79:A5:EC:A3",
                "00:1A:79:A6:AA:AA",
                "00:1A:79:B2:01:3B",
                "00:1A:79:B3:4A:DE",
                "00:1A:79:B4:00:34",
                "00:1A:79:B5:BA:46",
                "00:1A:79:BA:93:DA",
                "00:1A:79:C0:5C:32",
                "00:1A:79:C0:EF:85",
                "00:1A:79:C7:02:2C",
                "00:1A:79:C7:A6:CD",
                "00:1A:79:FA:1B:E3"
            ]
        }
    ]
}