{
    "items": [
        {
            "server_name": "p2.iptvprivateserver.ru",
            "server_url": "http://p2.iptvprivateserver.ru/c/",
            "macs": [
                "00:1A:79:2A:48:53",
                "00:1A:79:32:3C:F9",
                "00:1A:79:4C:69:2A",
                "00:1A:79:5A:C0:2B",
                "00:1A:79:5D:D3:3A",
                "00:1A:79:67:26:CD",
                "00:1A:79:A9:0B:18",
                "00:1A:79:B8:43:64",
                "00:1A:79:C6:5C:C2",
                "00:1A:79:C6:80:38",
                "00:1A:79:FB:64:07"
            ]
        },
        {
            "server_name": "vod.4kplus.org",
            "server_url": "http://vod.4kplus.org/c/",
            "macs": [
                "00:1A:79:05:8F:E7",
                "00:1A:79:A4:E0:AC",
                "00:1A:79:C5:D6:7A"
            ]
        },
        {
            "server_name": "mag.bee-ott.com",
            "server_url": "http://mag.bee-ott.com/c/",
            "macs": [
                "00:1A:79:54:8D:7F",
                "00:1A:79:57:FB:36",
                "00:1A:79:8B:74:33",
                "00:1A:79:BA:30:84",
                "00:1A:79:BD:7D:D7",
                "00:1A:79:C6:F5:87"
            ]
        },
        {
            "server_name": "ns.hollandserver.net",
            "server_url": "http://ns.hollandserver.net/c/",
            "macs": [
                "00:1A:79:05:8F:E7",
                "00:1A:79:A4:E0:AC",
                "00:1A:79:C5:D6:7A"
            ]
        },
        {
            "server_name": "globalsistemleri.site:2095",
            "server_url": "http://globalsistemleri.site:2095/c/",
            "macs": [
                "00:1A:79:A1:F2:7B"
            ]
        },
        {
            "server_name": "vbn123.com",
            "server_url": "http://vbn123.com/c/",
            "macs": [
                "00:1A:79:0E:18:A9",
                "00:1A:79:11:6B:29",
                "00:1A:79:22:BE:DD",
                "00:1A:79:B3:5F:73",
                "00:1A:79:BD:42:39",
                "00:1A:79:CF:01:5D"
            ]
        },
        {
            "server_name": "ojpc.live:8080",
            "server_url": "http://ojpc.live:8080/c/",
            "macs": [
                "00:1A:79:A7:E0:D3"
            ]
        },
        {
            "server_name": "51.89.96.89:8080",
            "server_url": "http://51.89.96.89:8080/c/",
            "macs": [
                "00:1A:79:C1:D0:15"
            ]
        },
        {
            "server_name": "spainmature.chupa-mos.live:80",
            "server_url": "http://spainmature.chupa-mos.live:80/c/",
            "macs": [
                "00:1A:79:38:36:66",
                "00:1A:79:A1:CF:CB",
                "00:1A:79:AB:41:97",
                "00:1A:79:B9:9B:56"
            ]
        },
        {
            "server_name": "tvpro.vprotv.com:25443",
            "server_url": "http://tvpro.vprotv.com:25443/c/",
            "macs": [
                "00:1A:79:64:61:E8",
                "00:1A:79:82:03:88"
            ]
        },
        {
            "server_name": "youtubecdn.watch:8080",
            "server_url": "http://youtubecdn.watch:8080/c/",
            "macs": [
                "00:1A:79:AB:BF:A7"
            ]
        },
        {
            "server_name": "l1iptv.xyz:80",
            "server_url": "http://l1iptv.xyz:80/c/",
            "macs": [
                "00:1A:79:AB:C7:78"
            ]
        },
        {
            "server_name": "nas.bordo1453.be:80",
            "server_url": "http://nas.bordo1453.be:80/c/",
            "macs": [
                "00:1A:79:30:9F:AE",
                "00:1A:79:3B:15:8A",
                "00:1A:79:43:C3:A1",
                "00:1A:79:66:02:AB"
            ]
        },
        {
            "server_name": "p1.iptvrocket.tv:80",
            "server_url": "http://p1.iptvrocket.tv:80/c/",
            "macs": [
                "00:1A:79:48:7D:97",
                "00:1A:79:49:8D:CF",
                "00:1A:79:55:49:3A",
                "00:1A:79:56:38:0C",
                "00:1A:79:5D:64:C9",
                "00:1A:79:83:FA:9C",
                "00:1A:79:AA:59:59",
                "00:1A:79:AB:5C:91"
            ]
        }
    ]
}