{
    "items": [
        {
            "server_name": "my-iptv.mk:80",
            "server_url": "http://my-iptv.mk:80/c/",
            "macs": [
                "00:1A:79:8B:32:F3",
                "00:1A:79:50:C4:96",
                "00:1A:79:B7:29:FF"
            ]
        },
        {
            "server_name": "opensat.be:8080",
            "server_url": "http://opensat.be:8080/c/",
            "macs": []
        },
        {
            "server_name": "81.218.219.218:88",
            "server_url": "http://81.218.219.218:88/stalker_portal/c/",
            "macs": [
                "00:1A:79:08:5F:02",
                "00:1A:79:A6:48:82",
                "00:1A:79:00:00:69",
                "00:1A:79:21:3A:06",
                "00:1A:79:3E:E9:57",
                "00:1A:79:7C:36:EE"
            ]
        },
        {
            "server_name": "45.94.31.240:2083",
            "server_url": "http://45.94.31.240:2083/c/",
            "macs": [
                "00:1A:79:37:09:34",
                "00:1A:79:3D:5E:0B",
                "00:1A:79:A2:1C:ED",
                "00:1A:79:4A:4D:D7",
                "00:1a:79:63:13:53",
                "00:1a:79:a2:f8:72",
                "00:1A:79:00:78:B5",
                "00:1a:79:73:27:f4",
                "00:1A:79:73:47:AE",
                "00:1a:79:5d:1a:d8",
                "00:1A:79:73:6A:01",
                "00:1A:79:02:1A:EB"
            ]
        },
        {
            "server_name": "89.45.13.201:8080",
            "server_url": "http://89.45.13.201:8080/c/",
            "macs": [
                "00:1a:79:5D:8C:A7",
                "00:1A:79:5D:8C:A6",
                "00:1a:79:b2:6f:9e",
                "00:1A:79:5D:AB:32",
                "00:1A:79:AB:5F:35",
                "00:1A:79:01:7a:b0",
                "00:1A:79:01:70:51",
                "00:1A:79:00:08:09",
                "00:1A:79:4C:24:7D",
                "00:1a:79:b1:bb:4c",
                "00:1a:79:19:48:60",
                "00:1A:79:01:70:28",
                "00:1A:79:AF:37:56",
                "00:1A:79:17:07:78",
                "00:1a:79:00:03:a0",
                "00:1A:79:11:2F:5E",
                "00:1A:79:C3:3F:B3"
            ]
        },
        {
            "server_name": "line2.protv.cc",
            "server_url": "http://line2.protv.cc/c/",
            "macs": [
                "00:1a:79:c1:da:5b",
                "00:1A:79:A1:34:FA",
                "00:1A:79:67:D7:41",
                "00:1A:79:A0:04:63",
                "00:1A:79:32:C2:37",
                "00:1a:79:17:02:1F",
                "00:1a:79:7a:15:b8",
                "00:1A:79:B5:A9:F4",
                "00:1A:79:B5:85:E4",
                "00:1A:79:08:82:30",
                "00:1A:79:48:04:34",
                "00:1A:79:86:19:A0",
                "00:1A:79:C2:AE:2B",
                "00:1A:79:17:03:E8",
                "00:1A:79:A1:F2:C7",
                "00:1A:79:BF:F1:21",
                "00:1A:79:47:EB:49",
                "00:1A:79:B2:4C:E6",
                "00:1A:79:1E:BE:70",
                "00:1A:79:C6:1B:EB",
                "00:1A:79:1C:0D:8A",
                "00:1A:79:8B:7E:27",
                "00:1A:79:C5:FC:8F",
                "00:1A:79:11:7F:58",
                "00:1A:79:55:51:C4",
                "00:1A:79:5E:D5:B8",
                "00:1A:79:40:7F:89",
                "00:1A:79:50:C2:B3",
                "00:1A:79:A7:CA:CC",
                "00:1A:79:C0:12:50",
                "00:1A:79:05:9A:0E",
                "00:1A:79:C3:81:45",
                "00:1A:79:A1:D9:FF",
                "00:1A:79:67:BF:1E",
                "00:1A:79:11:7F:29",
                "00:1A:79:08:2F:65",
                "00:1A:79:AD:DB:F1",
                "00:1A:79:28:A6:89",
                "00:1A:79:C3:93:A5",
                "00:1A:79:17:21:52",
                "00:1A:79:F6:ED:59",
                "00:1A:79:5C:E8:95",
                "00:1A:79:B7:61:D3",
                "00:1A:79:01:64:3B",
                "00:1A:79:71:4E:E1",
                "00:1A:79:B6:55:E3",
                "00:1A:79:0B:C1:AF",
                "00:1A:79:DA:07:DA",
                "00:1A:79:1C:05:A9",
                "00:1A:79:B0:07:20",
                "00:1A:79:5F:DB:6A",
                "00:1A:79:A6:45:9A",
                "00:1A:79:70:7A:53",
                "00:1A:79:AF:6E:4C",
                "00:1A:79:E6:95:89"
            ]
        },
        {
            "server_name": "line.sohakiller.net",
            "server_url": "http://line.sohakiller.net/c/",
            "macs": [
                "00:1A:79:58:78:CE",
                "00:1A:79:A1:DC:E7",
                "00:1A:79:7B:17:EA",
                "00:1A:79:30:0E:57",
                "00:1A:79:6C:1E:CE",
                "00:1A:79:48:86:96",
                "00:1A:79:C0:01:73",
                "00:1A:79:3A:DC:9E",
                "00:1A:79:0B:09:DB",
                "00:1A:79:40:79:6A",
                "00:1A:79:55:78:73",
                "00:1A:79:4B:AA:8C",
                "00:1A:79:40:2E:9B",
                "00:1A:79:0E:D7:01",
                "00:1A:79:24:80:35",
                "00:1A:79:64:11:F7",
                "00:1A:79:01:DD:DF",
                "00:1A:79:24:15:D2",
                "00:1A:79:1C:08:9E",
                "00:1A:79:17:05:35",
                "00:1A:79:F9:5F:7B",
                "00:1A:79:86:87:57",
                "00:1A:79:A3:11:63",
                "00:1A:79:01:9F:5A"
            ]
        },
        {
            "server_name": "watch.push4k.tv",
            "server_url": "http://watch.push4k.tv/stalker_portal/c/",
            "macs": [
                "00:1A:79:4B:83:EB"
            ]
        }
    ]
}