{
    "items": [
        {
            "server_name": "line.iseepremium.com:80",
            "server_url": "http://line.iseepremium.com:80/c/",
            "macs": [
                "00:1A:79:14:D1:E9",
                "00:1A:79:17:05:DA",
                "00:1A:79:1D:0F:BD",
                "00:1A:79:33:C4:1C",
                "00:1A:79:40:29:5B",
                "00:1A:79:42:BB:8F",
                "00:1A:79:43:A8:95",
                "00:1A:79:53:98:08",
                "00:1A:79:5A:03:4C",
                "00:1A:79:5A:0F:7F",
                "00:1A:79:5B:45:DB",
                "00:1A:79:5F:F1:3B",
                "00:1A:79:6B:06:77",
                "00:1A:79:6B:6E:99",
                "00:1A:79:6C:82:06",
                "00:1A:79:6C:C8:78",
                "00:1A:79:6F:8D:31",
                "00:1A:79:7C:10:7C",
                "00:1A:79:9F:A2:AB",
                "00:1A:79:A2:5B:B8",
                "00:1A:79:AA:C5:DE",
                "00:1A:79:AF:9F:24",
                "00:1A:79:B6:3D:C0",
                "00:1A:79:B8:2B:A8",
                "00:1A:79:BD:BA:28",
                "00:1A:79:C0:1E:31",
                "00:1A:79:C5:79:4F",
                "00:1A:79:C6:20:7D",
                "00:1A:79:C6:72:54",
                "00:1A:79:C7:6D:4E",
                "00:1A:79:C8:48:F1",
                "00:1A:79:C8:4F:EA",
                "00:1A:79:D0:84:38",
                "00:1A:79:D5:5F:D3",
                "00:1A:79:E6:01:F4",
                "00:1A:79:E6:AD:FC",
                "00:1A:79:F1:38:46",
                "00:1A:79:F5:11:B7"
            ]
        },
        {
            "server_name": "toyiptvvip.xyz:8080",
            "server_url": "http://toyiptvvip.xyz:8080/c/",
            "macs": [
                "00:1A:79:01:74:89",
                "00:1A:79:08:47:19",
                "00:1A:79:21:09:C5",
                "00:1A:79:69:25:4A"
            ]
        },
        {
            "server_name": "51.161.117.161",
            "server_url": "http://51.161.117.161/stalker_portal/c/",
            "macs": [
                "00:1A:79:28:30:1A",
                "00:1A:79:2F:17:62",
                "00:1A:79:3F:1E:09"
            ]
        },
        {
            "server_name": "fkn01.cloudfkn.com.br",
            "server_url": "http://fkn01.cloudfkn.com.br/stalker_portal/c/",
            "macs": [
                "00:1A:79:33:33:61",
                "00:1A:79:3F:33:D0"
            ]
        },
        {
            "server_name": "144.217.82.229",
            "server_url": "http://144.217.82.229/stalker_portal/c/",
            "macs": [
                "00:1A:79:2B:CE:31",
                "00:1A:79:2F:C3:30"
            ]
        },
        {
            "server_name": "51.222.85.38",
            "server_url": "http://51.222.85.38/stalker_portal/c/",
            "macs": [
                "00:1A:79:0B:6B:D4",
                "00:1A:79:15:77:88",
                "00:1A:79:15:79:99",
                "00:1A:79:3B:38:EF"
            ]
        },
        {
            "server_name": "mag.ginclubmalta.com:8000",
            "server_url": "http://mag.ginclubmalta.com:8000/c/",
            "macs": [
                "00:1A:79:6D:62:F9"
            ]
        },
        {
            "server_name": "2.revportal.eu:8080",
            "server_url": "http://2.revportal.eu:8080/c/",
            "macs": [
                "00:1A:79:33:64:06",
                "00:1A:79:53:47:B4",
                "00:1A:79:53:53:90",
                "00:1A:79:58:82:8A",
                "00:1A:79:58:8B:A2",
                "00:1A:79:58:95:BC",
                "00:1A:79:5A:06:00",
                "00:1A:79:5C:61:60",
                "00:1A:79:5C:6B:F1"
            ]
        },
        {
            "server_name": "revteam11.offshorerev.cc:8080",
            "server_url": "http://revteam11.offshorerev.cc:8080/c/",
            "macs": [
                "00:1A:79:32:08:70",
                "00:1A:79:32:09:74",
                "00:1A:79:33:19:20",
                "00:1A:79:33:34:23",
                "00:1A:79:33:64:06",
                "00:1A:79:3E:22:BE",
                "00:1A:79:5B:84:C7"
            ]
        },
        {
            "server_name": "unblock2.king-box.tv",
            "server_url": "http://unblock2.king-box.tv/c/",
            "macs": [
                "00:1A:79:0F:55:6D",
                "00:1A:79:35:A8:36",
                "00:1A:79:62:46:2B",
                "00:1A:79:68:AE:7D",
                "00:1A:79:6A:A1:25",
                "00:1A:79:72:D0:38",
                "00:1A:79:8E:76:59",
                "00:1A:79:BE:20:C8",
                "00:1A:79:BF:F2:AB",
                "00:1A:79:C0:12:D5",
                "00:1A:79:C3:AE:99",
                "00:1A:79:F1:6A:7E",
                "00:1A:79:F9:7D:4E"
            ]
        }
    ]
}