{
    "items": [
        {
            "server_name": "trsat.ddns.us:80",
            "server_url": "http://trsat.ddns.us:80/c/",
            "macs": [
                "00:1A:79:40:84:39",
                "00:1A:79:D8:FE:8A"
            ]
        },
        {
            "server_name": "ua-iptv.com:8080",
            "server_url": "http://ua-iptv.com:8080/c/",
            "macs": [
                "00:1A:79:51:C2:9C"
            ]
        },
        {
            "server_name": "ip219.ip-188-165-28.eu",
            "server_url": "http://ip219.ip-188-165-28.eu/c/",
            "macs": [
                "00:1A:79:2B:8F:EB"
            ]
        },
        {
            "server_name": "ns.hollandserver.net",
            "server_url": "http://ns.hollandserver.net/c/",
            "macs": [
                "00:1A:79:2B:8F:EB"
            ]
        },
        {
            "server_name": "poyraz67.com:8080",
            "server_url": "http://poyraz67.com:8080/c/",
            "macs": [
                "00:1A:79:54:21:02"
            ]
        },
        {
            "server_name": "p2.iptvprivateserver.ru",
            "server_url": "http://p2.iptvprivateserver.ru/c/",
            "macs": [
                "00:1A:79:29:C3:5C",
                "00:1A:79:54:7F:DA",
                "00:1A:79:58:EA:36",
                "00:1A:79:69:F1:EA",
                "00:1A:79:74:19:30",
                "00:1A:79:A3:BE:E0",
                "00:1A:79:A3:D0:11",
                "00:1A:79:A4:8A:1B",
                "00:1A:79:AA:18:BB",
                "00:1A:79:B8:29:66",
                "00:1A:79:F1:A6:C4"
            ]
        },
        {
            "server_name": "alasaditv.com",
            "server_url": "http://alasaditv.com/c/",
            "macs": [
                "00:1A:79:A1:AB:89",
                "00:1A:79:A2:F7:CB",
                "00:1A:79:A2:F9:3D",
                "00:1A:79:A5:BA:35",
                "00:1A:79:A6:25:29",
                "00:1A:79:A9:09:FE",
                "00:1A:79:AA:E1:C0",
                "00:1A:79:B1:DE:2D",
                "00:1A:79:B1:F2:A1",
                "00:1A:79:B2:2A:F6",
                "00:1A:79:B4:64:DC",
                "00:1A:79:B4:CA:AA",
                "00:1A:79:B4:D4:3A",
                "00:1A:79:B5:BE:F7",
                "00:1A:79:B6:5C:37",
                "00:1A:79:B6:EF:AA",
                "00:1A:79:B7:62:ED",
                "00:1A:79:B7:DF:69",
                "00:1A:79:B8:22:F4",
                "00:1A:79:BD:52:2D",
                "00:1A:79:BE:37:CF",
                "00:1A:79:BF:74:D4",
                "00:1A:79:BF:FE:B2",
                "00:1A:79:C0:16:26",
                "00:1A:79:C0:D8:33",
                "00:1A:79:C2:65:6C",
                "00:1A:79:C4:D2:01",
                "00:1A:79:C5:50:68",
                "00:1A:79:C5:AA:79",
                "00:1A:79:C9:C4:BD",
                "00:1A:79:CC:6D:84",
                "00:1A:79:CC:A4:39",
                "00:1A:79:D1:6F:06",
                "00:1A:79:D1:D4:ED",
                "00:1A:79:D2:21:03",
                "00:1A:79:D2:29:5A",
                "00:1A:79:D8:AD:C2",
                "00:1A:79:D9:7C:3D",
                "00:1A:79:DC:58:DD",
                "00:1A:79:DD:44:87",
                "00:1A:79:DE:B4:74",
                "00:1A:79:E5:56:C6",
                "00:1A:79:E5:E1:C5",
                "00:1A:79:E6:10:24",
                "00:1A:79:E9:E1:3F",
                "00:1A:79:EC:14:85",
                "00:1A:79:ED:A4:46",
                "00:1A:79:F0:09:08",
                "00:1A:79:F0:FC:23",
                "00:1A:79:FA:C3:7A",
                "00:1A:79:FB:54:25",
                "00:1A:79:FB:78:47"
            ]
        },
        {
            "server_name": "live.lynxiptv.xyz",
            "server_url": "http://live.lynxiptv.xyz/c/",
            "macs": [
                "00:1A:79:A7:5A:AE"
            ]
        },
        {
            "server_name": "123jk.tv",
            "server_url": "http://123jk.tv/c/",
            "macs": [
                "00:1A:79:B0:08:C8",
                "00:1A:79:B0:1E:EB",
                "00:1A:79:BB:46:74",
                "00:1A:79:E5:17:8E",
                "00:1A:79:E5:1E:BD",
                "00:1A:79:E6:05:64"
            ]
        },
        {
            "server_name": "tvmate.icu:8080",
            "server_url": "http://tvmate.icu:8080/c/",
            "macs": [
                "00:1A:79:AA:5E:B7"
            ]
        },
        {
            "server_name": "tipxpto.club:8080",
            "server_url": "http://tipxpto.club:8080/c/",
            "macs": [
                "00:1A:79:A7:9D:D2",
                "00:1A:79:A7:B2:9F",
                "00:1A:79:A9:1F:E6",
                "00:1A:79:AF:59:34",
                "00:1A:79:BA:00:4D",
                "00:1A:79:BB:38:4A",
                "00:1A:79:BD:17:13",
                "00:1A:79:C1:A1:86",
                "00:1A:79:C6:A6:3B",
                "00:1A:79:CB:57:DE"
            ]
        }
    ]
}