{
    "items": [
        {
            "server_name": "zorotv.xyz:8080",
            "server_url": "http://zorotv.xyz:8080/c/",
            "macs": [
                "00:1A:79:D1:13:89",
                "00:1A:79:40:68:BA",
                "00:1A:79:CB:92:52",
                "00:1A:79:2C:20:5B"
            ]
        },
        {
            "server_name": "dlta4k.com:80",
            "server_url": "http://dlta4k.com:80/c/",
            "macs": [
                "00:1A:79:A8:0A:6C",
                "00:1A:79:36:E7:1D",
                "00:1A:79:44:E4:8F"
            ]
        },
        {
            "server_name": "darktv.nl:80",
            "server_url": "http://darktv.nl:80/c/",
            "macs": [
                "00:1A:79:BB:FC:0D",
                "00:1A:79:40:AB:DF",
                "00:1A:79:58:20:6D",
                "00:1A:79:3C:5F:46",
                "00:1A:79:B5:0A:58"
            ]
        },
        {
            "server_name": "dragoniptvpro.club",
            "server_url": "http://dragoniptvpro.club/c/",
            "macs": [
                "00:1a:79:aa:7a:b4",
                "00:1a:79:a1:94:0b",
                "00:1a:79:ad:c5:1f",
                "00:1a:79:ad:bd:76"
            ]
        }
    ]
}