{
    "items": [
        {
            "server_name": "23.88.84.30:2080",
            "server_url": "http://23.88.84.30:2080/stalker_portal/c/",
            "macs": [
                "00:1A:79:78:3C:6D"
            ]
        },
        {
            "server_name": "optimustv.show:8080",
            "server_url": "http://optimustv.show:8080/c/",
            "macs": [
                "00:1A:79:01:6F:31",
                "00:1A:79:01:72:07",
                "00:1A:79:07:C1:60",
                "00:1A:79:07:C2:3B",
                "00:1A:79:08:4B:86",
                "00:1A:79:08:4F:7B",
                "00:1A:79:18:12:71",
                "00:1A:79:A0:2F:10",
                "00:1A:79:A0:FF:42",
                "00:1A:79:A6:46:59",
                "00:1A:79:AA:59:ED",
                "00:1A:79:AB:58:D7",
                "00:1A:79:AB:5C:93",
                "00:1A:79:AF:F8:7C",
                "00:1A:79:AF:FA:35",
                "00:1A:79:B5:C5:6C",
                "00:1A:79:C0:8C:65",
                "00:1A:79:C6:A0:C8"
            ]
        },
        {
            "server_name": "rapid-4k.com",
            "server_url": "http://rapid-4k.com/c/",
            "macs": [
                "00:1A:79:A5:53:67",
                "00:1A:79:A7:4E:97",
                "00:1A:79:A8:8E:83",
                "00:1A:79:A8:96:AA",
                "00:1A:79:C0:56:EC"
            ]
        },
        {
            "server_name": "portal.ramz123.xyz:8080",
            "server_url": "http://portal.ramz123.xyz:8080/c/",
            "macs": [
                "00:1A:79:19:38:AA",
                "00:1A:79:40:C9:EA",
                "00:1A:79:55:F5:DE",
                "00:1A:79:74:B7:06",
                "00:1A:79:AF:73:0C"
            ]
        },
        {
            "server_name": "fastgo.cam:8080",
            "server_url": "http://fastgo.cam:8080/c/",
            "macs": [
                "00:1A:79:73:87:D7",
                "00:1A:79:76:68:3A",
                "00:1A:79:77:5C:D8",
                "00:1A:79:77:B1:8D",
                "00:1A:79:77:B1:BC",
                "00:1A:79:78:52:2E"
            ]
        }
    ]
}