{
    "items": [
        {
            "server_name": "txm1.flysat.live:2089",
            "server_url": "http://txm1.flysat.live:2089/c/",
            "macs": [
                "00:1A:79:20:01:27",
                "00:1A:79:28:A3:FF",
                "00:1A:79:28:A4:0C",
                "00:1A:79:28:A4:8C",
                "00:1A:79:28:A5:F5",
                "00:1A:79:28:A6:06",
                "00:1A:79:28:A7:A7",
                "00:1A:79:28:A9:B9",
                "00:1A:79:2A:30:6C",
                "00:1A:79:31:C2:E4",
                "00:1A:79:34:64:F7",
                "00:1A:79:35:EC:AC",
                "00:1A:79:36:E8:4A",
                "00:1A:79:40:7B:DA",
                "00:1A:79:43:A6:41",
                "00:1A:79:5B:74:E4",
                "00:1A:79:5D:18:5A",
                "00:1A:79:63:2A:6E",
                "00:1A:79:72:92:95",
                "00:1A:79:A1:A1:F8",
                "00:1A:79:A1:C9:06",
                "00:1A:79:A1:D0:C9",
                "00:1A:79:A1:F7:AF",
                "00:1A:79:A1:F8:B0",
                "00:1A:79:A1:FA:79",
                "00:1A:79:A1:FC:75",
                "00:1A:79:A8:8F:31",
                "00:1A:79:AA:0A:CD",
                "00:1A:79:BB:C0:F4",
                "00:1A:79:BD:44:EB",
                "00:1A:79:C5:55:0D",
                "00:1A:79:F0:0B:F0",
                "00:1A:79:F0:F1:A3",
                "00:1A:79:F5:02:87"
            ]
        },
        {
            "server_name": "dhoom4u.me:80",
            "server_url": "http://dhoom4u.me:80/stalker_portal/c/",
            "macs": [
                "00:1A:79:B1:57:21"
            ]
        },
        {
            "server_name": "185.132.178.105:8090",
            "server_url": "http://185.132.178.105:8090/stalker_portal/c/",
            "macs": [
                "00:1A:79:8C:09:80",
                "00:1A:79:B1:51:91"
            ]
        },
        {
            "server_name": "server1.bonkerstv.live:8090",
            "server_url": "http://server1.bonkerstv.live:8090/c/",
            "macs": [
                "00:1A:79:00:20:40",
                "00:1A:79:00:20:46",
                "00:1A:79:00:20:5E",
                "00:1A:79:00:20:8A",
                "00:1A:79:00:22:AC",
                "00:1A:79:00:23:35",
                "00:1A:79:01:30:E7",
                "00:1A:79:B7:59:69"
            ]
        },
        {
            "server_name": "ptv.darktv.nl:80",
            "server_url": "http://ptv.darktv.nl:80/c/",
            "macs": [
                "00:1A:79:00:00:00",
                "00:1A:79:1C:04:12",
                "00:1A:79:37:1E:8E",
                "00:1A:79:37:1E:E9",
                "00:1A:79:C3:40:DD"
            ]
        }
    ]
}