{
    "items": [
        {
            "server_name": "magnum-ott.net:80",
            "server_url": "http://magnum-ott.net:80/c/",
            "macs": [
                "00:1a:79:0b:7c:5e",
                "00:1a:79:10:99:c1",
                "00:1a:79:b1:bc:ed",
                "00:1a:79:3f:7e:12",
                "00:1a:79:ba:87:eb",
                "00:1a:79:31:5f:c0",
                "00:1a:79:73:7a:34",
                "00:1a:79:6c:6f:a4",
                "00:1a:79:55:a2:49",
                "00:1a:79:48:2d:90",
                "00:1a:79:c5:20:33",
                "00:1a:79:45:5d:c4",
                "00:1a:79:2d:6f:4d",
                "00:1a:79:3f:5f:8b",
                "00:1a:79:7c:44:c5",
                "00:1a:79:76:8f:97",
                "00:1a:79:c6:5b:02",
                "00:1a:79:c3:c3:7a",
                "00:1a:79:ae:20:0c",
                "00:1a:79:63:65:bd",
                "00:1a:79:0f:53:7f",
                "00:1a:79:c1:15:14",
                "00:1a:79:9a:c8:0f",
                "00:1a:79:a8:13:c3",
                "00:1a:79:36:a0:30",
                "00:1a:79:3b:2e:a7",
                "00:1a:79:55:88:55",
                "00:1a:79:48:d4:b8",
                "00:1a:79:2a:2d:8e",
                "00:1a:79:46:8f:8b",
                "00:1a:79:7c:03:37",
                "00:1a:79:ba:77:b5",
                "00:1a:79:6c:8d:0e",
                "00:1a:79:24:4d:2d",
                "00:1a:79:33:5f:46",
                "00:1a:79:b9:51:73",
                "00:1a:79:75:fe:ad",
                "00:1a:79:76:d0:49",
                "00:1a:79:c0:09:e7",
                "00:1a:79:c4:3b:93",
                "00:1a:79:b6:a4:d3",
                "00:1a:79:b6:1d:7a",
                "00:1a:79:57:d5:04",
                "00:1a:79:68:92:50",
                "00:1a:79:7e:6f:af",
                "00:1a:79:5d:63:23",
                "00:1a:79:77:dc:a2",
                "00:1a:79:56:37:02",
                "00:1a:79:59:f7:42",
                "00:1a:79:3e:2f:04",
                "00:1a:79:aa:4d:2b",
                "00:1a:79:45:fc:58",
                "00:1a:79:e1:b0:ef",
                "00:1a:79:5a:8f:40",
                "00:1a:79:d1:37:58",
                "00:1a:79:98:88:60",
                "00:1a:79:0b:65:b4",
                "00:1a:79:b4:76:4b",
                "00:1a:79:e9:aa:b3",
                "00:1a:79:5b:0f:b2",
                "00:1a:79:6e:df:3d",
                "00:1a:79:50:c3:e6",
                "00:1a:79:60:8e:99",
                "00:1a:79:ee:98:cb",
                "00:1a:79:3a:ac:0d",
                "00:1a:79:0f:9a:62",
                "00:1a:79:66:65:3c",
                "00:1a:79:38:e7:13",
                "00:1a:79:c4:39:12",
                "00:1a:79:08:54:c5",
                "00:1a:79:23:66:74",
                "00:1a:79:5a:44:6b",
                "00:1a:79:70:0a:19",
                "00:1a:79:10:99:c1",
                "00:1a:79:1e:ea:8c",
                "00:1a:79:4f:bd:48",
                "00:1a:79:3a:a4:9d",
                "00:1a:79:6d:d4:85",
                "00:1a:79:67:5d:8f",
                "00:1a:79:a8:fe:86",
                "00:1a:79:2a:00:00",
                "00:1a:79:b0:5d:f6"
            ]
        },
        {
            "server_name": "diyarbekir21.com:8080",
            "server_url": "http://diyarbekir21.com:8080/c/",
            "macs": [
                "00:1a:79:25:74:72",
                "00:1a:79:54:0e:8a",
                "00:1a:79:ac:dc:7b",
                "00:1a:79:90:10:de"
            ]
        },
        {
            "server_name": "zorrohunter.com",
            "server_url": "http://zorrohunter.com/c/",
            "macs": [
                "00:1A:79:47:FA:DE",
                "00:1A:79:B0:6F:DB",
                "00:1A:79:2B:C8:A0",
                "00:1A:79:47:FA:DE",
                "00:1A:79:67:9E:3F",
                "00:1A:79:AA:35:0 "
            ]
        },
        {
            "server_name": "kralip.com",
            "server_url": "http://kralip.com/c/",
            "macs": [
                "00:1a:79:68:eb:2d"
            ]
        },
        {
            "server_name": "eljawda.net:88",
            "server_url": "http://eljawda.net:88/c/",
            "macs": [
                "00:1a:79:8a:db:e3"
            ]
        },
        {
            "server_name": "cmsott.com:8080",
            "server_url": "http://cmsott.com:8080/c/",
            "macs": [
                "00:1a:79:2c:55:62"
            ]
        },
        {
            "server_name": "tornado.netlink4.com:8000",
            "server_url": "http://tornado.netlink4.com:8000/c/",
            "macs": [
                "00:1A:79:88:88:88"
            ]
        },
        {
            "server_name": "pro.netmos.ovh:7355",
            "server_url": "http://pro.netmos.ovh:7355/c/",
            "macs": [
                "00:1a:79:83:c1:23"
            ]
        },
        {
            "server_name": "185.71.64.115:8000",
            "server_url": "http://185.71.64.115:8000/c/",
            "macs": [
                "00:1A:79:39:67:36"
            ]
        },
        {
            "server_name": "23.88.84.30:2080",
            "server_url": "http://23.88.84.30:2080/stalker_portal/c/",
            "macs": [
                "00:1A:79:78:3C:DE",
                "00:1A:79:7B:77:CA",
                "00:1A:79:5E:F0:8D",
                "00:1A:79:7A:D5:6B",
                "00:1A:79:1C:3D:B8",
                "00:1A:79:73:74:B2",
                "00:1A:79:78:F5:FB"
            ]
        },
        {
            "server_name": "001004.eu:8080",
            "server_url": "http://001004.eu:8080/c/",
            "macs": [
                "00:1a:79:a2:02:f9",
                "00:1a:79:ad:94:24",
                "00:1a:79:ae:2b:fb",
                "00:1a:79:aa:ae:28",
                "00:1a:79:ac:d4:41",
                "00:1a:79:ae:5d:40",
                "00:1a:79:ad:2f:77",
                "00:1a:79:a5:e5:5c",
                "00:1a:79:ab:42:41",
                "00:1a:79:ad:48:36",
                "00:1a:79:a6:d6:3c",
                "00:1a:79:a5:92:ca",
                "00:1a:79:aa:af:1d",
                "00:1a:79:a3:94:3c",
                "00:1a:79:ac:d1:0f",
                "00:1a:79:a7:c8:a8"
            ]
        }
    ]
}