{
    "items": [
        {
            "server_name": "mag.premiumpowers.net:80",
            "server_url": "http://mag.premiumpowers.net:80/c/",
            "macs": [
                "00:1A:79:33:11:62",
                "00:1A:79:4E:32:6A",
                "00:1A:79:58:F6:F9",
                "00:1A:79:5E:3F:29",
                "00:1A:79:6E:36:BD",
                "00:1A:79:73:E0:DB",
                "00:1A:79:78:D4:68",
                "00:1A:79:7D:7C:56",
                "00:1A:79:94:49:22",
                "00:1A:79:B0:62:05",
                "00:1A:79:B3:33:5E",
                "00:1A:79:C4:00:CF",
                "00:1A:79:CB:CD:B5"
            ]
        },
        {
            "server_name": "plustv.ws:80",
            "server_url": "http://plustv.ws:80/c/",
            "macs": [
                "00:1A:79:30:8F:AA",
                "00:1A:79:36:6F:D4",
                "00:1A:79:5A:3F:AE",
                "00:1A:79:72:F6:B1",
                "00:1A:79:90:43:85",
                "00:1A:79:E0:2F:98"
            ]
        },
        {
            "server_name": "hahaiptv.net:8880",
            "server_url": "http://hahaiptv.net:8880/c/",
            "macs": [
                "00:1A:79:2A:5D:D8",
                "00:1A:79:42:CA:9A",
                "00:1A:79:42:EE:45",
                "00:1A:79:8A:6D:24",
                "00:1A:79:A6:36:65",
                "00:1A:79:A6:B7:95",
                "00:1A:79:A8:75:02",
                "00:1A:79:A8:C2:43",
                "00:1A:79:AA:19:FF",
                "00:1A:79:B8:A5:A7"
            ]
        },
        {
            "server_name": "tvclub.pro",
            "server_url": "http://tvclub.pro/stalker_portal/c/",
            "macs": [
                "00:1A:79:B1:51:91"
            ]
        },
        {
            "server_name": "daleplaypro.com:8080",
            "server_url": "http://daleplaypro.com:8080/c/",
            "macs": [
                "00:1A:79:51:1F:C3"
            ]
        },
        {
            "server_name": "cpanel.traveliptv.nl",
            "server_url": "http://cpanel.traveliptv.nl/c/",
            "macs": [
                "00:1A:79:B0:DA:8E",
                "00:1A:79:B9:4E:27",
                "00:1A:79:B9:AA:AD",
                "00:1A:79:BA:CB:D9"
            ]
        },
        {
            "server_name": "br0ss.xyz:8090",
            "server_url": "http://br0ss.xyz:8090/c/",
            "macs": [
                "00:1A:79:16:6F:5C"
            ]
        }
    ]
}