{
    "items": [
        {
            "server_name": "pt.chape-shop.com:8080",
            "server_url": "http://pt.chape-shop.com:8080/c/",
            "macs": [
                "00:1A:79:36:25:32",
                "00:1A:79:3A:31:B5",
                "00:1A:79:46:49:96",
                "00:1A:79:48:05:E7",
                "00:1A:79:57:58:68",
                "00:1A:79:67:3B:5D"
            ]
        },
        {
            "server_name": "5.206.227.184:8080",
            "server_url": "http://5.206.227.184:8080/c/",
            "macs": [
                "00:1A:79:2A:1F:F9",
                "00:1A:79:38:BB:7D",
                "00:1A:79:52:B2:C2"
            ]
        },
        {
            "server_name": "89.47.232.72:8080",
            "server_url": "http://89.47.232.72:8080/c/",
            "macs": [
                "00:1A:79:50:8C:DA",
                "00:1A:79:C7:CA:01"
            ]
        },
        {
            "server_name": "new.ivue.co:25461",
            "server_url": "http://new.ivue.co:25461/c/",
            "macs": [
                "00:1A:79:AF:AD:53"
            ]
        },
        {
            "server_name": "mol-2.com:8080",
            "server_url": "http://mol-2.com:8080/c/",
            "macs": [
                "00:1A:79:50:D6:95",
                "00:1A:79:5F:D8:5F",
                "00:1A:79:B2:E0:56"
            ]
        },
        {
            "server_name": "zupanet.live:8080",
            "server_url": "http://zupanet.live:8080/c/",
            "macs": [
                "00:1A:79:73:BE:66",
                "00:1A:79:BA:1A:19"
            ]
        },
        {
            "server_name": "vip.lotusnet.digital:19051",
            "server_url": "http://vip.lotusnet.digital:19051/c/",
            "macs": [
                "00:1A:79:62:47:07"
            ]
        },
        {
            "server_name": "muka03.wanicelife.com:8880",
            "server_url": "http://muka03.wanicelife.com:8880/c/",
            "macs": [
                "00:1A:79:17:58:DD",
                "00:1A:79:7D:0A:AE"
            ]
        },
        {
            "server_name": "optimustv.show:8080",
            "server_url": "http://optimustv.show:8080/c/",
            "macs": [
                "00:1A:79:07:C0:B9",
                "00:1A:79:5D:92:04",
                "00:1A:79:A0:E7:70",
                "00:1A:79:BD:0D:E0"
            ]
        },
        {
            "server_name": "rapid-4k.com",
            "server_url": "http://rapid-4k.com/c/",
            "macs": [
                "00:1A:79:48:70:C4",
                "00:1A:79:4B:3D:25",
                "00:1A:79:51:A7:53",
                "00:1A:79:5E:D5:AE",
                "00:1A:79:78:79:63",
                "00:1A:79:82:0B:91",
                "00:1A:79:83:4C:29",
                "00:1A:79:A1:D7:67",
                "00:1A:79:A4:EA:8E",
                "00:1A:79:A5:5C:76",
                "00:1A:79:A5:C5:8B",
                "00:1A:79:A5:D9:8A",
                "00:1A:79:A7:2C:7E",
                "00:1A:79:A7:50:F3",
                "00:1A:79:A8:41:02",
                "00:1A:79:A8:6D:D4",
                "00:1A:79:A8:8E:83",
                "00:1A:79:A8:96:AA",
                "00:1A:79:A9:34:F4",
                "00:1A:79:AC:0D:F3",
                "00:1A:79:AC:78:99",
                "00:1A:79:AC:AA:7F",
                "00:1A:79:AC:E8:DC",
                "00:1A:79:AF:B2:2A",
                "00:1A:79:BF:69:44",
                "00:1A:79:C0:56:EC",
                "00:1A:79:C0:E1:5F",
                "00:1A:79:FB:0A:9E",
                "00:1A:79:FB:12:EF"
            ]
        },
        {
            "server_name": "kapak.plustvmedia.com",
            "server_url": "http://kapak.plustvmedia.com/c/",
            "macs": [
                "00:1A:79:A5:9F:C4"
            ]
        },
        {
            "server_name": "stb.homeiptv.org",
            "server_url": "http://stb.homeiptv.org/stalker_portal/c/",
            "macs": [
                "00:1A:79:14:D8:1A",
                "00:1A:79:30:DE:5E"
            ]
        },
        {
            "server_name": "109.236.94.59:88",
            "server_url": "http://109.236.94.59:88/stalker_portal/c/",
            "macs": [
                "00:1A:79:21:AB:B5",
                "00:1A:79:2E:3F:5D",
                "00:1A:79:3F:D2:F0"
            ]
        },
        {
            "server_name": "cooltv.xyz",
            "server_url": "http://cooltv.xyz/stalker_portal/c/",
            "macs": [
                "00:1A:79:62:45:8E",
                "00:1A:79:6B:CB:48",
                "00:1A:79:7A:FD:BC",
                "00:1A:79:97:1C:2A",
                "00:1A:79:9C:2D:0C",
                "00:1A:79:E3:1C:55"
            ]
        },
        {
            "server_name": "liveline.nu:8000",
            "server_url": "http://liveline.nu:8000/c/",
            "macs": [
                "00:1A:79:6A:39:58"
            ]
        },
        {
            "server_name": "neomixs.com:8080",
            "server_url": "http://neomixs.com:8080/c/",
            "macs": [
                "00:1A:79:63:70:54"
            ]
        },
        {
            "server_name": "213.152.185.71",
            "server_url": "http://213.152.185.71/stalker_portal/c/",
            "macs": [
                "00:1A:79:0A:13:C4",
                "00:1A:79:2B:E4:31",
                "00:1A:79:32:21:33"
            ]
        }
    ]
}