{
    "items": [
        {
            "server_name": "a1.dinott.com:80",
            "server_url": "http://a1.dinott.com:80/c/",
            "macs": [
                "00:1A:79:13:A6:70",
                "00:1A:79:1A:85:50",
                "00:1A:79:2A:0F:29",
                "00:1A:79:4A:0B:11",
                "00:1A:79:50:45:AB",
                "00:1A:79:74:10:B6",
                "00:1A:79:77:2F:62",
                "00:1A:79:A5:78:08",
                "00:1A:79:E7:09:6E",
                "00:1A:79:F5:1F:20"
            ]
        },
        {
            "server_name": "job.avrik.xyz",
            "server_url": "http://job.avrik.xyz/c/",
            "macs": [
                "00:1A:79:AE:D2:22"
            ]
        },
        {
            "server_name": "tv.cloudcdn.online",
            "server_url": "http://tv.cloudcdn.online/c/",
            "macs": [
                "00:1A:79:42:68:91",
                "00:1A:79:60:12:16",
                "00:1A:79:63:C1:76",
                "00:1A:79:70:9B:A5",
                "00:1A:79:AB:E0:B1",
                "00:1A:79:E1:ED:AD"
            ]
        },
        {
            "server_name": "54.39.243.47:8080",
            "server_url": "http://54.39.243.47:8080/c/",
            "macs": [
                "00:1A:79:B5:B2:80"
            ]
        },
        {
            "server_name": "62.182.83.91:80",
            "server_url": "http://62.182.83.91:80/c/",
            "macs": [
                "00:1A:79:4B:7B:75"
            ]
        },
        {
            "server_name": "sansat.net:25461",
            "server_url": "http://sansat.net:25461/c/",
            "macs": [
                "00:1A:79:01:A1:B2"
            ]
        },
        {
            "server_name": "dinka-iptv.live",
            "server_url": "http://dinka-iptv.live/c/",
            "macs": [
                "00:1A:79:C7:CC:24"
            ]
        },
        {
            "server_name": "2a2b2.com:80",
            "server_url": "http://2a2b2.com:80/c/",
            "macs": [
                "00:1A:79:11:0F:98",
                "00:1A:79:31:3F:39",
                "00:1A:79:90:0C:6C"
            ]
        }
    ]
}