{
    "items": [
        {
            "server_name": "line.4k-ott.com",
            "server_url": "http://line.4k-ott.com/c/",
            "macs": [
                "00:1a:79:ab:f7:39",
                "00:1a:79:bf:8f:7a",
                "00:1a:79:b9:80:a4",
                "00:1a:79:6b:38:f6",
                "00:1a:79:70:f5:0d",
                "00:1a:79:1b:73:c7",
                "00:1a:79:b8:f5:f0",
                "00:1a:79:a6:4b:50",
                "00:1a:79:70:02:d4",
                "00:1a:79:0a:52:54",
                "00:1a:79:55:93:10",
                "00:1a:79:3a:a8:f0"
            ]
        },
        {
            "server_name": "placa.work:5115",
            "server_url": "http://placa.work:5115/c/",
            "macs": [
                "00:1a:79:99:8f:d9"
            ]
        },
        {
            "server_name": "odonati.fr:2082",
            "server_url": "http://odonati.fr:2082/c/",
            "macs": [
                "00:1a:79:33:f2:d1"
            ]
        },
        {
            "server_name": "xtv.link",
            "server_url": "http://xtv.link/c/",
            "macs": [
                "00:1a:79:71:96:65"
            ]
        },
        {
            "server_name": "micro-ott.com:80",
            "server_url": "http://micro-ott.com:80/c/",
            "macs": [
                "00:1a:79:39:71:69",
                "00:1a:79:b7:86:46",
                "00:1a:79:c2:cb:8e",
                "00:1a:79:42:49:c9",
                "00:1a:79:5a:40:c4",
                "00:1a:79:b4:be:18",
                "00:1a:79:57:89:d5",
                "00:1a:79:2a:bb:a3",
                "00:1a:79:4e:cd:99",
                "00:1a:79:3c:2b:8f",
                "00:1a:79:c8:fa:4d"
            ]
        },
        {
            "server_name": "iptvshqip.streamtv.to:8080",
            "server_url": "http://iptvshqip.streamtv.to:8080/c/",
            "macs": [
                "00:1a:79:74:b7:06",
                "00:1a:79:b5:0f:2a",
                "00:1a:79:c9:2d:fb",
                "00:1a:79:40:c9:ea",
                "00:1a:79:bc:29:51",
                "00:1a:79:a9:30:1c"
            ]
        },
        {
            "server_name": "p1.iptvrocket.tv:80",
            "server_url": "http://p1.iptvrocket.tv:80/c/",
            "macs": [
                "00:1a:79:be:0a:4d",
                "00:1a:79:30:b5:3e",
                "00:1a:79:74:6d:c6",
                "00:1a:79:2e:68:c5"
            ]
        },
        {
            "server_name": "magnum-ott.net:80",
            "server_url": "http://magnum-ott.net:80/c/",
            "macs": [
                "00:1a:79:57:d5:04",
                "00:1a:79:68:92:50",
                "00:1a:79:7e:6f:af",
                "00:1a:79:77:dc:a2",
                "00:1a:79:56:37:02",
                "00:1a:79:59:f7:42",
                "00:1a:79:3e:2f:04",
                "00:1a:79:aa:4d:2b",
                "00:1a:79:5a:8f:40",
                "00:1a:79:d1:37:58",
                "00:1a:79:98:88:60",
                "00:1a:79:0b:65:b4",
                "00:1a:79:b4:76:4b",
                "00:1a:79:e9:aa:b3"
            ]
        },
        {
            "server_name": "hbio.live:80",
            "server_url": "http://hbio.live:80/c/",
            "macs": [
                "00:1a:79:6a:09:73",
                "00:1a:79:48:7d:a5",
                "00:1a:79:62:25:10",
                "00:1a:79:c5:5f:86",
                "00:1a:79:be:8f:46",
                "00:1a:79:c5:17:e7",
                "00:1a:79:4c:f6:e7",
                "00:1a:79:e5:7a:8e",
                "00:1a:79:5f:54:9d",
                "00:1a:79:75:4d:a4",
                "00:1a:79:41:30:6c"
            ]
        }
    ]
}