{
    "items": [
        {
            "server_name": "5.206.227.184:8080",
            "server_url": "http://5.206.227.184:8080/c/",
            "macs": [
                "00:1A:79:95:50:09",
                "00:1A:79:A5:E6:19",
                "00:1A:79:B2:0C:08",
                "00:1A:79:C0:1A:1E"
            ]
        },
        {
            "server_name": "banovac.toniju.pusi.kurac.gentv.to:8080",
            "server_url": "http://banovac.toniju.pusi.kurac.gentv.to:8080/c/",
            "macs": [
                "00:1A:79:40:2A:73",
                "00:1A:79:41:72:3F",
                "00:1A:79:43:DE:BE",
                "00:1A:79:5D:35:D6",
                "00:1A:79:A6:47:B7",
                "00:1A:79:A7:AE:80",
                "00:1A:79:BF:DC:C4",
                "00:1A:79:C6:AD:47"
            ]
        },
        {
            "server_name": "planetiptv.online",
            "server_url": "http://planetiptv.online/c/",
            "macs": [
                "00:1A:79:1F:7E:DC",
                "00:1A:79:9E:99:0C",
                "00:1A:79:A8:D5:11",
                "00:1A:79:CF:23:43",
                "00:1A:79:EE:3E:68"
            ]
        },
        {
            "server_name": "maxzi.pro:80",
            "server_url": "http://maxzi.pro:80/c/",
            "macs": [
                "00:1A:79:23:25:42",
                "00:1A:79:3B:6C:2F",
                "00:1A:79:3B:7F:91",
                "00:1A:79:3E:C6:72",
                "00:1A:79:41:EC:3C",
                "00:1A:79:43:87:B8",
                "00:1A:79:47:52:0B",
                "00:1A:79:4F:55:65",
                "00:1A:79:50:05:5C",
                "00:1A:79:52:31:17",
                "00:1A:79:52:47:9A"
            ]
        },
        {
            "server_name": "universat6pro.pro:80",
            "server_url": "http://universat6pro.pro:80/c/",
            "macs": [
                "00:1A:79:7C:51:A6",
                "00:1A:79:8A:54:FE",
                "00:1A:79:B5:46:16",
                "00:1A:79:C4:96:BB",
                "00:1A:79:C4:CF:14",
                "00:1A:79:DA:7E:CE"
            ]
        },
        {
            "server_name": "tipxpto.club:8080",
            "server_url": "http://tipxpto.club:8080/c/",
            "macs": [
                "00:1A:79:CC:49:5F"
            ]
        },
        {
            "server_name": "vbn123.com:8080",
            "server_url": "http://vbn123.com:8080/c/",
            "macs": [
                "00:1A:79:CC:1B:81"
            ]
        },
        {
            "server_name": "royallivetv.club",
            "server_url": "http://royallivetv.club/c/",
            "macs": [
                "00:1A:79:F0:00:36"
            ]
        },
        {
            "server_name": "62.182.83.91:80",
            "server_url": "http://62.182.83.91:80/c/",
            "macs": [
                "00:1A:79:B0:E1:33",
                "00:1A:79:B5:60:B5",
                "00:1A:79:F5:04:99"
            ]
        },
        {
            "server_name": "r.lendingcore.org",
            "server_url": "http://r.lendingcore.org/c/",
            "macs": [
                "00:1A:79:08:EF:4D",
                "00:1A:79:0D:2F:6C",
                "00:1A:79:2D:21:D2",
                "00:1A:79:48:61:56",
                "00:1A:79:61:6F:16",
                "00:1A:79:6E:BE:11",
                "00:1A:79:6F:45:29",
                "00:1A:79:7C:D3:AA",
                "00:1A:79:AB:5F:A6",
                "00:1A:79:AE:B2:F1",
                "00:1A:79:BB:F5:C4",
                "00:1A:79:BD:3F:5F",
                "00:1A:79:C3:B6:37",
                "00:1A:79:C9:51:00",
                "00:1A:79:F2:E8:C3",
                "00:1A:79:FB:36:85"
            ]
        },
        {
            "server_name": "2a2b2.com:80",
            "server_url": "http://2a2b2.com:80/c/",
            "macs": [
                "00:1A:79:0E:19:4E",
                "00:1A:79:1C:3F:8F",
                "00:1A:79:31:3F:C6",
                "00:1A:79:4F:5F:F1",
                "00:1A:79:50:3C:B2",
                "00:1A:79:A5:9F:8A",
                "00:1A:79:C3:1F:AC",
                "00:1A:79:D9:02:8A"
            ]
        }
    ]
}