{
    "items": [
        {
            "server_name": "elboxtv.com:80",
            "server_url": "http://elboxtv.com:80/c/",
            "macs": [
                "00:1A:79:00:01:53",
                "00:1A:79:00:CD:90",
                "00:1A:79:05:5A:F1",
                "00:1A:79:49:B2:84",
                "00:1A:79:E9:00:58"
            ]
        },
        {
            "server_name": "iptvde4.net:80",
            "server_url": "http://iptvde4.net:80/c/",
            "macs": [
                "00:1A:79:09:2E:A0",
                "00:1A:79:6B:B3:F5",
                "00:1A:79:BD:11:EF",
                "00:1A:79:E3:D8:E2"
            ]
        },
        {
            "server_name": "p1.uiop.tv:8037",
            "server_url": "http://p1.uiop.tv:8037/stalker_portal/c/",
            "macs": [
                "00:1A:79:06:62:B5",
                "00:1A:79:2A:5A:56",
                "00:1A:79:2B:A9:F5",
                "00:1A:79:2E:6F:08",
                "00:1A:79:39:03:7E",
                "00:1A:79:40:3D:98",
                "00:1A:79:42:BE:DA",
                "00:1A:79:4A:D8:EF",
                "00:1A:79:53:56:68",
                "00:1A:79:5A:BC:8B",
                "00:1A:79:5D:22:D5",
                "00:1A:79:5F:8A:81",
                "00:1A:79:65:C7:D1",
                "00:1A:79:6C:6F:D5",
                "00:1A:79:83:12:22",
                "00:1A:79:83:BB:82",
                "00:1A:79:83:F9:9C",
                "00:1A:79:98:3C:72",
                "00:1A:79:AD:34:2B"
            ]
        },
        {
            "server_name": "iotv.darktv.eu:80",
            "server_url": "http://iotv.darktv.eu:80/c/",
            "macs": [
                "00:1A:79:00:00:BC",
                "00:1A:79:00:15:41",
                "00:1A:79:00:26:B7",
                "00:1A:79:00:42:E6",
                "00:1A:79:00:9F:48",
                "00:1A:79:00:9F:F3",
                "00:1A:79:17:1E:72",
                "00:1A:79:37:1E:E9",
                "00:1A:79:C9:53:27"
            ]
        },
        {
            "server_name": "dino.simotvgold.com",
            "server_url": "http://dino.simotvgold.com/c/",
            "macs": [
                "00:1A:79:00:00:0D",
                "00:1A:79:00:00:22",
                "00:1A:79:00:01:50",
                "00:1A:79:00:01:5F",
                "00:1A:79:00:02:03"
            ]
        },
        {
            "server_name": "tkichi.t4t4.xyz:80",
            "server_url": "http://tkichi.t4t4.xyz:80/c/",
            "macs": [
                "00:1A:79:00:00:00",
                "00:1A:79:00:00:09",
                "00:1A:79:00:00:0D",
                "00:1A:79:00:00:22",
                "00:1A:79:00:00:78",
                "00:1A:79:00:00:97",
                "00:1A:79:00:00:FF",
                "00:1A:79:00:01:50",
                "00:1A:79:00:01:5F",
                "00:1A:79:00:02:03",
                "00:1A:79:00:02:C0",
                "00:1A:79:00:06:3C",
                "00:1A:79:00:06:5C",
                "00:1A:79:00:07:94"
            ]
        },
        {
            "server_name": "iptvomax.xyz:80",
            "server_url": "http://iptvomax.xyz:80/c/",
            "macs": [
                "00:1A:79:00:06:3C",
                "00:1A:79:00:06:5C",
                "00:1A:79:00:07:94",
                "00:1A:79:00:0B:0F",
                "00:1A:79:00:11:22",
                "00:1A:79:00:12:78",
                "00:1A:79:00:13:28",
                "00:1A:79:00:18:40",
                "00:1A:79:00:1C:3B"
            ]
        },
        {
            "server_name": "176.9.146.51:80",
            "server_url": "http://176.9.146.51:80/c/",
            "macs": [
                "00:1A:79:2A:21:15",
                "00:1A:79:2B:D7:45",
                "00:1A:79:2D:01:5D",
                "00:1A:79:2D:01:61",
                "00:1A:79:2D:01:7A",
                "00:1A:79:2D:04:95",
                "00:1A:79:6A:59:BE"
            ]
        },
        {
            "server_name": "1.qqtv.nl:8080",
            "server_url": "http://1.qqtv.nl:8080/c/",
            "macs": [
                "00:1A:79:00:0F:5E",
                "00:1A:79:00:1F:35"
            ]
        },
        {
            "server_name": "xc.tvset.top:80",
            "server_url": "http://xc.tvset.top:80/c/",
            "macs": [
                "00:1A:79:1A:8D:63",
                "00:1A:79:31:91:80",
                "00:1A:79:42:53:11",
                "00:1A:79:56:C1:A6",
                "00:1A:79:7C:8D:42",
                "00:1A:79:8C:F9:32",
                "00:1A:79:DA:07:54"
            ]
        },
        {
            "server_name": "innovationpro.nl:80",
            "server_url": "http://innovationpro.nl:80/c/",
            "macs": [
                "00:1A:79:14:6F:8F",
                "00:1A:79:44:AA:D9",
                "00:1A:79:7B:20:37",
                "00:1A:79:B3:2A:E3",
                "00:1A:79:BB:51:8B",
                "00:1A:79:BD:F3:75",
                "00:1A:79:C1:AE:48",
                "00:1A:79:EE:68:0A",
                "00:1A:79:F5:2E:51"
            ]
        },
        {
            "server_name": "mag.alphatx.me:80",
            "server_url": "http://mag.alphatx.me:80/c/",
            "macs": [
                "00:1A:79:04:A7:D4",
                "00:1A:79:09:F6:96",
                "00:1A:79:1E:0A:C4",
                "00:1A:79:22:33:44",
                "00:1A:79:6D:BB:92",
                "00:1A:79:6E:71:2E",
                "00:1A:79:7B:17:EA",
                "00:1A:79:B5:69:3C",
                "00:1A:79:C6:DB:6B",
                "00:1A:79:F0:6A:1E"
            ]
        }
    ]
}