{
    "items": [
        {
            "server_name": "tkosportz.live:25461",
            "server_url": "http://tkosportz.live:25461/c/",
            "macs": [
                "00:1A:79:72:EA:AE",
                "00:1A:79:E6:44:75",
                "00:1A:79:E6:51:54",
                "00:1A:79:E6:C6:E9"
            ]
        },
        {
            "server_name": "nightmare-tv.xyz:8080",
            "server_url": "http://nightmare-tv.xyz:8080/c/",
            "macs": [
                "00:1A:79:32:5C:B8",
                "00:1A:79:51:9F:9B",
                "00:1A:79:85:A4:24",
                "00:1A:79:A0:E2:60",
                "00:1A:79:AF:3A:24",
                "00:1A:79:AF:FA:57"
            ]
        },
        {
            "server_name": "humiptv.live:8080",
            "server_url": "http://humiptv.live:8080/c/",
            "macs": [
                "00:1A:79:1C:57:6A",
                "00:1A:79:27:7F:93",
                "00:1A:79:C7:66:2D"
            ]
        },
        {
            "server_name": "login.lionboxtv.xyz",
            "server_url": "http://login.lionboxtv.xyz/c/",
            "macs": [
                "00:1A:79:B4:31:A9"
            ]
        },
        {
            "server_name": "45.11.57.142",
            "server_url": "http://45.11.57.142/c/",
            "macs": [
                "00:1A:79:58:75:56"
            ]
        },
        {
            "server_name": "balkanika.club:2082",
            "server_url": "http://balkanika.club:2082/c/",
            "macs": [
                "00:1A:79:A1:DF:A3"
            ]
        },
        {
            "server_name": "br0ss.xyz:8090",
            "server_url": "http://br0ss.xyz:8090/c/",
            "macs": [
                "00:1A:79:4B:EC:6D"
            ]
        },
        {
            "server_name": "brutus.biz:2082",
            "server_url": "http://brutus.biz:2082/c/",
            "macs": [
                "00:1A:79:A1:DF:A3"
            ]
        },
        {
            "server_name": "apk.androidtrex.com",
            "server_url": "http://apk.androidtrex.com/c/",
            "macs": [
                "00:1A:79:22:1E:D8",
                "00:1A:79:24:7E:CD",
                "00:1A:79:5C:37:0A",
                "00:1A:79:64:DB:4C",
                "00:1A:79:B5:67:E1",
                "00:1A:79:B8:61:16",
                "00:1A:79:BE:C1:90",
                "00:1A:79:BF:C3:D4",
                "00:1A:79:C0:60:22",
                "00:1A:79:C3:9D:41",
                "00:1A:79:C6:3E:AF",
                "00:1A:79:E6:23:72",
                "00:1A:79:F5:28:E6"
            ]
        },
        {
            "server_name": "stalker.ugoiptv.com",
            "server_url": "http://stalker.ugoiptv.com/c/",
            "macs": [
                "00:1A:79:47:94:B7",
                "00:1A:79:7A:F0:5F",
                "00:1A:79:86:1C:F7",
                "00:1A:79:B7:74:5D"
            ]
        }
    ]
}