{
    "items": [
        {
            "server_name": "king.viviotv.xyz",
            "server_url": "http://king.viviotv.xyz/c/",
            "macs": [
                "00:1A:79:0B:8A:E6",
                "00:1A:79:1B:94:18",
                "00:1A:79:1C:10:C5",
                "00:1A:79:20:BD:C1",
                "00:1A:79:2D:F4:5D",
                "00:1A:79:33:16:F7",
                "00:1A:79:4F:33:40",
                "00:1A:79:51:48:55",
                "00:1A:79:52:84:5D",
                "00:1A:79:5E:3B:8E",
                "00:1A:79:62:05:FB",
                "00:1A:79:62:9D:10",
                "00:1A:79:62:B2:EE",
                "00:1A:79:64:EE:4B",
                "00:1A:79:73:0C:7D",
                "00:1A:79:75:D4:11",
                "00:1A:79:76:6F:08",
                "00:1A:79:77:DA:4F",
                "00:1A:79:79:72:22",
                "00:1A:79:97:13:D2",
                "00:1A:79:A6:63:28",
                "00:1A:79:A8:F3:53",
                "00:1A:79:AF:19:23",
                "00:1A:79:B2:6F:9D",
                "00:1A:79:B6:80:93",
                "00:1A:79:BA:19:B7",
                "00:1A:79:C1:3F:F5",
                "00:1A:79:C7:6B:4B",
                "00:1A:79:D5:76:68",
                "00:1A:79:E5:B0:74",
                "00:1A:79:E6:6D:E9",
                "00:1A:79:E7:13:47"
            ]
        },
        {
            "server_name": "anonymoustv.club",
            "server_url": "http://anonymoustv.club/c/",
            "macs": [
                "00:1A:79:00:09:88",
                "00:1A:79:57:1C:87",
                "00:1A:79:70:AD:A1",
                "00:1A:79:73:E2:B1",
                "00:1A:79:B5:1F:AE"
            ]
        },
        {
            "server_name": "eu.majes-line.co:80",
            "server_url": "http://eu.majes-line.co:80/c/",
            "macs": [
                "00:1A:79:00:3D:5F",
                "00:1A:79:01:00:0A",
                "00:1A:79:01:24:BB",
                "00:1A:79:02:05:AA",
                "00:1A:79:02:11:E5",
                "00:1A:79:02:5C:2A",
                "00:1A:79:03:10:FD",
                "00:1A:79:03:1F:6B",
                "00:1A:79:04:71:88",
                "00:1A:79:05:1A:51",
                "00:1A:79:06:80:48",
                "00:1A:79:0A:44:BD",
                "00:1A:79:0F:25:FE",
                "00:1A:79:0F:85:1A",
                "00:1A:79:0F:D1:44",
                "00:1A:79:0F:DD:B8",
                "00:1A:79:11:CF:CF",
                "00:1A:79:13:5F:FE",
                "00:1A:79:13:F6:80",
                "00:1A:79:14:9A:96",
                "00:1A:79:17:40:D7",
                "00:1A:79:1A:9C:6B",
                "00:1A:79:1C:8E:3C",
                "00:1A:79:1C:B4:83",
                "00:1A:79:1E:46:9D",
                "00:1A:79:1E:E8:28",
                "00:1A:79:1F:73:83",
                "00:1A:79:1F:85:1E",
                "00:1A:79:1F:D0:F0",
                "00:1A:79:22:19:4B",
                "00:1A:79:22:1C:29",
                "00:1A:79:22:1D:3D",
                "00:1A:79:23:7F:34",
                "00:1A:79:24:7B:0E",
                "00:1A:79:24:82:A8",
                "00:1A:79:27:F1:D1",
                "00:1A:79:28:BB:DE",
                "00:1A:79:2B:E6:1E",
                "00:1A:79:2C:97:81",
                "00:1A:79:2F:0F:31",
                "00:1A:79:2F:3A:F2",
                "00:1A:79:2F:56:8D",
                "00:1A:79:30:07:13",
                "00:1A:79:30:31:37",
                "00:1A:79:30:35:64",
                "00:1A:79:31:D1:38",
                "00:1A:79:32:4E:5C",
                "00:1A:79:33:7A:A3",
                "00:1A:79:36:BE:4D",
                "00:1A:79:37:08:8F",
                "00:1A:79:3A:9B:D9",
                "00:1A:79:3A:E2:74",
                "00:1A:79:3A:EA:00",
                "00:1A:79:3B:00:CA",
                "00:1A:79:3B:06:B7",
                "00:1A:79:3B:63:25",
                "00:1A:79:3F:4F:53",
                "00:1A:79:3F:D8:DD",
                "00:1A:79:40:10:08",
                "00:1A:79:40:31:2B",
                "00:1A:79:40:40:FC",
                "00:1A:79:40:4D:C0",
                "00:1A:79:40:53:E2",
                "00:1A:79:43:D9:66",
                "00:1A:79:45:00:9D",
                "00:1A:79:4B:B6:55",
                "00:1A:79:4E:6F:D9",
                "00:1A:79:4F:2F:38",
                "00:1A:79:4F:B9:5A",
                "00:1A:79:50:94:4C",
                "00:1A:79:52:E5:46",
                "00:1A:79:53:4C:77",
                "00:1A:79:54:2B:D6",
                "00:1A:79:54:F6:49",
                "00:1A:79:57:45:30",
                "00:1A:79:58:F9:68",
                "00:1A:79:5B:6A:AD",
                "00:1A:79:5C:B3:6D",
                "00:1A:79:5C:B8:EA",
                "00:1A:79:5C:CE:DF",
                "00:1A:79:5D:10:68",
                "00:1A:79:5D:9D:60",
                "00:1A:79:5E:F6:B4",
                "00:1A:79:5F:84:E6",
                "00:1A:79:5F:AC:57",
                "00:1A:79:5F:DF:FC",
                "00:1A:79:60:2B:39",
                "00:1A:79:61:3F:91",
                "00:1A:79:63:3F:C9",
                "00:1A:79:64:2A:A5",
                "00:1A:79:64:E1:5C",
                "00:1A:79:66:21:B6",
                "00:1A:79:66:44:B5",
                "00:1A:79:66:53:9D",
                "00:1A:79:68:7C:0F",
                "00:1A:79:68:95:67",
                "00:1A:79:6A:50:06",
                "00:1A:79:6D:EF:D3",
                "00:1A:79:6F:16:04",
                "00:1A:79:6F:D5:39",
                "00:1A:79:6F:EE:8F",
                "00:1A:79:6F:FB:E4",
                "00:1A:79:74:5A:80",
                "00:1A:79:74:E0:77",
                "00:1A:79:75:A3:E1",
                "00:1A:79:76:37:EB",
                "00:1A:79:78:A7:22",
                "00:1A:79:79:61:11",
                "00:1A:79:79:61:29",
                "00:1A:79:7A:43:2F",
                "00:1A:79:7A:69:D4",
                "00:1A:79:7A:92:E8",
                "00:1A:79:7C:7D:C6",
                "00:1A:79:7C:ED:AF",
                "00:1A:79:7F:3F:6F",
                "00:1A:79:82:C8:9A",
                "00:1A:79:8A:DC:79",
                "00:1A:79:8B:24:43",
                "00:1A:79:94:67:54",
                "00:1A:79:97:DF:F2",
                "00:1A:79:9B:62:59",
                "00:1A:79:9C:D0:49",
                "00:1A:79:9F:88:39",
                "00:1A:79:A0:7D:7B",
                "00:1A:79:A1:C8:FA",
                "00:1A:79:A2:2C:A6",
                "00:1A:79:A3:7A:D0",
                "00:1A:79:A4:87:31",
                "00:1A:79:A8:10:4E",
                "00:1A:79:A8:2F:A9",
                "00:1A:79:A9:69:45",
                "00:1A:79:A9:BA:9F",
                "00:1A:79:A9:F7:3D",
                "00:1A:79:AA:7C:D1",
                "00:1A:79:AA:BE:1A",
                "00:1A:79:AA:C2:99",
                "00:1A:79:AA:C3:5E",
                "00:1A:79:AC:76:C0",
                "00:1A:79:AC:F1:29",
                "00:1A:79:AD:B3:46",
                "00:1A:79:AD:BE:18",
                "00:1A:79:AE:10:AB",
                "00:1A:79:AF:55:53",
                "00:1A:79:AF:A3:B4",
                "00:1A:79:B0:65:76",
                "00:1A:79:B1:4C:53",
                "00:1A:79:B1:8B:A8",
                "00:1A:79:B4:A0:98",
                "00:1A:79:B4:AB:36",
                "00:1A:79:B4:AE:A6",
                "00:1A:79:B4:EA:EC",
                "00:1A:79:B4:EE:8D",
                "00:1A:79:B4:EF:E5",
                "00:1A:79:B4:F2:CA",
                "00:1A:79:B5:0C:A7",
                "00:1A:79:B5:18:47",
                "00:1A:79:B5:7C:46",
                "00:1A:79:B6:E7:C4",
                "00:1A:79:B7:07:23",
                "00:1A:79:B7:49:EA",
                "00:1A:79:B7:D2:9B",
                "00:1A:79:B9:24:2A",
                "00:1A:79:B9:9C:68",
                "00:1A:79:B9:AE:C8",
                "00:1A:79:BA:1D:ED",
                "00:1A:79:BA:D3:A5",
                "00:1A:79:BC:3F:DB",
                "00:1A:79:BC:F7:58",
                "00:1A:79:BD:3A:A3",
                "00:1A:79:BD:54:E1",
                "00:1A:79:BE:4A:C0",
                "00:1A:79:BF:4F:32",
                "00:1A:79:BF:6B:8F",
                "00:1A:79:C0:82:76",
                "00:1A:79:C1:0C:A2",
                "00:1A:79:C1:70:6B",
                "00:1A:79:C1:C9:51",
                "00:1A:79:C1:F0:8E",
                "00:1A:79:C1:FD:37",
                "00:1A:79:C2:7E:AE",
                "00:1A:79:C3:AA:55",
                "00:1A:79:C3:B8:84",
                "00:1A:79:C4:D2:56",
                "00:1A:79:C5:21:E2",
                "00:1A:79:C5:76:5C",
                "00:1A:79:C6:74:C5",
                "00:1A:79:C6:75:A2",
                "00:1A:79:C7:B4:D6",
                "00:1A:79:C9:07:1F",
                "00:1A:79:C9:61:8B",
                "00:1A:79:C9:E8:BD",
                "00:1A:79:CA:5C:83",
                "00:1A:79:CE:EB:C4",
                "00:1A:79:D1:13:85",
                "00:1A:79:D2:1D:5B",
                "00:1A:79:D2:F5:53",
                "00:1A:79:D3:58:F6",
                "00:1A:79:D4:2D:10",
                "00:1A:79:DB:D6:D7",
                "00:1A:79:E5:7D:B1",
                "00:1A:79:E6:E4:4E",
                "00:1A:79:E9:51:40",
                "00:1A:79:E9:54:67",
                "00:1A:79:F2:37:64",
                "00:1A:79:F5:6D:23",
                "00:1A:79:F5:8D:06",
                "00:1A:79:F9:87:74",
                "00:1A:79:FA:07:E6",
                "00:1A:79:FB:83:95",
                "00:1A:79:FC:1F:65"
            ]
        }
    ]
}