{
    "items": [
        {
            "server_name": "minnm8544de.lstv.win:8080",
            "server_url": "http://minnm8544de.lstv.win:8080/c/",
            "macs": [
                "00:1A:79:53:3F:40",
                "00:1A:79:53:43:9D",
                "00:1A:79:53:52:80",
                "00:1A:79:54:33:33",
                "00:1A:79:54:35:5E",
                "00:1A:79:54:35:AF",
                "00:1A:79:54:41:81",
                "00:1A:79:54:43:00",
                "00:1A:79:54:44:04",
                "00:1A:79:54:C9:51",
                "00:1A:79:54:E6:7B",
                "00:1A:79:55:78:F4",
                "00:1A:79:55:79:1E",
                "00:1A:79:55:79:FD",
                "00:1A:79:55:86:88",
                "00:1A:79:55:DC:A3",
                "00:1A:79:56:B8:8D",
                "00:1A:79:56:EF:B7",
                "00:1A:79:58:C8:B4",
                "00:1A:79:5A:CB:40",
                "00:1A:79:5B:ED:93",
                "00:1A:79:5C:23:B3",
                "00:1A:79:5C:CA:A5",
                "00:1A:79:5D:3A:9F",
                "00:1A:79:5D:3A:E4",
                "00:1A:79:5D:4E:E7",
                "00:1A:79:63:02:52",
                "00:1A:79:63:58:1F",
                "00:1A:79:63:7F:BA",
                "00:1A:79:64:DD:6A",
                "00:1A:79:66:1E:5F",
                "00:1A:79:66:C2:41",
                "00:1A:79:67:84:13",
                "00:1A:79:6C:F3:AF",
                "00:1A:79:6D:81:00",
                "00:1A:79:6E:5D:25",
                "00:1A:79:6E:B2:A4",
                "00:1A:79:6E:B7:CE",
                "00:1A:79:6E:BA:D5",
                "00:1A:79:6F:2B:AF",
                "00:1A:79:70:38:D7",
                "00:1A:79:70:38:D9",
                "00:1A:79:70:F8:2C",
                "00:1A:79:71:81:2A",
                "00:1A:79:72:05:E0"
            ]
        },
        {
            "server_name": "brokentv.rip:8080",
            "server_url": "http://brokentv.rip:8080/c/",
            "macs": [
                "00:1A:79:40:C9:EA",
                "00:1A:79:55:F5:DE",
                "00:1A:79:74:B7:06",
                "00:1A:79:AF:73:0C",
                "00:1A:79:BC:29:51",
                "00:1A:79:BC:2D:8A",
                "00:1A:79:BF:8D:40"
            ]
        },
        {
            "server_name": "line5.protv.cc:80",
            "server_url": "http://line5.protv.cc:80/c/",
            "macs": [
                "00:1A:79:16:2E:51",
                "00:1A:79:AF:11:49",
                "00:1A:79:C8:A8:3C"
            ]
        }
    ]
}