{
    "items": [
        {
            "server_name": "live.iptv.re:22461",
            "server_url": "http://live.iptv.re:22461/c/",
            "macs": [
                "00:1A:79:1A:45:74"
            ]
        },
        {
            "server_name": "mytv.fun:8080",
            "server_url": "http://mytv.fun:8080/c/",
            "macs": [
                "00:1A:79:73:DB:5A"
            ]
        },
        {
            "server_name": "eu.majes-line.co:80",
            "server_url": "http://eu.majes-line.co:80/c/",
            "macs": [
                "00:1A:79:00:00:99"
            ]
        },
        {
            "server_name": "medialivetv.co:8080",
            "server_url": "http://medialivetv.co:8080/c/",
            "macs": [
                "00:1A:79:55:65:D7"
            ]
        },
        {
            "server_name": "line.iptvhunt.com:80",
            "server_url": "http://line.iptvhunt.com:80/c/",
            "macs": [
                "00:1A:79:A3:53:B3"
            ]
        },
        {
            "server_name": "z.xzzz.vip:80",
            "server_url": "http://z.xzzz.vip:80/c/",
            "macs": [
                "00:1A:79:10:89:59",
                "00:1A:79:13:8F:44",
                "00:1A:79:54:52:0F",
                "00:1A:79:AB:E3:AD",
                "00:1A:79:E8:A6:17"
            ]
        }
    ]
}