{
    "items": [
        {
            "server_name": "line.tvdsz.cc:80",
            "server_url": "http://line.tvdsz.cc:80/c/",
            "macs": [
                "00:1A:79:AE:26:F2",
                "00:1A:79:B5:9E:CB",
                "00:1A:79:F5:0D:D6"
            ]
        },
        {
            "server_name": "brokentv.rip:8080",
            "server_url": "http://brokentv.rip:8080/c/",
            "macs": [
                "00:1A:79:04:02:4F",
                "00:1A:79:73:2E:EE",
                "00:1A:79:74:B6:6B",
                "00:1A:79:A2:F6:3C",
                "00:1A:79:A9:2F:AA",
                "00:1A:79:AF:B3:BA",
                "00:1A:79:CB:A4:AA"
            ]
        },
        {
            "server_name": "1978.magpt.me:8080",
            "server_url": "http://1978.magpt.me:8080/c/",
            "macs": [
                "00:1A:79:39:EF:D3",
                "00:1A:79:64:26:CE",
                "00:1A:79:AE:CC:7B"
            ]
        },
        {
            "server_name": "cdn-reload.xyz:8080",
            "server_url": "http://cdn-reload.xyz:8080/c/",
            "macs": [
                "00:1A:79:45:01:27",
                "00:1A:79:C6:87:49",
                "00:1A:79:D2:D5:F0"
            ]
        },
        {
            "server_name": "4ksuper.live",
            "server_url": "http://4ksuper.live/c/",
            "macs": [
                "00:1A:79:12:77:80",
                "00:1A:79:2D:EF:9A",
                "00:1A:79:30:1F:C5",
                "00:1A:79:40:15:58"
            ]
        },
        {
            "server_name": "hd-max.org:8080",
            "server_url": "http://hd-max.org:8080/c/",
            "macs": [
                "00:1A:79:38:62:39",
                "00:1A:79:39:86:33",
                "00:1A:79:3A:A8:6A",
                "00:1A:79:3E:9F:99",
                "00:1A:79:46:57:AD",
                "00:1A:79:4B:A5:8C"
            ]
        },
        {
            "server_name": "onrev.xyz:80",
            "server_url": "http://onrev.xyz:80/c/",
            "macs": [
                "00:1A:79:14:3B:C8",
                "00:1A:79:32:D8:9C",
                "00:1A:79:33:24:BC",
                "00:1A:79:42:21:38",
                "00:1A:79:48:EB:B1",
                "00:1A:79:5B:4D:CC",
                "00:1A:79:5B:57:55"
            ]
        },
        {
            "server_name": "opanak.xyz",
            "server_url": "http://opanak.xyz/c/",
            "macs": [
                "00:1A:79:57:9E:6E"
            ]
        },
        {
            "server_name": "petarxc.ddns.net:8000",
            "server_url": "http://petarxc.ddns.net:8000/c/",
            "macs": [
                "00:1A:79:76:0E:73"
            ]
        },
        {
            "server_name": "p1.iptvrocket.tv:80",
            "server_url": "http://p1.iptvrocket.tv:80/c/",
            "macs": [
                "00:1A:79:01:18:23",
                "00:1A:79:66:45:90",
                "00:1A:79:AA:55:BA"
            ]
        },
        {
            "server_name": "ojpc.live:8080",
            "server_url": "http://ojpc.live:8080/c/",
            "macs": [
                "00:1A:79:0F:A1:3A",
                "00:1A:79:3F:68:43",
                "00:1A:79:AB:B7:88",
                "00:1A:79:AD:9F:D9"
            ]
        },
        {
            "server_name": "nvs1hosting.live:25461",
            "server_url": "http://nvs1hosting.live:25461/c/",
            "macs": [
                "00:1A:79:A4:1D:CB",
                "00:1A:79:B8:00:92",
                "00:1A:79:B8:07:44",
                "00:1A:79:BC:61:6C",
                "00:1A:79:C9:8F:13",
                "00:1A:79:C9:B3:2C",
                "00:1A:79:C9:BF:12",
                "00:1A:79:C9:D8:08"
            ]
        },
        {
            "server_name": "nas.bordo1453.be:80",
            "server_url": "http://nas.bordo1453.be:80/c/",
            "macs": [
                "00:1A:79:1D:24:B2",
                "00:1A:79:2A:39:2C",
                "00:1A:79:36:D3:50",
                "00:1A:79:8B:30:DD",
                "00:1A:79:8B:40:ED",
                "00:1A:79:C9:29:9C"
            ]
        }
    ]
}