{
    "items": [
        {
            "server_name": "ampify30.xyz:8080",
            "server_url": "http://ampify30.xyz:8080/c/",
            "macs": [
                "00:1A:79:AB:ED:8E",
                "00:1A:79:AE:CD:92",
                "00:1A:79:B9:50:51",
                "00:1A:79:BC:F2:B8"
            ]
        },
        {
            "server_name": "45.139.122.199:80",
            "server_url": "http://45.139.122.199:80/c/",
            "macs": [
                "00:1A:79:0F:32:08",
                "00:1A:79:0F:86:52",
                "00:1A:79:3D:5C:E2",
                "00:1A:79:5A:D1:15",
                "00:1A:79:69:D2:CD",
                "00:1A:79:6F:A7:62",
                "00:1A:79:A5:D7:11",
                "00:1A:79:A5:E0:BB",
                "00:1A:79:AB:8F:CE",
                "00:1A:79:AB:C5:73",
                "00:1A:79:AE:4E:78",
                "00:1A:79:AE:64:37",
                "00:1A:79:AE:6C:8A",
                "00:1A:79:AE:7B:C0",
                "00:1A:79:AE:84:7E",
                "00:1A:79:B8:74:6D",
                "00:1A:79:BF:CE:5E"
            ]
        },
        {
            "server_name": "sidflix.com:8000",
            "server_url": "http://sidflix.com:8000/c/",
            "macs": [
                "00:1A:79:00:44:31",
                "00:1A:79:01:89:40",
                "00:1A:79:02:18:E1",
                "00:1A:79:02:1F:C0",
                "00:1A:79:2F:8F:71",
                "00:1A:79:3D:13:6D",
                "00:1A:79:46:2A:4E",
                "00:1A:79:54:AB:9F",
                "00:1A:79:6C:90:DC",
                "00:1A:79:A5:E4:31",
                "00:1A:79:AE:A0:30",
                "00:1A:79:B8:35:3A",
                "00:1A:79:B8:75:6A",
                "00:1A:79:B8:E3:F7"
            ]
        },
        {
            "server_name": "vbn123.com:8080",
            "server_url": "http://vbn123.com:8080/c/",
            "macs": [
                "00:1A:79:B9:50:89"
            ]
        },
        {
            "server_name": "hdlocal.de:8080",
            "server_url": "http://hdlocal.de:8080/c/",
            "macs": [
                "00:1A:79:2F:C5:60"
            ]
        },
        {
            "server_name": "123jk.tv",
            "server_url": "http://123jk.tv/c/",
            "macs": [
                "00:1A:79:44:15:79",
                "00:1A:79:55:3B:09",
                "00:1A:79:61:30:59",
                "00:1A:79:E5:1E:41",
                "00:1A:79:E5:1F:59"
            ]
        },
        {
            "server_name": "apkonrev.store:8080",
            "server_url": "http://apkonrev.store:8080/c/",
            "macs": [
                "00:1A:79:24:8B:35",
                "00:1A:79:42:21:39",
                "00:1A:79:82:F3:C9"
            ]
        },
        {
            "server_name": "live.lynxiptv.xyz",
            "server_url": "http://live.lynxiptv.xyz/c/",
            "macs": [
                "00:1A:79:A8:76:3F"
            ]
        },
        {
            "server_name": "6a6b6.com",
            "server_url": "http://6a6b6.com/c/",
            "macs": [
                "00:1A:79:31:0F:29"
            ]
        },
        {
            "server_name": "ultra-box.club",
            "server_url": "http://ultra-box.club/c/",
            "macs": [
                "00:1A:79:A1:BF:F1"
            ]
        },
        {
            "server_name": "mag.bee-ott.com",
            "server_url": "http://mag.bee-ott.com/c/",
            "macs": [
                "00:1A:79:03:8D:DB",
                "00:1A:79:05:B2:36",
                "00:1A:79:08:84:20",
                "00:1A:79:09:F0:47",
                "00:1A:79:0C:33:4D",
                "00:1A:79:0C:CB:19",
                "00:1A:79:0D:AA:57",
                "00:1A:79:0E:1B:CC",
                "00:1A:79:11:F9:88",
                "00:1A:79:18:10:7F",
                "00:1A:79:1D:12:57",
                "00:1A:79:2F:B1:28",
                "00:1A:79:30:9F:89",
                "00:1A:79:35:A2:0C",
                "00:1A:79:3A:59:C7",
                "00:1A:79:3A:D7:D9",
                "00:1A:79:3C:1F:20",
                "00:1A:79:43:2D:85",
                "00:1A:79:4C:1F:35",
                "00:1A:79:4E:0E:1B",
                "00:1A:79:4E:C1:91",
                "00:1A:79:50:A3:41",
                "00:1A:79:52:75:21",
                "00:1A:79:53:EC:22",
                "00:1A:79:57:25:5A",
                "00:1A:79:57:9A:11",
                "00:1A:79:58:52:DD",
                "00:1A:79:5D:90:6A",
                "00:1A:79:5D:91:8F",
                "00:1A:79:5E:06:63",
                "00:1A:79:5E:D8:B9",
                "00:1A:79:5F:65:D5",
                "00:1A:79:66:38:63",
                "00:1A:79:6A:C5:39",
                "00:1A:79:6F:9E:52",
                "00:1A:79:70:4A:6F",
                "00:1A:79:73:20:96",
                "00:1A:79:73:97:32",
                "00:1A:79:73:E2:68",
                "00:1A:79:76:7E:AC",
                "00:1A:79:76:C2:8F",
                "00:1A:79:77:57:9A",
                "00:1A:79:77:8A:98",
                "00:1A:79:78:5E:AB",
                "00:1A:79:84:85:F8",
                "00:1A:79:86:DE:EB",
                "00:1A:79:88:C7:88",
                "00:1A:79:8A:F0:88",
                "00:1A:79:92:99:FE",
                "00:1A:79:9D:97:BE",
                "00:1A:79:A4:CE:C1",
                "00:1A:79:A5:25:3E",
                "00:1A:79:A6:06:04",
                "00:1A:79:A7:59:DB",
                "00:1A:79:AA:6E:1E",
                "00:1A:79:AA:C1:AE",
                "00:1A:79:B0:91:82",
                "00:1A:79:B0:E7:A8",
                "00:1A:79:B5:12:E1",
                "00:1A:79:B7:7F:06",
                "00:1A:79:B9:25:D4",
                "00:1A:79:BA:31:B1",
                "00:1A:79:BA:41:1B",
                "00:1A:79:BA:B8:4B",
                "00:1A:79:BB:2F:36",
                "00:1A:79:BB:DE:A8",
                "00:1A:79:BE:50:A8",
                "00:1A:79:BE:99:95",
                "00:1A:79:BF:8F:F3",
                "00:1A:79:BF:95:C4",
                "00:1A:79:BF:CF:80",
                "00:1A:79:BF:ED:92",
                "00:1A:79:C0:04:46",
                "00:1A:79:C0:12:6F",
                "00:1A:79:C0:8C:F7",
                "00:1A:79:C0:A7:E7",
                "00:1A:79:C3:1B:C2",
                "00:1A:79:C3:47:7E",
                "00:1A:79:C5:3D:07",
                "00:1A:79:C5:68:68",
                "00:1A:79:C6:D8:97",
                "00:1A:79:C6:E9:9A",
                "00:1A:79:C7:00:E7",
                "00:1A:79:CA:E3:DE",
                "00:1A:79:CB:9D:BE",
                "00:1A:79:D4:3F:F4",
                "00:1A:79:D4:9F:9A",
                "00:1A:79:D6:5F:C9",
                "00:1A:79:E4:3F:5E",
                "00:1A:79:E5:E3:6A",
                "00:1A:79:E6:F9:B4",
                "00:1A:79:E8:A3:3A",
                "00:1A:79:E8:A7:85",
                "00:1A:79:ED:7D:07",
                "00:1A:79:F0:0A:74",
                "00:1A:79:F5:1C:28",
                "00:1A:79:F7:1F:D9"
            ]
        },
        {
            "server_name": "5.206.227.184:8080",
            "server_url": "http://5.206.227.184:8080/c/",
            "macs": [
                "00:1A:79:BD:24:45"
            ]
        },
        {
            "server_name": "mag.clientportal.link",
            "server_url": "http://mag.clientportal.link/c/",
            "macs": [
                "00:1A:79:4C:0E:F0",
                "00:1A:79:AB:A1:87",
                "00:1A:79:AE:E2:9B",
                "00:1A:79:B6:8D:AB"
            ]
        },
        {
            "server_name": "semprea100.org",
            "server_url": "http://semprea100.org/c/",
            "macs": [
                "00:1A:79:B2:05:C5"
            ]
        },
        {
            "server_name": "mag.id.iptv.uno:80",
            "server_url": "http://mag.id.iptv.uno:80/c/",
            "macs": [
                "00:1A:79:50:C2:17",
                "00:1A:79:AB:A1:87",
                "00:1A:79:B6:17:60",
                "00:1A:79:B6:54:00",
                "00:1A:79:BA:5C:FE",
                "00:1A:79:C0:7B:3B",
                "00:1A:79:C3:1B:C2",
                "00:1A:79:C3:21:52"
            ]
        },
        {
            "server_name": "besttv.club:8080",
            "server_url": "http://besttv.club:8080/c/",
            "macs": [
                "00:1A:79:30:9F:89"
            ]
        },
        {
            "server_name": "pp.prison8break.com:8080",
            "server_url": "http://pp.prison8break.com:8080/c/",
            "macs": [
                "00:1A:79:A7:A2:65"
            ]
        },
        {
            "server_name": "neomixs.com:8080",
            "server_url": "http://neomixs.com:8080/c/",
            "macs": [
                "00:1A:79:46:87:50"
            ]
        },
        {
            "server_name": "diyarbekir21.com:8080",
            "server_url": "http://diyarbekir21.com:8080/c/",
            "macs": [
                "00:1A:79:37:4F:B7",
                "00:1A:79:3A:DA:84",
                "00:1A:79:3F:B1:AE",
                "00:1A:79:43:31:F6",
                "00:1A:79:4B:68:87",
                "00:1A:79:4C:B2:8A",
                "00:1A:79:5D:02:44",
                "00:1A:79:69:5B:BF",
                "00:1A:79:74:4A:3F",
                "00:1A:79:75:A6:8E",
                "00:1A:79:84:3D:62",
                "00:1A:79:BB:3B:C4",
                "00:1A:79:BD:50:EE",
                "00:1A:79:C4:E0:1F",
                "00:1A:79:C8:67:97",
                "00:1A:79:D5:37:EE",
                "00:1A:79:F1:5E:9D",
                "00:1A:79:FA:0A:38"
            ]
        }
    ]
}