{
    "items": [
        {
            "server_name": "1sc33n.com:8000",
            "server_url": "http://1sc33n.com:8000/c/",
            "macs": [
                "00:1a:79:50:62:e4",
                "00:1A:79:2C:7F:2C"
            ]
        },
        {
            "server_name": "maratonci.xyz:12974",
            "server_url": "http://maratonci.xyz:12974/c/",
            "macs": [
                "00:1A:79:6B:67:37"
            ]
        },
        {
            "server_name": "live.nettv.pro",
            "server_url": "http://live.nettv.pro/c/",
            "macs": [
                "00:1A:79:2D:8E:10",
                "00:1A:79:27:9E:CA"
            ]
        },
        {
            "server_name": "tvbezgranica.org:8000",
            "server_url": "http://tvbezgranica.org:8000/c/",
            "macs": [
                "00:1A:79:BA:AF:AA"
            ]
        },
        {
            "server_name": "televizija.club:25461",
            "server_url": "http://televizija.club:25461/c/",
            "macs": [
                "00:1A:79:72:EC:03",
                "00:1A:79:34:84:7E"
            ]
        },
        {
            "server_name": "92.204.40.153",
            "server_url": "http://92.204.40.153/stalker_portal/c/",
            "macs": [
                "00:1A:79:54:44:45",
                "00:1A:79:A0:ED:8E",
                "00:1A:79:68:26:73",
                "00:1A:79:da:82:76",
                "00:1A:79:4b:c4:00",
                "00:1A:79:3e:15:c1",
                "00:1A:79:54:bc:25",
                "00:1A:79:48:88:8c",
                "00:1A:79:58:71:79",
                "00:1A:79:68:ff:6b",
                "00:1A:79:70:02:f0",
                "00:1A:79:68:18:a0",
                "00:1A:79:49:1d:b5"
            ]
        },
        {
            "server_name": "cpanel.traveliptv.nl",
            "server_url": "http://cpanel.traveliptv.nl/c/",
            "macs": [
                "00:1a:79:4e:c5:2c"
            ]
        },
        {
            "server_name": "fastopen.live:8080",
            "server_url": "http://fastopen.live:8080/c/",
            "macs": [
                "00:1a:79:b7:3d:df"
            ]
        },
        {
            "server_name": "portal.ramz123.xyz:8080",
            "server_url": "http://portal.ramz123.xyz:8080/c/",
            "macs": [
                "00:1a:79:a3:1a:d8"
            ]
        },
        {
            "server_name": "webflowmalta.club:8080",
            "server_url": "http://webflowmalta.club:8080/c/",
            "macs": [
                "00:1a:79:f1:5c:37"
            ]
        },
        {
            "server_name": "alexiptv.ddns.me:8080",
            "server_url": "http://alexiptv.ddns.me:8080/c/",
            "macs": [
                "00:1a:79:a9:e0:8b"
            ]
        },
        {
            "server_name": "beta-pro.com:8000",
            "server_url": "http://beta-pro.com:8000/c/",
            "macs": [
                "00:1a:79:46:e3:47"
            ]
        },
        {
            "server_name": "hd-max.org:8080",
            "server_url": "http://hd-max.org:8080/c/",
            "macs": [
                "00:1A:79:44:3F:8A",
                "00:1A:79:05:7F:5F"
            ]
        },
        {
            "server_name": "45.135.194.38:8080",
            "server_url": "http://45.135.194.38:8080/c/",
            "macs": [
                "00:1A:79:72:f4:65"
            ]
        },
        {
            "server_name": "naomefodas.ecosyst.eu",
            "server_url": "http://naomefodas.ecosyst.eu/c/",
            "macs": [
                "00:1A:79:42:D4:93"
            ]
        },
        {
            "server_name": "neroiptv.xyz:8000",
            "server_url": "http://neroiptv.xyz:8000/c/",
            "macs": [
                "00:1a:79:31:dd:b1"
            ]
        },
        {
            "server_name": "europlustv.online:8080",
            "server_url": "http://europlustv.online:8080/c/",
            "macs": []
        },
        {
            "server_name": "185.205.201.168:8080",
            "server_url": "http://185.205.201.168:8080/c/",
            "macs": [
                "00:1A:79:41:C6:31",
                "00:1a:79:4c:1c:b1"
            ]
        },
        {
            "server_name": "chtv.life:8080",
            "server_url": "http://chtv.life:8080/c/",
            "macs": [
                "00:1A:79:B3:A7:7C"
            ]
        },
        {
            "server_name": "smattv.eatuo.com:25461",
            "server_url": "http://smattv.eatuo.com:25461/c/",
            "macs": [
                "18:C8:E7:04:37:9A"
            ]
        },
        {
            "server_name": "tvbezgranica.org:80",
            "server_url": "http://tvbezgranica.org:80/c/",
            "macs": [
                "00:1a:79:bb:3d:30"
            ]
        },
        {
            "server_name": "gssgroupmedia.com:8000",
            "server_url": "http://gssgroupmedia.com:8000/c/",
            "macs": [
                "00:1A:79:93:9A:CB"
            ]
        },
        {
            "server_name": "cazintv. com:80",
            "server_url": "http://cazintv. com:80/c/",
            "macs": [
                "00:1A:79:34:06:19"
            ]
        },
        {
            "server_name": "crypto.dns.army:8080",
            "server_url": "http://crypto.dns.army:8080/c/",
            "macs": [
                "00:1A:79:60:74:29",
                "00:1A:79:44:f7:f0"
            ]
        },
        {
            "server_name": "grogi.online",
            "server_url": "http://grogi.online/c/",
            "macs": [
                "00:1A:79:4E:06:2C"
            ]
        },
        {
            "server_name": "tvbezgranica.org:80",
            "server_url": "http://tvbezgranica.org:80/c/",
            "macs": [
                "00:1a:79:11:7a:76"
            ]
        },
        {
            "server_name": "dragoniptvpro.club",
            "server_url": "http://dragoniptvpro.club/c/",
            "macs": [
                "00:1A:79:37:5F:A8",
                "00:1A:79:CF:E3:9C",
                "00:1A:79:23:34:70",
                "00:1A:79:74:22:D6",
                "00:1A:79:31:42:93",
                "00:1A:79:2F:39:DD",
                "00:1A:79:76:9F:A3",
                "00:1A:79:75:5A:50",
                "00:1A:79:A9:28:5E",
                "00:1A:79:63:D7:9E",
                "00:1A:79:C3:93:C3",
                "00:1A:79:B3:0C:6F",
                "00:1A:79:AF:2F:A5",
                "00:1A:79:AB:F5:1A",
                "00:1A:79:2B:FB:E5",
                "00:1A:79:52:3A:7A",
                "00:1A:79:A1:B8:99",
                "00:1A:79:6D:C5:F1",
                "00:1A:79:66:30:CE",
                "00:1A:79:B0:08:0F",
                "00:1A:79:B0:0B:0F",
                "00:1A:79:B0:11:35",
                "00:1A:79:B0:21:AD",
                "00:1A:79:B0:F9:F0",
                "00:1A:79:B1:21:5F",
                "00:1a:79:b0:26:e9",
                "00:1A:79:C2:5F:0B"
            ]
        }
    ]
}