{
    "items": [
        {
            "server_name": "onrev.xyz:80",
            "server_url": "http://onrev.xyz:80/c/",
            "macs": [
                "00:1A:79:32:C8:77",
                "00:1A:79:33:81:D1",
                "00:1A:79:54:A5:5D",
                "00:1A:79:58:C2:E5",
                "00:1A:79:83:06:6F"
            ]
        },
        {
            "server_name": "king-tv.online:8080",
            "server_url": "http://king-tv.online:8080/c/",
            "macs": [
                "00:1A:79:A4:78:85"
            ]
        },
        {
            "server_name": "ip.xtremetv.eu:8000",
            "server_url": "http://ip.xtremetv.eu:8000/c/",
            "macs": [
                "00:1A:79:39:16:ED"
            ]
        },
        {
            "server_name": "bilbao213.xyz",
            "server_url": "http://bilbao213.xyz/c/",
            "macs": [
                "00:1A:79:41:EC:32",
                "00:1A:79:A7:4F:6F",
                "00:1A:79:A7:83:AC",
                "00:1A:79:A8:4C:09",
                "00:1A:79:AC:15:67",
                "00:1A:79:AC:93:41",
                "00:1A:79:AC:EE:43",
                "00:1A:79:AC:F0:B2",
                "00:1A:79:AC:F3:4A"
            ]
        },
        {
            "server_name": "webflowmalta.club:8080",
            "server_url": "http://webflowmalta.club:8080/c/",
            "macs": [
                "00:1A:79:1D:24:AB",
                "00:1A:79:24:82:CD",
                "00:1A:79:3C:2F:15",
                "00:1A:79:48:A7:03",
                "00:1A:79:53:DF:AC",
                "00:1A:79:69:FA:82",
                "00:1A:79:6D:61:1E",
                "00:1A:79:6F:F6:50",
                "00:1A:79:73:B2:8D",
                "00:1A:79:76:D5:81",
                "00:1A:79:7B:CE:1C",
                "00:1A:79:91:76:FB",
                "00:1A:79:A4:D4:5E",
                "00:1A:79:AB:B3:27",
                "00:1A:79:B4:51:D6",
                "00:1A:79:B7:3D:39",
                "00:1A:79:B9:07:A3",
                "00:1A:79:BC:EF:38",
                "00:1A:79:D5:40:68"
            ]
        },
        {
            "server_name": "185.182.193.203:25461",
            "server_url": "http://185.182.193.203:25461/c/",
            "macs": [
                "00:1A:79:AD:E1:8B",
                "00:1A:79:C3:27:C9"
            ]
        },
        {
            "server_name": "mag.diamondtv.one:8080",
            "server_url": "http://mag.diamondtv.one:8080/c/",
            "macs": [
                "00:1A:79:AB:E3:A8"
            ]
        },
        {
            "server_name": "apkonrev.store:8080",
            "server_url": "http://apkonrev.store:8080/c/",
            "macs": [
                "00:1A:79:42:62:C0",
                "00:1A:79:48:41:11",
                "00:1A:79:82:01:F4"
            ]
        },
        {
            "server_name": "iotv.darktv.eu:80",
            "server_url": "http://iotv.darktv.eu:80/c/",
            "macs": [
                "00:1A:79:03:0F:17",
                "00:1A:79:11:0F:65",
                "00:1A:79:73:BE:DC",
                "00:1A:79:8A:38:54",
                "00:1A:79:8D:F5:8E",
                "00:1A:79:A2:EF:FD",
                "00:1A:79:A5:7B:1A",
                "00:1A:79:C1:B3:75",
                "00:1A:79:EB:18:2D"
            ]
        },
        {
            "server_name": "stalker.ugoiptv.com",
            "server_url": "http://stalker.ugoiptv.com/c/",
            "macs": [
                "00:1A:79:00:00:00",
                "00:1A:79:00:10:10",
                "00:1A:79:01:81:31",
                "00:1A:79:03:24:13",
                "00:1A:79:04:DE:88",
                "00:1A:79:09:52:BF",
                "00:1A:79:0B:B3:EC",
                "00:1A:79:0E:19:18",
                "00:1A:79:22:33:44",
                "00:1A:79:24:1D:B2",
                "00:1A:79:25:52:E8",
                "00:1A:79:2C:51:73",
                "00:1A:79:2D:37:26",
                "00:1A:79:34:2C:80",
                "00:1A:79:36:3C:F9",
                "00:1A:79:3A:3F:80",
                "00:1A:79:3A:7F:45",
                "00:1A:79:3E:AC:E0",
                "00:1A:79:42:73:FD",
                "00:1A:79:4B:82:28",
                "00:1A:79:5A:7E:8D",
                "00:1A:79:5D:6C:42",
                "00:1A:79:5E:8F:84",
                "00:1A:79:62:32:62",
                "00:1A:79:A2:0A:13",
                "00:1A:79:A2:0A:AD",
                "00:1A:79:A2:0B:23",
                "00:1A:79:A2:F2:D1",
                "00:1A:79:A5:2E:17",
                "00:1A:79:A8:D6:95",
                "00:1A:79:AB:6C:46",
                "00:1A:79:B5:55:5D",
                "00:1A:79:C0:06:49",
                "00:1A:79:C1:71:98",
                "00:1A:79:C2:29:A8",
                "00:1A:79:D6:6F:A7"
            ]
        }
    ]
}