{
    "items": [
        {
            "server_name": "heretv.club",
            "server_url": "http://heretv.club/c/",
            "macs": [
                "00:1A:79:29:66:00",
                "00:1A:79:29:66:01",
                "00:1A:79:29:66:02",
                "00:1A:79:29:66:05",
                "00:1A:79:29:66:06",
                "00:1A:79:29:66:0B",
                "00:1A:79:29:66:0D",
                "00:1A:79:29:66:0F",
                "00:1A:79:29:66:12",
                "00:1A:79:29:66:14",
                "00:1A:79:29:66:16",
                "00:1A:79:29:66:17",
                "00:1A:79:29:66:1B",
                "00:1A:79:29:66:1C",
                "00:1A:79:29:66:1D",
                "00:1A:79:29:66:21",
                "00:1A:79:29:66:23",
                "00:1A:79:29:66:24",
                "00:1A:79:29:66:26",
                "00:1A:79:29:66:2B",
                "00:1A:79:29:66:2D",
                "00:1A:79:29:66:2E",
                "00:1A:79:29:66:30",
                "00:1A:79:29:66:32",
                "00:1A:79:29:66:33",
                "00:1A:79:29:66:34",
                "00:1A:79:29:66:35",
                "00:1A:79:29:66:37",
                "00:1A:79:29:66:38",
                "00:1A:79:29:66:39",
                "00:1A:79:29:66:3E",
                "00:1A:79:29:66:40",
                "00:1A:79:29:66:41",
                "00:1A:79:29:66:45",
                "00:1A:79:29:66:48",
                "00:1A:79:29:66:49",
                "00:1A:79:29:66:4A",
                "00:1A:79:29:66:4C",
                "00:1A:79:29:66:4D",
                "00:1A:79:29:66:51",
                "00:1A:79:29:66:53",
                "00:1A:79:29:66:54",
                "00:1A:79:29:66:58",
                "00:1A:79:29:66:5B",
                "00:1A:79:29:66:5E",
                "00:1A:79:29:66:61",
                "00:1A:79:29:66:62",
                "00:1A:79:29:66:65",
                "00:1A:79:29:66:67",
                "00:1A:79:29:66:68",
                "00:1A:79:29:66:6B",
                "00:1A:79:29:66:6D",
                "00:1A:79:29:66:70",
                "00:1A:79:29:66:73",
                "00:1A:79:29:66:74",
                "00:1A:79:29:66:75",
                "00:1A:79:29:66:78",
                "00:1A:79:29:66:79",
                "00:1A:79:29:66:7C",
                "00:1A:79:29:66:81",
                "00:1A:79:29:66:82",
                "00:1A:79:29:66:83",
                "00:1A:79:29:66:85",
                "00:1A:79:29:66:87",
                "00:1A:79:29:66:8B",
                "00:1A:79:29:66:8C",
                "00:1A:79:29:66:8E",
                "00:1A:79:29:66:90",
                "00:1A:79:29:66:92",
                "00:1A:79:29:66:95",
                "00:1A:79:29:66:97",
                "00:1A:79:29:66:98",
                "00:1A:79:29:66:99",
                "00:1A:79:29:66:A0",
                "00:1A:79:29:66:A1",
                "00:1A:79:29:66:A3",
                "00:1A:79:29:66:A5",
                "00:1A:79:29:66:A8",
                "00:1A:79:29:66:A9",
                "00:1A:79:29:66:AB",
                "00:1A:79:29:66:AF",
                "00:1A:79:29:66:B5",
                "00:1A:79:29:66:B8",
                "00:1A:79:29:66:BA",
                "00:1A:79:29:66:BB",
                "00:1A:79:29:66:BD",
                "00:1A:79:29:66:BF",
                "00:1A:79:29:66:C1",
                "00:1A:79:29:66:C4",
                "00:1A:79:29:66:C6",
                "00:1A:79:29:66:C8",
                "00:1A:79:29:66:C9",
                "00:1A:79:29:66:CA",
                "00:1A:79:29:66:CC",
                "00:1A:79:29:66:CF",
                "00:1A:79:29:66:D0",
                "00:1A:79:29:66:D2",
                "00:1A:79:29:66:D3",
                "00:1A:79:29:66:D6",
                "00:1A:79:29:66:D7",
                "00:1A:79:29:66:D8",
                "00:1A:79:29:66:DB",
                "00:1A:79:29:66:DC",
                "00:1A:79:29:66:DD",
                "00:1A:79:29:66:E0",
                "00:1A:79:29:66:E4",
                "00:1A:79:29:66:E5",
                "00:1A:79:29:66:E7",
                "00:1A:79:29:66:E9",
                "00:1A:79:29:66:ED",
                "00:1A:79:29:66:EF",
                "00:1A:79:29:66:F3",
                "00:1A:79:29:66:F4",
                "00:1A:79:29:66:F8",
                "00:1A:79:29:66:F9",
                "00:1A:79:29:66:FA",
                "00:1A:79:29:66:FB",
                "00:1A:79:29:66:FF"
            ]
        },
        {
            "server_name": "ip.ninjamain.xyz:8080",
            "server_url": "http://ip.ninjamain.xyz:8080/c/",
            "macs": [
                "00:1A:79:AE:2D:F1",
                "00:1A:79:B5:5B:BD",
                "00:1A:79:B9:CF:3A",
                "00:1A:79:BA:F8:06",
                "00:1A:79:BB:CF:A6"
            ]
        },
        {
            "server_name": "l1iptv.xyz:80",
            "server_url": "http://l1iptv.xyz:80/c/",
            "macs": [
                "00:1A:79:BD:5C:2D",
                "00:1A:79:F5:05:3B"
            ]
        },
        {
            "server_name": "p1.iptvrocket.tv:80",
            "server_url": "http://p1.iptvrocket.tv:80/c/",
            "macs": [
                "00:1A:79:2B:B6:E9",
                "00:1A:79:3B:00:38",
                "00:1A:79:6C:1D:37",
                "00:1A:79:70:92:80",
                "00:1A:79:A9:A8:10",
                "00:1A:79:AD:23:89",
                "00:1A:79:AF:03:44"
            ]
        },
        {
            "server_name": "spainmature.chupa-mos.live:80",
            "server_url": "http://spainmature.chupa-mos.live:80/c/",
            "macs": [
                "00:1A:79:08:3D:1B",
                "00:1A:79:35:98:35",
                "00:1A:79:43:17:73",
                "00:1A:79:A3:9E:BA",
                "00:1A:79:AD:A0:3C",
                "00:1A:79:BB:42:14",
                "00:1A:79:C6:B8:07"
            ]
        },
        {
            "server_name": "activefrance.net",
            "server_url": "http://activefrance.net/c/",
            "macs": [
                "00:1A:79:14:45:B4",
                "00:1A:79:18:16:43",
                "00:1A:79:26:8F:3E",
                "00:1A:79:27:E1:BD",
                "00:1A:79:2B:4A:42",
                "00:1A:79:2F:E8:31",
                "00:1A:79:32:F4:B8",
                "00:1A:79:3D:7F:15",
                "00:1A:79:42:50:B7",
                "00:1A:79:42:9F:BF",
                "00:1A:79:43:A4:E7",
                "00:1A:79:43:C0:79",
                "00:1A:79:46:B6:5B",
                "00:1A:79:48:22:27",
                "00:1A:79:49:75:08",
                "00:1A:79:4B:67:DF",
                "00:1A:79:4C:9A:EC",
                "00:1A:79:4D:AF:A2",
                "00:1A:79:4E:2D:8A",
                "00:1A:79:54:7B:FD",
                "00:1A:79:55:5E:14",
                "00:1A:79:57:89:6C",
                "00:1A:79:5A:5F:9B",
                "00:1A:79:5A:8F:D0",
                "00:1A:79:5F:4B:25",
                "00:1A:79:68:32:D4",
                "00:1A:79:6D:16:45",
                "00:1A:79:6E:0F:21",
                "00:1A:79:6E:CD:1B",
                "00:1A:79:6F:1D:78",
                "00:1A:79:70:20:84",
                "00:1A:79:72:5F:E1",
                "00:1A:79:73:08:FE",
                "00:1A:79:74:F4:EE",
                "00:1A:79:7A:CC:7C",
                "00:1A:79:88:48:EA",
                "00:1A:79:89:86:4A",
                "00:1A:79:8A:38:11",
                "00:1A:79:91:41:84",
                "00:1A:79:9F:94:BB",
                "00:1A:79:B6:C0:48",
                "00:1A:79:B7:07:58",
                "00:1A:79:B8:51:6F",
                "00:1A:79:BD:B3:27",
                "00:1A:79:C0:14:0C",
                "00:1A:79:C0:66:66",
                "00:1A:79:C1:E8:7E",
                "00:1A:79:C3:DD:4E",
                "00:1A:79:C3:E5:34",
                "00:1A:79:C6:5F:09",
                "00:1A:79:D3:0F:B4",
                "00:1A:79:D3:8B:F6",
                "00:1A:79:D4:12:19",
                "00:1A:79:E0:33:91",
                "00:1A:79:E0:87:B0",
                "00:1A:79:E3:E2:A8",
                "00:1A:79:F5:6E:EE",
                "00:1A:79:FC:03:FA"
            ]
        },
        {
            "server_name": "nas.bordo1453.be:80",
            "server_url": "http://nas.bordo1453.be:80/c/",
            "macs": [
                "00:1A:79:3F:42:7A",
                "00:1A:79:43:A8:A2",
                "00:1A:79:43:C0:79",
                "00:1A:79:6E:0F:21",
                "00:1A:79:8B:0D:45",
                "00:1A:79:DB:CE:1D",
                "00:1A:79:EE:50:31"
            ]
        }
    ]
}