{
    "items": [
        {
            "server_name": "tptv.cz:34567",
            "server_url": "http://tptv.cz:34567/c/",
            "macs": [
                "00:1a:79:54:51:0f",
                "00:1a:79:ce:c6:6f",
                "00:1a:79:62:0d:c6",
                "00:1a:79:3a:f6:b4",
                "00:1a:79:52:25:f1",
                "00:1a:79:c4:23:37",
                "00:1a:79:cd:2a:44",
                "00:1a:79:67:9f:25",
                "00:1a:79:e5:53:3b",
                "00:1a:79:5e:d5:83",
                "00:1a:79:5e:c4:06",
                "00:1a:79:7a:0c:84",
                "00:1a:79:c0:1c:6f",
                "00:1a:79:b0:39:a1",
                "00:1a:79:28:a5:38",
                "00:1a:79:37:60:ef",
                "00:1a:79:3e:11:41",
                "00:1a:79:52:60:46",
                "00:1a:79:ea:85:ea",
                "00:1a:79:8b:87:0b",
                "00:1a:79:6f:96:c3",
                "00:1a:79:56:ce:79",
                "00:1a:79:d7:4f:36",
                "00:1a:79:41:ed:a2",
                "00:1a:79:c2:dd:cd",
                "00:1a:79:a7:05:21",
                "00:1a:79:4b:b4:b3",
                "00:1a:79:b2:7f:40",
                "00:1a:79:25:54:56",
                "00:1a:79:b5:d7:da",
                "00:1a:79:79:cb:83",
                "00:1a:79:b5:6d:52",
                "00:1a:79:e5:57:e9",
                "00:1a:79:29:6e:71",
                "00:1a:79:b6:2d:75",
                "00:1a:79:5b:0f:8a",
                "00:1a:79:9c:41:c2",
                "00:1a:79:ba:37:98",
                "00:1a:79:7b:0e:3a",
                "00:1a:79:35:5f:09",
                "00:1a:79:56:5f:e9",
                "00:1a:79:b0:9a:96",
                "00:1a:79:f8:41:6f",
                "00:1a:79:59:f5:8a",
                "00:1a:79:67:bc:22",
                "00:1a:79:54:8a:38",
                "00:1a:79:67:bd:94",
                "00:1a:79:38:91:57",
                "00:1a:79:b0:67:20",
                "00:1a:79:b6:ac:24",
                "00:1a:79:57:c9:7d",
                "00:1a:79:aa:5f:30",
                "00:1a:79:30:14:e7",
                "00:1a:79:a8:67:1c",
                "00:1a:79:8e:43:78",
                "00:1a:79:77:26:9e",
                "00:1a:79:e7:f9:3c",
                "00:1a:79:3d:6f:0c",
                "00:1a:79:76:9f:83",
                "00:1a:79:b6:b8:a3",
                "00:1a:79:a1:4f:44",
                "00:1a:79:8d:ec:41",
                "00:1a:79:c5:72:f3",
                "00:1a:79:79:c8:94",
                "00:1a:79:65:f6:c2",
                "00:1a:79:12:53:58",
                "00:1a:79:76:7f:bb",
                "00:1a:79:33:61:34",
                "00:1a:79:5a:42:71",
                "00:1a:79:24:3d:db",
                "00:1a:79:0a:2c:ae",
                "00:1a:79:3a:ac:ce",
                "00:1a:79:c6:8b:92",
                "00:1a:79:fd:cf:fa",
                "00:1a:79:a1:ab:72",
                "00:1a:79:50:86:c3",
                "00:1a:79:52:3d:ea",
                "00:1a:79:51:0f:ac",
                "00:1a:79:10:2f:b1",
                "00:1a:79:ab:0b:49",
                "00:1a:79:ab:3a:45",
                "00:1a:79:39:9f:17",
                "00:1a:79:79:52:78",
                "00:1a:79:63:8e:c5",
                "00:1a:79:c3:9b:fb",
                "00:1a:79:f7:7e:7f"
            ]
        },
        {
            "server_name": "vipertv.vip:8080",
            "server_url": "http://vipertv.vip:8080/c/",
            "macs": [
                "00:1a:79:2c:9e:4e",
                "00:1a:79:74:b4:93",
                "00:1a:79:e9:b4:0c",
                "00:1a:79:c3:ae:25",
                "00:1a:79:2a:d3:05",
                "00:1a:79:be:77:61",
                "00:1a:79:74:da:8b",
                "00:1a:79:71:fe:3f",
                "00:1a:79:b5:d3:b5",
                "00:1a:79:43:31:ae",
                "00:1a:79:8b:36:e3",
                "00:1a:79:6f:9d:a2",
                "00:1a:79:70:80:d4"
            ]
        },
        {
            "server_name": "magnum-ott.net:80",
            "server_url": "http://magnum-ott.net:80/c/",
            "macs": [
                "00:1a:79:70:8d:eb",
                "00:1a:79:43:dd:2e",
                "00:1a:79:7b:8f:50",
                "00:1a:79:5d:6f:45",
                "00:1a:79:4c:66:12",
                "00:1a:79:c0:2e:a3",
                "00:1a:79:75:c2:9b",
                "00:1a:79:25:54:56",
                "00:1a:79:69:38:bc",
                "00:1a:79:f3:ce:59",
                "00:1a:79:a9:02:b2",
                "00:1a:79:01:36:20",
                "00:1a:79:fc:12:35",
                "00:1a:79:40:41:f2",
                "00:1a:79:b1:d1:41",
                "00:1a:79:7d:05:56",
                "00:1a:79:d3:93:df",
                "00:1a:79:4e:c9:ed",
                "00:1a:79:78:9d:50",
                "00:1a:79:44:d5:44",
                "00:1a:79:a2:7f:ef",
                "00:1a:79:2c:7e:31",
                "00:1a:79:4a:aa:85",
                "00:1a:79:59:8d:86",
                "00:1a:79:76:8f:92",
                "00:1a:79:bb:65:11",
                "00:1a:79:63:67:32",
                "00:1a:79:be:0a:8a",
                "00:1a:79:46:22:d3",
                "00:1a:79:b8:ae:71",
                "00:1a:79:b8:eb:a4",
                "00:1a:79:df:dc:b6",
                "00:1a:79:26:9f:68",
                "00:1a:79:5a:8f:8f",
                "00:1a:79:37:52:40",
                "00:1a:79:69:03:4c",
                "00:1a:79:a8:29:68",
                "00:1a:79:d5:46:ad",
                "00:1a:79:d5:3d:96",
                "00:1a:79:53:d2:e1",
                "00:1a:79:b6:24:6c",
                "00:1a:79:4e:b9:27",
                "00:1a:79:13:ed:38",
                "00:1a:79:2d:86:a1",
                "00:1a:79:df:dc:b6",
                "00:1a:79:c1:6a:9f",
                "00:1a:79:73:8f:bd",
                "00:1a:79:51:a2:14",
                "00:1a:79:c8:20:22",
                "00:1a:79:b8:d3:39",
                "00:1a:79:02:74:4e",
                "00:1a:79:78:02:bc",
                "00:1a:79:5a:9f:8e",
                "00:1a:79:04:73:d9",
                "00:1a:79:6e:08:b3",
                "00:1a:79:2e:5e:f0",
                "00:1a:79:4c:fb:87",
                "00:1a:79:6c:5e:dc",
                "00:1a:79:b4:01:0d",
                "00:1a:79:63:47:d7",
                "00:1a:79:49:ea:95",
                "00:1a:79:40:a3:22",
                "00:1a:79:5b:96:24",
                "00:1a:79:4a:81:53",
                "00:1a:79:79:3f:25",
                "00:1a:79:af:50:57",
                "00:1a:79:38:1e:a3",
                "00:1a:79:b0:6c:4c",
                "00:1a:79:1f:42:a1",
                "00:1a:79:c5:4b:1c",
                "00:1a:79:7e:4f:c5",
                "00:1a:79:5a:7f:b5",
                "00:1a:79:db:98:9a",
                "00:1a:79:d5:63:35",
                "00:1a:79:4a:66:c3",
                "00:1a:79:be:fb:09",
                "00:1a:79:83:67:30",
                "00:1a:79:b5:5d:7c",
                "00:1a:79:e2:93:61",
                "00:1a:79:de:d3:87",
                "00:1a:79:61:91:59",
                "00:1a:79:4e:24:43",
                "00:1a:79:68:70:b5",
                "00:1a:79:3c:9f:0b",
                "00:1a:79:60:9f:c1",
                "00:1a:79:a0:d6:c9",
                "00:1a:79:62:57:4f"
            ]
        },
        {
            "server_name": "chtv.life:8080",
            "server_url": "http://chtv.life:8080/c/",
            "macs": [
                "00:1a:79:b0:df:c6"
            ]
        },
        {
            "server_name": "hd1.guardatv.net:7646",
            "server_url": "http://hd1.guardatv.net:7646/c/",
            "macs": [
                "00:1a:79:cd:5b:a5"
            ]
        },
        {
            "server_name": "epicboss.live",
            "server_url": "http://epicboss.live/c/",
            "macs": [
                "00:1a:79:4a:ad:22"
            ]
        },
        {
            "server_name": "nimi.sytes.net:8080",
            "server_url": "http://nimi.sytes.net:8080/c/",
            "macs": [
                "00:1a:79:f0:25:3e"
            ]
        },
        {
            "server_name": "showflix.org:5890",
            "server_url": "http://showflix.org:5890/c/",
            "macs": [
                "00:1A:79:08:07:C1"
            ]
        },
        {
            "server_name": "tv.cloudcdn.online",
            "server_url": "http://tv.cloudcdn.online/c/",
            "macs": [
                "00:1a:79:b0:fc:98",
                "00:1a:79:1d:05:55",
                "00:1a:79:58:57:89"
            ]
        },
        {
            "server_name": "pt.chape-shop.com:8080",
            "server_url": "http://pt.chape-shop.com:8080/c/",
            "macs": [
                "00:1a:79:5c:5a:49",
                "00:1a:79:70:38:d7",
                "00:1a:79:f2:a1:2e"
            ]
        }
    ]
}