{
    "items": [
        {
            "server_name": "livertv.site:8090",
            "server_url": "http://livertv.site:8090/c/",
            "macs": [
                "00:1A:79:01:31:4E"
            ]
        },
        {
            "server_name": "mag.premiumpowers.net:80",
            "server_url": "http://mag.premiumpowers.net:80/c/",
            "macs": [
                "00:1A:79:4D:6B:7C"
            ]
        },
        {
            "server_name": "ipc.proipciptv.com:8000",
            "server_url": "http://ipc.proipciptv.com:8000/c/",
            "macs": [
                "00:1A:79:CA:2F:3B"
            ]
        },
        {
            "server_name": "z.xzzz.vip:80",
            "server_url": "http://z.xzzz.vip:80/c/",
            "macs": [
                "00:1A:79:00:00:01"
            ]
        },
        {
            "server_name": "tptv.cz:34567",
            "server_url": "http://tptv.cz:34567/c/",
            "macs": [
                "00:1A:79:2C:DA:AB",
                "00:1A:79:33:6F:40",
                "00:1A:79:5A:8F:40",
                "00:1A:79:63:01:32",
                "00:1A:79:E6:57:5D"
            ]
        },
        {
            "server_name": "star4u.world",
            "server_url": "http://star4u.world/c/",
            "macs": [
                "00:1A:79:22:E0:D7"
            ]
        },
        {
            "server_name": "stalker.ugoiptv.com:80",
            "server_url": "http://stalker.ugoiptv.com:80/c/",
            "macs": [
                "00:1A:79:AD:D1:6B"
            ]
        }
    ]
}