{
    "items": [
        {
            "server_name": "62.182.83.91",
            "server_url": "http://62.182.83.91/c/",
            "macs": [
                "00:1A:79:85:F7:B5",
                "00:1A:79:AE:B3:04"
            ]
        },
        {
            "server_name": "tvmate.icu:8080",
            "server_url": "http://tvmate.icu:8080/c/",
            "macs": [
                "00:1A:79:2E:E3:DF"
            ]
        },
        {
            "server_name": "play.bk-local.com:8080",
            "server_url": "http://play.bk-local.com:8080/c/",
            "macs": [
                "00:1A:79:73:12:0F",
                "00:1A:79:A4:C8:B7",
                "00:1A:79:BC:1D:57",
                "00:1A:79:BD:59:FB"
            ]
        },
        {
            "server_name": "line.rs6ott.com",
            "server_url": "http://line.rs6ott.com/c/",
            "macs": [
                "00:1A:79:37:60:78",
                "00:1A:79:44:9C:E9",
                "00:1A:79:74:A8:A5",
                "00:1A:79:AF:0C:08",
                "00:1A:79:B8:54:CB",
                "00:1A:79:D4:01:7A"
            ]
        }
    ]
}