{
    "items": [
        {
            "server_name": "scratchpost.co.uk",
            "server_url": "http://scratchpost.co.uk/c/",
            "macs": [
                "00:1a:79:32:91:dd",
                "00:1a:79:26:4e:96",
                "00:1a:79:45:7d:16",
                "00:1a:79:4d:05:c1",
                "00:1a:79:61:c1:e5",
                "00:1a:79:66:62:07",
                "00:1a:79:75:1c:1b",
                "00:1a:79:68:e8:67",
                "00:1a:79:49:b1:0c",
                "00:1a:79:91:17:fd",
                "00:1a:79:fe:97:b2",
                "00:1a:79:b4:62:4e",
                "00:1a:79:58:49:32",
                "00:1a:79:0f:01:d7",
                "00:1a:79:4a:c5:45",
                "00:1a:79:6f:4a:0f",
                "00:1a:79:54:d8:81",
                "00:1a:79:44:2e:d5",
                "00:1a:79:64:5b:fe",
                "00:1a:79:bc:40:3c",
                "00:1a:79:43:13:6c",
                "00:1a:79:19:e1:15"
            ]
        },
        {
            "server_name": "revteam4.offshorerev.cc",
            "server_url": "http://revteam4.offshorerev.cc/c/",
            "macs": [
                "00:1a:79:33:10:0c",
                "00:1a:79:48:d3:32",
                "00:1a:79:4a:8a:63",
                "00:1a:79:32:30:12",
                "00:1a:79:31:12:ba",
                "00:1a:79:34:23:6a",
                "00:1a:79:32:fa:57",
                "00:1a:79:48:10:d9",
                "00:1a:79:32:dd:69",
                "00:1a:79:3e:17:25",
                "00:1a:79:48:b9:76"
            ]
        },
        {
            "server_name": "p1.iptvrocket.tv:80",
            "server_url": "http://p1.iptvrocket.tv:80/c/",
            "macs": [
                "00:1a:79:65:bf:77",
                "00:1a:79:d2:73:f9",
                "00:1a:79:a5:0f:01",
                "00:1a:79:ae:f9:7b",
                "00:1a:79:28:5a:41",
                "00:1a:79:77:b0:13",
                "00:1a:79:3c:22:ba"
            ]
        },
        {
            "server_name": "163.172.61.135:15461",
            "server_url": "http://163.172.61.135:15461/c/",
            "macs": [
                "00:1a:79:77:44:32",
                "00:1a:79:3a:15:21",
                "00:1a:79:6a:e8:5a",
                "00:1a:79:bd:11:c1",
                "00:1a:79:78:41:b7",
                "00:1a:79:66:20:15",
                "00:1a:79:5d:fe:bb",
                "00:1a:79:69:6e:c0",
                "00:1a:79:c2:12:3e"
            ]
        },
        {
            "server_name": "tractcountremote.h1ott.com",
            "server_url": "http://tractcountremote.h1ott.com/c/",
            "macs": [
                "00:1a:79:17:5f:f4",
                "00:1a:79:c1:4b:fc",
                "00:1a:79:c7:58:a2",
                "00:1a:79:18:19:63",
                "00:1a:79:b0:e5:65",
                "00:1a:79:bc:30:cb",
                "00:1a:79:b6:14:e9",
                "00:1a:79:47:32:5c",
                "00:1a:79:95:86:77",
                "00:1a:79:c7:3f:20",
                "00:1a:79:41:37:99",
                "00:1a:79:32:c8:e9",
                "00:1a:79:3b:6f:c9",
                "00:1a:79:8c:15:ce",
                "00:1a:79:e6:77:24",
                "00:1a:79:24:ed:03",
                "00:1a:79:b1:9d:32",
                "00:1a:79:0e:1c:51",
                "00:1a:79:b1:9d:ae",
                "00:1a:79:db:a8:73",
                "00:1a:79:45:53:3c",
                "00:1a:79:58:73:94",
                "00:1a:79:53:9d:97",
                "00:1a:79:b6:d2:12",
                "00:1a:79:4a:8b:07",
                "00:1a:79:bc:15:e1",
                "00:1a:79:6a:c9:68",
                "00:1a:79:52:25:2e",
                "00:1a:79:04:81:d8",
                "00:1a:79:24:39:40",
                "00:1a:79:9d:e4:81",
                "00:1a:79:bb:f6:4c",
                "00:1a:79:b4:90:91",
                "00:1a:79:d2:21:71",
                "00:1a:79:72:29:30",
                "00:1a:79:6d:bd:23",
                "00:1a:79:51:69:6b",
                "00:1a:79:ea:5c:97",
                "00:1a:79:e0:15:d7",
                "00:1a:79:d5:08:c4",
                "00:1a:79:b0:31:c0",
                "00:1a:79:bd:5c:e4",
                "00:1a:79:c3:de:cc",
                "00:1a:79:c9:c1:52",
                "00:1a:79:63:e0:46",
                "00:1a:79:b8:23:bb",
                "00:1a:79:de:5f:4e",
                "00:1a:79:70:3b:b0",
                "00:1a:79:73:8f:39",
                "00:1a:79:b9:38:f3",
                "00:1a:79:c9:83:75",
                "00:1a:79:5d:c7:9b",
                "00:1a:79:7c:6a:92",
                "00:1a:79:a9:cc:bb",
                "00:1a:79:b0:dd:38",
                "00:1a:79:03:bc:23",
                "00:1a:79:af:24:b8",
                "00:1a:79:07:07:50",
                "00:1a:79:e4:c4:a7",
                "00:1a:79:b7:a5:34",
                "00:1a:79:f0:69:46",
                "00:1a:79:68:7f:f6",
                "00:1a:79:ae:ae:3c",
                "00:1a:79:f1:51:23",
                "00:1a:79:c4:c5:d2",
                "00:1a:79:68:5f:90",
                "00:1a:79:c1:20:63",
                "00:1a:79:05:cf:97",
                "00:1a:79:13:60:a5",
                "00:1a:79:18:06:a3",
                "00:1a:79:7a:eb:b6",
                "00:1a:79:74:2b:1d",
                "00:1a:79:4a:b3:cb",
                "00:1a:79:b7:6f:f0",
                "00:1a:79:b4:a3:bf",
                "00:1a:79:11:13:27",
                "00:1a:79:76:0f:bb",
                "00:1a:79:c6:44:fd",
                "00:1a:79:c2:9e:43",
                "00:1a:79:c1:53:a1",
                "00:1a:79:4c:38:f3",
                "00:1a:79:98:c4:64",
                "00:1a:79:5e:37:79",
                "00:1a:79:b1:90:c7",
                "00:1a:79:73:17:0a",
                "00:1a:79:b1:b7:1f",
                "00:1a:79:b0:e7:7a",
                "00:1a:79:87:92:05",
                "00:1a:79:c4:71:31",
                "00:1a:79:52:de:e4"
            ]
        },
        {
            "server_name": "wisdomiptv.com",
            "server_url": "http://wisdomiptv.com/c/",
            "macs": [
                "00:1a:79:6b:74:27",
                "00:1a:79:a3:ab:39",
                "00:1a:79:53:8d:c9",
                "00:1a:79:6d:5f:ad",
                "00:1a:79:b8:f9:f0",
                "00:1a:79:67:93:7b",
                "00:1a:79:3b:7f:02",
                "00:1a:79:85:f2:06",
                "00:1a:79:61:9f:db"
            ]
        },
        {
            "server_name": "1sc33n.com:8000",
            "server_url": "http://1sc33n.com:8000/c/",
            "macs": [
                "00:1a:79:63:9a:8b",
                "00:1a:79:41:f0:55",
                "00:1a:79:50:62:e4",
                "00:1a:79:c8:3f:c0",
                "00:1a:79:c7:b3:85",
                "00:1a:79:4a:63:32",
                "00:1a:79:3f:03:6c",
                "00:1a:79:a5:b4:07",
                "00:1a:79:4b:7c:2c",
                "00:1a:79:7e:36:e9",
                "00:1a:79:ac:57:22",
                "00:1a:79:b8:80:a2"
            ]
        },
        {
            "server_name": "bardhi.xyz:2086",
            "server_url": "http://bardhi.xyz:2086/c/",
            "macs": [
                "00:1a:79:41:ee:4a",
                "00:1a:79:52:bb:e9"
            ]
        },
        {
            "server_name": "revteam8.offshorerev.cc",
            "server_url": "http://revteam8.offshorerev.cc/c/",
            "macs": [
                "00:1a:79:48:47:e2",
                "00:1a:79:48:53:fe",
                "00:1a:79:32:4a:3b",
                "00:1a:79:49:30:98",
                "00:1a:79:33:3b:f4",
                "00:1a:79:33:4d:1f",
                "00:1a:79:48:58:4a",
                "00:1a:79:42:b3:b8",
                "00:1a:79:34:30:05",
                "00:1a:79:32:29:43",
                "00:1a:79:34:2a:7a",
                "00:1a:79:48:52:e6",
                "00:1a:79:33:6b:dc",
                "00:1a:79:49:62:4d",
                "00:1a:79:32:d0:49",
                "00:1a:79:33:19:20",
                "00:1a:79:33:87:60",
                "00:1a:79:48:c8:dc"
            ]
        },
        {
            "server_name": "afyrobs.xyz:8880",
            "server_url": "http://afyrobs.xyz:8880/c/",
            "macs": [
                "00:1A:79:31:BC:30",
                "00:1A:79:57:D7:CD",
                "00:1A:79:51:D5:C4",
                "00:1A:79:C0:1F:C9",
                "00:1A:79:77:88:98",
                "00:1A:79:2C:97:10",
                "00:1A:79:D9:0E:34",
                "00:1A:79:72:98:98",
                "00:1A:79:6C:59:60",
                "00:1A:79:50:67:BA",
                "00:1A:79:28:9C:BE",
                "00:1A:79:72:71:D2",
                "00:1A:79:3D:9F:51",
                "00:1A:79:5D:D4:07",
                "00:1A:79:A4:68:36",
                "00:1A:79:59:7F:D7",
                "00:1A:79:68:9E:51",
                "00:1A:79:EF:4B:8A",
                "00:1A:79:72:20:4A",
                "00:1A:79:D4:FB:B7",
                "00:1A:79:EA:C2:E4",
                "00:1A:79:55:99:D4",
                "00:1A:79:56:E1:C4",
                "00:1A:79:C6:0E:50",
                "00:1A:79:FC:38:77"
            ]
        },
        {
            "server_name": "powerip.be:8000",
            "server_url": "http://powerip.be:8000/c/",
            "macs": [
                "00:1A:79:88:61:50",
                "00:1A:79:60:0B:76",
                "00:1A:79:BA:A0:E6",
                "00:1A:79:31:72:04",
                "00:1A:79:3E:7B:DA",
                "00:1A:79:A5:32:AB",
                "00:1A:79:68:F8:6A",
                "00:1A:79:5A:D0:5A",
                "00:1A:79:06:AE:75",
                "00:1A:79:22:22:22",
                "00:1A:79:0A:43:F1",
                "00:1A:79:2A:D2:B3",
                "00:1A:79:62:41:00",
                "00:1A:79:4B:69:CC",
                "00:1A:79:58:F6:B6",
                "00:1A:79:A5:5F:E9",
                "00:1A:79:62:5B:4E",
                "00:1A:79:4F:D0:D4",
                "00:1A:79:75:4E:B5",
                "00:1A:79:3F:4F:D6"
            ]
        }
    ]
}