{
    "items": [
        {
            "server_name": "51.91.57.198",
            "server_url": "http://51.91.57.198/stalker_portal/c/",
            "macs": [
                "00:1A:79:00:00:00",
                "00:1A:79:0D:FD:61",
                "00:1A:79:2B:99:71",
                "00:1A:79:32:5F:C3",
                "00:1A:79:53:EC:3B",
                "00:1A:79:58:38:63",
                "00:1A:79:63:89:53",
                "00:1A:79:6E:64:68",
                "00:1A:79:AF:73:7B",
                "00:1A:79:C1:E5:29"
            ]
        },
        {
            "server_name": "ninjaott.xyz:80",
            "server_url": "http://ninjaott.xyz:80/c/",
            "macs": [
                "00:1A:79:A1:85:F6"
            ]
        },
        {
            "server_name": "123jk.tv",
            "server_url": "http://123jk.tv/c/",
            "macs": [
                "00:1A:79:42:7E:E3",
                "00:1A:79:4F:81:40",
                "00:1A:79:E5:1E:CA",
                "00:1A:79:E5:41:90"
            ]
        },
        {
            "server_name": "primetv.cloud",
            "server_url": "http://primetv.cloud/c/",
            "macs": [
                "00:1A:79:A7:AD:56"
            ]
        },
        {
            "server_name": "maxzi.pro:80",
            "server_url": "http://maxzi.pro:80/c/",
            "macs": [
                "00:1A:79:40:76:57",
                "00:1A:79:4E:9D:3F",
                "00:1A:79:6C:43:CE",
                "00:1A:79:78:CA:83"
            ]
        },
        {
            "server_name": "iptv.jinbox.nl",
            "server_url": "http://iptv.jinbox.nl/c/",
            "macs": [
                "00:1A:79:09:7C:64",
                "00:1A:79:57:57:E9",
                "00:1A:79:5F:18:D8",
                "00:1A:79:8B:34:37",
                "00:1A:79:AD:84:ED",
                "00:1A:79:AD:FB:3A",
                "00:1A:79:AE:83:7E",
                "00:1A:79:C2:8C:5F",
                "00:1A:79:FA:06:98",
                "00:1A:79:FB:6F:5B"
            ]
        },
        {
            "server_name": "stream.ks88.eu:8080",
            "server_url": "http://stream.ks88.eu:8080/c/",
            "macs": [
                "00:1A:79:76:36:12"
            ]
        }
    ]
}