{
    "items": [
        {
            "server_name": "stalker.ugoiptv.com",
            "server_url": "http://stalker.ugoiptv.com/c/",
            "macs": [
                "00:1A:79:cc:0d:74",
                "00:1A:79:77:dd:f3",
                "00:1A:79:77:dd:f3"
            ]
        },
        {
            "server_name": "185.104.63.189:8000",
            "server_url": "http://185.104.63.189:8000/c/",
            "macs": [
                "00:1A:79:57:38:F6",
                "00:1A:79:A7:D4:B8"
            ]
        },
        {
            "server_name": "nightmare-tv.xyz:8080",
            "server_url": "http://nightmare-tv.xyz:8080/c/",
            "macs": [
                "00:1A:79:AA:5B:9A",
                "00:1A:79:A0:E5:C2",
                "00:1A:79:70:34:9C",
                "00:1A:79:C2:7C:BF",
                "00:1A:79:08:51:DD",
                "00:1A:79:01:6E:C4",
                "00:1A:79:08:48:F6",
                "00:1A:79:08:EF:1F",
                "00:1A:79:08:42:A7",
                "00:1A:79:A0:FD:5C",
                "00:1A:79:B9:0A:87",
                "00:1A:79:08:4E:FA"
            ]
        },
        {
            "server_name": "backup.xp1.tv",
            "server_url": "http://backup.xp1.tv/c/",
            "macs": [
                "00:1A:79:47:9b:af",
                "00:1A:79:a3:c1:9d"
            ]
        },
        {
            "server_name": "51.91.57.198",
            "server_url": "http://51.91.57.198/stalker_portal/c/",
            "macs": [
                "00:1A:79:0D:FD:61",
                "00:1A:79:AF:73:7B",
                "00:1A:79:C1:E5:29",
                "00:1A:79:6E:64:68",
                "00:1A:79:32:5F:C3",
                "00:1A:79:63:89:53",
                "00:1A:79:53:EC:3B",
                "00:1A:79:2B:99:71",
                "00:1a:79:58:38:63",
                "00:1A:79:00:00:00"
            ]
        },
        {
            "server_name": "live.play4k.fun",
            "server_url": "http://live.play4k.fun/stalker_portal/c/",
            "macs": [
                "00:1A:79:bc:b0:b7",
                "00:1A:79:6F:B6:E8",
                "00:1A:79:65:06:C8",
                "00:1A:79:3E:61:80"
            ]
        },
        {
            "server_name": "iptv.jinbox.eu",
            "server_url": "http://iptv.jinbox.eu/c/",
            "macs": [
                "00:1A:79:50:2E:E9",
                "00:1A:79:62:C3:7C",
                "00:1A:79:A2:6F:DB",
                "00:1A:79:B6:4F:1E",
                "00:1A:79:A1:85:E3",
                "00:1A:79:C2:8C:38",
                "00:1A:79:32:63:5F",
                "00:1A:79:21:0C:33",
                "00:1A:79:90:96:F6",
                "00:1A:79:51:E3:1B",
                "00:1A:79:ED:32:A7",
                "00:1A:79:BA:51:2B"
            ]
        },
        {
            "server_name": "001004.eu:8080",
            "server_url": "http://001004.eu:8080/c/",
            "macs": [
                "00:1a:79:b9:00:03",
                "00:1a:79:a7:ab:65",
                "00:1a:79:b0:b5:e0",
                "00:1a:79:ad:39:0b",
                "00:1a:79:af:64:41",
                "00:1a:79:ad:aa:4b",
                "00:1a:79:bb:38:4a",
                "00:1a:79:bd:4b:7d",
                "00:1a:79:a7:d8:7a",
                "00:1a:79:ac:c5:59",
                "00:1a:79:a3:fe:56",
                "00:1a:79:b8:7e:3d",
                "00:1a:79:ad:a0:b1",
                "00:1a:79:af:63:7c"
            ]
        },
        {
            "server_name": "play-plus.net:80",
            "server_url": "http://play-plus.net:80/c/",
            "macs": [
                "00:1A:79:00:B9:72",
                "00:1A:79:11:D3:46",
                "00:1A:79:11:D6:EC",
                "00:1A:79:64:56:DD",
                "00:1A:79:6F:5F:9E",
                "00:1A:79:D8:7B:EC"
            ]
        }
    ]
}