{
    "items": [
        {
            "server_name": "plumeiptv.org:80",
            "server_url": "http://plumeiptv.org:80/c/",
            "macs": [
                "00:1A:79:03:11:5A",
                "00:1A:79:05:1F:E3",
                "00:1A:79:07:C2:06",
                "00:1A:79:09:E0:70",
                "00:1A:79:0A:7F:B1",
                "00:1A:79:0B:B3:D7",
                "00:1A:79:19:5F:6C",
                "00:1A:79:35:37:E9",
                "00:1A:79:3A:EB:5E",
                "00:1A:79:43:DF:43",
                "00:1A:79:49:0B:7B",
                "00:1A:79:4C:A6:0E",
                "00:1A:79:C0:04:89",
                "00:1A:79:DA:9D:6B"
            ]
        },
        {
            "server_name": "pal.alphatx.me:80",
            "server_url": "http://pal.alphatx.me:80/c/",
            "macs": [
                "00:1A:79:33:16:1B",
                "00:1A:79:50:4C:C7",
                "00:1A:79:7B:17:EA",
                "00:1A:79:94:AA:36",
                "00:1A:79:A4:C9:4F",
                "00:1A:79:B5:69:3C"
            ]
        }
    ]
}