{
    "items": [
        {
            "server_name": "mag.trexlive.me",
            "server_url": "http://mag.trexlive.me/c/",
            "macs": [
                "00:1A:79:5D:9C:8A"
            ]
        },
        {
            "server_name": "1.iptv11.is:80",
            "server_url": "http://1.iptv11.is:80/c/",
            "macs": [
                "00:1A:79:C9:B7:FE"
            ]
        },
        {
            "server_name": "eu.majes-line.co:80",
            "server_url": "http://eu.majes-line.co:80/c/",
            "macs": [
                "00:1A:79:55:9A:59"
            ]
        },
        {
            "server_name": "amkclub.live:8080",
            "server_url": "http://amkclub.live:8080/c/",
            "macs": [
                "00:1A:79:00:02:4B"
            ]
        },
        {
            "server_name": "line.tvdsz.cc:80",
            "server_url": "http://line.tvdsz.cc:80/c/",
            "macs": [
                "00:1A:79:83:7F:E8"
            ]
        },
        {
            "server_name": "vip-rediptv.com:80",
            "server_url": "http://vip-rediptv.com:80/c/",
            "macs": [
                "00:1A:79:6B:22:59"
            ]
        }
    ]
}