{
    "items": [
        {
            "server_name": "tipxpto.club:8080",
            "server_url": "http://tipxpto.club:8080/c/",
            "macs": [
                "00:1A:79:B5:66:E8",
                "00:1A:79:BB:2D:B2"
            ]
        },
        {
            "server_name": "liveline.store:8000",
            "server_url": "http://liveline.store:8000/c/",
            "macs": [
                "00:1A:79:31:A2:5A",
                "00:1A:79:3D:84:D0",
                "00:1A:79:3F:12:46",
                "00:1A:79:49:15:EE"
            ]
        },
        {
            "server_name": "promaxhd.com:8080",
            "server_url": "http://promaxhd.com:8080/c/",
            "macs": [
                "00:1A:79:30:34:35",
                "00:1A:79:30:8A:3D",
                "00:1A:79:30:8F:96",
                "00:1A:79:33:A5:18",
                "00:1A:79:34:3F:86",
                "00:1A:79:38:29:55",
                "00:1A:79:3A:9D:49",
                "00:1A:79:3D:24:AD",
                "00:1A:79:3F:13:E3",
                "00:1A:79:3F:C8:51",
                "00:1A:79:44:1D:0F",
                "00:1A:79:46:DA:9E"
            ]
        },
        {
            "server_name": "tvpro.vprotv.com:25443",
            "server_url": "http://tvpro.vprotv.com:25443/c/",
            "macs": [
                "00:1A:79:82:03:88"
            ]
        },
        {
            "server_name": "besttv.club:8080",
            "server_url": "http://besttv.club:8080/c/",
            "macs": [
                "00:1A:79:32:30:D8",
                "00:1A:79:37:17:65",
                "00:1A:79:C2:30:AA"
            ]
        },
        {
            "server_name": "4kmini.live:80",
            "server_url": "http://4kmini.live:80/c/",
            "macs": [
                "00:1A:79:6B:C3:1A"
            ]
        },
        {
            "server_name": "portal.ramz123.xyz:8080",
            "server_url": "http://portal.ramz123.xyz:8080/c/",
            "macs": [
                "00:1A:79:A2:09:AB",
                "00:1A:79:A9:24:7A"
            ]
        },
        {
            "server_name": "nas.bordo1453.be",
            "server_url": "http://nas.bordo1453.be/c/",
            "macs": [
                "00:1A:79:31:7D:12",
                "00:1A:79:8B:39:D9",
                "00:1A:79:97:0C:AF"
            ]
        },
        {
            "server_name": "diyarbekir21.com:8080",
            "server_url": "http://diyarbekir21.com:8080/c/",
            "macs": [
                "00:1A:79:0E:14:71",
                "00:1A:79:31:EF:45",
                "00:1A:79:68:FE:0E",
                "00:1A:79:76:24:E8",
                "00:1A:79:7B:A9:8B",
                "00:1A:79:B6:30:27",
                "00:1A:79:BF:DD:BC"
            ]
        },
        {
            "server_name": "unblock2.king-box.tv",
            "server_url": "http://unblock2.king-box.tv/c/",
            "macs": [
                "00:1A:79:0E:77:63",
                "00:1A:79:4F:ED:8F",
                "00:1A:79:5B:5B:0B",
                "00:1A:79:5C:DC:D2",
                "00:1A:79:69:B7:48",
                "00:1A:79:6E:0B:E2",
                "00:1A:79:6F:68:9E",
                "00:1A:79:73:D0:7E",
                "00:1A:79:77:4E:68",
                "00:1A:79:89:4F:0E",
                "00:1A:79:A9:E8:1F",
                "00:1A:79:B4:C4:7A",
                "00:1A:79:C5:AF:83",
                "00:1A:79:CF:38:AD"
            ]
        },
        {
            "server_name": "atg100.xyz",
            "server_url": "http://atg100.xyz/c/",
            "macs": [
                "00:1A:79:00:C2:BA",
                "00:1A:79:0D:9E:A0",
                "00:1A:79:0F:D3:0C",
                "00:1A:79:10:8F:E8",
                "00:1A:79:16:1E:DE",
                "00:1A:79:18:E4:3C",
                "00:1A:79:1C:2D:95",
                "00:1A:79:21:36:66",
                "00:1A:79:2F:E6:DD",
                "00:1A:79:31:16:3A",
                "00:1A:79:34:4A:B8",
                "00:1A:79:40:0F:85",
                "00:1A:79:40:9D:57",
                "00:1A:79:4E:07:B5",
                "00:1A:79:52:18:EC",
                "00:1A:79:56:5F:DD",
                "00:1A:79:56:FE:3F",
                "00:1A:79:5D:CA:55",
                "00:1A:79:5F:2C:87",
                "00:1A:79:5F:96:88",
                "00:1A:79:5F:AC:16",
                "00:1A:79:61:EA:B4",
                "00:1A:79:64:9F:75",
                "00:1A:79:67:8F:3C",
                "00:1A:79:67:9F:DC",
                "00:1A:79:67:B3:5A",
                "00:1A:79:6E:95:59",
                "00:1A:79:75:DF:73",
                "00:1A:79:7E:5C:A4",
                "00:1A:79:94:39:B8",
                "00:1A:79:9B:31:BF",
                "00:1A:79:9F:BC:BB",
                "00:1A:79:A9:14:B0",
                "00:1A:79:AA:3E:86",
                "00:1A:79:AD:BF:D2",
                "00:1A:79:B2:80:99",
                "00:1A:79:B3:36:2F",
                "00:1A:79:B5:2C:A9",
                "00:1A:79:B6:9B:F1",
                "00:1A:79:B6:DB:A1",
                "00:1A:79:B7:82:EC",
                "00:1A:79:BC:67:AA",
                "00:1A:79:BD:4B:4C",
                "00:1A:79:C1:07:40",
                "00:1A:79:C4:C3:CF",
                "00:1A:79:DE:5D:7F",
                "00:1A:79:E2:B1:11",
                "00:1A:79:EB:03:55",
                "00:1A:79:EB:A7:99",
                "00:1A:79:EC:8E:6E",
                "00:1A:79:F8:56:AB",
                "00:1A:79:FE:FC:57"
            ]
        },
        {
            "server_name": "maxzi.pro:80",
            "server_url": "http://maxzi.pro:80/c/",
            "macs": [
                "00:1A:79:00:60:8B",
                "00:1A:79:2B:19:76",
                "00:1A:79:65:F8:D5",
                "00:1A:79:D5:6B:77"
            ]
        },
        {
            "server_name": "nvs1hosting.live:25461",
            "server_url": "http://nvs1hosting.live:25461/c/",
            "macs": [
                "00:1A:79:A4:17:5F",
                "00:1A:79:A4:17:7B",
                "00:1A:79:B6:9D:BF",
                "00:1A:79:B6:AA:FA",
                "00:1A:79:B8:F6:7C"
            ]
        },
        {
            "server_name": "you10.4youall.xyz:8080",
            "server_url": "http://you10.4youall.xyz:8080/c/",
            "macs": [
                "00:1A:79:A5:B7:40"
            ]
        },
        {
            "server_name": "mag.redmytv.com:80",
            "server_url": "http://mag.redmytv.com:80/c/",
            "macs": [
                "00:1A:79:18:07:53",
                "00:1A:79:2E:AC:48",
                "00:1A:79:44:3C:53",
                "00:1A:79:45:AA:CD",
                "00:1A:79:4E:37:ED",
                "00:1A:79:5D:4C:E6",
                "00:1A:79:67:C1:32",
                "00:1A:79:69:7B:CB",
                "00:1A:79:6D:66:8F",
                "00:1A:79:71:4F:FB",
                "00:1A:79:7B:54:BC",
                "00:1A:79:80:ED:BD",
                "00:1A:79:87:7D:77",
                "00:1A:79:89:62:92",
                "00:1A:79:A0:D6:C9",
                "00:1A:79:A5:10:08",
                "00:1A:79:A7:EF:77",
                "00:1A:79:AC:0C:AE",
                "00:1A:79:AC:22:51",
                "00:1A:79:B7:0E:1A",
                "00:1A:79:B7:34:7F",
                "00:1A:79:B7:35:44",
                "00:1A:79:BF:BC:A1",
                "00:1A:79:D6:CC:D2",
                "00:1A:79:E5:3D:92",
                "00:1A:79:E6:7D:CA",
                "00:1A:79:E6:FC:F7"
            ]
        }
    ]
}