{
    "items": [
        {
            "server_name": "tiger88.live:8080",
            "server_url": "http://tiger88.live:8080/c/",
            "macs": [
                "00:1A:79:01:14:6A",
                "00:1A:79:41:50:07",
                "00:1A:79:4A:17:97",
                "00:1A:79:D4:5B:E2"
            ]
        },
        {
            "server_name": "62.182.83.91:80",
            "server_url": "http://62.182.83.91:80/c/",
            "macs": [
                "00:1A:79:A0:E8:4F"
            ]
        },
        {
            "server_name": "tv.pro-ott.com:80",
            "server_url": "http://tv.pro-ott.com:80/c/",
            "macs": [
                "00:1A:79:71:52:78"
            ]
        },
        {
            "server_name": "tkosportz.live:25461",
            "server_url": "http://tkosportz.live:25461/c/",
            "macs": [
                "00:1A:79:E6:08:E5"
            ]
        },
        {
            "server_name": "2a2b2.com:80",
            "server_url": "http://2a2b2.com:80/c/",
            "macs": [
                "00:1A:79:0A:6F:17",
                "00:1A:79:27:1F:62",
                "00:1A:79:3A:95:3C",
                "00:1A:79:4F:56:DF",
                "00:1A:79:68:3F:0D",
                "00:1A:79:BA:25:D9",
                "00:1A:79:D4:6F:9C",
                "00:1A:79:DD:5F:FA",
                "00:1A:79:EB:25:33"
            ]
        },
        {
            "server_name": "nightmare-tv.xyz:8080",
            "server_url": "http://nightmare-tv.xyz:8080/c/",
            "macs": [
                "00:1A:79:01:6B:FC",
                "00:1A:79:01:74:E3",
                "00:1A:79:07:BB:09",
                "00:1A:79:35:A2:3E",
                "00:1A:79:5E:49:1F",
                "00:1A:79:A0:FE:34",
                "00:1A:79:AB:52:F7",
                "00:1A:79:AF:F8:6C"
            ]
        },
        {
            "server_name": "dm7776tv.xyz:8080",
            "server_url": "http://dm7776tv.xyz:8080/c/",
            "macs": [
                "00:1A:79:33:D4:6C",
                "00:1A:79:4D:02:36",
                "00:1A:79:5A:8C:84",
                "00:1A:79:68:AF:60",
                "00:1A:79:90:48:35",
                "00:1A:79:BA:5F:75",
                "00:1A:79:C3:37:88",
                "00:1A:79:CC:59:F8"
            ]
        }
    ]
}