{
    "items": [
        {
            "server_name": "ultra-box.club",
            "server_url": "http://ultra-box.club/c/",
            "macs": [
                "00:1a:79:5e:dd:c7",
                "00:1a:79:5a:fa:3c",
                "00:1a:79:5e:60:8f",
                "00:1a:79:5c:a1:5f",
                "00:1a:79:59:a2:40"
            ]
        },
        {
            "server_name": "hd-max.org:8080",
            "server_url": "http://hd-max.org:8080/c/",
            "macs": [
                "00:1a:79:ae:38:d2",
                "00:1a:79:ac:aa:1d",
                "00:1a:79:ad:80:ed",
                "00:1a:79:a2:5d:3c",
                "00:1a:79:ab:d6:a4",
                "00:1a:79:ab:73:2e",
                "00:1a:79:a4:a4:9a",
                "00:1a:79:a4:d5:ba",
                "00:1a:79:ab:d6:a4"
            ]
        },
        {
            "server_name": "besttv.club:8080",
            "server_url": "http://besttv.club:8080/c/",
            "macs": [
                "00:1a:79:41:7f:6e",
                "00:1a:79:49:a2:da",
                "00:1a:79:40:35:16",
                "00:1a:79:49:b9:da"
            ]
        },
        {
            "server_name": "tv.blueocean-iptv.com:8080",
            "server_url": "http://tv.blueocean-iptv.com:8080/c/",
            "macs": [
                "00:1a:79:ad:e8:ac",
                "00:1a:79:a5:e3:81",
                "00:1a:79:a3:92:69",
                "00:1a:79:a6:06:b6"
            ]
        }
    ]
}