{
    "items": [
        {
            "server_name": "giolo80.cbgroup.li:2052",
            "server_url": "http://giolo80.cbgroup.li:2052/c/",
            "macs": [
                "00:1A:79:B3:81:2D"
            ]
        },
        {
            "server_name": "humiptv.live:8080",
            "server_url": "http://humiptv.live:8080/c/",
            "macs": [
                "00:1A:79:4F:04:BC"
            ]
        },
        {
            "server_name": "ip.xtremetv.eu:8000",
            "server_url": "http://ip.xtremetv.eu:8000/c/",
            "macs": [
                "00:1A:79:4E:B7:88"
            ]
        },
        {
            "server_name": "nas.bordo1453.be",
            "server_url": "http://nas.bordo1453.be/c/",
            "macs": [
                "00:1A:79:45:AE:78"
            ]
        },
        {
            "server_name": "4kplus.org:80",
            "server_url": "http://4kplus.org:80/c/",
            "macs": [
                "00:1A:79:3E:7F:E6",
                "00:1A:79:8E:F2:B2",
                "00:1A:79:90:32:C1",
                "00:1A:79:97:27:F4",
                "00:1A:79:C0:1C:98",
                "00:1A:79:C0:7E:07",
                "00:1A:79:FC:1F:2C"
            ]
        },
        {
            "server_name": "hg.speedtestmt.com",
            "server_url": "http://hg.speedtestmt.com/c/",
            "macs": [
                "00:1A:79:02:9F:6B",
                "00:1A:79:0F:E7:F0",
                "00:1A:79:39:4D:79",
                "00:1A:79:3C:AA:CA",
                "00:1A:79:51:10:80",
                "00:1A:79:52:2D:AC",
                "00:1A:79:BE:EB:71",
                "00:1A:79:D2:FC:AE"
            ]
        }
    ]
}