{
    "items": [
        {
            "server_name": "mol-2.com:8080",
            "server_url": "http://mol-2.com:8080/c/",
            "macs": [
                "00:1A:79:A5:9D:6C",
                "00:1A:79:1E:04:BC",
                "00:1A:79:B5:2B:A6",
                "00:1A:79:AA:6B:C1",
                "00:1A:79:B8:FA:5D",
                "00:1A:79:BF:5C:42",
                "00:1A:79:C2:93:75",
                "00:1A:79:99:35:E6",
                "00:1A:79:C0:B3:C0",
                "00:1A:79:BE:5A:13",
                "00:1A:79:5F:D0:B7",
                "00:1A:79:41:23:DF",
                "00:1A:79:BD:1F:91",
                "00:1A:79:62:05:82",
                "00:1A:79:C3:BC:53",
                "00:1A:79:B7:0E:B4",
                "00:1A:79:4C:5B:30",
                "00:1A:79:15:5E:D5",
                "00:1A:79:BA:54:A7",
                "00:1A:79:B3:B6:15",
                "00:1A:79:C0:2D:54",
                "00:1A:79:A3:A4:BF",
                "00:1A:79:AA:70:10",
                "00:1A:79:22:1E:BC",
                "00:1A:79:3E:CD:0B"
            ]
        },
        {
            "server_name": "iptv.uhdiptv.tv:80",
            "server_url": "http://iptv.uhdiptv.tv:80/c/",
            "macs": [
                "00:1A:79:50:40:9A",
                "00:1A:79:FB:5F:7E",
                "00:1A:79:35:3E:F0",
                "00:1A:79:8E:33:5F",
                "00:1A:79:1C:14:95",
                "00:1A:79:22:8F:38",
                "00:1A:79:2C:A3:C4",
                "00:1A:79:A5:96:CB",
                "00:1A:79:28:4F:D9",
                "00:1A:79:B5:13:13",
                "00:1A:79:4F:E0:F9",
                "00:1A:79:D5:5F:76",
                "00:1A:79:0C:02:2E",
                "00:1A:79:BF:A5:2D",
                "00:1A:79:5B:10:13",
                "00:1A:79:B7:69:5E",
                "00:1A:79:19:1C:D7",
                "00:1A:79:AD:FC:06",
                "00:1A:79:20:31:57",
                "00:1A:79:DC:F9:6E",
                "00:1A:79:72:7B:40",
                "00:1A:79:3A:1B:5A",
                "00:1A:79:BE:0F:4B",
                "00:1A:79:59:16:4E",
                "00:1A:79:11:6F:82",
                "00:1A:79:06:AE:A7"
            ]
        },
        {
            "server_name": "wolftv.me:8080",
            "server_url": "http://wolftv.me:8080/c/",
            "macs": [
                "00:1a:79:a9:fa:ae",
                "00:1a:79:d8:9f:ef",
                "00:1a:79:4d:99:73",
                "00:1a:79:41:c9:bf",
                "00:1a:79:ad:df:00",
                "00:1a:79:6d:97:b3",
                "00:1a:79:6d:ad:d9",
                "00:1a:79:aa:04:68",
                "00:1a:79:50:37:7d"
            ]
        },
        {
            "server_name": "pp.prison8break.com:8080",
            "server_url": "http://pp.prison8break.com:8080/c/",
            "macs": [
                "00:1A:79:C0:37:39",
                "00:1A:79:B5:23:91",
                "00:1A:79:B0:48:6F",
                "00:1A:79:68:01:B9",
                "00:1A:79:D2:30:1A",
                "00:1A:79:53:60:E9",
                "00:1A:79:B4:54:A2",
                "00:1A:79:B7:29:32",
                "00:1A:79:AB:56:53"
            ]
        },
        {
            "server_name": "reseller.mytv4k.net:2082",
            "server_url": "http://reseller.mytv4k.net:2082/c/",
            "macs": [
                "00:1A:79:A2:09:D1"
            ]
        },
        {
            "server_name": "super-tvnow.com",
            "server_url": "http://super-tvnow.com/c/",
            "macs": [
                "00:1A:79:3F:21:64"
            ]
        },
        {
            "server_name": "ztrusthome.com:8080",
            "server_url": "http://ztrusthome.com:8080/c/",
            "macs": [
                "00:1A:79:41:24:71",
                "00:1A:79:BD:74:C0",
                "00:1A:79:C1:95:87",
                "00:1A:79:C1:AA:2A",
                "00:1A:79:BE:77:2F",
                "00:1A:79:6A:0A:ED",
                "00:1A:79:41:71:F6",
                "00:1A:79:C5:38:F8",
                "00:1A:79:B3:A9:48",
                "00:1A:79:A2:FA:F4",
                "00:1A:79:01:23:37",
                "00:1A:79:C8:1C:CA",
                "00:1A:79:A3:29:3A",
                "00:1A:79:AA:B0:25",
                "00:1A:79:3F:69:A4"
            ]
        },
        {
            "server_name": "tv.cloudcdn.online:80",
            "server_url": "http://tv.cloudcdn.online:80/c/",
            "macs": [
                "00:1A:79:0E:F8:96"
            ]
        },
        {
            "server_name": "kumtv.dns.army:8000",
            "server_url": "http://kumtv.dns.army:8000/c/",
            "macs": [
                "00:1A:79:40:94:FA"
            ]
        },
        {
            "server_name": "line.crystal-ott.com:80",
            "server_url": "http://line.crystal-ott.com:80/c/",
            "macs": [
                "00:1a:79:da:0f:49"
            ]
        },
        {
            "server_name": "4iptv.xyz:8080",
            "server_url": "http://4iptv.xyz:8080/c/",
            "macs": [
                "00:1A:79:D6:50:B2",
                "00:1A:79:78:C1:FC",
                "00:1A:79:24:7C:62",
                "00:1A:79:A6:D8:6B",
                "00:1A:79:B6:DB:4E",
                "00:1A:79:B6:40:6D",
                "00:1A:79:5F:04:D7",
                "00:1A:79:32:9D:67",
                "00:1A:79:79:69:39",
                "00:1A:79:B7:19:96"
            ]
        }
    ]
}