{
    "items": [
        {
            "server_name": "tv.cloudcdn.me:80",
            "server_url": "http://tv.cloudcdn.me:80/c/",
            "macs": [
                "00:1A:79:0E:F7:BA",
                "00:1A:79:10:1B:23",
                "00:1A:79:33:E7:E4",
                "00:1A:79:60:12:43",
                "00:1A:79:AB:E0:06",
                "00:1A:79:AF:A0:A9"
            ]
        },
        {
            "server_name": "blackvt.ml:8000",
            "server_url": "http://blackvt.ml:8000/c/",
            "macs": [
                "00:1A:79:41:75:D6"
            ]
        },
        {
            "server_name": "hd.biba-iptv.com:8000",
            "server_url": "http://hd.biba-iptv.com:8000/c/",
            "macs": [
                "00:1A:79:43:0E:EE"
            ]
        },
        {
            "server_name": "tv.cloudcdn.online",
            "server_url": "http://tv.cloudcdn.online/c/",
            "macs": [
                "00:1A:79:22:76:0F",
                "00:1A:79:6C:30:BB",
                "00:1A:79:A5:D6:1E",
                "00:1A:79:C4:05:62"
            ]
        },
        {
            "server_name": "griptv.ottc.pro",
            "server_url": "http://griptv.ottc.pro/c/",
            "macs": [
                "00:1A:79:01:53:E9",
                "00:1A:79:02:68:FB",
                "00:1A:79:5F:D0:CA",
                "00:1A:79:7A:0E:E1",
                "00:1A:79:C6:76:F4",
                "00:1A:79:C8:5D:EF"
            ]
        },
        {
            "server_name": "hbio.live:80",
            "server_url": "http://hbio.live:80/c/",
            "macs": [
                "00:1A:79:33:B2:DB",
                "00:1A:79:48:DA:BC",
                "00:1A:79:4F:CC:14",
                "00:1A:79:61:61:35",
                "00:1A:79:6D:09:90",
                "00:1A:79:77:08:7F",
                "00:1A:79:99:F6:38",
                "00:1A:79:AF:73:0C",
                "00:1A:79:B0:73:2C",
                "00:1A:79:BD:4A:7B",
                "00:1A:79:C1:A4:63",
                "00:1A:79:C9:CF:36"
            ]
        },
        {
            "server_name": "bosszx.bio:80",
            "server_url": "http://bosszx.bio:80/c/",
            "macs": [
                "00:1A:79:01:66:1A",
                "00:1A:79:52:19:65",
                "00:1A:79:52:1C:F1",
                "00:1A:79:56:B4:5F",
                "00:1A:79:8B:27:93",
                "00:1A:79:A0:A5:88",
                "00:1A:79:BF:8C:7E",
                "00:1A:79:C7:B0:22"
            ]
        },
        {
            "server_name": "wisdomiptv.com",
            "server_url": "http://wisdomiptv.com/c/",
            "macs": [
                "00:1A:79:34:73:16",
                "00:1A:79:3D:0A:B7",
                "00:1A:79:41:C7:93",
                "00:1A:79:48:6E:2A",
                "00:1A:79:4C:2F:82",
                "00:1A:79:53:91:7D",
                "00:1A:79:5D:A6:DD",
                "00:1A:79:74:B5:4F",
                "00:1A:79:B2:08:4D",
                "00:1A:79:B8:24:AD",
                "00:1A:79:E8:AA:0D"
            ]
        },
        {
            "server_name": "letmein.fun:8080",
            "server_url": "http://letmein.fun:8080/c/",
            "macs": [
                "00:1A:79:A2:FE:E2",
                "00:1A:79:A3:17:7B",
                "00:1A:79:A3:8A:AE",
                "00:1A:79:A5:E4:41",
                "00:1A:79:A7:B6:60",
                "00:1A:79:AB:90:CD",
                "00:1A:79:AB:AB:2E",
                "00:1A:79:AB:E9:30",
                "00:1A:79:AB:F2:AD",
                "00:1A:79:AD:75:CF"
            ]
        },
        {
            "server_name": "my-iptv.mk:80",
            "server_url": "http://my-iptv.mk:80/c/",
            "macs": [
                "00:1A:79:50:C4:96",
                "00:1A:79:8B:32:F3",
                "00:1A:79:B7:29:FF"
            ]
        },
        {
            "server_name": "opensat.be:8080",
            "server_url": "http://opensat.be:8080/c/",
            "macs": [
                ">0:1A:79:3F:BB:2B"
            ]
        },
        {
            "server_name": "81.218.219.218:88",
            "server_url": "http://81.218.219.218:88/stalker_portal/c/",
            "macs": [
                "00:1A:79:00:00:69",
                "00:1A:79:08:5F:02",
                "00:1A:79:21:3A:06",
                "00:1A:79:3E:E9:57",
                "00:1A:79:7C:36:EE",
                "00:1A:79:A6:48:82"
            ]
        },
        {
            "server_name": "45.94.31.240:2083",
            "server_url": "http://45.94.31.240:2083/c/",
            "macs": [
                "00:1A:79:00:78:B5",
                "00:1A:79:02:1A:EB",
                "00:1A:79:37:09:34",
                "00:1A:79:3D:5E:0B",
                "00:1A:79:4A:4D:D7",
                "00:1A:79:5D:1A:D8",
                "00:1A:79:63:13:53",
                "00:1A:79:73:27:F4",
                "00:1A:79:73:47:AE",
                "00:1A:79:73:6A:01",
                "00:1A:79:A2:1C:ED",
                "00:1A:79:A2:F8:72"
            ]
        },
        {
            "server_name": "89.45.13.201:8080",
            "server_url": "http://89.45.13.201:8080/c/",
            "macs": [
                "00:1A:79:00:03:A0",
                "00:1A:79:00:08:09",
                "00:1A:79:01:70:28",
                "00:1A:79:01:70:51",
                "00:1A:79:01:7A:B0",
                "00:1A:79:11:2F:5E",
                "00:1A:79:17:07:78",
                "00:1A:79:19:48:60",
                "00:1A:79:4C:24:7D",
                "00:1A:79:5D:8C:A6",
                "00:1A:79:5D:8C:A7",
                "00:1A:79:5D:AB:32",
                "00:1A:79:AB:5F:35",
                "00:1A:79:AF:37:56",
                "00:1A:79:B1:BB:4C",
                "00:1A:79:B2:6F:9E",
                "00:1A:79:C3:3F:B3"
            ]
        },
        {
            "server_name": "line2.protv.cc",
            "server_url": "http://line2.protv.cc/c/",
            "macs": [
                "00:1A:79:01:64:3B",
                "00:1A:79:05:9A:0E",
                "00:1A:79:08:2F:65",
                "00:1A:79:08:82:30",
                "00:1A:79:0B:C1:AF",
                "00:1A:79:11:7F:29",
                "00:1A:79:11:7F:58",
                "00:1A:79:17:02:1F",
                "00:1A:79:17:03:E8",
                "00:1A:79:17:21:52",
                "00:1A:79:1C:05:A9",
                "00:1A:79:1C:0D:8A",
                "00:1A:79:1E:BE:70",
                "00:1A:79:28:A6:89",
                "00:1A:79:32:C2:37",
                "00:1A:79:40:7F:89",
                "00:1A:79:47:EB:49",
                "00:1A:79:48:04:34",
                "00:1A:79:50:C2:B3",
                "00:1A:79:55:51:C4",
                "00:1A:79:5C:E8:95",
                "00:1A:79:5E:D5:B8",
                "00:1A:79:5F:DB:6A",
                "00:1A:79:67:BF:1E",
                "00:1A:79:67:D7:41",
                "00:1A:79:70:7A:53",
                "00:1A:79:71:4E:E1",
                "00:1A:79:7A:15:B8",
                "00:1A:79:86:19:A0",
                "00:1A:79:8B:7E:27",
                "00:1A:79:A0:04:63",
                "00:1A:79:A1:34:FA",
                "00:1A:79:A1:D9:FF",
                "00:1A:79:A1:F2:C7",
                "00:1A:79:A6:45:9A",
                "00:1A:79:A7:CA:CC",
                "00:1A:79:AD:DB:F1",
                "00:1A:79:AF:6E:4C",
                "00:1A:79:B0:07:20",
                "00:1A:79:B2:4C:E6",
                "00:1A:79:B5:85:E4",
                "00:1A:79:B5:A9:F4",
                "00:1A:79:B6:55:E3",
                "00:1A:79:B7:61:D3",
                "00:1A:79:BF:F1:21",
                "00:1A:79:C0:12:50",
                "00:1A:79:C1:DA:5B",
                "00:1A:79:C2:AE:2B",
                "00:1A:79:C3:81:45",
                "00:1A:79:C3:93:A5",
                "00:1A:79:C5:FC:8F",
                "00:1A:79:C6:1B:EB",
                "00:1A:79:DA:07:DA",
                "00:1A:79:E6:95:89",
                "00:1A:79:F6:ED:59"
            ]
        },
        {
            "server_name": "line.sohakiller.net",
            "server_url": "http://line.sohakiller.net/c/",
            "macs": [
                "00:1A:79:01:9F:5A",
                "00:1A:79:01:DD:DF",
                "00:1A:79:0B:09:DB",
                "00:1A:79:0E:D7:01",
                "00:1A:79:17:05:35",
                "00:1A:79:1C:08:9E",
                "00:1A:79:22:03:E1",
                "00:1A:79:24:15:D2",
                "00:1A:79:24:80:35",
                "00:1A:79:30:0E:57",
                "00:1A:79:3A:DC:9E",
                "00:1A:79:40:2E:9B",
                "00:1A:79:40:79:6A",
                "00:1A:79:48:86:96",
                "00:1A:79:4B:AA:8C",
                "00:1A:79:55:78:73",
                "00:1A:79:58:78:CE",
                "00:1A:79:64:11:F7",
                "00:1A:79:6C:1E:CE",
                "00:1A:79:7B:17:EA",
                "00:1A:79:86:87:57",
                "00:1A:79:8D:1A:65",
                "00:1A:79:A1:DC:E7",
                "00:1A:79:A3:11:63",
                "00:1A:79:C0:01:73",
                "00:1A:79:F9:5F:7B"
            ]
        }
    ]
}