{
    "items": [
        {
            "server_name": "marvelhd.eu:8080",
            "server_url": "http://marvelhd.eu:8080/c/",
            "macs": [
                "00:1A:79:23:EF:2B",
                "00:1A:79:2A:D3:88",
                "00:1A:79:3B:72:DC",
                "00:1A:79:48:D4:54",
                "00:1A:79:4D:A1:2D",
                "00:1A:79:57:A3:99",
                "00:1A:79:A9:BE:22",
                "00:1A:79:AB:8C:0E",
                "00:1A:79:AD:D9:4C",
                "00:1A:79:BF:62:D1"
            ]
        },
        {
            "server_name": "datacentar.org",
            "server_url": "http://datacentar.org/c/",
            "macs": [
                "00:1A:79:46:10:88",
                "00:1A:79:47:8F:91",
                "00:1A:79:6D:F3:C7",
                "00:1A:79:70:35:68"
            ]
        },
        {
            "server_name": "23.88.84.30:2080",
            "server_url": "http://23.88.84.30:2080/stalker_portal/c/",
            "macs": [
                "00:1A:79:5A:06:D8",
                "00:1A:79:72:9D:09",
                "00:1A:79:76:6C:4F",
                "00:1A:79:76:F7:F3",
                "00:1A:79:78:2D:E8",
                "00:1A:79:7A:DA:8B",
                "00:1A:79:7B:76:B6"
            ]
        },
        {
            "server_name": "109.169.37.140:8000",
            "server_url": "http://109.169.37.140:8000/c/",
            "macs": [
                "00:1A:79:4E:2D:25",
                "00:1A:79:B5:94:10",
                "00:1A:79:DE:FE:2B"
            ]
        },
        {
            "server_name": "45.139.122.199:8080",
            "server_url": "http://45.139.122.199:8080/c/",
            "macs": [
                "00:1A:79:25:2F:74",
                "00:1A:79:3C:4C:E2",
                "00:1A:79:3E:04:13",
                "00:1A:79:42:CE:73",
                "00:1A:79:A9:F3:8F",
                "00:1A:79:AB:60:82",
                "00:1A:79:B5:0E:03",
                "00:1A:79:B8:73:AF",
                "00:1A:79:BF:CE:D5",
                "00:1A:79:C0:86:EA",
                "00:1A:79:C3:4F:E8",
                "00:1A:79:D2:24:0A"
            ]
        }
    ]
}