{
    "items": [
        {
            "server_name": "31.220.40.132:80",
            "server_url": "http://31.220.40.132:80/c/",
            "macs": [
                "00:1A:79:48:76:02",
                "00:1A:79:54:9E:5A",
                "00:1A:79:8E:25:E2",
                "00:1A:79:C0:12:44",
                "00:1A:79:C0:62:35",
                "00:1A:79:C3:11:97",
                "00:1A:79:F8:5D:FC"
            ]
        },
        {
            "server_name": "new.ivue.co:25461",
            "server_url": "http://new.ivue.co:25461/c/",
            "macs": [
                "00:1A:79:DE:27:60"
            ]
        },
        {
            "server_name": "vbn123.com:8080",
            "server_url": "http://vbn123.com:8080/c/",
            "macs": [
                "00:1A:79:B6:5B:3D"
            ]
        },
        {
            "server_name": "apkonrev.store:8080",
            "server_url": "http://apkonrev.store:8080/c/",
            "macs": [
                "00:1A:79:3E:29:4F",
                "00:1A:79:4F:14:6B",
                "00:1A:79:51:B2:86",
                "00:1A:79:5B:A2:41",
                "00:1A:79:AB:B9:51"
            ]
        },
        {
            "server_name": "besttv.club:8080",
            "server_url": "http://besttv.club:8080/c/",
            "macs": [
                "00:1A:79:4C:48:D2"
            ]
        },
        {
            "server_name": "001004.eu:8080",
            "server_url": "http://001004.eu:8080/c/",
            "macs": [
                "00:1A:79:A5:98:32",
                "00:1A:79:A7:A2:1C",
                "00:1A:79:A7:AB:B3",
                "00:1A:79:AB:39:C1",
                "00:1A:79:AB:44:C1",
                "00:1A:79:AD:0E:16",
                "00:1A:79:AD:34:79",
                "00:1A:79:AD:8E:8A",
                "00:1A:79:AE:B5:14",
                "00:1A:79:BB:4D:86",
                "00:1A:79:BD:4B:7D"
            ]
        }
    ]
}