{
    "items": [
        {
            "server_name": "clientsportals.info:2095",
            "server_url": "http://clientsportals.info:2095/c/",
            "macs": [
                "00:1A:79:27:40:B3",
                "00:1A:79:76:29:1B"
            ]
        },
        {
            "server_name": "par.bordo1453.be:80",
            "server_url": "http://par.bordo1453.be:80/c/",
            "macs": [
                "00:1A:79:23:E2:3D",
                "00:1A:79:3A:BA:48",
                "00:1A:79:43:FD:3C",
                "00:1A:79:8B:3C:8C",
                "00:1A:79:C9:31:29",
                "00:1A:79:E9:90:63"
            ]
        },
        {
            "server_name": "popeye-ott.net",
            "server_url": "http://popeye-ott.net/c/",
            "macs": [
                "00:1A:79:3E:7F:23",
                "00:1A:79:4C:12:0C",
                "00:1A:79:51:20:5C",
                "00:1A:79:5E:C2:02",
                "00:1A:79:65:C2:93",
                "00:1A:79:78:57:C8",
                "00:1A:79:AA:DA:11",
                "00:1A:79:B2:BF:78"
            ]
        },
        {
            "server_name": "aloha.ok3.se",
            "server_url": "http://aloha.ok3.se/stalker_portal/c/",
            "macs": [
                "00:1A:79:2D:76:AD",
                "00:1A:79:3F:4F:A5",
                "00:1A:79:5B:7F:8C",
                "00:1A:79:B4:5F:51",
                "00:1A:79:D5:66:A9"
            ]
        },
        {
            "server_name": "193.70.115.115",
            "server_url": "http://193.70.115.115/stalker_portal/c/",
            "macs": [
                "00:1A:79:00:3E:95"
            ]
        },
        {
            "server_name": "cod41.biz:80",
            "server_url": "http://cod41.biz:80/stalker_portal/c/",
            "macs": [
                "00:1A:79:B7:DE:C3"
            ]
        },
        {
            "server_name": "line.tvdsz.cc:80",
            "server_url": "http://line.tvdsz.cc:80/c/",
            "macs": [
                "00:1A:79:AE:26:F2",
                "00:1A:79:B5:9E:CB",
                "00:1A:79:F5:0D:D6"
            ]
        },
        {
            "server_name": "youtubecdn.watch:8080",
            "server_url": "http://youtubecdn.watch:8080/c/",
            "macs": [
                "00:1A:79:B8:7C:8D"
            ]
        },
        {
            "server_name": "ojpc.live:8080",
            "server_url": "http://ojpc.live:8080/c/",
            "macs": [
                "00:1A:79:A6:D7:94"
            ]
        },
        {
            "server_name": "balkanika.club:2082",
            "server_url": "http://balkanika.club:2082/c/",
            "macs": [
                "00:1A:79:A1:DF:A3"
            ]
        },
        {
            "server_name": "quiko.me:8080",
            "server_url": "http://quiko.me:8080/c/",
            "macs": [
                "00:1A:79:A3:10:C8",
                "00:1A:79:A3:F5:B2",
                "00:1A:79:B0:C0:D9",
                "00:1A:79:C3:CA:6A"
            ]
        },
        {
            "server_name": "starshare.live:8080",
            "server_url": "http://starshare.live:8080/c/",
            "macs": [
                "00:1A:79:68:87:59"
            ]
        },
        {
            "server_name": "plustv.ws:80",
            "server_url": "http://plustv.ws:80/c/",
            "macs": [
                "00:1A:79:05:3F:A4",
                "00:1A:79:1D:9F:8B",
                "00:1A:79:30:9F:24",
                "00:1A:79:32:1F:4A",
                "00:1A:79:84:59:BE",
                "00:1A:79:A4:4F:04",
                "00:1A:79:AC:53:17",
                "00:1A:79:B2:2F:6E"
            ]
        }
    ]
}