{
    "items": [
        {
            "server_name": "ayla45.fun:2086",
            "server_url": "http://ayla45.fun:2086/c/",
            "macs": [
                "00:1A:79:11:7C:CF",
                "00:1A:79:58:34:6D"
            ]
        },
        {
            "server_name": "safe.avivainsur.com:8080",
            "server_url": "http://safe.avivainsur.com:8080/c/",
            "macs": [
                "00:1A:79:D4:57:15"
            ]
        },
        {
            "server_name": "tv.eoiptv.mydns.live",
            "server_url": "http://tv.eoiptv.mydns.live/c/",
            "macs": [
                "00:1A:79:AB:78:EA"
            ]
        },
        {
            "server_name": "zorotv.xyz:8080",
            "server_url": "http://zorotv.xyz:8080/c/",
            "macs": [
                "00:1A:79:4B:28:8D"
            ]
        },
        {
            "server_name": "minnm8544de.lstv.win:8080",
            "server_url": "http://minnm8544de.lstv.win:8080/c/",
            "macs": [
                "00:1A:79:FC:3F:94"
            ]
        },
        {
            "server_name": "datacentar.org:80",
            "server_url": "http://datacentar.org:80/c/",
            "macs": [
                "00:1A:79:35:B9:F6",
                "00:1A:79:5D:EB:54",
                "00:1A:79:68:FB:9A"
            ]
        },
        {
            "server_name": "esuniptvstream.com:88",
            "server_url": "http://esuniptvstream.com:88/c/",
            "macs": [
                "00:1A:79:48:C2:05"
            ]
        },
        {
            "server_name": "ghost-x99.uno:8080",
            "server_url": "http://ghost-x99.uno:8080/c/",
            "macs": [
                "00:1A:79:AD:35:90",
                "00:1A:79:BB:C6:4F",
                "00:1A:79:C6:32:90",
                "00:1A:79:C6:A6:7A"
            ]
        },
        {
            "server_name": "ojpc.live:8080",
            "server_url": "http://ojpc.live:8080/c/",
            "macs": [
                "00:1A:79:AD:35:90",
                "00:1A:79:BB:C6:4F",
                "00:1A:79:C6:32:90",
                "00:1A:79:C6:A6:7A"
            ]
        },
        {
            "server_name": "mag.bee-ott.com",
            "server_url": "http://mag.bee-ott.com/c/",
            "macs": [
                "00:1A:79:01:6A:E8",
                "00:1A:79:0A:D7:19",
                "00:1A:79:0D:0F:16",
                "00:1A:79:14:EE:B4",
                "00:1A:79:1C:15:1B",
                "00:1A:79:20:D4:B4",
                "00:1A:79:24:F3:FB",
                "00:1A:79:2D:1E:FE",
                "00:1A:79:35:A3:0D",
                "00:1A:79:37:33:CE",
                "00:1A:79:38:C8:5F",
                "00:1A:79:42:5F:B3",
                "00:1A:79:46:0B:3D",
                "00:1A:79:4A:5D:21",
                "00:1A:79:5B:2B:42",
                "00:1A:79:5C:20:94",
                "00:1A:79:66:9F:A3",
                "00:1A:79:6C:42:F4",
                "00:1A:79:73:FE:6E",
                "00:1A:79:7C:07:FD",
                "00:1A:79:81:37:B0",
                "00:1A:79:88:85:27",
                "00:1A:79:9D:11:44",
                "00:1A:79:A1:5E:EF",
                "00:1A:79:A1:E0:FA",
                "00:1A:79:A3:04:46",
                "00:1A:79:A5:2B:11",
                "00:1A:79:AA:CB:83",
                "00:1A:79:AB:5F:9D",
                "00:1A:79:B1:E5:6A",
                "00:1A:79:B2:70:58",
                "00:1A:79:B6:47:51",
                "00:1A:79:B8:86:B5",
                "00:1A:79:BA:B3:94",
                "00:1A:79:BF:BE:CE",
                "00:1A:79:BF:D3:64",
                "00:1A:79:C0:10:63",
                "00:1A:79:C0:94:BD",
                "00:1A:79:C2:57:CD",
                "00:1A:79:C3:0A:07",
                "00:1A:79:C4:2D:AE",
                "00:1A:79:C6:B9:5C",
                "00:1A:79:C6:F8:2E",
                "00:1A:79:C7:15:C4",
                "00:1A:79:EE:DD:BB",
                "00:1A:79:FB:0A:BD",
                "00:1A:79:FE:1A:C1"
            ]
        },
        {
            "server_name": "test.satlok.club:80",
            "server_url": "http://test.satlok.club:80/c/",
            "macs": [
                "00:1A:79:23:4F:1A",
                "00:1A:79:24:07:76",
                "00:1A:79:2B:A1:01",
                "00:1A:79:49:A5:AB",
                "00:1A:79:4C:27:FA",
                "00:1A:79:4E:D3:94",
                "00:1A:79:77:E5:97",
                "00:1A:79:8A:EE:CC",
                "00:1A:79:AB:B3:B3",
                "00:1A:79:BA:75:52",
                "00:1A:79:BE:2F:9D",
                "00:1A:79:C8:8C:37",
                "00:1A:79:DA:A4:12",
                "00:1A:79:F1:5D:92",
                "00:1A:79:F5:0A:5A",
                "00:1A:79:F5:0A:ED",
                "00:1A:79:FC:37:53",
                "00:1A:79:FC:78:4B"
            ]
        },
        {
            "server_name": "x.ghost-27.com:8080",
            "server_url": "http://x.ghost-27.com:8080/c/",
            "macs": [
                "00:1A:79:AD:35:90",
                "00:1A:79:BB:C6:4F",
                "00:1A:79:C6:32:90",
                "00:1A:79:C6:A6:7A"
            ]
        },
        {
            "server_name": "webflowmalta.club:8080",
            "server_url": "http://webflowmalta.club:8080/c/",
            "macs": [
                "00:1A:79:43:BA:D3"
            ]
        },
        {
            "server_name": "hg.speedtestmt.com",
            "server_url": "http://hg.speedtestmt.com/c/",
            "macs": [
                "00:1A:79:01:81:32",
                "00:1A:79:3B:19:13",
                "00:1A:79:3D:66:78",
                "00:1A:79:B0:52:14",
                "00:1A:79:BE:51:05",
                "00:1A:79:EA:A9:E1"
            ]
        },
        {
            "server_name": "matrix-ott.tv:8080",
            "server_url": "http://matrix-ott.tv:8080/c/",
            "macs": [
                "00:1A:79:B4:32:F6"
            ]
        },
        {
            "server_name": "letmein.fun:8080",
            "server_url": "http://letmein.fun:8080/c/",
            "macs": [
                "00:1A:79:AB:9B:89"
            ]
        },
        {
            "server_name": "tvcosmos.buzz:8080",
            "server_url": "http://tvcosmos.buzz:8080/c/",
            "macs": [
                "00:1A:79:7A:2D:0F"
            ]
        },
        {
            "server_name": "isam.homelinux.com",
            "server_url": "http://isam.homelinux.com/c/",
            "macs": [
                "00:1A:79:A2:44:19",
                "00:1A:79:A3:DD:D7",
                "00:1A:79:A3:E0:5A",
                "00:1A:79:A3:E2:89",
                "00:1A:79:A3:EE:06",
                "00:1A:79:A3:EE:CC",
                "00:1A:79:A4:06:E9",
                "00:1A:79:A4:09:E3",
                "00:1A:79:A4:0A:2B",
                "00:1A:79:A4:10:21",
                "00:1A:79:A4:10:B0",
                "00:1A:79:A4:12:42",
                "00:1A:79:A6:89:47",
                "00:1A:79:A7:08:5E",
                "00:1A:79:A7:09:42",
                "00:1A:79:A7:17:45",
                "00:1A:79:A7:1A:AC",
                "00:1A:79:A7:1E:BE",
                "00:1A:79:A7:21:23",
                "00:1A:79:A7:22:96",
                "00:1A:79:A7:25:C3",
                "00:1A:79:A7:26:A1",
                "00:1A:79:A7:28:4C",
                "00:1A:79:A7:29:7F",
                "00:1A:79:B0:7E:E8",
                "00:1A:79:B0:81:42",
                "00:1A:79:B0:82:26",
                "00:1A:79:B0:83:CA",
                "00:1A:79:B0:86:66",
                "00:1A:79:B0:87:2C",
                "00:1A:79:B0:8A:FC",
                "00:1A:79:B0:8C:9A",
                "00:1A:79:B1:A9:F3",
                "00:1A:79:B1:AF:58",
                "00:1A:79:B1:AF:AB",
                "00:1A:79:B1:B0:B3",
                "00:1A:79:B1:B1:0D",
                "00:1A:79:B1:B1:D1",
                "00:1A:79:B1:B8:C9",
                "00:1A:79:B1:B9:30",
                "00:1A:79:B1:BA:CD",
                "00:1A:79:B1:BB:68",
                "00:1A:79:B1:BB:69",
                "00:1A:79:BB:AB:C2",
                "00:1A:79:BB:B3:65",
                "00:1A:79:BB:B3:AC",
                "00:1A:79:BB:B4:16",
                "00:1A:79:BB:BC:D5",
                "00:1A:79:BD:DA:43",
                "00:1A:79:BD:DC:08",
                "00:1A:79:BD:E0:CB",
                "00:1A:79:BD:E7:39",
                "00:1A:79:BD:EE:61",
                "00:1A:79:BD:F3:11",
                "00:1A:79:BD:F4:66",
                "00:1A:79:BD:F4:6E",
                "00:1A:79:BE:00:EF",
                "00:1A:79:CA:A2:4F",
                "00:1A:79:CA:A7:8D",
                "00:1A:79:CA:AB:E1",
                "00:1A:79:CA:AD:44",
                "00:1A:79:CA:B3:3A",
                "00:1A:79:CA:B7:D6",
                "00:1A:79:CA:B8:CD",
                "00:1A:79:CA:B9:5A"
            ]
        }
    ]
}