{
    "items": [
        {
            "server_name": "5.206.227.184:8080",
            "server_url": "http://5.206.227.184:8080/c/",
            "macs": [
                "00:1A:79:2A:B2:A8",
                "00:1A:79:5C:99:43",
                "00:1A:79:74:46:77",
                "00:1A:79:78:5B:BA",
                "00:1A:79:AB:55:48",
                "00:1A:79:AB:6C:26",
                "00:1A:79:AE:00:2D",
                "00:1A:79:B3:20:CB",
                "00:1A:79:D4:7F:DA"
            ]
        },
        {
            "server_name": "51.89.96.89:8080",
            "server_url": "http://51.89.96.89:8080/c/",
            "macs": [
                "00:1A:79:B4:E9:F6",
                "00:1A:79:BF:DB:A7"
            ]
        },
        {
            "server_name": "asterix-iptv.club:25461",
            "server_url": "http://asterix-iptv.club:25461/c/",
            "macs": [
                "00:1A:79:57:99:89"
            ]
        },
        {
            "server_name": "ottshow.net:80",
            "server_url": "http://ottshow.net:80/c/",
            "macs": [
                "00:1A:79:28:66:7B"
            ]
        },
        {
            "server_name": "duurtv.xyz:8080",
            "server_url": "http://duurtv.xyz:8080/c/",
            "macs": [
                "00:1A:79:01:6A:43",
                "00:1A:79:08:51:6B",
                "00:1A:79:A0:E3:4D",
                "00:1A:79:A0:E3:88",
                "00:1A:79:A0:E6:6E",
                "00:1A:79:AA:5B:2E"
            ]
        },
        {
            "server_name": "zdravahrana.dyndns.info:8081",
            "server_url": "http://zdravahrana.dyndns.info:8081/c/",
            "macs": [
                "00:1A:79:0D:5E:0B",
                "00:1A:79:3A:2D:83",
                "00:1A:79:40:12:78",
                "00:1A:79:A3:F7:70"
            ]
        },
        {
            "server_name": "92.204.40.153",
            "server_url": "http://92.204.40.153/stalker_portal/c/",
            "macs": [
                "00:1A:79:09:09:09"
            ]
        },
        {
            "server_name": "31.43.191.49:8080",
            "server_url": "http://31.43.191.49:8080/c/",
            "macs": [
                "00:1A:79:4A:5F:E4"
            ]
        },
        {
            "server_name": "smartstb.cloud:88",
            "server_url": "http://smartstb.cloud:88/stalker_portal/c/",
            "macs": [
                "00:1A:79:18:70:D1",
                "00:1A:79:18:A9:68",
                "00:1A:79:26:64:DD",
                "00:1A:79:38:25:48"
            ]
        },
        {
            "server_name": "reseller.mytv4k.net:2082",
            "server_url": "http://reseller.mytv4k.net:2082/c/",
            "macs": [
                "00:1A:79:A2:09:D1",
                "00:1A:79:BA:19:28"
            ]
        },
        {
            "server_name": "tvbezgranica.org:8000",
            "server_url": "http://tvbezgranica.org:8000/c/",
            "macs": [
                "00:1A:79:9F:91:97"
            ]
        },
        {
            "server_name": "mag.moi-dom.tv",
            "server_url": "http://mag.moi-dom.tv/stalker_portal/c/",
            "macs": [
                "00:1A:79:51:9C:D6"
            ]
        },
        {
            "server_name": "e1.ciko.ch",
            "server_url": "http://e1.ciko.ch/c/",
            "macs": [
                "00:1A:79:5D:DB:26"
            ]
        },
        {
            "server_name": "a111.info:80",
            "server_url": "http://a111.info:80/stalker_portal/c/",
            "macs": [
                "00:1A:79:E7:E0:FD"
            ]
        },
        {
            "server_name": "romanija.xyz:25461",
            "server_url": "http://romanija.xyz:25461/c/",
            "macs": [
                "00:1A:79:72:9D:F4"
            ]
        },
        {
            "server_name": "super-tvnow.com",
            "server_url": "http://super-tvnow.com/c/",
            "macs": [
                "00:1A:79:3F:21:64",
                "00:1A:79:43:6B:45"
            ]
        },
        {
            "server_name": "line.premiumpowers.net:80",
            "server_url": "http://line.premiumpowers.net:80/c/",
            "macs": [
                "00:1A:79:17:06:3E"
            ]
        },
        {
            "server_name": "195.133.192.109:8080",
            "server_url": "http://195.133.192.109:8080/c/",
            "macs": [
                "00:1A:79:32:A8:97",
                "00:1A:79:D6:3F:59"
            ]
        },
        {
            "server_name": "tractcountremote.h1ott.com",
            "server_url": "http://tractcountremote.h1ott.com/c/",
            "macs": [
                "00:1A:79:00:B3:F6",
                "00:1A:79:04:2A:E5",
                "00:1A:79:05:C9:6C",
                "00:1A:79:07:F8:42",
                "00:1A:79:0E:EF:E6",
                "00:1A:79:13:ED:58",
                "00:1A:79:1C:0E:59",
                "00:1A:79:1C:58:56",
                "00:1A:79:2D:D9:1E",
                "00:1A:79:35:61:75",
                "00:1A:79:3E:68:E3",
                "00:1A:79:3E:8B:40",
                "00:1A:79:3E:ED:38",
                "00:1A:79:41:6A:75",
                "00:1A:79:48:62:26",
                "00:1A:79:4A:4D:09",
                "00:1A:79:4A:B2:11",
                "00:1A:79:51:67:28",
                "00:1A:79:56:83:C1",
                "00:1A:79:63:64:32",
                "00:1A:79:65:A3:1E",
                "00:1A:79:65:C1:E8",
                "00:1A:79:6C:9B:74",
                "00:1A:79:6E:13:09",
                "00:1A:79:6F:E5:53",
                "00:1A:79:70:ED:85",
                "00:1A:79:71:63:FB",
                "00:1A:79:76:7F:B9",
                "00:1A:79:76:87:B3",
                "00:1A:79:82:53:46",
                "00:1A:79:A6:7D:88",
                "00:1A:79:AF:0F:1F",
                "00:1A:79:AF:5B:5F",
                "00:1A:79:B3:51:AE",
                "00:1A:79:B7:2D:05",
                "00:1A:79:B8:6A:A6",
                "00:1A:79:BF:5E:17",
                "00:1A:79:BF:E6:B2",
                "00:1A:79:C0:31:A0",
                "00:1A:79:C3:24:15",
                "00:1A:79:D2:D5:2D",
                "00:1A:79:E1:6F:96"
            ]
        }
    ]
}