{
    "items": [
        {
            "server_name": "mag.greatott.me:80",
            "server_url": "http://mag.greatott.me:80/c/",
            "macs": [
                "00:1A:79:00:00:00",
                "00:1A:79:00:10:10",
                "00:1A:79:01:64:3B",
                "00:1A:79:01:9F:5A",
                "00:1A:79:03:00:1B",
                "00:1A:79:04:A7:D4",
                "00:1A:79:04:A9:52",
                "00:1A:79:09:F6:96",
                "00:1A:79:0B:09:DB",
                "00:1A:79:0B:C1:AF",
                "00:1A:79:0E:D7:01"
            ]
        },
        {
            "server_name": "rapid-4k.com",
            "server_url": "http://rapid-4k.com/c/",
            "macs": [
                "00:1A:79:38:1C:AF",
                "00:1A:79:4A:93:39",
                "00:1A:79:4F:A0:F2",
                "00:1A:79:52:E7:16",
                "00:1A:79:59:61:4B",
                "00:1A:79:5A:EE:59",
                "00:1A:79:5E:9A:95",
                "00:1A:79:5E:DC:0F",
                "00:1A:79:7B:97:0A",
                "00:1A:79:A1:D7:F8",
                "00:1A:79:A2:D6:1F",
                "00:1A:79:A3:42:BA",
                "00:1A:79:A5:04:17",
                "00:1A:79:A5:CF:78",
                "00:1A:79:A5:CF:B1",
                "00:1A:79:A5:D9:8A",
                "00:1A:79:A6:1F:61",
                "00:1A:79:A6:1F:6F",
                "00:1A:79:A7:59:F0",
                "00:1A:79:A8:3E:DC",
                "00:1A:79:A9:34:F4",
                "00:1A:79:AC:F0:55",
                "00:1A:79:AF:B2:2A",
                "00:1A:79:B1:37:AD",
                "00:1A:79:B2:AC:2B",
                "00:1A:79:C2:52:52",
                "00:1A:79:FB:12:EF",
                "00:1A:79:FD:0D:A8"
            ]
        },
        {
            "server_name": "portal.entertainmentxl.com:8080",
            "server_url": "http://portal.entertainmentxl.com:8080/c/",
            "macs": [
                "00:1A:79:B9:09:02"
            ]
        },
        {
            "server_name": "datacentar.org:80",
            "server_url": "http://datacentar.org:80/c/",
            "macs": [
                "00:1A:79:2C:0E:86"
            ]
        },
        {
            "server_name": "icetv.shop:8080",
            "server_url": "http://icetv.shop:8080/c/",
            "macs": [
                "00:1A:79:CE:5C:BE"
            ]
        },
        {
            "server_name": "iptvch2.com",
            "server_url": "http://iptvch2.com/c/",
            "macs": [
                "00:1A:79:43:3E:E9",
                "00:1A:79:48:60:EF",
                "00:1A:79:77:17:43",
                "00:1A:79:D3:9C:BC"
            ]
        },
        {
            "server_name": "xpro.one-iptv.com:25443",
            "server_url": "http://xpro.one-iptv.com:25443/c/",
            "macs": [
                "00:1A:79:75:61:E8"
            ]
        },
        {
            "server_name": "89.45.13.153:25461",
            "server_url": "http://89.45.13.153:25461/c/",
            "macs": [
                "00:1A:79:62:42:6E",
                "00:1A:79:99:65:5A"
            ]
        },
        {
            "server_name": "vod.4kplus.org",
            "server_url": "http://vod.4kplus.org/c/",
            "macs": [
                "00:1A:79:B9:6F:CA",
                "00:1A:79:CC:57:A0",
                "00:1A:79:D8:B8:21",
                "00:1A:79:E0:1F:64"
            ]
        },
        {
            "server_name": "buyspamtool.com:8080",
            "server_url": "http://buyspamtool.com:8080/c/",
            "macs": [
                "00:1A:79:90:73:F4"
            ]
        },
        {
            "server_name": "iptv.jinbox.eu:1339",
            "server_url": "http://iptv.jinbox.eu:1339/c/",
            "macs": [
                "00:1A:79:05:E6:B0",
                "00:1A:79:D2:22:48",
                "00:1A:79:F4:F3:1A"
            ]
        },
        {
            "server_name": "sonymax.org:8080",
            "server_url": "http://sonymax.org:8080/c/",
            "macs": [
                "00:1A:79:05:D2:A0",
                "00:1A:79:05:F8:E5",
                "00:1A:79:4D:34:4E",
                "00:1A:79:55:6D:B4",
                "00:1A:79:AA:7D:A8",
                "00:1A:79:D6:95:60"
            ]
        }
    ]
}