{
    "items": [
        {
            "server_name": "flusonic-1.platinum-tv.com:80",
            "server_url": "http://flusonic-1.platinum-tv.com:80/stalker_portal/c/",
            "macs": [
                "00:1A:79:38:ED:38",
                "00:1A:79:5F:50:E7",
                "00:1A:79:72:06:DD",
                "00:1A:79:74:AF:3A",
                "00:1A:79:76:59:4D"
            ]
        },
        {
            "server_name": "mag.trexlive.me",
            "server_url": "http://mag.trexlive.me/c/",
            "macs": [
                "00:1A:79:00:B6:3E",
                "00:1A:79:00:B6:D8",
                "00:1A:79:08:5A:8E",
                "00:1A:79:0F:6F:98",
                "00:1A:79:20:7C:B6",
                "00:1A:79:22:EB:C0",
                "00:1A:79:2A:08:BE",
                "00:1A:79:2A:69:9B",
                "00:1A:79:2B:DD:51",
                "00:1A:79:2D:63:E4",
                "00:1A:79:40:2A:6C",
                "00:1A:79:4D:11:F5",
                "00:1A:79:4F:E1:07",
                "00:1A:79:4F:E1:51",
                "00:1A:79:66:1B:50",
                "00:1A:79:94:CD:87",
                "00:1A:79:AC:8A:81",
                "00:1A:79:B0:CB:98",
                "00:1A:79:B4:C4:12",
                "00:1A:79:B4:E5:55",
                "00:1A:79:B4:E5:74",
                "00:1A:79:B8:34:C0",
                "00:1A:79:BC:68:60",
                "00:1A:79:F0:05:18",
                "00:1A:79:F0:05:1D",
                "00:1A:79:F0:05:27",
                "00:1A:79:F0:05:88"
            ]
        },
        {
            "server_name": "line.tivi-one.net",
            "server_url": "http://line.tivi-one.net/c/",
            "macs": [
                "00:1A:79:00:EA:63",
                "00:1A:79:18:02:CC",
                "00:1A:79:1E:08:90",
                "00:1A:79:30:9F:BE",
                "00:1A:79:55:AB:62",
                "00:1A:79:69:20:98",
                "00:1A:79:A3:D8:04",
                "00:1A:79:A6:47:97",
                "00:1A:79:A7:CE:F3",
                "00:1A:79:AB:54:59",
                "00:1A:79:B9:D7:69",
                "00:1A:79:BA:54:FB",
                "00:1A:79:BE:3C:41",
                "00:1A:79:BF:B6:89",
                "00:1A:79:C0:0D:DD",
                "00:1A:79:C2:8B:1A",
                "00:1A:79:E0:2F:CC",
                "00:1A:79:E3:82:7D",
                "00:1A:79:F1:F3:6F",
                "00:1A:79:F5:0F:1A",
                "00:1A:79:F5:12:51"
            ]
        },
        {
            "server_name": "viriatos.xyz:8080",
            "server_url": "http://viriatos.xyz:8080/c/",
            "macs": [
                "00:1A:79:A9:F6:E9"
            ]
        },
        {
            "server_name": "xpro.one-iptv.com:25443",
            "server_url": "http://xpro.one-iptv.com:25443/c/",
            "macs": [
                "00:1A:79:29:65:2B"
            ]
        },
        {
            "server_name": "tipxpto.club:8080",
            "server_url": "http://tipxpto.club:8080/c/",
            "macs": [
                "00:1A:79:B0:C3:53"
            ]
        },
        {
            "server_name": "vod.4kplus.org",
            "server_url": "http://vod.4kplus.org/c/",
            "macs": [
                "00:1A:79:17:04:AB",
                "00:1A:79:30:9F:C3",
                "00:1A:79:4E:4E:B4",
                "00:1A:79:83:6F:6B",
                "00:1A:79:C5:69:DC",
                "00:1A:79:CA:2F:92"
            ]
        }
    ]
}