{
    "items": [
        {
            "server_name": "tipxpto.club:8080",
            "server_url": "http://tipxpto.club:8080/c/",
            "macs": [
                "00:1A:79:A7:9D:D2",
                "00:1A:79:A9:1F:E6",
                "00:1A:79:C1:A1:86",
                "00:1A:79:C6:A6:3B",
                "00:1A:79:CB:57:DE"
            ]
        },
        {
            "server_name": "vbn123.com:8080",
            "server_url": "http://vbn123.com:8080/c/",
            "macs": [
                "00:1A:79:C1:B5:44",
                "00:1A:79:C1:DD:53",
                "00:1A:79:C7:88:15"
            ]
        },
        {
            "server_name": "5.206.227.184:8080",
            "server_url": "http://5.206.227.184:8080/c/",
            "macs": [
                "00:1A:79:AB:A8:30",
                "00:1A:79:C7:CC:57",
                "00:1A:79:D7:44:20"
            ]
        },
        {
            "server_name": "bigbossman.club",
            "server_url": "http://bigbossman.club/c/",
            "macs": [
                "00:1A:79:A5:2D:2D",
                "00:1A:79:B1:56:57",
                "00:1A:79:BA:49:73",
                "00:1A:79:C3:3F:E0",
                "00:1A:79:C6:4B:38"
            ]
        },
        {
            "server_name": "diyarbekir21.com:8080",
            "server_url": "http://diyarbekir21.com:8080/c/",
            "macs": [
                "00:1A:79:31:C1:8E",
                "00:1A:79:32:9D:09",
                "00:1A:79:3C:1F:E0",
                "00:1A:79:41:E1:FE"
            ]
        },
        {
            "server_name": "liveline.store:8000",
            "server_url": "http://liveline.store:8000/c/",
            "macs": [
                "00:1A:79:01:00:31",
                "00:1A:79:2A:D2:4A",
                "00:1A:79:A2:F9:9E",
                "00:1A:79:EC:C2:BE"
            ]
        },
        {
            "server_name": "new.ivue.co:25461",
            "server_url": "http://new.ivue.co:25461/c/",
            "macs": [
                "00:1A:79:1A:24:63",
                "00:1A:79:3B:56:76",
                "00:1A:79:3E:67:83",
                "00:1A:79:46:68:C4",
                "00:1A:79:46:6B:43",
                "00:1A:79:4A:13:5D",
                "00:1A:79:4F:01:DE",
                "00:1A:79:51:B9:2A",
                "00:1A:79:52:97:78",
                "00:1A:79:53:FE:A1",
                "00:1A:79:54:DB:95",
                "00:1A:79:55:AA:F6",
                "00:1A:79:5B:9A:29",
                "00:1A:79:5D:29:EE",
                "00:1A:79:5D:BF:37",
                "00:1A:79:6A:2C:74",
                "00:1A:79:6B:19:7F",
                "00:1A:79:6B:D1:5F",
                "00:1A:79:6B:D7:91",
                "00:1A:79:70:01:88",
                "00:1A:79:72:96:DE",
                "00:1A:79:73:B5:98",
                "00:1A:79:74:97:4B",
                "00:1A:79:77:5E:84",
                "00:1A:79:77:87:84",
                "00:1A:79:78:16:18",
                "00:1A:79:8A:43:5E",
                "00:1A:79:A3:DA:46",
                "00:1A:79:A4:D5:27",
                "00:1A:79:AA:E9:29",
                "00:1A:79:AF:AD:53",
                "00:1A:79:B8:48:21",
                "00:1A:79:B8:49:AD",
                "00:1A:79:B8:4E:5A",
                "00:1A:79:B8:4E:5C",
                "00:1A:79:B8:4E:61",
                "00:1A:79:B8:4E:76",
                "00:1A:79:BD:5D:E7",
                "00:1A:79:C2:2F:10",
                "00:1A:79:C2:3A:50",
                "00:1A:79:C5:F9:10",
                "00:1A:79:C7:DB:62",
                "00:1A:79:CF:29:A7",
                "00:1A:79:DE:27:60",
                "00:1A:79:E1:DD:F0"
            ]
        },
        {
            "server_name": "stb.homeiptv.org",
            "server_url": "http://stb.homeiptv.org/stalker_portal/c/",
            "macs": [
                "00:1A:79:04:04:C9"
            ]
        },
        {
            "server_name": "185.11.145.188",
            "server_url": "http://185.11.145.188/c/",
            "macs": [
                "00:1A:79:B0:99:5B"
            ]
        },
        {
            "server_name": "kb007.xyz",
            "server_url": "http://kb007.xyz/c/",
            "macs": [
                "00:1A:79:C1:88:7A"
            ]
        },
        {
            "server_name": "bestott.net:80",
            "server_url": "http://bestott.net:80/c/",
            "macs": [
                "00:1A:79:53:3F:C8",
                "00:1A:79:B7:AC:D3"
            ]
        },
        {
            "server_name": "xpone.nl",
            "server_url": "http://xpone.nl/c/",
            "macs": [
                "00:1A:79:02:FE:E3",
                "00:1A:79:0E:24:E5",
                "00:1A:79:17:21:B0",
                "00:1A:79:23:FD:BC",
                "00:1A:79:3B:B1:86",
                "00:1A:79:41:FC:5C",
                "00:1A:79:42:DF:CF",
                "00:1A:79:4E:FA:4A",
                "00:1A:79:61:FD:C9",
                "00:1A:79:72:00:9D",
                "00:1A:79:73:2F:4F",
                "00:1A:79:90:31:FB",
                "00:1A:79:90:85:07",
                "00:1A:79:91:02:5D",
                "00:1A:79:A3:BC:A0",
                "00:1A:79:A4:3F:D5",
                "00:1A:79:A6:6E:9E",
                "00:1A:79:AB:B6:A9",
                "00:1A:79:B0:0D:72",
                "00:1A:79:BA:D6:67",
                "00:1A:79:BC:29:BC",
                "00:1A:79:C3:40:DD",
                "00:1A:79:C7:B2:39",
                "00:1A:79:D0:3F:5D"
            ]
        },
        {
            "server_name": "unblock2.king-box.tv:80",
            "server_url": "http://unblock2.king-box.tv:80/c/",
            "macs": [
                "00:1A:79:69:B7:48",
                "00:1A:79:77:4E:68",
                "00:1A:79:A9:E8:1F",
                "00:1A:79:C5:AF:83",
                "00:1A:79:CF:38:AD"
            ]
        },
        {
            "server_name": "tp.nxdns4.com:8080",
            "server_url": "http://tp.nxdns4.com:8080/c/",
            "macs": [
                "00:1A:79:07:22:0C",
                "00:1A:79:5A:3E:B1",
                "00:1A:79:9A:30:E3",
                "00:1A:79:B6:B2:06",
                "00:1A:79:DC:82:20"
            ]
        },
        {
            "server_name": "kapak.plustvmedia.com",
            "server_url": "http://kapak.plustvmedia.com/c/",
            "macs": [
                "00:1A:79:00:4A:05",
                "00:1A:79:05:F6:D3",
                "00:1A:79:1D:9F:61",
                "00:1A:79:20:8F:0E",
                "00:1A:79:29:3E:70",
                "00:1A:79:2D:92:7C",
                "00:1A:79:2F:03:C6",
                "00:1A:79:35:D5:53",
                "00:1A:79:3B:19:08",
                "00:1A:79:3D:FE:B1",
                "00:1A:79:41:6B:0C",
                "00:1A:79:42:10:50",
                "00:1A:79:44:21:E2",
                "00:1A:79:4A:B8:67",
                "00:1A:79:54:E1:E6",
                "00:1A:79:58:C6:F7",
                "00:1A:79:5D:30:EF",
                "00:1A:79:5E:3E:39",
                "00:1A:79:85:B8:9E",
                "00:1A:79:A9:2A:2D",
                "00:1A:79:AE:3C:A6",
                "00:1A:79:B0:B8:10",
                "00:1A:79:BD:44:3C",
                "00:1A:79:BD:7B:CF",
                "00:1A:79:BF:7F:EF",
                "00:1A:79:C1:F5:8F",
                "00:1A:79:C1:FB:B5",
                "00:1A:79:C3:C3:5C",
                "00:1A:79:C4:34:83",
                "00:1A:79:D6:7F:0B",
                "00:1A:79:F7:70:2F",
                "00:1A:79:FB:00:F2"
            ]
        }
    ]
}