{
    "items": [
        {
            "server_name": "154.16.143.181:8080",
            "server_url": "http://154.16.143.181:8080/c/",
            "macs": [
                "00:1A:79:06:00:4A",
                "00:1A:79:3B:16:7A",
                "00:1A:79:5B:F0:28",
                "00:1A:79:61:6B:BB",
                "00:1A:79:67:92:85",
                "00:1A:79:BE:BC:3A",
                "00:1A:79:DC:E0:F2"
            ]
        },
        {
            "server_name": "62.210.181.102:8080",
            "server_url": "http://62.210.181.102:8080/c/",
            "macs": [
                "00:1A:79:00:76:74",
                "00:1A:79:00:AF:D8",
                "00:1A:79:18:03:01",
                "00:1A:79:2E:7D:AF",
                "00:1A:79:37:10:D9",
                "00:1A:79:3D:5C:5A",
                "00:1A:79:40:08:52",
                "00:1A:79:40:55:0D",
                "00:1A:79:40:55:72",
                "00:1A:79:40:8D:55",
                "00:1A:79:40:F3:BE",
                "00:1A:79:42:C3:61",
                "00:1A:79:43:47:7E",
                "00:1A:79:5A:46:E8",
                "00:1A:79:5F:01:E3",
                "00:1A:79:63:01:A3",
                "00:1A:79:6A:04:DD",
                "00:1A:79:AA:BC:F2",
                "00:1A:79:AB:5A:15",
                "00:1A:79:AF:76:35",
                "00:1A:79:B0:48:75",
                "00:1A:79:B8:7B:EC",
                "00:1A:79:B9:9B:38",
                "00:1A:79:BD:85:DF"
            ]
        },
        {
            "server_name": "45.11.57.142",
            "server_url": "http://45.11.57.142/c/",
            "macs": [
                "00:1A:79:4E:33:5B"
            ]
        },
        {
            "server_name": "89.45.13.153:25461",
            "server_url": "http://89.45.13.153:25461/c/",
            "macs": [
                "00:1A:79:52:0E:4B",
                "00:1A:79:98:05:AA",
                "00:1A:79:AE:7E:50"
            ]
        },
        {
            "server_name": "zupanet.live:8080",
            "server_url": "http://zupanet.live:8080/c/",
            "macs": [
                "00:1A:79:08:7D:F4",
                "00:1A:79:10:66:37",
                "00:1A:79:42:46:E1",
                "00:1A:79:46:5B:7E",
                "00:1A:79:49:C1:09",
                "00:1A:79:59:C9:BE",
                "00:1A:79:74:34:6D",
                "00:1A:79:A4:89:BB",
                "00:1A:79:AB:A4:84",
                "00:1A:79:BA:53:05",
                "00:1A:79:C8:4F:47",
                "00:1A:79:F6:57:2F"
            ]
        },
        {
            "server_name": "fortv.cc:8080",
            "server_url": "http://fortv.cc:8080/c/",
            "macs": [
                "00:1A:79:46:3B:75"
            ]
        },
        {
            "server_name": "datacentar.org",
            "server_url": "http://datacentar.org/c/",
            "macs": [
                "00:1A:79:4E:93:AA",
                "00:1A:79:CE:A7:5C"
            ]
        },
        {
            "server_name": "p1.uiop.tv:8037",
            "server_url": "http://p1.uiop.tv:8037/stalker_portal/c/",
            "macs": [
                "00:1A:79:36:19:47",
                "00:1A:79:48:B8:74",
                "00:1A:79:49:36:EF",
                "00:1A:79:55:26:94",
                "00:1A:79:55:27:FD",
                "00:1A:79:55:4D:FB",
                "00:1A:79:60:25:BC",
                "00:1A:79:76:78:56",
                "00:1A:79:98:2C:DE"
            ]
        },
        {
            "server_name": "new.ivue.co:25461",
            "server_url": "http://new.ivue.co:25461/c/",
            "macs": [
                "00:1A:79:E4:91:33"
            ]
        },
        {
            "server_name": "tvizle.nl:8080",
            "server_url": "http://tvizle.nl:8080/c/",
            "macs": [
                "00:1A:79:07:BC:1F",
                "00:1A:79:08:43:7A",
                "00:1A:79:C8:51:CF"
            ]
        },
        {
            "server_name": "isam.homelinux.com",
            "server_url": "http://isam.homelinux.com/c/",
            "macs": [
                "00:1A:79:A2:41:E6",
                "00:1A:79:A3:E6:89",
                "00:1A:79:A3:E9:94",
                "00:1A:79:A3:EB:00",
                "00:1A:79:A3:ED:96",
                "00:1A:79:A4:10:48",
                "00:1A:79:A6:85:B5",
                "00:1A:79:A7:03:09",
                "00:1A:79:A7:12:50",
                "00:1A:79:A7:12:71",
                "00:1A:79:A7:18:70",
                "00:1A:79:A7:1A:57",
                "00:1A:79:A7:1C:54",
                "00:1A:79:A7:1D:13",
                "00:1A:79:A7:21:E8",
                "00:1A:79:B0:7C:21",
                "00:1A:79:B0:7C:E7",
                "00:1A:79:B0:7D:22",
                "00:1A:79:B0:81:41",
                "00:1A:79:B0:85:5D",
                "00:1A:79:B0:88:2E",
                "00:1A:79:B1:AC:D1",
                "00:1A:79:B1:B0:B2",
                "00:1A:79:B1:B1:18",
                "00:1A:79:B1:B1:D2",
                "00:1A:79:B1:B1:F1",
                "00:1A:79:B1:B2:18",
                "00:1A:79:B1:B3:FA",
                "00:1A:79:B1:B6:7E",
                "00:1A:79:B1:BA:03",
                "00:1A:79:B1:BA:35",
                "00:1A:79:B1:BC:DA",
                "00:1A:79:BB:AC:23",
                "00:1A:79:BB:B6:33",
                "00:1A:79:BB:BD:C5",
                "00:1A:79:BD:FE:CE",
                "00:1A:79:CA:A5:03",
                "00:1A:79:CA:A8:C2",
                "00:1A:79:CA:AA:21",
                "00:1A:79:CA:AC:D1",
                "00:1A:79:CA:B1:D1",
                "00:1A:79:CA:B8:8E",
                "00:1A:79:CA:B9:40",
                "00:1A:79:CA:BC:56",
                "00:1A:79:CA:C5:11",
                "00:1A:79:CA:C7:7B",
                "00:1A:79:CA:C8:5E"
            ]
        },
        {
            "server_name": "45.139.122.199:8080",
            "server_url": "http://45.139.122.199:8080/c/",
            "macs": [
                "00:1A:79:51:7C:98",
                "00:1A:79:5D:84:35",
                "00:1A:79:B7:2C:B4",
                "00:1A:79:BA:28:ED",
                "00:1A:79:BA:A8:71",
                "00:1A:79:C0:15:A9",
                "00:1A:79:C0:82:95",
                "00:1A:79:C6:E7:EC",
                "00:1A:79:C8:F3:55",
                "00:1A:79:F2:B7:AB"
            ]
        },
        {
            "server_name": "pxy.proxytx.cloud",
            "server_url": "http://pxy.proxytx.cloud/c/",
            "macs": [
                "00:1A:79:02:A7:35",
                "00:1A:79:06:14:D2",
                "00:1A:79:18:0A:AE",
                "00:1A:79:18:1F:85",
                "00:1A:79:1C:07:39",
                "00:1A:79:1C:15:41",
                "00:1A:79:1E:07:8F",
                "00:1A:79:21:2F:89",
                "00:1A:79:26:65:3A",
                "00:1A:79:3A:A1:99",
                "00:1A:79:40:57:CF",
                "00:1A:79:5E:69:37",
                "00:1A:79:62:B3:A0",
                "00:1A:79:6E:C9:06",
                "00:1A:79:76:80:F3",
                "00:1A:79:7E:9F:92",
                "00:1A:79:88:A5:0F",
                "00:1A:79:A1:CA:59",
                "00:1A:79:AA:6E:1E",
                "00:1A:79:B2:41:1F",
                "00:1A:79:B4:E6:84",
                "00:1A:79:B5:0F:C5",
                "00:1A:79:B8:C2:1C",
                "00:1A:79:C1:46:91",
                "00:1A:79:C1:51:51",
                "00:1A:79:C1:53:4A",
                "00:1A:79:C2:AB:69",
                "00:1A:79:C3:EA:A3",
                "00:1A:79:C5:33:E8",
                "00:1A:79:C6:E7:EC",
                "00:1A:79:E2:8E:A3",
                "00:1A:79:E5:A6:E9",
                "00:1A:79:E6:B6:03",
                "00:1A:79:E7:02:04",
                "00:1A:79:EF:13:5D"
            ]
        }
    ]
}