{
    "items": [
        {
            "server_name": "4connect.link",
            "server_url": "http://4connect.link/c/",
            "macs": [
                "00:1A:79:77:C6:9E",
                "00:1A:79:78:58:AE",
                "00:1A:79:78:78:C4",
                "00:1A:79:79:D2:FB",
                "00:1A:79:B0:57:56",
                "00:1A:79:B8:BD:80",
                "00:1A:79:C6:DC:6A"
            ]
        },
        {
            "server_name": "royallivetv.club",
            "server_url": "http://royallivetv.club/c/",
            "macs": [
                "00:1A:79:4E:3F:E7",
                "00:1A:79:68:D9:82",
                "00:1A:79:B7:3D:73",
                "00:1A:79:C0:28:36"
            ]
        },
        {
            "server_name": "ip.sltv.xyz:8080",
            "server_url": "http://ip.sltv.xyz:8080/c/",
            "macs": [
                "00:1A:79:30:34:35",
                "00:1A:79:34:D0:CC",
                "00:1A:79:36:38:D0",
                "00:1A:79:36:98:C7",
                "00:1A:79:3A:B6:66",
                "00:1A:79:43:E9:63"
            ]
        },
        {
            "server_name": "anonymoustv.club",
            "server_url": "http://anonymoustv.club/c/",
            "macs": [
                "00:1A:79:00:09:88",
                "00:1A:79:57:1C:87",
                "00:1A:79:70:AD:A1",
                "00:1A:79:73:E2:B1",
                "00:1A:79:B5:1F:AE"
            ]
        },
        {
            "server_name": "45.139.122.199:80",
            "server_url": "http://45.139.122.199:80/c/",
            "macs": [
                "00:1A:79:3D:CB:42",
                "00:1A:79:45:73:99",
                "00:1A:79:68:2D:55",
                "00:1A:79:A9:F3:8F",
                "00:1A:79:B5:0E:03",
                "00:1A:79:BF:93:4E",
                "00:1A:79:BF:CE:D5",
                "10:27:BE:0D:90:15"
            ]
        },
        {
            "server_name": "eu.majes-line.co:80",
            "server_url": "http://eu.majes-line.co:80/c/",
            "macs": [
                "00:1A:79:00:3D:5F",
                "00:1A:79:40:10:08",
                "00:1A:79:9B:62:59",
                "00:1A:79:F5:6D:23",
                "00:1A:79:FC:1F:65"
            ]
        },
        {
            "server_name": "ottshow.net:80",
            "server_url": "http://ottshow.net:80/c/",
            "macs": [
                "00:1A:79:58:C9:C6"
            ]
        },
        {
            "server_name": "stb.vooiptv.com:8000",
            "server_url": "http://stb.vooiptv.com:8000/c/",
            "macs": [
                "00:1A:79:B1:72:A9"
            ]
        },
        {
            "server_name": "dino.proxytx.cloud:80",
            "server_url": "http://dino.proxytx.cloud:80/c/",
            "macs": [
                "00:1A:79:A4:CA:E6",
                "00:1A:79:B5:29:5C"
            ]
        },
        {
            "server_name": "watchtv.best:80",
            "server_url": "http://watchtv.best:80/c/",
            "macs": [
                "00:1A:79:A1:BB:82"
            ]
        }
    ]
}