{
    "items": [
        {
            "server_name": "ottsansat.org:88",
            "server_url": "http://ottsansat.org:88/c/",
            "macs": [
                "00:1A:79:39:07:0A",
                "00:1A:79:46:71:86",
                "00:1A:79:50:31:23",
                "00:1A:79:6F:B0:2C",
                "00:1A:79:8F:95:B0",
                "00:1A:79:A7:4F:72",
                "00:1A:79:BF:57:91",
                "00:1A:79:F4:7B:5E"
            ]
        },
        {
            "server_name": "espan.bleutv.net:2089",
            "server_url": "http://espan.bleutv.net:2089/c/",
            "macs": [
                "00:1A:79:A5:D0:6F"
            ]
        },
        {
            "server_name": "mag.ezeiptv.itv.world:80",
            "server_url": "http://mag.ezeiptv.itv.world:80/c/",
            "macs": [
                "00:1A:79:58:15:0C",
                "00:1A:79:58:15:18",
                "00:1A:79:66:4E:94"
            ]
        },
        {
            "server_name": "tvclub.pro",
            "server_url": "http://tvclub.pro/stalker_portal/c/",
            "macs": [
                "00:1A:79:24:7F:3B",
                "00:1A:79:34:3D:7C",
                "00:1A:79:4E:FA:EC",
                "00:1A:79:6D:08:75",
                "00:1A:79:73:9E:79",
                "00:1A:79:76:7E:96"
            ]
        },
        {
            "server_name": "blueassworldtv.ddns.net:8000",
            "server_url": "http://blueassworldtv.ddns.net:8000/c/",
            "macs": [
                "00:1A:79:50:DF:88",
                "00:1A:79:64:F3:56"
            ]
        },
        {
            "server_name": "hdlocal.de:8080",
            "server_url": "http://hdlocal.de:8080/c/",
            "macs": [
                "00:1A:79:5E:F6:E9"
            ]
        },
        {
            "server_name": "memotv.xyz:8080",
            "server_url": "http://memotv.xyz:8080/c/",
            "macs": [
                "00:1A:79:63:87:02"
            ]
        },
        {
            "server_name": "portalshqip.eu:8080",
            "server_url": "http://portalshqip.eu:8080/c/",
            "macs": [
                "00:1A:79:5D:E5:74"
            ]
        },
        {
            "server_name": "tv.29hosting.com",
            "server_url": "http://tv.29hosting.com/c/",
            "macs": [
                "00:1A:79:23:F5:37",
                "00:1A:79:2A:E2:53",
                "00:1A:79:4B:89:56",
                "00:1A:79:6B:1C:7D",
                "00:1A:79:6D:08:75",
                "00:1A:79:71:4C:82",
                "00:1A:79:71:B1:20"
            ]
        }
    ]
}