{
    "items": [
        {
            "server_name": "backminis.xyz:80",
            "server_url": "http://backminis.xyz:80/stalker_portal/c/",
            "macs": [
                "00:1A:79:00:DA:B2"
            ]
        },
        {
            "server_name": "xpone.nl:80",
            "server_url": "http://xpone.nl:80/c/",
            "macs": [
                "00:1A:79:28:1F:91",
                "00:1A:79:40:1A:89",
                "00:1A:79:43:81:DC",
                "00:1A:79:50:1A:F0",
                "00:1A:79:A2:0A:65",
                "00:1A:79:A5:34:14",
                "00:1A:79:A6:7C:4C",
                "00:1A:79:C3:2C:22"
            ]
        },
        {
            "server_name": "play.zee5.live",
            "server_url": "http://play.zee5.live/stalker_portal/c/",
            "macs": [
                "00:1A:79:7C:B1:17",
                "00:1A:79:C8:5C:39",
                "00:1A:79:D6:9D:C6",
                "00:1A:79:FE:85:DD"
            ]
        },
        {
            "server_name": "ip.king-cobra.eu:8080",
            "server_url": "http://ip.king-cobra.eu:8080/c/",
            "macs": [
                "00:1A:79:17:2E:B6",
                "00:1A:79:2A:D2:B1",
                "00:1A:79:58:64:8D",
                "00:1A:79:6A:04:33",
                "00:1A:79:72:12:77",
                "00:1A:79:7A:01:40",
                "00:1A:79:93:75:B8",
                "00:1A:79:A4:0E:2C",
                "00:1A:79:AE:41:3D",
                "00:1A:79:B7:BD:66"
            ]
        }
    ]
}