{
    "items": [
        {
            "server_name": "mol-2.com:8080",
            "server_url": "http://mol-2.com:8080/c/",
            "macs": [
                "00:1A:79:4C:7F:A1",
                "00:1A:79:A7:E6:59",
                "00:1A:79:B3:78:BD",
                "00:1A:79:B3:C8:7A",
                "00:1A:79:C2:97:44",
                "00:1A:79:CA:F1:72"
            ]
        },
        {
            "server_name": "jokermedia.live:8090",
            "server_url": "http://jokermedia.live:8090/c/",
            "macs": [
                "00:1A:79:35:A5:B2",
                "00:1A:79:73:AE:AC",
                "00:1A:79:76:76:1F",
                "00:1A:79:B2:26:81",
                "00:1A:79:C8:15:F8"
            ]
        },
        {
            "server_name": "mxu03.wanicelife.com:8880",
            "server_url": "http://mxu03.wanicelife.com:8880/c/",
            "macs": [
                "00:1A:79:AA:4B:B9"
            ]
        },
        {
            "server_name": "youtubecdn.watch:8080",
            "server_url": "http://youtubecdn.watch:8080/c/",
            "macs": [
                "00:1A:79:A1:A6:FD"
            ]
        },
        {
            "server_name": "heretv.club",
            "server_url": "http://heretv.club/c/",
            "macs": [
                "00:1A:79:77:84:81"
            ]
        },
        {
            "server_name": "starshare.live:8080",
            "server_url": "http://starshare.live:8080/c/",
            "macs": [
                "00:1A:79:43:21:95",
                "00:1A:79:49:A6:F4",
                "00:1A:79:6E:8B:87",
                "00:1A:79:99:0A:F5",
                "00:1A:79:B6:5F:5C",
                "00:1A:79:E2:60:34"
            ]
        },
        {
            "server_name": "plustv.ws:80",
            "server_url": "http://plustv.ws:80/c/",
            "macs": [
                "00:1A:79:0A:5F:62",
                "00:1A:79:32:1F:BE",
                "00:1A:79:36:9F:A9",
                "00:1A:79:51:5F:17",
                "00:1A:79:A7:BB:19",
                "00:1A:79:CA:0F:C3"
            ]
        }
    ]
}