{
    "items": [
        {
            "server_name": "backminis.xyz:80",
            "server_url": "http://backminis.xyz:80/stalker_portal/c/",
            "macs": [
                "00:1A:79:00:DA:B2"
            ]
        },
        {
            "server_name": "keycdn.co:8880",
            "server_url": "http://keycdn.co:8880/c/",
            "macs": [
                "00:1A:79:0F:2C:38",
                "00:1A:79:11:48:80",
                "00:1A:79:15:B9:E0",
                "00:1A:79:18:7A:E9",
                "00:1A:79:4E:FE:5A",
                "00:1A:79:53:64:35",
                "00:1A:79:57:84:38",
                "00:1A:79:57:88:96",
                "00:1A:79:58:16:5B",
                "00:1A:79:58:7C:2B"
            ]
        },
        {
            "server_name": "mag.alternate-1.online",
            "server_url": "http://mag.alternate-1.online/c/",
            "macs": [
                "00:1A:79:C4:16:F5"
            ]
        },
        {
            "server_name": "ottsansat.org:88",
            "server_url": "http://ottsansat.org:88/c/",
            "macs": [
                "00:1A:79:50:31:23"
            ]
        },
        {
            "server_name": "redline.rodaslive.net:8080",
            "server_url": "http://redline.rodaslive.net:8080/c/",
            "macs": [
                "00:1A:79:29:57:72"
            ]
        },
        {
            "server_name": "tornado.netlink4.com:8080",
            "server_url": "http://tornado.netlink4.com:8080/c/",
            "macs": [
                "00:1A:79:40:38:05"
            ]
        },
        {
            "server_name": "flix12.site:8080",
            "server_url": "http://flix12.site:8080/c/",
            "macs": [
                "00:1A:79:32:4D:F9",
                "00:1A:79:36:54:D9",
                "00:1A:79:38:68:A4",
                "00:1A:79:39:A3:56",
                "00:1A:79:44:C7:DB"
            ]
        },
        {
            "server_name": "revteam4.offshorerev.cc",
            "server_url": "http://revteam4.offshorerev.cc/c/",
            "macs": [
                "00:1A:79:32:47:33",
                "00:1A:79:32:8D:F6",
                "00:1A:79:32:95:47",
                "00:1A:79:32:D4:11",
                "00:1A:79:32:D4:12",
                "00:1A:79:32:F6:8F",
                "00:1A:79:32:FD:21",
                "00:1A:79:34:23:6A",
                "00:1A:79:34:3C:67",
                "00:1A:79:39:54:EB",
                "00:1A:79:48:A6:48"
            ]
        },
        {
            "server_name": "tv.tvzon.tv",
            "server_url": "http://tv.tvzon.tv/stalker_portal/c/",
            "macs": [
                "00:1A:79:BD:73:0B"
            ]
        },
        {
            "server_name": "vod.4kplus.org",
            "server_url": "http://vod.4kplus.org/c/",
            "macs": [
                "00:1A:79:30:8F:27",
                "00:1A:79:30:8F:2B",
                "00:1A:79:30:8F:C4",
                "00:1A:79:30:8F:DA",
                "00:1A:79:32:0F:32",
                "00:1A:79:32:0F:DE"
            ]
        },
        {
            "server_name": "iptvline.ddns.net:80",
            "server_url": "http://iptvline.ddns.net:80/c/",
            "macs": [
                "00:1A:79:00:02:B2",
                "00:1A:79:1C:10:C5",
                "00:1A:79:21:97:9F",
                "00:1A:79:51:48:55",
                "00:1A:79:5E:3B:8E",
                "00:1A:79:75:1F:33",
                "00:1A:79:77:DA:4F",
                "00:1A:79:79:72:22",
                "00:1A:79:79:93:B7",
                "00:1A:79:91:8C:F4",
                "00:1A:79:97:13:D2",
                "00:1A:79:9C:38:16",
                "00:1A:79:B4:AC:DD",
                "00:1A:79:B6:80:93",
                "00:1A:79:C6:74:C7",
                "00:1A:79:C7:77:71",
                "00:1A:79:D5:76:68",
                "00:1A:79:E5:B0:74"
            ]
        }
    ]
}