{
    "items": [
        {
            "server_name": "letmein.fun:8080",
            "server_url": "http://letmein.fun:8080/c/",
            "macs": [
                "00:1A:79:54:D4:C8"
            ]
        },
        {
            "server_name": "46.175.129.168:8080",
            "server_url": "http://46.175.129.168:8080/c/",
            "macs": [
                "00:1A:79:00:00:00"
            ]
        },
        {
            "server_name": "host-aurora.vip:8000",
            "server_url": "http://host-aurora.vip:8000/c/",
            "macs": [
                "00:1A:79:7F:5F:8F",
                "00:1A:79:A2:4A:64",
                "00:1A:79:B5:58:0A"
            ]
        },
        {
            "server_name": "king.viviotv.xyz:80",
            "server_url": "http://king.viviotv.xyz:80/c/",
            "macs": [
                "00:1A:79:15:67:C6",
                "00:1A:79:1C:02:86",
                "00:1A:79:24:82:D7",
                "00:1A:79:55:15:CD",
                "00:1A:79:6D:BE:0A",
                "00:1A:79:77:6C:F3",
                "00:1A:79:78:DD:6C",
                "00:1A:79:B6:B5:39",
                "00:1A:79:C3:A9:48",
                "00:1A:79:C5:13:1E"
            ]
        },
        {
            "server_name": "live.lynxiptv.xyz:80",
            "server_url": "http://live.lynxiptv.xyz:80/c/",
            "macs": [
                "00:1A:79:39:9E:37",
                "00:1A:79:5D:4F:A8",
                "00:1A:79:85:65:84",
                "00:1A:79:87:F4:D6",
                "00:1A:79:9B:13:EB",
                "00:1A:79:A4:F9:F4",
                "00:1A:79:A7:69:50",
                "00:1A:79:A7:8B:ED",
                "00:1A:79:A8:76:E5",
                "00:1A:79:A8:77:D7",
                "00:1A:79:A8:95:A5",
                "00:1A:79:A8:A2:5F",
                "00:1A:79:A8:A7:C8",
                "00:1A:79:A9:35:A6",
                "00:1A:79:A9:44:25",
                "00:1A:79:A9:A0:9D",
                "00:1A:79:AA:FA:CA",
                "00:1A:79:AC:95:86",
                "00:1A:79:AC:AC:6B",
                "00:1A:79:AC:E9:38",
                "00:1A:79:AF:FE:6F"
            ]
        }
    ]
}