{
    "items": [
        {
            "server_name": "foxvpn.vip",
            "server_url": "http://foxvpn.vip/c/",
            "macs": [
                "00:1A:79:45:BE:7B",
                "00:1A:79:4E:77:F9",
                "00:1A:79:54:D8:B5",
                "00:1A:79:5F:E0:5D",
                "00:1A:79:71:3A:45",
                "00:1A:79:96:34:36",
                "00:1A:79:9B:87:50",
                "00:1A:79:A7:EE:B6",
                "00:1A:79:A9:71:9F",
                "00:1A:79:AB:19:A6",
                "00:1A:79:AD:EE:5A",
                "00:1A:79:AD:FE:36",
                "00:1A:79:C2:3D:8E",
                "00:1A:79:C5:28:56"
            ]
        },
        {
            "server_name": "001004.eu:8080",
            "server_url": "http://001004.eu:8080/c/",
            "macs": [
                "00:1A:79:A3:FE:56",
                "00:1A:79:A7:AB:65",
                "00:1A:79:A7:D8:7A",
                "00:1A:79:AC:C5:59",
                "00:1A:79:AD:39:0B",
                "00:1A:79:AD:A0:B1",
                "00:1A:79:AD:AA:4B",
                "00:1A:79:AF:63:7C",
                "00:1A:79:AF:64:41",
                "00:1A:79:B0:B5:E0",
                "00:1A:79:B8:7E:3D",
                "00:1A:79:B9:00:03",
                "00:1A:79:BB:38:4A",
                "00:1A:79:BB:40:A5",
                "00:1A:79:BD:4B:7D"
            ]
        },
        {
            "server_name": "fpro.webvps.de:25443",
            "server_url": "http://fpro.webvps.de:25443/c/",
            "macs": [
                "00:1A:79:73:3E:52"
            ]
        },
        {
            "server_name": "minnm8544de.lstv.win:8080",
            "server_url": "http://minnm8544de.lstv.win:8080/c/",
            "macs": [
                "00:1A:79:45:28:40"
            ]
        },
        {
            "server_name": "ipc.proipciptv.com:8000",
            "server_url": "http://ipc.proipciptv.com:8000/c/",
            "macs": [
                "00:1A:79:96:9B:40"
            ]
        },
        {
            "server_name": "humiptv.live:8080",
            "server_url": "http://humiptv.live:8080/c/",
            "macs": [
                "00:1A:79:48:27:85",
                "00:1A:79:78:EE:78"
            ]
        },
        {
            "server_name": "hg.speedtestmt.com",
            "server_url": "http://hg.speedtestmt.com/c/",
            "macs": [
                "00:1A:79:10:17:7F",
                "00:1A:79:1A:8D:6E",
                "00:1A:79:41:A8:8E",
                "00:1A:79:64:BB:04",
                "00:1A:79:71:07:3B"
            ]
        },
        {
            "server_name": "nightmare-tv.xyz:8080",
            "server_url": "http://nightmare-tv.xyz:8080/c/",
            "macs": [
                "00:1A:79:01:6E:C4",
                "00:1A:79:08:42:A7",
                "00:1A:79:08:48:F6",
                "00:1A:79:08:4E:FA",
                "00:1A:79:08:51:DD",
                "00:1A:79:08:EF:1F",
                "00:1A:79:70:34:9C",
                "00:1A:79:A0:E5:C2",
                "00:1A:79:A0:FD:5C",
                "00:1A:79:AA:5B:9A",
                "00:1A:79:B9:0A:87",
                "00:1A:79:C2:7C:BF"
            ]
        },
        {
            "server_name": "zupanet.live:8080",
            "server_url": "http://zupanet.live:8080/c/",
            "macs": [
                "00:1A:79:03:0C:CF",
                "00:1A:79:05:ED:BF",
                "00:1A:79:2C:C5:34",
                "00:1A:79:5D:E5:05",
                "00:1A:79:60:0D:D9",
                "00:1A:79:64:D2:22",
                "00:1A:79:8A:95:61",
                "00:1A:79:9C:13:35",
                "00:1A:79:AF:0F:94",
                "00:1A:79:BA:3C:CD",
                "00:1A:79:C8:0A:11",
                "00:1A:79:DC:78:9D",
                "00:1A:79:E4:66:B6"
            ]
        }
    ]
}