{
    "items": [
        {
            "server_name": "ampify30.xyz:8080",
            "server_url": "http://ampify30.xyz:8080/c/",
            "macs": [
                "00:1A:79:4C:D1:F3",
                "00:1A:79:57:C7:49",
                "00:1A:79:63:B6:5E",
                "00:1A:79:78:E9:EE",
                "00:1A:79:A3:B3:56",
                "00:1A:79:AD:77:99",
                "00:1A:79:B3:AB:A8",
                "00:1A:79:B4:44:E6",
                "00:1A:79:B5:10:24",
                "00:1A:79:B5:1A:A4",
                "00:1A:79:B5:B5:60",
                "00:1A:79:B7:4F:59",
                "00:1A:79:B7:58:D1",
                "00:1A:79:B8:6E:99",
                "00:1A:79:BC:39:D7",
                "00:1A:79:BC:DF:E6",
                "00:1A:79:BE:55:3B",
                "00:1A:79:BE:71:C7",
                "00:1A:79:BF:25:F5",
                "00:1A:79:BF:A4:83",
                "00:1A:79:C0:DF:6B",
                "00:1A:79:C4:32:8B",
                "00:1A:79:C6:E3:CF",
                "00:1A:79:C8:66:4B",
                "00:1A:79:FB:8B:99"
            ]
        },
        {
            "server_name": "watch.push4k.tv",
            "server_url": "http://watch.push4k.tv/stalker_portal/c/",
            "macs": [
                "00:1A:79:09:87:93",
                "00:1A:79:36:6F:1D",
                "00:1A:79:3C:F7:AC",
                "00:1A:79:43:19:E5",
                "00:1A:79:43:57:3A",
                "00:1A:79:44:4D:0B",
                "00:1A:79:49:6B:D1",
                "00:1A:79:4A:2A:68",
                "00:1A:79:4A:B5:F5",
                "00:1A:79:4C:7D:BE",
                "00:1A:79:53:62:DB",
                "00:1A:79:55:08:6E",
                "00:1A:79:5E:F6:19",
                "00:1A:79:61:19:3B",
                "00:1A:79:63:5C:94",
                "00:1A:79:68:FE:77",
                "00:1A:79:73:71:27",
                "00:1A:79:73:75:75",
                "00:1A:79:76:7E:A0",
                "00:1A:79:95:96:F6",
                "00:1A:79:BD:B0:02",
                "00:1A:79:CB:E9:91",
                "00:1A:79:D9:4D:5E",
                "00:1A:79:E2:EA:CB",
                "00:1A:79:FB:1F:23"
            ]
        },
        {
            "server_name": "foxx-tv.com:9600",
            "server_url": "http://foxx-tv.com:9600/c/",
            "macs": [
                "00:1A:79:22:1D:10",
                "00:1A:79:58:19:22",
                "00:1A:79:5E:36:51",
                "00:1A:79:63:AD:0F",
                "00:1A:79:66:1D:5C",
                "00:1A:79:74:C7:5A",
                "00:1A:79:AB:C5:B2",
                "00:1A:79:B2:33:79",
                "00:1A:79:B2:36:35",
                "00:1A:79:B2:3C:7B",
                "00:1A:79:B3:1C:95",
                "00:1A:79:B6:69:11",
                "00:1A:79:B6:6C:52",
                "00:1A:79:BA:77:B9",
                "00:1A:79:BC:D1:73",
                "00:1A:79:BD:31:D0",
                "00:1A:79:BD:99:FD",
                "00:1A:79:BE:59:32",
                "00:1A:79:BE:8C:59",
                "00:1A:79:BF:36:97",
                "00:1A:79:BF:3B:3C",
                "00:1A:79:BF:FC:D5",
                "00:1A:79:C3:AC:5E",
                "00:1A:79:C3:BC:95",
                "00:1A:79:C3:C5:CC"
            ]
        }
    ]
}