{
    "items": [
        {
            "server_name": "watch.push4k.tv",
            "server_url": "http://watch.push4k.tv/stalker_portal/c/",
            "macs": [
                "00:1A:79:00:29:F8",
                "00:1A:79:02:0A:7B",
                "00:1A:79:03:22:7D",
                "00:1A:79:06:8F:58",
                "00:1A:79:06:A4:11",
                "00:1A:79:08:70:4E",
                "00:1A:79:0A:67:ED",
                "00:1A:79:0C:D9:83",
                "00:1A:79:0D:C2:D6",
                "00:1A:79:11:39:D1",
                "00:1A:79:11:70:5B",
                "00:1A:79:11:D8:F8",
                "00:1A:79:13:BB:73",
                "00:1A:79:13:C1:15",
                "00:1A:79:15:20:B3",
                "00:1A:79:15:66:A2",
                "00:1A:79:17:37:3A",
                "00:1A:79:1B:47:52",
                "00:1A:79:20:5A:87",
                "00:1A:79:21:32:E4",
                "00:1A:79:2C:7D:6C",
                "00:1A:79:2E:AE:2A",
                "00:1A:79:33:6C:F7",
                "00:1A:79:36:4B:CF",
                "00:1A:79:3C:9F:76",
                "00:1A:79:4C:8C:39",
                "00:1A:79:53:BD:25",
                "00:1A:79:55:73:B7",
                "00:1A:79:56:E3:89",
                "00:1A:79:57:E4:7C",
                "00:1A:79:5A:E9:0D",
                "00:1A:79:5B:BC:6C",
                "00:1A:79:5D:10:D2",
                "00:1A:79:5D:3A:D5",
                "00:1A:79:5F:53:3D",
                "00:1A:79:61:D0:2F",
                "00:1A:79:6C:B1:CA",
                "00:1A:79:7C:9F:E1",
                "00:1A:79:80:A9:27",
                "00:1A:79:84:E3:14",
                "00:1A:79:8A:56:25",
                "00:1A:79:91:84:99",
                "00:1A:79:97:43:33",
                "00:1A:79:A2:D1:48",
                "00:1A:79:A5:14:EF",
                "00:1A:79:B4:5B:67",
                "00:1A:79:CF:8D:41",
                "00:1A:79:D3:17:CD",
                "00:1A:79:D3:64:C3",
                "00:1A:79:E0:B0:F4",
                "00:1A:79:E2:35:63",
                "00:1A:79:F4:3E:15"
            ]
        },
        {
            "server_name": "atg100.xyz:80",
            "server_url": "http://atg100.xyz:80/c/",
            "macs": [
                "00:1A:79:36:18:91",
                "00:1A:79:77:9F:84",
                "00:1A:79:90:01:BB",
                "00:1A:79:D8:B5:37",
                "00:1A:79:DC:67:E9"
            ]
        },
        {
            "server_name": "line.iseepremium.com:80",
            "server_url": "http://line.iseepremium.com:80/c/",
            "macs": [
                "00:1A:79:00:00:11"
            ]
        },
        {
            "server_name": "line.rs6ott.com:80",
            "server_url": "http://line.rs6ott.com:80/c/",
            "macs": [
                "00:1A:79:4F:AC:95",
                "00:1A:79:99:DD:D6"
            ]
        },
        {
            "server_name": "eu.majes-line.co:80",
            "server_url": "http://eu.majes-line.co:80/c/",
            "macs": [
                "00:1A:79:00:3D:5F",
                "00:1A:79:02:05:AA",
                "00:1A:79:05:1A:51",
                "00:1A:79:1E:E8:28",
                "00:1A:79:24:7B:0E",
                "00:1A:79:30:31:37",
                "00:1A:79:3B:00:CA",
                "00:1A:79:3B:06:B7",
                "00:1A:79:40:10:08",
                "00:1A:79:43:D9:66",
                "00:1A:79:4F:2F:38",
                "00:1A:79:54:2B:D6",
                "00:1A:79:5B:6A:AD",
                "00:1A:79:5C:B8:EA",
                "00:1A:79:5C:CE:DF",
                "00:1A:79:5D:10:68",
                "00:1A:79:61:3F:91",
                "00:1A:79:66:44:B5",
                "00:1A:79:66:53:9D",
                "00:1A:79:7A:92:E8",
                "00:1A:79:7F:3F:6F",
                "00:1A:79:9B:62:59",
                "00:1A:79:A0:7D:7B",
                "00:1A:79:A8:10:4E",
                "00:1A:79:A9:F7:3D",
                "00:1A:79:AF:A3:B4",
                "00:1A:79:B4:A0:98",
                "00:1A:79:B5:7C:46",
                "00:1A:79:B9:24:2A",
                "00:1A:79:B9:9C:68",
                "00:1A:79:BE:4A:C0",
                "00:1A:79:C4:D2:56",
                "00:1A:79:C7:B4:D6",
                "00:1A:79:C9:07:1F",
                "00:1A:79:CA:5C:83",
                "00:1A:79:D3:58:F6",
                "00:1A:79:D4:2D:10",
                "00:1A:79:E9:54:67",
                "00:1A:79:F2:37:64",
                "00:1A:79:F5:6D:23",
                "00:1A:79:FC:1F:65"
            ]
        },
        {
            "server_name": "1brown2.ddns.net",
            "server_url": "http://1brown2.ddns.net/c/",
            "macs": [
                "00:1A:79:00:00:00",
                "00:1A:79:00:0B:BB",
                "00:1A:79:00:13:C7",
                "00:1A:79:00:20:4A"
            ]
        },
        {
            "server_name": "appearmixer.maxott.me",
            "server_url": "http://appearmixer.maxott.me/c/",
            "macs": [
                "00:1A:79:10:12:68",
                "00:1A:79:51:64:D8",
                "00:1A:79:58:FE:22"
            ]
        },
        {
            "server_name": "51.89.96.89:8080",
            "server_url": "http://51.89.96.89:8080/c/",
            "macs": [
                "00:1A:79:3C:85:57"
            ]
        },
        {
            "server_name": "iptvkosova.ml.gentv.to:8080",
            "server_url": "http://iptvkosova.ml.gentv.to:8080/c/",
            "macs": [
                "00:1A:79:39:D0:AF",
                "00:1A:79:AA:6B:A1"
            ]
        },
        {
            "server_name": "portal.xtv100.com",
            "server_url": "http://portal.xtv100.com/stalker_portal/c/",
            "macs": [
                "00:1A:79:03:21:8F",
                "00:1A:79:5A:CF:35"
            ]
        },
        {
            "server_name": "mag.redmytv.com",
            "server_url": "http://mag.redmytv.com/c/",
            "macs": [
                "00:1A:79:24:7F:A5",
                "00:1A:79:40:07:B4",
                "00:1A:79:40:0B:DB",
                "00:1A:79:49:38:4B",
                "00:1A:79:57:B8:C9",
                "00:1A:79:5C:9F:5B",
                "00:1A:79:5D:9C:BA",
                "00:1A:79:72:F5:38",
                "00:1A:79:78:FD:60",
                "00:1A:79:97:28:3F",
                "00:1A:79:9F:75:C1",
                "00:1A:79:AC:D7:9C",
                "00:1A:79:C3:6F:6A",
                "00:1A:79:C6:23:9B"
            ]
        },
        {
            "server_name": "anonymoustv.club",
            "server_url": "http://anonymoustv.club/c/",
            "macs": [
                "00:1A:79:00:09:88",
                "00:1A:79:57:1C:87",
                "00:1A:79:70:AD:A1",
                "00:1A:79:73:E2:B1",
                "00:1A:79:B5:1F:AE"
            ]
        },
        {
            "server_name": "line.4k-beast.co:80",
            "server_url": "http://line.4k-beast.co:80/c/",
            "macs": [
                "00:1A:79:B6:4F:0A"
            ]
        },
        {
            "server_name": "host-aurora.vip:8000",
            "server_url": "http://host-aurora.vip:8000/c/",
            "macs": [
                "00:1A:79:3A:10:3B",
                "00:1A:79:48:AC:87",
                "00:1A:79:65:70:48",
                "00:1A:79:7F:5F:8F",
                "00:1A:79:9E:E5:B9",
                "00:1A:79:A2:35:76",
                "00:1A:79:A2:4A:64",
                "00:1A:79:A9:5D:4E",
                "00:1A:79:B5:58:0A"
            ]
        },
        {
            "server_name": "live.lynxiptv.xyz:80",
            "server_url": "http://live.lynxiptv.xyz:80/c/",
            "macs": [
                "00:1A:79:A7:7E:58"
            ]
        },
        {
            "server_name": "datacentar.org",
            "server_url": "http://datacentar.org/c/",
            "macs": [
                "00:1A:79:02:31:34",
                "00:1A:79:18:C7:57",
                "00:1A:79:2B:2B:DB",
                "00:1A:79:2E:7A:54",
                "00:1A:79:35:B8:A9",
                "00:1A:79:35:BA:04",
                "00:1A:79:3F:C8:A4",
                "00:1A:79:3F:CC:1E",
                "00:1A:79:40:87:D5",
                "00:1A:79:45:A9:E6",
                "00:1A:79:55:05:F7",
                "00:1A:79:56:E7:9F",
                "00:1A:79:5C:1E:8A",
                "00:1A:79:5E:8D:A8",
                "00:1A:79:67:F0:5A",
                "00:1A:79:69:70:B1",
                "00:1A:79:6D:CA:E6",
                "00:1A:79:6D:F3:C7",
                "00:1A:79:6F:B1:AA",
                "00:1A:79:70:35:68",
                "00:1A:79:71:3E:2C",
                "00:1A:79:76:A8:94",
                "00:1A:79:79:DD:34",
                "00:1A:79:BA:58:D1",
                "00:1A:79:C8:82:84"
            ]
        }
    ]
}