{
    "items": [
        {
            "server_name": "brutus.biz:2082",
            "server_url": "http://brutus.biz:2082/c/",
            "macs": [
                "00:1A:79:42:1B:7B"
            ]
        },
        {
            "server_name": "lionboxiptv.xyz",
            "server_url": "http://lionboxiptv.xyz/c/",
            "macs": [
                "00:1A:79:C1:92:1E"
            ]
        },
        {
            "server_name": "ampify30.xyz:8080",
            "server_url": "http://ampify30.xyz:8080/c/",
            "macs": [
                "00:1A:79:A2:C2:B8",
                "00:1A:79:EC:37:70"
            ]
        },
        {
            "server_name": "piqui.vip:80",
            "server_url": "http://piqui.vip:80/c/",
            "macs": [
                "00:1A:79:FD:3E:C0"
            ]
        },
        {
            "server_name": "sansat.net:25461",
            "server_url": "http://sansat.net:25461/c/",
            "macs": [
                "00:1A:79:22:1E:69",
                "00:1A:79:2B:C1:A7"
            ]
        },
        {
            "server_name": "mag.abcdxyz.one",
            "server_url": "http://mag.abcdxyz.one/c/",
            "macs": [
                "00:1A:79:C0:A3:3E"
            ]
        },
        {
            "server_name": "62.182.83.91",
            "server_url": "http://62.182.83.91/c/",
            "macs": [
                "00:1A:79:C1:92:1E"
            ]
        },
        {
            "server_name": "silver.stamina-tv.com:8080",
            "server_url": "http://silver.stamina-tv.com:8080/c/",
            "macs": [
                "00:1A:79:24:73:5C"
            ]
        },
        {
            "server_name": "4connect.link",
            "server_url": "http://4connect.link/c/",
            "macs": [
                "00:1A:79:4E:A6:6F"
            ]
        },
        {
            "server_name": "iptvkosova.ml.gentv.to:8080",
            "server_url": "http://iptvkosova.ml.gentv.to:8080/c/",
            "macs": [
                "00:1A:79:AA:6B:A1"
            ]
        },
        {
            "server_name": "fxsrvr.xyz:8000",
            "server_url": "http://fxsrvr.xyz:8000/c/",
            "macs": [
                "00:1A:79:A1:ED:EE"
            ]
        },
        {
            "server_name": "brokentv.rip:8080",
            "server_url": "http://brokentv.rip:8080/c/",
            "macs": [
                "00:1A:79:AA:7E:B2"
            ]
        },
        {
            "server_name": "powerip.be:8000",
            "server_url": "http://powerip.be:8000/c/",
            "macs": [
                "00:1A:79:A0:8F:4B"
            ]
        },
        {
            "server_name": "tp.nxdns4.com:8080",
            "server_url": "http://tp.nxdns4.com:8080/c/",
            "macs": [
                "00:1A:79:3F:E1:E8"
            ]
        },
        {
            "server_name": "mag.bee-ott.com",
            "server_url": "http://mag.bee-ott.com/c/",
            "macs": [
                "00:1A:79:05:9E:4A",
                "00:1A:79:22:16:D1",
                "00:1A:79:40:F9:B8",
                "00:1A:79:57:CD:6D",
                "00:1A:79:58:C6:19",
                "00:1A:79:6F:AF:C3",
                "00:1A:79:8B:40:78",
                "00:1A:79:AB:B9:34",
                "00:1A:79:AD:8E:C2",
                "00:1A:79:AE:65:29",
                "00:1A:79:B0:AF:E8",
                "00:1A:79:B0:E8:A3",
                "00:1A:79:B6:D5:A9",
                "00:1A:79:BF:96:74",
                "00:1A:79:C0:08:97",
                "00:1A:79:C0:13:BA",
                "00:1A:79:C6:38:22",
                "00:1A:79:C8:82:10",
                "00:1A:79:DA:5D:E0",
                "00:1A:79:F1:E9:F6"
            ]
        }
    ]
}