{
    "items": [
        {
            "server_name": "tv.cloudcdn.online",
            "server_url": "http://tv.cloudcdn.online/c/",
            "macs": [
                "00:1A:79:A5:2E:EA",
                "00:1A:79:AB:DF:A4",
                "00:1A:79:AD:33:0E",
                "00:1A:79:E7:81:D9",
                "00:1A:79:F1:1A:3B"
            ]
        },
        {
            "server_name": "job.avrik.xyz",
            "server_url": "http://job.avrik.xyz/c/",
            "macs": [
                "00:1A:79:03:CE:6D"
            ]
        },
        {
            "server_name": "dinka-iptv.live",
            "server_url": "http://dinka-iptv.live/c/",
            "macs": [
                "00:1A:79:B7:6E:E0"
            ]
        },
        {
            "server_name": "31.220.41.100:80",
            "server_url": "http://31.220.41.100:80/c/",
            "macs": [
                "00:1A:79:1D:C8:E9",
                "00:1A:79:3C:51:35",
                "00:1A:79:A3:C5:35",
                "00:1A:79:BC:B0:F4",
                "00:1A:79:C5:43:7B"
            ]
        },
        {
            "server_name": "premiumip.tv:8000",
            "server_url": "http://premiumip.tv:8000/c/",
            "macs": [
                "00:1A:79:00:3F:EA",
                "00:1A:79:00:41:34",
                "00:1A:79:03:1C:EC",
                "00:1A:79:03:1D:8D",
                "00:1A:79:11:B4:F3",
                "00:1A:79:12:0E:D4",
                "00:1A:79:17:1D:31",
                "00:1A:79:19:43:98",
                "00:1A:79:1C:64:F7",
                "00:1A:79:1F:D4:C6",
                "00:1A:79:20:FE:90",
                "00:1A:79:21:25:2F",
                "00:1A:79:29:06:50",
                "00:1A:79:2D:2F:29",
                "00:1A:79:32:0F:46",
                "00:1A:79:32:C6:4D",
                "00:1A:79:45:85:94",
                "00:1A:79:49:0B:18",
                "00:1A:79:4B:6C:D1",
                "00:1A:79:4E:BB:56",
                "00:1A:79:51:40:D2",
                "00:1A:79:53:61:4B",
                "00:1A:79:53:F2:27",
                "00:1A:79:54:76:3F",
                "00:1A:79:56:CD:A8",
                "00:1A:79:58:29:01",
                "00:1A:79:5B:40:91",
                "00:1A:79:5B:CE:A5",
                "00:1A:79:5C:D3:6C",
                "00:1A:79:5D:35:47",
                "00:1A:79:60:CE:7E",
                "00:1A:79:60:D1:63",
                "00:1A:79:63:22:39",
                "00:1A:79:6A:7E:DE",
                "00:1A:79:6E:0E:2C",
                "00:1A:79:73:B8:C4",
                "00:1A:79:7A:60:D0",
                "00:1A:79:7B:E7:DC",
                "00:1A:79:7C:9A:FA",
                "00:1A:79:81:D5:47",
                "00:1A:79:89:D3:12",
                "00:1A:79:89:D5:22",
                "00:1A:79:8A:E7:49",
                "00:1A:79:8B:30:9F",
                "00:1A:79:8B:37:20",
                "00:1A:79:9B:1E:C5",
                "00:1A:79:A0:0F:E0",
                "00:1A:79:A1:BC:D6",
                "00:1A:79:A2:29:7A",
                "00:1A:79:A2:65:30",
                "00:1A:79:A3:90:50",
                "00:1A:79:A4:2F:5D",
                "00:1A:79:A6:F9:9F",
                "00:1A:79:AB:11:84",
                "00:1A:79:AC:93:34",
                "00:1A:79:AD:E4:9D",
                "00:1A:79:B0:BD:7A",
                "00:1A:79:B1:E2:82",
                "00:1A:79:B2:12:A4",
                "00:1A:79:B2:3C:62",
                "00:1A:79:B3:28:5C",
                "00:1A:79:B3:7C:AE",
                "00:1A:79:B9:FD:82",
                "00:1A:79:BE:69:4E",
                "00:1A:79:C0:06:E3",
                "00:1A:79:C0:C8:2C",
                "00:1A:79:C4:5F:28",
                "00:1A:79:C5:43:7A",
                "00:1A:79:C7:16:8D",
                "00:1A:79:C7:CE:7E",
                "00:1A:79:CB:05:CA",
                "00:1A:79:CE:8A:7F",
                "00:1A:79:D2:1E:14",
                "00:1A:79:E6:63:7B",
                "00:1A:79:F8:69:36"
            ]
        }
    ]
}