{
    "items": [
        {
            "server_name": "line.4k-ott.com",
            "server_url": "http://line.4k-ott.com/c/",
            "macs": [
                "00:1A:79:0A:52:54",
                "00:1A:79:1B:73:C7",
                "00:1A:79:3A:A8:F0",
                "00:1A:79:55:93:10",
                "00:1A:79:6B:38:F6",
                "00:1A:79:70:02:D4",
                "00:1A:79:70:F5:0D",
                "00:1A:79:A6:4B:50",
                "00:1A:79:AB:F7:39",
                "00:1A:79:B8:F5:F0",
                "00:1A:79:B9:80:A4",
                "00:1A:79:BF:8F:7A"
            ]
        },
        {
            "server_name": "placa.work:5115",
            "server_url": "http://placa.work:5115/c/",
            "macs": [
                "00:1A:79:99:8F:D9"
            ]
        },
        {
            "server_name": "odonati.fr:2082",
            "server_url": "http://odonati.fr:2082/c/",
            "macs": [
                "00:1A:79:33:F2:D1"
            ]
        },
        {
            "server_name": "xtv.link",
            "server_url": "http://xtv.link/c/",
            "macs": [
                "00:1A:79:71:96:65"
            ]
        },
        {
            "server_name": "micro-ott.com:80",
            "server_url": "http://micro-ott.com:80/c/",
            "macs": [
                "00:1A:79:2A:BB:A3",
                "00:1A:79:39:71:69",
                "00:1A:79:3C:2B:8F",
                "00:1A:79:42:49:C9",
                "00:1A:79:4E:CD:99",
                "00:1A:79:57:89:D5",
                "00:1A:79:5A:40:C4",
                "00:1A:79:B4:BE:18",
                "00:1A:79:B7:86:46",
                "00:1A:79:C2:CB:8E",
                "00:1A:79:C8:FA:4D"
            ]
        },
        {
            "server_name": "iptvshqip.streamtv.to:8080",
            "server_url": "http://iptvshqip.streamtv.to:8080/c/",
            "macs": [
                "00:1A:79:40:C9:EA",
                "00:1A:79:74:B7:06",
                "00:1A:79:A9:30:1C",
                "00:1A:79:B5:0F:2A",
                "00:1A:79:BC:29:51",
                "00:1A:79:C9:2D:FB"
            ]
        },
        {
            "server_name": "p1.iptvrocket.tv:80",
            "server_url": "http://p1.iptvrocket.tv:80/c/",
            "macs": [
                "00:1A:79:2E:68:C5",
                "00:1A:79:30:B5:3E",
                "00:1A:79:74:6D:C6",
                "00:1A:79:BE:0A:4D"
            ]
        },
        {
            "server_name": "magnum-ott.net:80",
            "server_url": "http://magnum-ott.net:80/c/",
            "macs": [
                "00:1A:79:0B:65:B4",
                "00:1A:79:3E:2F:04",
                "00:1A:79:56:37:02",
                "00:1A:79:57:D5:04",
                "00:1A:79:59:F7:42",
                "00:1A:79:5A:8F:40",
                "00:1A:79:68:92:50",
                "00:1A:79:77:DC:A2",
                "00:1A:79:7E:6F:AF",
                "00:1A:79:98:88:60",
                "00:1A:79:AA:4D:2B",
                "00:1A:79:B4:76:4B",
                "00:1A:79:D1:37:58",
                "00:1A:79:E9:AA:B3"
            ]
        },
        {
            "server_name": "hbio.live:80",
            "server_url": "http://hbio.live:80/c/",
            "macs": [
                "00:1A:79:41:30:6C",
                "00:1A:79:48:7D:A5",
                "00:1A:79:4C:F6:E7",
                "00:1A:79:5F:54:9D",
                "00:1A:79:62:25:10",
                "00:1A:79:6A:09:73",
                "00:1A:79:75:4D:A4",
                "00:1A:79:BE:8F:46",
                "00:1A:79:C5:17:E7",
                "00:1A:79:C5:5F:86",
                "00:1A:79:E5:7A:8E"
            ]
        },
        {
            "server_name": "line.tivi-one.net:80",
            "server_url": "http://line.tivi-one.net:80/c/",
            "macs": [
                "00:1A:79:37:07:85",
                "00:1A:79:37:95:B8",
                "00:1A:79:5C:6D:15",
                "00:1A:79:5E:37:D3",
                "00:1A:79:B5:27:BA"
            ]
        },
        {
            "server_name": "nex.4k-iptv.net:80",
            "server_url": "http://nex.4k-iptv.net:80/c/",
            "macs": [
                "00:1A:79:3C:4F:7F",
                "00:1A:79:44:09:85",
                "00:1A:79:66:1D:2F",
                "00:1A:79:6D:50:20",
                "00:1A:79:6E:C9:DA",
                "00:1A:79:9B:80:42"
            ]
        }
    ]
}