{
    "items": [
        {
            "server_name": "51.91.57.198",
            "server_url": "http://51.91.57.198/stalker_portal/c/",
            "macs": []
        },
        {
            "server_name": "flusonic-1.platinum-tv.com:80",
            "server_url": "http://flusonic-1.platinum-tv.com:80/stalker_portal/c/",
            "macs": [
                "00:1A:79:72:06:DD",
                "00:1A:79:74:AF:3A",
                "00:1A:79:76:59:4D",
                "00:1A:79:38:ED:38",
                "00:1A:79:5F:50:E7"
            ]
        }
    ]
}