{
    "items": [
        {
            "server_name": "portal.wisp.cat",
            "server_url": "http://portal.wisp.cat/stalker_portal/c/",
            "macs": [
                "00:1A:79:59:C8:D3"
            ]
        },
        {
            "server_name": "kingseu.xyz:80",
            "server_url": "http://kingseu.xyz:80/c/",
            "macs": [
                "00:1A:79:02:FB:36",
                "00:1A:79:4A:80:59",
                "00:1A:79:57:2D:91",
                "00:1A:79:78:02:06",
                "00:1A:79:C3:E7:B2"
            ]
        },
        {
            "server_name": "cam.access.ly:80",
            "server_url": "http://cam.access.ly:80/c/",
            "macs": [
                "00:1A:79:00:00:00",
                "00:1A:79:00:00:01",
                "00:1A:79:00:00:04",
                "00:1A:79:00:00:1B",
                "00:1A:79:00:00:39",
                "00:1A:79:00:00:62"
            ]
        },
        {
            "server_name": "eu.majes-line.co:80",
            "server_url": "http://eu.majes-line.co:80/c/",
            "macs": [
                "00:1A:79:30:31:37",
                "00:1A:79:4F:2F:38",
                "00:1A:79:5C:CE:DF",
                "00:1A:79:A9:F7:3D",
                "00:1A:79:B9:24:2A",
                "00:1A:79:B9:9C:68",
                "00:1A:79:C9:07:1F"
            ]
        },
        {
            "server_name": "bosszx.bio",
            "server_url": "http://bosszx.bio/c/",
            "macs": [
                "00:1A:79:52:19:65",
                "00:1A:79:8B:27:93"
            ]
        },
        {
            "server_name": "hbio.live:80",
            "server_url": "http://hbio.live:80/c/",
            "macs": [
                "00:1A:79:77:08:7F",
                "00:1A:79:99:F6:38",
                "00:1A:79:B0:73:2C",
                "00:1A:79:C9:CF:36"
            ]
        },
        {
            "server_name": "tv.cloudcdn.online",
            "server_url": "http://tv.cloudcdn.online/c/",
            "macs": [
                "00:1A:79:6C:30:BB"
            ]
        },
        {
            "server_name": "4kmini.live:80",
            "server_url": "http://4kmini.live:80/c/",
            "macs": [
                "00:1A:79:75:5E:CB"
            ]
        },
        {
            "server_name": "portal.iptv.monster:80",
            "server_url": "http://portal.iptv.monster:80/stalker_portal/c/",
            "macs": [
                "00:1A:79:A0:AE:60"
            ]
        },
        {
            "server_name": "mag.moi-dom.tv",
            "server_url": "http://mag.moi-dom.tv/stalker_portal/c/",
            "macs": [
                "00:1A:79:51:9C:D6",
                "00:1A:79:51:AA:65"
            ]
        },
        {
            "server_name": "portal.roshen.live",
            "server_url": "http://portal.roshen.live/stalker_portal/c/",
            "macs": [
                "00:1A:79:D2:AD:6E"
            ]
        },
        {
            "server_name": "smarttv.fill.ee:88",
            "server_url": "http://smarttv.fill.ee:88/stalker_portal/c/",
            "macs": [
                "00:1A:79:28:A9:8B",
                "00:1A:79:2F:5A:AF",
                "00:1A:79:2F:5A:D4",
                "00:1A:79:2F:5B:26"
            ]
        },
        {
            "server_name": "line.iptvhunt.com:80",
            "server_url": "http://line.iptvhunt.com:80/c/",
            "macs": [
                "00:1A:79:45:CA:A6"
            ]
        },
        {
            "server_name": "mag.trexlive.me",
            "server_url": "http://mag.trexlive.me/c/",
            "macs": [
                "00:1A:79:00:B6:3E",
                "00:1A:79:00:B6:D8",
                "00:1A:79:08:5A:8E",
                "00:1A:79:0F:6F:98",
                "00:1A:79:20:7C:B6",
                "00:1A:79:22:EB:C0",
                "00:1A:79:2A:08:BE",
                "00:1A:79:2A:69:9B",
                "00:1A:79:2B:DD:51",
                "00:1A:79:2D:63:E4",
                "00:1A:79:40:2A:6C",
                "00:1A:79:4D:11:F5",
                "00:1A:79:4F:E1:07",
                "00:1A:79:4F:E1:51",
                "00:1A:79:66:1B:50",
                "00:1A:79:94:CD:87",
                "00:1A:79:AC:8A:81",
                "00:1A:79:B0:CB:98",
                "00:1A:79:B4:C4:12",
                "00:1A:79:B4:E5:55",
                "00:1A:79:B4:E5:74",
                "00:1A:79:B8:34:C0",
                "00:1A:79:BC:68:60",
                "00:1A:79:F0:05:18",
                "00:1A:79:F0:05:1D",
                "00:1A:79:F0:05:27",
                "00:1A:79:F0:05:88"
            ]
        },
        {
            "server_name": "elite-tv.co:80",
            "server_url": "http://elite-tv.co:80/c/",
            "macs": [
                "00:1A:79:AC:0D:F3",
                "00:1A:79:AC:16:87",
                "00:1A:79:AC:18:5D",
                "00:1A:79:AC:18:DE",
                "00:1A:79:AC:3C:16",
                "00:1A:79:B1:0D:65"
            ]
        }
    ]
}