{
    "items": [
        {
            "server_name": "pro.netmos.ovh:7355",
            "server_url": "http://pro.netmos.ovh:7355/c/",
            "macs": [
                "00:1A:79:59:4A:47"
            ]
        },
        {
            "server_name": "x.ghost-27.com:8080",
            "server_url": "http://x.ghost-27.com:8080/c/",
            "macs": [
                "00:1A:79:AD:2B:69",
                "00:1A:79:AD:B0:C4",
                "00:1A:79:AE:2B:18"
            ]
        },
        {
            "server_name": "31.220.41.100",
            "server_url": "http://31.220.41.100/c/",
            "macs": [
                "00:1A:79:4A:AE:11"
            ]
        },
        {
            "server_name": "4connect.link",
            "server_url": "http://4connect.link/c/",
            "macs": [
                "00:1A:79:6A:AE:4F"
            ]
        },
        {
            "server_name": "silver.stamina-tv.com:8080",
            "server_url": "http://silver.stamina-tv.com:8080/c/",
            "macs": [
                "00:1A:79:4F:5D:D9"
            ]
        },
        {
            "server_name": "atg100.xyz",
            "server_url": "http://atg100.xyz/c/",
            "macs": [
                "00:1A:79:00:35:D4",
                "00:1A:79:00:72:12",
                "00:1A:79:0B:65:B1",
                "00:1A:79:18:8F:A8",
                "00:1A:79:20:35:44",
                "00:1A:79:2C:D8:8F",
                "00:1A:79:32:0F:4D",
                "00:1A:79:3A:AE:45",
                "00:1A:79:50:7F:35",
                "00:1A:79:51:E1:FC",
                "00:1A:79:52:65:87",
                "00:1A:79:5A:E8:99",
                "00:1A:79:5B:90:02",
                "00:1A:79:5D:7F:27",
                "00:1A:79:5E:9D:48",
                "00:1A:79:65:D7:52",
                "00:1A:79:67:4D:D4",
                "00:1A:79:6D:5F:7C",
                "00:1A:79:70:90:6E",
                "00:1A:79:75:CA:E8",
                "00:1A:79:77:1C:83",
                "00:1A:79:78:84:E5",
                "00:1A:79:83:23:07",
                "00:1A:79:A2:E4:8C",
                "00:1A:79:AE:C2:8E",
                "00:1A:79:AF:06:CB",
                "00:1A:79:AF:B8:4A",
                "00:1A:79:B0:6F:F5",
                "00:1A:79:B1:35:2E",
                "00:1A:79:B3:48:F5",
                "00:1A:79:B6:FE:67",
                "00:1A:79:BD:90:07",
                "00:1A:79:C1:1B:1A",
                "00:1A:79:C1:60:6A",
                "00:1A:79:C3:A6:80",
                "00:1A:79:C5:23:6A",
                "00:1A:79:CA:6B:9F",
                "00:1A:79:CD:50:5B",
                "00:1A:79:D0:0A:0E"
            ]
        },
        {
            "server_name": "onrev.xyz:80",
            "server_url": "http://onrev.xyz:80/c/",
            "macs": [
                "00:1A:79:5A:54:64",
                "00:1A:79:5B:8C:96"
            ]
        },
        {
            "server_name": "p2.iptvprivateserver.ru",
            "server_url": "http://p2.iptvprivateserver.ru/c/",
            "macs": [
                "00:1A:79:4F:BF:A9",
                "00:1A:79:B4:6B:0C"
            ]
        },
        {
            "server_name": "2a2b2.com:80",
            "server_url": "http://2a2b2.com:80/c/",
            "macs": [
                "00:1A:79:30:8F:98",
                "00:1A:79:32:0F:4D",
                "00:1A:79:AD:15:07",
                "00:1A:79:B2:7F:5C",
                "00:1A:79:BE:1F:0A"
            ]
        },
        {
            "server_name": "powerip.be:8000",
            "server_url": "http://powerip.be:8000/c/",
            "macs": [
                "00:1A:79:43:4B:3A"
            ]
        },
        {
            "server_name": "magm1giillmig.funtogether.xyz:8080",
            "server_url": "http://magm1giillmig.funtogether.xyz:8080/c/",
            "macs": [
                "00:1A:79:3B:7F:E0"
            ]
        },
        {
            "server_name": "brokentv.rip:8080",
            "server_url": "http://brokentv.rip:8080/c/",
            "macs": [
                "00:1A:79:A6:74:9E"
            ]
        },
        {
            "server_name": "fxsrvr.xyz:8000",
            "server_url": "http://fxsrvr.xyz:8000/c/",
            "macs": [
                "00:1A:79:18:01:3D",
                "00:1A:79:22:33:41",
                "00:1A:79:51:B5:AB",
                "00:1A:79:5E:CC:05",
                "00:1A:79:B5:5A:50"
            ]
        }
    ]
}