{
    "items": [
        {
            "server_name": "cdn.ipk.biz",
            "server_url": "http://cdn.ipk.biz/stalker_portal/c/",
            "macs": [
                "00:1A:79:49:ED:40"
            ]
        },
        {
            "server_name": "line.greatstar.me:80",
            "server_url": "http://line.greatstar.me:80/c/",
            "macs": [
                "00:1A:79:A5:B7:B0",
                "00:1A:79:BF:E6:C8"
            ]
        },
        {
            "server_name": "brutus.biz:2082",
            "server_url": "http://brutus.biz:2082/c/",
            "macs": [
                "00:1A:79:5F:BF:A8"
            ]
        },
        {
            "server_name": "datacentar.org:80",
            "server_url": "http://datacentar.org:80/c/",
            "macs": [
                "00:1A:79:5F:D9:64"
            ]
        },
        {
            "server_name": "ipc.proipciptv.com:8000",
            "server_url": "http://ipc.proipciptv.com:8000/c/",
            "macs": [
                "00:1A:79:C8:07:6C"
            ]
        },
        {
            "server_name": "4connect.link",
            "server_url": "http://4connect.link/c/",
            "macs": [
                "00:1A:79:1F:18:F7",
                "00:1A:79:31:66:40",
                "00:1A:79:49:47:9C",
                "00:1A:79:54:E8:34",
                "00:1A:79:55:99:45",
                "00:1A:79:58:12:94",
                "00:1A:79:62:9D:FD",
                "00:1A:79:A4:65:A5",
                "00:1A:79:A6:78:1D",
                "00:1A:79:AD:7C:A3",
                "00:1A:79:B2:79:96",
                "00:1A:79:C1:3F:58",
                "00:1A:79:C4:0A:07",
                "00:1A:79:E0:2D:5F",
                "00:1A:79:E6:8E:E7"
            ]
        }
    ]
}