{
    "items": [
        {
            "server_name": "main.4k-ott.com:80",
            "server_url": "http://main.4k-ott.com:80/c/",
            "macs": [
                "00:1A:79:0E:61:E7",
                "00:1A:79:20:6F:6F",
                "00:1A:79:57:9F:52",
                "00:1A:79:61:D4:0A",
                "00:1A:79:6A:BD:DF",
                "00:1A:79:7C:07:24",
                "00:1A:79:8B:3B:09",
                "00:1A:79:BB:ED:FD",
                "00:1A:79:BB:F5:74",
                "00:1A:79:C3:BB:C3",
                "00:1A:79:E5:B0:BB"
            ]
        },
        {
            "server_name": "tipxpto.club:8080",
            "server_url": "http://tipxpto.club:8080/c/",
            "macs": [
                "00:1A:79:A3:F9:99",
                "00:1A:79:AD:44:BD",
                "00:1A:79:C0:85:50"
            ]
        },
        {
            "server_name": "elboxtv.com:1985",
            "server_url": "http://elboxtv.com:1985/c/",
            "macs": [
                "00:1A:79:71:9A:59"
            ]
        },
        {
            "server_name": "hbio.live:80",
            "server_url": "http://hbio.live:80/c/",
            "macs": [
                "00:1A:79:38:05:5F",
                "00:1A:79:48:26:53",
                "00:1A:79:74:F1:ED",
                "00:1A:79:75:39:8B",
                "00:1A:79:76:8F:E8",
                "00:1A:79:77:4E:94",
                "00:1A:79:9B:E8:FD",
                "00:1A:79:A6:A0:02",
                "00:1A:79:AD:76:60",
                "00:1A:79:B8:BE:73",
                "00:1A:79:C2:C2:79",
                "00:1A:79:E8:DF:9E"
            ]
        },
        {
            "server_name": "ip.king-cobra.eu:8080",
            "server_url": "http://ip.king-cobra.eu:8080/c/",
            "macs": [
                "00:1A:79:31:7F:E0",
                "00:1A:79:6A:48:80",
                "00:1A:79:6E:B6:C0",
                "00:1A:79:75:EE:EE",
                "00:1A:79:8C:6E:A1",
                "00:1A:79:BA:0A:B8",
                "00:1A:79:BA:BD:14",
                "00:1A:79:BB:35:58"
            ]
        },
        {
            "server_name": "gatoriptv.co:80",
            "server_url": "http://gatoriptv.co:80/c/",
            "macs": [
                "00:1A:79:3A:2D:B6",
                "00:1A:79:52:3B:62",
                "00:1A:79:62:B3:C8",
                "00:1A:79:7A:7D:B7",
                "00:1A:79:84:77:1E",
                "00:1A:79:AE:F7:06",
                "00:1A:79:B0:6E:9D",
                "00:1A:79:C2:4D:21",
                "00:1A:79:E3:6F:F2",
                "00:1A:79:ED:FA:C6"
            ]
        },
        {
            "server_name": "vipertv.vip:8080",
            "server_url": "http://vipertv.vip:8080/c/",
            "macs": [
                "00:1A:79:0D:16:F1",
                "00:1A:79:33:62:0A",
                "00:1A:79:4F:DA:F4",
                "00:1A:79:68:E2:6D",
                "00:1A:79:74:08:1F",
                "00:1A:79:75:64:68",
                "00:1A:79:AE:A1:3E",
                "00:1A:79:B9:52:66",
                "00:1A:79:BF:C7:E4",
                "00:1A:79:DF:40:B4"
            ]
        },
        {
            "server_name": "wisdomiptv.com",
            "server_url": "http://wisdomiptv.com/c/",
            "macs": [
                "00:1A:79:20:BC:63",
                "00:1A:79:47:6B:6D",
                "00:1A:79:5B:0F:D1",
                "00:1A:79:5F:97:E4",
                "00:1A:79:70:C0:63",
                "00:1A:79:88:26:A3",
                "00:1A:79:B2:DD:60",
                "00:1A:79:B4:67:E9",
                "00:1A:79:B5:91:D4",
                "00:1A:79:C7:4A:A0",
                "00:1A:79:EE:57:45"
            ]
        },
        {
            "server_name": "ky-iptv.com:25461",
            "server_url": "http://ky-iptv.com:25461/c/",
            "macs": [
                "00:1A:79:6F:A4:84"
            ]
        },
        {
            "server_name": "iptvdelta.123tv.to:8080",
            "server_url": "http://iptvdelta.123tv.to:8080/c/",
            "macs": [
                "00:1A:79:A2:EF:9F",
                "00:1A:79:DA:CE:48"
            ]
        },
        {
            "server_name": "li11.nedlion.work:5115",
            "server_url": "http://li11.nedlion.work:5115/c/",
            "macs": [
                "00:1A:79:54:26:32",
                "00:1A:79:AA:CC:89"
            ]
        },
        {
            "server_name": "my-iptv.mk:80",
            "server_url": "http://my-iptv.mk:80/c/",
            "macs": [
                "00:1A:79:6A:2A:2F",
                "00:1A:79:BA:38:CE"
            ]
        },
        {
            "server_name": "partyplay.live:8080",
            "server_url": "http://partyplay.live:8080/c/",
            "macs": [
                "00:1A:79:BC:10:A0"
            ]
        },
        {
            "server_name": "mag.ultraqhd.net:80",
            "server_url": "http://mag.ultraqhd.net:80/c/",
            "macs": [
                "00:1A:79:7A:97:8B"
            ]
        },
        {
            "server_name": "dragoniptv.de:80",
            "server_url": "http://dragoniptv.de:80/c/",
            "macs": [
                "00:1A:79:53:4C:6D"
            ]
        },
        {
            "server_name": "webflowmalta.club:8080",
            "server_url": "http://webflowmalta.club:8080/c/",
            "macs": [
                "00:1A:79:19:91:E0",
                "00:1A:79:1F:72:5C",
                "00:1A:79:41:B2:68",
                "00:1A:79:43:4E:86",
                "00:1A:79:58:1F:9C",
                "00:1A:79:59:7C:C1",
                "00:1A:79:5E:3A:A9",
                "00:1A:79:5F:D5:0A",
                "00:1A:79:6F:AF:5A",
                "00:1A:79:73:DA:B0",
                "00:1A:79:74:B9:97",
                "00:1A:79:7D:64:0A",
                "00:1A:79:80:01:28",
                "00:1A:79:B3:27:35",
                "00:1A:79:BB:4A:74",
                "00:1A:79:C0:15:1F",
                "00:1A:79:C1:D3:B6"
            ]
        }
    ]
}