{
    "items": [
        {
            "server_name": "pal.alphatx.me:80",
            "server_url": "http://pal.alphatx.me:80/c/",
            "macs": [
                "00:1A:79:00:00:00",
                "00:1A:79:50:35:F1",
                "00:1A:79:B8:61:16",
                "00:1A:79:BE:C1:90",
                "00:1A:79:F5:28:E6"
            ]
        },
        {
            "server_name": "line.sohakiller.net:80",
            "server_url": "http://line.sohakiller.net:80/c/",
            "macs": [
                "00:1A:79:05:75:53",
                "00:1A:79:C1:D7:E3"
            ]
        },
        {
            "server_name": "iup-tv.com:8080",
            "server_url": "http://iup-tv.com:8080/c/",
            "macs": [
                "00:1A:79:66:1E:4F",
                "00:1A:79:A6:7A:39",
                "00:1A:79:AD:35:C2",
                "00:1A:79:BB:46:48"
            ]
        },
        {
            "server_name": "plumeiptv.org:80",
            "server_url": "http://plumeiptv.org:80/c/",
            "macs": [
                "00:1A:79:03:11:5A",
                "00:1A:79:05:1F:E3",
                "00:1A:79:07:C2:06",
                "00:1A:79:09:E0:70",
                "00:1A:79:0A:7F:B1",
                "00:1A:79:0B:B3:D7",
                "00:1A:79:19:5F:6C",
                "00:1A:79:35:37:E9",
                "00:1A:79:3A:EB:5E",
                "00:1A:79:43:DF:43",
                "00:1A:79:49:0B:7B",
                "00:1A:79:4C:A6:0E",
                "00:1A:79:C0:04:89",
                "00:1A:79:DA:9D:6B"
            ]
        },
        {
            "server_name": "maxzi.pro:80",
            "server_url": "http://maxzi.pro:80/c/",
            "macs": [
                "00:1A:79:19:A4:32",
                "00:1A:79:65:E4:A0",
                "00:1A:79:69:63:1D",
                "00:1A:79:76:05:00",
                "00:1A:79:77:39:1D",
                "00:1A:79:8A:F3:BF"
            ]
        },
        {
            "server_name": "123jk.tv",
            "server_url": "http://123jk.tv/c/",
            "macs": [
                "00:1A:79:3E:04:91",
                "00:1A:79:E5:A3:E0",
                "00:1A:79:E7:59:B6"
            ]
        },
        {
            "server_name": "streamcode.one:2082",
            "server_url": "http://streamcode.one:2082/c/",
            "macs": [
                "00:1A:79:59:46:71"
            ]
        },
        {
            "server_name": "mysp03.wanicelife.com:8880",
            "server_url": "http://mysp03.wanicelife.com:8880/c/",
            "macs": [
                "00:1A:79:33:10:98",
                "00:1A:79:B6:D3:B4"
            ]
        },
        {
            "server_name": "darktv.eu:25461",
            "server_url": "http://darktv.eu:25461/c/",
            "macs": [
                "00:1A:79:03:2F:9C",
                "00:1A:79:25:5F:03",
                "00:1A:79:39:50:5C",
                "00:1A:79:40:64:C9",
                "00:1A:79:42:1C:8D",
                "00:1A:79:51:4F:BA",
                "00:1A:79:73:2F:19",
                "00:1A:79:BC:27:88",
                "00:1A:79:E1:D5:5C"
            ]
        }
    ]
}