{
    "items": [
        {
            "server_name": "mol-2.com:8080",
            "server_url": "http://mol-2.com:8080/c/",
            "macs": [
                "00:1A:79:5E:30:72",
                "00:1A:79:67:FF:5C",
                "00:1A:79:68:7F:B0",
                "00:1A:79:6A:E6:7C",
                "00:1A:79:A2:62:6E",
                "00:1A:79:AE:6C:FC",
                "00:1A:79:C0:C8:39",
                "00:1A:79:D2:2B:BB"
            ]
        },
        {
            "server_name": "50.7.66.234:25462",
            "server_url": "http://50.7.66.234:25462/c/",
            "macs": [
                "00:1A:79:E5:1B:2A"
            ]
        },
        {
            "server_name": "elboxtv.com:1985",
            "server_url": "http://elboxtv.com:1985/c/",
            "macs": [
                "00:1A:79:37:10:7A",
                "00:1A:79:40:68:E5",
                "00:1A:79:44:83:AD"
            ]
        },
        {
            "server_name": "ghost-x99.uno:8080",
            "server_url": "http://ghost-x99.uno:8080/c/",
            "macs": [
                "00:1A:79:B3:AA:51"
            ]
        },
        {
            "server_name": "petarxc.ddns.net:8000",
            "server_url": "http://petarxc.ddns.net:8000/c/",
            "macs": [
                "00:1A:79:75:2D:E9"
            ]
        },
        {
            "server_name": "plustv.ws:80",
            "server_url": "http://plustv.ws:80/c/",
            "macs": [
                "00:1A:79:B6:39:6B",
                "00:1A:79:B9:0F:68"
            ]
        },
        {
            "server_name": "portalshqip.eu:8080",
            "server_url": "http://portalshqip.eu:8080/c/",
            "macs": [
                "00:1A:79:40:26:BC",
                "00:1A:79:65:33:76",
                "00:1A:79:81:B4:45"
            ]
        },
        {
            "server_name": "pt.chape-shop.com:8080",
            "server_url": "http://pt.chape-shop.com:8080/c/",
            "macs": [
                "00:1A:79:AA:3F:8C"
            ]
        },
        {
            "server_name": "99ab99.com:80",
            "server_url": "http://99ab99.com:80/c/",
            "macs": [
                "00:1A:79:B6:39:6B",
                "00:1A:79:B9:0F:68"
            ]
        },
        {
            "server_name": "hbio.live:80",
            "server_url": "http://hbio.live:80/c/",
            "macs": [
                "00:1A:79:11:A9:76",
                "00:1A:79:15:74:D0",
                "00:1A:79:17:4A:BC",
                "00:1A:79:21:7E:62",
                "00:1A:79:21:F7:AE",
                "00:1A:79:25:57:99",
                "00:1A:79:27:66:9C",
                "00:1A:79:28:95:55",
                "00:1A:79:2B:47:08",
                "00:1A:79:31:82:4B",
                "00:1A:79:34:31:37",
                "00:1A:79:35:8F:B3",
                "00:1A:79:35:9F:B3",
                "00:1A:79:41:4D:A1",
                "00:1A:79:42:78:96",
                "00:1A:79:46:3E:8F",
                "00:1A:79:47:00:CC",
                "00:1A:79:4A:D3:E0",
                "00:1A:79:53:FD:29",
                "00:1A:79:54:F6:D6",
                "00:1A:79:55:39:1E",
                "00:1A:79:56:47:F2",
                "00:1A:79:57:24:30",
                "00:1A:79:58:5A:A0",
                "00:1A:79:59:CD:05",
                "00:1A:79:5F:16:AA",
                "00:1A:79:60:22:44",
                "00:1A:79:64:05:EC",
                "00:1A:79:67:78:A2",
                "00:1A:79:69:9F:7C",
                "00:1A:79:6B:9F:FE",
                "00:1A:79:70:1F:BE",
                "00:1A:79:70:2D:20",
                "00:1A:79:70:6F:9D",
                "00:1A:79:70:F3:5E",
                "00:1A:79:71:64:11",
                "00:1A:79:71:FD:6E",
                "00:1A:79:77:25:EA",
                "00:1A:79:77:FC:FB",
                "00:1A:79:78:24:D9",
                "00:1A:79:79:21:81",
                "00:1A:79:7A:7F:E0",
                "00:1A:79:7A:8F:11",
                "00:1A:79:7D:B0:E2",
                "00:1A:79:82:D3:27",
                "00:1A:79:93:EE:B4",
                "00:1A:79:A9:30:4A",
                "00:1A:79:AB:A3:0F",
                "00:1A:79:AD:BD:1B",
                "00:1A:79:B4:81:3D",
                "00:1A:79:B8:05:EA",
                "00:1A:79:B8:0C:5C",
                "00:1A:79:B8:AD:E2",
                "00:1A:79:B8:D4:D1",
                "00:1A:79:BE:97:0B",
                "00:1A:79:BE:DF:7F",
                "00:1A:79:BF:01:55",
                "00:1A:79:C0:D8:33",
                "00:1A:79:D2:26:E8",
                "00:1A:79:E5:94:71",
                "00:1A:79:EA:D1:F6",
                "00:1A:79:F0:01:2F"
            ]
        },
        {
            "server_name": "marvelhd.eu:8080",
            "server_url": "http://marvelhd.eu:8080/c/",
            "macs": [
                "00:1A:79:19:43:D0"
            ]
        },
        {
            "server_name": "hg.speedtestmt.com",
            "server_url": "http://hg.speedtestmt.com/c/",
            "macs": [
                "00:1A:79:1C:5B:04",
                "00:1A:79:20:EE:38",
                "00:1A:79:34:EB:33",
                "00:1A:79:46:D0:58",
                "00:1A:79:9D:16:78"
            ]
        },
        {
            "server_name": "tp.nxdns4.com:8080",
            "server_url": "http://tp.nxdns4.com:8080/c/",
            "macs": [
                "00:1A:79:E5:19:98"
            ]
        },
        {
            "server_name": "alexiptv.ddns.me:8080",
            "server_url": "http://alexiptv.ddns.me:8080/c/",
            "macs": [
                "00:1A:79:AD:91:D3"
            ]
        },
        {
            "server_name": "tornado.netlink4.com:8000",
            "server_url": "http://tornado.netlink4.com:8000/c/",
            "macs": [
                "00:1A:79:50:2F:FC",
                "00:1A:79:50:58:01",
                "00:1A:79:51:EC:94",
                "00:1A:79:52:C2:40",
                "00:1A:79:54:E6:D4",
                "00:1A:79:57:5F:1C",
                "00:1A:79:57:DB:F8",
                "00:1A:79:59:23:63",
                "00:1A:79:59:AB:79",
                "00:1A:79:5A:2B:1E",
                "00:1A:79:5A:9D:32",
                "00:1A:79:5B:C3:E5",
                "00:1A:79:5B:E7:E2",
                "00:1A:79:5C:81:3B",
                "00:1A:79:5C:97:22",
                "00:1A:79:5C:AB:E1",
                "00:1A:79:5C:E4:F0"
            ]
        }
    ]
}