{
    "items": [
        {
            "server_name": "dhoom4u.me",
            "server_url": "http://dhoom4u.me/stalker_portal/c/",
            "macs": [
                "00:1A:79:00:DA:B2"
            ]
        },
        {
            "server_name": "star4u.world",
            "server_url": "http://star4u.world/stalker_portal/c/",
            "macs": [
                "00:1A:79:58:F2:3F",
                "00:1A:79:63:62:89",
                "00:1A:79:76:73:ED",
                "00:1A:79:7B:D4:0E",
                "00:1A:79:AF:93:C5",
                "00:1A:79:B1:51:28"
            ]
        },
        {
            "server_name": "foxx-tv.com:9600",
            "server_url": "http://foxx-tv.com:9600/c/",
            "macs": [
                "00:1A:79:01:DB:50",
                "00:1A:79:04:CA:EE",
                "00:1A:79:4D:B9:B4",
                "00:1A:79:55:93:65",
                "00:1A:79:57:7F:BB",
                "00:1A:79:AD:73:12",
                "00:1A:79:B2:5A:CA",
                "00:1A:79:B3:7D:A4",
                "00:1A:79:B3:8D:76",
                "00:1A:79:B3:9A:C9",
                "00:1A:79:B6:68:7C",
                "00:1A:79:B9:E2:47",
                "00:1A:79:BA:F9:34",
                "00:1A:79:BC:E4:7D",
                "00:1A:79:C3:AB:D4"
            ]
        },
        {
            "server_name": "neuestv.com",
            "server_url": "http://neuestv.com/c/",
            "macs": [
                "00:1A:79:AA:7E:55",
                "00:1A:79:B6:72:3D",
                "00:1A:79:BE:66:CC",
                "00:1A:79:C7:91:F6",
                "00:1A:79:C8:61:93"
            ]
        },
        {
            "server_name": "esuniptvstream.com:88",
            "server_url": "http://esuniptvstream.com:88/c/",
            "macs": [
                "00:1A:79:44:8E:4B",
                "00:1A:79:73:3B:1F"
            ]
        },
        {
            "server_name": "nvs1hosting.live:25461",
            "server_url": "http://nvs1hosting.live:25461/c/",
            "macs": [
                "00:1A:79:A4:16:83",
                "00:1A:79:A4:18:C0",
                "00:1A:79:A4:1C:23",
                "00:1A:79:A8:12:DF",
                "00:1A:79:AA:EE:6D",
                "00:1A:79:B3:E6:DF",
                "00:1A:79:B6:98:3A",
                "00:1A:79:B8:A1:D6",
                "00:1A:79:C0:54:C6",
                "00:1A:79:C6:85:1C",
                "00:1A:79:C6:97:6B"
            ]
        }
    ]
}