{
    "items": [
        {
            "server_name": "m3u.rapid-ott.com:8080",
            "server_url": "http://m3u.rapid-ott.com:8080/c/",
            "macs": [
                "00:1A:79:02:D2:AE",
                "00:1A:79:08:ED:4C",
                "00:1A:79:08:F4:9B"
            ]
        },
        {
            "server_name": "rapid-4k.com",
            "server_url": "http://rapid-4k.com/c/",
            "macs": [
                "00:1A:79:58:14:FE"
            ]
        },
        {
            "server_name": "pal.alphatx.me:80",
            "server_url": "http://pal.alphatx.me:80/c/",
            "macs": [
                "00:1A:79:9E:25:68",
                "00:1A:79:00:08:24",
                "00:1A:79:02:02:FC"
            ]
        },
        {
            "server_name": "gtvstreams.me",
            "server_url": "http://gtvstreams.me/c/",
            "macs": [
                "00:1A:79:06:96:C8",
                "00:1A:79:AF:67:D0"
            ]
        },
        {
            "server_name": "main.light-ott.net",
            "server_url": "http://main.light-ott.net/c/",
            "macs": [
                "00:1A:79:1D:0B:C2",
                "00:1A:79:A2:08:6C",
                "00:1A:79:FB:0C:15"
            ]
        },
        {
            "server_name": "ibrafr.com:8789",
            "server_url": "http://ibrafr.com:8789/c/",
            "macs": [
                "00:1A:79:72:41:AE",
                "00:1A:79:A5:A8:B9"
            ]
        }
    ]
}