{
    "items": [
        {
            "server_name": "unreal.eztv4you.xyz:25461",
            "server_url": "http://unreal.eztv4you.xyz:25461/c/",
            "macs": [
                "00:1A:79:35:EF:33",
                "00:1A:79:44:B3:E5",
                "00:1A:79:4A:99:CC",
                "00:1A:79:4A:CB:CC",
                "00:1A:79:4C:0A:D9",
                "00:1A:79:4C:31:10",
                "00:1A:79:4C:31:12",
                "00:1A:79:4C:3B:52",
                "00:1A:79:55:20:B4",
                "00:1A:79:55:9C:AD",
                "00:1A:79:55:A1:7A",
                "00:1A:79:59:21:6A"
            ]
        },
        {
            "server_name": "line.gofast-tv.me",
            "server_url": "http://line.gofast-tv.me/c/",
            "macs": [
                "00:1A:79:98:0F:BA",
                "00:1A:79:B4:EB:63",
                "00:1A:79:BB:63:DE",
                "00:1A:79:CC:B7:D3",
                "00:1A:79:EE:58:AB"
            ]
        },
        {
            "server_name": "hdmiclub.online:8080",
            "server_url": "http://hdmiclub.online:8080/c/",
            "macs": [
                "00:1A:79:B1:FC:7B",
                "00:1A:79:BB:50:90",
                "00:1A:79:C6:C8:67"
            ]
        },
        {
            "server_name": "portal.free-net.tv",
            "server_url": "http://portal.free-net.tv/stalker_portal/c/",
            "macs": [
                "00:1A:79:41:D0:2B"
            ]
        },
        {
            "server_name": "iptvs4.ultapulta.com",
            "server_url": "http://iptvs4.ultapulta.com/stalker_portal/c/",
            "macs": [
                "00:1A:79:56:45:73"
            ]
        },
        {
            "server_name": "cbrlig.com:8080",
            "server_url": "http://cbrlig.com:8080/c/",
            "macs": [
                "00:1A:79:3A:C5:43"
            ]
        },
        {
            "server_name": "stb.iphd.tv",
            "server_url": "http://stb.iphd.tv/c/",
            "macs": [
                "00:1A:79:09:68:93",
                "00:1A:79:0B:65:A5",
                "00:1A:79:90:0C:8C",
                "00:1A:79:AB:E4:7D",
                "00:1A:79:B2:45:1A",
                "00:1A:79:B6:50:6F"
            ]
        },
        {
            "server_name": "fastrunner.live:8080",
            "server_url": "http://fastrunner.live:8080/c/",
            "macs": [
                "00:1A:79:A3:97:FD"
            ]
        }
    ]
}