{
    "items": [
        {
            "server_name": "kocaeli41.xyz:8000",
            "server_url": "http://kocaeli41.xyz:8000/c/",
            "macs": [
                "00:1A:79:6B:BB:EE",
                "00:1A:79:73:DA:61",
                "00:1A:79:85:49:54",
                "00:1A:79:90:EB:AA",
                "00:1A:79:A5:5B:5D",
                "00:1A:79:BA:91:28",
                "00:1A:79:BB:D1:26",
                "00:1A:79:F8:7C:4A"
            ]
        },
        {
            "server_name": "fultv.sytes.net:8080",
            "server_url": "http://fultv.sytes.net:8080/c/",
            "macs": [
                "00:1A:79:2D:38:95",
                "00:1A:79:B0:E7:AD"
            ]
        },
        {
            "server_name": "focusmag.eu01.live:8080",
            "server_url": "http://focusmag.eu01.live:8080/c/",
            "macs": [
                "00:2A:01:90:98:9E",
                "00:2A:01:90:98:AA",
                "00:2A:01:90:99:9E"
            ]
        },
        {
            "server_name": "essytv.xyz:8080",
            "server_url": "http://essytv.xyz:8080/c/",
            "macs": [
                "00:1A:79:B6:24:09"
            ]
        },
        {
            "server_name": "fleximediatv.co.uk:8080",
            "server_url": "http://fleximediatv.co.uk:8080/c/",
            "macs": [
                "00:1A:79:40:EC:21",
                "00:1A:79:42:68:F0"
            ]
        },
        {
            "server_name": "anything.ev20.net:8080",
            "server_url": "http://anything.ev20.net:8080/c/",
            "macs": [
                "00:1A:79:58:CA:93",
                "00:1A:79:AD:51:82"
            ]
        },
        {
            "server_name": "185.243.7.154",
            "server_url": "http://185.243.7.154/c/",
            "macs": [
                "00:1A:79:00:79:58",
                "00:1A:79:03:17:56",
                "00:1A:79:1A:7F:98",
                "00:1A:79:1E:A7:67",
                "00:1A:79:3A:26:6D",
                "00:1A:79:45:0C:6E",
                "00:1A:79:45:0F:AB",
                "00:1A:79:46:84:FB",
                "00:1A:79:53:30:8B",
                "00:1A:79:55:E5:8E",
                "00:1A:79:57:94:47",
                "00:1A:79:57:A0:1E",
                "00:1A:79:59:CE:E9",
                "00:1A:79:66:35:66",
                "00:1A:79:6C:74:88",
                "00:1A:79:70:06:1D",
                "00:1A:79:72:AB:D2",
                "00:1A:79:7D:7F:A3",
                "00:1A:79:A5:A5:10",
                "00:1A:79:A6:4D:62",
                "00:1A:79:A8:0B:FF",
                "00:1A:79:AD:23:7C",
                "00:1A:79:B3:48:F5",
                "00:1A:79:B5:61:AE",
                "00:1A:79:B6:23:13",
                "00:1A:79:B6:29:CD",
                "00:1A:79:BA:50:61",
                "00:1A:79:C1:58:65",
                "00:1A:79:C7:3E:03",
                "00:1A:79:E1:0E:18",
                "00:1A:79:F5:1C:35"
            ]
        },
        {
            "server_name": "ln.tabox.in:24651",
            "server_url": "http://ln.tabox.in:24651/c/",
            "macs": [
                "00:1A:79:6D:39:0B",
                "00:1A:79:AE:65:FC",
                "00:1A:79:B9:97:22"
            ]
        },
        {
            "server_name": "pp.prison8break.com:8080",
            "server_url": "http://pp.prison8break.com:8080/c/",
            "macs": [
                "00:1A:79:56:F2:80",
                "00:1A:79:6A:60:C0",
                "00:1A:79:B3:27:D6"
            ]
        },
        {
            "server_name": "89.45.13.153:25461",
            "server_url": "http://89.45.13.153:25461/c/",
            "macs": [
                "00:1A:79:B7:53:5A"
            ]
        },
        {
            "server_name": "mag.marsweb.co",
            "server_url": "http://mag.marsweb.co/c/",
            "macs": [
                "00:1A:79:A9:DA:92"
            ]
        },
        {
            "server_name": "77.222.53.238",
            "server_url": "http://77.222.53.238/stalker_portal/c/",
            "macs": [
                "00:1A:79:2C:55:27",
                "00:1A:79:99:32:80"
            ]
        },
        {
            "server_name": "ministra.torba.live",
            "server_url": "http://ministra.torba.live/stalker_portal/c/",
            "macs": [
                "00:1A:79:78:38:D1",
                "00:1A:79:F0:48:B9"
            ]
        },
        {
            "server_name": "ipwebtv.dyndns.tv:8000",
            "server_url": "http://ipwebtv.dyndns.tv:8000/c/",
            "macs": [
                "00:1A:79:0F:DE:DF",
                "00:1A:79:13:5F:A7",
                "00:1A:79:42:4F:26",
                "00:1A:79:45:89:01",
                "00:1A:79:4D:E7:0E",
                "00:1A:79:63:80:DC",
                "00:1A:79:6F:04:FA",
                "00:1A:79:92:1B:22",
                "00:1A:79:B1:52:12",
                "00:1A:79:C0:33:03",
                "00:1A:79:FB:3B:8F"
            ]
        },
        {
            "server_name": "localiptv.site:85",
            "server_url": "http://localiptv.site:85/c/",
            "macs": [
                "00:1A:79:57:9A:19"
            ]
        },
        {
            "server_name": "mutant.arrox.top",
            "server_url": "http://mutant.arrox.top/c/",
            "macs": [
                "00:1A:79:04:7D:62",
                "00:1A:79:15:16:DB",
                "00:1A:79:17:1E:18",
                "00:1A:79:18:27:4C",
                "00:1A:79:59:CF:BA",
                "00:1A:79:66:28:17",
                "00:1A:79:BF:52:3E",
                "00:1A:79:BF:91:43",
                "00:1A:79:C3:3B:E7",
                "00:1A:79:C3:5F:E4",
                "00:1A:79:C4:43:E8"
            ]
        },
        {
            "server_name": "5.206.227.184:8080",
            "server_url": "http://5.206.227.184:8080/c/",
            "macs": [
                "00:1A:79:1D:0C:B6",
                "00:1A:79:21:B0:8E",
                "00:1A:79:58:2A:AD",
                "00:1A:79:76:09:B7"
            ]
        },
        {
            "server_name": "21tv.net:8789",
            "server_url": "http://21tv.net:8789/c/",
            "macs": [
                "00:1A:79:00:00:09",
                "00:1A:79:6A:CE:52",
                "00:1A:79:73:93:4E",
                "00:1A:79:76:7A:09",
                "00:1A:79:7C:01:15",
                "00:1A:79:8C:D7:DA"
            ]
        },
        {
            "server_name": "93.119.105.62",
            "server_url": "http://93.119.105.62/c/",
            "macs": [
                "00:1A:79:00:8F:93",
                "00:1A:79:A4:4E:53"
            ]
        },
        {
            "server_name": "spacextv.live:8080",
            "server_url": "http://spacextv.live:8080/c/",
            "macs": [
                "00:1A:79:BC:D2:8C"
            ]
        },
        {
            "server_name": "foxx.pure-iptv.net:8080",
            "server_url": "http://foxx.pure-iptv.net:8080/c/",
            "macs": [
                "00:1A:79:AF:5C:06"
            ]
        },
        {
            "server_name": "fx-lv.com:8080",
            "server_url": "http://fx-lv.com:8080/c/",
            "macs": [
                "00:1A:79:16:84:14",
                "00:1A:79:19:21:1E",
                "00:1A:79:1C:0F:9F",
                "00:1A:79:60:B5:51",
                "00:1A:79:A3:C0:45",
                "00:1A:79:A9:E3:ED",
                "00:1A:79:B2:65:4B",
                "00:1A:79:BD:89:11",
                "00:1A:79:BE:5F:6F",
                "00:1A:79:BF:51:18",
                "00:1A:79:C1:BA:A8",
                "00:1A:79:C4:71:16",
                "00:1A:79:C7:EC:19",
                "00:1A:79:D3:B9:A8",
                "00:1A:79:FB:3F:E3"
            ]
        },
        {
            "server_name": "line.greatstar.me",
            "server_url": "http://line.greatstar.me/c/",
            "macs": [
                "00:1A:79:14:57:2B",
                "00:1A:79:22:13:D8",
                "00:1A:79:67:6C:C1",
                "00:1A:79:C2:AD:62"
            ]
        },
        {
            "server_name": "new.ivue.co:25461",
            "server_url": "http://new.ivue.co:25461/c/",
            "macs": [
                "00:1A:79:02:B8:5C",
                "00:1A:79:15:C4:4C",
                "00:1A:79:17:06:D6",
                "00:1A:79:2C:57:5D",
                "00:1A:79:3E:C7:5A",
                "00:1A:79:4E:37:CE",
                "00:1A:79:57:9F:3C",
                "00:1A:79:5D:F0:F5",
                "00:1A:79:6A:12:00",
                "00:1A:79:6B:BE:9C",
                "00:1A:79:75:00:EE",
                "00:1A:79:82:09:5E",
                "00:1A:79:98:05:AA",
                "00:1A:79:B7:50:41",
                "00:1A:79:B7:54:40",
                "00:1A:79:B8:48:3A",
                "00:1A:79:B8:49:85",
                "00:1A:79:B8:4C:7A",
                "00:1A:79:B8:4C:9D",
                "00:1A:79:B8:4E:93",
                "00:1A:79:B9:E5:2E",
                "00:1A:79:CB:1A:19",
                "00:1A:79:D4:57:E7"
            ]
        }
    ]
}