{
    "items": [
        {
            "server_name": "fr5k.com",
            "server_url": "http://fr5k.com/c/",
            "macs": [
                "00:1A:79:A8:6B:0C"
            ]
        },
        {
            "server_name": "sonymax.org:8080",
            "server_url": "http://sonymax.org:8080/c/",
            "macs": [
                "00:1A:79:6B:D0:AA"
            ]
        },
        {
            "server_name": "tv1.darktv.eu",
            "server_url": "http://tv1.darktv.eu/c/",
            "macs": [
                "00:1A:79:4B:EE:78",
                "00:1A:79:CA:2F:AA",
                "00:1A:79:45:98:DB",
                "00:1A:79:25:5F:FC"
            ]
        },
        {
            "server_name": "new.ivue.co:25461",
            "server_url": "http://new.ivue.co:25461/c/",
            "macs": [
                "00:1A:79:B8:4E:93",
                "00:1A:79:B8:48:3A",
                "00:1A:79:15:C4:4C",
                "00:1A:79:70:E2:97",
                "00:1A:79:58:11:68",
                "00:1A:79:C5:CB:A7",
                "00:1A:79:B8:4C:9D",
                "00:1A:79:63:E8:E2",
                "00:1A:79:6B:D8:A1",
                "00:1A:79:72:0B:3E",
                "00:1A:79:B9:E5:10",
                "00:1A:79:5C:87:23",
                "00:1A:79:E5:73:56",
                "00:1A:79:59:C2:C5",
                "00:1A:79:4C:C9:4D"
            ]
        },
        {
            "server_name": "neptun2022.pro:8080",
            "server_url": "http://neptun2022.pro:8080/c/",
            "macs": [
                "00:1a:79:55:ee:d9",
                "00:1a:79:6e:eb:c0"
            ]
        },
        {
            "server_name": "optimus-tv.org:8080",
            "server_url": "http://optimus-tv.org:8080/c/",
            "macs": [
                "00:1A:79:10:E1:2B",
                "00:1A:79:C0:01:47"
            ]
        }
    ]
}