{
    "items": [
        {
            "server_name": "aabb.is:2095",
            "server_url": "http://aabb.is:2095/c/",
            "macs": [
                "00:1A:79:72:75:50",
                "00:1A:79:AA:8A:01",
                "00:1A:79:CD:F9:E1",
                "00:1A:79:B7:29:E1",
                "00:1A:79:C8:7C:6F",
                "00:1A:79:BD:BB:22",
                "00:1A:79:CA:22:3C",
                "00:1A:79:B5:07:4C",
                "00:1A:79:52:CC:35",
                "00:1A:79:96:8D:8F",
                "00:1A:79:BF:EC:5B",
                "00:1A:79:5E:35:B1",
                "00:1A:79:B8:84:C4",
                "00:1A:79:46:6C:21"
            ]
        },
        {
            "server_name": "edge.19741977.network:8080",
            "server_url": "http://edge.19741977.network:8080/c/",
            "macs": [
                "00:1A:79:00:00:00"
            ]
        },
        {
            "server_name": "jk.icon1234.com",
            "server_url": "http://jk.icon1234.com/c/",
            "macs": [
                "00:1A:79:00:00:00"
            ]
        },
        {
            "server_name": "superiptvmalta.com",
            "server_url": "http://superiptvmalta.com/c/",
            "macs": [
                "00:1A:79:00:00:02"
            ]
        },
        {
            "server_name": "domo.nexirax.com:25443",
            "server_url": "http://domo.nexirax.com:25443/c/",
            "macs": [
                "00:1A:79:54:DA:07",
                "00:1A:79:F7:60:38",
                "00:1A:79:30:25:2D",
                "00:1A:79:5F:8A:4A",
                "00:1A:79:50:6F:85"
            ]
        },
        {
            "server_name": "cf.xoxpl8k.me:80",
            "server_url": "http://cf.xoxpl8k.me:80/c/",
            "macs": [
                "00:1a:79:70:20:b2",
                "00:1a:79:23:29:ef",
                "00:1a:79:60:50:bf"
            ]
        },
        {
            "server_name": "iptv.darktv.in:80",
            "server_url": "http://iptv.darktv.in:80/c/",
            "macs": [
                "00:1A:79:bc:e8:d7",
                "00:1A:79:6d:9c:5f"
            ]
        },
        {
            "server_name": "hdmiclub.online:8080",
            "server_url": "http://hdmiclub.online:8080/c/",
            "macs": [
                "00:1A:79:bc:aa:69",
                "00:1A:79:b0:dc:ee",
                "00:1A:79:a3:9c:d6"
            ]
        },
        {
            "server_name": "ratontv.com:80",
            "server_url": "http://ratontv.com:80/c/",
            "macs": [
                "00:1A:79:27:6f:1f",
                "00:1A:79:91:3f:e8"
            ]
        },
        {
            "server_name": "tv.psmarters.xyz:8080",
            "server_url": "http://tv.psmarters.xyz:8080/c/",
            "macs": [
                "00:1A:79:05:A2:AA",
                "00:1A:79:0A:38:2F",
                "00:1A:79:0C:A6:53",
                "00:1A:79:0C:A7:77",
                "00:1A:79:0C:A8:ED",
                "00:1A:79:0C:A8:07"
            ]
        },
        {
            "server_name": "cmjl.online:8080",
            "server_url": "http://cmjl.online:8080/c/",
            "macs": [
                "00:1A:79:05:8a:bc",
                "00:1A:79:52:93:77"
            ]
        },
        {
            "server_name": "mag.greatott.me",
            "server_url": "http://mag.greatott.me/c/",
            "macs": [
                "00:1a:79:00:01:3e"
            ]
        },
        {
            "server_name": "playlist3.ddns.net:8080",
            "server_url": "http://playlist3.ddns.net:8080/c/",
            "macs": [
                "00:1A:79:00:00:00"
            ]
        },
        {
            "server_name": "hdlocal.de:8080",
            "server_url": "http://hdlocal.de:8080/c/",
            "macs": [
                "00:1A:79:00:00:00"
            ]
        },
        {
            "server_name": "live.max4k.cc",
            "server_url": "http://live.max4k.cc/stalker_portal/c/",
            "macs": [
                "00:1A:79:81:DD:77"
            ]
        },
        {
            "server_name": "laurenlending.pproxy.cc",
            "server_url": "http://laurenlending.pproxy.cc/c/",
            "macs": [
                "00:1A:79:08:4E:96",
                "00:1A:79:3A:7C:A3",
                "00:1A:79:DE:69:75",
                "00:1A:79:1E:37:C8",
                "00:1A:79:A1:77:65",
                "00:1A:79:1D:F5:7B",
                "00:1A:79:5B:55:69"
            ]
        },
        {
            "server_name": "tvonpt.net",
            "server_url": "http://tvonpt.net/c/",
            "macs": [
                "00:1A:79:B0:C4:30",
                "00:1A:79:AC:5F:06",
                "00:1A:79:2E:AA:7C",
                "00:1A:79:80:9F:AB"
            ]
        },
        {
            "server_name": "200.26.188.66",
            "server_url": "http://200.26.188.66/c/",
            "macs": [
                "00:1A:79:AA:CD:62",
                "00:1a:79:57:e8:53",
                "00:1A:79:D7:7F:7F",
                "00:1A:79:19:3F:6A",
                "00:1A:79:1F:3F:D6",
                "00:1a:79:ba:15:26",
                "00:1a:79:3d:09:ad",
                "00:1A:79:19:22:1F",
                "00:1A:79:A2:86:7D",
                "00:1A:79:01:6F:55",
                "00:1A:79:18:23:8B"
            ]
        },
        {
            "server_name": "tv.kingreshare.eu:7711",
            "server_url": "http://tv.kingreshare.eu:7711/c/",
            "macs": [
                "00:1A:79:60:09:1D"
            ]
        },
        {
            "server_name": "4kgoott.com:2052",
            "server_url": "http://4kgoott.com:2052/c/",
            "macs": [
                "00:1A:79:C0:FD:03",
                "00:1A:79:FB:97:80",
                "00:1A:79:5E:CC:B6",
                "00:1A:79:C2:17:15",
                "00:1A:79:6B:7C:64",
                "00:1A:79:6B:D0:A1",
                "00:1A:79:64:30:55"
            ]
        },
        {
            "server_name": "starshare.live:8080",
            "server_url": "http://starshare.live:8080/c/",
            "macs": [
                "00:1A:79:00:00:00"
            ]
        },
        {
            "server_name": "spacextv.live:8080",
            "server_url": "http://spacextv.live:8080/c/",
            "macs": [
                "00:1A:79:4d:02:58",
                "00:1A:79:6e:2b:ec"
            ]
        },
        {
            "server_name": "xc.xvip58.xyz:8080",
            "server_url": "http://xc.xvip58.xyz:8080/c/",
            "macs": [
                "00:1A:79:6f:c1:79"
            ]
        },
        {
            "server_name": "digital121.xyz:80",
            "server_url": "http://digital121.xyz:80/c/",
            "macs": [
                "00:1A:79:e4:cd:0d",
                "00:1A:79:c8:03:fc"
            ]
        },
        {
            "server_name": "iptv.darktv.in:80",
            "server_url": "http://iptv.darktv.in:80/c/",
            "macs": [
                "00:1A:79:a2:67:2a",
                "00:1A:79:6b:09:0c",
                "00:1A:79:70:f7:c9"
            ]
        }
    ]
}