{
    "items": [
        {
            "server_name": "darknetiptv1.ddns.net:25461",
            "server_url": "http://darknetiptv1.ddns.net:25461/c/",
            "macs": [
                "00:1A:79:40:19:28"
            ]
        },
        {
            "server_name": "p1.iptvrocket.tv:80",
            "server_url": "http://p1.iptvrocket.tv:80/c/",
            "macs": [
                "00:1a:79:a2:16:96",
                "00:1a:79:f7:24:46",
                "00:1a:79:b6:c7:60",
                "00:1a:79:72:6a:dd",
                "00:1a:79:62:37:66",
                "00:1a:79:79:20:8e",
                "00:1a:79:0a:4a:0f",
                "00:1a:79:11:29:23",
                "00:1a:79:02:74:a3",
                "00:1a:79:30:89:35",
                "00:1a:79:20:38:45",
                "00:1a:79:a6:35:75",
                "00:1a:79:ae:f9:7e"
            ]
        },
        {
            "server_name": "tp.nxdns4.com:8080",
            "server_url": "http://tp.nxdns4.com:8080/c/",
            "macs": [
                "00:1A:79:2B:DA:5F",
                "00:1A:79:5D:8B:53",
                "00:1A:79:78:97:51",
                "00:1A:79:59:77:24",
                "00:1A:79:76:24:E8",
                "00:1A:79:48:64:06",
                "00:1A:79:9D:E7:A5"
            ]
        },
        {
            "server_name": "001004.eu:8080",
            "server_url": "http://001004.eu:8080/c/",
            "macs": [
                "00:1a:79:af:63:7c",
                "00:1a:79:ad:aa:4b",
                "00:1a:79:a7:d8:7a",
                "00:1a:79:ad:a0:b1"
            ]
        },
        {
            "server_name": "149.56.23.36",
            "server_url": "http://149.56.23.36/stalker_portal/c/",
            "macs": [
                "00:1A:79:15:79:99",
                "00:1A:79:2D:40:D4",
                "00:1A:79:38:C3:F3",
                "00:1A:79:25:91:78",
                "00:1A:79:1C:F0:6B",
                "00:1A:79:24:31:9A",
                "00:1A:79:0B:3B:15",
                "00:1A:79:30:BB:0C",
                "00:1A:79:2F:8B:A0",
                "00:1A:79:0B:64:61",
                "00:1A:79:0B:73:79",
                "00:1A:79:24:D4:49",
                "00:1A:79:0B:40:9F",
                "00:1A:79:2D:7E:04",
                "00:1A:79:25:A9:E1"
            ]
        },
        {
            "server_name": "pdata.ddns.me:8080",
            "server_url": "http://pdata.ddns.me:8080/c/",
            "macs": [
                "00:1A:79:B1:84:54",
                "00:1A:79:CC:0F:69",
                "00:1A:79:B2:20:B9",
                "00:1A:79:8E:B8:9E",
                "00:1A:79:BF:AA:A7",
                "00:1A:79:B1:FE:FD",
                "00:1A:79:04:A9:51",
                "00:1A:79:C3:AF:87",
                "00:1A:79:B2:3C:2F",
                "00:1A:79:69:45:C5",
                "00:1A:79:05:7B:D5"
            ]
        },
        {
            "server_name": "starshare.live:8080",
            "server_url": "http://starshare.live:8080/c/",
            "macs": [
                "00:1A:79:A9:8F:DE",
                "00:1A:79:5E:4D:3E",
                "00:1A:79:78:47:23",
                "00:1A:79:A4:80:9B",
                "00:1A:79:F9:9D:69",
                "00:1A:79:23:37:07",
                "00:1A:79:79:A2:32",
                "00:1A:79:0A:D5:AE",
                "00:1A:79:64:AB:69",
                "00:1A:79:26:FA:7C"
            ]
        },
        {
            "server_name": "154.16.143.181:8080",
            "server_url": "http://154.16.143.181:8080/c/",
            "macs": [
                "00:1A:79:7D:96:10",
                "00:1A:79:C1:3A:35",
                "00:1A:79:75:C8:46",
                "00:1A:79:79:1C:9C",
                "00:1A:79:12:66:A9",
                "00:1A:79:85:E6:38",
                "00:1A:79:A4:05:93",
                "00:1A:79:FB:3D:98",
                "00:1A:79:B0:02:BC",
                "00:1A:79:76:1C:76"
            ]
        },
        {
            "server_name": "invale.parti",
            "server_url": "http://invale.parti/c/",
            "macs": [
                "00:1A:79:C8:1C:D1",
                "00:1A:79:A1:67:51",
                "00:1A:79:3B:46:CC",
                "00:1A:79:A4:53:48",
                "00:1A:79:25:17:C6",
                "00:1A:79:C6:C5:7D",
                "00:1A:79:25:86:35",
                "00:1A:79:A6:D9:CF"
            ]
        },
        {
            "server_name": "hawkpt.cc:8080",
            "server_url": "http://hawkpt.cc:8080/c/",
            "macs": [
                "00:1A:79:64:B8:49",
                "00:1A:79:A6:F2:2F",
                "00:1A:79:C4:75:A2",
                "00:1A:79:AD:D2:F5",
                "00:1A:79:A2:6E:79",
                "00:1A:79:D4:C1:17",
                "00:1A:79:B9:9C:2B",
                "00:1A:79:B0:BD:DE",
                "00:1A:79:A1:A0:7D",
                "00:1A:79:BD:56:72",
                "00:1A:79:53:3C:EC",
                "00:1A:79:46:4E:03",
                "00:1A:79:B1:F4:A5",
                "00:1A:79:B5:59:EF",
                "00:1A:79:44:FB:0F",
                "00:1A:79:AF:56:B4",
                "00:1A:79:40:35:87"
            ]
        },
        {
            "server_name": "51.91.57.198",
            "server_url": "http://51.91.57.198/stalker_portal/c/",
            "macs": [
                "00:1A:79:0F:1A:10",
                "00:1A:79:35:37:A5",
                "00:1A:79:33:50:B5",
                "00:1A:79:38:63:37",
                "00:1A:79:3E:D7:57",
                "00:1A:79:32:5F:E5",
                "00:1A:79:38:15:FF",
                "00:1A:79:20:FF:75",
                "00:1A:79:3E:D6:2C",
                "00:1A:79:36:BF:E9",
                "00:1A:79:32:5F:EA",
                "00:1A:79:2D:86:58",
                "00:1A:79:2B:C0:18",
                "00:1A:79:36:B9:84",
                "00:1A:79:32:61:BB"
            ]
        },
        {
            "server_name": "ip.ktlsattv.com",
            "server_url": "http://ip.ktlsattv.com/c/",
            "macs": [
                "00:1A:79:B8:77:18",
                "00:1A:79:68:2F:4C",
                "00:1A:79:34:30:64",
                "00:1A:79:BF:F8:56",
                "00:1A:79:19:6F:72",
                "00:1A:79:CB:8F:E0",
                "00:1A:79:BD:3C:A1",
                "00:1A:79:19:6F:76",
                "00:1A:79:1F:B2:73",
                "00:1A:79:BF:F8:52",
                "00:1A:79:B5:C9:B4"
            ]
        },
        {
            "server_name": "162.19.37.133:8080",
            "server_url": "http://162.19.37.133:8080/c/",
            "macs": [
                "00:1A:79:CE:0E:DD",
                "00:1A:79:D9:50:75",
                "00:1A:79:BD:97:48",
                "00:1A:79:FB:06:6D",
                "00:1A:79:70:0E:21",
                "00:1A:79:CA:E5:53",
                "00:1A:79:FB:19:2F",
                "00:1A:79:FB:0C:C9",
                "00:1A:79:71:3A:CD"
            ]
        },
        {
            "server_name": "darknetiptv1.ddns.net:25461",
            "server_url": "http://darknetiptv1.ddns.net:25461/c/",
            "macs": [
                "00:1A:79:40:19:28",
                "00:1A:79:83:04:32",
                "00:1A:79:B8:46:91"
            ]
        },
        {
            "server_name": "astro.felix19.com:25461",
            "server_url": "http://astro.felix19.com:25461/c/",
            "macs": [
                "00:1A:79:00:00:00"
            ]
        },
        {
            "server_name": "main.light-ott.net:80",
            "server_url": "http://main.light-ott.net:80/c/",
            "macs": [
                "00:1A:79:00:00:00"
            ]
        },
        {
            "server_name": "21tv.net:2052",
            "server_url": "http://21tv.net:2052/c/",
            "macs": [
                "00:1A:79:DD:EF:BE"
            ]
        },
        {
            "server_name": "4kplus.org:80",
            "server_url": "http://4kplus.org:80/c/",
            "macs": [
                "00:1A:79:00:96:C6"
            ]
        },
        {
            "server_name": "ozone.3303.io",
            "server_url": "http://ozone.3303.io/stalker_portal/c/",
            "macs": [
                "00:1A:79:85:7D:94",
                "00:1A:79:03:F4:1D",
                "00:1A:79:35:62:36",
                "00:1A:79:EF:6B:BE"
            ]
        },
        {
            "server_name": "new.atntv.cc",
            "server_url": "http://new.atntv.cc/stalker_portal/c/",
            "macs": [
                "00:1A:79:AA:3A:8C",
                "00:1A:79:F6:EB:02",
                "00:1A:79:5B:73:F0"
            ]
        },
        {
            "server_name": "abc.jiotv.de",
            "server_url": "http://abc.jiotv.de/stalker_portal/c/",
            "macs": [
                "00:1A:79:35:6B:99",
                "00:1A:79:99:05:58",
                "00:1A:79:88:FF:CD",
                "00:1A:79:88:FF:CD"
            ]
        },
        {
            "server_name": "new.dittotvv.cc",
            "server_url": "http://new.dittotvv.cc/stalker_portal/c/",
            "macs": [
                "00:1A:79:66:61:39",
                "00:1A:79:38:CF:F9"
            ]
        },
        {
            "server_name": "sky.dittotvv.cc",
            "server_url": "http://sky.dittotvv.cc/stalker_portal/c/",
            "macs": [
                "00:1A:79:9C:E9:9F",
                "00:1A:79:E6:6C:FF"
            ]
        },
        {
            "server_name": "pdata.ddns.me:8080",
            "server_url": "http://pdata.ddns.me:8080/c/",
            "macs": [
                "00:1A:79:B1:84:54",
                "00:1A:79:CC:0F:69",
                "00:1A:79:B2:20:B9",
                "00:1A:79:8E:B8:9E",
                "00:1A:79:BF:AA:A7",
                "00:1A:79:B1:FE:FD",
                "00:1A:79:04:A9:51",
                "00:1A:79:C3:AF:87",
                "00:1A:79:B2:3C:2F"
            ]
        },
        {
            "server_name": "001004.eu:8080",
            "server_url": "http://001004.eu:8080/c/",
            "macs": [
                "00:1a:79:af:63:7c",
                "00:1a:79:ad:aa:4b",
                "00:1a:79:a7:d8:7a",
                "00:1a:79:ac:c5:59",
                "00:1a:79:ad:a0:b1"
            ]
        },
        {
            "server_name": "pxy.proxytx.cloud",
            "server_url": "http://pxy.proxytx.cloud/c/",
            "macs": [
                "00:1A:79:62:B3:A0",
                "00:1A:79:B5:0F:C5"
            ]
        },
        {
            "server_name": "tkosportz.live:25461",
            "server_url": "http://tkosportz.live:25461/c/",
            "macs": [
                "00:1A:79:E6:46:46"
            ]
        },
        {
            "server_name": "streamcode.one:2082",
            "server_url": "http://streamcode.one:2082/c/",
            "macs": [
                "00:1A:79:68:27:5C"
            ]
        },
        {
            "server_name": "gtvstreams.me",
            "server_url": "http://gtvstreams.me/c/",
            "macs": [
                "00:1A:79:3E:78:68",
                "00:1A:79:A1:CF:35"
            ]
        },
        {
            "server_name": "darktv.nl",
            "server_url": "http://darktv.nl/c/",
            "macs": [
                "00:1A:79:34:0A:19",
                "00:1A:79:32:B7:51",
                "00:1A:79:AB:5A:2D",
                "00:1A:79:DD:3F:F2",
                "00:1A:79:C6:93:55"
            ]
        },
        {
            "server_name": "line.greatstar.me:80",
            "server_url": "http://line.greatstar.me:80/c/",
            "macs": [
                "00:1A:79:71:49:8a",
                "00:1A:79:cf:21:f9",
                "00:1A:79:cf:21:f9",
                "00:1A:79:12:21:28",
                "00:1A:79:0f:2f:99",
                "00:1A:79:91:7f:62",
                "00:1A:79:c3:e3:47",
                "00:1A:79:c3:e3:47",
                "00:1A:79:b5:97:5b",
                "00:1A:79:73:64:16",
                "00:1A:79:73:64:16",
                "00:1A:79:52:0b:5e"
            ]
        },
        {
            "server_name": "tkosportz.live:25461",
            "server_url": "http://tkosportz.live:25461/c/",
            "macs": [
                "00:1A:79:68:82:15",
                "00:1A:79:6F:49:42",
                "00:1A:79:E6:06:31",
                "00:1A:79:E6:50:56",
                "00:1A:79:E5:88:AD",
                "00:1A:79:E6:4F:EE",
                "00:1A:79:E6:46:08",
                "00:1A:79:E6:4B:78",
                "00:1A:79:E6:52:12"
            ]
        },
        {
            "server_name": "149.56.23.36",
            "server_url": "http://149.56.23.36/stalker_portal/c/",
            "macs": [
                "00:1A:79:15:79:99",
                "00:1A:79:2D:40:D4",
                "00:1A:79:2B:E8:EE",
                "00:1A:79:38:C3:F3",
                "00:1A:79:25:91:78",
                "00:1A:79:1C:F0:6B",
                "00:1A:79:24:31:9A",
                "00:1A:79:0B:3B:15",
                "00:1A:79:30:BB:0C",
                "00:1A:79:2F:8B:A0",
                "00:1A:79:0B:64:61",
                "00:1A:79:0B:73:79",
                "00:1A:79:24:D4:49",
                "00:1A:79:0B:40:9F",
                "00:1A:79:2D:7E:04",
                "00:1A:79:25:A9:E1"
            ]
        },
        {
            "server_name": "21tv.net:8789",
            "server_url": "http://21tv.net:8789/c/",
            "macs": [
                "00:1A:79:BA:49:17",
                "00:1A:79:68:EA:64",
                "00:1A:79:63:55:AC"
            ]
        },
        {
            "server_name": "smart4k.cc",
            "server_url": "http://smart4k.cc/stalker_portal/c/",
            "macs": [
                "00:1A:79:7B:20:5A",
                "00:1A:79:68:0C:F0"
            ]
        },
        {
            "server_name": "tkosportz.live:25461",
            "server_url": "http://tkosportz.live:25461/c/",
            "macs": [
                "00:1A:79:E6:4D:38",
                "00:1A:79:E6:CF:F2",
                "00:1A:79:E6:4D:E5",
                "00:1A:79:E6:DE:D9",
                "00:1A:79:E6:D0:2F",
                "00:1A:79:E6:4A:1B",
                "00:1A:79:72:EA:AE"
            ]
        },
        {
            "server_name": "streamcode.one:2082",
            "server_url": "http://streamcode.one:2082/c/",
            "macs": [
                "00:1A:79:68:5A:4B",
                "00:1A:79:1F:CF:87"
            ]
        },
        {
            "server_name": "51.91.57.198",
            "server_url": "http://51.91.57.198/stalker_portal/c/",
            "macs": [
                "00:1A:79:0F:1A:10",
                "00:1A:79:35:37:A5",
                "00:1A:79:33:50:B5",
                "00:1A:79:38:63:37",
                "00:1A:79:3E:D7:57",
                "00:1A:79:32:5F:E5",
                "00:1A:79:38:15:FF",
                "00:1A:79:20:FF:75",
                "00:1A:79:3E:D6:2C",
                "00:1A:79:36:BF:E9",
                "00:1A:79:32:5F:EA",
                "00:1A:79:2D:86:58",
                "00:1A:79:2B:C0:18",
                "00:1A:79:36:B9:84",
                "00:1A:79:32:61:BB",
                "00:1A:79:2F:BF:4D"
            ]
        },
        {
            "server_name": "zupanet.live:8080",
            "server_url": "http://zupanet.live:8080/c/",
            "macs": [
                "00:1A:79:55:12:59",
                "00:1A:79:1F:B2:2C",
                "00:1A:79:F1:5E:A8",
                "00:1A:79:C9:40:11",
                "00:1A:79:2A:D2:CD",
                "00:1A:79:9B:80:8E",
                "00:1A:79:6D:83:76",
                "00:1A:79:D4:0F:54"
            ]
        }
    ]
}