{
    "items": [
        {
            "server_name": "pro.xviptv.com",
            "server_url": "http://pro.xviptv.com/c/",
            "macs": [
                "00:1A:79:32:71:A1"
            ]
        },
        {
            "server_name": "starshare.live:8080",
            "server_url": "http://starshare.live:8080/c/",
            "macs": [
                "00:1A:79:13:BE:E1",
                "00:1A:79:20:3A:8A",
                "00:1A:79:7B:1E:66",
                "00:1A:79:8D:42:36",
                "00:1A:79:C3:D2:D5",
                "00:1A:79:D1:B6:D7",
                "00:1A:79:D8:B5:45"
            ]
        },
        {
            "server_name": "plustv.ws:80",
            "server_url": "http://plustv.ws:80/c/",
            "macs": [
                "00:1A:79:0B:BB:B5",
                "00:1A:79:17:02:6A",
                "00:1A:79:17:0F:06",
                "00:1A:79:32:1F:22",
                "00:1A:79:90:0B:C3",
                "00:1A:79:91:16:AA",
                "00:1A:79:A4:3F:45",
                "00:1A:79:B2:6F:2D",
                "00:1A:79:C5:35:07",
                "00:1A:79:FA:02:BD"
            ]
        },
        {
            "server_name": "pdata.ddns.me:8080",
            "server_url": "http://pdata.ddns.me:8080/c/",
            "macs": [
                "00:1A:79:28:24:97",
                "00:1A:79:31:2F:29",
                "00:1A:79:49:61:2F",
                "00:1A:79:5A:74:0F",
                "00:1A:79:5C:24:03",
                "00:1A:79:64:C5:77",
                "00:1A:79:66:27:A0",
                "00:1A:79:78:74:12",
                "00:1A:79:A1:60:32",
                "00:1A:79:A2:F3:84",
                "00:1A:79:A3:70:67",
                "00:1A:79:A3:A6:9E",
                "00:1A:79:A3:B9:E6",
                "00:1A:79:A3:BF:23",
                "00:1A:79:AD:71:34",
                "00:1A:79:AE:86:8D",
                "00:1A:79:AE:8C:68",
                "00:1A:79:B0:B2:02",
                "00:1A:79:B0:D8:1A",
                "00:1A:79:B2:65:4B",
                "00:1A:79:B3:64:20",
                "00:1A:79:B3:A1:CF",
                "00:1A:79:B3:D0:42",
                "00:1A:79:B4:F0:D2",
                "00:1A:79:B6:48:91",
                "00:1A:79:B8:88:E5",
                "00:1A:79:B9:16:0D",
                "00:1A:79:BA:0B:4E",
                "00:1A:79:BA:81:AA",
                "00:1A:79:BC:F5:E5",
                "00:1A:79:BD:2F:62",
                "00:1A:79:BE:54:AD",
                "00:1A:79:BF:50:A7",
                "00:1A:79:BF:F9:10",
                "00:1A:79:C1:CA:5B",
                "00:1A:79:C1:F0:41",
                "00:1A:79:C2:89:46",
                "00:1A:79:C2:97:78",
                "00:1A:79:C5:B9:4A",
                "00:1A:79:C6:23:17",
                "00:1A:79:C6:26:71",
                "00:1A:79:C7:7A:48",
                "00:1A:79:C7:C5:22",
                "00:1A:79:C7:C9:E4",
                "00:1A:79:CB:87:BA",
                "00:1A:79:CB:9A:9B",
                "00:1A:79:CC:31:A6",
                "00:1A:79:CD:08:D8",
                "00:1A:79:CE:28:02",
                "00:1A:79:D8:FA:42",
                "00:1A:79:F0:03:7C",
                "00:1A:79:F5:0E:3A",
                "00:1A:79:FA:08:57",
                "00:1A:79:FB:00:D9",
                "00:1A:79:FB:07:82",
                "00:1A:79:FB:0D:10",
                "00:1A:79:FB:1C:B2",
                "00:1A:79:FB:1F:62",
                "00:1A:79:FB:26:96",
                "00:1A:79:FB:31:F9",
                "00:1A:79:FB:35:6B",
                "00:1A:79:FB:37:DE",
                "00:1A:79:FB:3D:7E",
                "00:1A:79:FB:41:23",
                "00:1A:79:FB:43:02"
            ]
        },
        {
            "server_name": "st1.ipweb.site",
            "server_url": "http://st1.ipweb.site/stalker_portal/c/",
            "macs": [
                "00:1A:79:00:7F:45",
                "00:1A:79:0C:66:50",
                "00:1A:79:10:B8:2C",
                "00:1A:79:14:EA:F7",
                "00:1A:79:35:A1:50",
                "00:1A:79:45:18:58",
                "00:1A:79:4A:C4:A2",
                "00:1A:79:4E:BE:C1",
                "00:1A:79:57:17:5E",
                "00:1A:79:5C:29:90",
                "00:1A:79:63:80:3D",
                "00:1A:79:6A:12:47",
                "00:1A:79:6C:52:8E",
                "00:1A:79:6D:68:7B",
                "00:1A:79:6F:B4:C8",
                "00:1A:79:72:6F:74",
                "00:1A:79:73:31:D4",
                "00:1A:79:73:DF:45",
                "00:1A:79:76:73:F0",
                "00:1A:79:77:A1:4A",
                "00:1A:79:7C:D5:34",
                "00:1A:79:A9:DC:56",
                "00:1A:79:B2:61:C7",
                "00:1A:79:DE:90:7F",
                "00:1A:79:F0:B5:81"
            ]
        },
        {
            "server_name": "ch.bosstv.live:8080",
            "server_url": "http://ch.bosstv.live:8080/c/",
            "macs": [
                "00:1A:79:BA:38:20"
            ]
        },
        {
            "server_name": "tv.greatstar.me",
            "server_url": "http://tv.greatstar.me/c/",
            "macs": [
                "00:1A:79:0C:5F:C3",
                "00:1A:79:19:FB:56",
                "00:1A:79:1D:B8:80",
                "00:1A:79:43:30:8C",
                "00:1A:79:4A:E7:85",
                "00:1A:79:4F:50:B6",
                "00:1A:79:53:D7:40",
                "00:1A:79:60:46:DA",
                "00:1A:79:65:30:63",
                "00:1A:79:69:06:DA",
                "00:1A:79:73:C1:45",
                "00:1A:79:77:78:9B",
                "00:1A:79:7B:C8:DD",
                "00:1A:79:7D:0F:4D",
                "00:1A:79:7D:A0:3D",
                "00:1A:79:90:45:EA",
                "00:1A:79:94:73:AF",
                "00:1A:79:A6:34:C5",
                "00:1A:79:B4:AE:12",
                "00:1A:79:BB:81:3A",
                "00:1A:79:BE:75:EB",
                "00:1A:79:C0:06:EA",
                "00:1A:79:C1:2C:F7",
                "00:1A:79:C2:B4:BA",
                "00:1A:79:C4:8F:A5",
                "00:1A:79:C4:C5:17",
                "00:1A:79:C5:83:E9",
                "00:1A:79:CB:3D:32",
                "00:1A:79:CC:95:59",
                "00:1A:79:D3:8B:B1",
                "00:1A:79:D9:B3:9B",
                "00:1A:79:DC:7F:58",
                "00:1A:79:E5:FD:C7",
                "00:1A:79:E7:78:06"
            ]
        },
        {
            "server_name": "tp.nxdns4.com:8080",
            "server_url": "http://tp.nxdns4.com:8080/c/",
            "macs": [
                "00:1A:79:4C:75:00",
                "00:1A:79:52:4A:ED",
                "00:1A:79:5C:05:50",
                "00:1A:79:5D:FD:CA",
                "00:1A:79:6D:9A:8E",
                "00:1A:79:79:7D:EE",
                "00:1A:79:79:D3:68",
                "00:1A:79:91:D3:94",
                "00:1A:79:A4:80:8C",
                "00:1A:79:A5:E6:D9",
                "00:1A:79:B1:60:7F",
                "00:1A:79:B5:21:CF",
                "00:1A:79:DF:44:18"
            ]
        }
    ]
}