{
    "items": [
        {
            "server_name": "global4k.info:8080",
            "server_url": "http://global4k.info:8080/c/",
            "macs": [
                "00:1A:79:63:C5:66",
                "00:1A:79:6E:29:B9",
                "00:1A:79:81:DB:2F",
                "00:1A:79:C7:9A:CD"
            ]
        },
        {
            "server_name": "optimus-tv.org:8080",
            "server_url": "http://optimus-tv.org:8080/c/",
            "macs": [
                "00:1A:79:08:E3:1C",
                "00:1A:79:0E:37:FF",
                "00:1A:79:6B:BB:A8",
                "00:1A:79:A0:E6:E4"
            ]
        },
        {
            "server_name": "tp.nxdns4.com:8080",
            "server_url": "http://tp.nxdns4.com:8080/c/",
            "macs": [
                "00:1A:79:58:9B:BC",
                "00:1A:79:95:F6:01",
                "00:1A:79:C0:94:42",
                "00:1A:79:FB:54:FE"
            ]
        },
        {
            "server_name": "tv.premiumplus.tv",
            "server_url": "http://tv.premiumplus.tv/c/",
            "macs": [
                "00:1A:79:1C:06:B8",
                "00:1A:79:20:B4:81",
                "00:1A:79:49:05:C7",
                "00:1A:79:54:E6:A3",
                "00:1A:79:6B:D6:3F",
                "00:1A:79:8B:AA:17",
                "00:1A:79:BB:68:31",
                "00:1A:79:BB:EF:51",
                "00:1A:79:CB:A2:57",
                "00:1A:79:D9:99:C8"
            ]
        },
        {
            "server_name": "promaxhd.com:8080",
            "server_url": "http://promaxhd.com:8080/c/",
            "macs": [
                "00:1A:79:00:04:DF",
                "00:1A:79:5F:25:9D",
                "00:1A:79:FB:5B:FB"
            ]
        },
        {
            "server_name": "telekom69.site:2086",
            "server_url": "http://telekom69.site:2086/c/",
            "macs": [
                "00:1A:79:48:82:8B"
            ]
        },
        {
            "server_name": "new.ivue.co:25461",
            "server_url": "http://new.ivue.co:25461/c/",
            "macs": [
                "00:1A:79:68:7C:3C",
                "00:1A:79:97:F2:16"
            ]
        },
        {
            "server_name": "1.gujaratsat.live",
            "server_url": "http://1.gujaratsat.live/c/",
            "macs": [
                "00:1A:79:11:83:25",
                "00:1A:79:7B:D5:DF",
                "00:1A:79:8D:0F:60"
            ]
        },
        {
            "server_name": "dinka-iptv.live",
            "server_url": "http://dinka-iptv.live/c/",
            "macs": [
                "00:1A:79:09:94:7A",
                "00:1A:79:45:8D:50",
                "00:1A:79:54:DD:2B"
            ]
        },
        {
            "server_name": "mag.ukhd.tv:80",
            "server_url": "http://mag.ukhd.tv:80/c/",
            "macs": [
                "00:1A:79:0D:56:2A",
                "00:1A:79:28:5F:2A",
                "00:1A:79:41:E5:37",
                "00:1A:79:6F:6F:C3",
                "00:1A:79:A9:1F:32"
            ]
        },
        {
            "server_name": "iptv.magikserv.com",
            "server_url": "http://iptv.magikserv.com/c/",
            "macs": [
                "00:1A:79:C8:1D:94"
            ]
        },
        {
            "server_name": "fhdtv.club:8080",
            "server_url": "http://fhdtv.club:8080/c/",
            "macs": [
                "00:1A:79:0C:52:C4",
                "00:1A:79:47:A8:AF",
                "00:1A:79:52:29:79",
                "00:1A:79:BE:40:29",
                "00:1A:79:C9:D8:97"
            ]
        },
        {
            "server_name": "besttv.club:8080",
            "server_url": "http://besttv.club:8080/c/",
            "macs": [
                "00:1A:79:4B:1B:25",
                "00:1A:79:FB:07:6B"
            ]
        },
        {
            "server_name": "185.243.7.154",
            "server_url": "http://185.243.7.154/c/",
            "macs": [
                "00:1A:79:1E:04:05",
                "00:1A:79:28:61:67",
                "00:1A:79:46:38:5C",
                "00:1A:79:52:AB:EA",
                "00:1A:79:5F:CF:9C",
                "00:1A:79:65:10:01",
                "00:1A:79:7C:C5:52",
                "00:1A:79:7D:69:E9",
                "00:1A:79:B9:D3:D2",
                "00:1A:79:BA:19:C7",
                "00:1A:79:E6:40:72"
            ]
        },
        {
            "server_name": "world.marvelhd.eu:8000",
            "server_url": "http://world.marvelhd.eu:8000/c/",
            "macs": [
                "00:1A:79:41:2E:22",
                "00:1A:79:49:DF:1B",
                "00:1A:79:4D:97:F2",
                "00:1A:79:5E:0C:66",
                "00:1A:79:7D:55:46",
                "00:1A:79:A3:A5:2F"
            ]
        },
        {
            "server_name": "162.19.37.133:8080",
            "server_url": "http://162.19.37.133:8080/c/",
            "macs": [
                "00:1A:79:D2:2B:AC"
            ]
        },
        {
            "server_name": "sonymax.org:8080",
            "server_url": "http://sonymax.org:8080/c/",
            "macs": [
                "00:1A:79:43:82:61",
                "00:1A:79:91:D3:DE"
            ]
        },
        {
            "server_name": "ip.sltv.xyz:8080",
            "server_url": "http://ip.sltv.xyz:8080/c/",
            "macs": [
                "00:1A:79:EC:DC:0A"
            ]
        },
        {
            "server_name": "nunal.livrexs.xyz",
            "server_url": "http://nunal.livrexs.xyz/c/",
            "macs": [
                "00:1A:79:C1:EE:98"
            ]
        },
        {
            "server_name": "portal.entertainmentxl.com:8080",
            "server_url": "http://portal.entertainmentxl.com:8080/c/",
            "macs": [
                "00:1A:79:76:3A:1F",
                "00:1A:79:C0:89:5D"
            ]
        },
        {
            "server_name": "51.159.70.234:80",
            "server_url": "http://51.159.70.234:80/stalker_portal/c/",
            "macs": [
                "00:1A:79:59:18:D9",
                "00:1A:79:63:B7:CC",
                "00:1A:79:85:8F:66",
                "00:1A:79:A7:DC:B0",
                "00:1A:79:E7:55:2A",
                "00:1A:79:ED:5F:E0"
            ]
        },
        {
            "server_name": "51.91.57.198",
            "server_url": "http://51.91.57.198/stalker_portal/c/",
            "macs": [
                "00:1A:79:0D:FD:61",
                "00:1A:79:2B:99:71",
                "00:1A:79:53:EC:3B",
                "00:1A:79:63:89:53",
                "00:1A:79:6E:64:68",
                "00:1A:79:AF:73:7B",
                "00:1A:79:C1:E5:29"
            ]
        },
        {
            "server_name": "plustv.ws:80",
            "server_url": "http://plustv.ws:80/c/",
            "macs": [
                "00:1A:79:05:3F:A4",
                "00:1A:79:1D:9F:8B",
                "00:1A:79:30:9F:24",
                "00:1A:79:32:1F:4A",
                "00:1A:79:84:59:BE",
                "00:1A:79:A4:4F:04",
                "00:1A:79:AC:53:17",
                "00:1A:79:B2:2F:6E"
            ]
        },
        {
            "server_name": "21-x1.com",
            "server_url": "http://21-x1.com/c/",
            "macs": [
                "00:1A:79:00:00:02",
                "00:1A:79:00:00:6A",
                "00:1A:79:00:05:04",
                "00:1A:79:00:0A:7E",
                "00:1A:79:00:1B:F5",
                "00:1A:79:00:3A:A4",
                "00:1A:79:00:3B:85",
                "00:1A:79:00:3B:EE",
                "00:1A:79:00:3C:3C"
            ]
        },
        {
            "server_name": "entertainmentj4u.com",
            "server_url": "http://entertainmentj4u.com/stalker_portal/c/",
            "macs": [
                "00:1A:79:00:10:A9",
                "00:1A:79:00:10:AD",
                "00:1A:79:00:11:29",
                "00:1A:79:00:11:35",
                "00:1A:79:00:11:3A"
            ]
        }
    ]
}