{
    "items": [
        {
            "server_name": "powerip.be:8000",
            "server_url": "http://powerip.be:8000/c/",
            "macs": [
                "00:1a:79:ab:51:c5",
                "00:1a:79:b5:44:6a",
                "00:1a:79:a4:95:a4",
                "00:1a:79:ba:21:4d",
                "00:1a:79:bd:74:49",
                "00:1a:79:b4:16:bd",
                "00:1a:79:ae:31:bb"
            ]
        },
        {
            "server_name": "onfireboxtv.com",
            "server_url": "http://onfireboxtv.com/c/",
            "macs": [
                "00:1a:79:ab:cd:c1",
                "00:1a:79:b7:76:8c",
                "00:1a:79:b7:21:80",
                "00:1a:79:b4:e5:9a",
                "00:1a:79:b5:19:cc",
                "00:1a:79:a4:cd:c2",
                "00:1a:79:b4:e5:9a"
            ]
        },
        {
            "server_name": "brokentv.rip:8080",
            "server_url": "http://brokentv.rip:8080/c/",
            "macs": [
                "00:1a:79:ab:58:6e",
                "00:1a:79:af:5e:52"
            ]
        },
        {
            "server_name": "matrix-ott.tv:8080",
            "server_url": "http://matrix-ott.tv:8080/c/",
            "macs": [
                "00:1a:79:2b:2c:a7",
                "00:1a:79:4a:04:0e",
                "00:1a:79:5d:91:8f"
            ]
        },
        {
            "server_name": "kocaeli41.xyz:8000",
            "server_url": "http://kocaeli41.xyz:8000/c/",
            "macs": [
                "00:1a:79:b7:24:97"
            ]
        },
        {
            "server_name": "tv1.darktv.eu",
            "server_url": "http://tv1.darktv.eu/c/",
            "macs": [
                "00:1A:79:50:B9:EF",
                "00:1A:79:61:FC:57",
                "00:1A:79:E7:1D:EE",
                "00:1A:79:C6:1B:D5",
                "00:1A:79:83:8F:3D",
                "00:1A:79:8E:39:16",
                "00:1A:79:56:1F:8A",
                "00:1A:79:41:F6:59",
                "00:1A:79:01:D4:41",
                "00:1A:79:83:8F:65"
            ]
        },
        {
            "server_name": "reddevil.life:8080",
            "server_url": "http://reddevil.life:8080/c/",
            "macs": [
                "00:1A:79:60:29:32",
                "00:1A:79:60:39:C5",
                "00:1A:79:60:3D:C1",
                "00:1A:79:60:40:E0",
                "00:1A:79:60:50:58",
                "00:1A:79:60:55:24",
                "00:1A:79:60:7E:31",
                "00:1A:79:60:89:98",
                "00:1A:79:60:8D:52",
                "00:1A:79:60:95:C8"
            ]
        },
        {
            "server_name": "mutant.arrox.top:80",
            "server_url": "http://mutant.arrox.top:80/c/",
            "macs": [
                "00:1A:79:38:1C:D4",
                "00:1A:79:AD:0B:E6",
                "00:1A:79:73:1F:F5",
                "00:1A:79:B5:02:9F",
                "00:1A:79:A0:FB:40",
                "00:1A:79:C8:8E:88",
                "00:1A:79:14:2F:03",
                "00:1A:79:C6:35:90",
                "00:1A:79:A1:A2:18",
                "00:1A:79:14:DE:CB"
            ]
        }
    ]
}