{
    "items": [
        {
            "server_name": "pro.one-iptv.com",
            "server_url": "http://pro.one-iptv.com/c/",
            "macs": [
                "00:1a:79:25:c4:3e"
            ]
        },
        {
            "server_name": "darknetiptv1.ddns.net:25461",
            "server_url": "http://darknetiptv1.ddns.net:25461/c/",
            "macs": [
                "00:1A:79:17:28:A2",
                "00:1A:79:D4:57:E7",
                "00:1A:79:B7:54:9C",
                "00:1A:79:5A:90:88",
                "00:1A:79:A1:0D:79",
                "00:1A:79:5B:DB:E2",
                "00:1A:79:79:59:32",
                "00:1A:79:5D:4D:55",
                "00:1A:79:74:FB:0C",
                "00:1A:79:21:E9:DA"
            ]
        },
        {
            "server_name": "5.255.105.5",
            "server_url": "http://5.255.105.5/stalker_portal/c/",
            "macs": [
                "00:1A:79:A7:A8:C7",
                "00:1A:79:C0:30:11",
                "00:1A:79:6B:E6:E9",
                "00:1A:79:0E:96:17",
                "00:1A:79:80:02:5E",
                "00:1A:79:B2:7B:85",
                "00:1A:79:69:AE:EC",
                "00:1A:79:BE:08:B7",
                "00:1A:79:A7:6A:53",
                "00:1A:79:48:DD:FB",
                "00:1A:79:FF:34:BD",
                "00:1A:79:31:A4:3C",
                "00:1A:79:96:55:08",
                "00:1A:79:E1:BA:FE",
                "00:1A:79:94:D0:BE",
                "00:1A:79:CB:2D:8D",
                "00:1A:79:E6:82:B7",
                "00:1A:79:84:C9:06",
                "00:1A:79:24:E9:4D",
                "00:1A:79:66:86:15"
            ]
        },
        {
            "server_name": "51.91.57.198",
            "server_url": "http://51.91.57.198/stalker_portal/c/",
            "macs": [
                "00:1A:79:55:60:14",
                "00:1A:79:33:54:B1",
                "00:1A:79:72:42:6B",
                "00:1A:79:55:A0:2B",
                "00:1A:79:E7:AF:77",
                "00:1A:79:7E:11:7D",
                "00:1A:79:6E:4E:13",
                "00:1A:79:61:F9:6B"
            ]
        },
        {
            "server_name": "streamcode.one:2082",
            "server_url": "http://streamcode.one:2082/c/",
            "macs": [
                "00:1A:79:68:27:5C"
            ]
        },
        {
            "server_name": "medotv.nl:8000",
            "server_url": "http://medotv.nl:8000/c/",
            "macs": [
                "00:1A:79:3F:02:D1"
            ]
        },
        {
            "server_name": "gtvstreams.me",
            "server_url": "http://gtvstreams.me/c/",
            "macs": [
                "00:1A:79:C6:E6:2C"
            ]
        },
        {
            "server_name": "essytv.xyz:8080",
            "server_url": "http://essytv.xyz:8080/c/",
            "macs": [
                "00:1A:79:BF:A9:82"
            ]
        },
        {
            "server_name": "tkosportz.live:25461",
            "server_url": "http://tkosportz.live:25461/c/",
            "macs": [
                "00:1A:79:76:73:9E",
                "00:1A:79:E6:CF:23",
                "00:1A:79:6F:F5:7A",
                "00:1A:79:2E:1E:08",
                "00:1A:79:6F:49:4A",
                "00:1A:79:E6:40:67"
            ]
        },
        {
            "server_name": "4cms.cc:8080",
            "server_url": "http://4cms.cc:8080/c/",
            "macs": [
                "00:1A:79:A1:8B:0D"
            ]
        },
        {
            "server_name": "magonlyx.abcott.me",
            "server_url": "http://magonlyx.abcott.me/c/",
            "macs": [
                "00:1A:79:18:C0:ED",
                "00:1A:79:18:08:82",
                "00:1A:79:18:04:04"
            ]
        },
        {
            "server_name": "ss.2665.ninja:8080",
            "server_url": "http://ss.2665.ninja:8080/c/",
            "macs": [
                "00:1a:79:49:48:e5",
                "00:1a:79:31:a2:5a",
                "00:1a:79:51:64:d7",
                "00:1a:79:55:83:dd",
                "00:1a:79:4e:7b:f9",
                "00:1a:79:5d:e3:3d",
                "00:1a:79:58:5f:79",
                "00:1a:79:31:1f:8a"
            ]
        },
        {
            "server_name": "mypaste.fun.gentv.to:8080",
            "server_url": "http://mypaste.fun.gentv.to:8080/c/",
            "macs": [
                "00:1a:79:bd:f0:f6",
                "00:1a:79:ba:b4:27",
                "00:1a:79:b8:73:35",
                "00:1a:79:a1:36:f5",
                "00:1a:79:ad:8e:b2",
                "00:1a:79:b7:28:62",
                "00:1a:79:ba:bb:bb"
            ]
        },
        {
            "server_name": "entertainmentj4u.com",
            "server_url": "http://entertainmentj4u.com/stalker_portal/c/",
            "macs": [
                "00:1A:79:B5:A1:16",
                "00:1A:79:76:7D:99",
                "00:1A:79:76:73:9E",
                "00:1A:79:E6:CF:23",
                "00:1A:79:6F:F5:7A",
                "00:1A:79:2E:1E:08"
            ]
        },
        {
            "server_name": "predator.digital:8080",
            "server_url": "http://predator.digital:8080/c/",
            "macs": [
                "00:1A:79:f0:d7:d7"
            ]
        },
        {
            "server_name": "p1.uiop.tv",
            "server_url": "http://p1.uiop.tv/stalker_portal/c/",
            "macs": [
                "00:1A:79:82:C4:B8",
                "00:1A:79:8E:75:6B",
                "00:1A:79:DD:75:16",
                "00:1A:79:C2:E1:AD",
                "00:1A:79:65:78:64",
                "00:1A:79:4F:1D:B3",
                "00:1A:79:C6:FE:6E",
                "00:1A:79:FE:F4:5E",
                "00:1A:79:70:F6:61",
                "00:1A:79:B4:B4:9C",
                "00:1A:79:EB:5C:AB"
            ]
        },
        {
            "server_name": "mediahouse.ddns.me:8000",
            "server_url": "http://mediahouse.ddns.me:8000/c/",
            "macs": [
                "00:1A:79:93:EB:40"
            ]
        },
        {
            "server_name": "neofass.com:8080",
            "server_url": "http://neofass.com:8080/c/",
            "macs": [
                "00:1A:79:5F:10:E3",
                "00:1A:79:78:11:E4",
                "00:1A:79:B5:45:6B",
                "00:1A:79:40:84:1D",
                "00:1A:79:5A:7F:78",
                "00:1A:79:0F:83:51",
                "00:1A:79:68:AF:9B",
                "00:1A:79:C6:C2:C7",
                "00:1A:79:81:D6:C8",
                "00:1A:79:00:B1:1A",
                "00:1A:79:10:4B:37",
                "00:1A:79:01:01:F9",
                "00:1A:79:50:CA:F5"
            ]
        },
        {
            "server_name": "zorrohunter.com",
            "server_url": "http://zorrohunter.com/c/",
            "macs": [
                "00:1A:79:A2:37:B7",
                "00:1A:79:26:DA:AC",
                "00:1A:79:66:32:B3"
            ]
        },
        {
            "server_name": "anotv.org:80",
            "server_url": "http://anotv.org:80/c/",
            "macs": [
                "00:1A:79:00:00:35"
            ]
        }
    ]
}