{
    "items": [
        {
            "server_name": "proxy1.darkbox.nu:80",
            "server_url": "http://proxy1.darkbox.nu:80/c/",
            "macs": [
                "00:1A:79:F1:20:39"
            ]
        },
        {
            "server_name": "imadott.com:2052",
            "server_url": "http://imadott.com:2052/c/",
            "macs": [
                "00:1A:79:00:00:01"
            ]
        },
        {
            "server_name": "4kgoott.com:2052",
            "server_url": "http://4kgoott.com:2052/c/",
            "macs": [
                "00:1A:79:00:00:02",
                "00:1A:79:A2:65:75",
                "00:1A:79:FA:01:87"
            ]
        },
        {
            "server_name": "tkosportz.live:25461",
            "server_url": "http://tkosportz.live:25461/c/",
            "macs": [
                "00:1A:79:E7:B1:C0"
            ]
        },
        {
            "server_name": "tiger88.live:8080",
            "server_url": "http://tiger88.live:8080/c/",
            "macs": [
                "00:1A:79:03:6F:99",
                "00:1A:79:5C:19:F0"
            ]
        },
        {
            "server_name": "tv1.darktv.eu",
            "server_url": "http://tv1.darktv.eu/c/",
            "macs": [
                "00:1A:79:39:D6:41",
                "00:1A:79:3E:9F:04"
            ]
        },
        {
            "server_name": "4kplus.org:80",
            "server_url": "http://4kplus.org:80/c/",
            "macs": [
                "00:1A:79:22:21:C2",
                "00:1A:79:2C:0F:D2"
            ]
        },
        {
            "server_name": "ibrafr.com:8789",
            "server_url": "http://ibrafr.com:8789/c/",
            "macs": [
                "00:1A:79:AB:2C:FB"
            ]
        },
        {
            "server_name": "iptvch2.com",
            "server_url": "http://iptvch2.com/c/",
            "macs": [
                "00:1A:79:34:F1:41",
                "00:1A:79:51:E3:33",
                "00:1A:79:D8:D6:3C"
            ]
        },
        {
            "server_name": "xpro.one-iptv.com:25443",
            "server_url": "http://xpro.one-iptv.com:25443/c/",
            "macs": [
                "00:1A:79:9C:55:A8"
            ]
        },
        {
            "server_name": "vod.4kplus.org",
            "server_url": "http://vod.4kplus.org/c/",
            "macs": [
                "00:1A:79:F3:8F:EF"
            ]
        },
        {
            "server_name": "p2.iptvprivateserver.ru",
            "server_url": "http://p2.iptvprivateserver.ru/c/",
            "macs": [
                "00:1A:79:09:62:D1",
                "00:1A:79:28:8A:FA",
                "00:1A:79:2B:43:90",
                "00:1A:79:35:6F:A2",
                "00:1A:79:40:11:5D",
                "00:1A:79:4B:41:46",
                "00:1A:79:5B:BE:37",
                "00:1A:79:65:19:7C",
                "00:1A:79:83:19:8E",
                "00:1A:79:A1:12:83",
                "00:1A:79:B5:81:31",
                "00:1A:79:B6:C6:B5",
                "00:1A:79:B6:D2:D5",
                "00:1A:79:B8:24:DD",
                "00:1A:79:E5:C1:59",
                "00:1A:79:F0:19:25"
            ]
        },
        {
            "server_name": "185.182.193.87",
            "server_url": "http://185.182.193.87/stalker_portal/c/",
            "macs": [
                "00:1A:79:2A:2B:00",
                "00:1A:79:39:38:4B",
                "00:1A:79:50:3E:BA",
                "00:1A:79:75:2E:CE",
                "00:1A:79:7A:16:8C",
                "00:1A:79:7F:16:BC",
                "00:1A:79:7F:27:E9"
            ]
        },
        {
            "server_name": "tv.deirnet.ps",
            "server_url": "http://tv.deirnet.ps/stalker_portal/c/",
            "macs": [
                "00:1A:79:8B:F7:25"
            ]
        },
        {
            "server_name": "teckpro-lus.xyz:8080",
            "server_url": "http://teckpro-lus.xyz:8080/c/",
            "macs": [
                "00:1A:79:A6:E0:E4",
                "00:1A:79:B4:4F:D7",
                "00:1A:79:BE:97:44",
                "00:1A:79:C1:B2:8B"
            ]
        }
    ]
}