{
    "items": [
        {
            "server_name": "redson.xyz:3800",
            "server_url": "http://redson.xyz:3800/c/",
            "macs": [
                "00:1A:79:40:DF:E2"
            ]
        },
        {
            "server_name": "mutant.arrox.top:80",
            "server_url": "http://mutant.arrox.top:80/c/",
            "macs": [
                "00:1A:79:00:02:AF",
                "00:1A:79:00:02:01",
                "00:1A:79:00:02:AD",
                "00:1A:79:00:04:DD",
                "00:1A:79:00:03:28",
                "00:1A:79:00:02:CE",
                "00:1A:79:00:02:B5",
                "00:1A:79:00:02:99",
                "00:1A:79:00:01:E7"
            ]
        },
        {
            "server_name": "magentalive.eu:8080",
            "server_url": "http://magentalive.eu:8080/c/",
            "macs": [
                "00:1A:79:cf:bb:25"
            ]
        },
        {
            "server_name": "main.light-ott.net",
            "server_url": "http://main.light-ott.net/c/",
            "macs": [
                "00:1A:79:08:4C:36",
                "00:1A:79:1E:1A:18",
                "00:1A:79:54:2E:21",
                "00:1A:79:50:41:22",
                "00:1A:79:50:01:1D",
                "00:1A:79:62:30:33",
                "00:1A:79:08:4C:36"
            ]
        },
        {
            "server_name": "maxzi.pro:80",
            "server_url": "http://maxzi.pro:80/c/",
            "macs": [
                "00:1A:79:A4:D9:92"
            ]
        },
        {
            "server_name": "vod.4kplus.org:80",
            "server_url": "http://vod.4kplus.org:80/c/",
            "macs": [
                "00:1A:79:56:0F:D3"
            ]
        }
    ]
}