{
    "items": [
        {
            "server_name": "145.239.198.16:88",
            "server_url": "http://145.239.198.16:88/stalker_portal/c/",
            "macs": [
                "00:1A:79:52:0D:74"
            ]
        },
        {
            "server_name": "pal.alphatx.me",
            "server_url": "http://pal.alphatx.me/c/",
            "macs": [
                "00:1A:79:00:06:57",
                "00:1A:79:0A:04:69",
                "00:1A:79:18:17:14",
                "00:1A:79:3D:3E:47",
                "00:1A:79:42:BF:60",
                "00:1A:79:56:CC:55",
                "00:1A:79:5B:92:5A",
                "00:1A:79:5B:A4:72",
                "00:1A:79:62:44:97",
                "00:1A:79:EE:EE:7A"
            ]
        },
        {
            "server_name": "powerip.be:8000",
            "server_url": "http://powerip.be:8000/c/",
            "macs": [
                "00:1A:79:0C:12:AB",
                "00:1A:79:11:00:01",
                "00:1A:79:12:4F:18",
                "00:1A:79:21:0B:E2",
                "00:1A:79:48:8E:64",
                "00:1A:79:6E:B7:0B",
                "00:1A:79:70:45:94",
                "00:1A:79:70:66:87",
                "00:1A:79:79:9F:AB",
                "00:1A:79:AA:8D:36",
                "00:1A:79:AF:5F:0A",
                "00:1A:79:B0:51:6F",
                "00:1A:79:B5:2B:8C",
                "00:1A:79:B5:A6:B2",
                "00:1A:79:B6:51:78",
                "00:1A:79:C6:03:46",
                "00:1A:79:DB:97:63",
                "00:1A:79:DE:BE:88",
                "00:1A:79:E2:1F:E3",
                "00:1A:79:EB:B8:53"
            ]
        },
        {
            "server_name": "38234-drag.ott-cdn.me:80",
            "server_url": "http://38234-drag.ott-cdn.me:80/c/",
            "macs": [
                "00:1A:79:A1:E5:81",
                "00:1A:79:A1:E7:95",
                "00:1A:79:A1:E8:0E",
                "00:1A:79:A1:F9:95",
                "00:1A:79:A1:F9:F3",
                "00:1A:79:A1:FA:28"
            ]
        },
        {
            "server_name": "x4ever.eu:8000",
            "server_url": "http://x4ever.eu:8000/c/",
            "macs": [
                "00:1A:79:17:25:4B",
                "00:1A:79:3F:E1:3E",
                "00:1A:79:48:60:9A",
                "00:1A:79:4C:F3:8A",
                "00:1A:79:4F:AC:C6",
                "00:1A:79:4F:C4:BB",
                "00:1A:79:59:77:F7",
                "00:1A:79:6B:B0:DB"
            ]
        },
        {
            "server_name": "nordicstream.xyz:2095",
            "server_url": "http://nordicstream.xyz:2095/c/",
            "macs": [
                "00:1A:79:BA:A9:BF"
            ]
        },
        {
            "server_name": "ice-tea.net:8080",
            "server_url": "http://ice-tea.net:8080/c/",
            "macs": [
                "00:1A:79:4A:49:99"
            ]
        },
        {
            "server_name": "provider-us.com:8080",
            "server_url": "http://provider-us.com:8080/c/",
            "macs": [
                "00:1A:79:52:B7:2E"
            ]
        },
        {
            "server_name": "5.206.227.184:8080",
            "server_url": "http://5.206.227.184:8080/c/",
            "macs": [
                "00:1A:79:91:63:2F",
                "00:1A:79:AF:7E:85"
            ]
        },
        {
            "server_name": "nightmare-tv.xyz:8080",
            "server_url": "http://nightmare-tv.xyz:8080/c/",
            "macs": [
                "00:1A:79:6E:2E:6E"
            ]
        },
        {
            "server_name": "cute-potato.com:8080",
            "server_url": "http://cute-potato.com:8080/c/",
            "macs": [
                "00:1A:79:4A:49:99"
            ]
        },
        {
            "server_name": "p13.cx:80",
            "server_url": "http://p13.cx:80/c/",
            "macs": [
                "00:1A:79:78:2A:CB"
            ]
        },
        {
            "server_name": "open.anume.tv:8080",
            "server_url": "http://open.anume.tv:8080/c/",
            "macs": [
                "00:1A:79:92:27:9F"
            ]
        },
        {
            "server_name": "digi-play.ru:8080",
            "server_url": "http://digi-play.ru:8080/c/",
            "macs": [
                "00:1A:79:2E:02:49"
            ]
        },
        {
            "server_name": "ip.untouchablelive.com:80",
            "server_url": "http://ip.untouchablelive.com:80/c/",
            "macs": [
                "00:1A:79:18:08:8B"
            ]
        },
        {
            "server_name": "nicolaj.123tv.to:8080",
            "server_url": "http://nicolaj.123tv.to:8080/c/",
            "macs": [
                "00:1A:79:05:0B:2E"
            ]
        },
        {
            "server_name": "45.139.122.199:8080",
            "server_url": "http://45.139.122.199:8080/c/",
            "macs": [
                "00:1A:79:2F:46:FD",
                "00:1A:79:52:28:E7",
                "00:1A:79:A2:F0:70",
                "00:1A:79:A6:49:71",
                "00:1A:79:A9:22:99",
                "00:1A:79:A9:22:A8",
                "00:1A:79:BD:C8:CE",
                "00:1A:79:FA:5B:B5"
            ]
        }
    ]
}