{
    "items": [
        {
            "server_name": "shooters.live:80",
            "server_url": "http://shooters.live:80/c/",
            "macs": [
                "00:1A:79:01:81:01",
                "00:1A:79:33:08:BE",
                "00:1A:79:33:35:26",
                "00:1A:79:49:0D:70",
                "00:1A:79:49:63:E1",
                "00:1A:79:53:26:66",
                "00:1A:79:53:FB:1E",
                "00:1A:79:58:14:FE",
                "00:1A:79:59:E1:E5",
                "00:1A:79:5C:ED:DB",
                "00:1A:79:5E:D6:A5",
                "00:1A:79:62:9B:E3",
                "00:1A:79:64:51:36",
                "00:1A:79:69:D7:78",
                "00:1A:79:71:12:1A",
                "00:1A:79:71:46:14",
                "00:1A:79:76:4A:31",
                "00:1A:79:83:84:C8",
                "00:1A:79:9A:14:E2",
                "00:1A:79:9E:B1:EF",
                "00:1A:79:9F:AD:ED",
                "00:1A:79:A2:77:93",
                "00:1A:79:A2:88:D8",
                "00:1A:79:A2:D6:23",
                "00:1A:79:A3:49:15",
                "00:1A:79:A5:C5:87",
                "00:1A:79:A5:D0:67",
                "00:1A:79:A6:92:F5",
                "00:1A:79:A7:71:05",
                "00:1A:79:A8:41:D8",
                "00:1A:79:A8:5C:68",
                "00:1A:79:A8:6A:A1",
                "00:1A:79:A8:6B:0C",
                "00:1A:79:A8:73:6C",
                "00:1A:79:A8:82:9C",
                "00:1A:79:A8:9B:A1",
                "00:1A:79:A8:A2:59",
                "00:1A:79:A9:46:30",
                "00:1A:79:A9:4F:96",
                "00:1A:79:A9:8F:54",
                "00:1A:79:A9:9E:73",
                "00:1A:79:AC:0F:0A",
                "00:1A:79:AC:8E:9B",
                "00:1A:79:AC:98:73",
                "00:1A:79:AC:9F:50",
                "00:1A:79:AC:A5:FD",
                "00:1A:79:AC:AA:00",
                "00:1A:79:AD:89:56",
                "00:1A:79:AF:B8:31",
                "00:1A:79:B0:D3:1B",
                "00:1A:79:B1:12:8C",
                "00:1A:79:B2:93:77",
                "00:1A:79:B8:6C:A8",
                "00:1A:79:EE:24:B6",
                "00:1A:79:F0:0B:73",
                "00:1A:79:F5:26:44",
                "00:1A:79:F5:27:F7",
                "00:1A:79:FB:10:49",
                "00:1A:79:FB:30:11"
            ]
        },
        {
            "server_name": "mol-2.com:8080",
            "server_url": "http://mol-2.com:8080/c/",
            "macs": [
                "00:1A:79:1C:01:6C",
                "00:1A:79:48:E6:50",
                "00:1A:79:57:8E:C8",
                "00:1A:79:B3:60:30",
                "00:1A:79:B4:42:58",
                "00:1A:79:B5:93:9C",
                "00:1A:79:B6:3D:64",
                "00:1A:79:B6:5A:66",
                "00:1A:79:B8:78:F9",
                "00:1A:79:B8:FA:5D",
                "00:1A:79:BA:44:9D",
                "00:1A:79:BB:15:87",
                "00:1A:79:BC:F5:01",
                "00:1A:79:BD:77:74",
                "00:1A:79:BE:78:73",
                "00:1A:79:C2:88:8B",
                "00:1A:79:C2:94:9D",
                "00:1A:79:C3:BC:E7",
                "00:1A:79:DD:E8:2A",
                "00:1A:79:F9:0A:40"
            ]
        },
        {
            "server_name": "142.132.155.49:2082",
            "server_url": "http://142.132.155.49:2082/stalker_portal/c/",
            "macs": [
                "00:1A:79:65:C9:EB",
                "00:1A:79:6E:7A:80",
                "00:1A:79:70:53:32",
                "00:1A:79:70:B9:2A",
                "00:1A:79:71:02:43",
                "00:1A:79:72:1E:50",
                "00:1A:79:72:4A:7E",
                "00:1A:79:72:E2:7B",
                "00:1A:79:73:65:B8",
                "00:1A:79:73:66:83",
                "00:1A:79:76:25:C0"
            ]
        },
        {
            "server_name": "jiotv.be",
            "server_url": "http://jiotv.be/stalker_portal/c/",
            "macs": [
                "00:1A:79:58:95:3A",
                "00:1A:79:AD:2F:D7"
            ]
        },
        {
            "server_name": "p1.uiop.tv",
            "server_url": "http://p1.uiop.tv/stalker_portal/c/",
            "macs": [
                "00:1A:79:0E:B9:E7",
                "00:1A:79:0F:51:F9",
                "00:1A:79:33:0F:CE",
                "00:1A:79:3D:31:F4",
                "00:1A:79:40:38:DA",
                "00:1A:79:4E:D5:CF"
            ]
        },
        {
            "server_name": "62.182.83.91:80",
            "server_url": "http://62.182.83.91:80/c/",
            "macs": [
                "00:1A:79:A6:42:96",
                "00:1A:79:AE:AB:85",
                "00:1A:79:CC:52:3B"
            ]
        },
        {
            "server_name": "fpro.webvps.de:25443",
            "server_url": "http://fpro.webvps.de:25443/c/",
            "macs": [
                "00:1A:79:C1:CD:62",
                "00:1A:79:C5:E9:C6"
            ]
        },
        {
            "server_name": "humiptv.live:8080",
            "server_url": "http://humiptv.live:8080/c/",
            "macs": [
                "00:1A:79:3A:1F:8B",
                "00:1A:79:D4:21:5A"
            ]
        },
        {
            "server_name": "4kplus.org:80",
            "server_url": "http://4kplus.org:80/c/",
            "macs": [
                "00:1A:79:11:3F:83",
                "00:1A:79:15:20:B7",
                "00:1A:79:1C:3F:8E",
                "00:1A:79:1D:7F:3F",
                "00:1A:79:23:0F:5D",
                "00:1A:79:2B:BF:60",
                "00:1A:79:32:1F:48"
            ]
        }
    ]
}