{
    "items": [
        {
            "server_name": "ip.cosmosserver.net:8080",
            "server_url": "http://ip.cosmosserver.net:8080/c/",
            "macs": [
                "00:1A:79:61:4F:4E"
            ]
        },
        {
            "server_name": "hdmiclub.online:8080",
            "server_url": "http://hdmiclub.online:8080/c/",
            "macs": [
                "00:1A:79:BD:4B:65",
                "00:1A:79:CD:1C:77"
            ]
        },
        {
            "server_name": "optimus-tv.org:8080",
            "server_url": "http://optimus-tv.org:8080/c/",
            "macs": [
                "00:1A:79:07:BB:24",
                "00:1A:79:08:48:F9",
                "00:1A:79:08:4D:B7",
                "00:1A:79:08:E6:09",
                "00:1A:79:08:ED:37",
                "00:1A:79:0E:3A:FB",
                "00:1A:79:6B:BF:7C",
                "00:1A:79:6E:2A:36",
                "00:1A:79:AF:38:5A",
                "00:1A:79:AF:3B:E3",
                "00:1A:79:B8:A1:99",
                "00:1A:79:C0:0B:67"
            ]
        },
        {
            "server_name": "iptv.initv.de",
            "server_url": "http://iptv.initv.de/stalker_portal/c/",
            "macs": [
                "00:1A:79:A9:2B:64"
            ]
        },
        {
            "server_name": "51.91.57.198",
            "server_url": "http://51.91.57.198/stalker_portal/c/",
            "macs": [
                "00:1A:79:6B:B9:DD",
                "00:1A:79:74:37:D7"
            ]
        },
        {
            "server_name": "zupanet.live:8080",
            "server_url": "http://zupanet.live:8080/c/",
            "macs": [
                "00:1A:79:20:3F:26"
            ]
        },
        {
            "server_name": "1screen3.com:8000",
            "server_url": "http://1screen3.com:8000/c/",
            "macs": [
                "00:1A:79:5A:7F:A1",
                "00:1A:79:A7:D5:29"
            ]
        },
        {
            "server_name": "192.99.19.27:8000",
            "server_url": "http://192.99.19.27:8000/c/",
            "macs": [
                "00:1A:79:3E:7D:93"
            ]
        },
        {
            "server_name": "xegd.ultapulta.com",
            "server_url": "http://xegd.ultapulta.com/stalker_portal/c/",
            "macs": [
                "00:1A:79:53:12:BE",
                "00:1A:79:54:4D:CA"
            ]
        },
        {
            "server_name": "centra.stream",
            "server_url": "http://centra.stream/stalker_portal/c/",
            "macs": [
                "00:1A:79:70:D6:F9",
                "00:1A:79:78:8A:EF",
                "00:1A:79:7C:A6:CE"
            ]
        },
        {
            "server_name": "tv.ultimate-iptv.pro:8000",
            "server_url": "http://tv.ultimate-iptv.pro:8000/c/",
            "macs": [
                "00:1A:79:F2:B3:BB"
            ]
        },
        {
            "server_name": "mag.ukhd.tv",
            "server_url": "http://mag.ukhd.tv/c/",
            "macs": [
                "00:1A:79:05:91:BC",
                "00:1A:79:17:03:E4",
                "00:1A:79:17:B5:94",
                "00:1A:79:23:1F:2B",
                "00:1A:79:3D:FA:64",
                "00:1A:79:46:49:56",
                "00:1A:79:51:46:B4",
                "00:1A:79:64:3E:BE",
                "00:1A:79:6D:CE:5F",
                "00:1A:79:6F:6F:3C",
                "00:1A:79:77:5B:22",
                "00:1A:79:90:C7:36",
                "00:1A:79:A5:50:D8",
                "00:1A:79:B1:60:D2",
                "00:1A:79:B6:51:63",
                "00:1A:79:B6:72:3F",
                "00:1A:79:BD:16:DE",
                "00:1A:79:BD:2F:BF",
                "00:1A:79:BF:A7:08",
                "00:1A:79:C2:06:85",
                "00:1A:79:C3:45:85",
                "00:1A:79:C6:3E:41",
                "00:1A:79:C6:5F:15",
                "00:1A:79:C6:7F:21",
                "00:1A:79:C8:7F:63"
            ]
        },
        {
            "server_name": "line.boom-ott.ru",
            "server_url": "http://line.boom-ott.ru/c/",
            "macs": [
                "00:1A:79:16:30:85",
                "00:1A:79:66:75:9D",
                "00:1A:79:A7:9F:53",
                "00:1A:79:AB:64:48",
                "00:1A:79:C2:A1:8D",
                "00:1A:79:D1:20:65"
            ]
        },
        {
            "server_name": "pointpython.streamtv.to:8080",
            "server_url": "http://pointpython.streamtv.to:8080/c/",
            "macs": [
                "00:1A:79:1B:41:3C",
                "00:1A:79:47:9D:D2",
                "00:1A:79:D7:7D:F6"
            ]
        },
        {
            "server_name": "birutv.my.id",
            "server_url": "http://birutv.my.id/c/",
            "macs": [
                "00:1A:79:11:6F:FB",
                "00:1A:79:27:2F:83",
                "00:1A:79:2E:36:C8",
                "00:1A:79:2F:20:59",
                "00:1A:79:3F:0B:84",
                "00:1A:79:90:7D:7D",
                "00:1A:79:A1:19:2C",
                "00:1A:79:A4:4F:DC",
                "00:1A:79:B7:14:DF",
                "00:1A:79:B9:16:D0",
                "00:1A:79:BA:D8:FA",
                "00:1A:79:C7:13:57",
                "00:1A:79:D1:00:CB"
            ]
        },
        {
            "server_name": "51.159.70.234",
            "server_url": "http://51.159.70.234/stalker_portal/c/",
            "macs": [
                "00:1A:79:26:94:56",
                "00:1A:79:51:A3:73",
                "00:1A:79:7B:6F:DC",
                "00:1A:79:8C:0B:A7",
                "00:1A:79:92:54:CD",
                "00:1A:79:9E:D3:0F"
            ]
        },
        {
            "server_name": "162.19.37.133:8080",
            "server_url": "http://162.19.37.133:8080/c/",
            "macs": [
                "00:1A:79:06:3A:50",
                "00:1A:79:22:20:11",
                "00:1A:79:40:75:CB",
                "00:1A:79:4C:16:35",
                "00:1A:79:4C:5B:EB",
                "00:1A:79:4E:4D:80",
                "00:1A:79:50:3F:76",
                "00:1A:79:52:EE:F6",
                "00:1A:79:5C:1E:59",
                "00:1A:79:61:EC:63",
                "00:1A:79:71:AC:E6",
                "00:1A:79:72:9E:1C",
                "00:1A:79:A3:A4:CB",
                "00:1A:79:A3:BB:FA",
                "00:1A:79:A6:F8:A0",
                "00:1A:79:A7:D3:0D",
                "00:1A:79:AA:CA:50",
                "00:1A:79:AA:E9:0C",
                "00:1A:79:AB:C0:AD",
                "00:1A:79:AD:99:78",
                "00:1A:79:B1:01:22",
                "00:1A:79:B1:64:29",
                "00:1A:79:B3:68:AB",
                "00:1A:79:B3:8E:90",
                "00:1A:79:B3:9C:8D",
                "00:1A:79:B4:3D:B5",
                "00:1A:79:B5:5E:0A",
                "00:1A:79:B5:A8:AA",
                "00:1A:79:B6:78:AE",
                "00:1A:79:B7:1D:41",
                "00:1A:79:B8:6B:9D",
                "00:1A:79:B9:02:96",
                "00:1A:79:B9:18:D4",
                "00:1A:79:B9:F4:64",
                "00:1A:79:BA:4B:0C",
                "00:1A:79:BA:5B:BA",
                "00:1A:79:BC:F6:A5",
                "00:1A:79:BD:17:CC",
                "00:1A:79:BD:C7:5B",
                "00:1A:79:BE:54:BE",
                "00:1A:79:C0:10:F5",
                "00:1A:79:C2:09:51",
                "00:1A:79:C2:83:1A",
                "00:1A:79:C2:96:2E",
                "00:1A:79:C2:96:A5",
                "00:1A:79:C2:96:BA",
                "00:1A:79:C3:B8:D2",
                "00:1A:79:C3:B9:6F",
                "00:1A:79:C4:38:F9",
                "00:1A:79:C4:50:19",
                "00:1A:79:C5:43:2E",
                "00:1A:79:C5:4E:75",
                "00:1A:79:C6:D0:08",
                "00:1A:79:C6:F0:EB",
                "00:1A:79:C8:26:23",
                "00:1A:79:C8:4E:54",
                "00:1A:79:C8:83:79",
                "00:1A:79:CB:4F:73",
                "00:1A:79:CB:66:8A",
                "00:1A:79:CC:53:E7",
                "00:1A:79:CD:1E:D4",
                "00:1A:79:D2:1B:14",
                "00:1A:79:D3:B1:29",
                "00:1A:79:E2:5D:0B",
                "00:1A:79:E9:78:48",
                "00:1A:79:FA:0B:37",
                "00:1A:79:FB:0E:09",
                "00:1A:79:FB:23:38",
                "00:1A:79:FB:28:B3",
                "00:1A:79:FB:29:D0",
                "00:1A:79:FB:32:64",
                "00:1A:79:FD:2A:BC"
            ]
        },
        {
            "server_name": "maxzi.pro:80",
            "server_url": "http://maxzi.pro:80/c/",
            "macs": [
                "00:1A:79:47:7F:9D",
                "00:1A:79:AC:D6:7A"
            ]
        },
        {
            "server_name": "humiptv.live:8080",
            "server_url": "http://humiptv.live:8080/c/",
            "macs": [
                "00:1A:79:1F:9A:A9"
            ]
        },
        {
            "server_name": "streamcode.one:2082",
            "server_url": "http://streamcode.one:2082/c/",
            "macs": [
                "00:1A:79:58:65:88"
            ]
        },
        {
            "server_name": "trsat.nl",
            "server_url": "http://trsat.nl/c/",
            "macs": [
                "00:1A:79:17:0F:92"
            ]
        },
        {
            "server_name": "vip.dom1tv.com:25443",
            "server_url": "http://vip.dom1tv.com:25443/c/",
            "macs": [
                "00:1A:79:4D:04:50",
                "00:1A:79:73:3E:52",
                "00:1A:79:A6:FE:61",
                "00:1A:79:AB:60:ED",
                "00:1A:79:AE:1A:29",
                "00:1A:79:AF:50:CD",
                "00:1A:79:B8:7A:31",
                "00:1A:79:D8:46:CC"
            ]
        }
    ]
}