{
    "items": [
        {
            "server_name": "line.iptvhunt.com:80",
            "server_url": "http://line.iptvhunt.com:80/c/",
            "macs": [
                "00:1A:79:38:5d:2d"
            ]
        },
        {
            "server_name": "line.boom-ott.ru:80",
            "server_url": "http://line.boom-ott.ru:80/c/",
            "macs": [
                "00:1A:79:36:37:36"
            ]
        },
        {
            "server_name": "izle.atak.live:8080",
            "server_url": "http://izle.atak.live:8080/c/",
            "macs": [
                "00:1A:79:4d:03:42",
                "00:1A:79:17:2d:99",
                "00:1A:79:c1:fb:34",
                "00:1A:79:ab:1b:65",
                "00:1A:79:54:02:cb",
                "00:1A:79:6e:29:f3",
                "00:1A:79:44:4e:e5",
                "00:1A:79:c6:4e:b8"
            ]
        },
        {
            "server_name": "iptv.darktv.in",
            "server_url": "http://iptv.darktv.in/c/",
            "macs": [
                "00:1A:79:5B:A4:05",
                "00:1a:79:57:6f:65",
                "00:1A:79:A2:0A:14",
                "00:1A:79:4F:B5:F2",
                "00:1A:79:05:2F:57",
                "00:1A:79:11:2F:55",
                "00:1a:79:a1:83:85",
                "00:1A:79:11:2F:C6",
                "00:1A:79:32:BC:0F",
                "00:1A:79:3B:2C:87"
            ]
        },
        {
            "server_name": "streamcode.one:2082",
            "server_url": "http://streamcode.one:2082/c/",
            "macs": [
                "00:1A:79:3A:7C:86"
            ]
        },
        {
            "server_name": "ip.xtremetv.eu:8000",
            "server_url": "http://ip.xtremetv.eu:8000/c/",
            "macs": [
                "00:1A:79:BC:D7:9A"
            ]
        },
        {
            "server_name": "117tv.icu:8080",
            "server_url": "http://117tv.icu:8080/c/",
            "macs": [
                "00:1A:79:4F:62:87",
                "00:1A:79:31:84:4A"
            ]
        },
        {
            "server_name": "placa.work:5115",
            "server_url": "http://placa.work:5115/c/",
            "macs": [
                "00:1A:79:49:42:EB",
                "00:1A:79:74:5E:F1",
                "00:1A:79:47:93:11"
            ]
        },
        {
            "server_name": "4iptv.xyz:8080",
            "server_url": "http://4iptv.xyz:8080/c/",
            "macs": [
                "00:1A:79:AE:26:6F"
            ]
        },
        {
            "server_name": "balkan-live.net",
            "server_url": "http://balkan-live.net/c/",
            "macs": [
                "00:1A:79:4B:62:97",
                "00:1A:79:93:03:93"
            ]
        },
        {
            "server_name": "coresys.dvrdns.org:25461",
            "server_url": "http://coresys.dvrdns.org:25461/c/",
            "macs": [
                "00:1A:79:3C:8F:FE",
                "00:1A:79:12:C3:CD",
                "00:1A:79:C3:C0:F5",
                "00:1A:79:B9:AE:11",
                "00:1A:79:40:36:58",
                "00:1A:79:B5:80:5C",
                "00:1A:79:9C:9F:E2",
                "00:1A:79:B2:9F:1A",
                "00:1A:79:C4:7C:48",
                "00:1A:79:0E:19:EF",
                "00:1A:79:6B:6B:5D",
                "00:1A:79:7C:37:30",
                "00:1A:79:DC:E5:B2"
            ]
        },
        {
            "server_name": "mutant.arrox.top:80",
            "server_url": "http://mutant.arrox.top:80/c/",
            "macs": [
                "00:1A:79:38:1C:D4",
                "00:1A:79:AD:0B:E6",
                "00:1A:79:73:1F:F5",
                "00:1A:79:B5:02:9F",
                "00:1A:79:A0:FB:40",
                "00:1A:79:C8:8E:88",
                "00:1A:79:14:2F:03",
                "00:1A:79:C6:35:90",
                "00:1A:79:A1:A2:18",
                "00:1A:79:14:DE:CB"
            ]
        },
        {
            "server_name": "alternativeviewpro.com",
            "server_url": "http://alternativeviewpro.com/c/",
            "macs": [
                "00:1A:79:A1:9F:36",
                "00:1A:79:38:3D:D3",
                "00:1A:79:B6:24:48",
                "00:1A:79:00:12:0C",
                "00:1A:79:B6:23:2D",
                "00:1A:79:D3:6A:DF",
                "00:1A:79:A1:C6:C2",
                "00:1A:79:58:D9:C1",
                "00:1A:79:81:A8:E4",
                "00:1A:79:B2:9D:8B",
                "00:1A:79:C8:40:28"
            ]
        },
        {
            "server_name": "reddevil.life:8080",
            "server_url": "http://reddevil.life:8080/c/",
            "macs": [
                "00:1A:79:60:29:32",
                "00:1A:79:60:39:C5",
                "00:1A:79:60:3D:C1",
                "00:1A:79:60:40:E0",
                "00:1A:79:60:50:58",
                "00:1A:79:60:55:24",
                "00:1A:79:60:7E:31",
                "00:1A:79:60:89:98",
                "00:1A:79:60:8D:52",
                "00:1A:79:60:95:C8"
            ]
        },
        {
            "server_name": "uhd3.one",
            "server_url": "http://uhd3.one/c/",
            "macs": [
                "00:1A:79:C7:96:3D",
                "00:1A:79:66:30:32",
                "00:1A:79:A5:12:DC",
                "00:1A:79:AA:8A:FC",
                "00:1A:79:13:1F:35",
                "00:1A:79:53:27:15",
                "00:1A:79:EB:46:06",
                "00:1A:79:3B:74:59",
                "00:1A:79:30:BF:CA",
                "00:1A:79:87:CD:0A"
            ]
        },
        {
            "server_name": "200.26.188.39",
            "server_url": "http://200.26.188.39/c/",
            "macs": [
                "00:1A:79:68:4F:0F",
                "00:1A:79:C0:19:B4",
                "00:1A:79:08:53:B8",
                "00:1A:79:60:A0:43",
                "00:1A:79:C0:93:D8",
                "00:1A:79:AF:6D:AD",
                "00:1A:79:A2:0B:2D"
            ]
        },
        {
            "server_name": "brokentv.rip:8080",
            "server_url": "http://brokentv.rip:8080/c/",
            "macs": [
                "00:1A:79:7E:1D:7A"
            ]
        },
        {
            "server_name": "dp-elite.net",
            "server_url": "http://dp-elite.net/c/",
            "macs": [
                "00:1A:79:BB:69:57",
                "00:1A:79:BB:69:46",
                "00:1A:79:BB:69:3D",
                "00:1A:79:BB:69:FA",
                "00:1A:79:BB:69:63",
                "00:1A:79:BB:69:45",
                "00:1A:79:BB:69:0D",
                "00:1A:79:BB:69:01",
                "00:1A:79:BB:69:21",
                "00:1A:79:BB:69:29",
                "00:1A:79:BB:69:0A",
                "00:1A:79:BB:69:1F",
                "00:1A:79:BB:69:3A"
            ]
        },
        {
            "server_name": "world.marvelhd.eu:8000",
            "server_url": "http://world.marvelhd.eu:8000/c/",
            "macs": [
                "00:1A:79:D0:E9:CF",
                "00:1A:79:20:4F:D1",
                "00:1A:79:3B:0A:E9",
                "00:1A:79:CE:05:9C",
                "00:1A:79:FB:2E:94",
                "00:1A:79:E0:7F:A0",
                "00:1A:79:2D:F4:27",
                "00:1A:79:BD:BD:BF",
                "00:1A:79:D1:61:54",
                "00:1A:79:D0:EA:D7",
                "00:1A:79:CC:25:B8",
                "00:1A:79:54:60:0F",
                "00:1A:79:41:77:CE",
                "00:1A:79:5D:05:DE",
                "00:1A:79:99:98:D3"
            ]
        },
        {
            "server_name": "stalker.ugoiptv.com",
            "server_url": "http://stalker.ugoiptv.com/c/",
            "macs": [
                "00:1A:79:AF:19:16",
                "00:1A:79:88:FF:5B",
                "00:1A:79:E6:99:B3",
                "00:1A:79:B6:61:35",
                "00:1A:79:C6:68:D6",
                "00:1A:79:3B:3F:9E",
                "00:1A:79:B9:8A:0E",
                "00:1A:79:14:C8:48",
                "00:1A:79:7D:55:03",
                "00:1A:79:C7:58:9B",
                "00:1A:79:E3:83:D0",
                "00:1A:79:C6:6B:EB",
                "00:1A:79:F1:EA:95",
                "00:1A:79:78:8F:50"
            ]
        },
        {
            "server_name": "danita.xyz",
            "server_url": "http://danita.xyz/c/",
            "macs": [
                "00:1A:79:B6:19:42",
                "00:1A:79:51:93:3B"
            ]
        },
        {
            "server_name": "thespectrum.sytes.net",
            "server_url": "http://thespectrum.sytes.net/c/",
            "macs": [
                "00:1A:79:A1:F9:9C",
                "00:1A:79:00:08:24",
                "00:1A:79:00:0E:B0",
                "00:1A:79:00:13:88",
                "00:1A:79:00:24:D7",
                "00:1A:79:00:34:34"
            ]
        },
        {
            "server_name": "sonymax.org:8080",
            "server_url": "http://sonymax.org:8080/c/",
            "macs": [
                "00:1A:79:A2:29:0A",
                "00:1A:79:C1:D5:CE",
                "00:1A:79:21:23:C9",
                "00:1A:79:64:E4:F0",
                "00:1A:79:68:DB:FC",
                "00:1A:79:7A:0C:B5"
            ]
        },
        {
            "server_name": "tv1.darktv.eu",
            "server_url": "http://tv1.darktv.eu/c/",
            "macs": [
                "00:1A:79:50:B9:EF",
                "00:1A:79:61:FC:57",
                "00:1A:79:E7:1D:EE",
                "00:1A:79:C6:1B:D5",
                "00:1A:79:83:8F:3D",
                "00:1A:79:8E:39:16",
                "00:1A:79:56:1F:8A",
                "00:1A:79:41:F6:59",
                "00:1A:79:01:D4:41",
                "00:1A:79:83:8F:65"
            ]
        }
    ]
}