{
    "items": [
        {
            "server_name": "optimus-tv.org:8080",
            "server_url": "http://optimus-tv.org:8080/c/",
            "macs": [
                "00:1A:79:01:6B:AD",
                "00:1A:79:07:BA:B0",
                "00:1A:79:07:BC:03",
                "00:1A:79:07:C0:FD",
                "00:1A:79:0E:3A:F3",
                "00:1A:79:10:E1:2B",
                "00:1A:79:11:3F:98",
                "00:1A:79:6B:BF:74",
                "00:1A:79:A0:E1:A4",
                "00:1A:79:A0:E7:7A",
                "00:1A:79:BD:B5:29"
            ]
        },
        {
            "server_name": "maxzi.pro:80",
            "server_url": "http://maxzi.pro:80/c/",
            "macs": [
                "00:1A:79:46:3F:66",
                "00:1A:79:5E:1C:68",
                "00:1A:79:B5:7B:FC",
                "00:1A:79:F7:E3:B2"
            ]
        },
        {
            "server_name": "brutus.biz:2082",
            "server_url": "http://brutus.biz:2082/c/",
            "macs": [
                "00:1A:79:BB:1C:BC",
                "00:1A:79:C7:D8:58"
            ]
        },
        {
            "server_name": "petarxc.ddns.net:8000",
            "server_url": "http://petarxc.ddns.net:8000/c/",
            "macs": [
                "00:1A:79:7A:55:C7"
            ]
        },
        {
            "server_name": "balkanika.club:2082",
            "server_url": "http://balkanika.club:2082/c/",
            "macs": [
                "00:1A:79:BB:1C:BC",
                "00:1A:79:C7:D8:58"
            ]
        },
        {
            "server_name": "plustv.ws:80",
            "server_url": "http://plustv.ws:80/c/",
            "macs": [
                "00:1A:79:1D:9F:46",
                "00:1A:79:23:0F:C3",
                "00:1A:79:25:5F:33",
                "00:1A:79:AA:E3:60",
                "00:1A:79:AE:B9:C5",
                "00:1A:79:F0:04:C6"
            ]
        },
        {
            "server_name": "pro.xviptv.com",
            "server_url": "http://pro.xviptv.com/c/",
            "macs": [
                "00:1A:79:63:56:52"
            ]
        },
        {
            "server_name": "starshare.live:8080",
            "server_url": "http://starshare.live:8080/c/",
            "macs": [
                "00:1A:79:2E:F0:12",
                "00:1A:79:4A:09:DF",
                "00:1A:79:5D:8B:A5"
            ]
        },
        {
            "server_name": "p1.uiop.tv",
            "server_url": "http://p1.uiop.tv/stalker_portal/c/",
            "macs": [
                "00:1A:79:35:D6:B4",
                "00:1A:79:40:BD:31",
                "00:1A:79:41:DA:5A",
                "00:1A:79:4C:4F:D7",
                "00:1A:79:6D:79:62"
            ]
        },
        {
            "server_name": "marvelhd.eu:8080",
            "server_url": "http://marvelhd.eu:8080/c/",
            "macs": [
                "00:1A:79:00:0D:81",
                "00:1A:79:00:56:A0",
                "00:1A:79:01:70:F6",
                "00:1A:79:19:64:84",
                "00:1A:79:23:EF:7C",
                "00:1A:79:2D:9F:CC",
                "00:1A:79:40:D4:4C",
                "00:1A:79:44:2A:61",
                "00:1A:79:51:EF:77",
                "00:1A:79:57:39:EE",
                "00:1A:79:64:D9:EE",
                "00:1A:79:6A:DB:64",
                "00:1A:79:70:DE:49",
                "00:1A:79:A1:D1:F4",
                "00:1A:79:AB:10:A1",
                "00:1A:79:AB:6F:AF",
                "00:1A:79:B8:4F:C8",
                "00:1A:79:B9:C8:C8",
                "00:1A:79:CF:5A:42",
                "00:1A:79:D1:01:FA"
            ]
        }
    ]
}