{
    "items": [
        {
            "server_name": "mag.greatott.me",
            "server_url": "http://mag.greatott.me/c/",
            "macs": [
                "00:1A:79:18:1F:9F",
                "00:1A:79:98:1F:ED"
            ]
        },
        {
            "server_name": "coresys.dvrdns.org:25461",
            "server_url": "http://coresys.dvrdns.org:25461/c/",
            "macs": [
                "00:1A:79:65:2F:3D",
                "00:1A:79:14:5F:3F",
                "00:1A:79:92:E0:25"
            ]
        },
        {
            "server_name": "magico.livrexs.xyz",
            "server_url": "http://magico.livrexs.xyz/c/",
            "macs": [
                "00:1A:79:C8:24:C2"
            ]
        },
        {
            "server_name": "don-balon.ddns.net:8080",
            "server_url": "http://don-balon.ddns.net:8080/c/",
            "macs": [
                "00:1A:79:E1:DC:C5"
            ]
        },
        {
            "server_name": "fast.newdns.world",
            "server_url": "http://fast.newdns.world/c/",
            "macs": [
                "00:1A:79:4C:90:58",
                "00:1A:79:AA:83:92",
                "00:1A:79:89:90:46",
                "00:1A:79:58:0C:29",
                "00:1A:79:4F:4B:74",
                "00:1A:79:9B:98:60",
                "00:1A:79:D4:7F:84",
                "00:1A:79:4E:4B:07",
                "00:1A:79:52:7C:8A",
                "00:1A:79:9C:28:16",
                "00:1A:79:A7:EB:7B",
                "00:1A:79:19:3B:4E",
                "00:1A:79:BA:9E:2F",
                "00:1A:79:B8:78:00",
                "00:1A:79:B3:F6:1E",
                "00:1A:79:94:3D:82",
                "00:1A:79:BD:43:9A",
                "00:1A:79:C4:17:87",
                "00:1A:79:53:9F:C9"
            ]
        },
        {
            "server_name": "poiuy6.com",
            "server_url": "http://poiuy6.com/c/",
            "macs": [
                "00:1A:79:2B:BD:0B"
            ]
        },
        {
            "server_name": "brokentv.rip:8080",
            "server_url": "http://brokentv.rip:8080/c/",
            "macs": [
                "00:1A:79:CE:0D:51",
                "00:1A:79:02:46:41",
                "00:1A:79:BD:46:23"
            ]
        },
        {
            "server_name": "23232.top",
            "server_url": "http://23232.top/c/",
            "macs": [
                "00:1a:79:76:7f:c8"
            ]
        },
        {
            "server_name": "tv.cloudcdn.me",
            "server_url": "http://tv.cloudcdn.me/c/",
            "macs": [
                "00:1A:79:E4:3D:62"
            ]
        },
        {
            "server_name": "magico.livrexs.xyz",
            "server_url": "http://magico.livrexs.xyz/c/",
            "macs": [
                "00:1A:79:A2:86:D2",
                "00:1A:79:A2:EF:14",
                "00:1A:79:A2:FE:9B",
                "00:1A:79:A6:74:E4",
                "00:1A:79:CD:1D:C3",
                "00:1A:79:B5:63:0B",
                "00:1A:79:B9:A4:54",
                "00:1A:79:CD:16:15",
                "00:1A:79:BB:5A:98",
                "00:1A:79:AE:25:37",
                "00:1A:79:D1:A8:64",
                "00:1A:79:30:26:73",
                "00:1A:79:BF:A6:FD"
            ]
        },
        {
            "server_name": "iup-tv.com:8080",
            "server_url": "http://iup-tv.com:8080/c/",
            "macs": [
                "00:1A:79:DB:E4:5D",
                "00:1A:79:CE:1A:1D",
                "00:1A:79:5E:A8:80",
                "00:1A:79:4D:0F:44"
            ]
        },
        {
            "server_name": "rufus.zone",
            "server_url": "http://rufus.zone/stalker_portal/c/",
            "macs": [
                "00:1A:79:96:54:73",
                "00:1A:79:E7:C1:E0",
                "00:1A:79:D5:79:12",
                "00:1A:79:3E:5B:1A",
                "00:1A:79:E5:30:55",
                "00:1A:79:C5:1A:09",
                "00:1A:79:E6:57:E7",
                "00:1A:79:0E:B2:20",
                "00:1A:79:E5:89:5E"
            ]
        },
        {
            "server_name": "uhd3.one",
            "server_url": "http://uhd3.one/c/",
            "macs": [
                "00:1A:79:C7:96:3D",
                "00:1A:79:66:30:32",
                "00:1A:79:A5:12:DC",
                "00:1A:79:AA:8A:FC",
                "00:1A:79:13:1F:35",
                "00:1A:79:53:27:15",
                "00:1A:79:EB:46:06",
                "00:1A:79:3B:74:59",
                "00:1A:79:30:BF:CA",
                "00:1A:79:87:CD:0A"
            ]
        }
    ]
}