{
    "items": [
        {
            "server_name": "fx-lv.com:8080",
            "server_url": "http://fx-lv.com:8080/c/",
            "macs": [
                "00:1A:79:21:D8:5E",
                "00:1A:79:37:16:8A",
                "00:1A:79:6E:B9:C1",
                "00:1A:79:70:9B:76",
                "00:1A:79:76:0E:20",
                "00:1A:79:AB:45:CC",
                "00:1A:79:B2:5B:B1",
                "00:1A:79:B4:40:B6",
                "00:1A:79:B4:FF:88",
                "00:1A:79:B9:CA:B5",
                "00:1A:79:BD:80:CB",
                "00:1A:79:BD:9D:21",
                "00:1A:79:C0:B7:20",
                "00:1A:79:C1:C5:EF",
                "00:1A:79:C2:8A:D7",
                "00:1A:79:C3:AE:55",
                "00:1A:79:C3:C3:41",
                "00:1A:79:C5:40:62",
                "00:1A:79:C9:42:A8",
                "00:1A:79:D0:0F:FD",
                "00:1A:79:D3:B8:A4",
                "00:1A:79:FB:35:9A"
            ]
        },
        {
            "server_name": "line.boom-ott.ru",
            "server_url": "http://line.boom-ott.ru/c/",
            "macs": [
                "00:1A:79:38:EE:F7",
                "00:1A:79:56:A7:3C",
                "00:1A:79:69:8F:99",
                "00:1A:79:7B:AC:52",
                "00:1A:79:7E:C9:B4",
                "00:1A:79:8A:ED:EB",
                "00:1A:79:8C:41:AC",
                "00:1A:79:A1:DC:21",
                "00:1A:79:A7:36:54",
                "00:1A:79:AC:01:1A",
                "00:1A:79:BF:2C:38",
                "00:1A:79:C6:C7:4D",
                "00:1A:79:C9:6E:71",
                "00:1A:79:C9:94:5E"
            ]
        },
        {
            "server_name": "erdin1.com:8000",
            "server_url": "http://erdin1.com:8000/c/",
            "macs": [
                "00:1A:79:FB:23:F5"
            ]
        },
        {
            "server_name": "p1.uiop.tv:8037",
            "server_url": "http://p1.uiop.tv:8037/stalker_portal/c/",
            "macs": [
                "00:1A:79:2A:5C:13",
                "00:1A:79:2B:F3:00",
                "00:1A:79:48:C2:08",
                "00:1A:79:54:D4:36"
            ]
        },
        {
            "server_name": "sansat.net:25461",
            "server_url": "http://sansat.net:25461/c/",
            "macs": [
                "00:1A:79:43:57:75"
            ]
        },
        {
            "server_name": "tkosportz.live:25461",
            "server_url": "http://tkosportz.live:25461/c/",
            "macs": [
                "00:1A:79:E6:4F:EE",
                "00:1A:79:E7:A8:8C"
            ]
        },
        {
            "server_name": "v2pro.online:8080",
            "server_url": "http://v2pro.online:8080/c/",
            "macs": [
                "00:1A:79:4D:0B:29",
                "00:1A:79:5E:C5:FB"
            ]
        }
    ]
}