{
    "items": [
        {
            "server_name": "iup-tv.com:8080",
            "server_url": "http://iup-tv.com:8080/c/",
            "macs": [
                "00:1A:79:A9:EE:6C",
                "00:1A:79:B1:FA:79",
                "00:1A:79:BD:67:5E"
            ]
        },
        {
            "server_name": "tv.premiumplus.tv",
            "server_url": "http://tv.premiumplus.tv/c/",
            "macs": [
                "00:1A:79:4A:59:D8"
            ]
        },
        {
            "server_name": "tv1.darktv.eu",
            "server_url": "http://tv1.darktv.eu/c/",
            "macs": [
                "00:1A:79:50:B9:EF",
                "00:1A:79:70:D5:15"
            ]
        },
        {
            "server_name": "stalker.ugoiptv.com",
            "server_url": "http://stalker.ugoiptv.com/c/",
            "macs": [
                "00:1A:79:00:07:95",
                "00:1A:79:00:E5:D2",
                "00:1A:79:03:24:13",
                "00:1A:79:0B:B2:EA",
                "00:1A:79:0B:BC:F3",
                "00:1A:79:2A:28:10",
                "00:1A:79:3A:9F:86",
                "00:1A:79:3A:E5:28",
                "00:1A:79:41:08:76",
                "00:1A:79:57:3E:BE",
                "00:1A:79:57:7F:C4",
                "00:1A:79:57:D9:E6",
                "00:1A:79:5D:3B:6D",
                "00:1A:79:5D:7F:BA",
                "00:1A:79:5D:91:03",
                "00:1A:79:6C:8A:75",
                "00:1A:79:9D:AA:58",
                "00:1A:79:A1:A4:4F",
                "00:1A:79:AC:86:27",
                "FC:4B:BC:A6:42:53"
            ]
        },
        {
            "server_name": "alex.rocktv.be",
            "server_url": "http://alex.rocktv.be/stalker_portal/c/",
            "macs": [
                "00:1A:79:2D:FB:AA",
                "00:1A:79:55:93:71"
            ]
        },
        {
            "server_name": "portal.tiptop4k.tv",
            "server_url": "http://portal.tiptop4k.tv/stalker_portal/c/",
            "macs": [
                "00:1A:79:73:2A:33"
            ]
        },
        {
            "server_name": "ns31617126.ip-162-19-37.eu:8080",
            "server_url": "http://ns31617126.ip-162-19-37.eu:8080/c/",
            "macs": [
                "00:1A:79:13:75:D4",
                "00:1A:79:54:71:FA",
                "00:1A:79:5F:01:F0",
                "00:1A:79:64:C3:89",
                "00:1A:79:A0:4F:E6",
                "00:1A:79:B0:D9:6F",
                "00:1A:79:B2:27:3C",
                "00:1A:79:B5:B1:DE",
                "00:1A:79:B9:BC:DE",
                "00:1A:79:BB:04:A8",
                "00:1A:79:BD:3D:89",
                "00:1A:79:C0:72:DB",
                "00:1A:79:C2:83:21",
                "00:1A:79:C7:F8:A8",
                "00:1A:79:CC:1D:0A",
                "00:1A:79:CE:0C:51",
                "00:1A:79:F5:08:2F",
                "00:1A:79:FB:08:C6",
                "00:1A:79:FB:1A:26",
                "00:1A:79:FB:1E:89",
                "00:1A:79:FB:2F:3D",
                "00:1A:79:FB:2F:AE",
                "00:1A:79:FB:38:94"
            ]
        },
        {
            "server_name": "30198-puppy.ott-cdn.me",
            "server_url": "http://30198-puppy.ott-cdn.me/c/",
            "macs": [
                "00:1A:79:1F:B3:F7",
                "00:1A:79:4E:95:6B",
                "00:1A:79:B5:F8:18",
                "00:1A:79:F5:01:02"
            ]
        },
        {
            "server_name": "line.greatstar.me",
            "server_url": "http://line.greatstar.me/c/",
            "macs": [
                "00:1A:79:31:1B:D8",
                "00:1A:79:3B:0C:4F",
                "00:1A:79:7E:3F:0F"
            ]
        }
    ]
}