{
    "items": [
        {
            "server_name": "89.45.13.153:25461",
            "server_url": "http://89.45.13.153:25461/c/",
            "macs": [
                "00:1A:79:00:00:02",
                "00:1A:79:00:00:01",
                "00:1A:79:6b:d7:c5"
            ]
        },
        {
            "server_name": "tv.trexiptv.com",
            "server_url": "http://tv.trexiptv.com/c/",
            "macs": []
        },
        {
            "server_name": "46.43.69.9:4000",
            "server_url": "http://46.43.69.9:4000/stalker_portal/c/",
            "macs": [
                "00:1A:79:F7:C0:48"
            ]
        },
        {
            "server_name": "tatatv.cc",
            "server_url": "http://tatatv.cc/stalker_portal/c/",
            "macs": [
                "00:1A:79:00:02:DC",
                "00:1A:79:00:03:1F"
            ]
        },
        {
            "server_name": "2a2b2.com:80",
            "server_url": "http://2a2b2.com:80/c/",
            "macs": [
                "00:1A:79:19:2f:6a"
            ]
        },
        {
            "server_name": "ln.tabox.in:24651",
            "server_url": "http://ln.tabox.in:24651/c/",
            "macs": [
                "00:1A:79:77:c1:0d"
            ]
        },
        {
            "server_name": "line.greatstar.me:80",
            "server_url": "http://line.greatstar.me:80/c/",
            "macs": [
                "00:1A:79:71:49:8a",
                "00:1A:79:12:21:28"
            ]
        },
        {
            "server_name": "58315-mobile.oot-mx.me:80",
            "server_url": "http://58315-mobile.oot-mx.me:80/c/",
            "macs": [
                "00:1A:79:00:0D:DF",
                "00:1A:79:34:37:64",
                "00:1A:79:00:0E:05",
                "00:1A:79:BE:FD:A8",
                "00:1A:79:00:0B:C0"
            ]
        },
        {
            "server_name": "ipro.webvps.de",
            "server_url": "http://ipro.webvps.de/c/",
            "macs": [
                "00:1A:79:3C:3F:FB"
            ]
        },
        {
            "server_name": "neroiptv.xyz:8080",
            "server_url": "http://neroiptv.xyz:8080/c/",
            "macs": [
                "00:1A:79:03:26:3B"
            ]
        },
        {
            "server_name": "buyspamtool.com:8080",
            "server_url": "http://buyspamtool.com:8080/c/",
            "macs": [
                "00:1A:79:C1:A4:BA",
                "00:1A:79:75:C7:04"
            ]
        },
        {
            "server_name": "pal.alphatx.me",
            "server_url": "http://pal.alphatx.me/c/",
            "macs": [
                "00:1A:79:7E:14:A0",
                "00:1A:79:B9:9B:47"
            ]
        },
        {
            "server_name": "darkpower.xyz:8080",
            "server_url": "http://darkpower.xyz:8080/c/",
            "macs": [
                "00:1A:79:0E:62:E0",
                "00:1A:79:AA:84:49",
                "00:1A:79:A1:88:98",
                "00:1a:79:44:be:93",
                "00:1A:79:A1:C4:62",
                "00:1A:79:51:C2:9B",
                "00:1A:79:50:CB:64",
                "00:1A:79:AE:22:BA"
            ]
        },
        {
            "server_name": "mediahouse.ddns.me:8000",
            "server_url": "http://mediahouse.ddns.me:8000/c/",
            "macs": [
                "00:1A:79:66:09:7B",
                "00:1A:79:55:65:9F",
                "00:1A:79:4B:85:D0",
                "00:1A:79:3F:50:40",
                "00:1A:79:93:EB:40",
                "00:1A:79:60:08:1D",
                "00:1A:79:54:13:A7"
            ]
        },
        {
            "server_name": "alegra.ddnsgeek.com:8080",
            "server_url": "http://alegra.ddnsgeek.com:8080/c/",
            "macs": [
                "00:1A:79:54:E7:1F",
                "00:1A:79:F3:E6:88",
                "00:1A:79:B9:C2:F4",
                "00:1A:79:B4:2F:B5",
                "00:1A:79:A2:C0:D7",
                "00:1A:79:54:F7:0C",
                "00:1A:79:44:FB:1E"
            ]
        },
        {
            "server_name": "fultv.sytes.net:8080",
            "server_url": "http://fultv.sytes.net:8080/c/",
            "macs": [
                "00:1A:79:7A:4D:98",
                "00:1A:79:23:9C:08"
            ]
        },
        {
            "server_name": "streamcode.one:2082",
            "server_url": "http://streamcode.one:2082/c/",
            "macs": [
                "00:1A:79:A3:A6:61"
            ]
        },
        {
            "server_name": "zorrohunter.com",
            "server_url": "http://zorrohunter.com/c/",
            "macs": [
                "00:1A:79:48:53:C6",
                "00:1A:79:4C:83:30",
                "00:1A:79:46:0B:86"
            ]
        },
        {
            "server_name": "iup-tv.com:8080",
            "server_url": "http://iup-tv.com:8080/c/",
            "macs": [
                "00:1A:79:4D:95:74",
                "00:1A:79:53:71:D3",
                "00:1A:79:C4:77:B2",
                "00:1A:79:40:6F:84",
                "00:1A:79:AE:2A:3B",
                "00:1A:79:AD:3A:27"
            ]
        },
        {
            "server_name": "atvodhosting.xyz:80",
            "server_url": "http://atvodhosting.xyz:80/c/",
            "macs": [
                "00:1A:79:71:0F:83",
                "00:1A:79:71:19:08",
                "00:1A:79:71:41:F2",
                "00:1A:79:71:46:AA",
                "00:1A:79:71:4C:55",
                "00:1A:79:71:4E:28",
                "00:1A:79:71:4F:37",
                "00:1A:79:71:52:6A"
            ]
        },
        {
            "server_name": "mag.rs4ott.com:80",
            "server_url": "http://mag.rs4ott.com:80/c/",
            "macs": [
                "00:1A:79:A0:BB:82",
                "00:1A:79:92:84:AE"
            ]
        },
        {
            "server_name": "sony4k.vip:8000",
            "server_url": "http://sony4k.vip:8000/c/",
            "macs": [
                "00:1A:79:DE:3F:19",
                "00:1A:79:4F:43:CF",
                "00:1A:79:B9:09:5C",
                "00:1A:79:0C:9E:2F",
                "00:1A:79:99:98:D3",
                "00:1A:79:84:1E:AF",
                "00:1A:79:0D:65:94",
                "00:1A:79:19:46:59"
            ]
        },
        {
            "server_name": "line.gofast-tv.me",
            "server_url": "http://line.gofast-tv.me/c/",
            "macs": [
                "00:1A:79:0E:0E:52",
                "00:1A:79:D6:5F:B6",
                "00:1A:79:B8:74:BC",
                "00:1A:79:6A:D4:EB",
                "00:1A:79:C2:B6:45",
                "00:1A:79:E5:DC:06",
                "00:1A:79:15:2F:29",
                "00:1A:79:FB:39:E0"
            ]
        }
    ]
}