{
    "items": [
        {
            "server_name": "185.243.7.51:80",
            "server_url": "http://185.243.7.51:80/c/",
            "macs": [
                "00:1A:79:01:A0:14",
                "00:1A:79:54:1C:0B",
                "00:1A:79:55:66:77",
                "00:1A:79:7B:7B:8C"
            ]
        },
        {
            "server_name": "marvelhd.eu:8080",
            "server_url": "http://marvelhd.eu:8080/c/",
            "macs": [
                "00:1A:79:DA:43:CB"
            ]
        },
        {
            "server_name": "jiotv.be",
            "server_url": "http://jiotv.be/stalker_portal/c/",
            "macs": [
                "00:1A:79:3D:8F:6F",
                "00:1A:79:66:49:60",
                "00:1A:79:6B:A2:C8"
            ]
        },
        {
            "server_name": "p1.uiop.tv",
            "server_url": "http://p1.uiop.tv/stalker_portal/c/",
            "macs": [
                "00:1A:79:2F:C1:52",
                "00:1A:79:36:A2:49",
                "00:1A:79:49:AB:08",
                "00:1A:79:4E:CB:B8",
                "00:1A:79:55:29:A5",
                "00:1A:79:94:4E:2B"
            ]
        },
        {
            "server_name": "livein1.com:8080",
            "server_url": "http://livein1.com:8080/c/",
            "macs": [
                "00:1A:79:5D:D1:8B"
            ]
        },
        {
            "server_name": "p1.iptvrocket.tv",
            "server_url": "http://p1.iptvrocket.tv/c/",
            "macs": [
                "00:1A:79:EC:1A:5D"
            ]
        },
        {
            "server_name": "buyspamtool.com:8080",
            "server_url": "http://buyspamtool.com:8080/c/",
            "macs": [
                "00:1A:79:44:6A:33"
            ]
        },
        {
            "server_name": "line.iptveros.com:8000",
            "server_url": "http://line.iptveros.com:8000/c/",
            "macs": [
                "00:1A:79:20:92:69",
                "00:1A:79:64:4F:4A",
                "00:1A:79:71:57:7E",
                "00:1A:79:9F:E5:BC",
                "00:1A:79:A1:87:5D",
                "00:1A:79:F1:B4:30"
            ]
        },
        {
            "server_name": "datacentar.org:80",
            "server_url": "http://datacentar.org:80/c/",
            "macs": [
                "00:1A:79:1C:7F:73",
                "00:1A:79:76:4B:2B"
            ]
        },
        {
            "server_name": "iptvch2.com",
            "server_url": "http://iptvch2.com/c/",
            "macs": [
                "00:1A:79:3D:68:05",
                "00:1A:79:40:6B:24",
                "00:1A:79:5E:3B:E4",
                "00:1A:79:B4:4C:91"
            ]
        },
        {
            "server_name": "vod.4kplus.org",
            "server_url": "http://vod.4kplus.org/c/",
            "macs": [
                "00:1A:79:02:76:79",
                "00:1A:79:05:FC:B0",
                "00:1A:79:19:1F:D0",
                "00:1A:79:21:1F:CD",
                "00:1A:79:22:C5:75",
                "00:1A:79:32:1F:42",
                "00:1A:79:32:1F:D2",
                "00:1A:79:32:3A:6C",
                "00:1A:79:33:70:A7",
                "00:1A:79:40:AB:7D",
                "00:1A:79:48:35:F6",
                "00:1A:79:48:CC:63",
                "00:1A:79:49:4A:57",
                "00:1A:79:4A:13:8F",
                "00:1A:79:51:4F:06",
                "00:1A:79:53:B9:E7",
                "00:1A:79:55:B2:89",
                "00:1A:79:6F:6A:73",
                "00:1A:79:6F:6B:FE",
                "00:1A:79:6F:6F:B0",
                "00:1A:79:76:47:D6",
                "00:1A:79:79:E2:B6",
                "00:1A:79:89:37:C9",
                "00:1A:79:A9:2B:70",
                "00:1A:79:AA:8C:2B",
                "00:1A:79:AF:63:AD",
                "00:1A:79:B0:3E:1B",
                "00:1A:79:B0:74:F3",
                "00:1A:79:B1:6C:85",
                "00:1A:79:B2:2F:0E",
                "00:1A:79:B5:21:A4",
                "00:1A:79:B5:5A:51",
                "00:1A:79:B7:59:41",
                "00:1A:79:B7:74:04",
                "00:1A:79:BA:A8:2E",
                "00:1A:79:C0:0E:2B",
                "00:1A:79:C0:44:40",
                "00:1A:79:C3:AF:25",
                "00:1A:79:C4:28:1B",
                "00:1A:79:C5:79:CD",
                "00:1A:79:C5:F6:55",
                "00:1A:79:D3:04:77",
                "00:1A:79:D5:8F:F6",
                "00:1A:79:D6:DC:B0",
                "00:1A:79:D7:06:EA",
                "00:1A:79:DD:9F:A3",
                "00:1A:79:F9:8F:A0",
                "00:1A:79:FB:92:00",
                "00:1A:79:FD:56:3F",
                "00:1A:79:FD:7F:1F"
            ]
        }
    ]
}