{
    "items": [
        {
            "server_name": "fxx42.com:8080",
            "server_url": "http://fxx42.com:8080/c/",
            "macs": [
                "00:1A:79:6A:6F:42",
                "00:1A:79:4E:4C:1A",
                "00:1A:79:B9:CF:77"
            ]
        },
        {
            "server_name": "line.myox.me:80",
            "server_url": "http://line.myox.me:80/c/",
            "macs": [
                "00:1A:79:01:4A:9B"
            ]
        },
        {
            "server_name": "tv.supertv.life:80",
            "server_url": "http://tv.supertv.life:80/c/",
            "macs": [
                "00:1A:79:8d:1f:62"
            ]
        },
        {
            "server_name": "d.tvplusfr.com:80",
            "server_url": "http://d.tvplusfr.com:80/c/",
            "macs": [
                "00:1A:79:00:00:97",
                "00:1A:79:00:01:4E",
                "00:1A:79:00:07:BB",
                "00:1A:79:00:09:D4",
                "00:1A:79:00:0B:44",
                "00:1A:79:00:0B:85"
            ]
        },
        {
            "server_name": "fuego-iptv.net:2082",
            "server_url": "http://fuego-iptv.net:2082/c/",
            "macs": [
                "00:1A:79:00:00:11",
                "00:1A:79:00:00:10",
                "00:1A:79:00:00:01"
            ]
        },
        {
            "server_name": "reddevil.life:8080",
            "server_url": "http://reddevil.life:8080/c/",
            "macs": [
                "00:1A:79:63:5E:AE"
            ]
        },
        {
            "server_name": "185.182.193.203:25461",
            "server_url": "http://185.182.193.203:25461/c/",
            "macs": [
                "00:1A:79:63:96:22",
                "00:1A:79:b0:63:e4",
                "00:1A:79:5d:8e:4a",
                "00:1A:79:c7:b0:64",
                "00:1A:79:c9:84:d7"
            ]
        },
        {
            "server_name": "m.suportline.xyz",
            "server_url": "http://m.suportline.xyz/stalker_portal/c/",
            "macs": [
                "00:1A:79:E2:45:3E"
            ]
        },
        {
            "server_name": "23232.top",
            "server_url": "http://23232.top/c/",
            "macs": [
                "00:1A:79:29:13:90",
                "00:1A:79:EE:85:08",
                "00:1A:79:55:86:74",
                "00:1A:79:C1:75:F6",
                "00:1A:79:7C:71:18",
                "00:1A:79:7E:0A:4A",
                "00:1A:79:B6:92:A7",
                "00:1A:79:C6:F5:5B",
                "00:1A:79:B8:23:8E",
                "00:1A:79:4A:1B:50",
                "00:1A:79:B8:3B:A7",
                "00:1A:79:2C:65:0A"
            ]
        },
        {
            "server_name": "stb.iphd.tv",
            "server_url": "http://stb.iphd.tv/c/",
            "macs": [
                "00:1A:79:41:E6:8C",
                "00:1A:79:B3:77:B5",
                "00:1A:79:6A:1A:8D",
                "00:1A:79:B7:2E:E8"
            ]
        },
        {
            "server_name": "jt-info.xyz",
            "server_url": "http://jt-info.xyz/c/",
            "macs": [
                "00:1A:79:37:AE:37",
                "00:1A:79:4F:A7:DC",
                "00:1A:79:B4:E7:DB"
            ]
        },
        {
            "server_name": "apksmart.dino.ws",
            "server_url": "http://apksmart.dino.ws/c/",
            "macs": [
                "00:1A:79:B5:69:3A"
            ]
        },
        {
            "server_name": "nossacasa55.ddns.net:8080",
            "server_url": "http://nossacasa55.ddns.net:8080/c/",
            "macs": [
                "00:1A:79:B3:A1:DA",
                "00:1A:79:55:97:DC",
                "00:1A:79:C4:B7:FE",
                "00:1A:79:FE:1F:92",
                "00:1A:79:3B:17:50",
                "00:1A:79:AB:31:CD",
                "00:1A:79:C8:1B:10",
                "00:1A:79:C1:9F:5B",
                "00:1A:79:52:29:A4",
                "00:1A:79:63:91:A3",
                "00:1A:79:53:7D:C1",
                "00:1A:79:8C:0A:B2",
                "00:1A:79:7E:27:17",
                "00:1A:79:ED:2A:1C",
                "00:1A:79:58:EC:A5",
                "00:1A:79:05:DE:B0",
                "00:1A:79:AE:B2:EB",
                "00:1A:79:0D:AA:1D",
                "00:1A:79:4D:F6:F4",
                "00:1A:79:C0:B7:EC",
                "00:1A:79:78:AF:D1",
                "00:1A:79:0D:CC:C7",
                "00:1A:79:57:D9:10",
                "00:1A:79:C1:A4:DC",
                "00:1A:79:D7:40:A4",
                "00:1A:79:D2:2A:4B",
                "00:1A:79:01:93:11",
                "00:1A:79:AB:90:40",
                "00:1A:79:CB:DF:BB",
                "00:1A:79:C1:FC:5E",
                "00:1A:79:73:66:99",
                "00:1A:79:A3:64:75",
                "00:1A:79:37:0A:4A"
            ]
        },
        {
            "server_name": "ogzpunk.live:8080",
            "server_url": "http://ogzpunk.live:8080/c/",
            "macs": [
                "00:1A:79:01:71:E5"
            ]
        },
        {
            "server_name": "wiki-ott.org:8789",
            "server_url": "http://wiki-ott.org:8789/c/",
            "macs": [
                "00:1A:79:A5:40:70",
                "00:1A:79:23:7A:F4",
                "00:1A:79:70:68:3F",
                "00:1A:79:94:21:A0",
                "00:1A:79:A4:58:03",
                "00:1A:79:5E:F3:6F",
                "00:1A:79:98:97:56",
                "00:1A:79:7A:42:12",
                "00:1A:79:05:A3:28",
                "00:1A:79:6A:AC:A5",
                "00:1A:79:5B:E4:DE",
                "00:1A:79:3D:5C:6F"
            ]
        },
        {
            "server_name": "uhd3.one",
            "server_url": "http://uhd3.one/c/",
            "macs": [
                "00:1A:79:C3:F6:24",
                "00:1A:79:E8:00:41",
                "00:1A:79:49:31:19",
                "00:1A:79:F1:B8:16",
                "00:1A:79:BD:38:8F",
                "00:1A:79:D0:30:8E"
            ]
        },
        {
            "server_name": "trex.8kott.xyz",
            "server_url": "http://trex.8kott.xyz/c/",
            "macs": [
                "00:1A:79:6E:4B:28",
                "00:1A:79:6D:10:34",
                "00:1A:79:61:35:36",
                "00:1A:79:4E:90:B9",
                "00:1A:79:E7:A9:0B",
                "00:1A:79:B5:6E:45"
            ]
        },
        {
            "server_name": "iptvswiss.com.123tv.to:8080",
            "server_url": "http://iptvswiss.com.123tv.to:8080/c/",
            "macs": [
                "00:1A:79:6E:38:4A",
                "00:1A:79:49:D7:47",
                "00:1A:79:BD:50:70",
                "00:1A:79:EE:DC:D4",
                "00:1A:79:B8:8D:1F",
                "00:1A:79:AE:A5:DE"
            ]
        },
        {
            "server_name": "45.139.122.199:8080",
            "server_url": "http://45.139.122.199:8080/c/",
            "macs": [
                "00:1A:79:A6:54:34",
                "00:1A:79:4D:13:73",
                "00:1A:79:B4:4F:81",
                "00:1A:79:AD:84:81",
                "00:1A:79:C3:0D:FD",
                "00:1A:79:C4:22:DD",
                "00:1A:79:AE:CC:32",
                "00:1A:79:C5:48:7B",
                "00:1A:79:F4:8C:3A"
            ]
        },
        {
            "server_name": "fastrunner.live:8080",
            "server_url": "http://fastrunner.live:8080/c/",
            "macs": [
                "00:1A:79:C7:CA:98",
                "00:1A:79:C8:10:EF",
                "00:1A:79:D8:D5:E5",
                "00:1A:79:4E:E6:E3",
                "00:1A:79:B6:39:31",
                "00:1A:79:A1:FB:35"
            ]
        },
        {
            "server_name": "magico.livrexs.xyz",
            "server_url": "http://magico.livrexs.xyz/c/",
            "macs": [
                "00:1A:79:BB:52:2A",
                "00:1A:79:A2:C4:EB",
                "00:1A:79:B7:44:8B",
                "00:1A:79:CC:4F:B1",
                "00:1A:79:2E:55:C3"
            ]
        },
        {
            "server_name": "mutant.arrox.top",
            "server_url": "http://mutant.arrox.top/c/",
            "macs": [
                "00:1A:79:42:0E:74",
                "00:1A:79:14:1F:23",
                "00:1A:79:32:C5:57",
                "00:1A:79:3A:84:89",
                "00:1A:79:BF:DF:A6",
                "00:1A:79:D6:4F:18",
                "00:1A:79:5D:82:E9",
                "00:1A:79:B3:B3:63",
                "00:1A:79:C5:BF:E0"
            ]
        },
        {
            "server_name": "line.iptvwings.com",
            "server_url": "http://line.iptvwings.com/c/",
            "macs": [
                "00:1A:79:EF:AA:F5",
                "00:1A:79:B6:6F:17",
                "00:1A:79:7F:16:EB",
                "00:1A:79:62:1B:C3",
                "00:1A:79:EC:CC:DA",
                "00:1A:79:58:BE:9B"
            ]
        },
        {
            "server_name": "mag.ugoiptv.com",
            "server_url": "http://mag.ugoiptv.com/c/",
            "macs": [
                "00:1A:79:C3:F8:DB",
                "00:1A:79:74:F2:77",
                "00:1A:79:6D:CD:65"
            ]
        },
        {
            "server_name": "spacextv.live:8080",
            "server_url": "http://spacextv.live:8080/c/",
            "macs": [
                "00:1A:79:F0:07:FD",
                "00:1A:79:10:D5:BC",
                "00:1A:79:34:22:33",
                "00:1A:79:B6:23:A9",
                "00:1A:79:07:BE:67",
                "00:1A:79:2B:98:8F",
                "00:1A:79:BB:B5:C9",
                "00:1A:79:58:CB:2A",
                "00:1A:79:13:50:FD",
                "00:1A:79:10:E3:77",
                "00:1A:79:14:E0:FB",
                "00:1A:79:1A:01:DA",
                "00:1A:79:F1:B8:05",
                "00:1A:79:07:C8:7F",
                "00:1A:79:4F:43:ED",
                "00:1A:79:17:1C:CC",
                "00:1A:79:30:9A:FF",
                "00:1A:79:58:5F:43",
                "00:1A:79:C7:8C:CD",
                "00:1A:79:17:23:C1",
                "00:1A:79:10:DA:06",
                "00:1A:79:D5:EA:1F",
                "00:1A:79:22:01:77",
                "00:1A:79:14:EC:30",
                "00:1A:79:4D:00:5B",
                "00:1A:79:BD:23:CE",
                "00:1A:79:AA:A9:CD"
            ]
        }
    ]
}