{
    "items": [
        {
            "server_name": "1.gujaratsat.live",
            "server_url": "http://1.gujaratsat.live/c/",
            "macs": [
                "00:1A:79:4F:EA:42",
                "00:1A:79:58:17:53",
                "00:1A:79:84:30:D9",
                "00:1A:79:8F:CD:FA",
                "00:1A:79:8F:F5:A7",
                "00:1A:79:A2:61:A2",
                "00:1A:79:B5:B3:57",
                "00:1A:79:CE:14:1D"
            ]
        },
        {
            "server_name": "humiptv.live:8080",
            "server_url": "http://humiptv.live:8080/c/",
            "macs": [
                "00:1A:79:68:D0:F8",
                "00:1A:79:7A:E5:71"
            ]
        },
        {
            "server_name": "maxzi.pro:80",
            "server_url": "http://maxzi.pro:80/c/",
            "macs": [
                "00:1A:79:40:6B:A7",
                "00:1A:79:47:85:9C",
                "00:1A:79:77:4D:EE",
                "00:1A:79:90:C9:98",
                "00:1A:79:C6:7E:4C"
            ]
        },
        {
            "server_name": "streamcode.one:2082",
            "server_url": "http://streamcode.one:2082/c/",
            "macs": [
                "00:1A:79:4B:29:52"
            ]
        },
        {
            "server_name": "trsat.nl",
            "server_url": "http://trsat.nl/c/",
            "macs": [
                "00:1A:79:56:96:AC",
                "00:1A:79:A4:5D:03"
            ]
        },
        {
            "server_name": "digitalmobile.live:8080",
            "server_url": "http://digitalmobile.live:8080/c/",
            "macs": [
                "00:1A:79:B5:65:5D"
            ]
        },
        {
            "server_name": "gfr5.mi20.cc",
            "server_url": "http://gfr5.mi20.cc/stalker_portal/c/",
            "macs": [
                "00:1A:79:55:20:3A",
                "00:1A:79:73:2A:BA",
                "00:1A:79:73:E4:22",
                "00:1A:79:73:E8:BF",
                "00:1A:79:73:EF:7B",
                "00:1A:79:74:16:76",
                "00:1A:79:74:77:B1",
                "00:1A:79:76:60:54",
                "00:1A:79:76:69:D8",
                "00:1A:79:76:99:95",
                "00:1A:79:76:9C:EF",
                "00:1A:79:77:5F:71",
                "00:1A:79:78:CE:42",
                "00:1A:79:79:36:E6",
                "00:1A:79:79:9F:50",
                "00:1A:79:7A:CB:ED",
                "00:1A:79:7C:14:B1",
                "00:1A:79:7C:17:1E",
                "00:1A:79:E5:F3:43",
                "00:1A:79:E7:35:55",
                "00:1A:79:F0:53:79",
                "00:1A:79:F0:54:98",
                "00:1A:79:F0:55:29"
            ]
        },
        {
            "server_name": "rufus.zone",
            "server_url": "http://rufus.zone/stalker_portal/c/",
            "macs": [
                "00:1A:79:C5:1C:AE"
            ]
        },
        {
            "server_name": "tvkijken.xyz:8080",
            "server_url": "http://tvkijken.xyz:8080/c/",
            "macs": [
                "00:1A:79:67:AF:84",
                "00:1A:79:93:57:7D",
                "00:1A:79:C1:99:23"
            ]
        },
        {
            "server_name": "fastopen.live:8080",
            "server_url": "http://fastopen.live:8080/c/",
            "macs": [
                "00:1A:79:07:CA:04",
                "00:1A:79:BD:4B:38"
            ]
        },
        {
            "server_name": "portal.entertainmentxl.com:8080",
            "server_url": "http://portal.entertainmentxl.com:8080/c/",
            "macs": [
                "00:1A:79:46:E9:94",
                "00:1A:79:CB:80:22"
            ]
        },
        {
            "server_name": "buyspamtool.com:8080",
            "server_url": "http://buyspamtool.com:8080/c/",
            "macs": [
                "00:1A:79:4B:35:4B"
            ]
        },
        {
            "server_name": "sonymax.org:8080",
            "server_url": "http://sonymax.org:8080/c/",
            "macs": [
                "00:1A:79:15:05:F1"
            ]
        },
        {
            "server_name": "marvelhd.eu:8080",
            "server_url": "http://marvelhd.eu:8080/c/",
            "macs": [
                "00:1A:79:65:29:92"
            ]
        },
        {
            "server_name": "p1.iptvrocket.tv",
            "server_url": "http://p1.iptvrocket.tv/c/",
            "macs": [
                "00:1A:79:8D:C3:A5"
            ]
        },
        {
            "server_name": "livein1.com:8080",
            "server_url": "http://livein1.com:8080/c/",
            "macs": [
                "00:1A:79:41:2D:E4",
                "00:1A:79:46:74:8E",
                "00:1A:79:4C:18:DF",
                "00:1A:79:4C:26:2B",
                "00:1A:79:4F:2E:AB",
                "00:1A:79:50:7F:0A",
                "00:1A:79:82:A4:13",
                "00:1A:79:82:C5:1A",
                "00:1A:79:B0:DE:E3",
                "00:1A:79:C2:F2:CB",
                "00:1A:79:C5:90:90",
                "00:1A:79:EC:C4:51"
            ]
        },
        {
            "server_name": "p1.uiop.tv",
            "server_url": "http://p1.uiop.tv/stalker_portal/c/",
            "macs": [
                "00:1A:79:17:ED:49",
                "00:1A:79:2E:67:17",
                "00:1A:79:31:FD:DD",
                "00:1A:79:4F:60:93",
                "00:1A:79:51:43:00",
                "00:1A:79:53:0E:44",
                "00:1A:79:54:AF:C9",
                "00:1A:79:56:6A:0C",
                "00:1A:79:58:B5:AC",
                "00:1A:79:5D:06:BE",
                "00:1A:79:66:34:83"
            ]
        },
        {
            "server_name": "world.marvelhd.eu:8000",
            "server_url": "http://world.marvelhd.eu:8000/c/",
            "macs": [
                "00:1A:79:21:1F:1E",
                "00:1A:79:26:E4:05",
                "00:1A:79:31:AB:9F",
                "00:1A:79:42:6C:2E",
                "00:1A:79:4E:44:09",
                "00:1A:79:4F:56:E1",
                "00:1A:79:64:46:18",
                "00:1A:79:6A:97:A3",
                "00:1A:79:86:06:F8",
                "00:1A:79:C2:3E:6F",
                "00:1A:79:C9:67:48"
            ]
        }
    ]
}