{
    "items": [
        {
            "server_name": "darkpower.xyz:8080",
            "server_url": "http://darkpower.xyz:8080/c/",
            "macs": [
                "00:1A:79:0E:62:E0"
            ]
        },
        {
            "server_name": "bracaro.bracaro.xyz:8080",
            "server_url": "http://bracaro.bracaro.xyz:8080/c/",
            "macs": [
                "00:1A:79:A5:A8:51",
                "00:1A:79:AA:73:E3"
            ]
        },
        {
            "server_name": "zenlink.link",
            "server_url": "http://zenlink.link/c/",
            "macs": [
                "00:1A:79:B0:A1:A7",
                "00:1A:79:5D:38:71"
            ]
        },
        {
            "server_name": "optimus-tv.org",
            "server_url": "http://optimus-tv.org/c/",
            "macs": [
                "00:1A:79:4D:00:7D",
                "00:1A:79:BA:D0:9F",
                "00:1A:79:52:02:60",
                "00:1A:79:10:3E:F3",
                "00:1A:79:5E:49:37",
                "00:1A:79:A0:FE:2D",
                "00:1A:79:07:C0:A4",
                "00:1A:79:08:E3:99",
                "00:1A:79:01:6C:4D",
                "00:1A:79:6E:2B:67",
                "00:1A:79:01:6F:F9",
                "00:1A:79:14:DE:89",
                "00:1A:79:AA:58:13",
                "00:1A:79:AF:38:B4",
                "00:1A:79:08:43:B7",
                "00:1A:79:07:BA:FC",
                "00:1A:79:08:4F:F4",
                "00:1A:79:4D:00:D2",
                "00:1A:79:90:9B:81",
                "00:1A:79:14:DF:D1",
                "00:1A:79:AB:55:19",
                "00:1A:79:10:DE:95",
                "00:1A:79:01:6E:DD",
                "00:1A:79:FB:17:82",
                "00:1A:79:08:E4:D7",
                "00:1A:79:14:E9:B8",
                "00:1A:79:08:49:BC",
                "00:1A:79:10:DE:53",
                "00:1A:79:6E:2C:45",
                "00:1A:79:5E:48:AD",
                "00:1A:79:07:C2:7E",
                "00:1A:79:AB:58:3B",
                "00:1A:79:6B:BB:BF",
                "00:1A:79:76:FC:AE",
                "00:1A:79:10:D7:E6",
                "00:1A:79:AB:5C:9F",
                "00:1A:79:08:48:D7",
                "00:1A:79:6E:2F:03",
                "00:1A:79:A1:00:8D",
                "00:1A:79:3D:56:B7",
                "00:1A:79:AF:F8:63",
                "00:1A:79:AB:59:18",
                "00:1A:79:A0:E1:98",
                "00:1A:79:A0:FD:6F",
                "00:1A:79:13:50:E6",
                "00:1A:79:08:47:A5",
                "00:1A:79:08:4C:0C",
                "00:1A:79:13:53:5B",
                "00:1A:79:6B:BD:39",
                "00:1A:79:6E:2F:08",
                "00:1A:79:B6:39:D4",
                "00:1A:79:AF:39:32",
                "00:1A:79:6E:2A:53",
                "00:1A:79:77:02:EF",
                "00:1A:79:7C:69:AB",
                "00:1A:79:7C:6D:18",
                "00:1A:79:AF:38:D7",
                "00:1A:79:5E:49:92",
                "00:1A:79:08:51:DC",
                "00:1A:79:10:D7:69",
                "00:1A:79:08:43:B3",
                "00:1A:79:77:05:BF",
                "00:1A:79:6B:BE:DE",
                "00:1A:79:6B:BA:60",
                "00:1A:79:77:02:34",
                "00:1A:79:19:3F:E8",
                "00:1A:79:10:DE:C7"
            ]
        },
        {
            "server_name": "ip.sltv.be:8080",
            "server_url": "http://ip.sltv.be:8080/c/",
            "macs": [
                "00:1A:79:50:98:14"
            ]
        },
        {
            "server_name": "185.243.7.154",
            "server_url": "http://185.243.7.154/c/",
            "macs": [
                "00:1A:79:54:27:DB"
            ]
        },
        {
            "server_name": "ultra-box.club",
            "server_url": "http://ultra-box.club/c/",
            "macs": [
                "00:1A:79:9F:12:86",
                "00:1A:79:C4:09:41",
                "00:1A:79:5B:A4:CB",
                "00:1A:79:7F:25:73",
                "00:1A:79:64:8D:E9",
                "00:1A:79:AA:8E:55",
                "00:1A:79:51:6A:D6",
                "00:1A:79:E7:11:BE",
                "00:1A:79:CF:F9:51",
                "00:1A:79:79:7C:7C"
            ]
        },
        {
            "server_name": "mag.ukhd.tv",
            "server_url": "http://mag.ukhd.tv/c/",
            "macs": [
                "00:1A:79:64:48:AE",
                "00:1A:79:40:6C:7B"
            ]
        },
        {
            "server_name": "7.iptvon.tv.123tv.to:8080",
            "server_url": "http://7.iptvon.tv.123tv.to:8080/c/",
            "macs": [
                "00:1a:79:9c:2c:03",
                "00:1A:79:A7:C4:8F"
            ]
        },
        {
            "server_name": "93.119.105.62:25461",
            "server_url": "http://93.119.105.62:25461/c/",
            "macs": [
                "00:1A:79:31:2F:10",
                "00:1A:79:B3:9F:90"
            ]
        },
        {
            "server_name": "prm23.com",
            "server_url": "http://prm23.com/c/",
            "macs": [
                "00:1A:79:62:BA:FC",
                "00:1A:79:0E:26:E2",
                "00:1A:79:C1:31:1B",
                "00:1A:79:A4:2F:23",
                "00:1A:79:E4:E7:5A",
                "00:1A:79:49:B2:84",
                "00:1A:79:02:D0:AA",
                "00:1A:79:21:21:6D",
                "00:1A:79:DA:5D:D6",
                "00:1A:79:5F:B6:97",
                "00:1A:79:57:92:4A",
                "00:1A:79:BD:6F:A4",
                "00:1A:79:AA:7E:44",
                "00:1A:79:40:72:7D",
                "00:1A:79:2C:F3:3D",
                "00:1A:79:94:39:4F",
                "00:1A:79:0F:7F:40",
                "00:1A:79:00:ED:C7"
            ]
        },
        {
            "server_name": "prm23.com",
            "server_url": "http://prm23.com/c/",
            "macs": [
                "00:1A:79:2F:54:CD",
                "00:1A:79:12:63:67",
                "00:1A:79:C8:11:66",
                "00:1A:79:6D:AE:5C",
                "00:1A:79:CB:7E:23",
                "00:1A:79:05:5A:F1",
                "00:1A:79:AC:04:DF",
                "00:1A:79:31:C2:72",
                "00:1A:79:79:44:24",
                "00:1A:79:AD:3A:34",
                "00:1A:79:46:E3:47",
                "00:1A:79:60:0D:4B",
                "00:1A:79:27:85:1D",
                "00:1A:79:00:2A:4C",
                "00:1A:79:17:1E:38",
                "00:1A:79:BA:D4:07",
                "00:1A:79:83:09:A2",
                "00:1A:79:25:58:D4",
                "00:1A:79:03:67:43",
                "00:1A:79:32:25:4E",
                "00:1A:79:47:F2:D6",
                "00:1A:79:54:CE:AD",
                "00:1A:79:45:21:00",
                "00:1A:79:F1:B8:05",
                "00:1A:79:5C:C2:E8",
                "00:1A:79:63:21:B3",
                "00:1A:79:62:BA:FC",
                "00:1A:79:0E:26:E2",
                "00:1A:79:C1:31:1B",
                "00:1A:79:A4:2F:23",
                "00:1A:79:E4:E7:5A",
                "00:1A:79:49:B2:84",
                "00:1A:79:02:D0:AA",
                "00:1A:79:21:21:6D",
                "00:1A:79:DA:5D:D6",
                "00:1A:79:5F:B6:97",
                "00:1A:79:B2:6D:F5",
                "00:1A:79:74:d3:a5",
                "00:1A:79:B0:E7:27",
                "00:1A:79:08:E3:83",
                "00:1A:79:72:70:19",
                "00:1A:79:83:8F:AC",
                "00:1A:79:72:70:19",
                "00:1A:79:83:8F:AC",
                "00:1A:79:d1:db:c9",
                "00:1A:79:47:86:50",
                "00:1A:79:63:AB:46",
                "00:1A:79:08:E3:83",
                "00:1A:79:BC:D2:8C"
            ]
        },
        {
            "server_name": "portal.magic8kip.tv",
            "server_url": "http://portal.magic8kip.tv/c/",
            "macs": [
                "00:1A:79:A1:DB:11",
                "00:1A:79:36:00:1A",
                "00:1A:79:35:F9:7C"
            ]
        },
        {
            "server_name": "magentalive.eu:8080",
            "server_url": "http://magentalive.eu:8080/c/",
            "macs": [
                "00:1A:79:7c:f9:33",
                "00:1A:79:e4:3b:dd",
                "00:1A:79:c7:09:c6",
                "00:1A:79:63:fe:d5"
            ]
        },
        {
            "server_name": "c.bittensor.nexus:80",
            "server_url": "http://c.bittensor.nexus:80/c/",
            "macs": [
                "00:1A:79:f5:1d:ac",
                "00:1A:79:b5:23:08",
                "00:1A:79:4e:41:70",
                "00:1A:79:a2:bc:7d",
                "00:1A:79:4d:5e:8e",
                "00:1A:79:85:0f:78",
                "00:1A:79:4e:41:70",
                "00:1A:79:4b:59:f2",
                "00:1A:79:f5:53:2e",
                "00:1A:79:c4:44:27"
            ]
        },
        {
            "server_name": "ln.tabox.in:24651",
            "server_url": "http://ln.tabox.in:24651/c/",
            "macs": [
                "00:1A:79:bf:c5:10"
            ]
        },
        {
            "server_name": "ipwebtv.dyndns.tv:8000",
            "server_url": "http://ipwebtv.dyndns.tv:8000/c/",
            "macs": [
                "00:1A:79:a9:21:66"
            ]
        },
        {
            "server_name": "7.iptvon.tv.123tv.to:8080",
            "server_url": "http://7.iptvon.tv.123tv.to:8080/c/",
            "macs": [
                "00:1A:79:35:36:64"
            ]
        },
        {
            "server_name": "tv1.darktv.eu",
            "server_url": "http://tv1.darktv.eu/c/",
            "macs": [
                "00:1A:79:3A:1D:22",
                "00:1A:79:19:1F:3F",
                "00:1A:79:D0:E2:96"
            ]
        },
        {
            "server_name": "tv1.darktv.eu",
            "server_url": "http://tv1.darktv.eu/c/",
            "macs": [
                "00:1A:79:3A:3E:F1",
                "00:1A:79:5E:29:E6",
                "00:1A:79:10:7F:FD",
                "00:1A:79:E0:2F:52",
                "00:1A:79:A1:35:22",
                "00:1A:79:02:6F:C5",
                "00:1A:79:4C:A1:C1",
                "00:1A:79:66:28:30",
                "00:1A:79:3E:46:5D",
                "00:1A:79:3A:39:15",
                "00:1A:79:3F:6C:A8",
                "00:1A:79:3A:1D:70",
                "00:1A:79:0B:B5:CB",
                "00:1A:79:19:46:54",
                "00:1A:79:43:35:50",
                "00:1A:79:43:35:50",
                "00:1A:79:44:BE:18"
            ]
        },
        {
            "server_name": "145.239.253.183",
            "server_url": "http://145.239.253.183/stalker_portal/c/",
            "macs": [
                "00:1A:79:4F:C9:4D"
            ]
        },
        {
            "server_name": "desivicky.pktv.me",
            "server_url": "http://desivicky.pktv.me/c/",
            "macs": [
                "00:1A:79:58:57:EC"
            ]
        },
        {
            "server_name": "digitalmobile.live:8080",
            "server_url": "http://digitalmobile.live:8080/c/",
            "macs": [
                "00:1A:79:BD:0C:D0",
                "00:1A:79:C5:4E:82"
            ]
        },
        {
            "server_name": "185.243.7.154",
            "server_url": "http://185.243.7.154/c/",
            "macs": [
                "00:1A:79:BA:1C:21",
                "00:1A:79:76:94:59",
                "00:1A:79:09:5A:84",
                "00:1A:79:E6:C6:1E",
                "00:1A:79:B3:67:14",
                "00:1A:79:1F:6F:94",
                "00:1A:79:10:88:00",
                "00:1A:79:D2:99:7A",
                "00:1A:79:4D:5A:98",
                "00:1A:79:B5:5E:C7",
                "00:1A:79:7D:D9:50"
            ]
        },
        {
            "server_name": "buyspamtool.com:8080",
            "server_url": "http://buyspamtool.com:8080/c/",
            "macs": [
                "00:1A:79:0A:D6:1B",
                "00:1A:79:EF:9A:22"
            ]
        },
        {
            "server_name": "tv.greatstar.me",
            "server_url": "http://tv.greatstar.me/c/",
            "macs": [
                "00:1A:79:2D:0F:3E",
                "00:1A:79:14:8A:AC",
                "00:1A:79:A8:2E:92",
                "00:1A:79:4C:0B:28",
                "00:1A:79:7D:FC:A4",
                "00:1A:79:60:2E:57",
                "00:1A:79:B6:65:46",
                "00:1A:79:45:4A:42"
            ]
        },
        {
            "server_name": "tv.trexiptv.com",
            "server_url": "http://tv.trexiptv.com/c/",
            "macs": [
                "00:1A:79:C5:35:B0",
                "00:1A:79:7C:58:1C",
                "00:1A:79:72:C3:5A",
                "00:1A:79:0E:23:A1",
                "00:1A:79:71:5F:0C",
                "00:1A:79:78:EE:2F",
                "00:1A:79:24:2F:93",
                "00:1A:79:94:6F:7A",
                "00:1A:79:53:90:8E",
                "00:1A:79:1D:1D:06",
                "00:1A:79:C3:88:5A",
                "00:1A:79:1D:11:F5"
            ]
        },
        {
            "server_name": "pal.alphatx.me",
            "server_url": "http://pal.alphatx.me/c/",
            "macs": [
                "00:1A:79:E6:CB:23",
                "00:1A:79:C9:8F:37"
            ]
        },
        {
            "server_name": "marvelhd.eu:8080",
            "server_url": "http://marvelhd.eu:8080/c/",
            "macs": [
                "00:1A:79:62:34:39",
                "00:1A:79:A2:94:01",
                "00:1A:79:72:76:CB",
                "00:1A:79:C1:B1:33",
                "00:1A:79:3E:A3:EC",
                "00:1A:79:7F:23:4F",
                "00:1A:79:73:21:EA",
                "00:1A:79:AC:FE:CF"
            ]
        },
        {
            "server_name": "p1.iptvrocket.tv",
            "server_url": "http://p1.iptvrocket.tv/c/",
            "macs": [
                "00:1A:79:E5:C8:3C",
                "00:1A:79:59:0C:D3",
                "00:1A:79:14:9F:BC",
                "00:1A:79:E5:55:8D",
                "00:1A:79:D5:0F:64",
                "00:1A:79:E6:C0:D4"
            ]
        },
        {
            "server_name": "sonymax.org:8080",
            "server_url": "http://sonymax.org:8080/c/",
            "macs": [
                "00:1A:79:C5:3C:42",
                "00:1A:79:76:49:96",
                "00:1A:79:49:CA:EF",
                "00:1A:79:EE:DB:A6",
                "00:1A:79:55:7D:E2",
                "00:1A:79:40:1E:E3",
                "00:1A:79:09:C5:2D",
                "00:1A:79:D4:B9:C9",
                "00:1A:79:F7:27:96",
                "00:1A:79:0E:F5:9A"
            ]
        },
        {
            "server_name": "portal.entertainmentxl.com:8080",
            "server_url": "http://portal.entertainmentxl.com:8080/c/",
            "macs": [
                "00:1A:79:F5:4E:15",
                "00:1A:79:BF:90:E8",
                "00:1A:79:C2:0E:5F"
            ]
        }
    ]
}