{
    "items": [
        {
            "server_name": "mag.marsweb.co",
            "server_url": "http://mag.marsweb.co/c/",
            "macs": [
                "00:1A:79:8B:25:C4",
                "00:1A:79:77:06:9B",
                "00:1A:79:9B:3A:F5",
                "00:1A:79:38:7F:15",
                "00:1A:79:C0:0A:B1",
                "00:1A:79:50:C8:F9",
                "00:1A:79:FB:08:E1"
            ]
        },
        {
            "server_name": "aaatjsclientbox2.xyz",
            "server_url": "http://aaatjsclientbox2.xyz/c/",
            "macs": [
                "00:1a:79:ba:af:61",
                "00:1a:79:ae:af:ca",
                "00:1a:79:ae:5c:34",
                "00:1a:79:af:25:7b",
                "00:1a:79:ad:93:53",
                "00:1a:79:b0:95:2b",
                "00:1a:79:ad:99:17",
                "00:1a:79:a1:08:41",
                "00:1a:79:b7:e9:2f",
                "00:1a:79:b4:e5:9a",
                "00:1a:79:ae:ce:e3",
                "00:1a:79:ba:a5:33",
                "00:1a:79:ae:af:ca",
                "00:1a:79:b1:a8:1a",
                "00:1a:79:aa:bd:12",
                "00:1a:79:ad:7f:26",
                "00:1a:79:b6:c9:e8",
                "00:1a:79:b7:47:66",
                "00:1a:79:b9:f6:25",
                "00:1a:79:ae:89:42"
            ]
        },
        {
            "server_name": "iup-tv.com:8080",
            "server_url": "http://iup-tv.com:8080/c/",
            "macs": [
                "00:1A:79:6A:56:EB",
                "00:1A:79:B5:56:6B"
            ]
        },
        {
            "server_name": "sonymax.org:8080",
            "server_url": "http://sonymax.org:8080/c/",
            "macs": []
        },
        {
            "server_name": "ip.efetv.de:8080",
            "server_url": "http://ip.efetv.de:8080/c/",
            "macs": [
                "00:1A:79:AD:5B:D8",
                "00:1A:79:49:06:01"
            ]
        },
        {
            "server_name": "boss.zengplus.xyz:80",
            "server_url": "http://boss.zengplus.xyz:80/c/",
            "macs": [
                "00:1A:79:36:B1:60",
                "00:1A:79:33:6A:9C",
                "00:1A:79:34:59:D4",
                "00:1A:79:34:A6:12",
                "00:1A:79:35:00:CA",
                "00:1A:79:35:01:16",
                "00:1A:79:37:07:F6"
            ]
        },
        {
            "server_name": "zupanet.live:8080",
            "server_url": "http://zupanet.live:8080/c/",
            "macs": [
                "00:1A:79:3E:72:AF",
                "00:1A:79:56:A5:8E",
                "00:1A:79:9A:11:37",
                "00:1A:79:6B:34:22",
                "00:1A:79:20:7F:9C",
                "00:1A:79:ED:0F:68",
                "00:1A:79:C6:FD:CD",
                "00:1A:79:05:96:92",
                "00:1A:79:BA:90:E6",
                "00:1A:79:35:06:77",
                "00:1A:79:14:65:42"
            ]
        }
    ]
}