{
    "items": [
        {
            "server_name": "ibrafr.com:8789",
            "server_url": "http://ibrafr.com:8789/c/",
            "macs": [
                "00:1A:79:7B:89:50",
                "00:1A:79:62:29:92"
            ]
        },
        {
            "server_name": "onfireboxtv.com",
            "server_url": "http://onfireboxtv.com/c/",
            "macs": [
                "00:1a:79:b3:ac:96",
                "00:1a:79:a9:e0:a8",
                "00:1a:79:b6:2d:74",
                "00:1a:79:bd:2c:11",
                "00:1a:79:bc:75:64",
                "00:1a:79:b7:74:d1",
                "00:1a:79:a2:c2:6c"
            ]
        },
        {
            "server_name": "mag.ukhd.tv",
            "server_url": "http://mag.ukhd.tv/c/",
            "macs": [
                "00:1A:79:70:f8:9f",
                "00:1A:79:4F:D3:3F"
            ]
        },
        {
            "server_name": "fpro.webvps.de:25443",
            "server_url": "http://fpro.webvps.de:25443/c/",
            "macs": [
                "00:1A:79:25:C4:3E"
            ]
        },
        {
            "server_name": "fpro.webvps.de:25443",
            "server_url": "http://fpro.webvps.de:25443/c/",
            "macs": []
        }
    ]
}