{
    "items": [
        {
            "server_name": "portal.magic8kip.tv:80",
            "server_url": "http://portal.magic8kip.tv:80/c/",
            "macs": [
                "00:1A:79:00:00:00",
                "00:1A:79:00:00:0A",
                "00:1A:79:00:00:16",
                "00:1A:79:00:00:39",
                "00:1A:79:00:00:68",
                "00:1A:79:00:00:78",
                "00:1A:79:00:00:7B",
                "00:1A:79:00:00:89",
                "00:1A:79:00:00:99",
                "00:1A:79:00:00:A1",
                "00:1A:79:00:00:BB",
                "00:1A:79:00:01:07",
                "00:1A:79:00:01:A0",
                "00:1A:79:00:01:E6",
                "00:1A:79:00:01:F2",
                "00:1A:79:00:01:FA",
                "00:1A:79:00:02:02",
                "00:1A:79:00:02:15",
                "00:1A:79:00:02:50",
                "00:1A:79:00:02:B8",
                "00:1A:79:00:03:1B",
                "00:1A:79:00:05:CD",
                "00:1A:79:00:06:90",
                "00:1A:79:00:07:95"
            ]
        },
        {
            "server_name": "tv.zaintv.net:80",
            "server_url": "http://tv.zaintv.net:80/c/",
            "macs": [
                "00:1A:79:43:21:95",
                "00:1A:79:7B:00:07"
            ]
        },
        {
            "server_name": "innovationpro.nl:80",
            "server_url": "http://innovationpro.nl:80/c/",
            "macs": [
                "00:1A:79:14:6F:8F",
                "00:1A:79:44:AA:D9",
                "00:1A:79:7B:20:37",
                "00:1A:79:B3:2A:E3",
                "00:1A:79:BB:51:8B",
                "00:1A:79:BD:F3:75",
                "00:1A:79:C1:AE:48",
                "00:1A:79:EE:68:0A",
                "00:1A:79:F5:2E:51"
            ]
        },
        {
            "server_name": "s1.nasaservers.com:8000",
            "server_url": "http://s1.nasaservers.com:8000/c/",
            "macs": [
                "00:1A:79:55:CA:A5"
            ]
        },
        {
            "server_name": "portal.magic8kip.tv",
            "server_url": "http://portal.magic8kip.tv/c/",
            "macs": [
                "00:1A:79:17:05:DA",
                "00:1A:79:42:BB:8F",
                "00:1A:79:43:A8:95",
                "00:1A:79:53:98:08",
                "00:1A:79:5A:03:4C",
                "00:1A:79:5B:45:DB",
                "00:1A:79:6C:82:06",
                "00:1A:79:6C:C8:78",
                "00:1A:79:6F:8D:31",
                "00:1A:79:7C:10:7C",
                "00:1A:79:9F:A2:AB",
                "00:1A:79:A2:5B:B8",
                "00:1A:79:A6:E2:D8",
                "00:1A:79:AA:C5:DE",
                "00:1A:79:B8:2B:A8",
                "00:1A:79:C5:79:4F",
                "00:1A:79:C6:20:7D",
                "00:1A:79:C6:72:54",
                "00:1A:79:C8:48:F1",
                "00:1A:79:C8:4F:EA",
                "00:1A:79:D0:84:38",
                "00:1A:79:D5:5F:D3",
                "00:1A:79:E6:01:F4",
                "00:1A:79:E6:AD:FC",
                "00:1A:79:E7:05:EF",
                "00:1A:79:F0:46:D7",
                "00:1A:79:F5:11:B7",
                "00:1A:79:FB:39:F5"
            ]
        },
        {
            "server_name": "new.ivue.co:25461",
            "server_url": "http://new.ivue.co:25461/c/",
            "macs": [
                "00:1A:79:58:11:2A",
                "00:1A:79:A1:CD:1C",
                "00:1A:79:B4:50:42"
            ]
        },
        {
            "server_name": "195.154.61.25",
            "server_url": "http://195.154.61.25/stalker_portal/c/",
            "macs": [
                "00:1A:79:00:01:7A"
            ]
        },
        {
            "server_name": "212.129.9.117",
            "server_url": "http://212.129.9.117/stalker_portal/c/",
            "macs": [
                "00:1A:79:00:12:19",
                "00:1A:79:3F:8B:06"
            ]
        },
        {
            "server_name": "vy8.vocapia.com",
            "server_url": "http://vy8.vocapia.com/stalker_portal/c/",
            "macs": [
                "00:1A:79:18:0C:0F",
                "00:1A:79:31:E9:3D",
                "00:1A:79:A1:AE:A6"
            ]
        },
        {
            "server_name": "nex365365.xyz:80",
            "server_url": "http://nex365365.xyz:80/c/",
            "macs": [
                "00:1A:79:00:00:02",
                "00:1A:79:00:0B:F6",
                "00:1A:79:00:1B:F5"
            ]
        },
        {
            "server_name": "xegd.ultapulta.com",
            "server_url": "http://xegd.ultapulta.com/stalker_portal/c/",
            "macs": [
                "00:1A:79:5B:0B:E2"
            ]
        },
        {
            "server_name": "iptvde4.net:80",
            "server_url": "http://iptvde4.net:80/c/",
            "macs": [
                "00:1A:79:00:00:00",
                "00:1A:79:00:00:09",
                "00:1A:79:00:00:0D",
                "00:1A:79:00:00:22",
                "00:1A:79:00:00:78",
                "00:1A:79:00:00:97",
                "00:1A:79:00:00:FF",
                "00:1A:79:00:01:50",
                "00:1A:79:00:01:5F"
            ]
        },
        {
            "server_name": "16919-near.cloud-ott.me",
            "server_url": "http://16919-near.cloud-ott.me/c/",
            "macs": [
                "00:1A:79:00:00:00",
                "00:1A:79:00:00:0A",
                "00:1A:79:00:00:10"
            ]
        },
        {
            "server_name": "56353-greg.ott-cdn.me:80",
            "server_url": "http://56353-greg.ott-cdn.me:80/c/",
            "macs": [
                "00:1A:79:00:00:0D",
                "00:1A:79:00:00:22"
            ]
        },
        {
            "server_name": "tv.blueocean-iptv.com:8080",
            "server_url": "http://tv.blueocean-iptv.com:8080/c/",
            "macs": [
                "00:1A:79:A1:80:83",
                "00:1A:79:A6:FD:54",
                "00:1A:79:A7:AF:7A",
                "00:1A:79:A7:EC:C6",
                "00:1A:79:A9:30:15",
                "00:1A:79:AD:0D:0E",
                "00:1A:79:AD:14:22",
                "00:1A:79:AD:91:52",
                "00:1A:79:AE:13:A8",
                "00:1A:79:AE:55:72",
                "00:1A:79:AF:89:24",
                "00:1A:79:B2:0A:8E",
                "00:1A:79:B7:5E:63",
                "00:1A:79:BA:07:F1",
                "00:1A:79:BA:32:6C",
                "00:1A:79:BB:24:33",
                "00:1A:79:BB:4E:87",
                "00:1A:79:BC:01:FB",
                "00:1A:79:BC:31:78",
                "00:1A:79:BD:10:D6"
            ]
        },
        {
            "server_name": "zupanet.live:8080",
            "server_url": "http://zupanet.live:8080/c/",
            "macs": [
                "00:1A:79:18:21:B1",
                "00:1A:79:2B:B2:FD",
                "00:1A:79:A6:F1:69",
                "00:1A:79:AE:3F:E0",
                "00:1A:79:C7:59:52"
            ]
        },
        {
            "server_name": "maxzi.pro:80",
            "server_url": "http://maxzi.pro:80/c/",
            "macs": [
                "00:1A:79:19:A4:32",
                "00:1A:79:65:E4:A0",
                "00:1A:79:69:63:1D",
                "00:1A:79:76:05:00",
                "00:1A:79:77:39:1D",
                "00:1A:79:8A:F3:BF"
            ]
        }
    ]
}