{
    "items": [
        {
            "server_name": "portal.ramz123.xyz:8080",
            "server_url": "http://portal.ramz123.xyz:8080/c/",
            "macs": [
                "00:1a:79:a3:fa:3d",
                "00:1a:79:ad:ae:a3",
                "00:1a:79:b5:5f:86",
                "00:1a:79:bd:46:9a",
                "00:1a:79:ba:61:28"
            ]
        },
        {
            "server_name": "iboxs.club",
            "server_url": "http://iboxs.club/c/",
            "macs": [
                "00:1a:79:ba:00:a4",
                "00:1a:79:b7:20:eb",
                "00:1a:79:aa:03:ab",
                "00:1a:79:ab:1f:7b",
                "00:1a:79:b3:2f:52"
            ]
        }
    ]
}