{
    "items": [
        {
            "server_name": "pintassilgo.xyz:8080",
            "server_url": "http://pintassilgo.xyz:8080/c/",
            "macs": [
                "00:1A:79:79:1A:08",
                "00:1A:79:C4:31:71"
            ]
        },
        {
            "server_name": "portal.iptvprovider.org:8080",
            "server_url": "http://portal.iptvprovider.org:8080/c/",
            "macs": [
                "00:1A:79:AE:D8:43",
                "00:1A:79:7D:6D:24"
            ]
        },
        {
            "server_name": "200.26.188.66",
            "server_url": "http://200.26.188.66/c/",
            "macs": [
                "00:1A:79:00:02:AD"
            ]
        },
        {
            "server_name": "royallivetv.club:80",
            "server_url": "http://royallivetv.club:80/c/",
            "macs": [
                "00:1a:79:aa:03:ab",
                "00:1a:79:bd:93:6b",
                "00:1a:79:ae:d2:aa",
                "00:1a:79:ae:5b:59",
                "00:1a:79:ae:b1:39",
                "00:1a:79:ba:a0:f4",
                "00:1a:79:b6:49:5a",
                "00:1a:79:b5:19:e9",
                "00:1a:79:bd:3f:65",
                "00:1a:79:b9:6b:57",
                "00:1a:79:ba:3c:44",
                "00:1a:79:ae:ce:e3",
                "00:1a:79:aa:bd:12",
                "00:1a:79:ba:60:6f",
                "00:1a:79:ae:e0:b1",
                "00:1a:79:aa:bd:fd",
                "00:1a:79:b0:3a:fe",
                "00:1a:79:b9:6b:57",
                "00:1a:79:ba:af:61",
                "00:1a:79:b9:ed:a3"
            ]
        }
    ]
}