{
    "items": [
        {
            "server_name": "digital121.xyz",
            "server_url": "http://digital121.xyz/c/",
            "macs": [
                "00:1A:79:C6:CE:92"
            ]
        },
        {
            "server_name": "193.176.244.25:8080",
            "server_url": "http://193.176.244.25:8080/c/",
            "macs": [
                "00:1A:79:CB:15:8A",
                "00:1A:79:F0:0B:73"
            ]
        },
        {
            "server_name": "dont.t-v.io",
            "server_url": "http://dont.t-v.io/c/",
            "macs": [
                "00:1A:79:BC:AA:69",
                "00:1A:79:23:7F:32",
                "00:1A:79:2B:6F:97",
                "00:1A:79:CB:8D:1A",
                "00:1A:79:29:11:19",
                "00:1A:79:35:AC:F4",
                "00:1A:79:BA:0A:07",
                "00:1A:79:CB:8D:1A",
                "00:1A:79:53:8F:8B",
                "00:1A:79:AD:A1:EE"
            ]
        },
        {
            "server_name": "ipwebtv.dyndns.tv:8000",
            "server_url": "http://ipwebtv.dyndns.tv:8000/c/",
            "macs": [
                "00:1A:79:a7:2a:72"
            ]
        },
        {
            "server_name": "optimus-tv.org:8080",
            "server_url": "http://optimus-tv.org:8080/c/",
            "macs": [
                "00:1A:79:08:E3:85",
                "00:1A:79:6E:2A:87",
                "00:1A:79:10:40:7B",
                "00:1A:79:01:6A:A5",
                "00:1A:79:00:00:08",
                "00:1A:79:77:03:6E",
                "00:1A:79:AF:39:B7",
                "00:1A:79:6E:2B:33",
                "00:1A:79:0F:43:E7",
                "00:1A:79:7C:6B:79",
                "00:1A:79:08:E1:E6"
            ]
        },
        {
            "server_name": "tooontv.com:999",
            "server_url": "http://tooontv.com:999/c/",
            "macs": [
                "00:1A:79:3B:EE:8C"
            ]
        },
        {
            "server_name": "iptv.darktv.nl:80",
            "server_url": "http://iptv.darktv.nl:80/c/",
            "macs": [
                "00:1A:79:32:40:9D",
                "00:1A:79:D8:E4:C8",
                "00:1A:79:D8:E4:C8",
                "00:1A:79:DB:E3:86",
                "00:1A:79:EC:87:E8",
                "00:1A:79:25:9F:C2",
                "00:1A:79:3E:9F:04",
                "00:1A:79:03:8D:D5"
            ]
        },
        {
            "server_name": "185.243.7.154:80",
            "server_url": "http://185.243.7.154:80/c/",
            "macs": [
                "00:1A:79:7A:2A:BC",
                "00:1A:79:BD:75:59",
                "00:1A:79:5D:AE:81",
                "00:1A:79:A7:63:99",
                "00:1A:79:7C:01:ED",
                "00:1A:79:B4:D9:C9",
                "00:1A:79:B6:9A:C3",
                "00:1A:79:D7:0D:86",
                "00:1A:79:C3:85:61"
            ]
        },
        {
            "server_name": "mag.premiumplus.tv",
            "server_url": "http://mag.premiumplus.tv/c/",
            "macs": [
                "00:1A:79:D7:0D:86",
                "00:1A:79:C3:85:61"
            ]
        },
        {
            "server_name": "pal.alphatx.me:80",
            "server_url": "http://pal.alphatx.me:80/c/",
            "macs": [
                "00:1A:79:F1:B0:F1"
            ]
        },
        {
            "server_name": "ggddnss2.com:8080",
            "server_url": "http://ggddnss2.com:8080/c/",
            "macs": [
                "00:1A:79:92:68:61",
                "00:1A:79:26:b3:2b",
                "00:1A:79:2f:f4:41"
            ]
        }
    ]
}