{
    "items": [
        {
            "server_name": "popeye-ott.net:80",
            "server_url": "http://popeye-ott.net:80/c/",
            "macs": [
                "00:1A:79:0E:20:C3",
                "00:1A:79:1C:04:F3",
                "00:1A:79:47:33:99",
                "00:1A:79:76:62:B8",
                "00:1A:79:7D:21:37",
                "00:1A:79:96:27:05",
                "00:1A:79:C5:2A:39",
                "00:1A:79:E3:60:F3"
            ]
        },
        {
            "server_name": "77.222.55.117",
            "server_url": "http://77.222.55.117/stalker_portal/c/",
            "macs": [
                "00:1A:79:1E:E0:C4"
            ]
        },
        {
            "server_name": "planetiptv.online",
            "server_url": "http://planetiptv.online/c/",
            "macs": [
                "00:1A:79:6B:EF:60",
                "00:1A:79:B5:47:B8",
                "00:1A:79:C5:0F:6B"
            ]
        },
        {
            "server_name": "optimus-tv.org:8080",
            "server_url": "http://optimus-tv.org:8080/c/",
            "macs": [
                "00:1A:79:07:C6:80",
                "00:1A:79:6B:BD:20",
                "00:1A:79:6E:2B:40",
                "00:1A:79:8B:AE:65",
                "00:1A:79:A0:E2:A0",
                "00:1A:79:A0:E3:05",
                "00:1A:79:AB:54:69",
                "00:1A:79:AB:57:35",
                "00:1A:79:FB:2C:D2"
            ]
        },
        {
            "server_name": "10431-plan.ott-cdn.me",
            "server_url": "http://10431-plan.ott-cdn.me/c/",
            "macs": [
                "00:1A:79:44:C1:2B",
                "00:1A:79:88:EA:40",
                "00:1A:79:C1:26:75",
                "00:1A:79:C2:A8:D1"
            ]
        },
        {
            "server_name": "datacentar.org:80",
            "server_url": "http://datacentar.org:80/c/",
            "macs": [
                "00:1A:79:3F:9C:75"
            ]
        },
        {
            "server_name": "iptvch2.com",
            "server_url": "http://iptvch2.com/c/",
            "macs": [
                "00:1A:79:1A:C3:75",
                "00:1A:79:2D:87:DC",
                "00:1A:79:AE:4D:03",
                "00:1A:79:C7:D8:D2",
                "00:1A:79:F5:A8:6D"
            ]
        },
        {
            "server_name": "p2.iptvprivateserver.ru",
            "server_url": "http://p2.iptvprivateserver.ru/c/",
            "macs": [
                "00:1A:79:32:19:B7",
                "00:1A:79:3B:B2:AB",
                "00:1A:79:58:75:34",
                "00:1A:79:87:5B:E4",
                "00:1A:79:B8:26:00",
                "00:1A:79:C5:4B:11",
                "00:1A:79:C6:89:6A"
            ]
        },
        {
            "server_name": "vod.4kplus.org",
            "server_url": "http://vod.4kplus.org/c/",
            "macs": [
                "00:1A:79:0C:02:C8",
                "00:1A:79:0E:6F:2B",
                "00:1A:79:27:0F:F0",
                "00:1A:79:30:9F:01",
                "00:1A:79:31:60:F5",
                "00:1A:79:31:D1:1F",
                "00:1A:79:33:59:E5",
                "00:1A:79:35:B8:54",
                "00:1A:79:36:73:23",
                "00:1A:79:37:4C:FC",
                "00:1A:79:38:93:D5",
                "00:1A:79:3A:70:2B",
                "00:1A:79:3A:89:53",
                "00:1A:79:3A:B5:02",
                "00:1A:79:3A:F8:BA",
                "00:1A:79:3B:04:10",
                "00:1A:79:3B:8C:B1",
                "00:1A:79:3C:B0:3D",
                "00:1A:79:3E:9F:99",
                "00:1A:79:40:A6:61",
                "00:1A:79:41:17:1A",
                "00:1A:79:41:F3:5D",
                "00:1A:79:43:27:2D",
                "00:1A:79:43:7D:17",
                "00:1A:79:43:7F:EC",
                "00:1A:79:43:80:C9",
                "00:1A:79:45:85:A3",
                "00:1A:79:47:43:91",
                "00:1A:79:47:80:7A",
                "00:1A:79:47:91:24",
                "00:1A:79:48:0F:95",
                "00:1A:79:49:48:33",
                "00:1A:79:4A:18:6E",
                "00:1A:79:4A:C0:DB",
                "00:1A:79:4B:57:A7",
                "00:1A:79:4B:C2:2A",
                "00:1A:79:4B:D8:63",
                "00:1A:79:4C:08:18",
                "00:1A:79:4C:60:17",
                "00:1A:79:4D:BD:91",
                "00:1A:79:4E:54:2B",
                "00:1A:79:4E:9B:22",
                "00:1A:79:4F:5D:07",
                "00:1A:79:4F:CC:0E",
                "00:1A:79:50:DB:6A",
                "00:1A:79:51:19:11",
                "00:1A:79:51:21:8C",
                "00:1A:79:51:3F:1A",
                "00:1A:79:51:4F:09",
                "00:1A:79:51:91:62",
                "00:1A:79:52:0E:C4",
                "00:1A:79:52:26:EF",
                "00:1A:79:53:93:EF",
                "00:1A:79:53:A1:AF",
                "00:1A:79:53:BB:52",
                "00:1A:79:54:3E:45",
                "00:1A:79:54:6B:01",
                "00:1A:79:55:12:54",
                "00:1A:79:55:14:CE",
                "00:1A:79:55:6C:B6",
                "00:1A:79:55:73:01",
                "00:1A:79:55:DB:F9",
                "00:1A:79:57:B0:12",
                "00:1A:79:58:19:B8",
                "00:1A:79:59:2E:F7",
                "00:1A:79:59:4B:DF",
                "00:1A:79:5B:FA:23",
                "00:1A:79:5C:1E:B1",
                "00:1A:79:5E:24:D0",
                "00:1A:79:5F:DD:50",
                "00:1A:79:60:51:DE",
                "00:1A:79:60:69:DD",
                "00:1A:79:61:18:0E",
                "00:1A:79:61:63:62",
                "00:1A:79:63:6A:FA",
                "00:1A:79:64:63:6D",
                "00:1A:79:64:DB:BD",
                "00:1A:79:66:0C:3E",
                "00:1A:79:68:2F:1E",
                "00:1A:79:69:FB:7D",
                "00:1A:79:69:FD:BE",
                "00:1A:79:6A:6C:12",
                "00:1A:79:6A:72:82",
                "00:1A:79:6A:C6:65",
                "00:1A:79:6D:E7:B9",
                "00:1A:79:6D:FE:72",
                "00:1A:79:6E:09:C5",
                "00:1A:79:6E:B7:54",
                "00:1A:79:A5:5F:7C",
                "00:1A:79:A6:5B:62",
                "00:1A:79:A9:DC:B8",
                "00:1A:79:A9:F2:44",
                "00:1A:79:AA:43:BA",
                "00:1A:79:B0:3D:FD",
                "00:1A:79:B3:09:8F",
                "00:1A:79:B6:3F:9A",
                "00:1A:79:B7:59:41",
                "00:1A:79:BA:60:AC",
                "00:1A:79:BA:C3:C8",
                "00:1A:79:BC:95:7B",
                "00:1A:79:BE:FA:4D",
                "00:1A:79:BF:5F:BA",
                "00:1A:79:D4:2F:C7"
            ]
        }
    ]
}