{
    "items": [
        {
            "server_name": "mag.premiumplus.tv",
            "server_url": "http://mag.premiumplus.tv/c/",
            "macs": [
                "00:1A:79:34:5B:C7"
            ]
        },
        {
            "server_name": "mutant.arrox.top:80",
            "server_url": "http://mutant.arrox.top:80/c/",
            "macs": [
                "00:1A:79:64:3C:15",
                "00:1A:79:C0:8A:B0",
                "00:1A:79:C3:AB:A5",
                "00:1A:79:6F:2F:C1"
            ]
        },
        {
            "server_name": "21tv.net:2052",
            "server_url": "http://21tv.net:2052/c/",
            "macs": [
                "00:1A:79:82:06:3A",
                "00:1A:79:57:9E:4B",
                "00:1A:79:DE:78:DC",
                "00:1A:79:DD:EF:BE"
            ]
        },
        {
            "server_name": "energyiptv.streamtv.to:8080",
            "server_url": "http://energyiptv.streamtv.to:8080/c/",
            "macs": [
                "00:1A:79:53:0A:0A",
                "00:1A:79:AE:36:84"
            ]
        }
    ]
}