{
    "items": [
        {
            "server_name": "line.greatstar.me",
            "server_url": "http://line.greatstar.me/c/",
            "macs": [
                "00:1A:79:B7:3B:50"
            ]
        },
        {
            "server_name": "tv.banjotv.tv",
            "server_url": "http://tv.banjotv.tv/stalker_portal/c/",
            "macs": [
                "00:1A:79:39:01:52",
                "00:1A:79:B0:2F:85"
            ]
        },
        {
            "server_name": "entertainmentj4u.com",
            "server_url": "http://entertainmentj4u.com/stalker_portal/c/",
            "macs": [
                "00:1A:79:63:E1:84",
                "00:1A:79:71:45:04",
                "00:1A:79:78:EA:31",
                "00:1A:79:7A:FB:0C"
            ]
        },
        {
            "server_name": "212.129.8.69",
            "server_url": "http://212.129.8.69/stalker_portal/c/",
            "macs": [
                "00:1A:79:A3:F7:DB"
            ]
        },
        {
            "server_name": "45.139.122.199:8080",
            "server_url": "http://45.139.122.199:8080/c/",
            "macs": [
                "00:1A:79:6A:52:0A"
            ]
        },
        {
            "server_name": "51.91.57.198",
            "server_url": "http://51.91.57.198/stalker_portal/c/",
            "macs": [
                "00:1A:79:B6:B8:1F"
            ]
        },
        {
            "server_name": "flumine.cc",
            "server_url": "http://flumine.cc/stalker_portal/c/",
            "macs": [
                "00:1A:79:9C:84:EE"
            ]
        },
        {
            "server_name": "51.159.70.234",
            "server_url": "http://51.159.70.234/stalker_portal/c/",
            "macs": [
                "00:1A:79:1C:8D:87",
                "00:1A:79:24:7E:34",
                "00:1A:79:24:80:68",
                "00:1A:79:66:94:15",
                "00:1A:79:7A:FE:B2",
                "00:1A:79:7B:00:1B",
                "00:1A:79:88:5E:30"
            ]
        },
        {
            "server_name": "one4alltech.net:8080",
            "server_url": "http://one4alltech.net:8080/c/",
            "macs": [
                "00:1A:79:BF:30:5F"
            ]
        },
        {
            "server_name": "hdmiclub.online:8080",
            "server_url": "http://hdmiclub.online:8080/c/",
            "macs": [
                "00:1A:79:A4:43:AD",
                "00:1A:79:A5:9F:9A",
                "00:1A:79:A6:6E:68",
                "00:1A:79:AD:55:42",
                "00:1A:79:AF:50:44",
                "00:1A:79:B2:08:1B",
                "00:1A:79:B3:C5:9B"
            ]
        }
    ]
}