{
    "items": [
        {
            "server_name": "bg.bleutv.net:80",
            "server_url": "http://bg.bleutv.net:80/c/",
            "macs": [
                "00:1A:79:28:A6:C5",
                "00:1A:79:28:A8:9B",
                "00:1A:79:28:A8:F3",
                "00:1A:79:28:AA:4C",
                "00:1A:79:40:4C:4A",
                "00:1A:79:46:EF:85",
                "00:1A:79:63:3C:D2",
                "00:1A:79:66:20:55",
                "00:1A:79:A1:E8:FB",
                "00:1A:79:A1:FA:44",
                "00:1A:79:A6:8F:D0",
                "00:1A:79:E6:5E:ED",
                "00:1A:79:E9:D6:95"
            ]
        },
        {
            "server_name": "zupanet.live:8080",
            "server_url": "http://zupanet.live:8080/c/",
            "macs": [
                "00:1A:79:34:70:3E",
                "00:1A:79:34:E5:F0",
                "00:1A:79:36:55:D4",
                "00:1A:79:3D:59:24"
            ]
        },
        {
            "server_name": "hits.gentv.to:8080",
            "server_url": "http://hits.gentv.to:8080/c/",
            "macs": [
                "00:1A:79:33:62:A5",
                "00:1A:79:34:2B:3E",
                "00:1A:79:4C:1B:68"
            ]
        },
        {
            "server_name": "starshare.live:8080",
            "server_url": "http://starshare.live:8080/c/",
            "macs": [
                "00:1A:79:19:E6:9A",
                "00:1A:79:49:D9:85",
                "00:1A:79:72:A9:90",
                "00:1A:79:7A:E9:53",
                "00:1A:79:E0:B2:C0"
            ]
        },
        {
            "server_name": "meganuovo.club:8000",
            "server_url": "http://meganuovo.club:8000/c/",
            "macs": [
                "00:1A:79:05:DF:24",
                "00:1A:79:67:53:5D"
            ]
        },
        {
            "server_name": "restaurantetogether.es:8080",
            "server_url": "http://restaurantetogether.es:8080/c/",
            "macs": [
                "00:1A:79:51:E6:54"
            ]
        },
        {
            "server_name": "hellas.sltv.pw:8080",
            "server_url": "http://hellas.sltv.pw:8080/c/",
            "macs": [
                "00:1A:79:24:54:9F",
                "00:1A:79:7F:0B:37"
            ]
        },
        {
            "server_name": "cbrlig.com:8080",
            "server_url": "http://cbrlig.com:8080/c/",
            "macs": [
                "00:1A:79:B5:5F:48",
                "00:1A:79:C1:F6:B2"
            ]
        },
        {
            "server_name": "lines4.lumos.best",
            "server_url": "http://lines4.lumos.best/c/",
            "macs": [
                "00:1A:79:56:C8:FD"
            ]
        },
        {
            "server_name": "tvpro.vprotv.com",
            "server_url": "http://tvpro.vprotv.com/c/",
            "macs": [
                "00:1A:79:58:A1:66"
            ]
        },
        {
            "server_name": "balkanika.club:2082",
            "server_url": "http://balkanika.club:2082/c/",
            "macs": [
                "00:1A:79:B9:E3:3F"
            ]
        },
        {
            "server_name": "innovationpro.nl:80",
            "server_url": "http://innovationpro.nl:80/c/",
            "macs": [
                "00:1A:79:BB:51:8B",
                "00:1A:79:F5:2E:51"
            ]
        },
        {
            "server_name": "streamcode.one:2082",
            "server_url": "http://streamcode.one:2082/c/",
            "macs": [
                "00:1A:79:6D:46:D8"
            ]
        },
        {
            "server_name": "mag.iptvpolska.vip:80",
            "server_url": "http://mag.iptvpolska.vip:80/c/",
            "macs": [
                "00:1A:79:00:00:00",
                "00:1A:79:00:00:07",
                "00:1A:79:00:00:0D",
                "00:1A:79:00:00:22",
                "00:1A:79:00:00:4D",
                "00:1A:79:00:00:51",
                "00:1A:79:00:00:52",
                "00:1A:79:00:00:66",
                "00:1A:79:00:00:78",
                "00:1A:79:00:00:97",
                "00:1A:79:00:00:98",
                "00:1A:79:00:00:FF",
                "00:1A:79:00:01:50"
            ]
        }
    ]
}