{
    "items": [
        {
            "server_name": "anonymoustv.club",
            "server_url": "http://anonymoustv.club/c/",
            "macs": [
                "00:1A:79:00:00:00",
                "00:1A:79:00:00:10",
                "00:1A:79:00:20:4A",
                "00:1A:79:03:8A:CB",
                "00:1A:79:06:51:DA",
                "00:1A:79:11:15:12",
                "00:1A:79:17:25:E6",
                "00:1A:79:2D:3E:EA",
                "00:1A:79:3A:31:B5",
                "00:1A:79:45:EB:ED",
                "00:1A:79:4E:2A:94",
                "00:1A:79:4F:C9:26",
                "00:1A:79:53:09:C0",
                "00:1A:79:5C:DC:D2",
                "00:1A:79:5E:81:7B",
                "00:1A:79:69:03:C6",
                "00:1A:79:6A:A1:25",
                "00:1A:79:6F:68:9E",
                "00:1A:79:71:4E:E1",
                "00:1A:79:73:35:FD",
                "00:1A:79:73:88:B7",
                "00:1A:79:73:D0:7E",
                "00:1A:79:75:6F:4E",
                "00:1A:79:77:4E:68",
                "00:1A:79:7B:9D:EA",
                "00:1A:79:7C:00:77",
                "00:1A:79:89:4F:0E",
                "00:1A:79:8E:76:59",
                "00:1A:79:A3:CC:34",
                "00:1A:79:A6:55:80",
                "00:1A:79:A9:D2:C4",
                "00:1A:79:AA:3B:72",
                "00:1A:79:B2:ED:80",
                "00:1A:79:B5:21:A4",
                "00:1A:79:B5:5F:FE",
                "00:1A:79:B5:85:E4",
                "00:1A:79:B7:70:70",
                "00:1A:79:B7:75:A5",
                "00:1A:79:C0:12:D5",
                "00:1A:79:C0:2B:90",
                "00:1A:79:C1:3D:27",
                "00:1A:79:C2:A8:BA",
                "00:1A:79:C3:AE:99",
                "00:1A:79:C8:4B:3D",
                "00:1A:79:CC:86:8D",
                "00:1A:79:F8:E2:72",
                "00:1A:79:F9:7D:4E"
            ]
        },
        {
            "server_name": "mutant.arrox.top:80",
            "server_url": "http://mutant.arrox.top:80/c/",
            "macs": [
                "00:1A:79:00:02:B5",
                "00:1A:79:00:03:28",
                "00:1A:79:00:03:69"
            ]
        },
        {
            "server_name": "matrix-ott.tv:8080",
            "server_url": "http://matrix-ott.tv:8080/c/",
            "macs": [
                "00:1A:79:43:80:4D",
                "00:1A:79:49:85:A6",
                "00:1A:79:5F:CD:7B",
                "00:1A:79:90:4C:4A",
                "00:1A:79:AA:73:E6",
                "00:1A:79:B2:30:C0",
                "00:1A:79:BD:53:36",
                "00:1A:79:CA:FB:17"
            ]
        },
        {
            "server_name": "4connect.link",
            "server_url": "http://4connect.link/c/",
            "macs": [
                "00:1A:79:A1:78:37",
                "00:1A:79:A9:2C:91",
                "00:1A:79:AC:88:BC",
                "00:1A:79:AD:45:D3",
                "00:1A:79:AE:3B:60",
                "00:1A:79:AE:76:D1",
                "00:1A:79:B0:59:98",
                "00:1A:79:B4:E5:9A",
                "00:1A:79:B5:5E:89",
                "00:1A:79:B6:51:DE",
                "00:1A:79:B7:E9:2F",
                "00:1A:79:BA:22:E4",
                "00:1A:79:BC:51:26"
            ]
        },
        {
            "server_name": "line.linedigitaltv.com:80",
            "server_url": "http://line.linedigitaltv.com:80/c/",
            "macs": [
                "00:1A:79:01:DE:01",
                "00:1A:79:02:A6:A0",
                "00:1A:79:09:29:B5",
                "00:1A:79:11:7F:2A",
                "00:1A:79:15:3D:B8",
                "00:1A:79:1E:1B:02",
                "00:1A:79:21:20:61",
                "00:1A:79:23:AF:0B",
                "00:1A:79:2A:3E:5D",
                "00:1A:79:34:85:57",
                "00:1A:79:3E:7F:9B",
                "00:1A:79:4F:30:CC",
                "00:1A:79:54:3E:C1",
                "00:1A:79:54:47:3F",
                "00:1A:79:5E:C7:16",
                "00:1A:79:62:D6:DB",
                "00:1A:79:6D:61:2F",
                "00:1A:79:7C:60:7A",
                "00:1A:79:92:E6:11",
                "00:1A:79:B0:1A:AC",
                "00:1A:79:B0:68:34",
                "00:1A:79:B5:1A:BD",
                "00:1A:79:B7:4A:E4",
                "00:1A:79:BA:59:A9",
                "00:1A:79:BC:15:C0",
                "00:1A:79:BC:B5:4D",
                "00:1A:79:BD:0B:C2",
                "00:1A:79:BD:34:E5",
                "00:1A:79:BF:BB:A8",
                "00:1A:79:BF:DF:AD",
                "00:1A:79:C3:C6:1C",
                "00:1A:79:C6:FE:2C",
                "00:1A:79:CD:55:5E",
                "00:1A:79:D1:2F:C2",
                "00:1A:79:D2:B2:2F",
                "00:1A:79:E7:12:C2",
                "00:1A:79:F9:F4:10",
                "00:1A:79:FD:0F:4D",
                "00:1A:79:FF:DA:82"
            ]
        },
        {
            "server_name": "line.iptveros.com:8000",
            "server_url": "http://line.iptveros.com:8000/c/",
            "macs": [
                "00:1A:79:04:B3:83",
                "00:1A:79:31:35:32"
            ]
        },
        {
            "server_name": "ph-info.xyz",
            "server_url": "http://ph-info.xyz/c/",
            "macs": [
                "00:1A:79:1B:00:1A"
            ]
        },
        {
            "server_name": "world.marvelhd.eu:8000",
            "server_url": "http://world.marvelhd.eu:8000/c/",
            "macs": [
                "00:1A:79:66:4E:01",
                "00:1A:79:6A:BA:5C"
            ]
        },
        {
            "server_name": "fastopen.live:8080",
            "server_url": "http://fastopen.live:8080/c/",
            "macs": [
                "00:1A:79:70:BC:7B"
            ]
        },
        {
            "server_name": "jiotv.be",
            "server_url": "http://jiotv.be/stalker_portal/c/",
            "macs": [
                "00:1A:79:BB:8A:DD"
            ]
        },
        {
            "server_name": "p1.iptvrocket.tv",
            "server_url": "http://p1.iptvrocket.tv/c/",
            "macs": [
                "00:1A:79:03:26:24"
            ]
        },
        {
            "server_name": "portal.entertainmentxl.com:8080",
            "server_url": "http://portal.entertainmentxl.com:8080/c/",
            "macs": [
                "00:1A:79:51:70:63",
                "00:1A:79:6C:EE:CA"
            ]
        },
        {
            "server_name": "sonymax.org:8080",
            "server_url": "http://sonymax.org:8080/c/",
            "macs": [
                "00:1A:79:B5:63:94"
            ]
        },
        {
            "server_name": "marvelhd.eu:8080",
            "server_url": "http://marvelhd.eu:8080/c/",
            "macs": [
                "00:1A:79:AE:E4:C8"
            ]
        },
        {
            "server_name": "livein1.com:8080",
            "server_url": "http://livein1.com:8080/c/",
            "macs": [
                "00:1A:79:0F:85:9B",
                "00:1A:79:14:94:4C",
                "00:1A:79:28:7F:2C",
                "00:1A:79:33:0C:05",
                "00:1A:79:39:A9:59",
                "00:1A:79:50:FB:43",
                "00:1A:79:55:8E:70",
                "00:1A:79:88:38:63",
                "00:1A:79:A0:C1:9C",
                "00:1A:79:AC:19:C6",
                "00:1A:79:B4:A8:6A",
                "00:1A:79:BA:82:9D",
                "00:1A:79:C2:C5:75",
                "00:1A:79:CE:5F:C2",
                "00:1A:79:DC:2F:CC"
            ]
        },
        {
            "server_name": "p1.uiop.tv",
            "server_url": "http://p1.uiop.tv/stalker_portal/c/",
            "macs": [
                "00:1A:79:12:2B:A5",
                "00:1A:79:2E:67:6B",
                "00:1A:79:41:9A:B1",
                "00:1A:79:53:10:8C",
                "00:1A:79:60:29:DC"
            ]
        },
        {
            "server_name": "1.gujaratsat.live",
            "server_url": "http://1.gujaratsat.live/c/",
            "macs": [
                "00:1A:79:08:E8:19",
                "00:1A:79:0E:D0:54",
                "00:1A:79:72:9B:FD",
                "00:1A:79:96:47:53",
                "00:1A:79:AD:70:1E",
                "00:1A:79:B5:C4:57",
                "00:1A:79:C1:CA:22",
                "00:1A:79:E5:35:09"
            ]
        },
        {
            "server_name": "wtc05.mi20.cc",
            "server_url": "http://wtc05.mi20.cc/stalker_portal/c/",
            "macs": [
                "00:1A:79:68:5F:2E",
                "00:1A:79:70:1A:8C",
                "00:1A:79:74:5F:39",
                "00:1A:79:74:EA:55",
                "00:1A:79:76:65:54",
                "00:1A:79:76:9C:71",
                "00:1A:79:7A:74:BA",
                "00:1A:79:E5:25:1C",
                "00:1A:79:E5:83:76",
                "00:1A:79:E5:85:20",
                "00:1A:79:E5:EC:AB",
                "00:1A:79:F0:50:44",
                "00:1A:79:F1:E4:77"
            ]
        }
    ]
}