{
    "items": [
        {
            "server_name": "albkostv.net:5000",
            "server_url": "http://albkostv.net:5000/c/",
            "macs": [
                "00:1A:79:4E:8F:11"
            ]
        },
        {
            "server_name": "airoserver.net:25461",
            "server_url": "http://airoserver.net:25461/c/",
            "macs": [
                "00:1A:79:59:E6:30",
                "00:1A:79:5A:75:3C"
            ]
        },
        {
            "server_name": "agroworlddergisi.com:8080",
            "server_url": "http://agroworlddergisi.com:8080/c/",
            "macs": [
                "00:1A:79:11:8F:4D"
            ]
        },
        {
            "server_name": "admin.newstarttv.pro:8080",
            "server_url": "http://admin.newstarttv.pro:8080/c/",
            "macs": [
                "00:1A:79:6D:24:DC"
            ]
        },
        {
            "server_name": "super-tvnow.com:80",
            "server_url": "http://super-tvnow.com:80/c/",
            "macs": [
                "00:1A:79:D2:FE:68",
                "00:1A:79:7D:79:02"
            ]
        },
        {
            "server_name": "dtv21.org:2082",
            "server_url": "http://dtv21.org:2082/c/",
            "macs": [
                "00:1A:79:03:06:2C",
                "00:1A:79:05:CF:09",
                "00:1A:79:1C:01:27",
                "00:1A:79:47:35:D3",
                "00:1A:79:55:BB:A7",
                "00:1A:79:FE:F1:5B"
            ]
        }
    ]
}