{
    "items": [
        {
            "server_name": "zenlink.link",
            "server_url": "http://zenlink.link/c/",
            "macs": [
                "00:1a:79:b0:93:26",
                "00:1a:79:ae:56:1c",
                "00:1a:79:b2:8b:92",
                "00:1a:79:a5:db:d2",
                "00:1a:79:bb:8d:c1",
                "00:1a:79:a1:5f:40",
                "00:1a:79:bd:35:f7",
                "00:1a:79:a9:ec:5e",
                "00:1a:79:aa:cc:0d",
                "00:1a:79:b5:8a:06",
                "00:1a:79:ba:0e:70",
                "00:1a:79:b6:5a:a2"
            ]
        },
        {
            "server_name": "king-ott.xyz:8080",
            "server_url": "http://king-ott.xyz:8080/c/",
            "macs": [
                "00:1A:79:C1:FB:FF",
                "00:1A:79:B4:53:08"
            ]
        },
        {
            "server_name": "digitalmobile.live:8080",
            "server_url": "http://digitalmobile.live:8080/c/",
            "macs": [
                "00:1A:79:BB:34:62",
                "00:1A:79:C0:29:1D"
            ]
        },
        {
            "server_name": "ph-info.xyz",
            "server_url": "http://ph-info.xyz/c/",
            "macs": [
                "00:1A:79:6D:98:BB"
            ]
        },
        {
            "server_name": "hd-max.org:8080",
            "server_url": "http://hd-max.org:8080/c/",
            "macs": [
                "00:1A:79:19:61:AA",
                "00:1A:79:7C:6B:6A"
            ]
        },
        {
            "server_name": "flumine.cc",
            "server_url": "http://flumine.cc/stalker_portal/c/",
            "macs": [
                "00:1A:79:9C:84:EE"
            ]
        },
        {
            "server_name": "51.91.57.198",
            "server_url": "http://51.91.57.198/stalker_portal/c/",
            "macs": [
                "00:1A:79:B6:B8:1F"
            ]
        },
        {
            "server_name": "line.chktv.xyz",
            "server_url": "http://line.chktv.xyz/c/",
            "macs": [
                "00:1A:79:B7:DA:0C",
                "00:1A:79:B6:F3:BC",
                "00:1A:79:3F:35:38",
                "00:1A:79:4D:FA:B0",
                "00:1A:79:72:0B:78",
                "00:1A:79:DF:41:8B",
                "00:1A:79:F2:D2:52"
            ]
        },
        {
            "server_name": "ibrafr.com:8789",
            "server_url": "http://ibrafr.com:8789/c/",
            "macs": [
                "00:1A:79:a2:f8:6f",
                "00:1A:79:4f:03:f6",
                "00:1A:79:a1:e5:bc",
                "00:1A:79:56:63:0e",
                "00:1A:79:a1:e5:bc",
                "00:1A:79:b4:69:3d"
            ]
        },
        {
            "server_name": "145.239.198.16:88",
            "server_url": "http://145.239.198.16:88/stalker_portal/c/",
            "macs": [
                "00:1A:79:72:6F:B2",
                "00:1A:79:5E:9B:D3"
            ]
        },
        {
            "server_name": "jiotv.be",
            "server_url": "http://jiotv.be/stalker_portal/c/",
            "macs": [
                "00:1A:79:C5:48:77"
            ]
        },
        {
            "server_name": "buyspamtool.com:8080",
            "server_url": "http://buyspamtool.com:8080/c/",
            "macs": [
                "00:1A:79:88:92:A7",
                "00:1A:79:C3:1A:20",
                "00:1A:79:C1:FA:87",
                "00:1A:79:B2:CC:46"
            ]
        },
        {
            "server_name": "sonymax.org:8080",
            "server_url": "http://sonymax.org:8080/c/",
            "macs": [
                "00:1A:79:C9:34:F2",
                "00:1A:79:0C:18:ED",
                "00:1A:79:BA:D5:B8",
                "00:1A:79:AE:2D:AA",
                "00:1A:79:51:4F:06",
                "00:1A:79:B3:12:11",
                "00:1A:79:58:59:A9",
                "00:1A:79:6B:D0:AA",
                "00:1A:79:8C:49:8C",
                "00:1A:79:1A:02:16",
                "00:1A:79:43:32:E1",
                "00:1A:79:D6:17:E2",
                "00:1A:79:24:C7:D7",
                "00:1A:79:9C:C9:92",
                "00:1A:79:C7:C5:89",
                "00:1A:79:A0:F4:72",
                "00:1A:79:00:56:A0",
                "00:1A:79:5F:AA:8C",
                "00:1A:79:2B:8C:62",
                "00:1A:79:7A:2A:2B",
                "00:1A:79:BA:BB:70",
                "00:1A:79:23:1F:9A",
                "00:1A:79:C5:5C:0B",
                "00:1A:79:A8:76:EC"
            ]
        },
        {
            "server_name": "iptv-factory.xyz:8080",
            "server_url": "http://iptv-factory.xyz:8080/c/",
            "macs": [
                "00:1A:79:b7:3f:ea",
                "00:1A:79:10:d9:fb",
                "00:1A:79:b6:4f:16",
                "00:1A:79:44:af:7a",
                "00:1A:79:0e:38:15",
                "00:1A:79:43:8e:ad",
                "00:1A:79:08:ef:74",
                "00:1A:79:08:42:4f",
                "00:1A:79:07:c0:1d",
                "00:1A:79:4d:04:32",
                "00:1A:79:bf:81:4c",
                "00:1A:79:c7:04:54",
                "00:1A:79:ba:d4:01",
                "00:1A:79:a5:97:3e",
                "00:1A:79:10:40:26"
            ]
        },
        {
            "server_name": "powerip.be:8000",
            "server_url": "http://powerip.be:8000/c/",
            "macs": [
                "00:1A:79:B5:95:1B",
                "00:1A:79:03:42:51",
                "00:1A:79:F5:48:36",
                "00:1A:79:1D:59:B1",
                "00:1A:79:A3:A3:F6",
                "00:1A:79:FC:D1:FB",
                "00:1A:79:7D:71:1E",
                "00:1A:79:28:95:EC",
                "00:1A:79:C3:92:74",
                "00:1A:79:B6:21:AE"
            ]
        },
        {
            "server_name": "innovationpro.nl",
            "server_url": "http://innovationpro.nl/c/",
            "macs": [
                "00:1A:79:5F:C3:05",
                "00:1A:79:DA:D8:2E",
                "00:1A:79:09:EB:AB",
                "00:1A:79:53:B2:53",
                "00:1A:79:7E:33:F0",
                "00:1A:79:05:B2:48",
                "00:1A:79:CC:29:8C",
                "00:1A:79:41:BC:29",
                "00:1A:79:8E:6A:D6",
                "00:1A:79:76:8C:13",
                "00:1A:79:B6:52:CF",
                "00:1A:79:E0:DF:FC"
            ]
        },
        {
            "server_name": "hd-max.org:8080",
            "server_url": "http://hd-max.org:8080/c/",
            "macs": [
                "00:1a:79:ac:1f:81",
                "00:1a:79:20:3f:a7",
                "00:1a:79:fb:1a:fa",
                "00:1a:79:be:9e:82",
                "00:1a:79:a3:a9:3b",
                "00:1a:79:bf:d7:63",
                "00:1a:79:7a:74:82"
            ]
        },
        {
            "server_name": "promaxhd.com:8080",
            "server_url": "http://promaxhd.com:8080/c/",
            "macs": [
                "00:1a:79:b9:09:1b",
                "00:1a:79:b2:58:15",
                "00:1a:79:b6:57:6b",
                "00:1a:79:bb:40:e5",
                "00:1a:79:ab:62:5e",
                "00:1a:79:ab:67:dc",
                "00:1a:79:be:07:81",
                "00:1a:79:b5:68:1a",
                "00:1a:79:ba:b6:b3",
                "00:1a:79:b7:40:f0",
                "00:1a:79:a0:84:ae",
                "00:1a:79:b9:09:41",
                "00:1a:79:b4:e4:c6",
                "00:1a:79:ab:7a:0b"
            ]
        },
        {
            "server_name": "mypaste.fun.gentv.to:8080",
            "server_url": "http://mypaste.fun.gentv.to:8080/c/",
            "macs": [
                "00:1a:79:ab:ba:54",
                "00:1a:79:b2:28:6e",
                "00:1a:79:bd:08:eb"
            ]
        }
    ]
}