{
    "items": [
        {
            "server_name": "ibrafr.com:8789",
            "server_url": "http://ibrafr.com:8789/c/",
            "macs": [
                "00:1A:79:46:FB:7D"
            ]
        },
        {
            "server_name": "pointpython.streamtv.to:8080",
            "server_url": "http://pointpython.streamtv.to:8080/c/",
            "macs": [
                "00:1A:79:55:5E:9A",
                "00:1A:79:C4:5F:B6",
                "00:1A:79:D1:9E:54"
            ]
        },
        {
            "server_name": "mag.ukhd.tv",
            "server_url": "http://mag.ukhd.tv/c/",
            "macs": [
                "00:1A:79:1E:0F:C8",
                "00:1A:79:3A:A1:6B",
                "00:1A:79:51:73:29",
                "00:1A:79:68:1F:B7",
                "00:1A:79:A4:0F:A8",
                "00:1A:79:B0:A5:20",
                "00:1A:79:C0:0F:C9",
                "00:1A:79:D3:B1:E4",
                "00:1A:79:D6:7F:A7"
            ]
        },
        {
            "server_name": "line.iptveros.com:8000",
            "server_url": "http://line.iptveros.com:8000/c/",
            "macs": [
                "00:1A:79:0D:75:8C",
                "00:1A:79:B5:AD:10",
                "00:1A:79:C3:C9:B8",
                "00:1A:79:F8:75:52"
            ]
        },
        {
            "server_name": "mutant.arrox.top:80",
            "server_url": "http://mutant.arrox.top:80/c/",
            "macs": [
                "00:1A:79:00:59:53",
                "00:1A:79:09:56:BD",
                "00:1A:79:0F:92:4D",
                "00:1A:79:37:2E:CA",
                "00:1A:79:88:0B:EF",
                "00:1A:79:BA:30:5D",
                "00:1A:79:CE:38:6B",
                "00:1A:79:D2:E0:75"
            ]
        },
        {
            "server_name": "1234up.com:8080",
            "server_url": "http://1234up.com:8080/c/",
            "macs": [
                "00:1A:79:0E:37:F0",
                "00:1A:79:14:2E:3F",
                "00:1A:79:19:9A:07",
                "00:1A:79:24:14:CB",
                "00:1A:79:25:17:26",
                "00:1A:79:4C:4F:FB",
                "00:1A:79:72:40:40",
                "00:1A:79:7C:4C:18",
                "00:1A:79:A9:26:7B",
                "00:1A:79:C5:4C:C1",
                "00:1A:79:C7:9B:4A",
                "00:1A:79:C8:06:8D",
                "00:1A:79:C8:6B:E8",
                "00:1A:79:CC:FC:2A",
                "00:1A:79:FB:21:DC"
            ]
        },
        {
            "server_name": "jt-info.xyz",
            "server_url": "http://jt-info.xyz/c/",
            "macs": [
                "00:1A:79:37:AE:37",
                "00:1A:79:4F:A7:DC",
                "00:1A:79:B4:E7:DB"
            ]
        },
        {
            "server_name": "apksmart.dino.ws",
            "server_url": "http://apksmart.dino.ws/c/",
            "macs": [
                "00:1A:79:00:1C:C7",
                "00:1A:79:00:EE:2C",
                "00:1A:79:33:BD:70",
                "00:1A:79:3A:D6:E1",
                "00:1A:79:55:31:1A",
                "00:1A:79:7F:A0:6A",
                "00:1A:79:B5:69:3A",
                "00:1A:79:D2:95:EA"
            ]
        },
        {
            "server_name": "cbrlig.com:8080",
            "server_url": "http://cbrlig.com:8080/c/",
            "macs": [
                "00:1A:79:38:2D:E4",
                "00:1A:79:7B:F2:8A",
                "00:1A:79:CD:1F:23"
            ]
        },
        {
            "server_name": "speed-gaz.xyz",
            "server_url": "http://speed-gaz.xyz/c/",
            "macs": [
                "00:1A:79:41:6F:78",
                "00:1A:79:A2:E7:E5",
                "00:1A:79:A6:F3:33",
                "00:1A:79:CB:8C:DD"
            ]
        },
        {
            "server_name": "safetv.vip:8080",
            "server_url": "http://safetv.vip:8080/c/",
            "macs": [
                "00:1A:79:BC:36:09"
            ]
        },
        {
            "server_name": "sotu.ws:26928",
            "server_url": "http://sotu.ws:26928/c/",
            "macs": [
                "00:1A:79:38:22:2A"
            ]
        },
        {
            "server_name": "vip2102.112421.net:2050",
            "server_url": "http://vip2102.112421.net:2050/c/",
            "macs": [
                "00:1A:79:1D:3A:2A"
            ]
        },
        {
            "server_name": "anonymoustv.club",
            "server_url": "http://anonymoustv.club/c/",
            "macs": [
                "00:1A:79:00:20:6C"
            ]
        },
        {
            "server_name": "ip.plat.cx:8080",
            "server_url": "http://ip.plat.cx:8080/c/",
            "macs": [
                "00:1A:79:A7:DC:97",
                "00:1A:79:AA:57:F5",
                "00:1A:79:AB:5D:F5",
                "00:1A:79:AD:FE:D9",
                "00:1A:79:C6:D1:02"
            ]
        },
        {
            "server_name": "77.74.193.158:88",
            "server_url": "http://77.74.193.158:88/stalker_portal/c/",
            "macs": [
                "00:1A:79:36:55:F0",
                "00:1A:79:6A:09:4A",
                "00:1A:79:F4:C4:7B"
            ]
        }
    ]
}