{
    "items": [
        {
            "server_name": "fultv.sytes.net:8080",
            "server_url": "http://fultv.sytes.net:8080/c/",
            "macs": [
                "00:1A:79:70:49:95",
                "00:1A:79:6F:09:11",
                "00:1A:79:90:D6:BE",
                "00:1A:79:A3:B1:59"
            ]
        },
        {
            "server_name": "mutant.arrox.top:80",
            "server_url": "http://mutant.arrox.top:80/c/",
            "macs": [
                "00:1A:79:1A:F8:5B",
                "00:1A:79:00:02:B0",
                "00:1A:79:4C:0A:1F",
                "00:1A:79:48:04:D6",
                "00:1A:79:B6:DE:F4",
                "00:1A:79:61:30:36",
                "00:1A:79:AE:7D:22",
                "00:1A:79:47:34:06",
                "00:1A:79:01:9F:B3",
                "00:1A:79:00:02:01"
            ]
        }
    ]
}