{
    "items": [
        {
            "server_name": "gtvstreams.me:80",
            "server_url": "http://gtvstreams.me:80/c/",
            "macs": [
                "00:1A:79:A1:CE:9F",
                "00:1A:79:EE:6A:F7"
            ]
        },
        {
            "server_name": "ege.efetv.de:8080",
            "server_url": "http://ege.efetv.de:8080/c/",
            "macs": [
                "00:1A:79:00:03:59"
            ]
        },
        {
            "server_name": "hd-max.org:8080",
            "server_url": "http://hd-max.org:8080/c/",
            "macs": [
                "00:1A:79:04:ED:F2",
                "00:1A:79:1C:3F:EB",
                "00:1A:79:31:87:8C",
                "00:1A:79:38:47:A5",
                "00:1A:79:39:42:9A",
                "00:1A:79:43:4E:58",
                "00:1A:79:44:3C:9E",
                "00:1A:79:49:F4:B5",
                "00:1A:79:4B:00:F3",
                "00:1A:79:4E:81:D0",
                "00:1A:79:4F:5F:01",
                "00:1A:79:51:7D:D7",
                "00:1A:79:53:2E:09",
                "00:1A:79:58:F7:39",
                "00:1A:79:5E:C2:B5",
                "00:1A:79:62:DB:28",
                "00:1A:79:68:0F:7E",
                "00:1A:79:70:30:2D",
                "00:1A:79:79:00:72",
                "00:1A:79:7B:52:4A",
                "00:1A:79:7B:E1:F6",
                "00:1A:79:7C:72:2C",
                "00:1A:79:8D:89:48",
                "00:1A:79:96:8B:0C",
                "00:1A:79:99:28:C0",
                "00:1A:79:A1:A4:72",
                "00:1A:79:AE:A2:76",
                "00:1A:79:B5:68:BC",
                "00:1A:79:BD:1E:7B",
                "00:1A:79:C8:07:F1"
            ]
        },
        {
            "server_name": "ultra-box.club",
            "server_url": "http://ultra-box.club/c/",
            "macs": [
                "00:1A:79:A1:BB:04",
                "00:1A:79:A2:5A:6D",
                "00:1A:79:A4:5A:56",
                "00:1A:79:AA:BD:12",
                "00:1A:79:AB:C2:4B",
                "00:1A:79:AD:0E:7F",
                "00:1A:79:AE:13:30",
                "00:1A:79:AE:7C:70",
                "00:1A:79:AE:B3:4D",
                "00:1A:79:B2:89:1F",
                "00:1A:79:B4:FC:6C",
                "00:1A:79:B8:72:FB",
                "00:1A:79:B9:0A:57",
                "00:1A:79:B9:C7:AE",
                "00:1A:79:BA:0C:1D",
                "00:1A:79:BA:9C:6E",
                "00:1A:79:BC:75:64"
            ]
        },
        {
            "server_name": "main.light-ott.net:80",
            "server_url": "http://main.light-ott.net:80/c/",
            "macs": [
                "00:1A:79:00:01:01"
            ]
        },
        {
            "server_name": "humiptv.live:8080",
            "server_url": "http://humiptv.live:8080/c/",
            "macs": [
                "00:1A:79:2A:3F:AB",
                "00:1A:79:63:C2:CC",
                "00:1A:79:72:9E:51",
                "00:1A:79:7D:F7:67"
            ]
        },
        {
            "server_name": "hottest.gold:25461",
            "server_url": "http://hottest.gold:25461/c/",
            "macs": [
                "00:1A:79:F0:52:9A"
            ]
        },
        {
            "server_name": "mag.diamondtv.one",
            "server_url": "http://mag.diamondtv.one/c/",
            "macs": [
                "00:1A:79:74:7F:24"
            ]
        },
        {
            "server_name": "livein1.com:2095",
            "server_url": "http://livein1.com:2095/c/",
            "macs": [
                "00:1A:79:45:5E:9A"
            ]
        },
        {
            "server_name": "magentalive.eu:8080",
            "server_url": "http://magentalive.eu:8080/c/",
            "macs": [
                "00:1A:79:68:81:28"
            ]
        },
        {
            "server_name": "vodofun.tv",
            "server_url": "http://vodofun.tv/stalker_portal/c/",
            "macs": [
                "00:1A:79:4B:1F:E1",
                "00:1A:79:F1:EA:85"
            ]
        },
        {
            "server_name": "185.182.193.203:25461",
            "server_url": "http://185.182.193.203:25461/c/",
            "macs": [
                "00:1A:79:58:25:F0"
            ]
        },
        {
            "server_name": "neroiptv.xyz:8000",
            "server_url": "http://neroiptv.xyz:8000/c/",
            "macs": [
                "00:1A:79:5B:48:42"
            ]
        },
        {
            "server_name": "51.91.57.198",
            "server_url": "http://51.91.57.198/stalker_portal/c/",
            "macs": [
                "00:1A:79:01:7E:0A",
                "00:1A:79:2B:88:F5",
                "00:1A:79:44:B7:0E",
                "00:1A:79:4E:FC:03",
                "00:1A:79:5F:AA:9D",
                "00:1A:79:6B:4D:6B",
                "00:1A:79:7E:AA:2E"
            ]
        },
        {
            "server_name": "darktv.eu:25461",
            "server_url": "http://darktv.eu:25461/c/",
            "macs": [
                "00:1A:79:03:0C:FA",
                "00:1A:79:4C:47:5B",
                "00:1A:79:9B:98:24",
                "00:1A:79:AF:5F:BD",
                "00:1A:79:B0:E6:78",
                "00:1A:79:E1:5F:3B"
            ]
        },
        {
            "server_name": "fastgo.cam:8080",
            "server_url": "http://fastgo.cam:8080/c/",
            "macs": [
                "00:1A:79:5D:42:30",
                "00:1A:79:BA:23:27",
                "00:1A:79:E8:C7:3A"
            ]
        },
        {
            "server_name": "185.243.7.154",
            "server_url": "http://185.243.7.154/c/",
            "macs": [
                "00:1A:79:05:C9:7C",
                "00:1A:79:0C:1D:A0",
                "00:1A:79:12:73:93",
                "00:1A:79:18:10:95",
                "00:1A:79:19:3F:27",
                "00:1A:79:21:0A:A3",
                "00:1A:79:24:76:55",
                "00:1A:79:2F:AF:04",
                "00:1A:79:32:C4:3D",
                "00:1A:79:36:1F:09",
                "00:1A:79:44:3C:BB",
                "00:1A:79:4E:4A:23",
                "00:1A:79:52:5C:5D",
                "00:1A:79:57:CF:67",
                "00:1A:79:58:FC:1B",
                "00:1A:79:5A:D1:68",
                "00:1A:79:5F:C7:9B",
                "00:1A:79:5F:FD:6C",
                "00:1A:79:6E:2E:4D",
                "00:1A:79:6F:91:87",
                "00:1A:79:75:23:48",
                "00:1A:79:75:D8:22",
                "00:1A:79:79:5E:9E",
                "00:1A:79:7D:58:5B",
                "00:1A:79:93:2B:B7",
                "00:1A:79:94:5F:1C",
                "00:1A:79:A9:D5:8E",
                "00:1A:79:AB:5D:F3",
                "00:1A:79:AC:1F:55",
                "00:1A:79:AC:28:71",
                "00:1A:79:B1:06:81",
                "00:1A:79:B4:C0:D6",
                "00:1A:79:B6:9C:F2",
                "00:1A:79:B9:00:96",
                "00:1A:79:BB:AE:2D",
                "00:1A:79:BD:E0:AD",
                "00:1A:79:C0:F1:6F",
                "00:1A:79:C2:BB:0C",
                "00:1A:79:C4:A9:55",
                "00:1A:79:C4:D0:EE",
                "00:1A:79:C8:16:4C",
                "00:1A:79:D0:72:E6",
                "00:1A:79:E6:B2:14",
                "00:1A:79:E7:65:0D",
                "00:1A:79:EE:C7:B8",
                "00:1A:79:F2:8F:CF",
                "00:1A:79:F4:7D:D2",
                "00:1A:79:F5:00:EA",
                "00:1A:79:FB:39:EC"
            ]
        }
    ]
}