{
    "items": [
        {
            "server_name": "mutant.arrox.top:80",
            "server_url": "http://mutant.arrox.top:80/c/",
            "macs": [
                "00:1A:79:C9:A0:6C",
                "00:1A:79:5B:5C:AA",
                "00:1A:79:AE:6C:9D",
                "00:1A:79:19:1F:9A"
            ]
        },
        {
            "server_name": "hawkpt.cc:8080",
            "server_url": "http://hawkpt.cc:8080/c/",
            "macs": [
                "00:1A:79:0E:62:E0"
            ]
        },
        {
            "server_name": "iptv.darkbox.nu",
            "server_url": "http://iptv.darkbox.nu/c/",
            "macs": [
                "00:1A:79:28:0F:31",
                "00:1A:79:66:0B:E4",
                "00:1A:79:2E:36:9D",
                "00:1A:79:2E:36:23",
                "00:1A:79:3E:CF:67",
                "00:1A:79:BD:7B:3A"
            ]
        },
        {
            "server_name": "tp.nxdns4.com:8080",
            "server_url": "http://tp.nxdns4.com:8080/c/",
            "macs": [
                "00:1A:79:D9:AA:96",
                "00:1A:79:4A:E5:A1",
                "00:1A:79:E6:F6:9D",
                "00:1A:79:62:33:31"
            ]
        },
        {
            "server_name": "adoiptv.com:8080",
            "server_url": "http://adoiptv.com:8080/c/",
            "macs": [
                "00:1A:79:46:1C:45"
            ]
        },
        {
            "server_name": "sonymax.org:8080",
            "server_url": "http://sonymax.org:8080/c/",
            "macs": [
                "00:1A:79:91:D3:94"
            ]
        },
        {
            "server_name": "typhoonott.com:8789",
            "server_url": "http://typhoonott.com:8789/c/",
            "macs": [
                "00:1A:79:36:1D:59",
                "00:1A:79:6B:d7:AE",
                "00:1A:79:71:52:90"
            ]
        },
        {
            "server_name": "apk-dino.proxytx.cloud:80",
            "server_url": "http://apk-dino.proxytx.cloud:80/c/",
            "macs": [
                "00:1A:79:19:E5:B4"
            ]
        },
        {
            "server_name": "fhdtv.club:8080",
            "server_url": "http://fhdtv.club:8080/c/",
            "macs": [
                "00:1A:79:90:DB:C6",
                "00:1A:79:3B:49:DB"
            ]
        },
        {
            "server_name": "stalker.ugoiptv.com",
            "server_url": "http://stalker.ugoiptv.com/c/",
            "macs": [
                "00:1A:79:B8:4F:BC",
                "00:1A:79:BC:2A:D0"
            ]
        },
        {
            "server_name": "sharktv.alphatx.me",
            "server_url": "http://sharktv.alphatx.me/c/",
            "macs": [
                "00:1A:79:7C:42:5B",
                "00:1A:79:E7:AA:EC"
            ]
        },
        {
            "server_name": "185.182.193.87",
            "server_url": "http://185.182.193.87/stalker_portal/c/",
            "macs": [
                "00:1A:79:80:C2:19",
                "00:1A:79:75:02:00"
            ]
        }
    ]
}