{
    "items": [
        {
            "server_name": "4connect.link",
            "server_url": "http://4connect.link/c/",
            "macs": [
                "00:1A:79:A2:35:BD",
                "00:1A:79:AB:CD:C1",
                "00:1A:79:AD:7F:26",
                "00:1A:79:AE:5B:59",
                "00:1A:79:AE:81:41",
                "00:1A:79:B1:A8:1A",
                "00:1A:79:B6:30:09",
                "00:1A:79:B6:51:DE",
                "00:1A:79:B7:E9:2F",
                "00:1A:79:B8:75:EE",
                "00:1A:79:B9:E8:32"
            ]
        },
        {
            "server_name": "king.viviotv.xyz",
            "server_url": "http://king.viviotv.xyz/c/",
            "macs": [
                "00:1A:79:0E:20:20",
                "00:1A:79:74:DE:5F"
            ]
        },
        {
            "server_name": "promaxhd.com:8080",
            "server_url": "http://promaxhd.com:8080/c/",
            "macs": [
                "00:1A:79:6C:F1:73",
                "00:1A:79:85:ED:3E",
                "00:1A:79:AF:B4:FC"
            ]
        },
        {
            "server_name": "energyiptv.streamtv.to:8080",
            "server_url": "http://energyiptv.streamtv.to:8080/c/",
            "macs": [
                "00:1A:79:AE:36:84"
            ]
        },
        {
            "server_name": "iptvserver.info:8080",
            "server_url": "http://iptvserver.info:8080/c/",
            "macs": [
                "00:1A:79:08:45:B2",
                "00:1A:79:21:03:0B",
                "00:1A:79:6A:68:9D",
                "00:1A:79:6B:C1:54",
                "00:1A:79:BC:28:5C"
            ]
        },
        {
            "server_name": "185.243.7.154",
            "server_url": "http://185.243.7.154/c/",
            "macs": [
                "00:1A:79:33:F2:93",
                "00:1A:79:8C:80:E9"
            ]
        },
        {
            "server_name": "iup-tv.com:8080",
            "server_url": "http://iup-tv.com:8080/c/",
            "macs": [
                "00:1A:79:A9:24:C5",
                "00:1A:79:C6:B2:1A"
            ]
        },
        {
            "server_name": "darknetiptv1.ddns.net:25461",
            "server_url": "http://darknetiptv1.ddns.net:25461/c/",
            "macs": [
                "00:1A:79:11:74:15",
                "00:1A:79:E7:99:50"
            ]
        },
        {
            "server_name": "livein1.com:2095",
            "server_url": "http://livein1.com:2095/c/",
            "macs": [
                "00:1A:79:45:2F:15",
                "00:1A:79:6A:C2:3A",
                "00:1A:79:C0:F5:C8"
            ]
        },
        {
            "server_name": "tr.simotvgold.com:80",
            "server_url": "http://tr.simotvgold.com:80/c/",
            "macs": [
                "00:1A:79:59:CB:6E",
                "00:1A:79:64:30:A3",
                "00:1A:79:8B:33:CD",
                "00:1A:79:A3:12:E8",
                "00:1A:79:B4:B6:E1",
                "00:1A:79:B5:5F:4B",
                "00:1A:79:B7:D7:5E",
                "00:1A:79:C0:8B:FE",
                "00:1A:79:CC:16:34",
                "00:1A:79:CE:33:4B"
            ]
        },
        {
            "server_name": "89.45.13.220:8080",
            "server_url": "http://89.45.13.220:8080/c/",
            "macs": [
                "00:1A:79:08:41:B4",
                "00:1A:79:0F:49:D2",
                "00:1A:79:A0:FE:10",
                "00:1A:79:AF:F8:C3",
                "00:1A:79:F5:43:F3"
            ]
        },
        {
            "server_name": "23232.top",
            "server_url": "http://23232.top/c/",
            "macs": [
                "00:1A:79:04:A3:A1",
                "00:1A:79:20:6A:7B",
                "00:1A:79:24:D3:2A",
                "00:1A:79:29:02:11",
                "00:1A:79:2F:68:54",
                "00:1A:79:63:B0:A2",
                "00:1A:79:83:36:AE",
                "00:1A:79:88:AF:ED",
                "00:1A:79:A7:9F:CE",
                "00:1A:79:AF:0C:FF",
                "00:1A:79:B2:2E:7E",
                "00:1A:79:B5:FA:3A",
                "00:1A:79:BF:B5:8F",
                "00:1A:79:D5:76:C7",
                "00:1A:79:EE:CF:49"
            ]
        },
        {
            "server_name": "iptv.darkbox.nu",
            "server_url": "http://iptv.darkbox.nu/c/",
            "macs": [
                "00:1A:79:40:6C:7B",
                "00:1A:79:7C:4F:8B"
            ]
        },
        {
            "server_name": "king4k.tv",
            "server_url": "http://king4k.tv/c/",
            "macs": [
                "00:1A:79:BD:3B:37"
            ]
        },
        {
            "server_name": "zenlink.link",
            "server_url": "http://zenlink.link/c/",
            "macs": [
                "00:1A:79:AC:1B:FB"
            ]
        },
        {
            "server_name": "102.129.200.19",
            "server_url": "http://102.129.200.19/c/",
            "macs": [
                "00:1A:79:B9:8B:2D"
            ]
        },
        {
            "server_name": "mag.premiumplus.tv",
            "server_url": "http://mag.premiumplus.tv/c/",
            "macs": [
                "00:1A:79:CC:1E:6C"
            ]
        },
        {
            "server_name": "jt-info.xyz",
            "server_url": "http://jt-info.xyz/c/",
            "macs": [
                "00:1A:79:65:C2:21"
            ]
        },
        {
            "server_name": "line.dino.ws",
            "server_url": "http://line.dino.ws/c/",
            "macs": [
                "00:1A:79:12:4D:08",
                "00:1A:79:8D:93:77"
            ]
        },
        {
            "server_name": "tvhouse.live",
            "server_url": "http://tvhouse.live/c/",
            "macs": [
                "00:1A:79:01:A6:77",
                "00:1A:79:07:91:63",
                "00:1A:79:54:0F:31",
                "00:1A:79:5C:A8:03",
                "00:1A:79:5D:3B:78",
                "00:1A:79:5D:8C:5E"
            ]
        }
    ]
}