{
    "items": [
        {
            "server_name": "neofass.com:8080",
            "server_url": "http://neofass.com:8080/c/",
            "macs": [
                "00:1A:79:10:4B:37",
                "00:1A:79:78:11:E4",
                "00:1A:79:B5:45:6B",
                "00:1A:79:0F:83:51",
                "00:1A:79:68:AF:9B",
                "00:1A:79:C6:C2:C7",
                "00:1A:79:01:01:F9"
            ]
        },
        {
            "server_name": "line.iptveros.com:80",
            "server_url": "http://line.iptveros.com:80/c/",
            "macs": [
                "00:1A:79:6A:E6:0A",
                "00:1A:79:7C:0E:F7",
                "00:1A:79:30:8F:5F"
            ]
        },
        {
            "server_name": "ss.2665.ninja:8080",
            "server_url": "http://ss.2665.ninja:8080/c/",
            "macs": [
                "00:1a:79:49:48:e5",
                "00:1a:79:31:1f:8a",
                "00:1a:79:51:64:d7"
            ]
        },
        {
            "server_name": "mypaste.fun.gentv.to:8080",
            "server_url": "http://mypaste.fun.gentv.to:8080/c/",
            "macs": [
                "00:1a:79:b7:28:62",
                "00:1a:79:bd:f0:f6",
                "00:1a:79:ba:b4:27",
                "00:1a:79:ad:8e:b2"
            ]
        }
    ]
}