{
    "items": [
        {
            "server_name": "kocaeli41.xyz:8000",
            "server_url": "http://kocaeli41.xyz:8000/c/",
            "macs": [
                "00:1A:79:4F:01:60",
                "00:1A:79:C8:23:91"
            ]
        },
        {
            "server_name": "mag.premiumplus.tv",
            "server_url": "http://mag.premiumplus.tv/c/",
            "macs": [
                "00:1A:79:7D:D7:6A",
                "00:1A:79:10:40:B5",
                "00:1A:79:EF:92:E7",
                "00:1A:79:97:0A:BE",
                "00:1A:79:2F:EB:0C"
            ]
        },
        {
            "server_name": "ch.bosstv.live:8080",
            "server_url": "http://ch.bosstv.live:8080/c/",
            "macs": [
                "00:1A:79:4B:6B:64"
            ]
        },
        {
            "server_name": "esesfero.mine.nu:3800",
            "server_url": "http://esesfero.mine.nu:3800/c/",
            "macs": [
                "00:1A:79:52:C2:34"
            ]
        },
        {
            "server_name": "tissl.club:8080",
            "server_url": "http://tissl.club:8080/c/",
            "macs": [
                "00:1A:79:03:8F:D0",
                "00:1A:79:02:4B:BD",
                "00:1A:79:02:8C:C8",
                "00:1A:79:01:E5:4F",
                "00:1A:79:02:48:2E"
            ]
        },
        {
            "server_name": "tissl.club:8080",
            "server_url": "http://tissl.club:8080/c/",
            "macs": [
                "00:1A:79:7D:CF:40",
                "00:1A:79:6C:2F:74",
                "00:1A:79:81:02:64",
                "00:1A:79:7B:B9:4A",
                "00:1A:79:B9:80:BE",
                "00:1A:79:57:92:02",
                "00:1A:79:BF:BA:E1",
                "00:1A:79:59:23:C2",
                "00:1A:79:BC:45:8F",
                "00:1A:79:C0:1B:71",
                "00:1A:79:CD:9D:09",
                "00:1A:79:EC:B8:FB",
                "00:1A:79:38:03:23",
                "00:1A:79:71:ED:87",
                "00:1A:79:78:7E:84",
                "00:1A:79:EE:F2:0E",
                "00:1A:79:45:74:7C",
                "00:1A:79:61:AC:1A",
                "00:1A:79:D0:1D:A9"
            ]
        },
        {
            "server_name": "private3.clientline.club",
            "server_url": "http://private3.clientline.club/c/",
            "macs": [
                "00:1A:79:8E:A6:A0",
                "00:1A:79:5D:6B:8D",
                "00:1A:79:F2:EF:6D",
                "00:1A:79:B2:66:10",
                "00:1A:79:6E:C1:1F",
                "00:1A:79:74:80:8F",
                "00:1A:79:71:AB:DF",
                "00:1A:79:C0:22:2E",
                "00:1A:79:A8:3A:15",
                "00:1A:79:5F:D6:77",
                "00:1A:79:7C:56:38",
                "00:1A:79:7C:9E:7F",
                "00:1A:79:48:60:05",
                "00:1A:79:59:CF:95",
                "00:1A:79:6F:BB:CD",
                "00:1A:79:66:86:0C",
                "00:1A:79:73:BE:4E",
                "00:1A:79:BB:70:AC"
            ]
        },
        {
            "server_name": "new.ivue.co:25461",
            "server_url": "http://new.ivue.co:25461/c/",
            "macs": [
                "00:1A:79:80:78:73",
                "00:1A:79:B8:48:1D",
                "00:1A:79:B8:45:CD",
                "00:1A:79:03:1B:85",
                "00:1A:79:00:00:02",
                "00:1A:79:00:00:00",
                "00:1A:79:00:00:01"
            ]
        },
        {
            "server_name": "semprea100.org:8080",
            "server_url": "http://semprea100.org:8080/c/",
            "macs": [
                "00:1A:79:35:98:20",
                "00:1A:79:A1:76:42",
                "00:1A:79:4E:76:34",
                "00:1A:79:92:4B:B1",
                "00:1A:79:35:6E:6C",
                "00:1A:79:3A:22:82",
                "00:1A:79:26:12:05",
                "00:1A:79:A7:BA:22",
                "00:1A:79:56:16:24",
                "00:1A:79:60:06:2B",
                "00:1A:79:A1:9B:D5",
                "00:1A:79:AB:50:06",
                "00:1A:79:44:CB:B7"
            ]
        },
        {
            "server_name": "200.26.188.39",
            "server_url": "http://200.26.188.39/c/",
            "macs": [
                "00:1A:79:BF:A5:8B",
                "00:1A:79:01:6A:4B",
                "00:1A:79:C0:90:54",
                "00:1A:79:50:7A:C3",
                "00:1A:79:69:E6:9B",
                "00:1A:79:24:5C:BE",
                "00:1A:79:C8:5B:CD",
                "00:1A:79:A6:4A:6D",
                "00:1A:79:C2:95:EE",
                "00:1A:79:3E:AB:D8",
                "00:1A:79:7E:2A:D3",
                "00:1A:79:17:32:4B",
                "00:1A:79:F5:34:74",
                "00:1A:79:76:56:E3",
                "00:1A:79:93:5E:B5",
                "00:1A:79:C3:2F:08",
                "00:1A:79:41:F5:11",
                "00:1A:79:BF:81:5D",
                "00:1A:79:77:87:1A",
                "00:1A:79:40:9D:CB"
            ]
        }
    ]
}