{
    "items": [
        {
            "server_name": "hdmiclub.online:8080",
            "server_url": "http://hdmiclub.online:8080/c/",
            "macs": [
                "00:1A:79:A4:4A:00",
                "00:1A:79:BD:5A:C2",
                "00:1A:79:CC:28:8B"
            ]
        },
        {
            "server_name": "ns31617126.ip-162-19-37.eu:8080",
            "server_url": "http://ns31617126.ip-162-19-37.eu:8080/c/",
            "macs": [
                "00:1A:79:1C:13:36",
                "00:1A:79:23:37:31",
                "00:1A:79:7A:5E:D7",
                "00:1A:79:A3:8D:2A",
                "00:1A:79:B2:71:41",
                "00:1A:79:BF:2A:37",
                "00:1A:79:C7:FA:E9",
                "00:1A:79:CF:8B:28",
                "00:1A:79:FB:1B:8D",
                "00:1A:79:FB:58:E6"
            ]
        },
        {
            "server_name": "1screen3.com:8000",
            "server_url": "http://1screen3.com:8000/c/",
            "macs": [
                "00:1A:79:B3:CD:3F"
            ]
        },
        {
            "server_name": "89.45.13.153:25461",
            "server_url": "http://89.45.13.153:25461/c/",
            "macs": [
                "00:1A:79:B5:B4:0C",
                "00:1A:79:F2:A8:10"
            ]
        },
        {
            "server_name": "zupanet.live:8080",
            "server_url": "http://zupanet.live:8080/c/",
            "macs": [
                "00:1A:79:31:CB:5F",
                "00:1A:79:31:ED:EA",
                "00:1A:79:64:12:C1",
                "00:1A:79:68:F6:E1",
                "00:1A:79:79:E2:B7",
                "00:1A:79:7C:6B:77"
            ]
        },
        {
            "server_name": "darktv.eu:25461",
            "server_url": "http://darktv.eu:25461/c/",
            "macs": [
                "00:1A:79:1C:05:2E",
                "00:1A:79:50:13:88",
                "00:1A:79:68:2F:83",
                "00:1A:79:A4:CC:7C",
                "00:1A:79:C7:EF:1D",
                "00:1A:79:EE:78:F9"
            ]
        }
    ]
}