{
    "items": [
        {
            "server_name": "promaxhd.com:8080",
            "server_url": "http://promaxhd.com:8080/c/",
            "macs": [
                "00:1A:79:3E:72:AF",
                "00:1A:79:5C:A3:57",
                "00:1A:79:9A:11:37",
                "00:1A:79:C7:9C:12",
                "00:1A:79:F8:5E:BC"
            ]
        },
        {
            "server_name": "ibrafr.com:8789",
            "server_url": "http://ibrafr.com:8789/c/",
            "macs": [
                "00:1A:79:4C:A4:04",
                "00:1A:79:52:C9:83",
                "00:1A:79:58:11:69",
                "00:1A:79:5C:2D:6D",
                "00:1A:79:80:25:74",
                "00:1A:79:8A:DC:DA",
                "00:1A:79:A2:88:01"
            ]
        },
        {
            "server_name": "ultra-box.club",
            "server_url": "http://ultra-box.club/c/",
            "macs": [
                "00:1A:79:AA:BD:12",
                "00:1A:79:AD:93:53",
                "00:1A:79:AE:5C:34",
                "00:1A:79:AF:25:7B",
                "00:1A:79:BA:AF:61"
            ]
        },
        {
            "server_name": "livetvbox.live:8080",
            "server_url": "http://livetvbox.live:8080/c/",
            "macs": [
                "00:1A:79:5C:D0:64",
                "00:1A:79:9E:59:8A"
            ]
        },
        {
            "server_name": "maja22.net:8080",
            "server_url": "http://maja22.net:8080/c/",
            "macs": [
                "00:1A:79:01:71:62",
                "00:1A:79:04:AB:74"
            ]
        },
        {
            "server_name": "exprestv.win:80",
            "server_url": "http://exprestv.win:80/c/",
            "macs": [
                "00:1A:79:3F:F9:80",
                "00:1A:79:A5:64:E9",
                "00:1A:79:C4:BB:0C"
            ]
        },
        {
            "server_name": "starshare.live:8080",
            "server_url": "http://starshare.live:8080/c/",
            "macs": [
                "00:1A:79:56:43:9E"
            ]
        },
        {
            "server_name": "dns20.xyz:80",
            "server_url": "http://dns20.xyz:80/c/",
            "macs": [
                "00:1A:79:31:38:36",
                "00:1A:79:53:AB:FD"
            ]
        },
        {
            "server_name": "66.epiciptv.com:88",
            "server_url": "http://66.epiciptv.com:88/stalker_portal/c/",
            "macs": [
                "00:1A:79:00:00:01"
            ]
        },
        {
            "server_name": "darknetiptv1.ddns.net:25461",
            "server_url": "http://darknetiptv1.ddns.net:25461/c/",
            "macs": [
                "00:1A:79:27:E9:5E",
                "00:1A:79:3E:67:C5",
                "00:1A:79:42:2B:31",
                "00:1A:79:48:B0:08",
                "00:1A:79:54:D7:C8",
                "00:1A:79:5B:8D:4C",
                "00:1A:79:61:A1:23",
                "00:1A:79:72:7E:75",
                "00:1A:79:77:EA:B9",
                "00:1A:79:82:80:38",
                "00:1A:79:B6:C9:F6",
                "00:1A:79:B8:45:66",
                "00:1A:79:B8:45:D6",
                "00:1A:79:B8:49:AD",
                "00:1A:79:BA:A9:39",
                "00:1A:79:C2:42:3F",
                "00:1A:79:CF:41:06",
                "00:1A:79:F4:BA:1B",
                "00:1A:79:FE:E5:2D"
            ]
        },
        {
            "server_name": "200.26.188.39:80",
            "server_url": "http://200.26.188.39:80/c/",
            "macs": [
                "00:1A:79:19:25:4F",
                "00:1A:79:1C:0E:10",
                "00:1A:79:32:66:B0",
                "00:1A:79:38:20:64",
                "00:1A:79:39:EF:34",
                "00:1A:79:41:6B:08",
                "00:1A:79:4E:B2:E1",
                "00:1A:79:5D:97:3C",
                "00:1A:79:64:1D:8E",
                "00:1A:79:71:1A:49",
                "00:1A:79:8B:3C:A4",
                "00:1A:79:90:0D:96",
                "00:1A:79:AB:C0:23",
                "00:1A:79:B5:97:2B",
                "00:1A:79:B5:AD:F5",
                "00:1A:79:C0:82:89",
                "00:1A:79:C2:7D:7A",
                "00:1A:79:C6:FF:C1",
                "00:1A:79:E0:8F:BE",
                "00:1A:79:E2:D6:08"
            ]
        },
        {
            "server_name": "medotv.nl:8000",
            "server_url": "http://medotv.nl:8000/c/",
            "macs": [
                "00:1A:79:39:16:37",
                "00:1A:79:3F:62:09",
                "00:1A:79:B5:94:10",
                "00:1A:79:DE:FE:2B"
            ]
        },
        {
            "server_name": "elit64.xyz:6464",
            "server_url": "http://elit64.xyz:6464/c/",
            "macs": [
                "00:1A:79:5B:90:65",
                "00:1A:79:C3:4F:E8"
            ]
        },
        {
            "server_name": "stb5.rucolor.tv",
            "server_url": "http://stb5.rucolor.tv/stalker_portal/c/",
            "macs": [
                "00:1A:79:65:28:1A"
            ]
        },
        {
            "server_name": "102.129.200.19:80",
            "server_url": "http://102.129.200.19:80/c/",
            "macs": [
                "00:1A:79:39:03:1E",
                "00:1A:79:80:8E:DF",
                "00:1A:79:B3:FE:57"
            ]
        },
        {
            "server_name": "193.176.244.25:8080",
            "server_url": "http://193.176.244.25:8080/c/",
            "macs": [
                "00:1A:79:05:ED:A7"
            ]
        },
        {
            "server_name": "5.255.105.5",
            "server_url": "http://5.255.105.5/stalker_portal/c/",
            "macs": [
                "00:1A:79:64:BA:5D",
                "00:1A:79:68:18:DB",
                "00:1A:79:9D:98:C1"
            ]
        },
        {
            "server_name": "tv.premiumplus.tv",
            "server_url": "http://tv.premiumplus.tv/c/",
            "macs": [
                "00:1A:79:0E:19:B7",
                "00:1A:79:11:F9:82",
                "00:1A:79:35:9E:3E",
                "00:1A:79:4F:9E:97",
                "00:1A:79:70:E0:D6",
                "00:1A:79:B3:58:D9",
                "00:1A:79:C6:6E:12",
                "00:1A:79:CE:A3:B9"
            ]
        },
        {
            "server_name": "pdata.ddns.me:8080",
            "server_url": "http://pdata.ddns.me:8080/c/",
            "macs": [
                "00:1A:79:AD:ED:10",
                "00:1A:79:C3:BE:6A",
                "00:1A:79:FB:44:A9"
            ]
        },
        {
            "server_name": "185.243.7.51",
            "server_url": "http://185.243.7.51/c/",
            "macs": [
                "00:1A:79:22:C9:4A",
                "00:1A:79:B6:80:C1",
                "00:1A:79:C7:33:CA",
                "00:1A:79:E3:02:25",
                "00:1A:79:FB:04:AB"
            ]
        },
        {
            "server_name": "iup-tv.com:8080",
            "server_url": "http://iup-tv.com:8080/c/",
            "macs": [
                "00:1A:79:AA:EB:FC",
                "00:1A:79:AC:CF:A0",
                "00:1A:79:B3:1D:5F",
                "00:1A:79:BE:8F:B1",
                "00:1A:79:C0:2A:B6"
            ]
        },
        {
            "server_name": "line.gofast-tv.me",
            "server_url": "http://line.gofast-tv.me/c/",
            "macs": [
                "00:1A:79:19:C7:47",
                "00:1A:79:22:16:6B",
                "00:1A:79:33:EE:16",
                "00:1A:79:36:61:36",
                "00:1A:79:37:30:D5",
                "00:1A:79:39:58:11",
                "00:1A:79:56:3F:E3",
                "00:1A:79:6D:07:55",
                "00:1A:79:7C:6D:A5",
                "00:1A:79:7C:D0:71",
                "00:1A:79:B4:71:37",
                "00:1A:79:B4:8A:94",
                "00:1A:79:B5:94:A1",
                "00:1A:79:B8:87:C0",
                "00:1A:79:C2:81:15",
                "00:1A:79:CC:F6:B3",
                "00:1A:79:D5:47:E5",
                "00:1A:79:E0:1F:F8",
                "00:1A:79:E7:7D:DE"
            ]
        },
        {
            "server_name": "hdmiclub.online:8080",
            "server_url": "http://hdmiclub.online:8080/c/",
            "macs": [
                "00:1A:79:A6:6E:68",
                "00:1A:79:B3:C5:9B"
            ]
        },
        {
            "server_name": "entertainmentj4u.com",
            "server_url": "http://entertainmentj4u.com/stalker_portal/c/",
            "macs": [
                "00:1A:79:63:E1:84"
            ]
        },
        {
            "server_name": "195.128.249.99",
            "server_url": "http://195.128.249.99/c/",
            "macs": [
                "00:1A:79:CC:FE:68"
            ]
        },
        {
            "server_name": "tvfalcon.net:8080",
            "server_url": "http://tvfalcon.net:8080/c/",
            "macs": [
                "00:1A:79:BA:B9:E2"
            ]
        },
        {
            "server_name": "kocaeli41.xyz:8000",
            "server_url": "http://kocaeli41.xyz:8000/c/",
            "macs": [
                "00:1A:79:34:96:C1",
                "00:1A:79:70:66:B3",
                "00:1A:79:BD:62:BB"
            ]
        },
        {
            "server_name": "1screen4.com:8000",
            "server_url": "http://1screen4.com:8000/c/",
            "macs": [
                "00:1A:79:23:0F:88"
            ]
        },
        {
            "server_name": "ojpc.live:8080",
            "server_url": "http://ojpc.live:8080/c/",
            "macs": [
                "00:1A:79:AD:48:D1",
                "00:1A:79:C6:A5:7B",
                "00:1A:79:C6:A6:1D"
            ]
        },
        {
            "server_name": "line.maxir.biz:8080",
            "server_url": "http://line.maxir.biz:8080/c/",
            "macs": [
                "00:1A:79:0F:1C:60",
                "00:1A:79:5E:3B:94",
                "00:1A:79:61:0B:DB",
                "00:1A:79:70:8A:09",
                "00:1A:79:72:42:94",
                "00:1A:79:A9:39:D8"
            ]
        },
        {
            "server_name": "new.ivue.co:25461",
            "server_url": "http://new.ivue.co:25461/c/",
            "macs": [
                "00:1A:79:3C:B4:BF",
                "00:1A:79:AE:CA:A4"
            ]
        },
        {
            "server_name": "islacam.live:8080",
            "server_url": "http://islacam.live:8080/c/",
            "macs": [
                "00:1A:79:05:7D:78",
                "00:1A:79:09:77:8F",
                "00:1A:79:31:73:53",
                "00:1A:79:34:67:ED",
                "00:1A:79:5D:3A:FD",
                "00:1A:79:5D:9F:05",
                "00:1A:79:63:52:0F",
                "00:1A:79:B6:0A:22",
                "00:1A:79:B9:FE:43"
            ]
        },
        {
            "server_name": "cmjl.online:8080",
            "server_url": "http://cmjl.online:8080/c/",
            "macs": [
                "00:1A:79:60:00:2A",
                "00:1A:79:60:00:F6",
                "00:1A:79:60:0E:5A",
                "00:1A:79:60:1E:8A",
                "00:1A:79:60:28:64",
                "00:1A:79:60:2F:CF",
                "00:1A:79:60:35:21",
                "00:1A:79:60:3C:00",
                "00:1A:79:60:59:B7"
            ]
        },
        {
            "server_name": "m1.airce.biz",
            "server_url": "http://m1.airce.biz/stalker_portal/c/",
            "macs": [
                "00:1A:79:00:00:97"
            ]
        },
        {
            "server_name": "mai1.shop:80",
            "server_url": "http://mai1.shop:80/c/",
            "macs": [
                "00:1A:79:00:1B:56"
            ]
        },
        {
            "server_name": "atvodhosting.xyz:80",
            "server_url": "http://atvodhosting.xyz:80/c/",
            "macs": [
                "00:1A:79:31:34:66"
            ]
        },
        {
            "server_name": "line.albastar-tv.net:80",
            "server_url": "http://line.albastar-tv.net:80/c/",
            "macs": [
                "00:1A:79:00:00:0A"
            ]
        },
        {
            "server_name": "dont.t-v.io",
            "server_url": "http://dont.t-v.io/c/",
            "macs": [
                "00:1A:79:2B:6F:97",
                "00:1A:79:CB:8D:1A"
            ]
        },
        {
            "server_name": "tkosportz.live:25461",
            "server_url": "http://tkosportz.live:25461/c/",
            "macs": [
                "00:1A:79:E5:88:CC"
            ]
        },
        {
            "server_name": "streamcode.one:2082",
            "server_url": "http://streamcode.one:2082/c/",
            "macs": [
                "00:1A:79:19:28:75",
                "00:1A:79:59:66:55",
                "00:1A:79:C9:A5:6A",
                "00:1A:79:D2:1D:23"
            ]
        },
        {
            "server_name": "tp.nxdns4.com:8080",
            "server_url": "http://tp.nxdns4.com:8080/c/",
            "macs": [
                "00:1A:79:45:14:FB",
                "00:1A:79:66:B7:22",
                "00:1A:79:80:F4:1E"
            ]
        },
        {
            "server_name": "invale.party",
            "server_url": "http://invale.party/c/",
            "macs": [
                "00:1A:79:8B:5E:0C"
            ]
        },
        {
            "server_name": "st1.ipweb.site",
            "server_url": "http://st1.ipweb.site/stalker_portal/c/",
            "macs": [
                "00:1A:79:15:40:4C",
                "00:1A:79:35:99:A7",
                "00:1A:79:59:A4:5E"
            ]
        },
        {
            "server_name": "77.74.193.158:88",
            "server_url": "http://77.74.193.158:88/stalker_portal/c/",
            "macs": [
                "00:1A:79:27:A2:A9",
                "00:1A:79:5B:D8:17",
                "00:1A:79:69:C8:58",
                "00:1A:79:A8:3C:CC",
                "00:1A:79:B1:19:89"
            ]
        }
    ]
}