{
    "items": [
        {
            "server_name": "fultv.sytes.net:8080",
            "server_url": "http://fultv.sytes.net:8080/c/",
            "macs": [
                "00:1A:79:02:22:4D",
                "00:1A:79:27:A3:19",
                "00:1A:79:2D:79:58",
                "00:1A:79:5C:A3:57",
                "00:1A:79:7C:6D:62",
                "00:1A:79:97:DE:3C",
                "00:1A:79:B5:45:65",
                "00:1A:79:D0:E3:3E",
                "00:1A:79:F5:02:10"
            ]
        },
        {
            "server_name": "89.45.13.220:8080",
            "server_url": "http://89.45.13.220:8080/c/",
            "macs": [
                "00:1A:79:07:C4:A6",
                "00:1A:79:13:59:A4",
                "00:1A:79:AF:37:41"
            ]
        },
        {
            "server_name": "promaxhd.com:8080",
            "server_url": "http://promaxhd.com:8080/c/",
            "macs": [
                "00:1A:79:25:7F:55",
                "00:1A:79:29:3C:9F",
                "00:1A:79:3F:0F:CF",
                "00:1A:79:6A:6C:85",
                "00:1A:79:70:87:2E",
                "00:1A:79:83:E8:71",
                "00:1A:79:9A:6D:62"
            ]
        },
        {
            "server_name": "1screen4.com:8000",
            "server_url": "http://1screen4.com:8000/c/",
            "macs": [
                "00:1A:79:19:3B:71"
            ]
        },
        {
            "server_name": "ojpc.live:8080",
            "server_url": "http://ojpc.live:8080/c/",
            "macs": [
                "00:1A:79:C6:A5:7B",
                "00:1A:79:C6:A6:1D"
            ]
        },
        {
            "server_name": "line.iptvwings.com",
            "server_url": "http://line.iptvwings.com/c/",
            "macs": [
                "00:1A:79:19:31:38",
                "00:1A:79:59:50:00",
                "00:1A:79:AB:BC:7B",
                "00:1A:79:E2:7A:C1"
            ]
        },
        {
            "server_name": "ns358711.ovh.net:88",
            "server_url": "http://ns358711.ovh.net:88/stalker_portal/c/",
            "macs": [
                "00:1A:79:3B:11:C7",
                "00:1A:79:49:DB:D1",
                "00:1A:79:76:33:73",
                "00:1A:79:C1:F0:82"
            ]
        },
        {
            "server_name": "kocaeli41.xyz:8000",
            "server_url": "http://kocaeli41.xyz:8000/c/",
            "macs": [
                "00:1A:79:34:96:C1",
                "00:1A:79:70:66:B3",
                "00:1A:79:BD:62:BB"
            ]
        },
        {
            "server_name": "hdmiclub.online:8080",
            "server_url": "http://hdmiclub.online:8080/c/",
            "macs": [
                "00:1A:79:A6:6E:68",
                "00:1A:79:B3:C5:9B"
            ]
        },
        {
            "server_name": "tvfalcon.net:8080",
            "server_url": "http://tvfalcon.net:8080/c/",
            "macs": [
                "00:1A:79:BA:B9:E2"
            ]
        },
        {
            "server_name": "holipop.xyz",
            "server_url": "http://holipop.xyz/c/",
            "macs": [
                "00:1A:79:AB:30:64",
                "00:1A:79:B9:BA:FC",
                "00:1A:79:BB:50:73",
                "00:1A:79:D0:22:C0"
            ]
        },
        {
            "server_name": "birutv.my.id",
            "server_url": "http://birutv.my.id/c/",
            "macs": [
                "00:1A:79:03:76:DA",
                "00:1A:79:62:B9:A8",
                "00:1A:79:D5:0F:9D"
            ]
        },
        {
            "server_name": "mag.premiumplus.tv",
            "server_url": "http://mag.premiumplus.tv/c/",
            "macs": [
                "00:1A:79:0C:2F:BC",
                "00:1A:79:17:11:7B",
                "00:1A:79:20:61:08",
                "00:1A:79:24:84:66",
                "00:1A:79:28:BA:41",
                "00:1A:79:31:61:36",
                "00:1A:79:34:5B:C7",
                "00:1A:79:3D:39:60",
                "00:1A:79:3E:EE:C2",
                "00:1A:79:4B:0D:FC",
                "00:1A:79:54:37:4A",
                "00:1A:79:57:98:33",
                "00:1A:79:62:37:61",
                "00:1A:79:67:C5:AC",
                "00:1A:79:67:D9:BE",
                "00:1A:79:68:2F:29",
                "00:1A:79:68:5A:C6",
                "00:1A:79:6C:03:B2",
                "00:1A:79:72:1E:64",
                "00:1A:79:74:A9:0E",
                "00:1A:79:7A:49:77",
                "00:1A:79:83:BB:60",
                "00:1A:79:8E:06:14",
                "00:1A:79:99:8E:A5",
                "00:1A:79:A2:9E:C7",
                "00:1A:79:AD:17:8B",
                "00:1A:79:AF:14:E1",
                "00:1A:79:B3:1B:60",
                "00:1A:79:B5:09:A8",
                "00:1A:79:B5:9F:27",
                "00:1A:79:BD:65:81",
                "00:1A:79:C4:A6:AF",
                "00:1A:79:C5:76:75",
                "00:1A:79:D3:EF:56",
                "00:1A:79:E2:6F:E1",
                "00:1A:79:E6:B7:80",
                "00:1A:79:EA:F2:F4",
                "00:1A:79:FD:11:73"
            ]
        },
        {
            "server_name": "mutant.arrox.top:80",
            "server_url": "http://mutant.arrox.top:80/c/",
            "macs": [
                "00:1A:79:19:42:2E",
                "00:1A:79:22:BF:54",
                "00:1A:79:2D:88:64",
                "00:1A:79:33:00:18",
                "00:1A:79:37:2E:CA",
                "00:1A:79:3D:6E:45",
                "00:1A:79:52:B9:9C",
                "00:1A:79:61:30:36",
                "00:1A:79:61:6F:43",
                "00:1A:79:70:1B:6C",
                "00:1A:79:70:49:3F",
                "00:1A:79:88:22:EE",
                "00:1A:79:98:49:5B",
                "00:1A:79:9F:CD:A5",
                "00:1A:79:AC:9F:0E",
                "00:1A:79:B6:3A:14",
                "00:1A:79:B7:1A:01",
                "00:1A:79:C3:1D:F4",
                "00:1A:79:C3:B8:2B",
                "00:1A:79:C3:CB:84"
            ]
        },
        {
            "server_name": "sonymax.org:8080",
            "server_url": "http://sonymax.org:8080/c/",
            "macs": [
                "00:1A:79:00:47:04",
                "00:1A:79:00:9E:50",
                "00:1A:79:0B:BB:BA",
                "00:1A:79:2A:1C:21",
                "00:1A:79:2A:D2:B4",
                "00:1A:79:3C:C8:04",
                "00:1A:79:41:E0:3E",
                "00:1A:79:4C:CC:0E",
                "00:1A:79:55:DE:DB",
                "00:1A:79:57:28:32",
                "00:1A:79:57:32:B8",
                "00:1A:79:57:7E:B2",
                "00:1A:79:57:7F:A0",
                "00:1A:79:57:98:BB",
                "00:1A:79:5D:27:7A",
                "00:1A:79:85:F8:5B",
                "00:1A:79:85:F9:08",
                "00:1A:79:85:FD:90",
                "00:1A:79:A1:97:AC",
                "00:1A:79:AC:CB:BB"
            ]
        }
    ]
}