{
    "items": [
        {
            "server_name": "titaneiptv.xyz:80",
            "server_url": "http://titaneiptv.xyz:80/c/",
            "macs": [
                "00:1A:79:00:1D:04",
                "00:1A:79:1D:73:A3",
                "00:1A:79:45:1A:F1",
                "00:1A:79:E5:32:57"
            ]
        },
        {
            "server_name": "line.crystalott.net:80",
            "server_url": "http://line.crystalott.net:80/c/",
            "macs": [
                "00:1A:79:0E:22:22",
                "00:1A:79:42:4E:44",
                "00:1A:79:79:83:A0",
                "00:1A:79:7C:95:06"
            ]
        },
        {
            "server_name": "tv.trexiptv.com",
            "server_url": "http://tv.trexiptv.com/c/",
            "macs": [
                "00:1A:79:0E:24:97",
                "00:1A:79:1C:C8:8D",
                "00:1A:79:28:0E:2A",
                "00:1A:79:31:FA:00",
                "00:1A:79:40:35:C1",
                "00:1A:79:43:D8:EE",
                "00:1A:79:46:17:9E",
                "00:1A:79:4F:3F:9C",
                "00:1A:79:6F:E2:11",
                "00:1A:79:74:E9:67",
                "00:1A:79:B2:71:E8",
                "00:1A:79:B6:AF:8A",
                "00:1A:79:B8:F8:A8",
                "00:1A:79:BD:AD:34",
                "00:1A:79:BE:9A:99",
                "00:1A:79:BF:C7:C3",
                "00:1A:79:C3:9A:02",
                "00:1A:79:D1:A7:28",
                "00:1A:79:D5:70:E1",
                "00:1A:79:FA:B1:7E"
            ]
        },
        {
            "server_name": "coelhopatobravo.live",
            "server_url": "http://coelhopatobravo.live/c/",
            "macs": [
                "00:1A:79:01:9E:3D",
                "00:1A:79:02:1D:43",
                "00:1A:79:30:C3:C2",
                "00:1A:79:49:EC:A7",
                "00:1A:79:4D:41:7E",
                "00:1A:79:56:B2:58",
                "00:1A:79:58:9F:F4",
                "00:1A:79:67:BE:C5",
                "00:1A:79:93:CE:F3",
                "00:1A:79:A5:2F:AD",
                "00:1A:79:B3:EA:F0",
                "00:1A:79:B5:0D:C7",
                "00:1A:79:B9:E7:26",
                "00:1A:79:DC:5E:18"
            ]
        }
    ]
}