{
    "items": [
        {
            "server_name": "f1.dinott.com",
            "server_url": "http://f1.dinott.com/c/",
            "macs": [
                "00:1A:79:CB:6E:6C"
            ]
        },
        {
            "server_name": "eurotuga.xyz:8080",
            "server_url": "http://eurotuga.xyz:8080/c/",
            "macs": [
                "00:1A:79:BC:17:09"
            ]
        },
        {
            "server_name": "new.ivue.co:25461",
            "server_url": "http://new.ivue.co:25461/c/",
            "macs": [
                "00:1A:79:77:EA:35"
            ]
        },
        {
            "server_name": "45.139.122.199:2095",
            "server_url": "http://45.139.122.199:2095/c/",
            "macs": [
                "00:1A:79:B6:DF:F6"
            ]
        },
        {
            "server_name": "5.206.227.184:8080",
            "server_url": "http://5.206.227.184:8080/c/",
            "macs": [
                "00:1A:79:04:E9:16",
                "00:1A:79:37:0A:4A",
                "00:1A:79:55:97:DC",
                "00:1A:79:79:25:A2",
                "00:1A:79:AB:31:CD",
                "00:1A:79:B3:A1:DA",
                "00:1A:79:DB:2D:FB"
            ]
        },
        {
            "server_name": "51.75.79.64:8080",
            "server_url": "http://51.75.79.64:8080/c/",
            "macs": [
                "00:1A:79:35:CB:C7",
                "00:1A:79:AD:EF:C4",
                "00:1A:79:C6:F2:BF",
                "00:1A:79:CE:21:F5"
            ]
        },
        {
            "server_name": "line.atlaspro4k.me",
            "server_url": "http://line.atlaspro4k.me/c/",
            "macs": [
                "00:1A:79:3F:69:FD",
                "00:1A:79:71:19:E1",
                "00:1A:79:B0:6A:F5",
                "00:1A:79:B4:A0:9E",
                "00:1A:79:B5:9D:E6",
                "00:1A:79:B5:F7:E2",
                "00:1A:79:B5:F8:A7",
                "00:1A:79:C0:50:DE",
                "00:1A:79:C0:F7:7B",
                "00:1A:79:C3:AA:C2"
            ]
        },
        {
            "server_name": "45.139.122.199:8080",
            "server_url": "http://45.139.122.199:8080/c/",
            "macs": [
                "00:1A:79:4D:98:69",
                "00:1A:79:75:18:86",
                "00:1A:79:C8:51:3B"
            ]
        },
        {
            "server_name": "185.235.165.30",
            "server_url": "http://185.235.165.30/c/",
            "macs": [
                "00:1A:79:35:35:64",
                "00:1A:79:3A:6A:57",
                "00:1A:79:55:99:64",
                "00:1A:79:5A:36:86",
                "00:1A:79:5E:40:73",
                "00:1A:79:62:37:30",
                "00:1A:79:66:3C:5E",
                "00:1A:79:6B:09:15",
                "00:1A:79:70:66:5F",
                "00:1A:79:7C:55:7F",
                "00:1A:79:7E:40:54",
                "00:1A:79:81:71:33"
            ]
        },
        {
            "server_name": "yo.ikitv.site:8080",
            "server_url": "http://yo.ikitv.site:8080/c/",
            "macs": [
                "00:1A:79:46:64:9E",
                "00:1A:79:4C:82:C7",
                "00:1A:79:6F:DD:50",
                "00:1A:79:AD:87:BB",
                "00:1A:79:B3:2B:F5",
                "00:1A:79:BE:57:56",
                "00:1A:79:BE:7D:D4",
                "00:1A:79:C5:B5:4C",
                "00:1A:79:CB:5B:7A",
                "00:1A:79:CC:0C:6E"
            ]
        },
        {
            "server_name": "ya.trythisone.cc",
            "server_url": "http://ya.trythisone.cc/c/",
            "macs": [
                "00:1A:79:22:1A:9A",
                "00:1A:79:5A:89:4E",
                "00:1A:79:5F:58:A0",
                "00:1A:79:60:4D:4B",
                "00:1A:79:77:BB:0C",
                "00:1A:79:79:7F:23",
                "00:1A:79:A5:32:E9",
                "00:1A:79:B5:97:A6",
                "00:1A:79:C7:39:E4",
                "00:1A:79:CB:8A:2E"
            ]
        },
        {
            "server_name": "ainfo.icu:8000",
            "server_url": "http://ainfo.icu:8000/c/",
            "macs": [
                "00:1A:79:00:19:1B",
                "00:1A:79:53:F7:73",
                "00:1A:79:83:99:84",
                "00:1A:79:A1:BB:AC",
                "00:1A:79:B4:4B:B4",
                "00:1A:79:C4:7F:B9",
                "00:1A:79:CF:5C:D4"
            ]
        },
        {
            "server_name": "marvelhd.eu:8080",
            "server_url": "http://marvelhd.eu:8080/c/",
            "macs": [
                "00:1A:79:06:C2:78",
                "00:1A:79:BC:F0:70",
                "00:1A:79:F5:48:73"
            ]
        },
        {
            "server_name": "line.chktv.xyz",
            "server_url": "http://line.chktv.xyz/c/",
            "macs": [
                "00:1A:79:A1:FD:43",
                "00:1A:79:C3:95:0E"
            ]
        },
        {
            "server_name": "tv.trexiptv.com",
            "server_url": "http://tv.trexiptv.com/c/",
            "macs": [
                "00:1A:79:19:36:4F",
                "00:1A:79:5F:F8:60",
                "00:1A:79:84:D6:29",
                "00:1A:79:9D:98:F9",
                "00:1A:79:BF:D4:C4"
            ]
        },
        {
            "server_name": "sonymax.org:8080",
            "server_url": "http://sonymax.org:8080/c/",
            "macs": [
                "00:1A:79:29:4D:9F",
                "00:1A:79:77:C2:18"
            ]
        }
    ]
}