{
    "items": [
        {
            "server_name": "promaxhd.com:8080",
            "server_url": "http://promaxhd.com:8080/c/",
            "macs": [
                "00:1A:79:85:ED:3E",
                "00:1A:79:3E:9F:2F",
                "00:1A:79:C1:C1:E3",
                "00:1A:79:54:77:8C",
                "00:1A:79:B1:03:DB"
            ]
        },
        {
            "server_name": "owliptv.gentv.to:8080",
            "server_url": "http://owliptv.gentv.to:8080/c/",
            "macs": [
                "00:1A:79:AB:49:9A"
            ]
        },
        {
            "server_name": "optimus-tv.org:8080",
            "server_url": "http://optimus-tv.org:8080/c/",
            "macs": [
                "00:1A:79:6B:BD:75",
                "00:1A:79:5E:48:86"
            ]
        },
        {
            "server_name": "mag.greatott.me",
            "server_url": "http://mag.greatott.me/c/",
            "macs": [
                "00:1A:79:88:BA:D0",
                "00:1A:79:B8:3B:1A"
            ]
        },
        {
            "server_name": "invale.party",
            "server_url": "http://invale.party/c/",
            "macs": [
                "00:1A:79:AF:6B:0B"
            ]
        },
        {
            "server_name": "crystalott.org",
            "server_url": "http://crystalott.org/c/",
            "macs": [
                "00:1A:79:02:11:0C",
                "00:1A:79:01:E0:4D",
                "00:1A:79:01:E8:F6"
            ]
        },
        {
            "server_name": "200.26.188.39:80",
            "server_url": "http://200.26.188.39:80/c/",
            "macs": [
                "00:1A:79:3C:19:B0",
                "00:1A:79:8C:F8:90",
                "00:1A:79:ED:9F:A5",
                "00:1A:79:BF:90:2A",
                "00:1A:79:BF:B6:91",
                "00:1A:79:AA:4C:1C",
                "00:1A:79:39:8C:5B",
                "00:1A:79:76:AE:2C",
                "00:1A:79:C7:04:A7",
                "00:1A:79:6B:CF:46",
                "00:1A:79:BD:2B:64",
                "00:1A:79:1A:FB:D2",
                "00:1A:79:F5:12:48",
                "00:1A:79:69:C6:99",
                "00:1A:79:A1:C7:8B",
                "00:1A:79:90:0B:0E",
                "00:1A:79:90:0B:0E"
            ]
        }
    ]
}