{
    "items": [
        {
            "server_name": "iptvpanorama.com:2052",
            "server_url": "http://iptvpanorama.com:2052/c/",
            "macs": [
                "00:1A:79:A1:EF:E3",
                "00:1A:79:A1:FB:FC"
            ]
        },
        {
            "server_name": "tv1.darktv.eu",
            "server_url": "http://tv1.darktv.eu/c/",
            "macs": [
                "00:1A:79:3c:2f:a0"
            ]
        },
        {
            "server_name": "dream4ktv.info:8080",
            "server_url": "http://dream4ktv.info:8080/c/",
            "macs": [
                "00:1A:79:80:47:C5",
                "00:1A:79:80:3A:E0",
                "00:1A:79:80:34:F5",
                "00:1A:79:80:1C:CC",
                "00:1A:79:80:07:10"
            ]
        },
        {
            "server_name": "avasys.one:2082",
            "server_url": "http://avasys.one:2082/c/",
            "macs": [
                "00:1A:79:42:C2:76",
                "00:1A:79:D7:47:38",
                "00:1A:79:63:3C:D2",
                "00:1A:79:A6:8F:D0",
                "00:1A:79:42:EB:E1"
            ]
        },
        {
            "server_name": "ph-info.xyz",
            "server_url": "http://ph-info.xyz/c/",
            "macs": [
                "00:1A:79:D0:97:55"
            ]
        },
        {
            "server_name": "laurenlending.pproxy.cc",
            "server_url": "http://laurenlending.pproxy.cc/c/",
            "macs": [
                "00:1A:79:29:FD:7C",
                "00:1A:79:31:1F:88",
                "00:1A:79:B4:F6:9C"
            ]
        },
        {
            "server_name": "tv.trexiptv.com",
            "server_url": "http://tv.trexiptv.com/c/",
            "macs": [
                "00:1A:79:7B:08:88",
                "00:1A:79:D2:C8:54",
                "00:1A:79:02:98:4B",
                "00:1A:79:CD:53:0A",
                "00:1A:79:57:81:4C",
                "00:1A:79:75:80:15",
                "00:1A:79:C0:3F:B5",
                "00:1A:79:C4:9F:0F",
                "00:1A:79:FB:11:F2"
            ]
        },
        {
            "server_name": "zupanet.live:8080",
            "server_url": "http://zupanet.live:8080/c/",
            "macs": [
                "00:1A:79:A2:A1:D1",
                "00:1A:79:1F:10:2D",
                "00:1A:79:4C:08:51",
                "00:1A:79:55:86:E8"
            ]
        },
        {
            "server_name": "ns31617126.ip-162-19-37.eu:8080",
            "server_url": "http://ns31617126.ip-162-19-37.eu:8080/c/",
            "macs": [
                "00:1A:79:17:0F:CA"
            ]
        },
        {
            "server_name": "exm3u.123tv.to:8080",
            "server_url": "http://exm3u.123tv.to:8080/c/",
            "macs": [
                "00:1A:79:94:0F:23",
                "00:1A:79:B8:8C:AF",
                "00:1A:79:D0:06:A6"
            ]
        },
        {
            "server_name": "erdin1.com:8000",
            "server_url": "http://erdin1.com:8000/c/",
            "macs": [
                "00:1A:79:08:F7:B7",
                "00:1A:79:54:D7:97"
            ]
        },
        {
            "server_name": "darktv.eu:25461",
            "server_url": "http://darktv.eu:25461/c/",
            "macs": [
                "00:1A:79:B8:4F:AB",
                "00:1A:79:05:D7:94",
                "00:1A:79:6F:1F:D2",
                "00:1A:79:58:2F:4F",
                "00:1A:79:B2:6E:87",
                "00:1A:79:64:63:64",
                "00:1A:79:B9:5F:9C",
                "00:1A:79:5C:9A:59",
                "00:1A:79:7C:D3:AA",
                "00:1A:79:A9:31:C9"
            ]
        },
        {
            "server_name": "51.91.57.198",
            "server_url": "http://51.91.57.198/stalker_portal/c/",
            "macs": [
                "00:1A:79:41:50:E3",
                "00:1A:79:78:C5:7E",
                "00:1A:79:72:73:71",
                "00:1A:79:32:6A:44",
                "00:1A:79:6E:CE:3F"
            ]
        },
        {
            "server_name": "line.iptveros.com:8000",
            "server_url": "http://line.iptveros.com:8000/c/",
            "macs": [
                "00:1A:79:3C:45:A1",
                "00:1A:79:8C:00:B2"
            ]
        },
        {
            "server_name": "vip2102.112421.net:2050",
            "server_url": "http://vip2102.112421.net:2050/c/",
            "macs": [
                "00:1A:79:0A:B1:FD"
            ]
        },
        {
            "server_name": "ispy1.click:8080",
            "server_url": "http://ispy1.click:8080/c/",
            "macs": [
                "00:1A:79:34:39:62",
                "00:1A:79:6E:61:80",
                "00:1A:79:B7:4C:D9",
                "00:1A:79:5B:32:16",
                "00:1A:79:75:A4:67",
                "00:1A:79:2C:BF:16",
                "00:1A:79:A7:9D:97",
                "00:1A:79:BD:D3:C9",
                "00:1A:79:81:15:A2",
                "00:1A:79:80:D1:29",
                "00:1A:79:28:05:C8",
                "00:1A:79:DE:FC:BD",
                "00:1A:79:64:13:D9"
            ]
        },
        {
            "server_name": "ip.ktlsattv.com",
            "server_url": "http://ip.ktlsattv.com/c/",
            "macs": [
                "00:1A:79:C0:82:1B",
                "00:1A:79:BB:39:84",
                "00:1A:79:BC:33:8D",
                "00:1A:79:36:B7:59",
                "00:1A:79:1E:8F:7E",
                "00:1A:79:50:4E:BE",
                "00:1A:79:D0:FD:87",
                "00:1A:79:73:1F:47",
                "00:1A:79:5A:17:78",
                "00:1A:79:BA:27:34"
            ]
        },
        {
            "server_name": "one.dream4ktv.biz:2082",
            "server_url": "http://one.dream4ktv.biz:2082/c/",
            "macs": [
                "00:1A:79:DB:7A:A3",
                "00:1A:79:9B:30:1D",
                "00:1A:79:9B:30:1D",
                "00:1A:79:07:DB:E9",
                "00:1A:79:73:18:52",
                "00:1A:79:46:C0:C3",
                "00:1A:79:46:C0:C3"
            ]
        },
        {
            "server_name": "one.d4k4u.com:8080",
            "server_url": "http://one.d4k4u.com:8080/c/",
            "macs": [
                "00:1A:79:7A:23:ED",
                "00:1A:79:C2:B8:69",
                "00:1A:79:46:C0:C3",
                "00:1A:79:B5:61:27",
                "00:1A:79:05:D6:7A",
                "00:1A:79:51:A6:D2",
                "00:1A:79:36:2A:15",
                "00:1A:79:67:85:FB"
            ]
        },
        {
            "server_name": "teducpemunte.online:8080",
            "server_url": "http://teducpemunte.online:8080/c/",
            "macs": [
                "00:1A:79:dc:06:cf",
                "00:1A:79:c1:e2:35",
                "00:1A:79:31:76:74"
            ]
        },
        {
            "server_name": "mutant.arrox.top",
            "server_url": "http://mutant.arrox.top/c/",
            "macs": [
                "00:1A:79:41:E1:3B",
                "00:1A:79:A5:0B:B4",
                "00:1A:79:1D:01:57",
                "00:1A:79:92:4F:97"
            ]
        },
        {
            "server_name": "picka.dsuki.gentv.to:8080",
            "server_url": "http://picka.dsuki.gentv.to:8080/c/",
            "macs": [
                "00:1A:79:96:49:02",
                "00:1A:79:e9:61:df",
                "00:1A:79:6b:f1:bb",
                "00:1A:79:ce:18:07"
            ]
        }
    ]
}