{
    "items": [
        {
            "server_name": "sonymax.org:8080",
            "server_url": "http://sonymax.org:8080/c/",
            "macs": [
                "00:1A:79:2E:C1:9F",
                "00:1A:79:35:72:19",
                "00:1A:79:48:FC:6D",
                "00:1A:79:5F:13:D6",
                "00:1A:79:64:E3:96",
                "00:1A:79:77:37:F3",
                "00:1A:79:91:83:28",
                "00:1A:79:A0:8A:21",
                "00:1A:79:A6:98:05",
                "00:1A:79:AF:50:42",
                "00:1A:79:B4:35:A6",
                "00:1A:79:B4:EE:5E",
                "00:1A:79:BE:45:08",
                "00:1A:79:C3:AE:99",
                "00:1A:79:CD:0D:E4",
                "00:1A:79:D6:64:06",
                "00:1A:79:E8:38:98"
            ]
        },
        {
            "server_name": "123jk.tv",
            "server_url": "http://123jk.tv/c/",
            "macs": [
                "00:1A:79:E6:41:52",
                "00:1A:79:E7:07:EA"
            ]
        },
        {
            "server_name": "maxzi.pro:80",
            "server_url": "http://maxzi.pro:80/c/",
            "macs": [
                "00:1A:79:0B:DC:04",
                "00:1A:79:A1:62:DB",
                "00:1A:79:CE:E8:79"
            ]
        },
        {
            "server_name": "darktv.eu:25461",
            "server_url": "http://darktv.eu:25461/c/",
            "macs": [
                "00:1A:79:15:83:30",
                "00:1A:79:19:1F:AB",
                "00:1A:79:32:B7:0D",
                "00:1A:79:35:6A:A6",
                "00:1A:79:38:2C:BF",
                "00:1A:79:3E:68:E0",
                "00:1A:79:45:F0:9A",
                "00:1A:79:55:58:BA",
                "00:1A:79:57:E4:C4",
                "00:1A:79:5B:49:5A",
                "00:1A:79:5E:57:1C",
                "00:1A:79:5E:C0:30",
                "00:1A:79:61:7F:C9",
                "00:1A:79:75:79:A7",
                "00:1A:79:79:2D:60",
                "00:1A:79:91:D1:1F",
                "00:1A:79:A1:89:6F",
                "00:1A:79:AD:93:20",
                "00:1A:79:B2:28:02",
                "00:1A:79:B2:75:7A",
                "00:1A:79:BD:CC:A5",
                "00:1A:79:C0:79:54",
                "00:1A:79:C4:AF:53",
                "00:1A:79:D6:1F:57",
                "00:1A:79:F6:9F:05"
            ]
        },
        {
            "server_name": "51.159.70.234",
            "server_url": "http://51.159.70.234/stalker_portal/c/",
            "macs": [
                "00:1A:79:0C:32:E0",
                "00:1A:79:24:7E:75"
            ]
        },
        {
            "server_name": "portal.geniptv.com:8080",
            "server_url": "http://portal.geniptv.com:8080/c/",
            "macs": [
                "00:1A:79:7A:05:67",
                "00:1A:79:B4:EA:20"
            ]
        },
        {
            "server_name": "pp.prison8break.com:8080",
            "server_url": "http://pp.prison8break.com:8080/c/",
            "macs": [
                "00:1A:79:A4:63:8F",
                "00:1A:79:A5:E5:25",
                "00:1A:79:A9:7E:C4",
                "00:1A:79:A9:F6:FA",
                "00:1A:79:AA:77:52",
                "00:1A:79:AD:50:52",
                "00:1A:79:AE:00:0F",
                "00:1A:79:AE:40:69",
                "00:1A:79:B0:48:A5",
                "00:1A:79:B2:0D:AE",
                "00:1A:79:B2:79:28",
                "00:1A:79:B8:7A:31",
                "00:1A:79:BB:33:1F",
                "00:1A:79:BB:50:36",
                "00:1A:79:BB:F3:76",
                "00:1A:79:BD:46:9A",
                "00:1A:79:BD:52:DA"
            ]
        },
        {
            "server_name": "streamcode.one:2082",
            "server_url": "http://streamcode.one:2082/c/",
            "macs": [
                "00:1A:79:6D:46:D8",
                "00:1A:79:84:9C:DE"
            ]
        },
        {
            "server_name": "ntv2.net",
            "server_url": "http://ntv2.net/c/",
            "macs": [
                "00:1A:79:57:79:07",
                "00:1A:79:C8:D9:B2"
            ]
        },
        {
            "server_name": "pal.alphatx.me:80",
            "server_url": "http://pal.alphatx.me:80/c/",
            "macs": [
                "00:1A:79:3A:2A:B6"
            ]
        },
        {
            "server_name": "onfireboxtv.com",
            "server_url": "http://onfireboxtv.com/c/",
            "macs": [
                "00:1A:79:44:7A:06"
            ]
        },
        {
            "server_name": "wowtv.cc",
            "server_url": "http://wowtv.cc/c/",
            "macs": [
                "00:1A:79:00:00:00",
                "00:1A:79:00:00:09",
                "00:1A:79:00:00:0D",
                "00:1A:79:00:00:22",
                "00:1A:79:00:00:78",
                "00:1A:79:00:00:97",
                "00:1A:79:00:00:FF",
                "00:1A:79:00:01:50",
                "00:1A:79:00:01:5F",
                "00:1A:79:00:02:03",
                "00:1A:79:00:02:C0",
                "00:1A:79:00:06:3C",
                "00:1A:79:00:06:5C",
                "00:1A:79:00:06:AB",
                "00:1A:79:00:07:94",
                "00:1A:79:00:0B:0F"
            ]
        },
        {
            "server_name": "jokermedia.live:8090",
            "server_url": "http://jokermedia.live:8090/c/",
            "macs": [
                "00:1A:79:00:20:71",
                "00:1A:79:00:22:15",
                "00:1A:79:00:22:55",
                "00:1A:79:00:22:98"
            ]
        },
        {
            "server_name": "play-plus.net:8000",
            "server_url": "http://play-plus.net:8000/c/",
            "macs": [
                "00:1A:79:D0:E3:6F"
            ]
        },
        {
            "server_name": "tvhouse.live",
            "server_url": "http://tvhouse.live/c/",
            "macs": [
                "00:1A:79:B5:7C:F7"
            ]
        },
        {
            "server_name": "zorrohunter.com",
            "server_url": "http://zorrohunter.com/c/",
            "macs": [
                "00:1A:79:95:90:4F"
            ]
        },
        {
            "server_name": "new.ivue.co:25461",
            "server_url": "http://new.ivue.co:25461/c/",
            "macs": [
                "00:1A:79:16:46:97"
            ]
        },
        {
            "server_name": "glavonja.work:5115",
            "server_url": "http://glavonja.work:5115/c/",
            "macs": [
                "00:1A:79:75:C4:D0"
            ]
        },
        {
            "server_name": "eysantv.club:6464",
            "server_url": "http://eysantv.club:6464/c/",
            "macs": [
                "00:1A:79:00:C2:94"
            ]
        }
    ]
}