{
    "items": [
        {
            "server_name": "ln.tabox.in:24651",
            "server_url": "http://ln.tabox.in:24651/c/",
            "macs": [
                "00:1A:79:4E:70:85",
                "00:1A:79:6D:39:0B",
                "00:1A:79:77:C1:65"
            ]
        },
        {
            "server_name": "darknetiptv1.ddns.net:25461",
            "server_url": "http://darknetiptv1.ddns.net:25461/c/",
            "macs": [
                "00:1A:79:B8:4A:EE"
            ]
        },
        {
            "server_name": "mag.ukhd.tv",
            "server_url": "http://mag.ukhd.tv/c/",
            "macs": [
                "00:1A:79:19:4F:65",
                "00:1A:79:A9:2B:10"
            ]
        },
        {
            "server_name": "marvelhd.eu:8080",
            "server_url": "http://marvelhd.eu:8080/c/",
            "macs": [
                "00:1A:79:13:64:B0",
                "00:1A:79:2F:00:8C",
                "00:1A:79:3D:56:34",
                "00:1A:79:55:6C:3C",
                "00:1A:79:5A:0F:3B",
                "00:1A:79:71:CB:89",
                "00:1A:79:AB:AB:F3",
                "00:1A:79:B2:51:93"
            ]
        },
        {
            "server_name": "sonymax.org:8080",
            "server_url": "http://sonymax.org:8080/c/",
            "macs": [
                "00:1A:79:0A:65:77",
                "00:1A:79:53:A2:22",
                "00:1A:79:62:A2:E3",
                "00:1A:79:75:BC:B7",
                "00:1A:79:7B:DC:B6",
                "00:1A:79:9F:7A:03",
                "00:1A:79:DF:C6:21",
                "00:1A:79:F1:5D:23"
            ]
        },
        {
            "server_name": "zenlink.link",
            "server_url": "http://zenlink.link/c/",
            "macs": [
                "00:1A:79:A1:5F:40",
                "00:1A:79:A5:DB:D2",
                "00:1A:79:A9:EC:5E",
                "00:1A:79:AA:CC:0D",
                "00:1A:79:AE:56:1C",
                "00:1A:79:B0:93:26",
                "00:1A:79:B2:8B:92",
                "00:1A:79:B5:8A:06",
                "00:1A:79:B6:5A:A2",
                "00:1A:79:BA:0E:70",
                "00:1A:79:BB:8D:C1",
                "00:1A:79:BD:35:F7"
            ]
        },
        {
            "server_name": "one4alltech.net:8080",
            "server_url": "http://one4alltech.net:8080/c/",
            "macs": [
                "00:1A:79:A6:06:98"
            ]
        },
        {
            "server_name": "51.91.57.198",
            "server_url": "http://51.91.57.198/stalker_portal/c/",
            "macs": [
                "00:1A:79:68:8C:F7",
                "00:1A:79:6B:5D:79",
                "00:1A:79:72:04:31"
            ]
        },
        {
            "server_name": "flumine.cc",
            "server_url": "http://flumine.cc/stalker_portal/c/",
            "macs": [
                "00:1A:79:0F:9F:13",
                "00:1A:79:21:10:9A",
                "00:1A:79:B9:8C:87"
            ]
        },
        {
            "server_name": "vps-3ce939b5.vps.ovh.net",
            "server_url": "http://vps-3ce939b5.vps.ovh.net/stalker_portal/c/",
            "macs": [
                "00:1A:79:74:7C:BC"
            ]
        },
        {
            "server_name": "51.159.70.234",
            "server_url": "http://51.159.70.234/stalker_portal/c/",
            "macs": [
                "00:1A:79:24:7E:64",
                "00:1A:79:B1:51:52"
            ]
        },
        {
            "server_name": "89.45.13.220:8080",
            "server_url": "http://89.45.13.220:8080/c/",
            "macs": [
                "00:1A:79:07:BC:DA",
                "00:1A:79:08:42:14",
                "00:1A:79:08:42:1B",
                "00:1A:79:10:E1:2D"
            ]
        },
        {
            "server_name": "hdmiclub.online:8080",
            "server_url": "http://hdmiclub.online:8080/c/",
            "macs": [
                "00:1A:79:67:B7:61",
                "00:1A:79:6F:73:0C",
                "00:1A:79:AD:5A:E9",
                "00:1A:79:B7:89:4F",
                "00:1A:79:BB:C6:DB",
                "00:1A:79:BD:38:B0"
            ]
        },
        {
            "server_name": "185.243.7.154",
            "server_url": "http://185.243.7.154/c/",
            "macs": [
                "00:1A:79:C0:B3:1A"
            ]
        }
    ]
}