{
    "items": [
        {
            "server_name": "ip.paket.live:80",
            "server_url": "http://ip.paket.live:80/c/",
            "macs": [
                "00:1A:79:52:CE:1A"
            ]
        },
        {
            "server_name": "117tv.icu:8080",
            "server_url": "http://117tv.icu:8080/c/",
            "macs": [
                "00:1A:79:AD:D0:92",
                "00:1A:79:5F:4D:B9"
            ]
        },
        {
            "server_name": "coresys.dvrdns.org:25461",
            "server_url": "http://coresys.dvrdns.org:25461/c/",
            "macs": [
                "00:1A:79:8F:9F:76"
            ]
        },
        {
            "server_name": "line.premiumpowers.net:8000",
            "server_url": "http://line.premiumpowers.net:8000/c/",
            "macs": [
                "00:1A:79:67:5f:7e"
            ]
        },
        {
            "server_name": "portal.magic8kip.tv:80",
            "server_url": "http://portal.magic8kip.tv:80/c/",
            "macs": [
                "00:1A:79:37:E8:82"
            ]
        },
        {
            "server_name": "stb.iphd.tv",
            "server_url": "http://stb.iphd.tv/c/",
            "macs": [
                "00:1A:79:63:AD:BD"
            ]
        },
        {
            "server_name": "yedek.realiptv.org",
            "server_url": "http://yedek.realiptv.org/c/",
            "macs": [
                "00:1A:79:05:E0:C1"
            ]
        },
        {
            "server_name": "restream.globaltv1.net:8080",
            "server_url": "http://restream.globaltv1.net:8080/c/",
            "macs": [
                "00:1A:79:13:54:EF",
                "00:1A:79:08:4B:DE",
                "00:1A:79:4D:02:D9",
                "00:1A:79:10:E0:FD"
            ]
        },
        {
            "server_name": "cmjl.online:8080",
            "server_url": "http://cmjl.online:8080/c/",
            "macs": [
                "00:1A:79:7E:9A:A8",
                "00:1A:79:92:89:D9",
                "00:1A:79:55:24:B2",
                "00:1A:79:BD:B6:7C"
            ]
        },
        {
            "server_name": "proxym3u.watchtv.best",
            "server_url": "http://proxym3u.watchtv.best/c/",
            "macs": [
                "00:1A:79:04:8B:E2"
            ]
        },
        {
            "server_name": "185.243.7.51:80",
            "server_url": "http://185.243.7.51:80/c/",
            "macs": [
                "00:1A:79:7A:56:34",
                "00:1A:79:18:1F:1C",
                "00:1a:79:9a:44:15",
                "00:1A:79:2A:1F:A9",
                "00:1A:79:A2:B9:D3",
                "00:1A:79:0E:1C:C5",
                "00:1a:79:44:a8:c6",
                "00:1a:79:5d:6c:42",
                "00:1A:79:A5:2C:CD",
                "00:1A:79:a4:ca:47",
                "00:1a:79:02:fe:01",
                "00:1A:79:A0:E8:47",
                "00:1A:79:A1:90:9C",
                "00:1A:79:A1:A6:FD",
                "00:1A:79:A1:D5:F6",
                "00:1A:79:A2:6C:92",
                "00:1A:79:A2:C5:F8",
                "00:1A:79:A2:C8:99",
                "00:1A:79:A3:29:C2",
                "00:1A:79:A3:8B:8A",
                "00:1A:79:A3:C1:80",
                "00:1A:79:A3:C1:81",
                "00:1A:79:A3:C2:28",
                "00:1A:79:A3:D4:B1",
                "00:1A:79:A3:F3:FA",
                "00:1A:79:A3:F8:42",
                "00:1A:79:A4:48:1C"
            ]
        },
        {
            "server_name": "tv.zaintv.net",
            "server_url": "http://tv.zaintv.net/c/",
            "macs": [
                "00:1A:79:DD:6C:C1",
                "00:1A:79:B0:D5:AD",
                "00:1A:79:B5:46:6D"
            ]
        },
        {
            "server_name": "brokentv.rip:8080",
            "server_url": "http://brokentv.rip:8080/c/",
            "macs": [
                "00:1A:79:79:25:A2",
                "00:1A:79:7A:B4:0A",
                "00:1A:79:55:18:A9",
                "00:1A:79:2C:60:44",
                "00:1A:79:7E:27:17",
                "00:1A:79:ED:2A:1C",
                "00:1A:79:58:EC:A5",
                "00:1A:79:F7:A6:DC"
            ]
        },
        {
            "server_name": "94.130.136.116",
            "server_url": "http://94.130.136.116/stalker_portal/c/",
            "macs": [
                "00:1A:79:B8:4D:6A",
                "00:1A:79:94:18:BF",
                "00:1A:79:7E:78:B3",
                "00:1A:79:B8:4D:6A",
                "00:1A:79:94:18:BF",
                "00:1A:79:7E:78:B3"
            ]
        },
        {
            "server_name": "194.76.0.140",
            "server_url": "http://194.76.0.140/c/",
            "macs": [
                "00:1A:79:00:00:00"
            ]
        },
        {
            "server_name": "portal.galaxytv.biz",
            "server_url": "http://portal.galaxytv.biz/stalker_portal/c/",
            "macs": [
                "00:1A:79:7A:2C:C4",
                "00:1A:79:03:B9:B9",
                "00:1A:79:93:08:10"
            ]
        }
    ]
}