{
    "items": [
        {
            "server_name": "king4k.tv:80",
            "server_url": "http://king4k.tv:80/c/",
            "macs": [
                "00:1A:79:32:72:FB",
                "00:1A:79:74:72:9D",
                "00:1A:79:EC:74:FD"
            ]
        },
        {
            "server_name": "dreamsmart.me:8080",
            "server_url": "http://dreamsmart.me:8080/c/",
            "macs": [
                "00:1A:79:08:D0:C5",
                "00:1A:79:A4:9C:41",
                "00:1A:79:D2:29:19"
            ]
        },
        {
            "server_name": "invale.party",
            "server_url": "http://invale.party/c/",
            "macs": [
                "00:1A:79:BD:0B:97"
            ]
        },
        {
            "server_name": "buyspamtool.com:8080",
            "server_url": "http://buyspamtool.com:8080/c/",
            "macs": [
                "00:1A:79:6A:E8:BF"
            ]
        },
        {
            "server_name": "tvizle.nl:8080",
            "server_url": "http://tvizle.nl:8080/c/",
            "macs": [
                "00:1A:79:A1:31:17",
                "00:1A:79:BC:39:F1",
                "00:1A:79:BF:8F:34"
            ]
        },
        {
            "server_name": "tp.nxdns4.com:8080",
            "server_url": "http://tp.nxdns4.com:8080/c/",
            "macs": [
                "00:1A:79:90:0A:1B",
                "00:1A:79:B8:7C:9A"
            ]
        },
        {
            "server_name": "dhoom4u.me",
            "server_url": "http://dhoom4u.me/stalker_portal/c/",
            "macs": [
                "00:1A:79:6C:CE:5F"
            ]
        },
        {
            "server_name": "77.74.193.158:88",
            "server_url": "http://77.74.193.158:88/stalker_portal/c/",
            "macs": [
                "00:1A:79:D6:7D:56"
            ]
        },
        {
            "server_name": "mol-2.com:8080",
            "server_url": "http://mol-2.com:8080/c/",
            "macs": [
                "00:1A:79:19:0B:A2",
                "00:1A:79:40:7E:99",
                "00:1A:79:A3:B8:5A",
                "00:1A:79:B1:6A:F7",
                "00:1A:79:B2:2D:53",
                "00:1A:79:BB:1B:CC",
                "00:1A:79:BF:FC:AB"
            ]
        },
        {
            "server_name": "192.99.19.27:8000",
            "server_url": "http://192.99.19.27:8000/c/",
            "macs": [
                "00:1A:79:11:CD:54"
            ]
        },
        {
            "server_name": "line.iptveros.com:8000",
            "server_url": "http://line.iptveros.com:8000/c/",
            "macs": [
                "00:1A:79:2A:25:E0",
                "00:1A:79:32:C5:C6"
            ]
        },
        {
            "server_name": "89.45.13.153:25461",
            "server_url": "http://89.45.13.153:25461/c/",
            "macs": [
                "00:1A:79:26:21:23",
                "00:1A:79:57:8D:24"
            ]
        },
        {
            "server_name": "tv.trexiptv.com",
            "server_url": "http://tv.trexiptv.com/c/",
            "macs": [
                "00:1A:79:18:0F:17",
                "00:1A:79:19:44:C5",
                "00:1A:79:30:61:38",
                "00:1A:79:32:17:0A",
                "00:1A:79:52:FE:40",
                "00:1A:79:59:0F:57",
                "00:1A:79:90:39:F9",
                "00:1A:79:B1:51:48",
                "00:1A:79:B5:03:CD",
                "00:1A:79:BD:64:BE",
                "00:1A:79:C0:59:36",
                "00:1A:79:DE:2F:14",
                "00:1A:79:E0:01:0B",
                "00:1A:79:E5:38:D8",
                "00:1A:79:F0:C9:32",
                "00:1A:79:F5:25:5A",
                "00:1A:79:FC:0C:27"
            ]
        }
    ]
}