{
    "items": [
        {
            "server_name": "line.greatstar.me",
            "server_url": "http://line.greatstar.me/c/",
            "macs": [
                "00:1A:79:4F:2E:6C",
                "00:1A:79:59:73:08",
                "00:1A:79:B5:72:C6"
            ]
        },
        {
            "server_name": "magentalive.eu:8080",
            "server_url": "http://magentalive.eu:8080/c/",
            "macs": [
                "00:1A:79:63:FE:DD",
                "00:1A:79:CF:BB:25"
            ]
        },
        {
            "server_name": "fleximediatv.co.uk:8080",
            "server_url": "http://fleximediatv.co.uk:8080/c/",
            "macs": [
                "00:1A:79:40:35:54",
                "00:1A:79:40:EC:21",
                "00:1A:79:43:0D:58"
            ]
        },
        {
            "server_name": "fast.newdns.world",
            "server_url": "http://fast.newdns.world/c/",
            "macs": [
                "00:1A:79:80:0D:06"
            ]
        },
        {
            "server_name": "innovationdns.eu:80",
            "server_url": "http://innovationdns.eu:80/c/",
            "macs": [
                "00:1A:79:3D:54:83",
                "00:1A:79:73:76:E2",
                "00:1A:79:B5:AD:FE",
                "00:1A:79:C8:52:E5"
            ]
        },
        {
            "server_name": "162.19.37.133:8080",
            "server_url": "http://162.19.37.133:8080/c/",
            "macs": [
                "00:1A:79:C2:88:9E",
                "00:1A:79:FB:09:5D"
            ]
        },
        {
            "server_name": "darknetiptv1.ddns.net:25461",
            "server_url": "http://darknetiptv1.ddns.net:25461/c/",
            "macs": [
                "00:1A:79:98:F4:65"
            ]
        },
        {
            "server_name": "pointpython.streamtv.to:8080",
            "server_url": "http://pointpython.streamtv.to:8080/c/",
            "macs": [
                "00:1A:79:52:1A:19"
            ]
        },
        {
            "server_name": "optimus-tv.org:8080",
            "server_url": "http://optimus-tv.org:8080/c/",
            "macs": [
                "00:1A:79:08:4E:00",
                "00:1A:79:B5:27:0F"
            ]
        },
        {
            "server_name": "line.boom-ott.ru",
            "server_url": "http://line.boom-ott.ru/c/",
            "macs": [
                "00:1A:79:EB:CD:3B"
            ]
        },
        {
            "server_name": "mag.ukhd.tv",
            "server_url": "http://mag.ukhd.tv/c/",
            "macs": [
                "00:1A:79:23:1F:95",
                "00:1A:79:29:D6:F1",
                "00:1A:79:BF:BA:3A"
            ]
        },
        {
            "server_name": "mag.marsweb.co",
            "server_url": "http://mag.marsweb.co/c/",
            "macs": [
                "00:1A:79:50:C3:A0",
                "00:1A:79:66:4D:62",
                "00:1A:79:71:A5:65",
                "00:1A:79:74:A8:A1",
                "00:1A:79:7C:0D:47",
                "00:1A:79:CA:31:5F"
            ]
        },
        {
            "server_name": "new.jiotv.be",
            "server_url": "http://new.jiotv.be/stalker_portal/c/",
            "macs": [
                "00:1A:79:73:0F:5E"
            ]
        },
        {
            "server_name": "ya.trythisone.cc",
            "server_url": "http://ya.trythisone.cc/c/",
            "macs": [
                "00:1A:79:DC:EE:F7"
            ]
        }
    ]
}