{
    "items": [
        {
            "server_name": "line.clear-ocean.link:80",
            "server_url": "http://line.clear-ocean.link:80/c/",
            "macs": [
                "00:1A:79:30:1E:F9",
                "00:1A:79:30:22:C0",
                "00:1A:79:30:26:FE",
                "00:1A:79:30:34:31",
                "00:1A:79:30:36:32",
                "00:1A:79:30:48:35",
                "00:1A:79:30:4A:E9"
            ]
        },
        {
            "server_name": "livein1.com:2095",
            "server_url": "http://livein1.com:2095/c/",
            "macs": [
                "00:1A:79:30:0F:60",
                "00:1A:79:30:75:F1",
                "00:1A:79:31:49:FB",
                "00:1A:79:31:50:27"
            ]
        },
        {
            "server_name": "adamtv.xyz:80",
            "server_url": "http://adamtv.xyz:80/c/",
            "macs": [
                "00:1A:79:19:47:28",
                "00:1A:79:74:20:F3",
                "00:1A:79:A1:85:F6"
            ]
        },
        {
            "server_name": "dns.verlatv.org:80",
            "server_url": "http://dns.verlatv.org:80/c/",
            "macs": [
                "00:1A:79:19:47:28",
                "00:1A:79:25:5F:B8",
                "00:1A:79:74:20:F3",
                "00:1A:79:A1:85:F6",
                "00:1A:79:A1:A1:4A"
            ]
        },
        {
            "server_name": "line.iptvwings.com:80",
            "server_url": "http://line.iptvwings.com:80/c/",
            "macs": [
                "00:1A:79:20:02:00",
                "00:1A:79:20:02:54",
                "00:1A:79:20:03:1E"
            ]
        }
    ]
}