{
    "items": [
        {
            "server_name": "sony4k.vip:8000",
            "server_url": "http://sony4k.vip:8000/c/",
            "macs": [
                "00:1A:79:55:66:D6",
                "00:1A:79:C8:65:4D"
            ]
        },
        {
            "server_name": "breakfa5t.club:80",
            "server_url": "http://breakfa5t.club:80/c/",
            "macs": [
                "00:1A:79:C1:4E:6B",
                "00:1A:79:C6:68:05"
            ]
        },
        {
            "server_name": "cmjl.online:8080",
            "server_url": "http://cmjl.online:8080/c/",
            "macs": [
                "00:1A:79:60:28:64"
            ]
        },
        {
            "server_name": "bck.reddxc.com:80",
            "server_url": "http://bck.reddxc.com:80/c/",
            "macs": [
                "00:1A:79:03:5F:6F"
            ]
        },
        {
            "server_name": "102.129.200.19:80",
            "server_url": "http://102.129.200.19:80/c/",
            "macs": [
                "00:1A:79:39:03:1E",
                "00:1A:79:80:8E:DF",
                "00:1A:79:B3:FE:57"
            ]
        },
        {
            "server_name": "stalker.ugoiptv.com",
            "server_url": "http://stalker.ugoiptv.com/c/",
            "macs": [
                "00:1A:79:0E:BA:12",
                "00:1A:79:18:1C:56",
                "00:1A:79:24:3F:FC",
                "00:1A:79:58:C9:47",
                "00:1A:79:92:2F:4E",
                "00:1A:79:C0:0A:B2",
                "00:1A:79:C1:F8:57",
                "00:1A:79:D5:39:92",
                "00:1A:79:E5:23:48",
                "00:1A:79:ED:EB:3C"
            ]
        },
        {
            "server_name": "sharktv.alphatx.me",
            "server_url": "http://sharktv.alphatx.me/c/",
            "macs": [
                "00:1A:79:4B:A3:06",
                "00:1A:79:AC:24:BF",
                "00:1A:79:CC:2C:52"
            ]
        },
        {
            "server_name": "teckpro-lus.xyz:8080",
            "server_url": "http://teckpro-lus.xyz:8080/c/",
            "macs": [
                "00:1A:79:AE:9F:6C",
                "00:1A:79:B9:1F:EA",
                "00:1A:79:BA:A7:4C",
                "00:1A:79:C6:AE:F1",
                "00:1A:79:D0:09:A0"
            ]
        },
        {
            "server_name": "birutv.my.id",
            "server_url": "http://birutv.my.id/c/",
            "macs": [
                "00:1A:79:43:98:9A",
                "00:1A:79:C0:3F:CF"
            ]
        },
        {
            "server_name": "nicolaj.123tv.to:8080",
            "server_url": "http://nicolaj.123tv.to:8080/c/",
            "macs": [
                "00:1A:79:46:B5:F5",
                "00:1A:79:5E:BE:51"
            ]
        }
    ]
}