{
    "items": [
        {
            "server_name": "185.243.7.51",
            "server_url": "http://185.243.7.51/c/",
            "macs": [
                "00:1A:79:56:BC:76",
                "00:1A:79:78:A8:66",
                "00:1A:79:96:60:23",
                "00:1A:79:9C:57:83",
                "00:1A:79:E6:0B:8E",
                "00:1A:79:E6:F8:98"
            ]
        },
        {
            "server_name": "wiki-ott.org:8789",
            "server_url": "http://wiki-ott.org:8789/c/",
            "macs": [
                "00:1A:79:BA:2B:77"
            ]
        },
        {
            "server_name": "uhd3.one",
            "server_url": "http://uhd3.one/c/",
            "macs": [
                "00:1A:79:78:04:4E",
                "00:1A:79:81:71:44",
                "00:1A:79:A2:DF:88",
                "00:1A:79:AC:8F:16",
                "00:1A:79:C2:7F:E3",
                "00:1A:79:C3:72:34",
                "00:1A:79:C3:F6:24",
                "00:1A:79:C6:E7:5B",
                "00:1A:79:D0:30:8E",
                "00:1A:79:E8:00:41"
            ]
        },
        {
            "server_name": "catirtv.ddns.me:8080",
            "server_url": "http://catirtv.ddns.me:8080/c/",
            "macs": [
                "00:1A:79:B8:FE:38",
                "00:1A:79:BD:C5:AA"
            ]
        },
        {
            "server_name": "fast.newdns.world",
            "server_url": "http://fast.newdns.world/c/",
            "macs": [
                "00:1A:79:39:DE:88",
                "00:1A:79:45:95:80",
                "00:1A:79:45:A7:A4",
                "00:1A:79:5A:48:D8",
                "00:1A:79:5A:9D:6D",
                "00:1A:79:5E:2A:6F",
                "00:1A:79:5F:26:61",
                "00:1A:79:63:C3:61",
                "00:1A:79:64:62:10",
                "00:1A:79:6B:2F:C4",
                "00:1A:79:78:19:B0",
                "00:1A:79:83:E6:27",
                "00:1A:79:AE:A6:1B",
                "00:1A:79:B0:71:0D",
                "00:1A:79:BF:BC:27",
                "00:1A:79:C0:7D:0A",
                "00:1A:79:C3:12:23",
                "00:1A:79:C6:B1:E5",
                "00:1A:79:D4:C6:24",
                "00:1A:79:FD:53:7E"
            ]
        },
        {
            "server_name": "line.boom-ott.ru",
            "server_url": "http://line.boom-ott.ru/c/",
            "macs": [
                "00:1A:79:24:7F:2C",
                "00:1A:79:27:65:B2",
                "00:1A:79:2B:8A:1D",
                "00:1A:79:9D:6C:89",
                "00:1A:79:AC:57:19"
            ]
        },
        {
            "server_name": "mag.marsweb.co",
            "server_url": "http://mag.marsweb.co/c/",
            "macs": [
                "00:1A:79:0B:DA:C2",
                "00:1A:79:11:9B:30",
                "00:1A:79:1E:08:5C",
                "00:1A:79:7C:ED:87",
                "00:1A:79:7D:AE:AF",
                "00:1A:79:7D:CF:AE",
                "00:1A:79:8C:5E:E1",
                "00:1A:79:CC:42:F5",
                "00:1A:79:E7:50:E0"
            ]
        },
        {
            "server_name": "iup-tv.com:8080",
            "server_url": "http://iup-tv.com:8080/c/",
            "macs": [
                "00:1A:79:A9:D3:0F",
                "00:1A:79:AD:FE:DE"
            ]
        },
        {
            "server_name": "iptv.initv.de",
            "server_url": "http://iptv.initv.de/stalker_portal/c/",
            "macs": [
                "00:1A:79:6C:9F:61"
            ]
        },
        {
            "server_name": "hdmiclub.online:8080",
            "server_url": "http://hdmiclub.online:8080/c/",
            "macs": [
                "00:1A:79:AF:6D:EE",
                "00:1A:79:B5:A9:DF"
            ]
        }
    ]
}