{
    "items": [
        {
            "server_name": "mag.ugoiptv.com",
            "server_url": "http://mag.ugoiptv.com/c/",
            "macs": [
                "00:1A:79:17:14:29",
                "00:1A:79:B3:DD:BE",
                "00:1A:79:BF:EE:C7",
                "00:1A:79:B1:23:7F"
            ]
        },
        {
            "server_name": "zupanet.live:8080",
            "server_url": "http://zupanet.live:8080/c/",
            "macs": [
                "00:1A:79:6C:7C:5F",
                "00:1A:79:C4:43:27",
                "00:1A:79:AC:FE:0D",
                "00:1A:79:5D:01:F2",
                "00:1A:79:6B:A9:5F",
                "00:1A:79:F1:EA:BB",
                "00:1A:79:80:C8:BD",
                "00:1A:79:C7:4A:4B",
                "00:1A:79:32:62:02"
            ]
        },
        {
            "server_name": "stalker.klma2023.net:2082",
            "server_url": "http://stalker.klma2023.net:2082/c/",
            "macs": [
                "00:1A:79:60:7F:2A"
            ]
        },
        {
            "server_name": "134.119.176.239",
            "server_url": "http://134.119.176.239/stalker_portal/c/",
            "macs": [
                "00:1A:79:5D:22:A2"
            ]
        },
        {
            "server_name": "3.e27948.com",
            "server_url": "http://3.e27948.com/c/",
            "macs": [
                "00:1A:79:63:F1:DE",
                "00:1A:79:63:65:63",
                "00:1A:79:63:0A:43",
                "00:1A:79:63:C3:C9",
                "00:1A:79:63:94:A8"
            ]
        },
        {
            "server_name": "starshare.live:8080",
            "server_url": "http://starshare.live:8080/c/",
            "macs": [
                "00:1A:79:04:86:62"
            ]
        },
        {
            "server_name": "tv.zaintv.net:80",
            "server_url": "http://tv.zaintv.net:80/c/",
            "macs": [
                "00:1A:79:7D:51:11"
            ]
        },
        {
            "server_name": "yo.ikitv.site:8080",
            "server_url": "http://yo.ikitv.site:8080/c/",
            "macs": [
                "00:1A:79:AB:32:2B"
            ]
        },
        {
            "server_name": "577839.112421.net:2050",
            "server_url": "http://577839.112421.net:2050/c/",
            "macs": [
                "00:1A:79:34:5F:20",
                "00:1A:79:37:0F:13",
                "00:1A:79:2B:28:AE",
                "00:1A:79:31:5F:35",
                "00:1A:79:26:7F:76",
                "00:1A:79:50:4F:EA",
                "00:1A:79:2A:8F:C1",
                "00:1A:79:2C:3F:24",
                "00:1A:79:3E:02:01",
                "00:1A:79:D5:A4:E3",
                "00:1A:79:3E:4F:11",
                "00:1A:79:D8:6F:79",
                "00:1A:79:3E:5F:00",
                "00:1A:79:37:3F:23"
            ]
        },
        {
            "server_name": "bigcosford.com:8080",
            "server_url": "http://bigcosford.com:8080/c/",
            "macs": [
                "00:1A:79:62:D0:21",
                "00:1A:79:62:D2:22",
                "00:1A:79:62:DD:A2",
                "00:1A:79:62:E4:07",
                "00:1A:79:62:F8:6C",
                "00:1A:79:63:01:4B",
                "00:1A:79:63:30:32",
                "00:1A:79:63:36:40",
                "00:1A:79:63:37:65",
                "00:1A:79:63:38:33",
                "00:1A:79:63:39:39"
            ]
        },
        {
            "server_name": "200.26.188.39",
            "server_url": "http://200.26.188.39/c/",
            "macs": [
                "00:1A:79:E7:01:2E",
                "00:1A:79:52:C2:B5",
                "00:1A:79:DC:1F:C5",
                "00:1A:79:99:9B:C6",
                "00:1A:79:AB:6F:F1",
                "00:1A:79:5C:4A:6F"
            ]
        },
        {
            "server_name": "tv1.darktv.eu:80",
            "server_url": "http://tv1.darktv.eu:80/c/",
            "macs": [
                "00:1A:79:3d:08:7c"
            ]
        },
        {
            "server_name": "tr.simotvgold.com:80",
            "server_url": "http://tr.simotvgold.com:80/c/",
            "macs": [
                "00:1A:79:7b:bd:15",
                "00:1A:79:10:91:1b"
            ]
        },
        {
            "server_name": "neptun2022.pro:8080",
            "server_url": "http://neptun2022.pro:8080/c/",
            "macs": [
                "00:1A:79:90:6e:27",
                "00:1A:79:6a:6d:d8"
            ]
        },
        {
            "server_name": "tv1.darktv.eu",
            "server_url": "http://tv1.darktv.eu/c/",
            "macs": [
                "00:1A:79:C2:1F:E4"
            ]
        },
        {
            "server_name": "mag.trexlive.me",
            "server_url": "http://mag.trexlive.me/c/",
            "macs": [
                "00:1A:79:FB:39:E0",
                "00:1A:79:B8:74:BC",
                "00:1A:79:C6:98:4F",
                "00:1A:79:CA:81:5B",
                "00:1A:79:B5:4A:02",
                "00:1A:79:C7:E2:CC",
                "00:1A:79:C4:04:B7",
                "00:1A:79:BF:E8:AD",
                "00:1A:79:3A:0C:88",
                "00:1A:79:FB:06:C8",
                "00:1A:79:44:FB:09",
                "00:1A:79:23:42:20",
                "00:1A:79:FF:04:32",
                "00:1A:79:BC:BD:F3",
                "00:1A:79:53:FA:73",
                "00:1A:79:AF:1A:80",
                "00:1A:79:D5:06:B4",
                "00:1A:79:5B:F3:5C",
                "00:1A:79:CE:05:24",
                "00:1A:79:90:EF:40"
            ]
        },
        {
            "server_name": "kp76.dfqz.cc",
            "server_url": "http://kp76.dfqz.cc/c/",
            "macs": [
                "00:1A:79:E6:A3:1B",
                "00:1A:79:C8:FE:7A",
                "00:1A:79:97:C4:F0",
                "00:1A:79:F6:7A:D2",
                "00:1A:79:38:64:64",
                "00:1A:79:CC:7C:C8",
                "00:1A:79:BC:8C:9A",
                "00:1A:79:A9:7A:D2",
                "00:1A:79:03:8F:C9",
                "00:1A:79:C5:19:EE",
                "00:1A:79:C1:CB:41",
                "00:1A:79:3D:35:AD",
                "00:1A:79:97:2F:62",
                "00:1A:79:36:0B:A0",
                "00:1A:79:38:32:34",
                "00:1A:79:1D:9D:5B",
                "00:1A:79:6E:7C:02",
                "00:1A:79:F5:03:9C",
                "00:1A:79:C1:6F:80"
            ]
        },
        {
            "server_name": "tr.simotvgold.com",
            "server_url": "http://tr.simotvgold.com/c/",
            "macs": [
                "00:1A:79:8E:93:27"
            ]
        },
        {
            "server_name": "owltv.gentv.to:8080",
            "server_url": "http://owltv.gentv.to:8080/c/",
            "macs": [
                "00:1A:79:CB:A4:84",
                "00:1A:79:4C:C8:39",
                "00:1A:79:A1:A6:80",
                "00:1A:79:5F:DA:36",
                "00:1A:79:80:08:C0"
            ]
        },
        {
            "server_name": "www.funmitra.com:8080",
            "server_url": "http://www.funmitra.com:8080/c/",
            "macs": [
                "00:1A:79:22:0F:0C"
            ]
        },
        {
            "server_name": "193.176.244.25:8080",
            "server_url": "http://193.176.244.25:8080/c/",
            "macs": [
                "00:1A:79:08:8F:B1",
                "00:1A:79:49:7B:0B",
                "00:1A:79:5C:75:EE",
                "00:1A:79:AF:63:9F",
                "00:1A:79:3F:04:2C",
                "00:1A:79:2E:58:2D",
                "00:1A:79:4A:5A:BF",
                "00:1A:79:73:39:5E",
                "00:1A:79:32:76:F3",
                "00:1A:79:35:32:BE",
                "00:1A:79:6D:8C:CA",
                "00:1A:79:76:35:A9",
                "00:1A:79:20:4F:D1",
                "00:1A:79:71:4E:E1",
                "00:1A:79:7E:C3:91",
                "00:1A:79:6D:26:F9"
            ]
        },
        {
            "server_name": "connect-cf.proxytx.cloud",
            "server_url": "http://connect-cf.proxytx.cloud/c/",
            "macs": [
                "00:1A:79:90:AB:FB"
            ]
        },
        {
            "server_name": "212.129.8.69:80",
            "server_url": "http://212.129.8.69:80/stalker_portal/c/",
            "macs": [
                "00:1a:79:32:f7:ba",
                "00:1a:79:f5:0f:c2",
                "00:1a:79:98:a3:55",
                "00:1a:79:37:39:35"
            ]
        },
        {
            "server_name": "tv.cloudcdn.me",
            "server_url": "http://tv.cloudcdn.me/c/",
            "macs": [
                "00:1A:79:00:02:27"
            ]
        },
        {
            "server_name": "worldcupsaudi.info:80",
            "server_url": "http://worldcupsaudi.info:80/c/",
            "macs": [
                "00:1A:79:be:4e:4b"
            ]
        },
        {
            "server_name": "shit.4theloveofdogs.net:8000",
            "server_url": "http://shit.4theloveofdogs.net:8000/c/",
            "macs": [
                "00:1A:79:35:68:b7"
            ]
        },
        {
            "server_name": "line.clear-ocean.link:80",
            "server_url": "http://line.clear-ocean.link:80/c/",
            "macs": [
                "00:1A:79:57:e2:12",
                "00:1A:79:a1:af:c5"
            ]
        }
    ]
}