{
    "items": [
        {
            "server_name": "invale.parti",
            "server_url": "http://invale.parti/c/",
            "macs": [
                "00:1A:79:0B:9B:BC",
                "00:1A:79:40:8F:DD",
                "00:1A:79:43:9E:2D",
                "00:1A:79:58:10:1F",
                "00:1A:79:AD:9E:FC",
                "00:1A:79:B2:06:EB",
                "00:1A:79:B8:6E:5B"
            ]
        },
        {
            "server_name": "51.91.57.198",
            "server_url": "http://51.91.57.198/stalker_portal/c/",
            "macs": [
                "00:1A:79:33:30:35",
                "00:1A:79:4B:51:6C",
                "00:1A:79:53:68:A2",
                "00:1A:79:74:38:3B",
                "00:1A:79:79:13:D2"
            ]
        },
        {
            "server_name": "77.74.193.158:88",
            "server_url": "http://77.74.193.158:88/stalker_portal/c/",
            "macs": [
                "00:1A:79:0A:1D:1E",
                "00:1A:79:64:BC:E5",
                "00:1A:79:E1:F1:55"
            ]
        },
        {
            "server_name": "cbrlig.com:8080",
            "server_url": "http://cbrlig.com:8080/c/",
            "macs": [
                "00:1A:79:48:98:C4",
                "00:1A:79:56:99:7D",
                "00:1A:79:BD:4B:48"
            ]
        },
        {
            "server_name": "speed-gaz.xyz",
            "server_url": "http://speed-gaz.xyz/c/",
            "macs": [
                "00:1A:79:0A:EA:1B",
                "00:1A:79:A3:8B:10",
                "00:1A:79:A4:50:03",
                "00:1A:79:A7:B8:1A",
                "00:1A:79:AD:3E:E3",
                "00:1A:79:AD:AE:07",
                "00:1A:79:AE:AB:39",
                "00:1A:79:B5:59:64",
                "00:1A:79:BD:86:49",
                "00:1A:79:C5:BF:BF",
                "00:1A:79:C7:A8:FA",
                "00:1A:79:C8:27:95",
                "00:1A:79:CC:67:CE",
                "00:1A:79:CD:07:ED",
                "00:1A:79:D0:25:CB"
            ]
        },
        {
            "server_name": "51.159.70.234",
            "server_url": "http://51.159.70.234/stalker_portal/c/",
            "macs": [
                "00:1A:79:38:30:32",
                "00:1A:79:47:68:8A",
                "00:1A:79:5B:F4:F5",
                "00:1A:79:6A:93:6B",
                "00:1A:79:76:76:DF",
                "00:1A:79:79:19:9D",
                "00:1A:79:79:8A:4C",
                "00:1A:79:D5:08:6B"
            ]
        },
        {
            "server_name": "line.dino.ws",
            "server_url": "http://line.dino.ws/c/",
            "macs": [
                "00:1A:79:52:31:BC"
            ]
        },
        {
            "server_name": "jt-info.xyz",
            "server_url": "http://jt-info.xyz/c/",
            "macs": [
                "00:1A:79:D9:8F:10"
            ]
        },
        {
            "server_name": "owliptv.gentv.to:8080",
            "server_url": "http://owliptv.gentv.to:8080/c/",
            "macs": [
                "00:1A:79:D0:06:E7"
            ]
        },
        {
            "server_name": "23232.top",
            "server_url": "http://23232.top/c/",
            "macs": [
                "00:1A:79:14:89:7D",
                "00:1A:79:53:2F:C7",
                "00:1A:79:56:66:34",
                "00:1A:79:72:82:E1",
                "00:1A:79:B6:28:FC",
                "00:1A:79:BE:07:64",
                "00:1A:79:C1:3D:C7",
                "00:1A:79:C1:80:1D",
                "00:1A:79:C6:FD:53",
                "00:1A:79:E1:9C:C0",
                "00:1A:79:E5:E1:53"
            ]
        },
        {
            "server_name": "tvkijken.xyz:8080",
            "server_url": "http://tvkijken.xyz:8080/c/",
            "macs": [
                "00:1A:79:BC:91:87",
                "00:1A:79:C0:73:C8",
                "00:1A:79:C5:F8:8B",
                "00:1A:79:C6:BB:9A",
                "00:1A:79:D0:05:9E"
            ]
        },
        {
            "server_name": "fzahtv.com",
            "server_url": "http://fzahtv.com/c/",
            "macs": [
                "00:1A:79:03:39:9D",
                "00:1A:79:3F:F6:43",
                "00:1A:79:4A:CB:C8",
                "00:1A:79:5A:41:7D",
                "00:1A:79:66:45:CD",
                "00:1A:79:69:25:EE",
                "00:1A:79:6E:B3:EC",
                "00:1A:79:7E:BB:E3",
                "00:1A:79:A1:DC:62",
                "00:1A:79:B5:1B:C6",
                "00:1A:79:B9:98:B6",
                "00:1A:79:F5:00:BC"
            ]
        },
        {
            "server_name": "tvhouse.live",
            "server_url": "http://tvhouse.live/c/",
            "macs": [
                "00:1A:79:6D:60:F8",
                "00:1A:79:78:C5:D1",
                "00:1A:79:91:54:21",
                "00:1A:79:C1:6B:4C",
                "00:1A:79:D4:33:97"
            ]
        },
        {
            "server_name": "sonymax.org:8080",
            "server_url": "http://sonymax.org:8080/c/",
            "macs": [
                "00:1A:79:00:0C:FF",
                "00:1A:79:01:09:B5",
                "00:1A:79:01:CE:03",
                "00:1A:79:04:0F:05",
                "00:1A:79:06:9F:6B",
                "00:1A:79:1F:21:6A",
                "00:1A:79:2B:0E:97",
                "00:1A:79:31:FB:34",
                "00:1A:79:31:FC:C9",
                "00:1A:79:35:A3:34",
                "00:1A:79:38:22:74",
                "00:1A:79:3A:51:10",
                "00:1A:79:44:FD:8C",
                "00:1A:79:4C:B4:6F",
                "00:1A:79:4E:A8:03",
                "00:1A:79:57:7E:9E",
                "00:1A:79:A6:54:FF",
                "00:1A:79:AB:53:C0",
                "00:1A:79:AB:DD:E6",
                "00:1A:79:AC:D0:53"
            ]
        },
        {
            "server_name": "line.protv.cc:80",
            "server_url": "http://line.protv.cc:80/c/",
            "macs": [
                "00:1A:79:00:82:F6",
                "00:1A:79:00:E5:D2",
                "00:1A:79:05:54:43",
                "00:1A:79:0B:16:B3",
                "00:1A:79:0B:5A:23",
                "00:1A:79:0B:BC:19",
                "00:1A:79:0B:BC:27",
                "00:1A:79:0B:C5:9B",
                "00:1A:79:17:04:69",
                "00:1A:79:2A:23:30",
                "00:1A:79:2A:D7:E3",
                "00:1A:79:55:A0:20",
                "00:1A:79:57:14:11",
                "00:1A:79:57:DF:5B",
                "00:1A:79:5D:8E:8F",
                "00:1A:79:5D:91:03",
                "00:1A:79:80:D5:39",
                "00:1A:79:81:70:56",
                "00:1A:79:85:D8:AF",
                "00:1A:79:9D:AA:58",
                "00:1A:79:A1:A4:4F",
                "00:1A:79:A1:E0:E7",
                "00:1A:79:A1:EA:69",
                "00:1A:79:AC:03:63",
                "00:1A:79:AC:86:27"
            ]
        },
        {
            "server_name": "145.239.253.183",
            "server_url": "http://145.239.253.183/stalker_portal/c/",
            "macs": [
                "00:1A:79:73:11:B3",
                "00:1A:79:74:C6:03",
                "00:1A:79:7C:59:46",
                "00:1A:79:B4:48:3B"
            ]
        },
        {
            "server_name": "ph-info.xyz",
            "server_url": "http://ph-info.xyz/c/",
            "macs": [
                "00:1A:79:38:7B:5D"
            ]
        },
        {
            "server_name": "pal.alphatx.me",
            "server_url": "http://pal.alphatx.me/c/",
            "macs": [
                "00:1A:79:5A:7A:E3",
                "00:1A:79:AA:8C:51",
                "00:1A:79:BB:73:75",
                "00:1A:79:C1:06:88",
                "00:1A:79:C2:D4:70",
                "00:1A:79:C7:39:24",
                "00:1A:79:F2:04:17"
            ]
        }
    ]
}