{
    "items": [
        {
            "server_name": "mag.yo-ott.com",
            "server_url": "http://mag.yo-ott.com/c/",
            "macs": [
                "00:1A:79:40:0E:A4",
                "00:1A:79:40:31:CB"
            ]
        },
        {
            "server_name": "my.atgapp.net:80",
            "server_url": "http://my.atgapp.net:80/c/",
            "macs": [
                "00:1A:79:70:02:39"
            ]
        },
        {
            "server_name": "my.frequency.rocks",
            "server_url": "http://my.frequency.rocks/c/",
            "macs": [
                "00:1A:79:81:86:B3"
            ]
        },
        {
            "server_name": "magiptv.123tv.to:8080",
            "server_url": "http://magiptv.123tv.to:8080/c/",
            "macs": [
                "00:1A:79:F0:BB:B1",
                "00:1A:79:F0:D5:D8",
                "00:1A:79:F1:69:E3"
            ]
        },
        {
            "server_name": "promaxhd.com:8080",
            "server_url": "http://promaxhd.com:8080/c/",
            "macs": [
                "00:1A:79:01:2A:83",
                "00:1A:79:03:0C:6B",
                "00:1A:79:23:B6:EC",
                "00:1A:79:26:D9:33",
                "00:1A:79:5C:76:99",
                "00:1A:79:70:34:3E",
                "00:1A:79:BA:1E:87",
                "00:1A:79:BD:33:3E"
            ]
        },
        {
            "server_name": "fuego-iptv.net:8080",
            "server_url": "http://fuego-iptv.net:8080/c/",
            "macs": [
                "00:1A:79:63:3C:D2",
                "00:1A:79:7C:6F:88",
                "00:1A:79:B4:E7:43"
            ]
        },
        {
            "server_name": "bariporto.xyz:8080",
            "server_url": "http://bariporto.xyz:8080/c/",
            "macs": [
                "00:1A:79:97:00:57"
            ]
        },
        {
            "server_name": "bigcosford.com:8080",
            "server_url": "http://bigcosford.com:8080/c/",
            "macs": [
                "00:1A:79:61:C4:F0",
                "00:1A:79:61:EA:8A",
                "00:1A:79:61:EC:61",
                "00:1A:79:61:EF:E2",
                "00:1A:79:61:F6:5B"
            ]
        },
        {
            "server_name": "hyper.de1-eu.com:8000",
            "server_url": "http://hyper.de1-eu.com:8000/c/",
            "macs": [
                "00:1A:79:B7:61:54",
                "00:1A:79:BB:8C:8F"
            ]
        },
        {
            "server_name": "new.ivue.co:25461",
            "server_url": "http://new.ivue.co:25461/c/",
            "macs": [
                "00:1A:79:58:11:68",
                "00:1A:79:59:C2:C5",
                "00:1A:79:5C:87:23",
                "00:1A:79:63:E8:E2",
                "00:1A:79:70:E2:97",
                "00:1A:79:B8:48:3A",
                "00:1A:79:E5:73:56"
            ]
        },
        {
            "server_name": "pintassilgo.xyz:8080",
            "server_url": "http://pintassilgo.xyz:8080/c/",
            "macs": [
                "00:1A:79:51:19:E2",
                "00:1A:79:51:21:51",
                "00:1A:79:51:9C:7F"
            ]
        },
        {
            "server_name": "ottplus.ottpro2.org:8789",
            "server_url": "http://ottplus.ottpro2.org:8789/c/",
            "macs": [
                "00:1A:79:60:62:44",
                "00:1A:79:60:A3:72"
            ]
        },
        {
            "server_name": "ontheroadwego.xyz:8080",
            "server_url": "http://ontheroadwego.xyz:8080/c/",
            "macs": [
                "00:1A:79:40:1E:A3",
                "00:1A:79:40:21:F9",
                "00:1A:79:40:4B:30",
                "00:1A:79:40:4B:81",
                "00:1A:79:40:51:24",
                "00:1A:79:40:6B:F4",
                "00:1A:79:40:6F:4D",
                "00:1A:79:40:86:B2",
                "00:1A:79:41:0D:F7",
                "00:1A:79:41:24:23",
                "00:1A:79:41:25:CC"
            ]
        },
        {
            "server_name": "politab.xyz:80",
            "server_url": "http://politab.xyz:80/c/",
            "macs": [
                "00:1A:79:90:97:8E",
                "00:1A:79:90:9A:D1",
                "00:1A:79:90:A7:7A",
                "00:1A:79:90:F3:F7"
            ]
        },
        {
            "server_name": "ns31617126.ip-162-19-37.eu:8080",
            "server_url": "http://ns31617126.ip-162-19-37.eu:8080/c/",
            "macs": [
                "00:1A:79:4B:5F:D4",
                "00:1A:79:C5:D0:A1",
                "00:1A:79:C7:DE:E1",
                "00:1A:79:CA:FD:93",
                "00:1A:79:CE:3B:61",
                "00:1A:79:FB:27:55"
            ]
        },
        {
            "server_name": "mag.ukhd.tv",
            "server_url": "http://mag.ukhd.tv/c/",
            "macs": [
                "00:1A:79:19:87:75",
                "00:1A:79:62:41:7E",
                "00:1A:79:68:9D:1D",
                "00:1A:79:75:F5:CD",
                "00:1A:79:83:6F:A7",
                "00:1A:79:84:27:01",
                "00:1A:79:A3:11:D8",
                "00:1A:79:A3:14:01",
                "00:1A:79:AF:9F:EA"
            ]
        },
        {
            "server_name": "line.protv.cc",
            "server_url": "http://line.protv.cc/c/",
            "macs": [
                "00:1A:79:54:6F:34"
            ]
        },
        {
            "server_name": "1234up.com:8080",
            "server_url": "http://1234up.com:8080/c/",
            "macs": [
                "00:1A:79:1A:BE:CF",
                "00:1A:79:50:4B:50",
                "00:1A:79:54:76:A4",
                "00:1A:79:AA:EA:91",
                "00:1A:79:AD:DF:99",
                "00:1A:79:AE:9B:72",
                "00:1A:79:BE:6F:A2",
                "00:1A:79:BE:88:03",
                "00:1A:79:C7:D5:BE",
                "00:1A:79:CC:58:D5",
                "00:1A:79:CD:FB:8A",
                "00:1A:79:D0:EC:C7",
                "00:1A:79:F7:E2:30",
                "00:1A:79:FB:2E:69"
            ]
        },
        {
            "server_name": "stalker.ugoiptv.com:80",
            "server_url": "http://stalker.ugoiptv.com:80/c/",
            "macs": [
                "00:1A:79:14:14:4A",
                "00:1A:79:17:1C:86",
                "00:1A:79:35:FF:49",
                "00:1A:79:38:C1:FE",
                "00:1A:79:41:5B:7A",
                "00:1A:79:43:99:C6",
                "00:1A:79:57:61:38",
                "00:1A:79:7D:D2:5F",
                "00:1A:79:97:6F:5E",
                "00:1A:79:AD:DA:6A",
                "00:1A:79:B4:A1:D1",
                "00:1A:79:C1:8E:E2",
                "00:1A:79:EA:AF:5F"
            ]
        },
        {
            "server_name": "wtc05.mi20.cc",
            "server_url": "http://wtc05.mi20.cc/stalker_portal/c/",
            "macs": [
                "00:1A:79:51:8B:73",
                "00:1A:79:62:BB:3D",
                "00:1A:79:64:F7:33",
                "00:1A:79:74:0C:CD",
                "00:1A:79:74:F5:B8",
                "00:1A:79:7A:6F:C8"
            ]
        },
        {
            "server_name": "tv.cloudcdn.me",
            "server_url": "http://tv.cloudcdn.me/c/",
            "macs": [
                "00:1A:79:03:ED:4F",
                "00:1A:79:B7:2F:EA",
                "00:1A:79:CC:56:3B"
            ]
        },
        {
            "server_name": "proxym3u.watchtv.best",
            "server_url": "http://proxym3u.watchtv.best/c/",
            "macs": [
                "00:1A:79:42:F7:4D"
            ]
        },
        {
            "server_name": "mutant.arrox.top",
            "server_url": "http://mutant.arrox.top/c/",
            "macs": [
                "00:1A:79:00:0A:08",
                "00:1A:79:04:ED:5B",
                "00:1A:79:06:C2:1D",
                "00:1A:79:CD:2F:3E"
            ]
        },
        {
            "server_name": "s1.pluton-pro.com",
            "server_url": "http://s1.pluton-pro.com/c/",
            "macs": [
                "00:1A:79:06:4A:6F"
            ]
        },
        {
            "server_name": "89.45.13.220:8080",
            "server_url": "http://89.45.13.220:8080/c/",
            "macs": [
                "00:1A:79:08:EA:85"
            ]
        },
        {
            "server_name": "k7uit0otb.ddnsking.com:80",
            "server_url": "http://k7uit0otb.ddnsking.com:80/c/",
            "macs": [
                "00:1A:79:1C:10:9B",
                "00:1A:79:24:35:CF",
                "00:1A:79:55:57:F2",
                "00:1A:79:5A:E4:0F",
                "00:1A:79:7B:F7:13",
                "00:1A:79:8E:AA:C5",
                "00:1A:79:AD:52:54",
                "00:1A:79:B0:56:AE",
                "00:1A:79:B0:B3:7A",
                "00:1A:79:B1:B8:C7",
                "00:1A:79:ED:CB:58"
            ]
        },
        {
            "server_name": "asdsadasdsdaasdffsdfdffgh.diatunnel.link:80",
            "server_url": "http://asdsadasdsdaasdffsdfdffgh.diatunnel.link:80/c/",
            "macs": [
                "00:1A:79:17:2A:CE",
                "00:1A:79:19:43:F0",
                "00:1A:79:36:E4:FC",
                "00:1A:79:3A:A6:08",
                "00:1A:79:47:77:A6",
                "00:1A:79:4F:6D:6E",
                "00:1A:79:4F:6E:4A",
                "00:1A:79:5F:6E:D1",
                "00:1A:79:6F:1F:17",
                "00:1A:79:6F:76:6A",
                "00:1A:79:7D:6B:AE",
                "00:1A:79:89:C3:FF"
            ]
        },
        {
            "server_name": "77.74.193.158:88",
            "server_url": "http://77.74.193.158:88/stalker_portal/c/",
            "macs": [
                "00:1A:79:37:34:39",
                "00:1A:79:38:64:15",
                "00:1A:79:59:B4:F8",
                "00:1A:79:65:D2:1A",
                "00:1A:79:67:92:CD",
                "00:1A:79:B3:EA:81"
            ]
        },
        {
            "server_name": "too4youall.net:8080",
            "server_url": "http://too4youall.net:8080/c/",
            "macs": [
                "00:1A:79:C7:A8:E8"
            ]
        },
        {
            "server_name": "spacextv.live:8080",
            "server_url": "http://spacextv.live:8080/c/",
            "macs": [
                "00:1A:79:05:D7:97",
                "00:1A:79:07:BF:51",
                "00:1A:79:77:03:02"
            ]
        },
        {
            "server_name": "owliptv.gentv.to:8080",
            "server_url": "http://owliptv.gentv.to:8080/c/",
            "macs": [
                "00:1A:79:43:06:9F",
                "00:1A:79:67:48:F7",
                "00:1A:79:A5:B0:D1"
            ]
        },
        {
            "server_name": "vip2102.112421.net:2050",
            "server_url": "http://vip2102.112421.net:2050/c/",
            "macs": [
                "00:1A:79:C9:DA:99"
            ]
        },
        {
            "server_name": "23232.top",
            "server_url": "http://23232.top/c/",
            "macs": [
                "00:1A:79:05:D2:82",
                "00:1A:79:A4:85:98",
                "00:1A:79:D1:9C:F1"
            ]
        },
        {
            "server_name": "apksmart.dino.ws",
            "server_url": "http://apksmart.dino.ws/c/",
            "macs": [
                "00:1A:79:2F:09:C5",
                "00:1A:79:4A:2C:42",
                "00:1A:79:73:18:52",
                "00:1A:79:F5:4A:79"
            ]
        }
    ]
}