{
    "items": [
        {
            "server_name": "hd-max.org:8080",
            "server_url": "http://hd-max.org:8080/c/",
            "macs": [
                "00:1A:79:31:12:F5",
                "00:1A:79:31:E9:4A",
                "00:1A:79:3E:5F:FA",
                "00:1A:79:3F:02:4D",
                "00:1A:79:48:68:6B",
                "00:1A:79:49:BB:F1",
                "00:1A:79:4D:06:95",
                "00:1A:79:4E:9C:27"
            ]
        },
        {
            "server_name": "mol-2.com:8080",
            "server_url": "http://mol-2.com:8080/c/",
            "macs": [
                "00:1A:79:22:1C:43",
                "00:1A:79:A7:D7:F1",
                "00:1A:79:AC:FB:A8",
                "00:1A:79:AD:0E:3F",
                "00:1A:79:AD:E7:0A",
                "00:1A:79:B1:65:7D",
                "00:1A:79:B3:CE:EB",
                "00:1A:79:B4:37:53",
                "00:1A:79:B5:07:8F",
                "00:1A:79:B7:10:2F",
                "00:1A:79:B7:33:B8",
                "00:1A:79:B9:D3:18",
                "00:1A:79:BA:37:0F",
                "00:1A:79:BA:89:CC",
                "00:1A:79:BC:22:4E",
                "00:1A:79:BC:D1:10",
                "00:1A:79:BC:F7:8F",
                "00:1A:79:BD:05:E3",
                "00:1A:79:BF:A0:E9",
                "00:1A:79:C2:83:47",
                "00:1A:79:C2:8B:A9",
                "00:1A:79:C3:B0:A9",
                "00:1A:79:C3:B5:7A",
                "00:1A:79:C4:68:E6"
            ]
        },
        {
            "server_name": "tv1.darktv.eu",
            "server_url": "http://tv1.darktv.eu/c/",
            "macs": [
                "00:1A:79:0E:F7:5D",
                "00:1A:79:17:1E:54",
                "00:1A:79:19:2F:8F",
                "00:1A:79:24:03:0C",
                "00:1A:79:27:3F:7F",
                "00:1A:79:2C:0F:E6",
                "00:1A:79:3D:22:0F",
                "00:1A:79:54:45:51",
                "00:1A:79:5D:48:45",
                "00:1A:79:5E:04:E1",
                "00:1A:79:73:2F:93",
                "00:1A:79:7C:48:C9",
                "00:1A:79:90:1D:39",
                "00:1A:79:95:FE:8E",
                "00:1A:79:A4:0F:63",
                "00:1A:79:A7:7F:56",
                "00:1A:79:AB:5E:EC",
                "00:1A:79:BB:32:DF",
                "00:1A:79:C3:1D:24",
                "00:1A:79:D4:1F:AB"
            ]
        }
    ]
}