{
    "items": [
        {
            "server_name": "tv1.darktv.eu",
            "server_url": "http://tv1.darktv.eu/c/",
            "macs": [
                "00:1A:79:1A:01:E2",
                "00:1A:79:4B:EE:78",
                "00:1A:79:CA:2F:AA",
                "00:1A:79:C7:9F:06",
                "00:1A:79:45:98:DB",
                "00:1A:79:64:01:B4",
                "00:1A:79:25:5F:FC",
                "00:1A:79:40:AC:A2",
                "00:1A:79:67:85:90",
                "00:1A:79:E1:13:5C",
                "00:1A:79:6A:6C:6B",
                "00:1A:79:2B:0A:96",
                "00:1A:79:41:F7:CD",
                "00:1A:79:20:BD:00",
                "00:1A:79:4C:BE:E5",
                "00:1A:79:A4:CD:2D",
                "00:1A:79:30:7F:C3",
                "00:1A:79:14:5F:1F"
            ]
        },
        {
            "server_name": "typhoonott.com:8789",
            "server_url": "http://typhoonott.com:8789/c/",
            "macs": [
                "00:1A:79:00:00:02"
            ]
        },
        {
            "server_name": "pdata.ddns.me:8080",
            "server_url": "http://pdata.ddns.me:8080/c/",
            "macs": [
                "00:1a:79:c4:5c:a4"
            ]
        },
        {
            "server_name": "streamcode.one:2082",
            "server_url": "http://streamcode.one:2082/c/",
            "macs": [
                "00:1A:79:7E:69:FE",
                "00:1A:79:4F:1C:1A",
                "00:1A:79:6E:7A:64"
            ]
        },
        {
            "server_name": "162.19.37.133:8080",
            "server_url": "http://162.19.37.133:8080/c/",
            "macs": [
                "00:1A:79:A9:D3:AA"
            ]
        },
        {
            "server_name": "dani80.xyz:8080",
            "server_url": "http://dani80.xyz:8080/c/",
            "macs": [
                "00:1A:79:40:35:DC",
                "00:1A:79:40:35:46",
                "00:1A:79:40:30:EC",
                "00:1A:79:40:0E:62"
            ]
        }
    ]
}