{
    "items": [
        {
            "server_name": "185.235.165.69:80",
            "server_url": "http://185.235.165.69:80/c/",
            "macs": [
                "00:1A:79:39:F3:A4"
            ]
        },
        {
            "server_name": "gtvstreams.me:80",
            "server_url": "http://gtvstreams.me:80/c/",
            "macs": [
                "00:1A:79:AF:62:0E",
                "00:1A:79:C6:E6:2B"
            ]
        },
        {
            "server_name": "tv.trexiptv.com:80",
            "server_url": "http://tv.trexiptv.com:80/c/",
            "macs": [
                "00:1A:79:00:AA:0E",
                "00:1A:79:55:66:77",
                "00:1A:79:7B:7B:8C",
                "00:1A:79:FF:08:0D"
            ]
        },
        {
            "server_name": "redson.xyz:3800",
            "server_url": "http://redson.xyz:3800/c/",
            "macs": [
                "00:1A:79:40:DF:E2",
                "00:1A:79:85:FD:8C",
                "00:1A:79:B5:C9:76",
                "00:1A:79:C1:B0:64",
                "00:1A:79:D2:28:04"
            ]
        },
        {
            "server_name": "optimus-tv.org:8080",
            "server_url": "http://optimus-tv.org:8080/c/",
            "macs": [
                "00:1A:79:07:BA:FD",
                "00:1A:79:BF:A2:ED"
            ]
        },
        {
            "server_name": "typhoonott.com:8789",
            "server_url": "http://typhoonott.com:8789/c/",
            "macs": [
                "00:1A:79:35:62:35",
                "00:1A:79:43:F5:FC",
                "00:1A:79:5D:97:CB",
                "00:1A:79:8F:25:C9",
                "00:1A:79:AD:84:96"
            ]
        }
    ]
}