{
    "items": [
        {
            "server_name": "185.243.7.154",
            "server_url": "http://185.243.7.154/c/",
            "macs": [
                "00:1A:79:00:10:63",
                "00:1A:79:7A:6F:C7"
            ]
        },
        {
            "server_name": "innovationdns.eu",
            "server_url": "http://innovationdns.eu/c/",
            "macs": [
                "00:1A:79:BF:E8:AD",
                "00:1A:79:BC:BD:F3",
                "00:1A:79:53:FA:73"
            ]
        },
        {
            "server_name": "185.182.193.203:25461",
            "server_url": "http://185.182.193.203:25461/c/",
            "macs": [
                "00:1A:79:63:96:22"
            ]
        },
        {
            "server_name": "45.134.200.67",
            "server_url": "http://45.134.200.67/stalker_portal/c/",
            "macs": [
                "00:1A:79:40:50:AE"
            ]
        },
        {
            "server_name": "185.243.7.151",
            "server_url": "http://185.243.7.151/c/",
            "macs": [
                "00:1A:79:59:97:9C",
                "00:1A:79:3C:CA:F5",
                "00:1a:79:36:B2:90",
                "00:1A:79:19:10:07"
            ]
        },
        {
            "server_name": "cf.akm-px.me",
            "server_url": "http://cf.akm-px.me/c/",
            "macs": [
                "00:1A:79:79:17:B7"
            ]
        },
        {
            "server_name": "jt-info.xyz",
            "server_url": "http://jt-info.xyz/c/",
            "macs": [
                "00:1A:79:73:E9:EC",
                "00:1A:79:4A:43:90",
                "00:1A:79:75:1A:68",
                "00:1A:79:C1:F7:FD",
                "00:1A:79:B4:85:A8"
            ]
        },
        {
            "server_name": "deltago.ddns.net",
            "server_url": "http://deltago.ddns.net/c/",
            "macs": [
                "00:1A:79:54:95:a7"
            ]
        },
        {
            "server_name": "brokentv.rip:8080",
            "server_url": "http://brokentv.rip:8080/c/",
            "macs": [
                "00:1a:79:bf:c3:ec"
            ]
        },
        {
            "server_name": "ss.2665.ninja:8080",
            "server_url": "http://ss.2665.ninja:8080/c/",
            "macs": [
                "00:1a:79:5d:9c:d8"
            ]
        },
        {
            "server_name": "185.235.165.10",
            "server_url": "http://185.235.165.10/c/",
            "macs": [
                "00:1A:79:35:F3:D9"
            ]
        },
        {
            "server_name": "185.236.228.180:8080",
            "server_url": "http://185.236.228.180:8080/c/",
            "macs": [
                "00:1A:79:AD:4D:B6",
                "00:1A:79:B6:9A:C5"
            ]
        },
        {
            "server_name": "152.89.62.76:8880",
            "server_url": "http://152.89.62.76:8880/c/",
            "macs": [
                "00:1A:79:AF:1C:C2"
            ]
        },
        {
            "server_name": "iconott.life:80",
            "server_url": "http://iconott.life:80/c/",
            "macs": [
                "00:1A:79:B5:47:84"
            ]
        },
        {
            "server_name": "45.139.122.199:8080",
            "server_url": "http://45.139.122.199:8080/c/",
            "macs": [
                "00:1A:79:B6:D9:83",
                "00:1A:79:C6:F7:16",
                "00:1A:79:B4:4A:8F",
                "00:1A:79:BA:9B:A5",
                "00:1A:79:54:07:EC",
                "00:1A:79:63:34:37",
                "00:1A:79:BB:F1:F3",
                "00:1A:79:BD:C7:F7",
                "00:1A:79:51:1E:87",
                "00:1A:79:EF:30:D2",
                "00:1A:79:B4:57:66",
                "00:1A:79:BF:B8:F2",
                "00:1A:79:4E:19:BF",
                "00:1A:79:CB:74:65",
                "00:1A:79:AD:5A:09",
                "00:1A:79:5B:8C:6C",
                "00:1A:79:C0:93:4A",
                "00:1A:79:B4:4B:D1",
                "00:1A:79:BA:61:AC",
                "00:1A:79:AB:99:DB",
                "00:1A:79:A3:0D:F7",
                "00:1A:79:BA:18:AB",
                "00:1A:79:C4:60:CA"
            ]
        },
        {
            "server_name": "vod.4kplus.org",
            "server_url": "http://vod.4kplus.org/c/",
            "macs": [
                "00:1a:79:90:10:11",
                "00:1a:79:1c:3f:62",
                "00:1a:79:25:8d:f9"
            ]
        },
        {
            "server_name": "neptun2022.pro:8080",
            "server_url": "http://neptun2022.pro:8080/c/",
            "macs": [
                "00:1a:79:2c:95:58",
                "00:1a:79:bd:79:3c"
            ]
        }
    ]
}