{
    "items": [
        {
            "server_name": "tp.nxdns4.com:8080",
            "server_url": "http://tp.nxdns4.com:8080/c/",
            "macs": [
                "00:1A:79:1C:33:6E",
                "00:1A:79:20:0F:2F",
                "00:1A:79:20:1F:0D",
                "00:1A:79:20:1F:1B",
                "00:1A:79:20:3F:58",
                "00:1A:79:20:3F:67",
                "00:1A:79:20:3F:6A",
                "00:1A:79:20:3F:89",
                "00:1A:79:20:3F:9C",
                "00:1A:79:2E:F3:78",
                "00:1A:79:4A:E5:A1",
                "00:1A:79:62:33:31",
                "00:1A:79:63:9B:68",
                "00:1A:79:76:DA:0C",
                "00:1A:79:81:33:E2",
                "00:1A:79:D5:BA:65",
                "00:1A:79:D9:AA:96",
                "00:1A:79:E6:F6:9D"
            ]
        },
        {
            "server_name": "mag.ukhd.tv",
            "server_url": "http://mag.ukhd.tv/c/",
            "macs": [
                "00:1A:79:FA:41:75"
            ]
        },
        {
            "server_name": "iptv.darkbox.nu",
            "server_url": "http://iptv.darkbox.nu/c/",
            "macs": [
                "00:1A:79:0E:26:4E",
                "00:1A:79:21:02:C8",
                "00:1A:79:27:0F:86",
                "00:1A:79:28:0F:31",
                "00:1A:79:2E:36:23",
                "00:1A:79:2E:36:9D",
                "00:1A:79:33:F3:3D",
                "00:1A:79:3E:CF:67",
                "00:1A:79:45:50:A8",
                "00:1A:79:4E:B1:B6",
                "00:1A:79:4F:8C:6A",
                "00:1A:79:5F:22:C7",
                "00:1A:79:60:4D:6D",
                "00:1A:79:61:5F:3E",
                "00:1A:79:66:0B:E4",
                "00:1A:79:68:F1:B7",
                "00:1A:79:70:ED:E6",
                "00:1A:79:71:73:D5",
                "00:1A:79:82:FA:D1",
                "00:1A:79:84:E6:B1",
                "00:1A:79:A3:DB:DE",
                "00:1A:79:A4:0F:63",
                "00:1A:79:A5:97:B0",
                "00:1A:79:A6:F9:74",
                "00:1A:79:AA:6A:1D",
                "00:1A:79:BD:7B:3A",
                "00:1A:79:BF:9F:02",
                "00:1A:79:C5:91:72",
                "00:1A:79:D7:3F:62"
            ]
        },
        {
            "server_name": "owliptv.gentv.to:8080",
            "server_url": "http://owliptv.gentv.to:8080/c/",
            "macs": [
                "00:1A:79:30:64:63",
                "00:1A:79:A4:CE:90",
                "00:1A:79:AB:49:9A"
            ]
        },
        {
            "server_name": "bosst.net:80",
            "server_url": "http://bosst.net:80/c/",
            "macs": [
                "00:1A:79:41:0F:1C"
            ]
        },
        {
            "server_name": "boss.zengplus.xyz:80",
            "server_url": "http://boss.zengplus.xyz:80/c/",
            "macs": [
                "00:1A:79:36:B1:60"
            ]
        },
        {
            "server_name": "red.onlvip.com:80",
            "server_url": "http://red.onlvip.com:80/c/",
            "macs": [
                "00:1A:79:AB:B3:90"
            ]
        },
        {
            "server_name": "sonymax.org:8080",
            "server_url": "http://sonymax.org:8080/c/",
            "macs": [
                "00:1A:79:12:DD:AB",
                "00:1A:79:20:D4:DD",
                "00:1A:79:37:19:10",
                "00:1A:79:43:82:61",
                "00:1A:79:44:44:94",
                "00:1A:79:5D:9B:A3",
                "00:1A:79:6B:C8:AE",
                "00:1A:79:72:9A:BB",
                "00:1A:79:7C:6F:76",
                "00:1A:79:91:D3:94",
                "00:1A:79:A1:36:62",
                "00:1A:79:AC:C3:0A",
                "00:1A:79:F5:0B:8F"
            ]
        },
        {
            "server_name": "hdmiclub.online:8080",
            "server_url": "http://hdmiclub.online:8080/c/",
            "macs": [
                "00:1A:79:A9:F3:E4",
                "00:1A:79:AD:42:BE",
                "00:1A:79:B7:8B:76",
                "00:1A:79:BD:6A:80",
                "00:1A:79:BD:75:1F",
                "00:1A:79:C4:33:F6",
                "00:1A:79:CC:2E:69"
            ]
        },
        {
            "server_name": "ns31617126.ip-162-19-37.eu:8080",
            "server_url": "http://ns31617126.ip-162-19-37.eu:8080/c/",
            "macs": [
                "00:1A:79:19:3C:08",
                "00:1A:79:19:46:7C",
                "00:1A:79:72:28:F9",
                "00:1A:79:A9:C1:9B",
                "00:1A:79:BE:51:E4",
                "00:1A:79:C8:7F:B1",
                "00:1A:79:CB:03:14"
            ]
        },
        {
            "server_name": "cf.8k.hair",
            "server_url": "http://cf.8k.hair/c/",
            "macs": [
                "00:1A:79:18:0C:C3",
                "00:1A:79:36:31:62",
                "00:1A:79:58:92:ED",
                "00:1A:79:5F:1C:F3",
                "00:1A:79:78:62:08",
                "00:1A:79:7A:32:BD",
                "00:1A:79:7E:10:7F",
                "00:1A:79:E6:18:31"
            ]
        },
        {
            "server_name": "mag.king-4k.cc",
            "server_url": "http://mag.king-4k.cc/c/",
            "macs": [
                "00:1A:79:02:2F:D9",
                "00:1A:79:04:FB:57",
                "00:1A:79:17:01:63",
                "00:1A:79:1F:8F:9F",
                "00:1A:79:2F:35:D0",
                "00:1A:79:46:75:BB",
                "00:1A:79:47:46:5C",
                "00:1A:79:4C:5A:E0",
                "00:1A:79:51:EB:20",
                "00:1A:79:62:BB:52",
                "00:1A:79:71:13:E9",
                "00:1A:79:74:9B:A7",
                "00:1A:79:77:8E:29",
                "00:1A:79:7A:FB:63",
                "00:1A:79:A5:23:F6",
                "00:1A:79:B4:F0:4F",
                "00:1A:79:BB:DE:E5",
                "00:1A:79:BF:E9:96",
                "00:1A:79:C3:2F:7F",
                "00:1A:79:C5:41:98",
                "00:1A:79:FA:04:E7"
            ]
        },
        {
            "server_name": "laurenlending.pproxy.cc",
            "server_url": "http://laurenlending.pproxy.cc/c/",
            "macs": [
                "00:1A:79:29:FD:7C"
            ]
        },
        {
            "server_name": "30198-puppy.ott-cdn.me",
            "server_url": "http://30198-puppy.ott-cdn.me/c/",
            "macs": [
                "00:1A:79:26:7F:C4"
            ]
        },
        {
            "server_name": "royal.rfdte99.com",
            "server_url": "http://royal.rfdte99.com/c/",
            "macs": [
                "00:1A:79:A1:FD:45"
            ]
        },
        {
            "server_name": "mypaste.fun.gentv.to:8080",
            "server_url": "http://mypaste.fun.gentv.to:8080/c/",
            "macs": [
                "00:1A:79:E0:1F:21"
            ]
        },
        {
            "server_name": "neroiptv.xyz:8080",
            "server_url": "http://neroiptv.xyz:8080/c/",
            "macs": [
                "00:1A:79:B5:56:C5"
            ]
        },
        {
            "server_name": "xp1.tv",
            "server_url": "http://xp1.tv/c/",
            "macs": [
                "00:1A:79:A1:31:CB"
            ]
        },
        {
            "server_name": "162.19.37.133:8080",
            "server_url": "http://162.19.37.133:8080/c/",
            "macs": [
                "00:1A:79:4E:0C:BB",
                "00:1A:79:B1:03:8E",
                "00:1A:79:B2:73:ED",
                "00:1A:79:BE:71:3C",
                "00:1A:79:C2:83:48",
                "00:1A:79:C3:55:DD",
                "00:1A:79:C3:BD:03",
                "00:1A:79:C5:C6:99",
                "00:1A:79:C7:76:F4",
                "00:1A:79:C8:21:E3",
                "00:1A:79:D0:DB:53",
                "00:1A:79:FB:18:71",
                "00:1A:79:FB:1B:CC",
                "00:1A:79:FB:3D:F2",
                "00:1A:79:FB:56:F6"
            ]
        },
        {
            "server_name": "onfireboxtv.com",
            "server_url": "http://onfireboxtv.com/c/",
            "macs": [
                "00:1A:79:A6:52:D7",
                "00:1A:79:AC:1B:FB"
            ]
        },
        {
            "server_name": "typhoonott.com:8789",
            "server_url": "http://typhoonott.com:8789/c/",
            "macs": [
                "00:1A:79:02:4E:24",
                "00:1A:79:36:1D:59",
                "00:1A:79:4E:DF:2F",
                "00:1A:79:6B:D7:AE",
                "00:1A:79:71:52:90",
                "00:1A:79:A1:5F:DE"
            ]
        },
        {
            "server_name": "skipcf.cwdn.cx",
            "server_url": "http://skipcf.cwdn.cx/c/",
            "macs": [
                "00:1A:79:54:68:90"
            ]
        },
        {
            "server_name": "193.176.244.25:8080",
            "server_url": "http://193.176.244.25:8080/c/",
            "macs": [
                "00:1A:79:05:ED:A7"
            ]
        },
        {
            "server_name": "pro.maxhd.eu:8080",
            "server_url": "http://pro.maxhd.eu:8080/c/",
            "macs": [
                "00:1A:79:36:6F:E8"
            ]
        },
        {
            "server_name": "scorpioniptv.com:2052",
            "server_url": "http://scorpioniptv.com:2052/c/",
            "macs": [
                "00:1A:79:FC:9F:06"
            ]
        },
        {
            "server_name": "darktv.eu:80",
            "server_url": "http://darktv.eu:80/c/",
            "macs": [
                "00:1A:79:90:C3:F1"
            ]
        },
        {
            "server_name": "adoiptv.com:8080",
            "server_url": "http://adoiptv.com:8080/c/",
            "macs": [
                "00:1A:79:46:1C:45",
                "00:1A:79:63:78:E0"
            ]
        },
        {
            "server_name": "mtiede.one:8080",
            "server_url": "http://mtiede.one:8080/c/",
            "macs": [
                "00:1A:79:9F:DC:38"
            ]
        },
        {
            "server_name": "102.129.200.19",
            "server_url": "http://102.129.200.19/c/",
            "macs": [
                "00:1A:79:39:03:1E",
                "00:1A:79:80:8E:DF",
                "00:1A:79:B3:FE:57"
            ]
        },
        {
            "server_name": "stb5.rucolor.tv",
            "server_url": "http://stb5.rucolor.tv/stalker_portal/c/",
            "macs": [
                "00:1A:79:65:28:1A",
                "00:1A:79:7A:0C:AD"
            ]
        },
        {
            "server_name": "portal.iptvnorge.xyz:8080",
            "server_url": "http://portal.iptvnorge.xyz:8080/c/",
            "macs": [
                "00:1A:79:BA:61:28"
            ]
        },
        {
            "server_name": "tv.greatstar.me",
            "server_url": "http://tv.greatstar.me/c/",
            "macs": [
                "00:1A:79:05:A4:1F",
                "00:1A:79:2E:89:A9",
                "00:1A:79:37:A7:85",
                "00:1A:79:68:8B:DF",
                "00:1A:79:6F:97:FB",
                "00:1A:79:73:B8:DA",
                "00:1A:79:79:C0:3D",
                "00:1A:79:8C:01:B3",
                "00:1A:79:AF:06:1B",
                "00:1A:79:B7:B5:A2",
                "00:1A:79:D6:A0:E4"
            ]
        },
        {
            "server_name": "mag.marsweb.co",
            "server_url": "http://mag.marsweb.co/c/",
            "macs": [
                "00:1A:79:C3:5E:62",
                "00:1A:79:C6:5E:88"
            ]
        },
        {
            "server_name": "mag.premiumplus.tv",
            "server_url": "http://mag.premiumplus.tv/c/",
            "macs": [
                "00:1A:79:A5:2C:24",
                "00:1A:79:CC:1E:6C"
            ]
        },
        {
            "server_name": "line.dino.ws",
            "server_url": "http://line.dino.ws/c/",
            "macs": [
                "00:1A:79:12:4D:08",
                "00:1A:79:63:38:64",
                "00:1A:79:79:35:AB",
                "00:1A:79:8D:93:77"
            ]
        },
        {
            "server_name": "speed-gaz.xyz",
            "server_url": "http://speed-gaz.xyz/c/",
            "macs": [
                "00:1A:79:AF:7A:4E",
                "00:1A:79:C1:E0:30"
            ]
        },
        {
            "server_name": "hellas.sltv.pw:8080",
            "server_url": "http://hellas.sltv.pw:8080/c/",
            "macs": [
                "00:1A:79:01:70:93",
                "00:1A:79:0E:C3:6D",
                "00:1A:79:2A:D2:9F",
                "00:1A:79:3F:AC:47",
                "00:1A:79:47:73:DC"
            ]
        },
        {
            "server_name": "mag.greatott.me",
            "server_url": "http://mag.greatott.me/c/",
            "macs": [
                "00:1A:79:32:C6:8D"
            ]
        },
        {
            "server_name": "jt-info.xyz",
            "server_url": "http://jt-info.xyz/c/",
            "macs": [
                "00:1A:79:65:C2:21"
            ]
        }
    ]
}