{
    "items": [
        {
            "server_name": "darktv.eu:25461",
            "server_url": "http://darktv.eu:25461/c/",
            "macs": [
                "00:1A:79:19:1D:2D",
                "00:1A:79:24:4F:E7",
                "00:1A:79:30:7F:21",
                "00:1A:79:80:83:DF",
                "00:1A:79:A1:75:69"
            ]
        },
        {
            "server_name": "live.exodus-1.rocks:80",
            "server_url": "http://live.exodus-1.rocks:80/c/",
            "macs": [
                "00:1A:79:32:AE:98",
                "00:1A:79:35:34:09",
                "00:1A:79:35:A4:8F",
                "00:1A:79:36:B0:00"
            ]
        },
        {
            "server_name": "162.19.37.133:8080",
            "server_url": "http://162.19.37.133:8080/c/",
            "macs": [
                "00:1A:79:64:37:5F"
            ]
        },
        {
            "server_name": "one.d4k4u.com:8080",
            "server_url": "http://one.d4k4u.com:8080/c/",
            "macs": [
                "00:1A:79:57:A3:1B",
                "00:1A:79:A1:96:0B"
            ]
        },
        {
            "server_name": "zepequeno.xyz:8080",
            "server_url": "http://zepequeno.xyz:8080/c/",
            "macs": [
                "00:1A:79:0B:BF:31",
                "00:1A:79:40:8D:C9",
                "00:1A:79:BE:90:13",
                "00:1A:79:BF:78:25"
            ]
        },
        {
            "server_name": "ya.trythisone.cc:80",
            "server_url": "http://ya.trythisone.cc:80/c/",
            "macs": [
                "00:1A:79:5F:DD:AF",
                "00:1A:79:BF:8F:DC"
            ]
        },
        {
            "server_name": "portal.geniptv.123tv.to:8080",
            "server_url": "http://portal.geniptv.123tv.to:8080/c/",
            "macs": [
                "00:1A:79:26:5D:B2",
                "00:1A:79:68:F7:AB",
                "00:1A:79:B0:C3:B3",
                "00:1A:79:B2:71:D0",
                "00:1A:79:C4:2B:07",
                "00:1A:79:D5:8F:92"
            ]
        },
        {
            "server_name": "zupanet.live:8080",
            "server_url": "http://zupanet.live:8080/c/",
            "macs": [
                "00:1A:79:1C:0F:12"
            ]
        },
        {
            "server_name": "stalker.ugoiptv.com",
            "server_url": "http://stalker.ugoiptv.com/c/",
            "macs": [
                "00:1A:79:BB:C2:96",
                "00:1A:79:C7:37:CA"
            ]
        },
        {
            "server_name": "eurotuga.xyz",
            "server_url": "http://eurotuga.xyz/c/",
            "macs": [
                "00:1A:79:BE:83:5D"
            ]
        },
        {
            "server_name": "medotv.nl:8000",
            "server_url": "http://medotv.nl:8000/c/",
            "macs": [
                "00:1A:79:DE:FE:2B"
            ]
        }
    ]
}