{
    "items": [
        {
            "server_name": "mag.ukhd.tv:80",
            "server_url": "http://mag.ukhd.tv:80/c/",
            "macs": [
                "00:1A:79:0E:5F:88",
                "00:1A:79:11:0F:65",
                "00:1A:79:11:2F:55",
                "00:1A:79:11:0F:DC",
                "00:1A:79:11:4F:31"
            ]
        },
        {
            "server_name": "2a2b2.com:80",
            "server_url": "http://2a2b2.com:80/c/",
            "macs": [
                "00:1A:79:19:2f:6a"
            ]
        },
        {
            "server_name": "iptvpro.vision-new.org:8789",
            "server_url": "http://iptvpro.vision-new.org:8789/c/",
            "macs": [
                "00:1A:79:a1:61:6f",
                "00:1A:79:1b:3f:1a"
            ]
        },
        {
            "server_name": "main.light-ott.net:80",
            "server_url": "http://main.light-ott.net:80/c/",
            "macs": [
                "00:1A:79:00:00:00"
            ]
        },
        {
            "server_name": "ggddnss2.com:8080",
            "server_url": "http://ggddnss2.com:8080/c/",
            "macs": [
                "00:1A:79:a7:2f:d8"
            ]
        },
        {
            "server_name": "medotv.nl:8000",
            "server_url": "http://medotv.nl:8000/c/",
            "macs": [
                "00:1A:79:40:33:A4"
            ]
        },
        {
            "server_name": "fultv.sytes.net:8080",
            "server_url": "http://fultv.sytes.net:8080/c/",
            "macs": [
                "00:1A:79:2D:38:95"
            ]
        },
        {
            "server_name": "185.243.7.154",
            "server_url": "http://185.243.7.154/c/",
            "macs": [
                "00:1A:79:C7:E2:B2",
                "00:1A:79:31:38:44",
                "00:1A:79:AB:F5:77",
                "00:1A:79:A9:CB:56",
                "00:1A:79:C0:31:CD",
                "00:1A:79:84:E2:8D",
                "00:1A:79:A7:51:3D",
                "00:1A:79:34:38:30"
            ]
        },
        {
            "server_name": "dream4k.org:8080",
            "server_url": "http://dream4k.org:8080/c/",
            "macs": [
                "00:1A:79:50:13:EE"
            ]
        }
    ]
}