{
    "items": [
        {
            "server_name": "fultv.sytes.net:8080",
            "server_url": "http://fultv.sytes.net:8080/c/",
            "macs": [
                "00:1A:79:5C:A3:57",
                "00:1A:79:D0:E3:3E",
                "00:1A:79:02:22:4D",
                "00:1A:79:F5:02:10",
                "00:1A:79:7C:6D:62",
                "00:1A:79:97:DE:3C",
                "00:1A:79:2D:79:58",
                "00:1A:79:B5:45:65",
                "00:1A:79:27:A3:19"
            ]
        },
        {
            "server_name": "89.45.13.220:8080",
            "server_url": "http://89.45.13.220:8080/c/",
            "macs": [
                "00:1A:79:13:59:A4",
                "00:1A:79:07:C4:A6",
                "00:1A:79:AF:37:41"
            ]
        }
    ]
}