{
    "items": [
        {
            "server_name": "powerip.be:8000",
            "server_url": "http://powerip.be:8000/c/",
            "macs": [
                "00:1A:79:03:42:51",
                "00:1A:79:1D:59:B1",
                "00:1A:79:28:95:EC",
                "00:1A:79:7D:71:1E",
                "00:1A:79:A3:A3:F6",
                "00:1A:79:B5:95:1B",
                "00:1A:79:B6:21:AE",
                "00:1A:79:C3:92:74",
                "00:1A:79:F5:48:36",
                "00:1A:79:FC:D1:FB"
            ]
        },
        {
            "server_name": "mag.ukhd.tv",
            "server_url": "http://mag.ukhd.tv/c/",
            "macs": [
                "00:1A:79:19:42:BD",
                "00:1A:79:25:91:76",
                "00:1A:79:2D:1F:B3",
                "00:1A:79:46:B4:5C",
                "00:1A:79:76:0A:F6",
                "00:1A:79:AF:36:8B",
                "00:1A:79:BE:0F:21",
                "00:1A:79:D4:B8:5F",
                "00:1A:79:D5:4F:B2",
                "00:1A:79:EF:14:80",
                "00:1A:79:F2:5C:CC"
            ]
        },
        {
            "server_name": "roxs.xyz",
            "server_url": "http://roxs.xyz/c/",
            "macs": [
                "00:1A:79:17:2A:B6"
            ]
        },
        {
            "server_name": "xpro.one-iptv.com:25443",
            "server_url": "http://xpro.one-iptv.com:25443/c/",
            "macs": [
                "00:1A:79:50:6F:85"
            ]
        },
        {
            "server_name": "datacentar.org:80",
            "server_url": "http://datacentar.org:80/c/",
            "macs": [
                "00:1A:79:2F:83:C1"
            ]
        },
        {
            "server_name": "esuniptvstream.com:88",
            "server_url": "http://esuniptvstream.com:88/c/",
            "macs": [
                "00:1A:79:4C:EB:E5"
            ]
        },
        {
            "server_name": "iptvch2.com",
            "server_url": "http://iptvch2.com/c/",
            "macs": [
                "00:1A:79:05:1B:53",
                "00:1A:79:06:D3:51",
                "00:1A:79:38:30:C4",
                "00:1A:79:3B:0F:F2",
                "00:1A:79:57:1F:B8"
            ]
        },
        {
            "server_name": "p2.iptvprivateserver.ru",
            "server_url": "http://p2.iptvprivateserver.ru/c/",
            "macs": [
                "00:1A:79:30:C0:0B",
                "00:1A:79:4C:FA:A5",
                "00:1A:79:52:72:DD",
                "00:1A:79:63:FC:82",
                "00:1A:79:65:27:83",
                "00:1A:79:75:DE:BE",
                "00:1A:79:A4:DD:D7",
                "00:1A:79:AF:27:DD",
                "00:1A:79:B4:F6:66",
                "00:1A:79:D5:7E:C4",
                "00:1A:79:D6:6D:27",
                "00:1A:79:F0:17:16"
            ]
        },
        {
            "server_name": "vod.4kplus.org",
            "server_url": "http://vod.4kplus.org/c/",
            "macs": [
                "00:1A:79:32:0F:C2",
                "00:1A:79:34:2F:46",
                "00:1A:79:A4:3F:71"
            ]
        }
    ]
}