{
    "items": [
        {
            "server_name": "zenlink.link",
            "server_url": "http://zenlink.link/c/",
            "macs": [
                "00:1A:79:A1:5F:40",
                "00:1A:79:A5:DB:D2",
                "00:1A:79:A9:EC:5E",
                "00:1A:79:AA:CC:0D",
                "00:1A:79:AE:56:1C",
                "00:1A:79:B0:93:26",
                "00:1A:79:B2:8B:92",
                "00:1A:79:B5:8A:06",
                "00:1A:79:B6:5A:A2",
                "00:1A:79:BA:0E:70",
                "00:1A:79:BB:8D:C1",
                "00:1A:79:BD:35:F7"
            ]
        },
        {
            "server_name": "51.91.57.198",
            "server_url": "http://51.91.57.198/stalker_portal/c/",
            "macs": [
                "00:1A:79:0F:1A:10",
                "00:1A:79:20:FF:75",
                "00:1A:79:25:FA:F9",
                "00:1A:79:2B:C0:18",
                "00:1A:79:2D:86:58",
                "00:1A:79:2F:BF:4D",
                "00:1A:79:32:5F:E5",
                "00:1A:79:32:5F:EA",
                "00:1A:79:32:61:BB",
                "00:1A:79:33:50:B5",
                "00:1A:79:35:37:A5",
                "00:1A:79:36:B9:84",
                "00:1A:79:36:BF:E9",
                "00:1A:79:38:15:FF",
                "00:1A:79:38:63:37",
                "00:1A:79:3E:D6:2C",
                "00:1A:79:3E:D7:57"
            ]
        },
        {
            "server_name": "pdata.ddns.me:8080",
            "server_url": "http://pdata.ddns.me:8080/c/",
            "macs": [
                "00:1A:79:71:5F:73",
                "00:1A:79:BF:72:C3",
                "00:1A:79:CC:18:C0"
            ]
        },
        {
            "server_name": "balkanika.club:2082",
            "server_url": "http://balkanika.club:2082/c/",
            "macs": [
                "00:1A:79:38:3E:0A"
            ]
        },
        {
            "server_name": "brutus.biz:2082",
            "server_url": "http://brutus.biz:2082/c/",
            "macs": [
                "00:1A:79:38:3E:0A"
            ]
        },
        {
            "server_name": "sf.bleutv.net:8080",
            "server_url": "http://sf.bleutv.net:8080/c/",
            "macs": [
                "00:1A:79:C4:4F:6C"
            ]
        },
        {
            "server_name": "2a2b2.com",
            "server_url": "http://2a2b2.com/c/",
            "macs": [
                "00:1A:79:05:F5:69",
                "00:1A:79:0A:5F:9B",
                "00:1A:79:2B:8F:B6",
                "00:1A:79:5D:E8:D3",
                "00:1A:79:A3:A3:F2",
                "00:1A:79:BE:3F:A5",
                "00:1A:79:DE:9F:C6"
            ]
        },
        {
            "server_name": "giptv94.lol:8789",
            "server_url": "http://giptv94.lol:8789/c/",
            "macs": [
                "00:1A:79:00:00:01",
                "00:1A:79:55:68:2A",
                "00:1A:79:59:4A:39",
                "00:1A:79:7A:A5:23"
            ]
        },
        {
            "server_name": "123jk.tv:80",
            "server_url": "http://123jk.tv:80/c/",
            "macs": [
                "00:1A:79:24:71:52",
                "00:1A:79:3D:AA:97",
                "00:1A:79:3E:AD:B7",
                "00:1A:79:4C:69:E6",
                "00:1A:79:4C:7D:C5",
                "00:1A:79:55:22:60",
                "00:1A:79:70:B7:36",
                "00:1A:79:97:AD:CD",
                "00:1A:79:B4:45:D9",
                "00:1A:79:D0:87:77",
                "00:1A:79:E6:C7:27",
                "00:1A:79:E6:CE:5E",
                "00:1A:79:F0:AA:B3"
            ]
        },
        {
            "server_name": "mag.diamondtv.one",
            "server_url": "http://mag.diamondtv.one/c/",
            "macs": [
                "00:1A:79:74:7F:24"
            ]
        },
        {
            "server_name": "portal.wisp.cat",
            "server_url": "http://portal.wisp.cat/stalker_portal/c/",
            "macs": [
                "00:1A:79:A8:D9:68"
            ]
        },
        {
            "server_name": "vodofun.tv",
            "server_url": "http://vodofun.tv/stalker_portal/c/",
            "macs": [
                "00:1A:79:2A:64:60",
                "00:1A:79:34:5D:2F",
                "00:1A:79:45:82:74"
            ]
        },
        {
            "server_name": "imajlive.com:8080",
            "server_url": "http://imajlive.com:8080/c/",
            "macs": [
                "00:1A:79:07:C2:AA",
                "00:1A:79:41:74:6C",
                "00:1A:79:F5:2E:07"
            ]
        },
        {
            "server_name": "142.44.214.50",
            "server_url": "http://142.44.214.50/stalker_portal/c/",
            "macs": [
                "00:1A:79:14:0A:FC",
                "00:1A:79:18:36:73",
                "00:1A:79:28:D7:A1",
                "00:1A:79:30:42:83"
            ]
        },
        {
            "server_name": "matrix-ott.tv:8080",
            "server_url": "http://matrix-ott.tv:8080/c/",
            "macs": [
                "00:1A:79:00:0E:F0",
                "00:1A:79:00:39:F8",
                "00:1A:79:00:4F:E1",
                "00:1A:79:0B:63:8A",
                "00:1A:79:2A:1C:21",
                "00:1A:79:41:7B:FF",
                "00:1A:79:57:51:F5",
                "00:1A:79:57:9F:04",
                "00:1A:79:57:9F:55",
                "00:1A:79:57:A5:A3",
                "00:1A:79:57:CB:5B",
                "00:1A:79:5D:8B:53",
                "00:1A:79:AC:FA:EB",
                "00:1A:79:BD:E3:C8",
                "00:1A:79:EE:82:CA"
            ]
        },
        {
            "server_name": "149.56.23.36",
            "server_url": "http://149.56.23.36/stalker_portal/c/",
            "macs": [
                "00:1A:79:0B:3B:15",
                "00:1A:79:0B:3B:67",
                "00:1A:79:0B:3E:47",
                "00:1A:79:0B:3F:83",
                "00:1A:79:0B:40:9F",
                "00:1A:79:0B:4C:99",
                "00:1A:79:0B:64:53",
                "00:1A:79:0B:64:61",
                "00:1A:79:0B:6F:25",
                "00:1A:79:0B:73:79",
                "00:1A:79:15:31:21",
                "00:1A:79:15:76:C8",
                "00:1A:79:15:79:99",
                "00:1A:79:1C:F0:6B",
                "00:1A:79:24:28:D6",
                "00:1A:79:24:31:9A",
                "00:1A:79:24:D4:49",
                "00:1A:79:25:03:D3",
                "00:1A:79:25:91:78",
                "00:1A:79:25:A9:E1",
                "00:1A:79:28:E8:BE",
                "00:1A:79:2B:E8:EE",
                "00:1A:79:2D:12:5C",
                "00:1A:79:2D:3F:7F",
                "00:1A:79:2D:40:D4",
                "00:1A:79:2D:73:92",
                "00:1A:79:2D:75:8E",
                "00:1A:79:2D:78:D5",
                "00:1A:79:2D:7E:04",
                "00:1A:79:2D:D3:70",
                "00:1A:79:2E:CB:A2",
                "00:1A:79:2E:CB:AB",
                "00:1A:79:2F:8B:A0",
                "00:1A:79:30:BB:0C",
                "00:1A:79:38:C3:F3",
                "00:1A:79:38:EF:07",
                "00:1A:79:39:0D:C3",
                "00:1A:79:3A:55:75",
                "00:1A:79:3B:70:D3",
                "00:1A:79:3D:B6:C5",
                "00:1A:79:3E:A0:51",
                "00:1A:79:3F:9D:EF"
            ]
        }
    ]
}