{
    "items": [
        {
            "server_name": "promaxhd.com:8080",
            "server_url": "http://promaxhd.com:8080/c/",
            "macs": [
                "00:1a:79:b2:58:15",
                "00:1a:79:b6:57:6b",
                "00:1a:79:bb:40:e5",
                "00:1a:79:ab:62:5e",
                "00:1a:79:ab:67:dc",
                "00:1a:79:be:07:81"
            ]
        },
        {
            "server_name": "royallivetv.club",
            "server_url": "http://royallivetv.club/c/",
            "macs": [
                "00:1a:79:a5:2d:4a"
            ]
        },
        {
            "server_name": "ss.2665.ninja:8080",
            "server_url": "http://ss.2665.ninja:8080/c/",
            "macs": [
                "00:1a:79:4e:8d:c8"
            ]
        },
        {
            "server_name": "poyraz67.com:8080",
            "server_url": "http://poyraz67.com:8080/c/",
            "macs": [
                "00:1a:79:35:a8:5b"
            ]
        },
        {
            "server_name": "iboxs.club",
            "server_url": "http://iboxs.club/c/",
            "macs": [
                "00:1a:79:b4:6c:1c",
                "00:1a:79:ae:3a:d4"
            ]
        },
        {
            "server_name": "scorpioniptv.com:2052",
            "server_url": "http://scorpioniptv.com:2052/c/",
            "macs": [
                "00:1A:79:00:00:01"
            ]
        },
        {
            "server_name": "mag.premiumplus.tv:80",
            "server_url": "http://mag.premiumplus.tv:80/c/",
            "macs": [
                "00:1A:79:be:fd:a8"
            ]
        },
        {
            "server_name": "naples.alternate.ovh",
            "server_url": "http://naples.alternate.ovh/c/",
            "macs": [
                "00:1A:79:65:71:0a"
            ]
        },
        {
            "server_name": "aleminkrali.xyz:8080",
            "server_url": "http://aleminkrali.xyz:8080/c/",
            "macs": [
                "00:2A:01:90:EB:26"
            ]
        },
        {
            "server_name": "line.greatstar.me",
            "server_url": "http://line.greatstar.me/c/",
            "macs": [
                "00:1A:79:5E:C9:86",
                "00:1A:79:CC:54:44",
                "00:1A:79:75:22:49",
                "00:1A:79:22:03:E4"
            ]
        }
    ]
}