{
    "items": [
        {
            "server_name": "tv.psmarters.xyz:8080",
            "server_url": "http://tv.psmarters.xyz:8080/c/",
            "macs": [
                "00:1A:79:10:E0:F1",
                "00:1A:79:10:E2:1F",
                "00:1A:79:10:E0:FD",
                "00:1A:79:10:E2:25",
                "00:1A:79:10:E1:2D",
                "00:1A:79:10:E2:2B",
                "00:1A:79:10:E1:33",
                "00:1A:79:10:E1:C5",
                "00:1A:79:10:D9:82",
                "00:1A:79:10:DF:18",
                "00:1A:79:10:E0:1E",
                "00:1A:79:10:DF:72",
                "00:1A:79:10:E2:28",
                "00:1A:79:10:E0:6E",
                "00:1A:79:10:E2:70",
                "00:1A:79:10:D9:73",
                "00:1A:79:10:E0:F8",
                "00:1A:79:10:E2:C6",
                "00:1A:79:10:DE:A7",
                "00:1A:79:10:DB:03"
            ]
        },
        {
            "server_name": "line.iptveros.com:8000",
            "server_url": "http://line.iptveros.com:8000/c/",
            "macs": [
                "00:1A:79:7B:79:C2"
            ]
        },
        {
            "server_name": "restream.globaltv1.net:8080",
            "server_url": "http://restream.globaltv1.net:8080/c/",
            "macs": [
                "00:1A:79:14:E3:85",
                "00:1A:79:C1:A0:E6",
                "00:1A:79:08:46:3B",
                "00:1A:79:A1:83:3B"
            ]
        },
        {
            "server_name": "web2021.biz:8080",
            "server_url": "http://web2021.biz:8080/c/",
            "macs": [
                "00:1A:79:5F:2C:3B",
                "00:1A:79:4E:A4:C4"
            ]
        },
        {
            "server_name": "117tv.icu:8080",
            "server_url": "http://117tv.icu:8080/c/",
            "macs": [
                "00:1A:79:AA:10:2A"
            ]
        },
        {
            "server_name": "tv.psmarters.xyz:8080",
            "server_url": "http://tv.psmarters.xyz:8080/c/",
            "macs": [
                "00:1A:79:10:DE:A7"
            ]
        },
        {
            "server_name": "wiki-ott.org:8789",
            "server_url": "http://wiki-ott.org:8789/c/",
            "macs": [
                "00:1A:79:3D:5C:6F",
                "00:1A:79:A5:40:70",
                "00:1A:79:23:7A:F4",
                "00:1A:79:70:68:3F",
                "00:1A:79:94:21:A0",
                "00:1A:79:A4:58:03",
                "00:1A:79:5E:F3:6F",
                "00:1A:79:98:97:56",
                "00:1A:79:7A:42:12",
                "00:1A:79:05:A3:28",
                "00:1A:79:6A:AC:A5",
                "00:1A:79:5B:E4:DE",
                "00:1A:79:26:19:56",
                "00:1A:79:75:37:46",
                "00:1A:79:B3:D3:1A",
                "00:1A:79:3A:A6:15",
                "00:1A:79:49:D8:9A",
                "00:1A:79:A1:35:DB",
                "00:1A:79:DE:0F:2C",
                "00:1A:79:08:54:32"
            ]
        },
        {
            "server_name": "tv.psmarters.xyz:8080",
            "server_url": "http://tv.psmarters.xyz:8080/c/",
            "macs": [
                "00:1A:79:10:E0:FD",
                "00:1A:79:10:E0:F7",
                "00:1A:79:10:E0:F1",
                "00:1A:79:10:E1:C5",
                "00:1A:79:10:E2:1F",
                "00:1A:79:10:E2:25",
                "00:1A:79:10:E1:33"
            ]
        },
        {
            "server_name": "wiki-ott.org:8789",
            "server_url": "http://wiki-ott.org:8789/c/",
            "macs": [
                "00:1A:79:3D:5C:6F"
            ]
        },
        {
            "server_name": "tv.supertv.life:80",
            "server_url": "http://tv.supertv.life:80/c/",
            "macs": [
                "00:1A:79:75:0F:E5",
                "00:1A:79:7E:6F:04",
                "00:1A:79:3B:9F:12",
                "00:1A:79:8B:1F:2A"
            ]
        },
        {
            "server_name": "mol-2.com:8080",
            "server_url": "http://mol-2.com:8080/c/",
            "macs": [
                "00:1A:79:48:E6:50",
                "00:1A:79:C2:88:8B",
                "00:1A:79:C3:BC:E7",
                "00:1A:79:BA:44:9D",
                "00:1A:79:BC:F5:01",
                "00:1A:79:B5:93:9C",
                "00:1A:79:DD:E8:2A",
                "00:1A:79:B6:5A:66",
                "00:1A:79:B4:42:58",
                "00:1A:79:BD:77:74",
                "00:1A:79:C2:94:9D",
                "00:1A:79:57:8E:C8",
                "00:1A:79:B6:3D:64",
                "00:1A:79:B8:FA:5D",
                "00:1A:79:F9:0A:40",
                "00:1A:79:B3:60:30",
                "00:1A:79:BB:15:87",
                "00:1A:79:BE:78:73"
            ]
        },
        {
            "server_name": "tv.trexiptv.com:80",
            "server_url": "http://tv.trexiptv.com:80/c/",
            "macs": [
                "00:1A:79:18:D6:7F",
                "00:1A:79:30:5F:E3",
                "00:1A:79:8C:06:87",
                "00:1A:79:72:94:ED",
                "00:1A:79:EE:D7:51",
                "00:1A:79:0C:1F:8B",
                "00:1A:79:C0:55:DB",
                "00:1A:79:16:CC:AA",
                "00:1A:79:B4:6A:3D",
                "00:1A:79:B4:ED:E4",
                "00:1A:79:94:3C:BA",
                "00:1A:79:D0:7A:01",
                "00:1A:79:28:B1:EE",
                "00:1A:79:28:1E:51",
                "00:1A:79:73:21:08",
                "00:1A:79:32:8F:F8",
                "00:1A:79:05:B5:52",
                "00:1A:79:1E:78:0F",
                "00:1A:79:41:94:FF"
            ]
        },
        {
            "server_name": "chunkymunky.site:8080",
            "server_url": "http://chunkymunky.site:8080/c/",
            "macs": [
                "00:1A:79:58:27:D0",
                "00:1A:79:58:2A:61",
                "00:1A:79:58:51:61",
                "00:1A:79:58:54:00",
                "00:1A:79:58:70:D4",
                "00:1A:79:58:72:11",
                "00:1A:79:58:78:70"
            ]
        },
        {
            "server_name": "r360.fyi:2103",
            "server_url": "http://r360.fyi:2103/c/",
            "macs": [
                "00:1A:79:CA:D4:A1"
            ]
        },
        {
            "server_name": "www.zlock365.org:2103",
            "server_url": "http://www.zlock365.org:2103/c/",
            "macs": [
                "00:1A:79:B7:8F:23"
            ]
        },
        {
            "server_name": "tit.ipsh.tv",
            "server_url": "http://tit.ipsh.tv/c/",
            "macs": [
                "00:1A:79:AA:43:4F",
                "00:1A:79:53:DE:EE",
                "00:1A:79:42:58:1D",
                "00:1A:79:2D:44:DE",
                "00:1A:79:B9:F1:93",
                "00:1A:79:74:92:76"
            ]
        },
        {
            "server_name": "coresys.dvrdns.org:25461",
            "server_url": "http://coresys.dvrdns.org:25461/c/",
            "macs": [
                "00:1A:79:8E:6F:DA"
            ]
        }
    ]
}