{
    "items": [
        {
            "server_name": "pal.alphatx.me:80",
            "server_url": "http://pal.alphatx.me:80/c/",
            "macs": [
                "00:1A:79:00:00:0A",
                "00:1A:79:00:01:A0",
                "00:1A:79:00:01:FA",
                "00:1A:79:00:02:50",
                "00:1A:79:00:06:FC",
                "00:1A:79:00:12:D2",
                "00:1A:79:00:1E:64"
            ]
        },
        {
            "server_name": "ultraflix.uk:8080",
            "server_url": "http://ultraflix.uk:8080/c/",
            "macs": [
                "00:1A:79:14:82:DC",
                "00:1A:79:51:D6:1B",
                "00:1A:79:B5:78:A6"
            ]
        },
        {
            "server_name": "5.206.227.184:8080",
            "server_url": "http://5.206.227.184:8080/c/",
            "macs": [
                "00:1A:79:4C:CA:E1",
                "00:1A:79:4D:03:2C",
                "00:1A:79:A3:11:88",
                "00:1A:79:AA:6F:29",
                "00:1A:79:AB:3E:62",
                "00:1A:79:AB:55:48",
                "00:1A:79:AB:A5:30",
                "00:1A:79:AB:E5:D3",
                "00:1A:79:AD:56:38",
                "00:1A:79:AD:AE:A3",
                "00:1A:79:AE:98:6C",
                "00:1A:79:B0:A9:52",
                "00:1A:79:B4:E2:15"
            ]
        },
        {
            "server_name": "hamburg72.xyz:8080",
            "server_url": "http://hamburg72.xyz:8080/c/",
            "macs": [
                "00:1A:79:45:A2:9C",
                "00:1A:79:62:E9:EC"
            ]
        },
        {
            "server_name": "odm391.xyz",
            "server_url": "http://odm391.xyz/c/",
            "macs": [
                "00:1A:79:08:52:66",
                "00:1A:79:24:14:51",
                "00:1A:79:4F:00:86",
                "00:1A:79:61:51:9D",
                "00:1A:79:67:BC:39",
                "00:1A:79:7A:6F:3D",
                "00:1A:79:A3:B8:A9",
                "00:1A:79:AD:EB:53",
                "00:1A:79:B8:F7:9E",
                "00:1A:79:D9:54:31"
            ]
        },
        {
            "server_name": "matrix-ott.tv:8080",
            "server_url": "http://matrix-ott.tv:8080/c/",
            "macs": [
                "00:1A:79:1D:6E:7F",
                "00:1A:79:26:30:DF",
                "00:1A:79:2C:9E:4E",
                "00:1A:79:36:38:D0",
                "00:1A:79:42:8D:A6",
                "00:1A:79:44:AE:EF",
                "00:1A:79:5F:C0:19",
                "00:1A:79:A4:0E:2C",
                "00:1A:79:AD:5C:2E",
                "00:1A:79:E0:7F:A0",
                "00:1A:79:E3:0B:60",
                "00:1A:79:E9:7B:90",
                "00:1A:79:ED:D5:80"
            ]
        },
        {
            "server_name": "new.jiotv.be",
            "server_url": "http://new.jiotv.be/stalker_portal/c/",
            "macs": [
                "00:1A:79:2E:87:83",
                "00:1A:79:56:42:41",
                "00:1A:79:60:4A:E4",
                "00:1A:79:63:B2:10",
                "00:1A:79:64:81:F4",
                "00:1A:79:6D:5D:46"
            ]
        }
    ]
}