{
    "items": [
        {
            "server_name": "webflowmalta.club:8080",
            "server_url": "http://webflowmalta.club:8080/c/",
            "macs": [
                "00:1A:79:00:54:91",
                "00:1A:79:33:59:E5",
                "00:1A:79:4B:26:17",
                "00:1A:79:4E:68:01",
                "00:1A:79:51:94:AB",
                "00:1A:79:53:BA:6B",
                "00:1A:79:57:8F:6A",
                "00:1A:79:5C:EB:31",
                "00:1A:79:5E:C3:D6",
                "00:1A:79:6B:4A:8C",
                "00:1A:79:6E:1A:61",
                "00:1A:79:CD:2D:D2"
            ]
        },
        {
            "server_name": "optimus-tv.org:8080",
            "server_url": "http://optimus-tv.org:8080/c/",
            "macs": [
                "00:1A:79:01:6C:06",
                "00:1A:79:07:C1:05",
                "00:1A:79:0E:3A:F7",
                "00:1A:79:10:DE:C3",
                "00:1A:79:5E:47:AC",
                "00:1A:79:6E:2A:4F"
            ]
        },
        {
            "server_name": "line.iptveros.com:8000",
            "server_url": "http://line.iptveros.com:8000/c/",
            "macs": [
                "00:1A:79:5F:E7:13"
            ]
        },
        {
            "server_name": "51.159.70.234",
            "server_url": "http://51.159.70.234/stalker_portal/c/",
            "macs": [
                "00:1A:79:6D:D0:4E",
                "00:1A:79:79:8A:82"
            ]
        },
        {
            "server_name": "drks.info:8080",
            "server_url": "http://drks.info:8080/c/",
            "macs": [
                "00:1A:79:4E:99:AF"
            ]
        },
        {
            "server_name": "pointpython.streamtv.to:8080",
            "server_url": "http://pointpython.streamtv.to:8080/c/",
            "macs": [
                "00:1A:79:B3:BC:9F"
            ]
        },
        {
            "server_name": "keycdn.co:8880",
            "server_url": "http://keycdn.co:8880/c/",
            "macs": [
                "00:1A:79:79:1A:52",
                "00:1A:79:E5:AA:59"
            ]
        },
        {
            "server_name": "tiger88.live:8080",
            "server_url": "http://tiger88.live:8080/c/",
            "macs": [
                "00:1A:79:18:6B:C4",
                "00:1A:79:9A:BD:A6",
                "00:1A:79:A3:F5:92"
            ]
        },
        {
            "server_name": "main.light-ott.net",
            "server_url": "http://main.light-ott.net/c/",
            "macs": [
                "00:1A:79:C6:F4:CA",
                "00:1A:79:EA:2C:A4"
            ]
        },
        {
            "server_name": "tv1.darktv.eu",
            "server_url": "http://tv1.darktv.eu/c/",
            "macs": [
                "00:1A:79:4A:5E:47"
            ]
        },
        {
            "server_name": "livetvbox.live:8080",
            "server_url": "http://livetvbox.live:8080/c/",
            "macs": [
                "00:1A:79:EA:5E:4F"
            ]
        },
        {
            "server_name": "luxe-4k.xyz",
            "server_url": "http://luxe-4k.xyz/c/",
            "macs": [
                "00:1A:79:54:E5:7D",
                "00:1A:79:A1:35:DB",
                "00:1A:79:B6:36:E4"
            ]
        },
        {
            "server_name": "rapid-4k.com",
            "server_url": "http://rapid-4k.com/c/",
            "macs": [
                "00:1A:79:58:14:FE",
                "00:1A:79:64:51:36",
                "00:1A:79:A9:8F:54"
            ]
        },
        {
            "server_name": "portal.free-net.tv",
            "server_url": "http://portal.free-net.tv/stalker_portal/c/",
            "macs": [
                "00:1A:79:04:67:91"
            ]
        },
        {
            "server_name": "line.greatstar.me",
            "server_url": "http://line.greatstar.me/c/",
            "macs": [
                "00:1A:79:CB:82:CA"
            ]
        },
        {
            "server_name": "ch.bosstv.live:8080",
            "server_url": "http://ch.bosstv.live:8080/c/",
            "macs": [
                "00:1A:79:50:EF:45"
            ]
        },
        {
            "server_name": "yasar.club:6464",
            "server_url": "http://yasar.club:6464/c/",
            "macs": [
                "00:1A:79:2A:3B:7B",
                "00:1A:79:43:EA:F2"
            ]
        },
        {
            "server_name": "streamcode.one:2082",
            "server_url": "http://streamcode.one:2082/c/",
            "macs": [
                "00:1A:79:78:F5:C0"
            ]
        }
    ]
}