{
    "items": [
        {
            "server_name": "jt-info.xyz",
            "server_url": "http://jt-info.xyz/c/",
            "macs": [
                "00:1A:79:C3:5B:DD",
                "00:1A:79:6A:24:4A",
                "00:1A:79:10:D0:CF",
                "00:1A:79:BF:E5:DD"
            ]
        },
        {
            "server_name": "mag.rs6ott.com",
            "server_url": "http://mag.rs6ott.com/c/",
            "macs": [
                "00:1A:79:6C:3F:78"
            ]
        },
        {
            "server_name": "oceanstream.me",
            "server_url": "http://oceanstream.me/c/",
            "macs": [
                "00:1A:79:0B:E0:39"
            ]
        },
        {
            "server_name": "alternativeviewpro.com",
            "server_url": "http://alternativeviewpro.com/c/",
            "macs": [
                "00:1A:79:06:33:5A",
                "00:1A:79:C3:B1:22"
            ]
        },
        {
            "server_name": "iphighland2.ddns.net:80",
            "server_url": "http://iphighland2.ddns.net:80/c/",
            "macs": [
                "00:1A:79:62:89:F8"
            ]
        },
        {
            "server_name": "iptv.maxlacress.com",
            "server_url": "http://iptv.maxlacress.com/c/",
            "macs": [
                "00:1A:79:74:D7:81"
            ]
        },
        {
            "server_name": "kp76.dfqz.cc",
            "server_url": "http://kp76.dfqz.cc/c/",
            "macs": [
                "00:1A:79:F5:03:9C"
            ]
        },
        {
            "server_name": "chunkymunky.site:8080",
            "server_url": "http://chunkymunky.site:8080/c/",
            "macs": [
                "00:1A:79:53:9A:10",
                "00:1A:79:53:BE:8D"
            ]
        },
        {
            "server_name": "zupanet.live:8080",
            "server_url": "http://zupanet.live:8080/c/",
            "macs": [
                "00:1A:79:0A:B0:F5"
            ]
        },
        {
            "server_name": "mutant.arrox.top",
            "server_url": "http://mutant.arrox.top/c/",
            "macs": [
                "00:1A:79:C1:A7:1A"
            ]
        },
        {
            "server_name": "107.189.14.168:8080",
            "server_url": "http://107.189.14.168:8080/c/",
            "macs": [
                "00:1A:79:70:4D:CF"
            ]
        },
        {
            "server_name": "mag.ugoiptv.com",
            "server_url": "http://mag.ugoiptv.com/c/",
            "macs": [
                "00:1A:79:C3:C5:C7"
            ]
        },
        {
            "server_name": "mag.ukhd.tv",
            "server_url": "http://mag.ukhd.tv/c/",
            "macs": [
                "00:1A:79:DE:69:75",
                "00:1A:79:BE:9A:8A",
                "00:1A:79:1E:37:C8",
                "00:1A:79:A1:77:65",
                "00:1A:79:1D:F5:7B",
                "00:1A:79:5B:55:69",
                "00:1A:79:40:7D:90",
                "00:1A:79:C2:1F:E4",
                "00:1A:79:C6:B0:A4",
                "00:1A:79:59:AE:C6",
                "00:1A:79:73:C2:FE",
                "00:1A:79:2C:C7:57",
                "00:1A:79:DE:9F:F4",
                "00:1A:79:73:1F:3D"
            ]
        },
        {
            "server_name": "jt-info.xyz",
            "server_url": "http://jt-info.xyz/c/",
            "macs": [
                "00:1A:79:53:94:E2",
                "00:1A:79:53:9A:10",
                "00:1A:79:53:BC:02",
                "00:1A:79:53:BE:8D",
                "00:1A:79:53:D8:E9",
                "00:1A:79:53:DF:24",
                "00:1A:79:54:20:01",
                "00:1A:79:54:31:96",
                "00:1A:79:54:66:7B"
            ]
        },
        {
            "server_name": "spacextv.live:8080",
            "server_url": "http://spacextv.live:8080/c/",
            "macs": [
                "00:1A:79:13:4E:11"
            ]
        },
        {
            "server_name": "kp76.dfqz.cc",
            "server_url": "http://kp76.dfqz.cc/c/",
            "macs": [
                "00:1A:79:F5:03:9C",
                "00:1A:79:7D:D2:7C"
            ]
        },
        {
            "server_name": "iptv.maxlacress.com",
            "server_url": "http://iptv.maxlacress.com/c/",
            "macs": [
                "00:1A:79:73:6E:B7",
                "00:1A:79:74:D7:81",
                "00:1A:79:73:BA:26",
                "00:1A:79:76:4B:8F"
            ]
        },
        {
            "server_name": "forzamilan.ddns.net:8000",
            "server_url": "http://forzamilan.ddns.net:8000/c/",
            "macs": [
                "00:1A:79:43:62:9F",
                "00:1A:79:40:7C:FA"
            ]
        },
        {
            "server_name": "tv.zaintv.net:80",
            "server_url": "http://tv.zaintv.net:80/c/",
            "macs": [
                "00:1A:79:99:2C:F2",
                "00:1A:79:51:A6:63",
                "00:1A:79:A3:38:DB"
            ]
        },
        {
            "server_name": "jiotv.be",
            "server_url": "http://jiotv.be/stalker_portal/c/",
            "macs": [
                "00:1A:79:1A:BA:2E",
                "00:1A:79:73:50:F6",
                "00:1A:79:B1:6A:CD",
                "00:1A:79:70:C4:D4",
                "00:1A:79:20:9D:05"
            ]
        },
        {
            "server_name": "invale.party:80",
            "server_url": "http://invale.party:80/c/",
            "macs": [
                "00:1A:79:31:F7:B8",
                "00:1A:79:31:E7:7F",
                "00:1A:79:31:F8:67",
                "00:1A:79:31:FB:7D",
                "00:1A:79:31:FB:73",
                "00:1A:79:32:07:09",
                "00:1A:79:32:28:DB",
                "00:1A:79:32:40:D5",
                "00:1A:79:32:40:E7",
                "00:1A:79:32:42:2F",
                "00:1A:79:32:46:D9",
                "00:1A:79:AB:A3:28",
                "00:1A:79:C1:93:AF",
                "00:1A:79:6B:5F:F1",
                "00:1A:79:33:7F:72",
                "00:1A:79:A9:F2:F1",
                "00:1A:79:A5:97:95",
                "00:1A:79:5E:9F:85",
                "00:1A:79:BA:AD:BB",
                "00:1A:79:CE:1F:C5",
                "00:1A:79:2B:7F:73"
            ]
        },
        {
            "server_name": "streamcode.one:2082",
            "server_url": "http://streamcode.one:2082/c/",
            "macs": [
                "00:1A:79:72:99:57"
            ]
        }
    ]
}