{
    "items": [
        {
            "server_name": "line.clear-ocean.link:80",
            "server_url": "http://line.clear-ocean.link:80/c/",
            "macs": [
                "00:1A:79:30:1E:F9",
                "00:1A:79:30:22:C0",
                "00:1A:79:30:26:FE",
                "00:1A:79:30:34:31",
                "00:1A:79:30:36:32",
                "00:1A:79:30:48:35",
                "00:1A:79:30:4A:E9"
            ]
        },
        {
            "server_name": "livein1.com:2095",
            "server_url": "http://livein1.com:2095/c/",
            "macs": [
                "00:1A:79:30:0F:60",
                "00:1A:79:30:75:F1",
                "00:1A:79:31:49:FB",
                "00:1A:79:31:50:27"
            ]
        },
        {
            "server_name": "adamtv.xyz:80",
            "server_url": "http://adamtv.xyz:80/c/",
            "macs": [
                "00:1A:79:19:47:28",
                "00:1A:79:74:20:F3",
                "00:1A:79:A1:85:F6"
            ]
        },
        {
            "server_name": "dns.verlatv.org:80",
            "server_url": "http://dns.verlatv.org:80/c/",
            "macs": [
                "00:1A:79:19:47:28",
                "00:1A:79:25:5F:B8",
                "00:1A:79:74:20:F3",
                "00:1A:79:A1:85:F6",
                "00:1A:79:A1:A1:4A"
            ]
        },
        {
            "server_name": "line.iptvwings.com:80",
            "server_url": "http://line.iptvwings.com:80/c/",
            "macs": [
                "00:1A:79:20:02:00",
                "00:1A:79:20:02:54",
                "00:1A:79:20:03:1E"
            ]
        },
        {
            "server_name": "eagletv.cc:2082",
            "server_url": "http://eagletv.cc:2082/c/",
            "macs": [
                "00:1A:79:30:33:25",
                "00:1A:79:30:78:62",
                "00:1A:79:30:B7:48"
            ]
        },
        {
            "server_name": "rapid-4k.com",
            "server_url": "http://rapid-4k.com/c/",
            "macs": [
                "00:1A:79:01:81:01",
                "00:1A:79:33:08:BE",
                "00:1A:79:33:35:26",
                "00:1A:79:49:0D:70",
                "00:1A:79:49:63:E1",
                "00:1A:79:53:26:66",
                "00:1A:79:53:FB:1E",
                "00:1A:79:58:14:FE",
                "00:1A:79:59:E1:E5",
                "00:1A:79:5C:ED:DB",
                "00:1A:79:5E:D6:A5",
                "00:1A:79:62:9B:E3",
                "00:1A:79:64:51:36",
                "00:1A:79:69:D7:78",
                "00:1A:79:71:12:1A",
                "00:1A:79:71:46:14",
                "00:1A:79:76:4A:31",
                "00:1A:79:83:84:C8",
                "00:1A:79:9A:14:E2",
                "00:1A:79:9E:B1:EF",
                "00:1A:79:9F:AD:ED",
                "00:1A:79:A2:77:93",
                "00:1A:79:A2:88:D8",
                "00:1A:79:A2:D6:23",
                "00:1A:79:A3:49:15",
                "00:1A:79:A5:C5:87",
                "00:1A:79:A5:D0:67",
                "00:1A:79:A6:92:F5",
                "00:1A:79:A7:71:05",
                "00:1A:79:A8:41:D8",
                "00:1A:79:A8:5C:68",
                "00:1A:79:A8:6A:A1",
                "00:1A:79:A8:6B:0C",
                "00:1A:79:A8:73:6C",
                "00:1A:79:A8:82:9C",
                "00:1A:79:A8:9B:A1",
                "00:1A:79:A8:A2:59",
                "00:1A:79:A9:46:30",
                "00:1A:79:A9:4F:96",
                "00:1A:79:A9:8F:54",
                "00:1A:79:A9:9E:73",
                "00:1A:79:AC:0F:0A",
                "00:1A:79:AC:8E:9B",
                "00:1A:79:AC:98:73",
                "00:1A:79:AC:9F:50",
                "00:1A:79:AC:A5:FD",
                "00:1A:79:AC:AA:00",
                "00:1A:79:AD:89:56",
                "00:1A:79:AF:B8:31",
                "00:1A:79:B0:6C:44",
                "00:1A:79:B0:D3:1B",
                "00:1A:79:B1:12:8C",
                "00:1A:79:B2:93:77",
                "00:1A:79:B8:6C:A8",
                "00:1A:79:EE:24:B6",
                "00:1A:79:F0:0B:73",
                "00:1A:79:F5:26:44",
                "00:1A:79:F5:27:F7",
                "00:1A:79:FB:10:49",
                "00:1A:79:FB:30:11"
            ]
        },
        {
            "server_name": "redima.pro:8880",
            "server_url": "http://redima.pro:8880/c/",
            "macs": [
                "00:1A:79:0D:1B:76",
                "00:1A:79:C6:D9:B7",
                "00:1A:79:CF:8F:83"
            ]
        },
        {
            "server_name": "4kplus.org:80",
            "server_url": "http://4kplus.org:80/c/",
            "macs": [
                "00:1A:79:1E:0F:CD",
                "00:1A:79:31:1F:0C",
                "00:1A:79:69:4F:E0",
                "00:1A:79:90:43:85",
                "00:1A:79:AB:E5:7C",
                "00:1A:79:AD:2E:9F"
            ]
        },
        {
            "server_name": "fastopen.live:8080",
            "server_url": "http://fastopen.live:8080/c/",
            "macs": [
                "00:1A:79:B0:A2:8C"
            ]
        },
        {
            "server_name": "jiotv.be",
            "server_url": "http://jiotv.be/stalker_portal/c/",
            "macs": [
                "00:1A:79:B3:3F:97",
                "00:1A:79:B6:CD:F0",
                "00:1A:79:B8:ED:57"
            ]
        },
        {
            "server_name": "p1.uiop.tv",
            "server_url": "http://p1.uiop.tv/stalker_portal/c/",
            "macs": [
                "00:1A:79:2C:DC:87",
                "00:1A:79:37:9F:80",
                "00:1A:79:55:23:2F",
                "00:1A:79:55:27:E0",
                "00:1A:79:55:8A:53",
                "00:1A:79:67:3F:64",
                "00:1A:79:AA:E8:85"
            ]
        },
        {
            "server_name": "sonymax.org:8080",
            "server_url": "http://sonymax.org:8080/c/",
            "macs": [
                "00:1A:79:00:5C:54",
                "00:1A:79:1F:68:F9",
                "00:1A:79:2F:44:D7",
                "00:1A:79:31:B1:60",
                "00:1A:79:37:B6:0C",
                "00:1A:79:47:91:52",
                "00:1A:79:6B:E1:D4",
                "00:1A:79:6E:50:21",
                "00:1A:79:71:EF:CE",
                "00:1A:79:78:07:DF",
                "00:1A:79:9D:89:0A",
                "00:1A:79:CA:FE:9E",
                "00:1A:79:CB:16:3F",
                "00:1A:79:D4:61:4F",
                "00:1A:79:E4:85:33",
                "00:1A:79:E7:7D:6F"
            ]
        }
    ]
}