{
    "items": [
        {
            "server_name": "private3.clientline.club",
            "server_url": "http://private3.clientline.club/c/",
            "macs": [
                "00:1A:79:F3:66:97",
                "00:1a:79:ae:5b:59",
                "00:1a:79:ba:3c:44",
                "00:1a:79:aa:bd:12"
            ]
        },
        {
            "server_name": "ya.trythisone.cc",
            "server_url": "http://ya.trythisone.cc/c/",
            "macs": [
                "00:1A:79:1D:0F:5C",
                "00:1A:79:68:0F:80",
                "00:1A:79:65:61:36",
                "00:1A:79:6F:5F:55",
                "00:1A:79:56:96:8C",
                "00:1A:79:3F:3C:50",
                "00:1A:79:19:47:2F",
                "00:1A:79:36:65:32"
            ]
        },
        {
            "server_name": "www.funmitra.com:8080",
            "server_url": "http://www.funmitra.com:8080/c/",
            "macs": [
                "00:1A:79:FB:1A:FE",
                "00:1A:79:50:D3:2A",
                "00:1A:79:BB:8B:8B",
                "00:1A:79:AF:63:9F",
                "00:1A:79:C5:CE:A1",
                "00:1A:79:3F:04:2C",
                "00:1A:79:76:7E:54",
                "00:1A:79:4E:B6:EA",
                "00:1A:79:52:BE:44",
                "00:1A:79:08:91:1F",
                "00:1A:79:1F:0F:C8",
                "00:1A:79:F6:D5:EB"
            ]
        },
        {
            "server_name": "pro.maxhd.eu:8080",
            "server_url": "http://pro.maxhd.eu:8080/c/",
            "macs": [
                "00:1A:79:CD:47:11",
                "00:1A:79:4C:C2:65",
                "00:1A:79:CF:7B:9B",
                "00:1A:79:70:7D:42",
                "00:1A:79:32:C3:94",
                "00:1A:79:BB:EF:5D",
                "00:1A:79:A5:D6:46",
                "00:1A:79:19:19:19",
                "00:1A:79:59:3F:A6",
                "00:1A:79:C1:3D:E0",
                "00:1A:79:E7:4F:D2",
                "00:1A:79:5D:4C:A6",
                "00:1A:79:83:4D:48",
                "00:1A:79:C4:95:1E"
            ]
        },
        {
            "server_name": "pp.prison8break.com:8080",
            "server_url": "http://pp.prison8break.com:8080/c/",
            "macs": [
                "00:1A:79:B8:80:57",
                "00:1A:79:CF:89:71",
                "00:1A:79:CA:F1:2B",
                "00:1A:79:D0:0D:5D"
            ]
        },
        {
            "server_name": "45.139.122.199:8080",
            "server_url": "http://45.139.122.199:8080/c/",
            "macs": [
                "00:1A:79:C1:07:D8",
                "00:1A:79:FB:39:E0",
                "00:1A:79:CA:81:5B"
            ]
        },
        {
            "server_name": "line.iptveros.com:8000",
            "server_url": "http://line.iptveros.com:8000/c/",
            "macs": [
                "00:1A:79:37:0F:13",
                "00:1A:79:34:5F:20",
                "00:1A:79:37:0F:13",
                "00:1A:79:2B:28:AE",
                "00:1A:79:31:5F:35",
                "00:1A:79:26:7F:76",
                "00:1A:79:50:4F:EA",
                "00:1A:79:2A:8F:C1",
                "00:1A:79:2C:3F:24",
                "00:1A:79:3E:02:01",
                "00:1A:79:D5:A4:E3",
                "00:1A:79:3E:4F:11",
                "00:1A:79:D8:6F:79"
            ]
        },
        {
            "server_name": "23.94.101.233",
            "server_url": "http://23.94.101.233/stalker_portal/c/",
            "macs": [
                "00:1a:79:ad:02:fc"
            ]
        },
        {
            "server_name": "owliptv.gentv.to:8080",
            "server_url": "http://owliptv.gentv.to:8080/c/",
            "macs": [
                "10:27:be:15:df:31",
                "00:1a:79:c3:ae:27",
                "10:27:BE:0D:20:A1",
                "00:1A:79:55:F2:11",
                "00:1A:79:65:FF:6B",
                "00:1a:79:00:04:bd",
                "00:1a:79:1a:7e:09"
            ]
        },
        {
            "server_name": "line.iptvwings.com",
            "server_url": "http://line.iptvwings.com/c/",
            "macs": [
                "00:1A:79:CF:4D:D4",
                "00:1A:79:B6:25:F4",
                "00:1A:79:F2:4F:42",
                "00:1A:79:A5:4F:2B",
                "00:1A:79:1C:0E:BE",
                "00:1A:79:49:5D:B6",
                "00:1A:79:DB:FC:51",
                "00:1A:79:4E:B8:36",
                "00:1A:79:98:5B:A3",
                "00:1A:79:C7:4E:31",
                "00:1A:79:05:9C:37",
                "00:1A:79:25:8A:7D"
            ]
        },
        {
            "server_name": "162.19.37.133:8080",
            "server_url": "http://162.19.37.133:8080/c/",
            "macs": [
                "00:1A:79:50:ca:1b",
                "00:1A:79:11:49:e6",
                "00:1A:79:a3:80:64",
                "00:1A:79:25:58:3f"
            ]
        },
        {
            "server_name": "iup-tv.com:8080",
            "server_url": "http://iup-tv.com:8080/c/",
            "macs": [
                "00:1a:79:b5:88:0d"
            ]
        },
        {
            "server_name": "line.iptveros.com:8000",
            "server_url": "http://line.iptveros.com:8000/c/",
            "macs": [
                "00:1A:79:FB:39:E0",
                "00:1A:79:B8:74:BC",
                "00:1A:79:CA:81:5B",
                "00:1A:79:B5:4A:02",
                "00:1A:79:C4:04:B7",
                "00:1A:79:C7:E2:CC",
                "00:1A:79:BF:E8:AD",
                "00:1A:79:FB:06:C8",
                "00:1A:79:44:FB:09",
                "00:1A:79:23:42:20",
                "00:1A:79:FF:04:32",
                "00:1A:79:BC:BD:F3",
                "00:1A:79:AF:1A:80",
                "00:1A:79:53:FA:73",
                "00:1A:79:5B:F3:5C"
            ]
        },
        {
            "server_name": "line.iptvwings.com",
            "server_url": "http://line.iptvwings.com/c/",
            "macs": [
                "00:1A:79:CD:10:C1",
                "00:1A:79:AD:23:7C",
                "00:1A:79:F1:9C:D0",
                "00:1A:79:B7:63:28",
                "00:1A:79:BD:71:B4",
                "00:1A:79:79:86:25",
                "00:1A:79:E6:84:14",
                "00:1A:79:60:0A:79",
                "00:1A:79:5B:9B:14",
                "00:1A:79:99:1A:97",
                "00:1A:79:88:5F:8E",
                "00:1A:79:80:91:AB",
                "00:1A:79:BE:CB:E1",
                "00:1A:79:BC:91:77",
                "00:1A:79:98:B1:81",
                "00:1A:79:DC:28:2F"
            ]
        },
        {
            "server_name": "162.19.37.133:8080",
            "server_url": "http://162.19.37.133:8080/c/",
            "macs": [
                "00:1A:79:C2:8F:98",
                "00:1A:79:D0:29:36",
                "00:1A:79:FB:49:B7",
                "00:1A:79:D2:1E:7C",
                "00:1A:79:B7:19:CD",
                "00:1A:79:B2:A1:C7",
                "00:1A:79:D2:25:36",
                "00:1A:79:D1:E7:ED",
                "00:1A:79:C6:45:41",
                "00:1A:79:D2:EA:9D",
                "00:1A:79:C2:90:58",
                "00:1A:79:CC:05:02",
                "00:1A:79:FB:47:20",
                "00:1A:79:4C:5D:06"
            ]
        },
        {
            "server_name": "es.magtr.cc:8080",
            "server_url": "http://es.magtr.cc:8080/c/",
            "macs": [
                "00:1A:79:C8:09:22"
            ]
        },
        {
            "server_name": "ya.trythisone.cc",
            "server_url": "http://ya.trythisone.cc/c/",
            "macs": [
                "00:1A:79:F7:49:4B",
                "00:1A:79:CA:81:5B",
                "00:1A:79:C6:98:4F",
                "00:1A:79:B8:74:BC",
                "00:1A:79:C4:04:B7",
                "00:1A:79:BF:E8:AD",
                "00:1A:79:3A:0C:88",
                "00:1A:79:FB:39:E0",
                "00:1A:79:A3:BE:63",
                "00:1A:79:C7:E2:CC",
                "00:1A:79:23:42:20",
                "00:1A:79:BC:BD:F3",
                "00:1A:79:FF:04:32",
                "00:1A:79:B5:4A:02"
            ]
        },
        {
            "server_name": "www.funmitra.com:8080",
            "server_url": "http://www.funmitra.com:8080/c/",
            "macs": [
                "00:1a:79:b9:ec:3d",
                "00:1a:79:58:da:d5",
                "00:1a:79:ae:97:d0",
                "00:1a:79:a2:a7:b6"
            ]
        },
        {
            "server_name": "pro.maxhd.eu:8080",
            "server_url": "http://pro.maxhd.eu:8080/c/",
            "macs": [
                "00:1a:79:aa:70:6a"
            ]
        },
        {
            "server_name": "pp.prison8break.com:8080",
            "server_url": "http://pp.prison8break.com:8080/c/",
            "macs": [
                "00:1a:79:b3:a6:d3",
                "00:1a:79:b3:75:3d",
                "00:1a:79:b0:96:f6"
            ]
        },
        {
            "server_name": "45.139.122.199:8080",
            "server_url": "http://45.139.122.199:8080/c/",
            "macs": [
                "00:1A:79:4D:D3:09"
            ]
        },
        {
            "server_name": "45.139.122.199:8080",
            "server_url": "http://45.139.122.199:8080/c/",
            "macs": [
                "00:1A:79:CD:63:50"
            ]
        },
        {
            "server_name": "petarxc.ddns.net:8000",
            "server_url": "http://petarxc.ddns.net:8000/c/",
            "macs": [
                "00:1a:79:5f:03:c3"
            ]
        },
        {
            "server_name": "webflowmalta.club:8080",
            "server_url": "http://webflowmalta.club:8080/c/",
            "macs": [
                "00:1a:79:c6:d0:01"
            ]
        },
        {
            "server_name": "23.94.101.233",
            "server_url": "http://23.94.101.233/stalker_portal/c/",
            "macs": [
                "00:1A:79:2D:2C:FD",
                "00:1A:79:3A:1E:39",
                "00:1A:79:79:DE:A7",
                "00:1A:79:2B:4F:ED"
            ]
        },
        {
            "server_name": "owliptv.gentv.to:8080",
            "server_url": "http://owliptv.gentv.to:8080/c/",
            "macs": [
                "00:1A:79:B0:BE:4A",
                "00:1A:79:BE:89:AE",
                "00:1A:79:C1:91:FD",
                "00:1A:79:1D:18:EA",
                "00:1A:79:32:3A:34",
                "00:1A:79:C5:F4:A1",
                "00:1A:79:B5:66:CE",
                "00:1A:79:01:29:BB",
                "00:1A:79:1D:07:B3",
                "00:1A:79:C7:DD:4D",
                "00:1A:79:B5:2E:3C",
                "00:1A:79:32:EC:A7",
                "00:1A:79:E3:ED:0C",
                "00:1A:79:D2:5D:A7"
            ]
        },
        {
            "server_name": "line.iptvwings.com",
            "server_url": "http://line.iptvwings.com/c/",
            "macs": [
                "00:1A:79:D0:1A:8E"
            ]
        },
        {
            "server_name": "iptv.darktv.eu:80",
            "server_url": "http://iptv.darktv.eu:80/c/",
            "macs": [
                "00:1A:79:24:3F:04"
            ]
        },
        {
            "server_name": "iup-tv.com:8080",
            "server_url": "http://iup-tv.com:8080/c/",
            "macs": [
                "00:1A:79:C8:3B:7B",
                "00:1A:79:A7:AC:E2",
                "00:1A:79:AA:2B:6A",
                "00:1A:79:AD:4D:77",
                "00:1A:79:61:F9:DD",
                "00:1A:79:B7:5F:41",
                "00:1A:79:AD:2E:43",
                "00:1A:79:42:21:5A"
            ]
        },
        {
            "server_name": "iptv.magikserv.com",
            "server_url": "http://iptv.magikserv.com/c/",
            "macs": [
                "00:1A:79:5E:9F:80",
                "00:1A:79:A5:96:E7"
            ]
        },
        {
            "server_name": "cmjl.online:8080",
            "server_url": "http://cmjl.online:8080/c/",
            "macs": [
                "00:1A:79:70:8A:72",
                "00:1A:79:70:93:72",
                "00:1A:79:70:A0:70",
                "00:1A:79:70:AC:CF",
                "00:1A:79:70:AE:51"
            ]
        },
        {
            "server_name": "193.176.244.25:8080",
            "server_url": "http://193.176.244.25:8080/c/",
            "macs": [
                "00:1A:79:08:8F:B1",
                "00:1A:79:49:7B:0B",
                "00:1A:79:5C:75:EE",
                "00:1A:79:AF:63:9F",
                "00:1A:79:3F:04:2C",
                "00:1A:79:2E:58:2D",
                "00:1A:79:4A:5A:BF",
                "00:1A:79:73:39:5E",
                "00:1A:79:32:76:F3",
                "00:1A:79:35:32:BE",
                "00:1A:79:6D:8C:CA",
                "00:1A:79:76:35:A9",
                "00:1A:79:20:4F:D1",
                "00:1A:79:71:4E:E1",
                "00:1A:79:7E:C3:91",
                "00:1A:79:6D:26:F9"
            ]
        },
        {
            "server_name": "sharktv.alphatx.me",
            "server_url": "http://sharktv.alphatx.me/c/",
            "macs": [
                "00:1A:79:B4:C7:AA",
                "00:1A:79:73:BC:60"
            ]
        },
        {
            "server_name": "cmjl.online:8080",
            "server_url": "http://cmjl.online:8080/c/",
            "macs": [
                "00:1A:79:70:51:18",
                "00:1A:79:70:53:09",
                "00:1A:79:70:61:E1",
                "00:1A:79:70:84:0D",
                "00:1A:79:70:87:33",
                "00:1A:79:70:87:35",
                "00:1A:79:70:87:36",
                "00:1A:79:70:88:02",
                "00:1A:79:70:89:1E"
            ]
        },
        {
            "server_name": "iup-tv.com:8080",
            "server_url": "http://iup-tv.com:8080/c/",
            "macs": [
                "00:1A:79:30:E4:69"
            ]
        },
        {
            "server_name": "tkosportz.live:25461",
            "server_url": "http://tkosportz.live:25461/c/",
            "macs": [
                "00:1A:79:E6:03:4A",
                "00:1A:79:6E:E3:FA",
                "00:1A:79:E7:A7:73",
                "00:1A:79:E6:51:A9",
                "00:1A:79:73:71:FC"
            ]
        },
        {
            "server_name": "m.suportline.xyz",
            "server_url": "http://m.suportline.xyz/stalker_portal/c/",
            "macs": [
                "00:1A:79:51:7E:A4"
            ]
        },
        {
            "server_name": "streamcode.one:2082",
            "server_url": "http://streamcode.one:2082/c/",
            "macs": [
                "00:1A:79:A9:6A:11",
                "00:1A:79:DD:EE:E9"
            ]
        },
        {
            "server_name": "glavonja.work:5115",
            "server_url": "http://glavonja.work:5115/c/",
            "macs": [
                "00:1A:79:AD:87:7E"
            ]
        },
        {
            "server_name": "iup-tv.com:8080",
            "server_url": "http://iup-tv.com:8080/c/",
            "macs": [
                "00:1A:79:AE:2A:3B",
                "00:1A:79:A9:24:C5",
                "00:1A:79:B5:65:01"
            ]
        },
        {
            "server_name": "starshare.live:8080",
            "server_url": "http://starshare.live:8080/c/",
            "macs": [
                "00:1A:79:04:86:62"
            ]
        },
        {
            "server_name": "3.e27948.com",
            "server_url": "http://3.e27948.com/c/",
            "macs": [
                "00:1A:79:63:F1:DE",
                "00:1A:79:63:65:63",
                "00:1A:79:63:0A:43",
                "00:1A:79:63:C3:C9",
                "00:1A:79:63:94:A8"
            ]
        },
        {
            "server_name": "200.26.188.39",
            "server_url": "http://200.26.188.39/c/",
            "macs": [
                "00:1A:79:E7:01:2E",
                "00:1A:79:52:C2:B5",
                "00:1A:79:DC:1F:C5",
                "00:1A:79:99:9B:C6",
                "00:1A:79:AB:6F:F1",
                "00:1A:79:5C:4A:6F"
            ]
        },
        {
            "server_name": "m.suportline.xyz",
            "server_url": "http://m.suportline.xyz/stalker_portal/c/",
            "macs": [
                "00:1A:79:0A:90:A5"
            ]
        },
        {
            "server_name": "tkosportz.live:25461",
            "server_url": "http://tkosportz.live:25461/c/",
            "macs": [
                "00:1A:79:E6:4A:CB"
            ]
        },
        {
            "server_name": "streamcode.one:2082",
            "server_url": "http://streamcode.one:2082/c/",
            "macs": [
                "00:1A:79:B1:F9:BE"
            ]
        },
        {
            "server_name": "glavonja.work:5115",
            "server_url": "http://glavonja.work:5115/c/",
            "macs": [
                "00:1A:79:BB:A0:7E"
            ]
        },
        {
            "server_name": "iup-tv.com:8080",
            "server_url": "http://iup-tv.com:8080/c/",
            "macs": [
                "00:1A:79:A1:FE:7F",
                "00:1A:79:B5:64:12"
            ]
        },
        {
            "server_name": "glavonja.work:5115",
            "server_url": "http://glavonja.work:5115/c/",
            "macs": [
                "00:1A:79:46:A7:6A"
            ]
        },
        {
            "server_name": "iup-tv.com:8080",
            "server_url": "http://iup-tv.com:8080/c/",
            "macs": [
                "00:1A:79:A9:24:C5",
                "00:1A:79:C6:C9:1C"
            ]
        },
        {
            "server_name": "cmjl.online:8080",
            "server_url": "http://cmjl.online:8080/c/",
            "macs": [
                "00:1A:79:70:34:96",
                "00:1A:79:70:34:99",
                "00:1A:79:70:34:98",
                "00:1A:79:70:34:9D",
                "00:1A:79:70:34:AC"
            ]
        }
    ]
}