{
    "items": [
        {
            "server_name": "play-plus.net:8000",
            "server_url": "http://play-plus.net:8000/c/",
            "macs": [
                "00:1A:79:00:00:00",
                "00:1A:79:00:00:01",
                "00:1A:79:00:00:02",
                "00:1A:79:00:00:59"
            ]
        },
        {
            "server_name": "esuntv.com:88",
            "server_url": "http://esuntv.com:88/c/",
            "macs": [
                "00:1A:79:02:B6:DF",
                "00:1A:79:50:D5:91",
                "00:1A:79:5A:81:B4",
                "00:1A:79:88:F3:68",
                "00:1A:79:AE:D4:A5",
                "00:1A:79:D4:D9:18"
            ]
        },
        {
            "server_name": "shooters.live:80",
            "server_url": "http://shooters.live:80/c/",
            "macs": [
                "00:1A:79:01:81:01",
                "00:1A:79:02:D0:A9",
                "00:1A:79:02:D2:AE",
                "00:1A:79:04:76:A9",
                "00:1A:79:04:A7:38",
                "00:1A:79:04:B9:27",
                "00:1A:79:05:89:B2",
                "00:1A:79:08:EC:4B",
                "00:1A:79:08:ED:4C",
                "00:1A:79:08:F4:9B",
                "00:1A:79:0C:27:9D",
                "00:1A:79:13:17:3D",
                "00:1A:79:13:B0:60",
                "00:1A:79:17:7A:B3",
                "00:1A:79:19:35:E6"
            ]
        },
        {
            "server_name": "speed-gaz.xyz",
            "server_url": "http://speed-gaz.xyz/c/",
            "macs": [
                "00:1A:79:64:44:2B"
            ]
        },
        {
            "server_name": "mag.premiumplus.tv",
            "server_url": "http://mag.premiumplus.tv/c/",
            "macs": [
                "00:1A:79:19:68:5F",
                "00:1A:79:3A:AE:E0",
                "00:1A:79:3F:F9:80",
                "00:1A:79:46:8A:63",
                "00:1A:79:55:22:A6",
                "00:1A:79:57:91:6D",
                "00:1A:79:66:85:3D",
                "00:1A:79:69:10:A8",
                "00:1A:79:6C:CF:FD",
                "00:1A:79:6F:D9:55",
                "00:1A:79:77:69:D7",
                "00:1A:79:93:56:D0",
                "00:1A:79:AD:C6:56",
                "00:1A:79:B0:8F:23",
                "00:1A:79:B3:4D:46",
                "00:1A:79:B3:8D:BE",
                "00:1A:79:B9:20:7F",
                "00:1A:79:C5:39:66"
            ]
        }
    ]
}