{
    "items": [
        {
            "server_name": "178.132.1.197:8080",
            "server_url": "http://178.132.1.197:8080/c/",
            "macs": [
                "00:1A:79:CB:A4:84",
                "00:1A:79:56:8B:91",
                "00:1A:79:AD:AD:AB"
            ]
        },
        {
            "server_name": "vip2102.112421.net:2050",
            "server_url": "http://vip2102.112421.net:2050/c/",
            "macs": [
                "00:1A:79:54:9F:CC",
                "00:1A:79:70:9F:C5",
                "00:1A:79:1A:6F:46",
                "00:1A:79:90:9F:03",
                "00:1A:79:5F:0F:DC",
                "00:1A:79:63:E3:AA",
                "00:1A:79:52:9C:B9",
                "00:1A:79:9A:8F:AE",
                "00:1A:79:B4:E9:8F",
                "00:1A:79:37:82:36",
                "00:1A:79:D0:58:D0",
                "00:1A:79:D3:6F:BC",
                "00:1A:79:19:72:D3",
                "00:1A:79:87:0F:80",
                "00:1A:79:93:1F:66"
            ]
        },
        {
            "server_name": "marvelhd.eu:8080",
            "server_url": "http://marvelhd.eu:8080/c/",
            "macs": [
                "00:1A:79:5A:0F:3B"
            ]
        },
        {
            "server_name": "promaxhd.com:8080",
            "server_url": "http://promaxhd.com:8080/c/",
            "macs": [
                "00:1a:79:b6:57:6b"
            ]
        },
        {
            "server_name": "kocaeli41.xyz:8000",
            "server_url": "http://kocaeli41.xyz:8000/c/",
            "macs": [
                "00:1a:79:6b:bb:ee"
            ]
        },
        {
            "server_name": "besttv.club:8080",
            "server_url": "http://besttv.club:8080/c/",
            "macs": [
                "00:1a:79:02:83:ea"
            ]
        },
        {
            "server_name": "hd-max.org:8080",
            "server_url": "http://hd-max.org:8080/c/",
            "macs": [
                "00:1a:79:c8:07:f1"
            ]
        },
        {
            "server_name": "ss.2665.ninja:8080",
            "server_url": "http://ss.2665.ninja:8080/c/",
            "macs": [
                "00:1a:79:60:90:14"
            ]
        },
        {
            "server_name": "fhdtv.club:8080",
            "server_url": "http://fhdtv.club:8080/c/",
            "macs": [
                "00:1a:79:8b:2c:be"
            ]
        }
    ]
}