{
    "items": [
        {
            "server_name": "tv.premiumplus.tv",
            "server_url": "http://tv.premiumplus.tv/c/",
            "macs": [
                "00:1A:79:0C:A2:1C",
                "00:1A:79:14:B5:92",
                "00:1A:79:70:CE:F3",
                "00:1A:79:C4:04:8E",
                "00:1A:79:F5:17:B0"
            ]
        },
        {
            "server_name": "innovationtv.eu:80",
            "server_url": "http://innovationtv.eu:80/c/",
            "macs": [
                "00:1A:79:17:2E:0F"
            ]
        },
        {
            "server_name": "pt.chape-shop.com:8080",
            "server_url": "http://pt.chape-shop.com:8080/c/",
            "macs": [
                "00:1A:79:43:D6:7D",
                "00:1A:79:78:ED:AE",
                "00:1A:79:E0:04:45",
                "00:1A:79:F5:04:B6"
            ]
        },
        {
            "server_name": "gtvstreams.me",
            "server_url": "http://gtvstreams.me/c/",
            "macs": [
                "00:1A:79:E2:1F:D2",
                "00:1A:79:E2:F1:25"
            ]
        },
        {
            "server_name": "restream.globaltv1.net:8080",
            "server_url": "http://restream.globaltv1.net:8080/c/",
            "macs": [
                "00:1A:79:BD:69:BC"
            ]
        },
        {
            "server_name": "hellas.sltv.pw:8080",
            "server_url": "http://hellas.sltv.pw:8080/c/",
            "macs": [
                "00:1A:79:35:B8:54"
            ]
        },
        {
            "server_name": "activetv.club:80",
            "server_url": "http://activetv.club:80/c/",
            "macs": [
                "00:1A:79:B7:76:4D",
                "00:1A:79:D1:7D:43"
            ]
        },
        {
            "server_name": "chunkymunky.site:8080",
            "server_url": "http://chunkymunky.site:8080/c/",
            "macs": [
                "00:1A:79:40:1E:A3",
                "00:1A:79:40:21:F9",
                "00:1A:79:40:4B:81"
            ]
        },
        {
            "server_name": "mag.iudtv.org:8080",
            "server_url": "http://mag.iudtv.org:8080/c/",
            "macs": [
                "00:1A:79:82:04:FC",
                "00:1A:79:82:26:15",
                "00:1A:79:82:B9:9A"
            ]
        },
        {
            "server_name": "zenlink.link",
            "server_url": "http://zenlink.link/c/",
            "macs": [
                "00:1A:79:B6:EE:8E",
                "00:1A:79:BA:00:29",
                "00:1A:79:BD:CB:9E"
            ]
        },
        {
            "server_name": "sonymax.org:8080",
            "server_url": "http://sonymax.org:8080/c/",
            "macs": [
                "00:1A:79:0B:04:81",
                "00:1A:79:28:0F:86",
                "00:1A:79:28:83:58",
                "00:1A:79:28:FA:91",
                "00:1A:79:2A:6E:91",
                "00:1A:79:2A:D2:43",
                "00:1A:79:3A:18:76",
                "00:1A:79:3A:70:2B",
                "00:1A:79:41:E2:BA",
                "00:1A:79:46:11:28",
                "00:1A:79:57:8F:C1",
                "00:1A:79:5D:9C:74",
                "00:1A:79:5D:DE:4D",
                "00:1A:79:85:E6:38",
                "00:1A:79:85:EF:31",
                "00:1A:79:85:F0:BC",
                "00:1A:79:A1:94:1C",
                "00:1A:79:A1:B0:5C",
                "00:1A:79:A2:02:3E",
                "00:1A:79:A2:E9:19"
            ]
        },
        {
            "server_name": "mol-2.com:8080",
            "server_url": "http://mol-2.com:8080/c/",
            "macs": [
                "00:1A:79:40:82:BB",
                "00:1A:79:4F:4C:A9",
                "00:1A:79:57:24:BA",
                "00:1A:79:AA:7B:8A",
                "00:1A:79:AA:D1:14",
                "00:1A:79:AD:EF:3E",
                "00:1A:79:AE:DC:37",
                "00:1A:79:B1:63:2A",
                "00:1A:79:B1:74:0C",
                "00:1A:79:B2:1D:A7",
                "00:1A:79:B2:7A:8F",
                "00:1A:79:B2:CB:FA",
                "00:1A:79:B3:B7:41",
                "00:1A:79:B4:38:3A",
                "00:1A:79:B5:17:7F",
                "00:1A:79:B5:CE:FD",
                "00:1A:79:B6:42:B6",
                "00:1A:79:B9:95:85",
                "00:1A:79:BC:CF:06",
                "00:1A:79:BF:98:2C"
            ]
        },
        {
            "server_name": "mutant.arrox.top:80",
            "server_url": "http://mutant.arrox.top:80/c/",
            "macs": [
                "00:1A:79:03:08:76",
                "00:1A:79:08:00:77",
                "00:1A:79:08:4E:89",
                "00:1A:79:0B:C1:73",
                "00:1A:79:0E:3A:CE",
                "00:1A:79:18:11:5E",
                "00:1A:79:19:02:DD",
                "00:1A:79:45:55:77",
                "00:1A:79:68:0F:84",
                "00:1A:79:92:4F:97",
                "00:1A:79:A2:D3:67",
                "00:1A:79:A3:D0:9B",
                "00:1A:79:B8:8F:C9",
                "00:1A:79:BA:06:8A",
                "00:1A:79:BB:E4:6B",
                "00:1A:79:BB:E6:28",
                "00:1A:79:C2:78:FD",
                "00:1A:79:CA:5F:2B",
                "00:1A:79:CE:46:53",
                "00:1A:79:D7:4F:BD"
            ]
        }
    ]
}