{
    "items": [
        {
            "server_name": "optimus-tv.org:8080",
            "server_url": "http://optimus-tv.org:8080/c/",
            "macs": [
                "00:1A:79:07:C1:0B",
                "00:1A:79:07:BF:1C",
                "00:1A:79:07:BE:11",
                "00:1A:79:07:BD:4B",
                "00:1a:79:08:4b:a3",
                "00:1A:79:08:51:4E",
                "00:1A:79:08:42:60",
                "00:1A:79:08:4B:5D",
                "00:1A:79:08:53:D7",
                "00:1A:79:08:45:9B",
                "00:1A:79:08:45:1E",
                "00:1A:79:08:49:21",
                "00:1A:79:08:45:B8",
                "00:1A:79:08:42:69",
                "00:1A:79:08:49:20",
                "00:1A:79:08:50:3F",
                "00:1A:79:08:52:E2",
                "00:1a:79:08:4d:bf",
                "00:1A:79:08:4C:17"
            ]
        },
        {
            "server_name": "optimus-tv.org:8080",
            "server_url": "http://optimus-tv.org:8080/c/",
            "macs": [
                "00:1A:79:08:E8:69",
                "00:1A:79:08:EB:EC",
                "00:1A:79:08:E8:55",
                "00:1A:79:08:EC:E8",
                "00:1A:79:08:E3:C5",
                "00:1a:79:08:e2:c0",
                "00:1A:79:08:4D:48",
                "00:1A:79:09:81:63",
                "00:1A:79:0E:37:F3",
                "00:1A:79:0E:37:90",
                "00:1A:79:08:E9:ED",
                "00:1A:79:0E:39:05",
                "00:1A:79:0E:39:81",
                "00:1A:79:08:ED:B4",
                "00:1A:79:10:40:55",
                "00:1A:79:10:3E:C7",
                "00:1A:79:08:E2:B0",
                "00:1A:79:10:3F:49",
                "00:1A:79:08:ED:DD",
                "00:1A:79:10:3F:BF",
                "00:1A:79:10:40:D5"
            ]
        },
        {
            "server_name": "optimus-tv.org:8080",
            "server_url": "http://optimus-tv.org:8080/c/",
            "macs": [
                "00:1A:79:40:25:5C",
                "00:1A:79:40:24:6E",
                "00:1A:79:40:90:3B",
                "00:1A:79:00:00:AA",
                "00:1A:79:00:00:AD",
                "00:1A:79:00:08:08",
                "00:1A:79:00:47:96",
                "00:1A:79:00:7E:03",
                "00:1A:79:01:6E:A2",
                "00:1A:79:01:6C:67",
                "00:1A:79:01:6F:A9",
                "00:1A:79:01:6E:1E",
                "00:1A:79:01:71:79",
                "00:1A:79:01:73:F9",
                "00:1A:79:01:73:0A",
                "00:1A:79:01:70:3F",
                "00:1A:79:01:71:46",
                "00:1A:79:01:6E:FD",
                "00:1A:79:01:72:01"
            ]
        },
        {
            "server_name": "optimus-tv.org:8080",
            "server_url": "http://optimus-tv.org:8080/c/",
            "macs": [
                "00:1A:79:10:E3:3B",
                "00:1A:79:10:DD:95",
                "00:1A:79:10:E3:35",
                "00:1A:79:10:DD:41",
                "00:1A:79:17:12:F5",
                "00:1A:79:1A:03:59",
                "00:1A:79:1A:00:F7",
                "00:1A:79:1A:01:93",
                "00:1A:79:1A:01:4F",
                "00:1A:79:1A:02:5F",
                "00:1A:79:1A:03:02",
                "00:1A:79:1A:03:A4",
                "00:1A:79:1A:03:57",
                "00:1A:79:22:22:22",
                "00:1A:79:24:4F:C6",
                "00:1A:79:30:59:6C",
                "00:1A:79:3B:0B:71",
                "00:1A:79:3C:C1:08",
                "00:1A:79:40:28:B2"
            ]
        }
    ]
}