{
    "items": [
        {
            "server_name": "darktv.eu:25461",
            "server_url": "http://darktv.eu:25461/c/",
            "macs": [
                "00:1A:79:31:EC:CB",
                "00:1A:79:31:DE:A3",
                "00:1A:79:31:D7:6B"
            ]
        },
        {
            "server_name": "kingbox.vip",
            "server_url": "http://kingbox.vip/c/",
            "macs": [
                "00:1A:79:B4:58:6B",
                "00:1A:79:B7:74:F6",
                "00:1A:79:C1:6E:6E",
                "00:1A:79:B4:58:6B",
                "00:1A:79:BD:35:F7"
            ]
        }
    ]
}