{
    "items": [
        {
            "server_name": "portal.ramz123.xyz:8080",
            "server_url": "http://portal.ramz123.xyz:8080/c/",
            "macs": [
                "00:1a:79:ba:0d:88",
                "00:1a:79:ba:bb:56",
                "00:1a:79:a1:48:5f"
            ]
        },
        {
            "server_name": "heretv.club",
            "server_url": "http://heretv.club/c/",
            "macs": [
                "00:1a:79:b0:92:f6",
                "00:1a:79:b7:e6:88",
                "00:1a:79:bb:59:ce"
            ]
        },
        {
            "server_name": "mag.premiumplus.tv",
            "server_url": "http://mag.premiumplus.tv/c/",
            "macs": [
                "00:1A:79:7E:34:F0"
            ]
        },
        {
            "server_name": "mutant.arrox.top:80",
            "server_url": "http://mutant.arrox.top:80/c/",
            "macs": [
                "00:1A:79:05:AB:08",
                "00:1A:79:1c:0f:43"
            ]
        }
    ]
}