{
    "items": [
        {
            "server_name": "ibrasmarters.com:8789",
            "server_url": "http://ibrasmarters.com:8789/c/",
            "macs": [
                "00:1A:79:02:B8:A2",
                "00:1A:79:08:48:83",
                "00:1A:79:35:62:35",
                "00:1A:79:37:60:70",
                "00:1A:79:3A:A6:2F",
                "00:1A:79:5D:24:97",
                "00:1A:79:71:3F:7F",
                "00:1A:79:74:BB:A7",
                "00:1A:79:AE:3E:88",
                "00:1A:79:BF:5D:B5"
            ]
        },
        {
            "server_name": "birutv.my.id",
            "server_url": "http://birutv.my.id/c/",
            "macs": [
                "00:1A:79:09:6B:50",
                "00:1A:79:1D:42:A3",
                "00:1A:79:2D:74:FA",
                "00:1A:79:A7:6F:BB",
                "00:1A:79:B7:14:EF",
                "00:1A:79:D5:9F:BB",
                "00:1A:79:DF:40:27",
                "00:1A:79:F9:9F:E5"
            ]
        },
        {
            "server_name": "vvcmwnbpx4.wizzy.mastersofbiko.com:8080",
            "server_url": "http://vvcmwnbpx4.wizzy.mastersofbiko.com:8080/c/",
            "macs": [
                "00:1A:79:0B:F8:5C",
                "00:1A:79:AB:69:C3"
            ]
        },
        {
            "server_name": "neroiptv.xyz:8080",
            "server_url": "http://neroiptv.xyz:8080/c/",
            "macs": [
                "00:1A:79:5E:39:A9",
                "00:1A:79:75:8D:EF",
                "00:1A:79:78:0B:18",
                "00:1A:79:C4:50:B8"
            ]
        },
        {
            "server_name": "pal.alphatx.me:80",
            "server_url": "http://pal.alphatx.me:80/c/",
            "macs": [
                "00:1A:79:7F:8D:F4",
                "00:1A:79:CA:D8:5E",
                "00:1A:79:CE:19:15"
            ]
        },
        {
            "server_name": "crystalott.net",
            "server_url": "http://crystalott.net/c/",
            "macs": [
                "00:1A:79:51:2F:BC",
                "00:1A:79:AE:F7:06"
            ]
        },
        {
            "server_name": "sonymax.org:8080",
            "server_url": "http://sonymax.org:8080/c/",
            "macs": [
                "00:1A:79:6B:D0:AA",
                "00:1A:79:C9:34:F2"
            ]
        },
        {
            "server_name": "forzamilan.ddns.net:80",
            "server_url": "http://forzamilan.ddns.net:80/c/",
            "macs": [
                "00:1A:79:29:0E:73"
            ]
        },
        {
            "server_name": "filex.tv:8080",
            "server_url": "http://filex.tv:8080/c/",
            "macs": [
                "00:1A:79:00:00:00"
            ]
        },
        {
            "server_name": "hellas.sltv.pw:8080",
            "server_url": "http://hellas.sltv.pw:8080/c/",
            "macs": [
                "00:1A:79:04:EB:49",
                "00:1A:79:09:1B:AA",
                "00:1A:79:2A:D1:97",
                "00:1A:79:36:98:D6",
                "00:1A:79:46:57:84",
                "00:1A:79:51:DF:24",
                "00:1A:79:56:A6:50",
                "00:1A:79:57:9F:36",
                "00:1A:79:6A:C4:ED",
                "00:1A:79:6A:C8:87",
                "00:1A:79:AB:DD:EC",
                "00:1A:79:B9:A4:C0",
                "00:1A:79:BA:22:26",
                "00:1A:79:D0:2D:88"
            ]
        },
        {
            "server_name": "stalker.ugoiptv.com",
            "server_url": "http://stalker.ugoiptv.com/c/",
            "macs": [
                "00:1A:79:20:D1:4A",
                "00:1A:79:3D:55:43",
                "00:1A:79:5C:EA:08",
                "00:1A:79:66:0F:17",
                "00:1A:79:8E:59:45",
                "00:1A:79:B4:B4:3D",
                "00:1A:79:C6:D5:D5",
                "00:1A:79:CC:FE:9F",
                "00:1A:79:D0:22:EF",
                "00:1A:79:E5:94:04",
                "00:1A:79:E6:F7:8B",
                "00:1A:79:ED:3D:70"
            ]
        },
        {
            "server_name": "ns31617126.ip-162-19-37.eu:8080",
            "server_url": "http://ns31617126.ip-162-19-37.eu:8080/c/",
            "macs": [
                "00:1A:79:92:B6:9D",
                "00:1A:79:A5:BF:C9",
                "00:1A:79:AB:2D:17",
                "00:1A:79:AD:05:D1",
                "00:1A:79:B1:65:25",
                "00:1A:79:B4:F2:9A",
                "00:1A:79:B5:B7:EA",
                "00:1A:79:BD:82:72",
                "00:1A:79:C0:C8:1E",
                "00:1A:79:C7:CF:94",
                "00:1A:79:FB:1C:F0",
                "00:1A:79:FB:4F:24"
            ]
        },
        {
            "server_name": "skunkytv.live",
            "server_url": "http://skunkytv.live/c/",
            "macs": [
                "00:1A:79:24:80:16",
                "00:1A:79:29:CE:73",
                "00:1A:79:31:81:E7",
                "00:1A:79:B2:23:F1",
                "00:1A:79:C1:69:80",
                "00:1A:79:C4:36:87"
            ]
        },
        {
            "server_name": "ainfo.icu:8000",
            "server_url": "http://ainfo.icu:8000/c/",
            "macs": [
                "00:1A:79:0B:D4:58",
                "00:1A:79:38:F2:2B",
                "00:1A:79:3A:6B:7C",
                "00:1A:79:54:0D:C6",
                "00:1A:79:6A:65:F1",
                "00:1A:79:86:CE:88",
                "00:1A:79:94:DD:9F",
                "00:1A:79:CE:3E:91",
                "00:1A:79:E5:E2:D1"
            ]
        },
        {
            "server_name": "gfr5.mi20.cc",
            "server_url": "http://gfr5.mi20.cc/stalker_portal/c/",
            "macs": [
                "00:1A:79:66:43:CE",
                "00:1A:79:6F:8E:1F",
                "00:1A:79:74:16:07",
                "00:1A:79:74:20:C7",
                "00:1A:79:77:67:B4",
                "00:1A:79:E5:EB:97",
                "00:1A:79:E5:F5:50",
                "00:1A:79:F1:E5:D7"
            ]
        },
        {
            "server_name": "tv.greatstar.me",
            "server_url": "http://tv.greatstar.me/c/",
            "macs": [
                "00:1A:79:05:A4:1F",
                "00:1A:79:2E:89:A9",
                "00:1A:79:37:A7:85",
                "00:1A:79:6F:97:FB",
                "00:1A:79:79:C0:3D",
                "00:1A:79:AF:06:1B",
                "00:1A:79:B7:B5:A2",
                "00:1A:79:D6:A0:E4"
            ]
        },
        {
            "server_name": "user.streamtv.to:8080",
            "server_url": "http://user.streamtv.to:8080/c/",
            "macs": [
                "00:1A:79:10:E0:A6",
                "00:1A:79:10:E1:44",
                "00:1A:79:10:E1:45",
                "00:1A:79:10:E1:46",
                "00:1A:79:10:E1:4B",
                "00:1A:79:10:E3:65",
                "00:1A:79:10:E3:6C",
                "00:1A:79:13:E9:24",
                "00:1A:79:15:E2:14"
            ]
        },
        {
            "server_name": "digital121.xyz:80",
            "server_url": "http://digital121.xyz:80/c/",
            "macs": [
                "00:1A:79:AC:CC:7E",
                "00:1A:79:C3:FB:77",
                "00:1A:79:C6:F9:0C"
            ]
        },
        {
            "server_name": "51.159.70.234",
            "server_url": "http://51.159.70.234/stalker_portal/c/",
            "macs": [
                "00:1A:79:24:7F:DE",
                "00:1A:79:28:6F:5C",
                "00:1A:79:59:BD:AE",
                "00:1A:79:61:FD:D3",
                "00:1A:79:65:DC:44",
                "00:1A:79:66:86:07",
                "00:1A:79:78:5C:8B",
                "00:1A:79:7A:F7:FE",
                "00:1A:79:B2:DC:C1",
                "00:1A:79:C2:08:B7",
                "00:1A:79:EE:6D:15",
                "00:1A:79:F4:40:A4"
            ]
        },
        {
            "server_name": "mutant.arrox.top",
            "server_url": "http://mutant.arrox.top/c/",
            "macs": [
                "00:1A:79:03:08:76",
                "00:1A:79:08:00:77",
                "00:1A:79:08:4E:89",
                "00:1A:79:0B:C1:73",
                "00:1A:79:0E:3A:CE",
                "00:1A:79:17:46:D7",
                "00:1A:79:18:11:5E",
                "00:1A:79:19:02:DD",
                "00:1A:79:45:55:77",
                "00:1A:79:68:0F:84",
                "00:1A:79:92:4F:97",
                "00:1A:79:A2:D3:67",
                "00:1A:79:B8:8F:C9",
                "00:1A:79:BA:06:8A",
                "00:1A:79:BB:E4:6B",
                "00:1A:79:BB:E6:28",
                "00:1A:79:C2:78:FD",
                "00:1A:79:CA:5F:2B",
                "00:1A:79:CE:46:53"
            ]
        },
        {
            "server_name": "cbrlig.com:8080",
            "server_url": "http://cbrlig.com:8080/c/",
            "macs": [
                "00:1A:79:AA:6D:60",
                "00:1A:79:AB:43:56"
            ]
        },
        {
            "server_name": "erdin1.com:8000",
            "server_url": "http://erdin1.com:8000/c/",
            "macs": [
                "00:1A:79:20:3F:39",
                "00:1A:79:25:7F:7D",
                "00:1A:79:52:C3:C0",
                "00:1A:79:5D:E5:F3",
                "00:1A:79:70:30:2D",
                "00:1A:79:73:39:31",
                "00:1A:79:DD:5F:2B"
            ]
        },
        {
            "server_name": "hdmiclub.online:8080",
            "server_url": "http://hdmiclub.online:8080/c/",
            "macs": [
                "00:1A:79:AC:CC:7E",
                "00:1A:79:AD:F4:81",
                "00:1A:79:C3:FB:77",
                "00:1A:79:C6:D6:8B",
                "00:1A:79:C6:F9:0C"
            ]
        },
        {
            "server_name": "62.182.83.108",
            "server_url": "http://62.182.83.108/c/",
            "macs": [
                "00:1A:79:00:5E:01",
                "00:1A:79:10:02:FC",
                "00:1A:79:1A:8C:23",
                "00:1A:79:22:5A:A5",
                "00:1A:79:2B:34:92",
                "00:1A:79:31:91:80",
                "00:1A:79:33:63:C0",
                "00:1A:79:39:31:33",
                "00:1A:79:3A:42:61",
                "00:1A:79:3E:4A:A2",
                "00:1A:79:41:0D:37",
                "00:1A:79:4B:B0:47",
                "00:1A:79:55:F2:57",
                "00:1A:79:58:8D:77",
                "00:1A:79:61:65:34",
                "00:1A:79:66:C8:51",
                "00:1A:79:6C:44:F0",
                "00:1A:79:6C:CD:DC",
                "00:1A:79:6F:C1:C2",
                "00:1A:79:77:B8:8D",
                "00:1A:79:AD:94:DE"
            ]
        },
        {
            "server_name": "besttv.club:8080",
            "server_url": "http://besttv.club:8080/c/",
            "macs": [
                "00:1A:79:18:2F:6B",
                "00:1A:79:5D:27:50",
                "00:1A:79:C5:B2:36"
            ]
        },
        {
            "server_name": "162.19.37.133:8080",
            "server_url": "http://162.19.37.133:8080/c/",
            "macs": [
                "00:1A:79:7A:30:0D",
                "00:1A:79:B6:8B:3A",
                "00:1A:79:B9:00:75"
            ]
        },
        {
            "server_name": "world.marvelhd.eu:8000",
            "server_url": "http://world.marvelhd.eu:8000/c/",
            "macs": [
                "00:1A:79:2B:0E:A3",
                "00:1A:79:31:E2:DF",
                "00:1A:79:72:11:F5",
                "00:1A:79:77:5A:0D",
                "00:1A:79:7E:07:21",
                "00:1A:79:C0:0C:32",
                "00:1A:79:C9:87:2F",
                "00:1A:79:CE:8D:88",
                "00:1A:79:D6:68:95"
            ]
        },
        {
            "server_name": "marvelhd.eu:8080",
            "server_url": "http://marvelhd.eu:8080/c/",
            "macs": [
                "00:1A:79:05:E8:AE",
                "00:1A:79:1F:10:4D",
                "00:1A:79:23:FD:B1",
                "00:1A:79:2B:8E:4F",
                "00:1A:79:63:A7:96",
                "00:1A:79:8F:D4:29",
                "00:1A:79:AB:5E:0F",
                "00:1A:79:D3:7E:2E"
            ]
        },
        {
            "server_name": "new.ivue.co:25461",
            "server_url": "http://new.ivue.co:25461/c/",
            "macs": [
                "00:1A:79:B8:4C:9E"
            ]
        },
        {
            "server_name": "ns358711.ovh.net:88",
            "server_url": "http://ns358711.ovh.net:88/stalker_portal/c/",
            "macs": [
                "00:1A:79:2E:51:AA",
                "00:1A:79:6B:B1:93"
            ]
        },
        {
            "server_name": "p1.iptvrocket.tv",
            "server_url": "http://p1.iptvrocket.tv/c/",
            "macs": [
                "00:1A:79:2B:31:66",
                "00:1A:79:AA:33:69",
                "00:1A:79:B8:DB:DE",
                "00:1A:79:C5:1A:E2",
                "00:1A:79:C5:74:55"
            ]
        }
    ]
}