{
    "items": [
        {
            "server_name": "iptvswiss.com.123tv.to:8080",
            "server_url": "http://iptvswiss.com.123tv.to:8080/c/",
            "macs": [
                "00:1A:79:B5:62:78",
                "00:1A:79:AE:A5:DE",
                "00:1A:79:6E:38:4A",
                "00:1A:79:49:D7:47",
                "00:1A:79:BD:50:70",
                "00:1A:79:EE:DC:D4",
                "00:1A:79:B8:8D:1F"
            ]
        },
        {
            "server_name": "tv.psmarters.xyz:8080",
            "server_url": "http://tv.psmarters.xyz:8080/c/",
            "macs": [
                "00:1A:79:10:DF:E0",
                "00:1A:79:10:DF:F2",
                "00:1A:79:10:DF:69",
                "00:1A:79:10:DF:F8",
                "00:1A:79:10:DF:FE",
                "00:1A:79:10:DF:6F",
                "00:1A:79:10:E0:22",
                "00:1A:79:10:DF:7B",
                "00:1A:79:10:E0:40",
                "00:1A:79:10:DF:81"
            ]
        },
        {
            "server_name": "vip2102.112421.net:2050",
            "server_url": "http://vip2102.112421.net:2050/c/",
            "macs": [
                "00:1A:79:3C:7F:C5",
                "00:1A:79:9B:9F:4B",
                "00:1A:79:91:0F:DC",
                "00:1A:79:5D:5F:72",
                "00:1A:79:B6:9C:B7",
                "00:1A:79:BF:16:C3",
                "00:1A:79:7A:73:81",
                "00:1A:79:7C:3F:40",
                "00:1A:79:70:FA:59"
            ]
        },
        {
            "server_name": "balkan-x.net:80",
            "server_url": "http://balkan-x.net:80/c/",
            "macs": [
                "00:1A:79:64:db:8c",
                "00:1A:79:72:af:08",
                "00:1A:79:7e:1a:2a",
                "00:1A:79:4c:f2:ed",
                "00:1A:79:76:a3:4f",
                "00:1A:79:7f:cd:64",
                "00:1A:79:50:72:09",
                "00:1A:79:7b:af:09",
                "00:1A:79:6f:88:ff",
                "00:1A:79:5d:4e:9c",
                "00:1A:79:55:e0:fd",
                "00:1A:79:72:14:2c"
            ]
        },
        {
            "server_name": "magico.livrexs.xyz",
            "server_url": "http://magico.livrexs.xyz/c/",
            "macs": [
                "00:1A:79:D1:90:98",
                "00:1A:79:46:B5:96",
                "00:1A:79:AE:22:8F",
                "00:1A:79:AE:22:8F",
                "00:1A:79:C1:E0:3A",
                "00:1A:79:AE:00:5B",
                "00:1A:79:BB:CE:6F",
                "00:1A:79:A2:E5:B2",
                "00:1A:79:A2:C6:1B"
            ]
        },
        {
            "server_name": "stb.iphd.tv",
            "server_url": "http://stb.iphd.tv/c/",
            "macs": [
                "00:1A:79:41:E6:8C",
                "00:1A:79:B3:77:B5",
                "00:1A:79:6A:1A:8D",
                "00:1A:79:B7:2E:E8"
            ]
        },
        {
            "server_name": "trsat.ddns.us",
            "server_url": "http://trsat.ddns.us/c/",
            "macs": [
                "00:1A:79:0E:25:3C"
            ]
        },
        {
            "server_name": "45.139.122.199:8080",
            "server_url": "http://45.139.122.199:8080/c/",
            "macs": [
                "00:1A:79:AE:89:7B",
                "00:1A:79:C7:01:98",
                "00:1A:79:51:40:D7"
            ]
        },
        {
            "server_name": "fastrunner.live:8080",
            "server_url": "http://fastrunner.live:8080/c/",
            "macs": [
                "00:1A:79:C7:CA:98",
                "00:1A:79:A1:FB:35",
                "00:1A:79:C8:10:EF",
                "00:1A:79:C7:CA:98"
            ]
        },
        {
            "server_name": "117tv.icu:8080",
            "server_url": "http://117tv.icu:8080/c/",
            "macs": [
                "00:1A:79:92:FF:C3",
                "00:1A:79:AA:66:94"
            ]
        },
        {
            "server_name": "streamcode.one:2082",
            "server_url": "http://streamcode.one:2082/c/",
            "macs": [
                "00:1A:79:88:D3:F1",
                "00:1A:79:77:27:92"
            ]
        }
    ]
}