{
    "items": [
        {
            "server_name": "premiumtv4k.ottct.pro:80",
            "server_url": "http://premiumtv4k.ottct.pro:80/c/",
            "macs": [
                "00:1A:79:50:ce:d2",
                "00:1A:79:bc:fa:7d",
                "00:1A:79:2f:34:40",
                "00:1A:79:5b:93:50",
                "00:1A:79:50:d9:99",
                "00:1A:79:2f:de:10"
            ]
        },
        {
            "server_name": "hdmiclub.online:8080",
            "server_url": "http://hdmiclub.online:8080/c/",
            "macs": [
                "00:1A:79:c4:22:f9",
                "00:1A:79:bc:75:39",
                "00:1A:79:ba:60:c8"
            ]
        }
    ]
}