{
    "items": [
        {
            "server_name": "dm7776tv.xyz:8080",
            "server_url": "http://dm7776tv.xyz:8080/c/",
            "macs": [
                "00:1A:79:BD:80:2C",
                "00:1A:79:4D:06:51",
                "00:1A:79:00:16:7C",
                "00:1A:79:08:E7:3B",
                "00:1A:79:49:76:7F",
                "00:1A:79:C4:35:1D"
            ]
        },
        {
            "server_name": "holipop.xyz",
            "server_url": "http://holipop.xyz/c/",
            "macs": [
                "00:1A:79:B8:80:57",
                "00:1A:79:A1:D2:CB"
            ]
        },
        {
            "server_name": "un1.anonymoustv.club:80",
            "server_url": "http://un1.anonymoustv.club:80/c/",
            "macs": [
                "00:1A:79:95:9a:ad",
                "00:1A:79:8c:d3:38",
                "00:1A:79:c1:51:43",
                "00:1A:79:b7:6f:47"
            ]
        },
        {
            "server_name": "liveuk.xyz:8080",
            "server_url": "http://liveuk.xyz:8080/c/",
            "macs": [
                "00:1A:79:cc:48:18"
            ]
        },
        {
            "server_name": "proxy.iptveurope.cc:8080",
            "server_url": "http://proxy.iptveurope.cc:8080/c/",
            "macs": [
                "00:1A:79:4F:49:F7"
            ]
        },
        {
            "server_name": "tvhouse.live",
            "server_url": "http://tvhouse.live/c/",
            "macs": [
                "00:1A:79:33:71:28",
                "00:1A:79:3D:24:4D",
                "00:1A:79:19:44:92",
                "00:1A:79:CD:6A:B8",
                "00:1A:79:08:2F:5B",
                "00:1a:79:00:10:F5",
                "00:1A:79:00:12:6B",
                "00:1a:79:48:37:5f",
                "00:1A:79:37:2A:59",
                "00:1A:79:00:31:22",
                "00:1A:79:4A:BA:C9",
                "00:1A:79:54:73:01",
                "00:1A:79:0b:ae:74",
                "00:1A:79:40:4B:29",
                "00:1A:79:09:18:32",
                "00:1A:79:00:12:7D",
                "00:1A:79:4E:48:7B",
                "00:1A:79:6A:C5:D1",
                "00:1a:79:4e:fe:91",
                "00:1a:79:16:9f:b5",
                "00:1a:79:AA:0F:9C",
                "00:1A:79:4C:CC:75",
                "00:1A:79:57:D2:C8"
            ]
        },
        {
            "server_name": "89.45.13.153:25461",
            "server_url": "http://89.45.13.153:25461/c/",
            "macs": [
                "00:1A:79:08:BA:81",
                "00:1A:79:4B:71:52"
            ]
        },
        {
            "server_name": "portal.1rutv.vip",
            "server_url": "http://portal.1rutv.vip/stalker_portal/c/",
            "macs": [
                "00:1A:79:b4:31:a9"
            ]
        },
        {
            "server_name": "185.235.165.30",
            "server_url": "http://185.235.165.30/c/",
            "macs": [
                "00:1A:79:6B:09:15",
                "00:1A:79:70:66:5F",
                "00:1A:79:55:99:64",
                "00:1A:79:7E:40:54",
                "00:1A:79:62:37:30",
                "00:1A:79:35:35:64",
                "00:1A:79:7C:55:7F",
                "00:1A:79:66:3C:5E",
                "00:1A:79:3A:6A:57",
                "00:1A:79:81:71:33",
                "00:1A:79:5E:40:73",
                "00:1A:79:30:A8:A0"
            ]
        },
        {
            "server_name": "un1.anonymoustv.club:80",
            "server_url": "http://un1.anonymoustv.club:80/c/",
            "macs": [
                "00:1A:79:c1:51:43",
                "00:1A:79:8c:d3:38",
                "00:1A:79:b7:6f:47",
                "00:1A:79:c7:05:e6",
                "00:1A:79:80:a7:c2",
                "00:1A:79:63:66:37",
                "00:1A:79:5e:87:83",
                "00:1A:79:95:9a:ad",
                "00:1A:79:67:b6:aa",
                "00:1A:79:f0:1f:4c"
            ]
        },
        {
            "server_name": "holipop.xyz",
            "server_url": "http://holipop.xyz/c/",
            "macs": [
                "00:1A:79:B8:80:57",
                "00:1A:79:D2:A5:DB",
                "00:1A:79:CF:89:71",
                "00:1A:79:A1:D2:CB",
                "00:1A:79:AD:B1:34",
                "00:1A:79:BB:34:9B",
                "00:1A:79:AD:D1:15",
                "00:1A:79:AD:3E:E3",
                "00:1A:79:A4:4C:A7",
                "00:1A:79:BA:56:8D"
            ]
        },
        {
            "server_name": "magonlyx.abcott.me",
            "server_url": "http://magonlyx.abcott.me/c/",
            "macs": [
                "00:1A:79:D5:06:B4",
                "00:1A:79:BC:BD:F3",
                "00:1A:79:90:EF:40",
                "00:1A:79:E5:74:5A",
                "00:1A:79:6F:82:97",
                "00:1A:79:0E:0F:C2",
                "00:1A:79:4C:F3:17",
                "00:1A:79:E6:E1:9A",
                "00:1A:79:33:82:2B",
                "00:1A:79:A3:BE:63"
            ]
        },
        {
            "server_name": "couchguy.club",
            "server_url": "http://couchguy.club/c/",
            "macs": [
                "00:1A:79:D3:2E:F5"
            ]
        },
        {
            "server_name": "dm7776tv.xyz:8080",
            "server_url": "http://dm7776tv.xyz:8080/c/",
            "macs": [
                "00:1A:79:00:16:7C",
                "00:1A:79:08:E7:3B",
                "00:1A:79:49:76:7F",
                "00:1A:79:C4:35:1D",
                "00:1A:79:4D:06:51",
                "00:1A:79:BD:80:2C"
            ]
        },
        {
            "server_name": "162.19.37.133:8080",
            "server_url": "http://162.19.37.133:8080/c/",
            "macs": [
                "00:1A:79:C2:8F:98",
                "00:1A:79:CC:C5:93",
                "00:1A:79:D0:29:36",
                "00:1A:79:FB:49:B7",
                "00:1A:79:D2:1E:7C",
                "00:1A:79:B7:19:CD",
                "00:1A:79:B2:A1:C7",
                "00:1A:79:D2:25:36",
                "00:1A:79:C8:77:D4",
                "00:1A:79:D1:E7:ED",
                "00:1A:79:D2:EA:9D"
            ]
        },
        {
            "server_name": "87.116.151.4",
            "server_url": "http://87.116.151.4/stalker_portal/c/",
            "macs": [
                "00:1A:79:73:1E:82"
            ]
        },
        {
            "server_name": "tv.iptvsupport.live:8080",
            "server_url": "http://tv.iptvsupport.live:8080/c/",
            "macs": [
                "00:1A:79:63:B0:56",
                "00:1A:79:49:D7:47",
                "00:1A:79:C4:1D:94",
                "00:1A:79:04:E9:16",
                "00:1A:79:C1:9F:5B",
                "00:1A:79:58:EC:A5",
                "00:1A:79:B5:15:5F",
                "00:1A:79:C0:B7:EC",
                "00:1A:79:17:28:62",
                "00:1A:79:8C:0A:B2",
                "00:1A:79:F7:A6:DC"
            ]
        },
        {
            "server_name": "2024.justflix.tv",
            "server_url": "http://2024.justflix.tv/c/",
            "macs": [
                "00:1A:79:39:53:C1",
                "00:1A:79:BB:EC:57",
                "00:1A:79:46:87:F2"
            ]
        },
        {
            "server_name": "magentalive.eu:8080",
            "server_url": "http://magentalive.eu:8080/c/",
            "macs": [
                "00:1A:79:ac:d2:eb"
            ]
        },
        {
            "server_name": "ipwebtv.dyndns.tv:8000",
            "server_url": "http://ipwebtv.dyndns.tv:8000/c/",
            "macs": [
                "00:1A:79:bd:f5:da",
                "00:1A:79:cb:88:6e",
                "00:1A:79:d3:e8:18"
            ]
        },
        {
            "server_name": "61025-cult.cloud-ott.me",
            "server_url": "http://61025-cult.cloud-ott.me/c/",
            "macs": [
                "00:1A:79:C6:98:4F",
                "00:1A:79:CA:81:5B",
                "00:1A:79:E6:5F:7D",
                "00:1A:79:C4:04:B7",
                "00:1A:79:B5:4A:02",
                "00:1A:79:44:FB:09",
                "00:1A:79:FB:06:C8",
                "00:1A:79:AF:1A:80",
                "00:1A:79:5B:F3:5C",
                "00:1A:79:03:A7:D2"
            ]
        },
        {
            "server_name": "1.germany4k.xyz:8080",
            "server_url": "http://1.germany4k.xyz:8080/c/",
            "macs": [
                "00:1A:79:69:67:22",
                "00:1A:79:61:34:32",
                "00:1A:79:98:f7:52"
            ]
        }
    ]
}