{
    "items": [
        {
            "server_name": "maxzi.pro:80",
            "server_url": "http://maxzi.pro:80/c/",
            "macs": [
                "00:1A:79:30:F6:8F",
                "00:1A:79:44:FB:E0",
                "00:1A:79:66:66:0B",
                "00:1A:79:AC:D6:7A"
            ]
        },
        {
            "server_name": "pantv.xyz:8080",
            "server_url": "http://pantv.xyz:8080/c/",
            "macs": [
                "00:1A:79:49:63:48",
                "00:1A:79:4C:25:F8"
            ]
        },
        {
            "server_name": "primary4.magbox.tv",
            "server_url": "http://primary4.magbox.tv/stalker_portal/c/",
            "macs": [
                "00:1A:79:44:CC:5B"
            ]
        },
        {
            "server_name": "212.129.8.69",
            "server_url": "http://212.129.8.69/stalker_portal/c/",
            "macs": [
                "00:1A:79:89:EC:75"
            ]
        },
        {
            "server_name": "45.139.122.199:8080",
            "server_url": "http://45.139.122.199:8080/c/",
            "macs": [
                "00:1A:79:2F:76:04",
                "00:1A:79:50:28:4F",
                "00:1A:79:51:70:63",
                "00:1A:79:6B:D6:25",
                "00:1A:79:A5:D7:8F",
                "00:1A:79:AA:8D:C7",
                "00:1A:79:AB:BF:3C",
                "00:1A:79:AB:F7:D7",
                "00:1A:79:AE:B2:E6",
                "00:1A:79:B1:6E:33",
                "00:1A:79:BF:C9:15",
                "00:1A:79:BF:EC:20",
                "00:1A:79:CA:6F:AB",
                "00:1A:79:D7:5B:3A"
            ]
        }
    ]
}