{
    "items": [
        {
            "server_name": "iptvkosova.ml.gentv.to",
            "server_url": "http://iptvkosova.ml.gentv.to/c/",
            "macs": [
                "00:1a:79:ad:fa:c6",
                "00:1a:79:ab:48:07",
                "00:1a:79:b9:f0:93"
            ]
        },
        {
            "server_name": "vip.dom1tv.com:25443",
            "server_url": "http://vip.dom1tv.com:25443/c/",
            "macs": [
                "00:1a:79:fc:6c:87",
                "00:1a:79:bd:45:b5"
            ]
        },
        {
            "server_name": "4connect.link",
            "server_url": "http://4connect.link/c/",
            "macs": [
                "00:1a:79:b9:3a:ac",
                "00:1a:79:af:fc:f9",
                "00:1a:79:b7:72:fa",
                "00:1a:79:b0:a3:38",
                "00:1a:79:a2:c6:50",
                "00:1a:79:ad:51:b6"
            ]
        },
        {
            "server_name": "matrix-ott.tv:8080",
            "server_url": "http://matrix-ott.tv:8080/c/",
            "macs": [
                "00:1A:79:C1:DE:B0",
                "00:1A:79:B5:62:4C",
                "00:1A:79:5C:3D:A9",
                "00:1A:79:7C:6F:3C"
            ]
        },
        {
            "server_name": "iptv.magikserv.com:80",
            "server_url": "http://iptv.magikserv.com:80/c/",
            "macs": [
                "00:1a:79:d8:1f:64",
                "00:1a:79:c1:f1:72"
            ]
        },
        {
            "server_name": "zenlink.link",
            "server_url": "http://zenlink.link/c/",
            "macs": [
                "00:1a:79:b0:93:26"
            ]
        }
    ]
}