{
    "items": [
        {
            "server_name": "clientsportals.com",
            "server_url": "http://clientsportals.com/c/",
            "macs": [
                "00:1A:79:00:00:00",
                "00:1A:79:00:00:01",
                "00:1A:79:00:01:85",
                "00:1A:79:00:02:A6",
                "00:1A:79:00:04:02",
                "00:1A:79:00:04:BD",
                "00:1A:79:00:0C:B4",
                "00:1A:79:00:0D:32",
                "00:1A:79:00:12:B5",
                "00:1A:79:00:13:12",
                "00:1A:79:00:1A:B2",
                "00:1A:79:11:22:33"
            ]
        },
        {
            "server_name": "2for1.nooneknows.xyz:8080",
            "server_url": "http://2for1.nooneknows.xyz:8080/c/",
            "macs": [
                "00:1A:79:15:51:A3",
                "00:1A:79:C9:8D:FC",
                "00:1A:79:CC:9A:3B",
                "00:1A:79:CC:9D:CC"
            ]
        },
        {
            "server_name": "new.ivue.co:25461",
            "server_url": "http://new.ivue.co:25461/c/",
            "macs": [
                "00:1A:79:47:97:C2",
                "00:1A:79:49:4A:C5",
                "00:1A:79:4C:D2:2D",
                "00:1A:79:E3:EF:57"
            ]
        },
        {
            "server_name": "isam.homelinux.com:80",
            "server_url": "http://isam.homelinux.com:80/c/",
            "macs": [
                "00:1A:79:C2:83:13",
                "00:1A:79:C2:90:6A",
                "00:1A:79:CA:C8:3C"
            ]
        },
        {
            "server_name": "51.159.70.234",
            "server_url": "http://51.159.70.234/stalker_portal/c/",
            "macs": [
                "00:1A:79:00:37:19",
                "00:1A:79:00:E6:A4",
                "00:1A:79:00:E8:05",
                "00:1A:79:8F:8D:81",
                "00:1A:79:D5:0F:62"
            ]
        },
        {
            "server_name": "31.42.176.59",
            "server_url": "http://31.42.176.59/c/",
            "macs": [
                "00:1A:79:26:71:D1",
                "00:1A:79:73:8E:06",
                "00:1A:79:7A:29:FD",
                "00:1A:79:7B:F2:2C"
            ]
        },
        {
            "server_name": "amepz.xyz:8080",
            "server_url": "http://amepz.xyz:8080/c/",
            "macs": [
                "00:1A:79:4C:36:7B"
            ]
        },
        {
            "server_name": "apkonrev.store:8080",
            "server_url": "http://apkonrev.store:8080/c/",
            "macs": [
                "00:1A:79:32:4A:3B",
                "00:1A:79:48:F2:40",
                "00:1A:79:5C:29:46"
            ]
        },
        {
            "server_name": "datacentar.org:80",
            "server_url": "http://datacentar.org:80/c/",
            "macs": [
                "00:1A:79:7D:63:D4"
            ]
        },
        {
            "server_name": "iptvch2.com",
            "server_url": "http://iptvch2.com/c/",
            "macs": [
                "00:1A:79:36:C3:6C",
                "00:1A:79:58:8A:BA",
                "00:1A:79:6A:42:8E",
                "00:1A:79:B4:4C:91",
                "00:1A:79:C5:38:FD",
                "00:1A:79:ED:B7:11"
            ]
        },
        {
            "server_name": "p2.iptvprivateserver.ru",
            "server_url": "http://p2.iptvprivateserver.ru/c/",
            "macs": [
                "00:1A:79:55:99:43",
                "00:1A:79:55:A1:94",
                "00:1A:79:63:83:95",
                "00:1A:79:64:04:C7",
                "00:1A:79:6A:4F:69",
                "00:1A:79:A6:2B:3C",
                "00:1A:79:CC:70:40",
                "00:1A:79:D3:5F:18",
                "00:1A:79:F1:2D:75",
                "00:1A:79:F7:2F:94"
            ]
        },
        {
            "server_name": "vod.4kplus.org",
            "server_url": "http://vod.4kplus.org/c/",
            "macs": [
                "00:1A:79:2C:1F:1C",
                "00:1A:79:5B:D6:7D",
                "00:1A:79:A9:75:EA"
            ]
        },
        {
            "server_name": "trsat.ddns.us:80",
            "server_url": "http://trsat.ddns.us:80/c/",
            "macs": [
                "00:1A:79:36:DA:38"
            ]
        },
        {
            "server_name": "mag.redmytv.com:80",
            "server_url": "http://mag.redmytv.com:80/c/",
            "macs": [
                "00:1A:79:05:C2:54",
                "00:1A:79:BF:2A:C0"
            ]
        }
    ]
}