{
    "items": [
        {
            "server_name": "mag.marsweb.co",
            "server_url": "http://mag.marsweb.co/c/",
            "macs": [
                "00:1A:79:32:AD:98",
                "00:1A:79:32:C4:65",
                "00:1A:79:3D:21:2A",
                "00:1A:79:7E:D5:90",
                "00:1A:79:92:84:D0",
                "00:1A:79:C0:97:84",
                "00:1A:79:C2:4F:16",
                "00:1A:79:D2:7B:26",
                "00:1A:79:D4:6F:E2",
                "00:1A:79:D8:46:41",
                "00:1A:79:E6:FA:32"
            ]
        },
        {
            "server_name": "45.139.122.199:8080",
            "server_url": "http://45.139.122.199:8080/c/",
            "macs": [
                "00:1A:79:0F:06:3F",
                "00:1A:79:13:CB:4E",
                "00:1A:79:49:9C:AF",
                "00:1A:79:4D:7E:87",
                "00:1A:79:4D:DE:BE",
                "00:1A:79:4F:61:5D",
                "00:1A:79:62:92:80",
                "00:1A:79:6D:A3:C7",
                "00:1A:79:73:5F:1A",
                "00:1A:79:A4:CF:A9",
                "00:1A:79:A9:1A:B5",
                "00:1A:79:AB:8E:28",
                "00:1A:79:AB:90:26",
                "00:1A:79:AD:93:9E",
                "00:1A:79:B0:9C:79",
                "00:1A:79:BA:67:73",
                "00:1A:79:BA:A5:BB",
                "00:1A:79:BF:84:0D",
                "00:1A:79:BF:90:D7",
                "00:1A:79:C0:83:47",
                "00:1A:79:C7:89:26",
                "00:1A:79:DD:4F:53",
                "00:1A:79:DF:AE:AA"
            ]
        },
        {
            "server_name": "stalker.ugoiptv.com",
            "server_url": "http://stalker.ugoiptv.com/c/",
            "macs": [
                "00:1A:79:6C:F9:65"
            ]
        },
        {
            "server_name": "51.91.57.198",
            "server_url": "http://51.91.57.198/stalker_portal/c/",
            "macs": [
                "00:1A:79:41:60:FE",
                "00:1A:79:71:1A:8C",
                "00:1A:79:74:AB:4E",
                "00:1A:79:75:BC:45"
            ]
        },
        {
            "server_name": "skipcf.cwdn.cx",
            "server_url": "http://skipcf.cwdn.cx/c/",
            "macs": [
                "00:1A:79:2D:43:73",
                "00:1A:79:64:2F:58",
                "00:1A:79:73:75:AA",
                "00:1A:79:77:19:30",
                "00:1A:79:A6:2D:6B",
                "00:1A:79:B5:8D:90",
                "00:1A:79:B5:9C:0D",
                "00:1A:79:B5:D8:11",
                "00:1A:79:B8:94:93",
                "00:1A:79:BB:12:E0",
                "00:1A:79:BB:FB:04",
                "00:1A:79:BC:26:C1",
                "00:1A:79:BE:47:85",
                "00:1A:79:BF:95:01",
                "00:1A:79:C5:14:7F",
                "00:1A:79:C6:83:A5",
                "00:1A:79:D5:77:73"
            ]
        }
    ]
}