{
    "items": [
        {
            "server_name": "185.243.7.154",
            "server_url": "http://185.243.7.154/c/",
            "macs": [
                "00:1A:79:15:01:97",
                "00:1A:79:17:0E:76",
                "00:1A:79:2A:EC:A9",
                "00:1A:79:57:00:07",
                "00:1A:79:5F:39:60",
                "00:1A:79:64:DF:F5",
                "00:1A:79:66:07:DC",
                "00:1A:79:75:50:17",
                "00:1A:79:8E:63:B9",
                "00:1A:79:93:C7:61",
                "00:1A:79:AB:B3:2A",
                "00:1A:79:B0:40:42",
                "00:1A:79:B4:67:9E",
                "00:1A:79:B4:D0:EC",
                "00:1A:79:BE:10:6C",
                "00:1A:79:C3:6C:C6",
                "00:1A:79:C9:93:33",
                "00:1A:79:CC:38:AF",
                "00:1A:79:CF:06:85",
                "00:1A:79:D0:61:40",
                "00:1A:79:D5:69:A9",
                "00:1A:79:E6:37:6A",
                "00:1A:79:F4:6F:10"
            ]
        },
        {
            "server_name": "elite41iptv.streamtv.to:8080",
            "server_url": "http://elite41iptv.streamtv.to:8080/c/",
            "macs": [
                "00:1A:79:44:65:4B",
                "00:1A:79:63:78:E0",
                "00:1A:79:AB:18:F1"
            ]
        },
        {
            "server_name": "185.182.193.87",
            "server_url": "http://185.182.193.87/stalker_portal/c/",
            "macs": [
                "00:1A:79:21:35:02",
                "00:1A:79:3F:AF:60"
            ]
        },
        {
            "server_name": "bigline.club:8080",
            "server_url": "http://bigline.club:8080/c/",
            "macs": [
                "00:1A:79:AB:C9:60"
            ]
        },
        {
            "server_name": "5.206.227.184:8080",
            "server_url": "http://5.206.227.184:8080/c/",
            "macs": [
                "00:1A:79:00:45:F6",
                "00:1A:79:BB:C7:B0"
            ]
        },
        {
            "server_name": "restream.globaltv1.net:8080",
            "server_url": "http://restream.globaltv1.net:8080/c/",
            "macs": [
                "00:1A:79:22:59:A5",
                "00:1A:79:B7:3D:5B"
            ]
        },
        {
            "server_name": "mag.trexlive.me",
            "server_url": "http://mag.trexlive.me/c/",
            "macs": [
                "00:1A:79:0B:63:A2",
                "00:1A:79:AF:3A:2D"
            ]
        },
        {
            "server_name": "p1.uiop.tv:8037",
            "server_url": "http://p1.uiop.tv:8037/stalker_portal/c/",
            "macs": [
                "00:1A:79:2F:C1:52",
                "00:1A:79:36:A2:49",
                "00:1A:79:49:AB:08",
                "00:1A:79:4E:CB:B8",
                "00:1A:79:55:29:A5",
                "00:1A:79:94:4E:2B"
            ]
        },
        {
            "server_name": "154.16.143.181:8080",
            "server_url": "http://154.16.143.181:8080/c/",
            "macs": [
                "00:1A:79:73:33:53",
                "00:1A:79:A4:80:8C"
            ]
        },
        {
            "server_name": "tvizle.nl:8080",
            "server_url": "http://tvizle.nl:8080/c/",
            "macs": [
                "00:1A:79:BC:CC:03",
                "00:1A:79:C0:15:B9",
                "00:1A:79:CA:E8:B0"
            ]
        },
        {
            "server_name": "x11.live:8080",
            "server_url": "http://x11.live:8080/c/",
            "macs": [
                "00:1A:79:10:3F:FA",
                "00:1A:79:AB:55:4C"
            ]
        },
        {
            "server_name": "sonymax.org:8080",
            "server_url": "http://sonymax.org:8080/c/",
            "macs": [
                "00:1A:79:71:AF:EB"
            ]
        },
        {
            "server_name": "optimus-tv.org:8080",
            "server_url": "http://optimus-tv.org:8080/c/",
            "macs": [
                "00:1A:79:01:73:0A"
            ]
        },
        {
            "server_name": "vip2102.112421.net:2050",
            "server_url": "http://vip2102.112421.net:2050/c/",
            "macs": [
                "00:1A:79:5F:5F:15",
                "00:1A:79:8D:0F:72"
            ]
        },
        {
            "server_name": "206.212.244.71:8080",
            "server_url": "http://206.212.244.71:8080/c/",
            "macs": [
                "00:1A:79:14:89:01",
                "00:1A:79:56:77:1A"
            ]
        },
        {
            "server_name": "prox.dragons-ott.com:8080",
            "server_url": "http://prox.dragons-ott.com:8080/c/",
            "macs": [
                "00:1A:79:BA:94:16",
                "00:1A:79:BD:8E:A4"
            ]
        },
        {
            "server_name": "isam.homelinux.com",
            "server_url": "http://isam.homelinux.com/c/",
            "macs": [
                "00:1A:79:BB:AE:AB",
                "00:1A:79:BD:E3:F9",
                "00:1A:79:BD:E4:2E",
                "00:1A:79:C2:83:63",
                "00:1A:79:C2:87:9C",
                "00:1A:79:C2:8E:84",
                "00:1A:79:CA:BB:AE",
                "00:1A:79:CB:2F:1B",
                "00:1A:79:CB:32:F4",
                "00:1A:79:CB:3B:69"
            ]
        },
        {
            "server_name": "nvs1hosting.live:25461",
            "server_url": "http://nvs1hosting.live:25461/c/",
            "macs": [
                "00:1A:79:92:09:71",
                "00:1A:79:B3:FB:5C",
                "00:1A:79:B8:A2:EF",
                "00:1A:79:C2:BC:27",
                "00:1A:79:C5:1D:8C",
                "00:1A:79:C6:84:77",
                "00:1A:79:C6:97:5B",
                "00:1A:79:CD:42:9B",
                "00:1A:79:CD:C9:E2"
            ]
        },
        {
            "server_name": "mag.ukhd.tv",
            "server_url": "http://mag.ukhd.tv/c/",
            "macs": [
                "00:1A:79:03:1D:15",
                "00:1A:79:0E:1F:76",
                "00:1A:79:32:26:EB",
                "00:1A:79:53:6E:3B",
                "00:1A:79:5A:2F:7F",
                "00:1A:79:83:7F:DD"
            ]
        },
        {
            "server_name": "45.139.122.199:8080",
            "server_url": "http://45.139.122.199:8080/c/",
            "macs": [
                "00:1A:79:5D:01:5D",
                "00:1A:79:6B:A4:34",
                "00:1A:79:6C:4C:76",
                "00:1A:79:77:7F:89",
                "00:1A:79:A9:DC:95",
                "00:1A:79:AA:8E:18",
                "00:1A:79:B3:21:6E",
                "00:1A:79:BF:E6:82",
                "00:1A:79:C1:C7:34",
                "00:1A:79:CA:40:02"
            ]
        },
        {
            "server_name": "birutv.my.id",
            "server_url": "http://birutv.my.id/c/",
            "macs": [
                "00:1A:79:25:6F:1B",
                "00:1A:79:27:7F:97",
                "00:1A:79:41:B1:61",
                "00:1A:79:47:2B:B4",
                "00:1A:79:64:66:35",
                "00:1A:79:73:2F:7A",
                "00:1A:79:80:45:0C",
                "00:1A:79:83:7F:77",
                "00:1A:79:8B:D8:EE",
                "00:1A:79:90:0E:20",
                "00:1A:79:AB:3C:B6",
                "00:1A:79:AB:81:C0",
                "00:1A:79:AF:3A:F9",
                "00:1A:79:C6:7F:09",
                "00:1A:79:D5:9F:D6"
            ]
        }
    ]
}