{
    "items": [
        {
            "server_name": "humiptv.live:8080",
            "server_url": "http://humiptv.live:8080/c/",
            "macs": [
                "00:1A:79:25:87:C1",
                "00:1A:79:5D:17:02",
                "00:1A:79:6A:29:DA",
                "00:1A:79:F3:1F:5E"
            ]
        },
        {
            "server_name": "4kplus.org:80",
            "server_url": "http://4kplus.org:80/c/",
            "macs": [
                "00:1A:79:03:0C:50",
                "00:1A:79:03:8F:F7",
                "00:1A:79:05:9F:24",
                "00:1A:79:30:8F:77",
                "00:1A:79:5A:6B:F2",
                "00:1A:79:CA:2F:3D"
            ]
        },
        {
            "server_name": "ns31617126.ip-162-19-37.eu:8080",
            "server_url": "http://ns31617126.ip-162-19-37.eu:8080/c/",
            "macs": [
                "00:1A:79:06:ED:94",
                "00:1A:79:17:0F:C7",
                "00:1A:79:22:1B:6D",
                "00:1A:79:3D:26:55",
                "00:1A:79:4F:03:8B",
                "00:1A:79:5F:24:C5",
                "00:1A:79:64:34:63",
                "00:1A:79:6A:6B:D2",
                "00:1A:79:6D:0A:E1",
                "00:1A:79:70:D8:30",
                "00:1A:79:73:E1:00",
                "00:1A:79:80:EA:25",
                "00:1A:79:91:52:B9",
                "00:1A:79:A6:5E:34",
                "00:1A:79:A6:E8:FA",
                "00:1A:79:A9:E9:E0",
                "00:1A:79:AD:E2:7E",
                "00:1A:79:B0:9E:C1",
                "00:1A:79:B2:1D:9A",
                "00:1A:79:B2:64:61",
                "00:1A:79:B3:6A:FC",
                "00:1A:79:B3:CB:E4",
                "00:1A:79:B7:85:04",
                "00:1A:79:B7:89:95",
                "00:1A:79:B8:85:43",
                "00:1A:79:B8:88:43",
                "00:1A:79:B9:03:75",
                "00:1A:79:B9:97:7E",
                "00:1A:79:B9:A3:57",
                "00:1A:79:BC:D0:FB",
                "00:1A:79:C0:BB:8B",
                "00:1A:79:C3:AB:68",
                "00:1A:79:C3:C0:DC",
                "00:1A:79:C3:C2:C3",
                "00:1A:79:C3:C7:78",
                "00:1A:79:C4:48:CB",
                "00:1A:79:C5:13:78",
                "00:1A:79:C5:96:B9",
                "00:1A:79:C5:A5:19",
                "00:1A:79:C5:B4:3E",
                "00:1A:79:C7:C3:2A",
                "00:1A:79:C7:D2:B5",
                "00:1A:79:C8:43:39",
                "00:1A:79:C8:9F:62",
                "00:1A:79:CC:14:49",
                "00:1A:79:CC:1B:A8",
                "00:1A:79:FA:0A:ED",
                "00:1A:79:FB:07:F0",
                "00:1A:79:FB:0E:83",
                "00:1A:79:FB:21:C3",
                "00:1A:79:FB:2E:50",
                "00:1A:79:FB:33:C5",
                "00:1A:79:FB:36:5E",
                "00:1A:79:FB:3D:41",
                "00:1A:79:FB:49:36",
                "00:1A:79:FB:4F:0F"
            ]
        },
        {
            "server_name": "154.16.143.181:8080",
            "server_url": "http://154.16.143.181:8080/c/",
            "macs": [
                "00:1A:79:8B:2D:FD"
            ]
        },
        {
            "server_name": "ojpc.live:8080",
            "server_url": "http://ojpc.live:8080/c/",
            "macs": [
                "00:1A:79:A3:94:39"
            ]
        },
        {
            "server_name": "runn3r.runn3r123.co:8080",
            "server_url": "http://runn3r.runn3r123.co:8080/c/",
            "macs": [
                "00:1A:79:A9:29:E1"
            ]
        },
        {
            "server_name": "new.ivue.co:25461",
            "server_url": "http://new.ivue.co:25461/c/",
            "macs": [
                "00:1A:79:57:A2:54",
                "00:1A:79:72:34:17",
                "00:1A:79:73:36:2D",
                "00:1A:79:74:1D:C0",
                "00:1A:79:76:31:15",
                "00:1A:79:B8:49:F8",
                "00:1A:79:D2:9C:E0"
            ]
        },
        {
            "server_name": "alexiptv.ddns.me:8080",
            "server_url": "http://alexiptv.ddns.me:8080/c/",
            "macs": [
                "00:1A:79:60:6A:D3"
            ]
        },
        {
            "server_name": "vip47.xyz:8080",
            "server_url": "http://vip47.xyz:8080/c/",
            "macs": [
                "00:1A:79:08:EC:51"
            ]
        },
        {
            "server_name": "zepequeno.xyz:8080",
            "server_url": "http://zepequeno.xyz:8080/c/",
            "macs": [
                "00:1A:79:01:9A:A1"
            ]
        },
        {
            "server_name": "fx-lv.com:8080",
            "server_url": "http://fx-lv.com:8080/c/",
            "macs": [
                "00:1A:79:4C:A1:AC",
                "00:1A:79:B3:80:27",
                "00:1A:79:BA:4A:07",
                "00:1A:79:C7:91:59"
            ]
        },
        {
            "server_name": "line.iptvwings.com",
            "server_url": "http://line.iptvwings.com/c/",
            "macs": [
                "00:1A:79:07:44:9E",
                "00:1A:79:09:EA:79",
                "00:1A:79:0C:5F:A3",
                "00:1A:79:1C:9F:E6",
                "00:1A:79:24:15:68",
                "00:1A:79:32:C4:09",
                "00:1A:79:32:C4:11",
                "00:1A:79:43:05:D0",
                "00:1A:79:4A:95:E9",
                "00:1A:79:54:37:0F",
                "00:1A:79:69:AC:B1",
                "00:1A:79:6B:8F:9C",
                "00:1A:79:73:E6:BB",
                "00:1A:79:73:FC:43",
                "00:1A:79:7A:73:E2",
                "00:1A:79:7B:1E:44",
                "00:1A:79:7D:6F:C3",
                "00:1A:79:8D:9E:0F",
                "00:1A:79:B6:DC:91",
                "00:1A:79:BB:F1:CF",
                "00:1A:79:C4:AE:EE",
                "00:1A:79:C9:D2:E8",
                "00:1A:79:D8:CD:A7",
                "00:1A:79:EA:74:B3",
                "00:1A:79:F9:D2:27"
            ]
        },
        {
            "server_name": "ip.ktlsattv.com",
            "server_url": "http://ip.ktlsattv.com/c/",
            "macs": [
                "00:1A:79:01:6B:E0",
                "00:1A:79:03:0D:58",
                "00:1A:79:05:E6:EB",
                "00:1A:79:06:48:21",
                "00:1A:79:25:5F:11",
                "00:1A:79:31:1F:C1",
                "00:1A:79:6C:92:CD",
                "00:1A:79:90:08:3D",
                "00:1A:79:A6:84:60",
                "00:1A:79:AB:6F:F6",
                "00:1A:79:BC:01:A7",
                "00:1A:79:BE:95:8A",
                "00:1A:79:C0:A7:80",
                "00:1A:79:C4:08:A6",
                "00:1A:79:C4:E0:22",
                "00:1A:79:C4:E9:D1",
                "00:1A:79:C5:EB:2E",
                "00:1A:79:CD:14:55",
                "00:1A:79:D5:1F:F7",
                "00:1A:79:F4:B7:3F",
                "00:1A:79:F6:8F:A4"
            ]
        },
        {
            "server_name": "neroiptv.xyz:8080",
            "server_url": "http://neroiptv.xyz:8080/c/",
            "macs": [
                "00:1A:79:58:59:65",
                "00:1A:79:CB:9D:37"
            ]
        },
        {
            "server_name": "promaxhd.com:8080",
            "server_url": "http://promaxhd.com:8080/c/",
            "macs": [
                "00:1A:79:00:0E:6E",
                "00:1A:79:09:06:51",
                "00:1A:79:31:C1:AC",
                "00:1A:79:34:34:CA",
                "00:1A:79:3B:AC:FA",
                "00:1A:79:5A:8C:46",
                "00:1A:79:66:78:15",
                "00:1A:79:79:D1:4D",
                "00:1A:79:7D:E0:88",
                "00:1A:79:A0:E3:DF",
                "00:1A:79:A3:9F:34",
                "00:1A:79:A8:AA:D0",
                "00:1A:79:C0:1C:05",
                "00:1A:79:C0:95:3B",
                "00:1A:79:C6:CB:BD",
                "00:1A:79:D1:FC:A3"
            ]
        }
    ]
}