{
    "items": [
        {
            "server_name": "matrix-ott.tv:8080",
            "server_url": "http://matrix-ott.tv:8080/c/",
            "macs": [
                "00:1A:79:07:C2:3D",
                "00:1A:79:0A:AC:B3",
                "00:1A:79:55:24:07",
                "00:1A:79:6E:45:FB",
                "00:1A:79:74:D3:50",
                "00:1A:79:90:00:D1",
                "00:1A:79:98:07:3A"
            ]
        },
        {
            "server_name": "exm3u.123tv.to:8080",
            "server_url": "http://exm3u.123tv.to:8080/c/",
            "macs": [
                "00:1A:79:47:47:8A"
            ]
        },
        {
            "server_name": "m.tvfalcon.net:8080",
            "server_url": "http://m.tvfalcon.net:8080/c/",
            "macs": [
                "00:1A:79:17:07:78",
                "00:1A:79:2E:41:8B",
                "00:1A:79:AF:39:64",
                "00:1A:79:B4:34:8D",
                "00:1A:79:BF:C9:C3",
                "00:1A:79:DE:5F:5B"
            ]
        },
        {
            "server_name": "154.16.143.181:8080",
            "server_url": "http://154.16.143.181:8080/c/",
            "macs": [
                "00:1A:79:F5:08:47"
            ]
        },
        {
            "server_name": "runn3r.runn3r123.co:8080",
            "server_url": "http://runn3r.runn3r123.co:8080/c/",
            "macs": [
                "00:1A:79:52:DD:E7"
            ]
        },
        {
            "server_name": "vip47.xyz:8080",
            "server_url": "http://vip47.xyz:8080/c/",
            "macs": [
                "00:1A:79:62:A2:3C"
            ]
        },
        {
            "server_name": "enndy75.com:2086",
            "server_url": "http://enndy75.com:2086/c/",
            "macs": [
                "00:1A:79:8E:D0:6E"
            ]
        },
        {
            "server_name": "tr.redatvgold.com",
            "server_url": "http://tr.redatvgold.com/c/",
            "macs": [
                "00:1A:79:22:7F:E8",
                "00:1A:79:26:CC:AE",
                "00:1A:79:3A:96:C9",
                "00:1A:79:45:9D:ED",
                "00:1A:79:6D:C4:9C",
                "00:1A:79:83:6F:C0",
                "00:1A:79:99:2E:02",
                "00:1A:79:A3:B7:87",
                "00:1A:79:AB:44:66",
                "00:1A:79:AF:3F:AB",
                "00:1A:79:B1:A0:C4",
                "00:1A:79:B8:FE:22",
                "00:1A:79:BC:AC:75",
                "00:1A:79:C0:18:C7",
                "00:1A:79:C2:0B:AD",
                "00:1A:79:C3:2F:52",
                "00:1A:79:C4:92:39",
                "00:1A:79:C5:E4:73",
                "00:1A:79:CD:E0:14",
                "00:1A:79:D6:0F:E8",
                "00:1A:79:D6:E3:FA",
                "00:1A:79:F0:89:97"
            ]
        }
    ]
}