{
    "items": [
        {
            "server_name": "kocaeli41.xyz:8000",
            "server_url": "http://kocaeli41.xyz:8000/c/",
            "macs": [
                "00:1a:79:85:49:54",
                "00:1a:79:73:da:61",
                "00:1a:79:6b:bb:ee",
                "00:1a:79:90:eb:aa",
                "00:1a:79:f8:7c:4a",
                "00:1a:79:ba:91:28",
                "00:1a:79:a5:5b:5d",
                "00:1a:79:bb:d1:26",
                "00:1a:79:b9:37:cf",
                "00:1a:79:b3:20:10",
                "00:1a:79:a0:e7:ac"
            ]
        },
        {
            "server_name": "zenlink.link",
            "server_url": "http://zenlink.link/c/",
            "macs": [
                "00:1a:79:b6:b0:90",
                "00:1a:79:a9:f2:49",
                "00:1a:79:bd:3f:65",
                "00:1a:79:b9:e6:76",
                "00:1a:79:b9:ea:a2"
            ]
        },
        {
            "server_name": "bluespain4k.xyz:80",
            "server_url": "http://bluespain4k.xyz:80/c/",
            "macs": [
                "00:1A:79:bf:c5:93",
                "00:1A:79:69:d7:59"
            ]
        },
        {
            "server_name": "s.akapolska.com:80",
            "server_url": "http://s.akapolska.com:80/c/",
            "macs": [
                "00:1A:79:7a:14:e0",
                "00:1A:79:c4:7c:78"
            ]
        },
        {
            "server_name": "main.light-ott.net:80",
            "server_url": "http://main.light-ott.net:80/c/",
            "macs": [
                "00:1A:79:38:e1:97"
            ]
        },
        {
            "server_name": "1.gujaratsat.live:80",
            "server_url": "http://1.gujaratsat.live:80/c/",
            "macs": [
                "00:1A:79:5e:f1:51"
            ]
        },
        {
            "server_name": "jt-dist.xyz:80",
            "server_url": "http://jt-dist.xyz:80/c/",
            "macs": [
                "00:1A:79:da:27:cf"
            ]
        },
        {
            "server_name": "Fastrunner.live:8080",
            "server_url": "http://Fastrunner.live:8080/c/",
            "macs": [
                "00:1A:79:13:F7:B5",
                "00:1A:79:14:C4:06",
                "00:1A:79:14:67:7E",
                "00:1A:79:14:E9:75",
                "00:1A:79:14:98:F2",
                "00:1A:79:14:67:7E",
                "00:1A:79:14:E9:75",
                "00:1A:79:14:98:F2"
            ]
        },
        {
            "server_name": "sansat.net:88",
            "server_url": "http://sansat.net:88/c/",
            "macs": [
                "00:1A:79:ec:45:4c"
            ]
        },
        {
            "server_name": "portal.entertainmentxl.com:8080",
            "server_url": "http://portal.entertainmentxl.com:8080/c/",
            "macs": [
                "00:1A:79:04:53:aa",
                "00:1A:79:b8:7e:e1"
            ]
        },
        {
            "server_name": "s.akapolska.com:80",
            "server_url": "http://s.akapolska.com:80/c/",
            "macs": [
                "00:1A:79:2e:72:46",
                "00:1A:79:1e:03:c1"
            ]
        },
        {
            "server_name": "95781-black.cloud-ott.me:80",
            "server_url": "http://95781-black.cloud-ott.me:80/c/",
            "macs": [
                "00:1A:79:c5:0f:5a"
            ]
        },
        {
            "server_name": "89.45.13.153:25461",
            "server_url": "http://89.45.13.153:25461/c/",
            "macs": [
                "00:1A:79:96:ee:c1"
            ]
        },
        {
            "server_name": "rv.therevenge.co:80",
            "server_url": "http://rv.therevenge.co:80/c/",
            "macs": [
                "00:1A:79:BE:9C:8A"
            ]
        },
        {
            "server_name": "21tv.net:8789",
            "server_url": "http://21tv.net:8789/c/",
            "macs": [
                "00:1A:79:5D:02:E0",
                "00:1A:79:5C:C8:62",
                "00:1A:79:5C:46:6B",
                "00:1A:79:58:BE:27",
                "00:1A:79:59:16:01",
                "00:1A:79:59:45:2F",
                "00:1A:79:5D:02:E0",
                "00:1A:79:5C:C8:62",
                "00:1A:79:5C:46:6B"
            ]
        }
    ]
}