{
    "items": [
        {
            "server_name": "coresys.dvrdns.org:25461",
            "server_url": "http://coresys.dvrdns.org:25461/c/",
            "macs": [
                "00:1A:79:2C:3F:DB"
            ]
        },
        {
            "server_name": "cmjl.online:8080",
            "server_url": "http://cmjl.online:8080/c/",
            "macs": [
                "00:1A:79:70:34:99",
                "00:1A:79:70:36:2E"
            ]
        },
        {
            "server_name": "mag.premiumplus.tv",
            "server_url": "http://mag.premiumplus.tv/c/",
            "macs": [
                "00:1a:79:74:89:e5",
                "00:1a:79:31:00:91",
                "00:1a:79:b0:91:09"
            ]
        }
    ]
}