{
    "items": [
        {
            "server_name": "fastgo.cam:8080",
            "server_url": "http://fastgo.cam:8080/c/",
            "macs": [
                "00:1A:79:BA:23:27"
            ]
        },
        {
            "server_name": "vip.mediptv.123tv.to:8080",
            "server_url": "http://vip.mediptv.123tv.to:8080/c/",
            "macs": [
                "00:1A:79:37:3E:58",
                "00:1A:79:4F:2A:79"
            ]
        },
        {
            "server_name": "zupanet.live:8080",
            "server_url": "http://zupanet.live:8080/c/",
            "macs": [
                "00:1A:79:2B:0E:D3",
                "00:1A:79:31:3A:0B",
                "00:1A:79:3B:BB:C8",
                "00:1A:79:4B:EB:80",
                "00:1A:79:5A:C7:F8",
                "00:1A:79:A2:2D:5E",
                "00:1A:79:A2:CB:39",
                "00:1A:79:A6:EC:43"
            ]
        },
        {
            "server_name": "tv.premiumplus.tv",
            "server_url": "http://tv.premiumplus.tv/c/",
            "macs": [
                "00:1A:79:19:22:3C",
                "00:1A:79:53:0E:10",
                "00:1A:79:6D:8F:31",
                "00:1A:79:84:5D:13",
                "00:1A:79:8B:A3:2B",
                "00:1A:79:A2:C5:2A",
                "00:1A:79:AB:D4:6F",
                "00:1A:79:AD:15:67",
                "00:1A:79:C5:C8:AA",
                "00:1A:79:CD:05:8D",
                "00:1A:79:D4:87:F4",
                "00:1A:79:F1:F0:80",
                "00:1A:79:F5:2A:C9"
            ]
        },
        {
            "server_name": "ns358711.ovh.net:88",
            "server_url": "http://ns358711.ovh.net:88/stalker_portal/c/",
            "macs": [
                "00:1A:79:42:D1:F3",
                "00:1A:79:5F:31:9C",
                "00:1A:79:74:AC:65"
            ]
        },
        {
            "server_name": "new.ivue.co:25461",
            "server_url": "http://new.ivue.co:25461/c/",
            "macs": [
                "00:1A:79:86:0F:51"
            ]
        },
        {
            "server_name": "promaxhd.com:8080",
            "server_url": "http://promaxhd.com:8080/c/",
            "macs": [
                "00:1A:79:64:B2:4A",
                "00:1A:79:C8:69:DF"
            ]
        },
        {
            "server_name": "tvhouse.live",
            "server_url": "http://tvhouse.live/c/",
            "macs": [
                "00:1A:79:58:B8:7A",
                "00:1A:79:76:55:B8"
            ]
        },
        {
            "server_name": "neroiptv.xyz:8080",
            "server_url": "http://neroiptv.xyz:8080/c/",
            "macs": [
                "00:1A:79:56:41:80",
                "00:1A:79:75:4E:4A",
                "00:1A:79:BF:75:E8"
            ]
        }
    ]
}