{
    "items": [
        {
            "server_name": "neroiptv.xyz:8080",
            "server_url": "http://neroiptv.xyz:8080/c/",
            "macs": [
                "00:1A:79:8C:0C:25",
                "00:1A:79:A2:FC:79"
            ]
        },
        {
            "server_name": "new.ivue.co:25461",
            "server_url": "http://new.ivue.co:25461/c/",
            "macs": [
                "00:1A:79:32:5D:6A",
                "00:1A:79:3E:61:2F",
                "00:1A:79:64:0E:71",
                "00:1A:79:B8:49:F4",
                "00:1A:79:B8:4D:78",
                "00:1A:79:B8:4E:64",
                "00:1A:79:C3:86:4F"
            ]
        },
        {
            "server_name": "185.182.193.87",
            "server_url": "http://185.182.193.87/stalker_portal/c/",
            "macs": [
                "00:1A:79:15:4D:1A",
                "00:1A:79:42:9C:87",
                "00:1A:79:4E:3C:AD",
                "00:1A:79:78:70:52",
                "00:1A:79:7A:1B:01"
            ]
        },
        {
            "server_name": "sony4k.vip:8000",
            "server_url": "http://sony4k.vip:8000/c/",
            "macs": [
                "00:1A:79:5A:37:3E",
                "00:1A:79:C5:DA:46"
            ]
        },
        {
            "server_name": "p1.uiop.tv",
            "server_url": "http://p1.uiop.tv/stalker_portal/c/",
            "macs": [
                "00:1A:79:31:09:EE",
                "00:1A:79:35:39:DD",
                "00:1A:79:37:6D:A0",
                "00:1A:79:38:F8:7D",
                "00:1A:79:3A:DC:A5",
                "00:1A:79:4F:8A:FC",
                "00:1A:79:A3:7D:8B"
            ]
        },
        {
            "server_name": "stalker.ugoiptv.com",
            "server_url": "http://stalker.ugoiptv.com/c/",
            "macs": [
                "00:1A:79:17:01:A6",
                "00:1A:79:7A:FE:40",
                "00:1A:79:CE:19:92"
            ]
        }
    ]
}