{
    "items": [
        {
            "server_name": "neptun2022.pro:8080",
            "server_url": "http://neptun2022.pro:8080/c/",
            "macs": [
                "00:1A:79:31:80:CE",
                "00:1A:79:40:14:F5",
                "00:1A:79:40:9E:CF",
                "00:1A:79:42:92:B2",
                "00:1A:79:48:19:1A",
                "00:1A:79:48:32:11",
                "00:1A:79:4D:81:F8",
                "00:1A:79:53:C8:C7",
                "00:1A:79:56:C2:7A",
                "00:1A:79:65:A6:09",
                "00:1A:79:68:0F:8D"
            ]
        },
        {
            "server_name": "maxzi.pro:80",
            "server_url": "http://maxzi.pro:80/c/",
            "macs": [
                "00:1A:79:1F:5B:92",
                "00:1A:79:33:0B:13",
                "00:1A:79:E6:8D:CF"
            ]
        },
        {
            "server_name": "1tv41.icu:8080",
            "server_url": "http://1tv41.icu:8080/c/",
            "macs": [
                "00:1A:79:A8:10:62"
            ]
        },
        {
            "server_name": "humiptv.live:8080",
            "server_url": "http://humiptv.live:8080/c/",
            "macs": [
                "00:1A:79:48:27:85",
                "00:1A:79:5B:9A:EA",
                "00:1A:79:76:59:DD",
                "00:1A:79:78:EB:50",
                "00:1A:79:A8:45:9E"
            ]
        },
        {
            "server_name": "streamcode.one:2082",
            "server_url": "http://streamcode.one:2082/c/",
            "macs": [
                "00:1A:79:4A:AF:F2"
            ]
        },
        {
            "server_name": "chi.bright-sky.click",
            "server_url": "http://chi.bright-sky.click/c/",
            "macs": [
                "00:1A:79:8D:27:4A"
            ]
        },
        {
            "server_name": "m.tvmera.com",
            "server_url": "http://m.tvmera.com/c/",
            "macs": [
                "00:1A:79:1D:8F:67",
                "00:1A:79:4C:0F:40",
                "00:1A:79:71:70:0C",
                "00:1A:79:74:86:F2",
                "00:1A:79:BD:63:DB",
                "00:1A:79:C5:8E:0F"
            ]
        },
        {
            "server_name": "212.129.8.69",
            "server_url": "http://212.129.8.69/stalker_portal/c/",
            "macs": [
                "00:1A:79:01:02:AA",
                "00:1A:79:0F:8E:2D",
                "00:1A:79:E2:FB:F8"
            ]
        },
        {
            "server_name": "51.91.57.198",
            "server_url": "http://51.91.57.198/stalker_portal/c/",
            "macs": [
                "00:1A:79:54:BF:11",
                "00:1A:79:5C:23:2D"
            ]
        },
        {
            "server_name": "flumine.cc",
            "server_url": "http://flumine.cc/stalker_portal/c/",
            "macs": [
                "00:1A:79:64:BA:5D"
            ]
        },
        {
            "server_name": "entertainmentj4u.com",
            "server_url": "http://entertainmentj4u.com/stalker_portal/c/",
            "macs": [
                "00:1A:79:52:4F:C5",
                "00:1A:79:7A:E9:61",
                "00:1A:79:7D:F2:9D",
                "00:1A:79:99:82:28",
                "00:1A:79:A5:FD:7F",
                "00:1A:79:B4:58:FD"
            ]
        },
        {
            "server_name": "my.iptvtuga.com:8080",
            "server_url": "http://my.iptvtuga.com:8080/c/",
            "macs": [
                "00:1A:79:B1:F3:F6"
            ]
        },
        {
            "server_name": "51.159.70.234",
            "server_url": "http://51.159.70.234/stalker_portal/c/",
            "macs": [
                "00:1A:79:3D:A0:A6",
                "00:1A:79:4D:E4:CB",
                "00:1A:79:78:E9:CE",
                "00:1A:79:8C:56:57",
                "00:1A:79:B4:F2:05",
                "00:1A:79:B4:F2:09"
            ]
        },
        {
            "server_name": "hdmiclub.online:8080",
            "server_url": "http://hdmiclub.online:8080/c/",
            "macs": [
                "00:1A:79:A2:F1:AC",
                "00:1A:79:AD:9F:AC",
                "00:1A:79:AE:C2:F0",
                "00:1A:79:B7:15:C8",
                "00:1A:79:BB:2E:EB",
                "00:1A:79:BB:BF:FA",
                "00:1A:79:BD:4D:82",
                "00:1A:79:BE:89:CA"
            ]
        }
    ]
}