{
    "items": [
        {
            "server_name": "tr.redatvgold.com",
            "server_url": "http://tr.redatvgold.com/c/",
            "macs": [
                "00:1A:79:00:D5:B7",
                "00:1A:79:24:74:0D",
                "00:1A:79:32:37:36",
                "00:1A:79:6E:DF:E1",
                "00:1A:79:72:E6:E6",
                "00:1A:79:73:0F:85",
                "00:1A:79:7F:0F:3E",
                "00:1A:79:82:5D:72",
                "00:1A:79:E6:3F:AB",
                "00:1A:79:E6:91:0F",
                "00:1A:79:FB:3A:1F",
                "00:1A:79:FF:0A:86"
            ]
        },
        {
            "server_name": "plustv.ws:80",
            "server_url": "http://plustv.ws:80/c/",
            "macs": [
                "00:1A:79:32:0F:53",
                "00:1A:79:6D:C8:89",
                "00:1A:79:AB:C2:F4",
                "00:1A:79:B0:36:D2"
            ]
        },
        {
            "server_name": "digitalmobile.live:8080",
            "server_url": "http://digitalmobile.live:8080/c/",
            "macs": [
                "00:1A:79:5F:80:02",
                "00:1A:79:A7:E0:12"
            ]
        },
        {
            "server_name": "185.2.81.7",
            "server_url": "http://185.2.81.7/stalker_portal/c/",
            "macs": [
                "00:1A:79:0F:AB:CE",
                "00:1A:79:38:83:46"
            ]
        },
        {
            "server_name": "89.45.13.153:25461",
            "server_url": "http://89.45.13.153:25461/c/",
            "macs": [
                "00:1A:79:00:00:04"
            ]
        },
        {
            "server_name": "alexiptv.ddns.me:8080",
            "server_url": "http://alexiptv.ddns.me:8080/c/",
            "macs": [
                "00:1A:79:BE:74:FD"
            ]
        },
        {
            "server_name": "powerip.be:8000",
            "server_url": "http://powerip.be:8000/c/",
            "macs": [
                "00:1A:79:36:7E:6B",
                "00:1A:79:BD:79:3C"
            ]
        },
        {
            "server_name": "app.yupptv.io",
            "server_url": "http://app.yupptv.io/stalker_portal/c/",
            "macs": [
                "00:1A:79:00:11:7E",
                "00:1A:79:1A:02:23",
                "00:1A:79:AF:58:29"
            ]
        },
        {
            "server_name": "185.243.7.52",
            "server_url": "http://185.243.7.52/c/",
            "macs": [
                "00:1A:79:1A:02:23",
                "00:1A:79:32:BC:BC",
                "00:1A:79:36:B2:90",
                "00:1A:79:5B:E9:61",
                "00:1A:79:AE:7F:82"
            ]
        },
        {
            "server_name": "select1.xyz:8080",
            "server_url": "http://select1.xyz:8080/c/",
            "macs": [
                "00:1A:79:2F:B2:7E",
                "00:1A:79:8A:51:8E"
            ]
        },
        {
            "server_name": "stb5.rucolor.tv:80",
            "server_url": "http://stb5.rucolor.tv:80/stalker_portal/c/",
            "macs": [
                "00:1A:79:0B:2D:5F",
                "00:1A:79:0B:B6:76"
            ]
        },
        {
            "server_name": "line.greatstar.me",
            "server_url": "http://line.greatstar.me/c/",
            "macs": [
                "00:1A:79:2D:86:03",
                "00:1A:79:3A:7E:C0",
                "00:1A:79:6F:14:40",
                "00:1A:79:B6:22:1C"
            ]
        },
        {
            "server_name": "185.182.193.86",
            "server_url": "http://185.182.193.86/stalker_portal/c/",
            "macs": [
                "00:1A:79:01:AD:FC",
                "00:1A:79:09:FB:54",
                "00:1A:79:0B:19:46",
                "00:1A:79:15:5A:FD",
                "00:1A:79:36:F6:00"
            ]
        },
        {
            "server_name": "cineplus-hd.com",
            "server_url": "http://cineplus-hd.com/c/",
            "macs": [
                "00:1A:79:00:00:23",
                "00:1A:79:00:00:25",
                "00:1A:79:00:00:39",
                "00:1A:79:00:00:78",
                "00:1A:79:00:00:7B"
            ]
        },
        {
            "server_name": "tvhouse.live:80",
            "server_url": "http://tvhouse.live:80/c/",
            "macs": [
                "00:1A:79:24:78:24",
                "00:1A:79:36:DA:7D",
                "00:1A:79:43:9F:FE",
                "00:1A:79:71:1B:36",
                "00:1A:79:7B:89:D9",
                "00:1A:79:AF:7B:A0",
                "00:1A:79:E4:9B:FB"
            ]
        },
        {
            "server_name": "srvgold.iptvcheap.com",
            "server_url": "http://srvgold.iptvcheap.com/c/",
            "macs": [
                "00:1A:79:00:3E:33",
                "00:1A:79:4E:EF:48",
                "00:1A:79:7C:C6:1A",
                "00:1A:79:7E:57:B1",
                "00:1A:79:98:B6:BA",
                "00:1A:79:C7:2F:D4"
            ]
        },
        {
            "server_name": "optimus-tv.org:8080",
            "server_url": "http://optimus-tv.org:8080/c/",
            "macs": [
                "00:1A:79:08:E7:6A",
                "00:1A:79:10:DF:DA",
                "00:1A:79:31:0F:99",
                "00:1A:79:6B:BD:48",
                "00:1A:79:7C:6A:FA",
                "00:1A:79:7C:6C:07",
                "00:1A:79:A6:6B:EF",
                "00:1A:79:AF:3A:24",
                "00:1A:79:AF:3B:8C",
                "00:1A:79:C2:86:68",
                "00:1A:79:C4:06:7A"
            ]
        },
        {
            "server_name": "zepequeno.xyz:8080",
            "server_url": "http://zepequeno.xyz:8080/c/",
            "macs": [
                "00:1A:79:AD:50:38",
                "00:1A:79:BB:E6:33",
                "00:1A:79:CB:A3:B6"
            ]
        },
        {
            "server_name": "nettv.cx",
            "server_url": "http://nettv.cx/c/",
            "macs": [
                "00:1A:79:00:3B:3E",
                "00:1A:79:00:3C:3C",
                "00:1A:79:00:3E:00",
                "00:1A:79:00:3E:0B",
                "00:1A:79:00:41:92",
                "00:1A:79:00:43:D8",
                "00:1A:79:00:44:0B",
                "00:1A:79:00:44:D7",
                "00:1A:79:00:44:DF",
                "00:1A:79:00:45:1C",
                "00:1A:79:00:45:48",
                "00:1A:79:01:25:CA",
                "00:1A:79:01:69:2D",
                "00:1A:79:02:21:4A",
                "00:1A:79:02:3A:CB",
                "00:1A:79:02:61:9D",
                "00:1A:79:02:68:CA",
                "00:1A:79:02:71:B6",
                "00:1A:79:05:1A:22",
                "00:1A:79:08:DD:FA"
            ]
        },
        {
            "server_name": "tvizle.nl:8080",
            "server_url": "http://tvizle.nl:8080/c/",
            "macs": [
                "00:1A:79:B4:4F:5B",
                "00:1A:79:CA:E5:C9"
            ]
        },
        {
            "server_name": "iptv.uktvglobal.com",
            "server_url": "http://iptv.uktvglobal.com/stalker_portal/c/",
            "macs": [
                "00:1A:79:77:DB:F1"
            ]
        },
        {
            "server_name": "iptvs4.ultapulta.com",
            "server_url": "http://iptvs4.ultapulta.com/stalker_portal/c/",
            "macs": [
                "00:1A:79:1E:3B:77"
            ]
        },
        {
            "server_name": "77.74.193.158:88",
            "server_url": "http://77.74.193.158:88/stalker_portal/c/",
            "macs": [
                "00:1A:79:B0:92:96"
            ]
        },
        {
            "server_name": "mol-2.com:8080",
            "server_url": "http://mol-2.com:8080/c/",
            "macs": [
                "00:1A:79:AB:9F:6B",
                "00:1A:79:B9:AD:C2",
                "00:1A:79:CB:69:68",
                "00:1A:79:CC:66:61"
            ]
        },
        {
            "server_name": "4kplus.org:80",
            "server_url": "http://4kplus.org:80/c/",
            "macs": [
                "00:1A:79:02:38:C6",
                "00:1A:79:03:0F:15",
                "00:1A:79:04:86:FD",
                "00:1A:79:05:EB:CB",
                "00:1A:79:06:AF:F6",
                "00:1A:79:07:09:43",
                "00:1A:79:07:FC:36",
                "00:1A:79:08:8E:25",
                "00:1A:79:0E:38:8E",
                "00:1A:79:20:6F:FB",
                "00:1A:79:20:8F:97",
                "00:1A:79:21:0F:8B",
                "00:1A:79:25:D3:E2",
                "00:1A:79:27:0F:5C",
                "00:1A:79:2C:AB:2D",
                "00:1A:79:36:7F:D1",
                "00:1A:79:40:3E:61",
                "00:1A:79:41:7D:63",
                "00:1A:79:44:1C:95",
                "00:1A:79:44:77:99",
                "00:1A:79:4A:1A:39",
                "00:1A:79:4B:F7:20",
                "00:1A:79:4E:75:2A",
                "00:1A:79:51:81:6B",
                "00:1A:79:54:D2:4F",
                "00:1A:79:55:13:87",
                "00:1A:79:5E:37:8C",
                "00:1A:79:5E:DC:82",
                "00:1A:79:65:39:FA",
                "00:1A:79:6E:C1:04",
                "00:1A:79:7F:24:6A",
                "00:1A:79:85:DA:47",
                "00:1A:79:90:42:50",
                "00:1A:79:99:82:CD",
                "00:1A:79:9E:4E:1B",
                "00:1A:79:A1:8E:C0",
                "00:1A:79:A2:F7:56",
                "00:1A:79:A7:E8:F2",
                "00:1A:79:AA:8E:DF",
                "00:1A:79:AB:BD:9C",
                "00:1A:79:AD:00:81",
                "00:1A:79:AF:54:87",
                "00:1A:79:AF:6B:5B",
                "00:1A:79:AF:93:5B",
                "00:1A:79:B0:41:C4",
                "00:1A:79:B6:8F:B5",
                "00:1A:79:B8:E4:27",
                "00:1A:79:BA:00:29",
                "00:1A:79:BD:45:41",
                "00:1A:79:BD:98:42",
                "00:1A:79:C1:E3:FD",
                "00:1A:79:C2:D8:9D",
                "00:1A:79:C3:27:CA",
                "00:1A:79:C5:52:77",
                "00:1A:79:C6:BA:88",
                "00:1A:79:C8:02:A7",
                "00:1A:79:DA:3C:22",
                "00:1A:79:E0:40:72",
                "00:1A:79:F5:39:B3"
            ]
        }
    ]
}