{
    "items": [
        {
            "server_name": "neofass.com:8080",
            "server_url": "http://neofass.com:8080/c/",
            "macs": [
                "00:1A:79:10:4B:37",
                "00:1A:79:78:11:E4",
                "00:1A:79:B5:45:6B",
                "00:1A:79:0F:83:51",
                "00:1A:79:68:AF:9B",
                "00:1A:79:C6:C2:C7",
                "00:1A:79:01:01:F9"
            ]
        },
        {
            "server_name": "line.iptveros.com:80",
            "server_url": "http://line.iptveros.com:80/c/",
            "macs": [
                "00:1A:79:6A:E6:0A",
                "00:1A:79:7C:0E:F7",
                "00:1A:79:30:8F:5F"
            ]
        },
        {
            "server_name": "ss.2665.ninja:8080",
            "server_url": "http://ss.2665.ninja:8080/c/",
            "macs": [
                "00:1a:79:49:48:e5",
                "00:1a:79:31:1f:8a",
                "00:1a:79:51:64:d7"
            ]
        },
        {
            "server_name": "mypaste.fun.gentv.to:8080",
            "server_url": "http://mypaste.fun.gentv.to:8080/c/",
            "macs": [
                "00:1a:79:b7:28:62",
                "00:1a:79:bd:f0:f6",
                "00:1a:79:ba:b4:27",
                "00:1a:79:ad:8e:b2"
            ]
        },
        {
            "server_name": "mutant.arrox.top:80",
            "server_url": "http://mutant.arrox.top:80/c/",
            "macs": [
                "00:1A:79:05:9d:49",
                "00:1A:79:69:51:4b",
                "00:1A:79:b4:31:ac",
                "00:1A:79:a4:1b:9c",
                "00:1A:79:a7:60:e5",
                "00:1A:79:37:C4:09"
            ]
        },
        {
            "server_name": "tv.trexiptv.com:80",
            "server_url": "http://tv.trexiptv.com:80/c/",
            "macs": [
                "00:1A:79:63:39:DD"
            ]
        },
        {
            "server_name": "darkpower.xyz:8080",
            "server_url": "http://darkpower.xyz:8080/c/",
            "macs": [
                "00:1A:79:50:CB:64",
                "00:1A:79:AE:22:BA",
                "00:1A:79:AB:31:E2"
            ]
        },
        {
            "server_name": "bracaro.bracaro.xyz:8080",
            "server_url": "http://bracaro.bracaro.xyz:8080/c/",
            "macs": [
                "00:1A:79:CE:26:97",
                "00:1A:79:E3:F7:9C",
                "00:1A:79:A5:A8:51",
                "00:1A:79:AE:25:23",
                "00:1A:79:AA:73:E3",
                "00:1A:79:B7:9A:7C"
            ]
        },
        {
            "server_name": "atvodhosting.xyz:8080",
            "server_url": "http://atvodhosting.xyz:8080/c/",
            "macs": [
                "00:1A:79:70:00:C6",
                "00:1A:79:70:01:B2",
                "00:1A:79:70:04:A7",
                "00:1A:79:70:34:BA",
                "00:1A:79:70:8A:60",
                "00:1A:79:70:8B:31",
                "00:1A:79:71:0F:83",
                "00:1A:79:71:19:08",
                "00:1A:79:71:41:F2"
            ]
        },
        {
            "server_name": "super-tvnow.com",
            "server_url": "http://super-tvnow.com/c/",
            "macs": [
                "00:1A:79:71:0B:B1",
                "00:1A:79:72:09:DD",
                "00:1A:79:74:7E:11",
                "00:1A:79:75:06:B2",
                "00:1A:79:75:3C:03",
                "00:1A:79:75:C9:F9",
                "00:1A:79:75:CA:B6",
                "00:1A:79:76:24:89",
                "00:1A:79:76:31:E2",
                "00:1A:79:78:4E:35",
                "00:1A:79:78:9B:F2",
                "00:1A:79:79:1B:CD"
            ]
        },
        {
            "server_name": "pdata.ddns.me:8080",
            "server_url": "http://pdata.ddns.me:8080/c/",
            "macs": [
                "00:1A:79:C6:18:51",
                "00:1A:79:C7:F0:D6",
                "00:1A:79:C8:6A:9F",
                "00:1A:79:C5:58:C5",
                "00:1A:79:C2:93:42",
                "00:1A:79:34:9A:4C",
                "00:1A:79:5D:3C:56",
                "00:1A:79:53:05:99",
                "00:1A:79:30:A3:B0",
                "00:1A:79:9E:5E:A9",
                "00:1A:79:BF:99:07",
                "00:1A:79:36:7C:23",
                "00:1A:79:36:77:C0",
                "00:1A:79:36:77:5A",
                "00:1A:79:36:72:C8",
                "00:1A:79:36:6F:C1",
                "00:1A:79:36:6F:73",
                "00:1A:79:36:6E:BD",
                "00:1A:79:36:62:37",
                "00:1A:79:36:61:37",
                "00:1A:79:36:39:92",
                "00:1A:79:36:39:61",
                "00:1A:79:36:39:38",
                "00:1A:79:31:FF:57",
                "00:1A:79:31:FD:2B",
                "00:1A:79:31:F5:55",
                "00:1A:79:31:EC:CB",
                "00:1A:79:31:E9:56",
                "00:1A:79:31:E4:CB",
                "00:1A:79:31:E4:B7",
                "00:1A:79:31:DE:A3",
                "00:1A:79:31:D7:6B",
                "00:1A:79:31:D1:2B",
                "00:1A:79:32:77:83",
                "00:1A:79:32:76:2D",
                "00:1A:79:32:75:89",
                "00:1A:79:32:68:06",
                "00:1A:79:32:66:06",
                "00:1A:79:32:60:BB",
                "00:1A:79:35:AC:73",
                "00:1A:79:35:AC:08",
                "00:1A:79:35:94:67"
            ]
        },
        {
            "server_name": "caccapupu.ddns.net",
            "server_url": "http://caccapupu.ddns.net/c/",
            "macs": [
                "00:1A:79:72:0b:44"
            ]
        },
        {
            "server_name": "tv.premiumplus.tv",
            "server_url": "http://tv.premiumplus.tv/c/",
            "macs": [
                "00:1a:79:6e:d5:c3",
                "00:1a:79:b5:aa:55"
            ]
        },
        {
            "server_name": "asterix-iptv.club:25461",
            "server_url": "http://asterix-iptv.club:25461/c/",
            "macs": [
                "00:1A:79:6B:16:CE"
            ]
        },
        {
            "server_name": "atvodhosting.xyz",
            "server_url": "http://atvodhosting.xyz/c/",
            "macs": [
                "00:1A:79:71:4C:55"
            ]
        },
        {
            "server_name": "185.182.193.203:25461",
            "server_url": "http://185.182.193.203:25461/c/",
            "macs": [
                "00:1A:79:58:25:f0"
            ]
        },
        {
            "server_name": "zorrohunter.com",
            "server_url": "http://zorrohunter.com/c/",
            "macs": [
                "00:1A:79:A2:37:B7",
                "00:1A:79:26:DA:AC",
                "00:1A:79:66:32:B3"
            ]
        },
        {
            "server_name": "anotv.org:80",
            "server_url": "http://anotv.org:80/c/",
            "macs": [
                "00:1A:79:00:00:35"
            ]
        }
    ]
}