{
    "items": [
        {
            "server_name": "avr.remotetv.org:2086",
            "server_url": "http://avr.remotetv.org:2086/c/",
            "macs": [
                "00:1A:79:11:2F:D2",
                "00:1A:79:37:02:70",
                "00:1A:79:A4:86:83",
                "00:1A:79:B0:46:01",
                "00:1A:79:B8:7F:11"
            ]
        },
        {
            "server_name": "mag.trexlive.me",
            "server_url": "http://mag.trexlive.me/c/",
            "macs": [
                "00:1A:79:22:20:D3",
                "00:1A:79:6A:C2:3E",
                "00:1A:79:A4:26:A3"
            ]
        },
        {
            "server_name": "5.206.227.184:8080",
            "server_url": "http://5.206.227.184:8080/c/",
            "macs": [
                "00:1A:79:36:09:98",
                "00:1A:79:3D:83:F2",
                "00:1A:79:B2:35:B6",
                "00:1A:79:BA:5D:69",
                "00:1A:79:CB:91:F4"
            ]
        },
        {
            "server_name": "plustv.ws:80",
            "server_url": "http://plustv.ws:80/c/",
            "macs": [
                "00:1A:79:03:0C:36",
                "00:1A:79:03:6F:C0",
                "00:1A:79:27:3F:73",
                "00:1A:79:90:01:E5"
            ]
        },
        {
            "server_name": "sansat.net:88",
            "server_url": "http://sansat.net:88/c/",
            "macs": [
                "00:1A:79:03:0B:51",
                "00:1A:79:35:CF:3B",
                "00:1A:79:39:57:25",
                "00:1A:79:98:05:F9"
            ]
        },
        {
            "server_name": "matrix-ott.tv:8080",
            "server_url": "http://matrix-ott.tv:8080/c/",
            "macs": [
                "00:1A:79:3D:21:F7",
                "00:1A:79:42:9A:97",
                "00:1A:79:44:1D:F2",
                "00:1A:79:44:65:4B",
                "00:1A:79:4C:53:E7",
                "00:1A:79:57:DA:44",
                "00:1A:79:59:8E:6E",
                "00:1A:79:5B:05:79",
                "00:1A:79:5B:F0:31",
                "00:1A:79:62:5B:4E",
                "00:1A:79:67:8B:B1",
                "00:1A:79:6D:C7:38",
                "00:1A:79:74:87:D5",
                "00:1A:79:78:25:A0",
                "00:1A:79:7A:FC:5D",
                "00:1A:79:8B:DD:39",
                "00:1A:79:A6:6E:D2",
                "00:1A:79:C7:28:47",
                "00:1A:79:C8:6F:2A"
            ]
        },
        {
            "server_name": "humiptv.live:8080",
            "server_url": "http://humiptv.live:8080/c/",
            "macs": [
                "00:1A:79:02:68:5C",
                "00:1A:79:61:3F:18",
                "00:1A:79:75:E5:15",
                "00:1A:79:BA:39:73"
            ]
        },
        {
            "server_name": "fpro.webvps.de:25443",
            "server_url": "http://fpro.webvps.de:25443/c/",
            "macs": [
                "00:1A:79:C2:72:A5"
            ]
        },
        {
            "server_name": "4kplus.org:80",
            "server_url": "http://4kplus.org:80/c/",
            "macs": [
                "00:1A:79:11:70:4C",
                "00:1A:79:31:D2:37",
                "00:1A:79:32:67:D5",
                "00:1A:79:32:83:9D",
                "00:1A:79:37:00:F3",
                "00:1A:79:38:6A:BC",
                "00:1A:79:38:D8:0F",
                "00:1A:79:38:DD:19",
                "00:1A:79:3A:A1:4D",
                "00:1A:79:3A:AE:33",
                "00:1A:79:3A:FC:4D",
                "00:1A:79:3B:49:5B",
                "00:1A:79:3D:BC:EB",
                "00:1A:79:3F:15:C2",
                "00:1A:79:41:F3:2F",
                "00:1A:79:43:77:72",
                "00:1A:79:43:DF:B8",
                "00:1A:79:44:E2:32",
                "00:1A:79:46:6A:43",
                "00:1A:79:48:E5:50",
                "00:1A:79:49:47:CE",
                "00:1A:79:49:4C:5A",
                "00:1A:79:4B:08:B7",
                "00:1A:79:4B:B2:7C",
                "00:1A:79:50:62:DE",
                "00:1A:79:50:CB:C0",
                "00:1A:79:55:5B:38",
                "00:1A:79:58:F3:BC",
                "00:1A:79:59:5D:9B",
                "00:1A:79:59:7E:22",
                "00:1A:79:5C:70:36",
                "00:1A:79:90:09:3D",
                "00:1A:79:90:12:E8",
                "00:1A:79:A3:B4:2B",
                "00:1A:79:A6:4D:0E",
                "00:1A:79:A6:7C:F2",
                "00:1A:79:A6:EC:F1",
                "00:1A:79:A7:E0:9A",
                "00:1A:79:A9:ED:78",
                "00:1A:79:AA:B6:47",
                "00:1A:79:AB:43:59",
                "00:1A:79:AB:48:07",
                "00:1A:79:AC:D6:10",
                "00:1A:79:AD:09:2E",
                "00:1A:79:AD:E8:DA",
                "00:1A:79:AE:35:89",
                "00:1A:79:B2:0D:B9",
                "00:1A:79:B3:F6:1E",
                "00:1A:79:B5:A2:B7",
                "00:1A:79:B6:37:F3",
                "00:1A:79:B9:CE:D8",
                "00:1A:79:BB:1F:7D",
                "00:1A:79:BC:2C:DD",
                "00:1A:79:BC:69:68",
                "00:1A:79:BC:F5:DA"
            ]
        }
    ]
}