{
    "items": [
        {
            "server_name": "m3u.rapid-ott.com:8080",
            "server_url": "http://m3u.rapid-ott.com:8080/c/",
            "macs": [
                "00:1A:79:02:D2:AE",
                "00:1A:79:08:ED:4C"
            ]
        },
        {
            "server_name": "darktv.eu:25461",
            "server_url": "http://darktv.eu:25461/c/",
            "macs": [
                "00:1A:79:DD:3F:B3",
                "00:1A:79:A4:73:0E",
                "00:1A:79:7C:6F:55"
            ]
        },
        {
            "server_name": "zupanet.live:8080",
            "server_url": "http://zupanet.live:8080/c/",
            "macs": [
                "00:1A:79:F1:5E:A8",
                "00:1A:79:2A:D2:CD",
                "00:1A:79:44:FD:8C",
                "00:1A:79:BB:4B:4A"
            ]
        },
        {
            "server_name": "ph-info.xyz",
            "server_url": "http://ph-info.xyz/c/",
            "macs": [
                "00:1A:79:74:C4:59"
            ]
        },
        {
            "server_name": "31.42.176.59",
            "server_url": "http://31.42.176.59/c/",
            "macs": [
                "00:1a:79:46:37:d4"
            ]
        },
        {
            "server_name": "brokentv.rip:8080",
            "server_url": "http://brokentv.rip:8080/c/",
            "macs": [
                "00:1a:79:bc:e8:a7",
                "00:1a:79:bd:30:b3",
                "00:1a:79:be:69:a5",
                "00:1a:79:af:5e:52"
            ]
        },
        {
            "server_name": "powerip.be:8000",
            "server_url": "http://powerip.be:8000/c/",
            "macs": [
                "00:1a:79:53:9a:1d",
                "00:1a:79:ad:01:71",
                "00:1a:79:29:56:59",
                "00:1a:79:11:55:76",
                "00:1a:79:62:32:65",
                "00:1a:79:77:38:9f",
                "00:1a:79:fa:07:47",
                "00:1a:79:77:78:8a",
                "00:1a:79:29:ac:c9",
                "00:1a:79:57:9b:14"
            ]
        },
        {
            "server_name": "eurotuga.xyz:8080",
            "server_url": "http://eurotuga.xyz:8080/c/",
            "macs": [
                "00:1A:79:A7:A1:32"
            ]
        },
        {
            "server_name": "scorpioniptv.com:8880",
            "server_url": "http://scorpioniptv.com:8880/c/",
            "macs": [
                "00:1A:79:3F:C9:3C"
            ]
        },
        {
            "server_name": "gtvstreams.me:80",
            "server_url": "http://gtvstreams.me:80/c/",
            "macs": [
                "00:1A:79:F8:BB:10"
            ]
        },
        {
            "server_name": "maxzi.pro:80",
            "server_url": "http://maxzi.pro:80/c/",
            "macs": [
                "00:1A:79:6A:A8:EC"
            ]
        }
    ]
}