{
    "items": [
        {
            "server_name": "2.onrev.xyz",
            "server_url": "http://2.onrev.xyz/c/",
            "macs": [
                "00:1a:79:33:38:29",
                "00:1a:79:33:80:d0",
                "00:1a:79:59:39:e7",
                "00:1a:79:5c:2e:91",
                "00:1a:79:39:54:ea",
                "00:1a:79:5b:78:ed",
                "00:1a:79:58:97:80",
                "00:1a:79:34:1d:de",
                "00:1a:79:33:3a:2f",
                "00:1a:79:49:1e:f0",
                "00:1a:79:3e:16:20"
            ]
        },
        {
            "server_name": "line.iptvwings.com:80",
            "server_url": "http://line.iptvwings.com:80/c/",
            "macs": [
                "00:1A:79:00:00:11",
                "00:1A:79:00:00:39",
                "00:1A:79:00:00:A1",
                "00:1A:79:00:00:AD"
            ]
        },
        {
            "server_name": "89.45.13.153:25461",
            "server_url": "http://89.45.13.153:25461/c/",
            "macs": [
                "00:1A:79:11:11:11"
            ]
        },
        {
            "server_name": "ipwebtv.dyndns.tv:8000",
            "server_url": "http://ipwebtv.dyndns.tv:8000/c/",
            "macs": [
                "00:1A:79:83:67:FB"
            ]
        },
        {
            "server_name": "line.iptveros.com:8000",
            "server_url": "http://line.iptveros.com:8000/c/",
            "macs": [
                "00:1A:79:00:0E:B0"
            ]
        },
        {
            "server_name": "pack2.xyz",
            "server_url": "http://pack2.xyz/c/",
            "macs": [
                "00:1A:79:7C:0F:FF",
                "00:1A:79:25:02:46"
            ]
        },
        {
            "server_name": "kocaeli41.xyz:8000",
            "server_url": "http://kocaeli41.xyz:8000/c/",
            "macs": [
                "00:1A:79:CD:13:B3"
            ]
        },
        {
            "server_name": "one4alltech.net:8080",
            "server_url": "http://one4alltech.net:8080/c/",
            "macs": [
                "00:1A:79:ac:d4:6b",
                "00:1A:79:46:81:95"
            ]
        },
        {
            "server_name": "pal.alphatx.me:80",
            "server_url": "http://pal.alphatx.me:80/c/",
            "macs": [
                "00:1A:79:bb:ed:0b",
                "00:1A:79:00:08:24",
                "00:1A:79:00:AA:0E",
                "00:1A:79:02:02:FC",
                "00:1A:79:0B:BE:60",
                "00:1A:79:0F:B7:9D",
                "00:1A:79:19:3F:DB",
                "00:1A:79:37:1A:57",
                "00:1A:79:8A:91:01",
                "00:1A:79:9E:25:68",
                "00:1A:79:A1:A4:8D",
                "00:1A:79:AE:FF:CB",
                "00:1A:79:C1:6F:48",
                "00:1A:79:47:32:6C",
                "00:1A:79:58:23:7C",
                "00:1A:79:A6:5B:93"
            ]
        },
        {
            "server_name": "51.159.70.234",
            "server_url": "http://51.159.70.234/stalker_portal/c/",
            "macs": [
                "00:1A:79:8F:8D:81",
                "00:1A:79:D5:0F:62",
                "00:1A:79:00:37:19",
                "00:1A:79:00:E6:A4",
                "00:1A:79:00:E8:05"
            ]
        },
        {
            "server_name": "promaxhd.com:8080",
            "server_url": "http://promaxhd.com:8080/c/",
            "macs": [
                "00:1A:79:33:AE:24",
                "00:1A:79:00:51:5E"
            ]
        },
        {
            "server_name": "pack2.xyz:80",
            "server_url": "http://pack2.xyz:80/c/",
            "macs": [
                "00:1A:79:20:01:ED",
                "00:1A:79:20:02:49",
                "00:1A:79:20:11:B7",
                "00:1A:79:20:12:F0",
                "00:1A:79:20:12:FD",
                "00:1A:79:20:13:01",
                "00:1A:79:20:1D:25",
                "00:1A:79:20:20:B2",
                "00:1A:79:20:30:EF",
                "00:1A:79:20:38:67",
                "00:1A:79:20:38:92",
                "00:1A:79:20:3B:49",
                "00:1A:79:20:01:D9",
                "00:1A:79:20:01:DA",
                "00:1A:79:20:01:E3"
            ]
        },
        {
            "server_name": "tv.nova-iptv.com:80",
            "server_url": "http://tv.nova-iptv.com:80/c/",
            "macs": [
                "00:1A:79:03:F6:52",
                "00:1A:79:18:03:A6",
                "00:1A:79:18:03:C8",
                "00:1A:79:1B:77:6D",
                "00:1A:79:1D:98:E6",
                "00:1A:79:1E:A1:F0",
                "00:1A:79:1E:E5:EF",
                "00:1A:79:25:00:FD",
                "00:1A:79:26:C3:D5",
                "00:1A:79:27:11:90",
                "00:1A:79:28:53:D6",
                "00:1A:79:28:53:E9",
                "00:1A:79:2A:B2:AA",
                "00:1A:79:2A:EE:52",
                "00:1A:79:2B:80:AB"
            ]
        }
    ]
}