{
    "items": [
        {
            "server_name": "digitalmobile.live:8080",
            "server_url": "http://digitalmobile.live:8080/c/",
            "macs": [
                "00:1A:79:BB:34: 6"
            ]
        },
        {
            "server_name": "zenlink.link",
            "server_url": "http://zenlink.link/c/",
            "macs": [
                "00:1A:79:A1:5F:40",
                "00:1A:79:A5:DB:D2",
                "00:1A:79:A9:EC:5E",
                "00:1A:79:AA:CC:0D",
                "00:1A:79:AE:56:1C",
                "00:1A:79:B0:93:26",
                "00:1A:79:B2:8B:92",
                "00:1A:79:B5:8A:06",
                "00:1A:79:B6:5A:A2",
                "00:1A:79:BA:0E:70",
                "00:1A:79:BB:8D:C1",
                "00:1A:79:BD:35:F7"
            ]
        },
        {
            "server_name": "51.91.57.198",
            "server_url": "http://51.91.57.198/stalker_portal/c/",
            "macs": [
                "00:1A:79:36:B9:5E",
                "00:1A:79:3E:CF:50",
                "00:1A:79:41:EA:3D",
                "00:1A:79:44:72:21",
                "00:1A:79:56:B7:83",
                "00:1A:79:6A:59:28",
                "00:1A:79:6C:F8:68",
                "00:1A:79:74:AB:EE",
                "00:1A:79:74:CE:DA",
                "00:1A:79:79:13:D2",
                "00:1A:79:CD:1A:23"
            ]
        },
        {
            "server_name": "m.lynxtv.pro:8080",
            "server_url": "http://m.lynxtv.pro:8080/c/",
            "macs": [
                "00:1A:79:08:52:9D",
                "00:1A:79:59:2D:6E",
                "00:1A:79:5D:AB:18",
                "00:1A:79:7D:37:9B",
                "00:1A:79:B1:1F:97",
                "00:1A:79:BB:F7:A5",
                "00:1A:79:BF:EE:59",
                "00:1A:79:CE:03:54"
            ]
        },
        {
            "server_name": "hdmiclub.online:8080",
            "server_url": "http://hdmiclub.online:8080/c/",
            "macs": [
                "00:1A:79:BE:87:EC"
            ]
        },
        {
            "server_name": "51.159.70.234",
            "server_url": "http://51.159.70.234/stalker_portal/c/",
            "macs": [
                "00:1A:79:24:7E:DA",
                "00:1A:79:24:7F:80",
                "00:1A:79:2B:F1:84",
                "00:1A:79:33:0C:32",
                "00:1A:79:37:36:E0",
                "00:1A:79:62:46:70",
                "00:1A:79:78:E6:50",
                "00:1A:79:8D:C7:7D",
                "00:1A:79:AF:A5:90",
                "00:1A:79:B5:4A:10",
                "00:1A:79:D0:23:37"
            ]
        },
        {
            "server_name": "flumine.cc",
            "server_url": "http://flumine.cc/stalker_portal/c/",
            "macs": [
                "00:1A:79:54:17:B9",
                "00:1A:79:78:F6:27",
                "00:1A:79:E1:B4:4D"
            ]
        },
        {
            "server_name": "coelhopatobravo.live",
            "server_url": "http://coelhopatobravo.live/c/",
            "macs": [
                "00:1A:79:CC:46:75"
            ]
        },
        {
            "server_name": "dns.freemajorgames.net:8080",
            "server_url": "http://dns.freemajorgames.net:8080/c/",
            "macs": [
                "00:1A:79:A1:CF:3D"
            ]
        },
        {
            "server_name": "one4alltech.net:8080",
            "server_url": "http://one4alltech.net:8080/c/",
            "macs": [
                "00:1A:79:FB:91:55"
            ]
        },
        {
            "server_name": "212.129.8.69",
            "server_url": "http://212.129.8.69/stalker_portal/c/",
            "macs": [
                "00:1A:79:01:89:AB",
                "00:1A:79:25:80:B4",
                "00:1A:79:30:63:63",
                "00:1A:79:49:36:8D",
                "00:1A:79:4A:EE:9D",
                "00:1A:79:54:8C:77",
                "00:1A:79:5A:B1:1C",
                "00:1A:79:94:C0:2F"
            ]
        },
        {
            "server_name": "entertainmentj4u.com",
            "server_url": "http://entertainmentj4u.com/stalker_portal/c/",
            "macs": [
                "00:1A:79:18:81:BF",
                "00:1A:79:24:7F:99",
                "00:1A:79:51:6A:71",
                "00:1A:79:58:26:0F",
                "00:1A:79:68:82:99",
                "00:1A:79:72:F5:C1",
                "00:1A:79:7A:ED:5D",
                "00:1A:79:7B:01:6E",
                "00:1A:79:7B:6F:0B",
                "00:1A:79:7D:DF:4D",
                "00:1A:79:A6:67:1A",
                "00:1A:79:AE:11:43",
                "00:1A:79:B3:D5:22"
            ]
        }
    ]
}