{
    "items": [
        {
            "server_name": "digital121.xyz:80",
            "server_url": "http://digital121.xyz:80/c/",
            "macs": [
                "00:1A:79:50:23:45",
                "00:1A:79:50:48:6D",
                "00:1A:79:50:C7:4D"
            ]
        },
        {
            "server_name": "jokermedia.live:8090",
            "server_url": "http://jokermedia.live:8090/c/",
            "macs": [
                "00:1A:79:20:21:22"
            ]
        },
        {
            "server_name": "juqifsharobt.com:80",
            "server_url": "http://juqifsharobt.com:80/c/",
            "macs": [
                "00:1A:79:42:5E:39",
                "00:1A:79:42:5F:48",
                "00:1A:79:42:61:7E",
                "00:1A:79:42:61:94",
                "00:1A:79:42:61:A7",
                "00:1A:79:42:61:B1",
                "00:1A:79:42:63:36"
            ]
        },
        {
            "server_name": "shacktv.com:8080",
            "server_url": "http://shacktv.com:8080/c/",
            "macs": [
                "00:1A:79:50:6B:B0"
            ]
        },
        {
            "server_name": "king4k.tv:80",
            "server_url": "http://king4k.tv:80/c/",
            "macs": [
                "00:1A:79:30:0E:8A",
                "00:1A:79:34:4C:C6",
                "00:1A:79:36:78:09",
                "00:1A:79:57:82:4A",
                "00:1A:79:7C:1A:E2",
                "00:1A:79:A6:3D:48",
                "00:1A:79:B0:F3:3F",
                "00:1A:79:FB:BF:26"
            ]
        },
        {
            "server_name": "31.42.176.59",
            "server_url": "http://31.42.176.59/c/",
            "macs": [
                "00:1A:79:1E:31:2C",
                "00:1A:79:43:A4:E4",
                "00:1A:79:77:E2:2A"
            ]
        },
        {
            "server_name": "amepz.xyz:8080",
            "server_url": "http://amepz.xyz:8080/c/",
            "macs": [
                "00:1A:79:56:CD:24"
            ]
        },
        {
            "server_name": "apkonrev.store:8080",
            "server_url": "http://apkonrev.store:8080/c/",
            "macs": [
                "00:1A:79:51:A5:66"
            ]
        },
        {
            "server_name": "mag.redmytv.com:80",
            "server_url": "http://mag.redmytv.com:80/c/",
            "macs": [
                "00:1A:79:18:11:36",
                "00:1A:79:3C:5F:F7",
                "00:1A:79:5F:7B:41",
                "00:1A:79:68:0F:89",
                "00:1A:79:AE:C7:03",
                "00:1A:79:CD:4F:9F"
            ]
        },
        {
            "server_name": "sony4k.vip:8000",
            "server_url": "http://sony4k.vip:8000/c/",
            "macs": [
                "00:1A:79:AE:83:F1",
                "00:1A:79:FD:AD:6C"
            ]
        },
        {
            "server_name": "birutv.my.id",
            "server_url": "http://birutv.my.id/c/",
            "macs": [
                "00:1A:79:23:3F:7C",
                "00:1A:79:2C:0F:67",
                "00:1A:79:6E:0E:B4"
            ]
        },
        {
            "server_name": "teckpro-lus.xyz:8080",
            "server_url": "http://teckpro-lus.xyz:8080/c/",
            "macs": [
                "00:1A:79:C1:9E:26"
            ]
        },
        {
            "server_name": "51.91.57.198",
            "server_url": "http://51.91.57.198/stalker_portal/c/",
            "macs": [
                "00:1A:79:44:B5:4C",
                "00:1A:79:45:6F:E1",
                "00:1A:79:5F:FE:68",
                "00:1A:79:6A:5C:10",
                "00:1A:79:6C:9E:E7",
                "00:1A:79:77:5A:79"
            ]
        },
        {
            "server_name": "nicolaj.123tv.to:8080",
            "server_url": "http://nicolaj.123tv.to:8080/c/",
            "macs": [
                "00:1A:79:D0:06:AD"
            ]
        },
        {
            "server_name": "fastgo.cam:8080",
            "server_url": "http://fastgo.cam:8080/c/",
            "macs": [
                "00:1A:79:32:76:2D",
                "00:1A:79:51:44:FD",
                "00:1A:79:AE:BF:21"
            ]
        },
        {
            "server_name": "elite41iptv.streamtv.to:8080",
            "server_url": "http://elite41iptv.streamtv.to:8080/c/",
            "macs": [
                "00:1A:79:55:A3:0C",
                "00:1A:79:C7:F7:A6"
            ]
        },
        {
            "server_name": "speed-gaz.xyz",
            "server_url": "http://speed-gaz.xyz/c/",
            "macs": [
                "00:1A:79:C1:EF:D4"
            ]
        },
        {
            "server_name": "77.74.193.158:88",
            "server_url": "http://77.74.193.158:88/stalker_portal/c/",
            "macs": [
                "00:1A:79:3D:EF:28",
                "00:1A:79:4C:1F:B5",
                "00:1A:79:59:C9:27"
            ]
        },
        {
            "server_name": "oktay-can-mdiya-hack.streamtv.to:8080",
            "server_url": "http://oktay-can-mdiya-hack.streamtv.to:8080/c/",
            "macs": [
                "00:1A:79:06:5D:87"
            ]
        },
        {
            "server_name": "p1.uiop.tv",
            "server_url": "http://p1.uiop.tv/stalker_portal/c/",
            "macs": [
                "00:1A:79:2D:66:3E",
                "00:1A:79:2E:0B:65",
                "00:1A:79:37:03:5D",
                "00:1A:79:37:B3:FB",
                "00:1A:79:41:5D:5C",
                "00:1A:79:41:D3:7F",
                "00:1A:79:4B:3E:A6",
                "00:1A:79:55:27:6B",
                "00:1A:79:F4:8F:FD"
            ]
        },
        {
            "server_name": "jiotv.be",
            "server_url": "http://jiotv.be/stalker_portal/c/",
            "macs": [
                "00:1A:79:4A:9E:91",
                "00:1A:79:D7:DB:DC",
                "00:1A:79:E1:5E:36"
            ]
        },
        {
            "server_name": "besttv.club:8080",
            "server_url": "http://besttv.club:8080/c/",
            "macs": [
                "00:1A:79:00:35:78",
                "00:1A:79:06:0F:68",
                "00:1A:79:1F:44:FD",
                "00:1A:79:4C:CA:FE",
                "00:1A:79:4F:36:BE",
                "00:1A:79:52:B2:A3",
                "00:1A:79:55:15:6F",
                "00:1A:79:55:66:D6",
                "00:1A:79:6D:BC:EC",
                "00:1A:79:70:52:98",
                "00:1A:79:71:D9:04",
                "00:1A:79:8A:94:80",
                "00:1A:79:A1:90:B0",
                "00:1A:79:A4:7D:EE",
                "00:1A:79:A7:C3:78",
                "00:1A:79:BE:B3:37",
                "00:1A:79:F7:49:72"
            ]
        }
    ]
}