{
    "items": [
        {
            "server_name": "brokentv.rip:8080",
            "server_url": "http://brokentv.rip:8080/c/",
            "macs": [
                "00:1A:79:2E:F8:47",
                "00:1A:79:33:64:64",
                "00:1A:79:36:1C:35",
                "00:1A:79:90:7D:7D",
                "00:1A:79:97:55:A5",
                "00:1A:79:A5:4F:6C",
                "00:1A:79:B0:4F:89",
                "00:1A:79:B5:15:5F",
                "00:1A:79:BD:15:1E",
                "00:1A:79:C0:A0:73",
                "00:1A:79:E5:E4:70",
                "00:1A:79:F3:0B:41"
            ]
        },
        {
            "server_name": "tv.nova-iptv.com",
            "server_url": "http://tv.nova-iptv.com/c/",
            "macs": [
                "00:1A:79:1E:C3:E5",
                "00:1A:79:1E:E5:EF",
                "00:1A:79:27:11:90",
                "00:1A:79:28:53:E9",
                "00:1A:79:2A:EE:52",
                "00:1A:79:2B:A3:E3",
                "00:1A:79:2D:F0:85",
                "00:1A:79:2F:5F:C9"
            ]
        },
        {
            "server_name": "don-balon.ddns.net:8080",
            "server_url": "http://don-balon.ddns.net:8080/c/",
            "macs": [
                "00:1A:79:29:0E:73"
            ]
        },
        {
            "server_name": "web2021.biz:8080",
            "server_url": "http://web2021.biz:8080/c/",
            "macs": [
                "00:1A:79:4E:A4:C4",
                "00:1A:79:52:30:FB",
                "00:1A:79:5F:2C:3B"
            ]
        },
        {
            "server_name": "107.189.14.168:8080",
            "server_url": "http://107.189.14.168:8080/c/",
            "macs": [
                "00:1A:79:A4:88:4D"
            ]
        },
        {
            "server_name": "hans_monika.streamtv.to:8080",
            "server_url": "http://hans_monika.streamtv.to:8080/c/",
            "macs": [
                "00:1A:79:53:B7:5B",
                "00:1A:79:A3:FB:BC"
            ]
        },
        {
            "server_name": "restream.globaltv1.net:8080",
            "server_url": "http://restream.globaltv1.net:8080/c/",
            "macs": [
                "00:1A:79:08:46:3B",
                "00:1A:79:14:E3:85",
                "00:1A:79:6B:E3:59",
                "00:1A:79:A1:83:3B",
                "00:1A:79:C1:A0:E6"
            ]
        },
        {
            "server_name": "line.iptvwings.com",
            "server_url": "http://line.iptvwings.com/c/",
            "macs": [
                "00:1A:79:24:76:5E",
                "00:1A:79:3A:E2:52",
                "00:1A:79:44:CA:DE",
                "00:1A:79:52:DD:E5",
                "00:1A:79:71:6F:D9",
                "00:1A:79:7E:2C:FC",
                "00:1A:79:97:5B:44",
                "00:1A:79:AC:1F:C5",
                "00:1A:79:B5:0A:62",
                "00:1A:79:C5:15:CD"
            ]
        },
        {
            "server_name": "magico.livrexs.xyz",
            "server_url": "http://magico.livrexs.xyz/c/",
            "macs": [
                "00:1A:79:BA:21:A6",
                "00:1A:79:C2:0B:3C"
            ]
        }
    ]
}