{
    "items": [
        {
            "server_name": "lamapotv.cc:80",
            "server_url": "http://lamapotv.cc:80/c/",
            "macs": [
                "00:1A:79:00:00:00",
                "00:1A:79:00:00:07",
                "00:1A:79:00:00:0D",
                "00:1A:79:00:00:22",
                "00:1A:79:00:00:78",
                "00:1A:79:00:00:97",
                "00:1A:79:00:00:FF",
                "00:1A:79:00:01:50",
                "00:1A:79:00:01:5F",
                "00:1A:79:00:02:03",
                "00:1A:79:00:02:C0",
                "00:1A:79:00:06:3C",
                "00:1A:79:00:06:5C",
                "00:1A:79:00:06:AB"
            ]
        },
        {
            "server_name": "nightmare-tv.xyz:8080",
            "server_url": "http://nightmare-tv.xyz:8080/c/",
            "macs": [
                "00:1A:79:01:74:9E",
                "00:1A:79:08:4D:C9",
                "00:1A:79:08:4D:C9",
                "00:1A:79:08:51:3A",
                "00:1A:79:5D:8D:01",
                "00:1A:79:AF:F9:F2"
            ]
        },
        {
            "server_name": "king4k.tv",
            "server_url": "http://king4k.tv/c/",
            "macs": [
                "00:1A:79:51:EA:49",
                "00:1A:79:B0:1C:B9",
                "00:1A:79:4D:6B:71",
                "00:1A:79:AA:BA:B3"
            ]
        }
    ]
}