{
    "items": [
        {
            "server_name": "213.186.1.136:88",
            "server_url": "http://213.186.1.136:88/stalker_portal/c/",
            "macs": [
                "00:1A:79:43:73:76"
            ]
        },
        {
            "server_name": "185.129.1.249:88",
            "server_url": "http://185.129.1.249:88/stalker_portal/c/",
            "macs": [
                "00:1A:79:1E:AE:79",
                "00:1A:79:1E:B2:72",
                "00:1A:79:1B:25:B1",
                "00:1A:79:1E:AE:6A"
            ]
        },
        {
            "server_name": "foxx.pure-iptv.net:8080",
            "server_url": "http://foxx.pure-iptv.net:8080/c/",
            "macs": [
                "00:1A:79:00:00:00"
            ]
        },
        {
            "server_name": "buyspamtool.com:8080",
            "server_url": "http://buyspamtool.com:8080/c/",
            "macs": [
                "00:1A:79:C7:D6:D6"
            ]
        },
        {
            "server_name": "foxx.pure-iptv.net:8080",
            "server_url": "http://foxx.pure-iptv.net:8080/c/",
            "macs": [
                "00:1A:79:B4:F0:DA"
            ]
        },
        {
            "server_name": "mutant.arrox.top",
            "server_url": "http://mutant.arrox.top/c/",
            "macs": [
                "00:1A:79:C5:BF:E0",
                "00:1A:79:42:0E:74",
                "00:1A:79:14:1F:23",
                "00:1A:79:32:C5:57",
                "00:1A:79:3A:84:89",
                "00:1A:79:BF:DF:A6",
                "00:1A:79:D6:4F:18",
                "00:1A:79:5D:82:E9",
                "00:1A:79:B3:B3:63"
            ]
        },
        {
            "server_name": "line.iptveros.com:80",
            "server_url": "http://line.iptveros.com:80/c/",
            "macs": [
                "00:1A:79:B5:AB:17",
                "00:1A:79:77:39:4F"
            ]
        },
        {
            "server_name": "reddevil.life:8080",
            "server_url": "http://reddevil.life:8080/c/",
            "macs": [
                "00:1A:79:60:A2:6A",
                "00:1A:79:60:C2:CD",
                "00:1A:79:60:E3:BF",
                "00:1A:79:60:F3:E0",
                "00:1A:79:61:20:07"
            ]
        },
        {
            "server_name": "bes5.alphatx.me:80",
            "server_url": "http://bes5.alphatx.me:80/c/",
            "macs": [
                "00:1A:79:08:1F:FC",
                "00:1A:79:F0:EF:1F"
            ]
        },
        {
            "server_name": "wiki-ott.org:8789",
            "server_url": "http://wiki-ott.org:8789/c/",
            "macs": [
                "00:1A:79:A2:65:83",
                "00:1A:79:A1:62:57",
                "00:1A:79:AE:3E:87",
                "00:1A:79:AC:12:D3",
                "00:1A:79:A6:20:F1",
                "00:1A:79:AE:20:51",
                "00:1A:79:AE:6B:28",
                "00:1A:79:A1:3A:1B",
                "00:1A:79:A4:23:B8"
            ]
        },
        {
            "server_name": "spacextv.live:8080",
            "server_url": "http://spacextv.live:8080/c/",
            "macs": [
                "00:1A:79:BD:23:CE",
                "00:1A:79:AA:A9:CD",
                "00:1A:79:F0:07:FD",
                "00:1A:79:10:D5:BC",
                "00:1A:79:34:22:33",
                "00:1A:79:B6:23:A9",
                "00:1A:79:07:BE:67",
                "00:1A:79:2B:98:8F",
                "00:1A:79:BB:B5:C9",
                "00:1A:79:58:CB:2A",
                "00:1A:79:13:50:FD",
                "00:1A:79:10:E3:77"
            ]
        }
    ]
}