{
    "items": [
        {
            "server_name": "line.iptvhunt.com:80",
            "server_url": "http://line.iptvhunt.com:80/c/",
            "macs": [
                "00:1A:79:38:5d:2d"
            ]
        },
        {
            "server_name": "line.boom-ott.ru:80",
            "server_url": "http://line.boom-ott.ru:80/c/",
            "macs": [
                "00:1A:79:36:37:36"
            ]
        },
        {
            "server_name": "izle.atak.live:8080",
            "server_url": "http://izle.atak.live:8080/c/",
            "macs": [
                "00:1A:79:4d:03:42",
                "00:1A:79:17:2d:99",
                "00:1A:79:c1:fb:34",
                "00:1A:79:ab:1b:65",
                "00:1A:79:54:02:cb",
                "00:1A:79:6e:29:f3",
                "00:1A:79:44:4e:e5",
                "00:1A:79:c6:4e:b8"
            ]
        }
    ]
}