{
    "items": [
        {
            "server_name": "ip.untouchablelive.com:80",
            "server_url": "http://ip.untouchablelive.com:80/c/",
            "macs": [
                "00:1A:79:18:08:8B"
            ]
        },
        {
            "server_name": "iptv.jinbox.eu:1339",
            "server_url": "http://iptv.jinbox.eu:1339/c/",
            "macs": [
                "00:1A:79:05:E3:EC",
                "00:1A:79:17:24:66",
                "00:1A:79:2D:4D:5C",
                "00:1A:79:3A:DE:89",
                "00:1A:79:3B:44:38",
                "00:1A:79:42:56:1C",
                "00:1A:79:4B:69:46",
                "00:1A:79:54:66:6E",
                "00:1A:79:69:1D:56",
                "00:1A:79:76:03:FA",
                "00:1A:79:90:0C:87",
                "00:1A:79:90:FD:09",
                "00:1A:79:A1:19:B2",
                "00:1A:79:A1:1A:FB",
                "00:1A:79:A5:2B:BE",
                "00:1A:79:A6:50:B9",
                "00:1A:79:A9:CE:84",
                "00:1A:79:AC:C7:F0",
                "00:1A:79:B0:E1:46",
                "00:1A:79:B5:C9:C6",
                "00:1A:79:B6:47:17",
                "00:1A:79:C1:AA:04",
                "00:1A:79:C2:8C:56",
                "00:1A:79:CB:97:A1"
            ]
        },
        {
            "server_name": "powerip.be:8000",
            "server_url": "http://powerip.be:8000/c/",
            "macs": [
                "00:1A:79:10:9D:88",
                "00:1A:79:13:6F:A6",
                "00:1A:79:28:0F:5C",
                "00:1A:79:41:70:FC",
                "00:1A:79:45:20:3F",
                "00:1A:79:4E:2E:63",
                "00:1A:79:55:3A:5D",
                "00:1A:79:56:01:E8",
                "00:1A:79:5D:EB:A3",
                "00:1A:79:65:F6:6E",
                "00:1A:79:6A:7C:22",
                "00:1A:79:6B:6A:7B",
                "00:1A:79:73:BF:E8",
                "00:1A:79:75:5B:19",
                "00:1A:79:77:52:13",
                "00:1A:79:7A:8E:FE",
                "00:1A:79:85:E2:1D",
                "00:1A:79:B0:88:33",
                "00:1A:79:C8:25:CD",
                "00:1A:79:D6:BC:B1"
            ]
        }
    ]
}