{
    "items": [
        {
            "server_name": "mag.premiumplus.tv",
            "server_url": "http://mag.premiumplus.tv/c/",
            "macs": [
                "00:1A:79:34:5B:C7"
            ]
        },
        {
            "server_name": "mutant.arrox.top:80",
            "server_url": "http://mutant.arrox.top:80/c/",
            "macs": [
                "00:1A:79:64:3C:15",
                "00:1A:79:C0:8A:B0",
                "00:1A:79:C3:AB:A5",
                "00:1A:79:6F:2F:C1"
            ]
        },
        {
            "server_name": "21tv.net:2052",
            "server_url": "http://21tv.net:2052/c/",
            "macs": [
                "00:1A:79:82:06:3A",
                "00:1A:79:57:9E:4B",
                "00:1A:79:DE:78:DC",
                "00:1A:79:DD:EF:BE"
            ]
        },
        {
            "server_name": "energyiptv.streamtv.to:8080",
            "server_url": "http://energyiptv.streamtv.to:8080/c/",
            "macs": [
                "00:1A:79:53:0A:0A",
                "00:1A:79:AE:36:84"
            ]
        },
        {
            "server_name": "a.stroj-bt.com:89",
            "server_url": "http://a.stroj-bt.com:89/c/",
            "macs": [
                "00:1A:79:4f:a4:53",
                "00:1A:79:65:d2:0f",
                "00:1A:79:31:1a:38",
                "00:1A:79:69:dc:c8",
                "00:1A:79:26:e9:87",
                "00:1A:79:30:9f:9a",
                "00:1A:79:f0:c9:84",
                "00:1A:79:73:20:83",
                "00:1A:79:3b:9a:e7",
                "00:1A:79:7c:90:fc",
                "00:1A:79:75:77:d5",
                "00:1A:79:d8:62:9b",
                "00:1A:79:58:fb:92",
                "00:1A:79:d6:79:14",
                "00:1A:79:84:80:43",
                "00:1A:79:e3:e6:6f",
                "00:1A:79:52:15:c8",
                "00:1A:79:6f:02:ed",
                "00:1A:79:1d:d0:cf",
                "00:1A:79:76:e3:60",
                "00:1A:79:35:da:3b",
                "00:1A:79:b5:7f:cd",
                "00:1A:79:61:c8:10",
                "00:1A:79:46:a6:ba",
                "00:1A:79:83:88:7c",
                "00:1A:79:cf:c0:72",
                "00:1A:79:a8:68:b4",
                "00:1A:79:40:0d:9d",
                "00:1A:79:74:ca:5a",
                "00:1A:79:bc:63:b8",
                "00:1A:79:27:86:ff"
            ]
        },
        {
            "server_name": "energyiptv.streamtv.to:8080",
            "server_url": "http://energyiptv.streamtv.to:8080/c/",
            "macs": [
                "00:1A:79:53:0A:0A",
                "00:1A:79:33:58:AD",
                "00:1A:79:D7:6C:77",
                "00:1A:79:BC:58:C8",
                "00:1A:79:AE:94:73",
                "00:1A:79:6A:60:C0",
                "00:1A:79:41:57:DC",
                "00:1A:79:53:9F:C9",
                "00:1A:79:6A:1F:29",
                "00:1A:79:5F:27:DB",
                "00:1A:79:AE:36:84",
                "00:1A:79:AB:F3:F6",
                "00:1A:79:D1:A3:E7",
                "00:1A:79:60:A0:63",
                "00:1A:79:B5:63:7C",
                "00:1A:79:B5:5A:02",
                "00:1A:79:EF:BD:62"
            ]
        },
        {
            "server_name": "beta2.tryliveomg.xyz:8080",
            "server_url": "http://beta2.tryliveomg.xyz:8080/c/",
            "macs": [
                "00:1A:79:4B:79:48",
                "00:1A:79:3B:1C:11",
                "00:1A:79:52:52:83",
                "00:1A:79:90:7A:6D",
                "00:1A:79:92:1B:00",
                "00:1A:79:94:19:9F"
            ]
        },
        {
            "server_name": "200.26.188.39:80",
            "server_url": "http://200.26.188.39:80/c/",
            "macs": [
                "00:1A:79:0D:42:78",
                "00:1A:79:DE:00:BC",
                "00:1A:79:19:30:2C",
                "00:1A:79:3D:C7:09",
                "00:1A:79:83:9F:E9"
            ]
        },
        {
            "server_name": "tr.simotvgold.com",
            "server_url": "http://tr.simotvgold.com/c/",
            "macs": [
                "00:1A:79:55:CD:37",
                "00:1A:79:C4:64:47",
                "00:1A:79:48:B7:CC",
                "00:1A:79:63:6D:B5",
                "00:1A:79:55:94:2C"
            ]
        },
        {
            "server_name": "dm.lion-ott.com",
            "server_url": "http://dm.lion-ott.com/c/",
            "macs": [
                "00:1A:79:BA:19:2C",
                "00:1A:79:CF:6A:8E",
                "00:1A:79:BF:1F:5D",
                "00:1A:79:71:81:CB",
                "00:1A:79:5E:3E:39"
            ]
        },
        {
            "server_name": "onfireboxtv.com",
            "server_url": "http://onfireboxtv.com/c/",
            "macs": [
                "00:1a:79:a9:d0:1f",
                "00:1a:79:b9:82:3c"
            ]
        },
        {
            "server_name": "62.182.80.86:80",
            "server_url": "http://62.182.80.86:80/c/",
            "macs": [
                "00:1A:79:7b:52:eb",
                "00:1A:79:57:a3:7e",
                "00:1A:79:c4:59:6e"
            ]
        },
        {
            "server_name": "tv.indigotv.me",
            "server_url": "http://tv.indigotv.me/stalker_portal/c/",
            "macs": [
                "00:1A:79:53:48:FA",
                "00:1A:79:99:1F:A8",
                "00:1A:79:0E:F7:97",
                "00:1A:79:13:C0:44",
                "00:1A:79:0A:3B:29"
            ]
        },
        {
            "server_name": "premiumtv4k.ottct.pro:80",
            "server_url": "http://premiumtv4k.ottct.pro:80/c/",
            "macs": [
                "00:1A:79:50:ce:d2",
                "00:1A:79:05:9b:8e",
                "00:1A:79:7f:af:7d"
            ]
        }
    ]
}