{
    "items": [
        {
            "server_name": "rapid-4k.com",
            "server_url": "http://rapid-4k.com/c/",
            "macs": [
                "00:1A:79:01:81:01",
                "00:1A:79:1C:A5:F3",
                "00:1A:79:33:08:BE",
                "00:1A:79:33:35:26",
                "00:1A:79:49:0D:70",
                "00:1A:79:49:63:E1",
                "00:1A:79:53:26:64",
                "00:1A:79:53:FB:1E",
                "00:1A:79:58:14:FE",
                "00:1A:79:59:E1:E5",
                "00:1A:79:5C:ED:DB",
                "00:1A:79:5E:D6:A5",
                "00:1A:79:62:9B:E3",
                "00:1A:79:64:51:36",
                "00:1A:79:69:D7:78",
                "00:1A:79:71:12:1A",
                "00:1A:79:71:46:14",
                "00:1A:79:76:4A:31",
                "00:1A:79:83:84:C8",
                "00:1A:79:9A:14:E2",
                "00:1A:79:9E:B1:EF",
                "00:1A:79:9F:AD:ED",
                "00:1A:79:A2:77:93",
                "00:1A:79:A2:88:D8",
                "00:1A:79:A2:D6:23",
                "00:1A:79:A3:49:15",
                "00:1A:79:A5:C5:84",
                "00:1A:79:A5:D0:67",
                "00:1A:79:A6:92:F5",
                "00:1A:79:A7:71:05",
                "00:1A:79:A8:41:D8",
                "00:1A:79:A8:5C:68",
                "00:1A:79:A8:6A:A1",
                "00:1A:79:A8:6B:0C",
                "00:1A:79:A8:73:6C",
                "00:1A:79:A8:82:9C",
                "00:1A:79:A8:9B:A1",
                "00:1A:79:A8:A2:59",
                "00:1A:79:A9:46:30",
                "00:1A:79:A9:4F:96",
                "00:1A:79:A9:8F:54",
                "00:1A:79:A9:9E:73",
                "00:1A:79:AC:0F:0A",
                "00:1A:79:AC:8E:9B",
                "00:1A:79:AC:98:73",
                "00:1A:79:AC:9F:50",
                "00:1A:79:AC:A5:FD",
                "00:1A:79:AC:AA:00",
                "00:1A:79:AD:89:56",
                "00:1A:79:AF:B8:31",
                "00:1A:79:B0:D3:1B",
                "00:1A:79:B1:12:8C",
                "00:1A:79:B2:93:77",
                "00:1A:79:B8:6C:A8",
                "00:1A:79:EE:24:B6",
                "00:1A:79:F0:0B:73",
                "00:1A:79:F5:26:44",
                "00:1A:79:F5:27:F7",
                "00:1A:79:FB:10:49",
                "00:1A:79:FB:30:11"
            ]
        },
        {
            "server_name": "starshare.live:8080",
            "server_url": "http://starshare.live:8080/c/",
            "macs": [
                "00:1A:79:02:7F:6B"
            ]
        },
        {
            "server_name": "nas.bordo1453.be:80",
            "server_url": "http://nas.bordo1453.be:80/c/",
            "macs": [
                "00:1A:79:8B:40:C8",
                "00:1A:79:A1:EF:76"
            ]
        },
        {
            "server_name": "nvs1hosting.live:25461",
            "server_url": "http://nvs1hosting.live:25461/c/",
            "macs": [
                "00:1A:79:B8:00:B8",
                "00:1A:79:B8:F3:DC",
                "00:1A:79:C7:26:8C",
                "00:1A:79:CE:F8:62"
            ]
        },
        {
            "server_name": "onrev.xyz:80",
            "server_url": "http://onrev.xyz:80/c/",
            "macs": [
                "00:1A:79:48:63:A4"
            ]
        },
        {
            "server_name": "petarxc.ddns.net:8000",
            "server_url": "http://petarxc.ddns.net:8000/c/",
            "macs": [
                "00:1A:79:43:47:13"
            ]
        },
        {
            "server_name": "p1.iptvrocket.tv:80",
            "server_url": "http://p1.iptvrocket.tv:80/c/",
            "macs": [
                "00:1A:79:3A:48:4B",
                "00:1A:79:54:84:A9",
                "00:1A:79:5D:63:02",
                "00:1A:79:66:2A:3C",
                "00:1A:79:A9:12:B4",
                "00:1A:79:AA:24:03",
                "00:1A:79:B7:EA:2A",
                "00:1A:79:BF:D2:B5",
                "00:1A:79:C1:21:51",
                "00:1A:79:C2:F1:74"
            ]
        },
        {
            "server_name": "streamcode.one:2082",
            "server_url": "http://streamcode.one:2082/c/",
            "macs": [
                "00:1A:79:54:F4:CC"
            ]
        },
        {
            "server_name": "kmkus.wanicelife.com:8880",
            "server_url": "http://kmkus.wanicelife.com:8880/c/",
            "macs": [
                "00:1A:79:C7:3B:72"
            ]
        },
        {
            "server_name": "51.91.57.198",
            "server_url": "http://51.91.57.198/stalker_portal/c/",
            "macs": [
                "00:1A:79:26:63:A4",
                "00:1A:79:2B:1C:6D",
                "00:1A:79:32:69:9F",
                "00:1A:79:6A:5A:97"
            ]
        },
        {
            "server_name": "cbrlig.com:8080",
            "server_url": "http://cbrlig.com:8080/c/",
            "macs": [
                "00:1A:79:43:88:7B",
                "00:1A:79:52:EB:AC",
                "00:1A:79:6B:01:9B",
                "00:1A:79:A6:7E:49"
            ]
        },
        {
            "server_name": "xc.tvset.top",
            "server_url": "http://xc.tvset.top/c/",
            "macs": [
                "00:1A:79:80:62:C1"
            ]
        },
        {
            "server_name": "runn3r.runn3r123.co:8080",
            "server_url": "http://runn3r.runn3r123.co:8080/c/",
            "macs": [
                "00:1A:79:BA:84:DB"
            ]
        },
        {
            "server_name": "77.74.193.158:88",
            "server_url": "http://77.74.193.158:88/stalker_portal/c/",
            "macs": [
                "00:1A:79:3F:B2:07",
                "00:1A:79:5A:6C:62",
                "00:1A:79:62:52:B0",
                "00:1A:79:69:00:1E"
            ]
        },
        {
            "server_name": "new.ivue.co:25461",
            "server_url": "http://new.ivue.co:25461/c/",
            "macs": [
                "00:1A:79:02:4E:AE",
                "00:1A:79:04:19:35",
                "00:1A:79:0A:77:15",
                "00:1A:79:C1:1A:D0"
            ]
        },
        {
            "server_name": "roxs.xyz",
            "server_url": "http://roxs.xyz/c/",
            "macs": [
                "00:1A:79:30:F3:23",
                "00:1A:79:5C:96:20",
                "00:1A:79:AB:CB:21",
                "00:1A:79:FB:48:5F",
                "00:1A:79:FB:5F:5F"
            ]
        }
    ]
}