{
    "items": [
        {
            "server_name": "funtogether.xyz:8080",
            "server_url": "http://funtogether.xyz:8080/c/",
            "macs": [
                "00:1A:79:2E:5C:B1",
                "00:1A:79:44:1D:2D",
                "00:1A:79:94:3D:82",
                "00:1A:79:AC:CE:1F",
                "00:1A:79:B0:A5:92",
                "00:1A:79:BC:29:00",
                "00:1A:79:BF:BC:27",
                "00:1A:79:FE:1F:92"
            ]
        },
        {
            "server_name": "line.klasstv.eu",
            "server_url": "http://line.klasstv.eu/c/",
            "macs": [
                "00:1A:79:19:47:2F",
                "00:1A:79:1D:0F:5C",
                "00:1A:79:36:65:32",
                "00:1A:79:3F:3C:50",
                "00:1A:79:56:96:8C",
                "00:1A:79:65:61:36",
                "00:1A:79:68:0F:80",
                "00:1A:79:6F:5F:55"
            ]
        },
        {
            "server_name": "eu.eutech.pw:8080",
            "server_url": "http://eu.eutech.pw:8080/c/",
            "macs": [
                "00:1A:79:08:91:1F",
                "00:1A:79:1F:0F:C8",
                "00:1A:79:3F:04:2C",
                "00:1A:79:4E:B6:EA",
                "00:1A:79:50:D3:2A",
                "00:1A:79:52:BE:44",
                "00:1A:79:76:7E:54",
                "00:1A:79:AF:63:9F",
                "00:1A:79:BB:8B:8B",
                "00:1A:79:C5:CE:A1",
                "00:1A:79:F6:D5:EB",
                "00:1A:79:FB:1A:FE"
            ]
        },
        {
            "server_name": "mag.realvip.co",
            "server_url": "http://mag.realvip.co/c/",
            "macs": [
                "00:1A:79:19:19:19",
                "00:1A:79:32:C3:94",
                "00:1A:79:4C:C2:65",
                "00:1A:79:59:3F:A6",
                "00:1A:79:5D:4C:A6",
                "00:1A:79:70:7D:42",
                "00:1A:79:83:4D:48",
                "00:1A:79:A5:D6:46",
                "00:1A:79:BB:EF:5D",
                "00:1A:79:C1:3D:E0",
                "00:1A:79:C4:95:1E",
                "00:1A:79:CD:47:11",
                "00:1A:79:CF:7B:9B",
                "00:1A:79:E7:4F:D2"
            ]
        },
        {
            "server_name": "speed-gaz.xyz",
            "server_url": "http://speed-gaz.xyz/c/",
            "macs": [
                "00:1A:79:B8:80:57",
                "00:1A:79:CA:F1:2B",
                "00:1A:79:CF:89:71",
                "00:1A:79:D0:0D:5D"
            ]
        },
        {
            "server_name": "tv.premiumplus.tv",
            "server_url": "http://tv.premiumplus.tv/c/",
            "macs": [
                "00:1A:79:C1:07:D8",
                "00:1A:79:CA:81:5B",
                "00:1A:79:FB:39:E0"
            ]
        },
        {
            "server_name": "577839.112421.net:2050",
            "server_url": "http://577839.112421.net:2050/c/",
            "macs": [
                "00:1A:79:00:04:BD",
                "00:1A:79:05:9C:37",
                "00:1A:79:1A:7E:09",
                "00:1A:79:1C:0E:BE",
                "00:1A:79:25:8A:7D",
                "00:1A:79:26:7F:76",
                "00:1A:79:2A:8F:C1",
                "00:1A:79:2B:28:AE",
                "00:1A:79:2C:3F:24",
                "00:1A:79:31:5F:35",
                "00:1A:79:34:5F:20",
                "00:1A:79:37:0F:13",
                "00:1A:79:3E:02:01",
                "00:1A:79:3E:4F:11",
                "00:1A:79:49:5D:B6",
                "00:1A:79:4E:B8:36",
                "00:1A:79:50:4F:EA",
                "00:1A:79:55:F2:11",
                "00:1A:79:65:FF:6B",
                "00:1A:79:98:5B:A3",
                "00:1A:79:A5:4F:2B",
                "00:1A:79:AD:02:FC",
                "00:1A:79:B6:25:F4",
                "00:1A:79:C3:AE:27",
                "00:1A:79:C7:4E:31",
                "00:1A:79:CF:4D:D4",
                "00:1A:79:D5:A4:E3",
                "00:1A:79:D8:6F:79",
                "00:1A:79:DB:FC:51",
                "00:1A:79:F2:4F:42",
                "10:27:BE:0D:20:A1",
                "10:27:BE:15:DF:31"
            ]
        },
        {
            "server_name": "adoiptv.com:8080",
            "server_url": "http://adoiptv.com:8080/c/",
            "macs": [
                "00:1A:79:11:49:E6",
                "00:1A:79:25:58:3F",
                "00:1A:79:50:CA:1B",
                "00:1A:79:A3:80:64"
            ]
        },
        {
            "server_name": "mymag.tv:8080",
            "server_url": "http://mymag.tv:8080/c/",
            "macs": [
                "00:1A:79:B5:88:0D"
            ]
        },
        {
            "server_name": "llllllllliiiiiiiiiiiiii.funtogether.xyz:8080",
            "server_url": "http://llllllllliiiiiiiiiiiiii.funtogether.xyz:8080/c/",
            "macs": [
                "00:1A:79:7E:1D:7A"
            ]
        },
        {
            "server_name": "rapid-4k.com",
            "server_url": "http://rapid-4k.com/c/",
            "macs": [
                "00:1A:79:48:A5:43",
                "00:1A:79:71:57:6E",
                "00:1A:79:C3:42:F5"
            ]
        },
        {
            "server_name": "exprestv.win",
            "server_url": "http://exprestv.win/c/",
            "macs": [
                "00:1A:79:0C:F8:23",
                "00:1A:79:0D:8C:4B",
                "00:1A:79:36:8C:7A",
                "00:1A:79:4A:77:5D",
                "00:1A:79:5D:92:52",
                "00:1A:79:64:E5:5B",
                "00:1A:79:71:7F:64",
                "00:1A:79:8C:0E:E8",
                "00:1A:79:91:7F:26",
                "00:1A:79:98:19:01",
                "00:1A:79:B4:B6:9D",
                "00:1A:79:BC:27:09",
                "00:1A:79:C0:25:5A",
                "00:1A:79:C4:9E:48",
                "00:1A:79:C9:83:8F",
                "00:1A:79:F5:61:57"
            ]
        },
        {
            "server_name": "typhoonott.com:8789",
            "server_url": "http://typhoonott.com:8789/c/",
            "macs": [
                "00:1A:79:54:FB:D0"
            ]
        },
        {
            "server_name": "innovationdns.eu",
            "server_url": "http://innovationdns.eu/c/",
            "macs": [
                "00:1A:79:23:42:20",
                "00:1A:79:3A:0C:88",
                "00:1A:79:44:FB:09",
                "00:1A:79:53:FA:73",
                "00:1A:79:5B:F3:5C",
                "00:1A:79:6F:82:97",
                "00:1A:79:7A:D5:FB",
                "00:1A:79:90:EF:40",
                "00:1A:79:AF:1A:80",
                "00:1A:79:BC:BD:F3",
                "00:1A:79:BF:E8:AD",
                "00:1A:79:C4:04:B7",
                "00:1A:79:C7:E2:CC",
                "00:1A:79:CA:81:5B",
                "00:1A:79:D5:06:B4"
            ]
        },
        {
            "server_name": "185.243.7.154",
            "server_url": "http://185.243.7.154/c/",
            "macs": [
                "00:1A:79:00:10:63",
                "00:1A:79:03:77:7B",
                "00:1A:79:07:9D:4A",
                "00:1A:79:33:F2:93",
                "00:1A:79:43:FE:CF",
                "00:1A:79:50:89:84",
                "00:1A:79:75:A5:2A",
                "00:1A:79:75:D4:9D",
                "00:1A:79:7A:6F:C7",
                "00:1A:79:8B:28:62",
                "00:1A:79:8C:80:E9",
                "00:1A:79:C5:2B:63",
                "00:1A:79:C5:7A:9A",
                "00:1A:79:E5:DC:8B"
            ]
        },
        {
            "server_name": "iptv3.kbc.al:25461",
            "server_url": "http://iptv3.kbc.al:25461/c/",
            "macs": [
                "00:1A:79:3C:76:79"
            ]
        },
        {
            "server_name": "4cms.cc:8080",
            "server_url": "http://4cms.cc:8080/c/",
            "macs": [
                "00:1A:79:24:7A:00"
            ]
        },
        {
            "server_name": "magonlyx.abcott.me:80",
            "server_url": "http://magonlyx.abcott.me:80/c/",
            "macs": [
                "00:1A:79:AD:BF:29",
                "00:1A:79:B0:72:0A"
            ]
        },
        {
            "server_name": "coresys.dvrdns.org:25461",
            "server_url": "http://coresys.dvrdns.org:25461/c/",
            "macs": [
                "00:1A:79:55:7F:31",
                "00:1A:79:7B:4F:DF",
                "00:1A:79:87:2F:D7"
            ]
        },
        {
            "server_name": "ip.xtremetv.eu:8000",
            "server_url": "http://ip.xtremetv.eu:8000/c/",
            "macs": [
                "00:1A:79:97:C6:97"
            ]
        },
        {
            "server_name": "private3.clientline.club",
            "server_url": "http://private3.clientline.club/c/",
            "macs": [
                "00:1A:79:00:23:3D",
                "00:1A:79:28:5F:C8",
                "00:1A:79:28:F9:0B",
                "00:1A:79:2F:06:C0",
                "00:1A:79:34:0F:52",
                "00:1A:79:38:75:3B",
                "00:1A:79:3A:1D:53",
                "00:1A:79:3A:5A:7F",
                "00:1A:79:3A:91:54",
                "00:1A:79:3F:63:F2",
                "00:1A:79:4E:74:2F",
                "00:1A:79:57:1F:F5",
                "00:1A:79:57:69:32",
                "00:1A:79:57:DD:97",
                "00:1A:79:58:1E:1A",
                "00:1A:79:5B:EC:47",
                "00:1A:79:5D:19:76",
                "00:1A:79:5D:27:22",
                "00:1A:79:5D:32:23",
                "00:1A:79:5D:B5:57",
                "00:1A:79:80:D7:1E",
                "00:1A:79:A9:72:86",
                "00:1A:79:AC:1E:CD",
                "00:1A:79:D5:AF:1E",
                "00:1A:79:DC:E3:3E"
            ]
        },
        {
            "server_name": "mol-2.com:8080",
            "server_url": "http://mol-2.com:8080/c/",
            "macs": [
                "00:1A:79:19:39:6B",
                "00:1A:79:1C:0F:E5",
                "00:1A:79:53:DE:9E",
                "00:1A:79:90:29:71",
                "00:1A:79:A3:85:3D",
                "00:1A:79:AE:71:F6",
                "00:1A:79:B2:3C:CB",
                "00:1A:79:B5:13:AD",
                "00:1A:79:B5:B6:B6",
                "00:1A:79:B6:3E:B5",
                "00:1A:79:B6:43:CA",
                "00:1A:79:B6:A6:D8",
                "00:1A:79:B7:36:24",
                "00:1A:79:BA:93:6A",
                "00:1A:79:BE:78:73",
                "00:1A:79:BE:7D:9B",
                "00:1A:79:BF:BD:F8",
                "00:1A:79:C2:93:24",
                "00:1A:79:C4:36:28",
                "00:1A:79:EB:9A:D8"
            ]
        },
        {
            "server_name": "line.greatstar.me",
            "server_url": "http://line.greatstar.me/c/",
            "macs": [
                "00:1A:79:06:05:17",
                "00:1A:79:27:14:FD",
                "00:1A:79:79:CC:93",
                "00:1A:79:81:74:16",
                "00:1A:79:B6:25:F5",
                "00:1A:79:BC:2E:03",
                "00:1A:79:BC:D2:91"
            ]
        },
        {
            "server_name": "hdmiclub.online:8080",
            "server_url": "http://hdmiclub.online:8080/c/",
            "macs": [
                "00:1A:79:A3:8B:3A",
                "00:1A:79:A7:CF:CF",
                "00:1A:79:FB:48:8B"
            ]
        },
        {
            "server_name": "p1.uiop.tv:8037",
            "server_url": "http://p1.uiop.tv:8037/stalker_portal/c/",
            "macs": [
                "00:1A:79:55:27:D8",
                "00:1A:79:AB:E2:8D"
            ]
        },
        {
            "server_name": "mag.ugoiptv.com",
            "server_url": "http://mag.ugoiptv.com/c/",
            "macs": [
                "00:1A:79:4A:AE:7B",
                "00:1A:79:F1:5A:7F"
            ]
        }
    ]
}