{
    "items": [
        {
            "server_name": "adoiptv.com:8080",
            "server_url": "http://adoiptv.com:8080/c/",
            "macs": [
                "00:1A:79:D1:FF:DB",
                "00:1A:79:B0:BE:4A",
                "00:1A:79:C1:91:FD",
                "00:1A:79:32:3A:34",
                "00:1A:79:C1:E6:4B",
                "00:1A:79:CA:DB:73",
                "00:1A:79:C5:F4:A1",
                "00:1A:79:5F:11:90",
                "00:1A:79:B5:66:CE",
                "00:1A:79:32:EC:A7",
                "00:1A:79:1D:07:B3",
                "00:1A:79:B5:2E:3C",
                "00:1A:79:C6:AE:7F",
                "00:1A:79:5D:FC:5C",
                "00:1A:79:01:29:BB"
            ]
        },
        {
            "server_name": "ipwebtv.dyndns.tv:8000",
            "server_url": "http://ipwebtv.dyndns.tv:8000/c/",
            "macs": [
                "00:1A:79:42:84:39",
                "00:1A:79:25:16:93"
            ]
        },
        {
            "server_name": "magentalive.eu:8080",
            "server_url": "http://magentalive.eu:8080/c/",
            "macs": [
                "00:1A:79:5e:87:99"
            ]
        },
        {
            "server_name": "185.235.165.30",
            "server_url": "http://185.235.165.30/c/",
            "macs": [
                "00:1A:79:66:66:36"
            ]
        },
        {
            "server_name": "vip.goldtv.org:8000",
            "server_url": "http://vip.goldtv.org:8000/c/",
            "macs": [
                "00:1A:79:4D:A9:20",
                "00:1A:79:0E:1D:C2",
                "00:1A:79:3D:FA:8E"
            ]
        },
        {
            "server_name": "exchangesat.com:8080",
            "server_url": "http://exchangesat.com:8080/c/",
            "macs": [
                "00:1A:79:51:3E:B3",
                "00:1A:79:51:3E:9E",
                "00:1A:79:51:3D:23",
                "00:1A:79:51:3C:E3",
                "00:1A:79:51:3C:CA",
                "00:1A:79:51:3C:C5",
                "00:1A:79:51:3C:9A",
                "00:1A:79:51:3C:93"
            ]
        },
        {
            "server_name": "vip.goldtv.org:8000",
            "server_url": "http://vip.goldtv.org:8000/c/",
            "macs": [
                "00:1A:79:C7:EF:AD",
                "00:1a:79:0d:02:8e",
                "00:1A:79:61:5f:3c",
                "00:1A:79:C7:EF:BD",
                "00:1A:79:F9:6F:E0",
                "00:1A:79:C6:3F:BD",
                "00:1A:79:18:09:C2",
                "00:1A:79:4F:E0:F9",
                "00:1A:79:c4:2a:c9",
                "00:1A:79:c4:05:00",
                "00:1A:79:F9:5F:04",
                "00:1A:79:0E:1F:B7"
            ]
        },
        {
            "server_name": "102.129.200.19:8080",
            "server_url": "http://102.129.200.19:8080/c/",
            "macs": [
                "00:1A:79:7E:51:15",
                "00:1A:79:C6:DB:BF",
                "00:1A:79:42:76:53",
                "00:1A:79:C6:E5:23",
                "00:1A:79:BE:6D:94",
                "00:1A:79:4C:AF:20",
                "00:1A:79:C2:39:94",
                "00:1A:79:5A:61:5E",
                "00:1A:79:C2:92:46"
            ]
        },
        {
            "server_name": "king-ott.xyz:8080",
            "server_url": "http://king-ott.xyz:8080/c/",
            "macs": [
                "00:1A:79:aa:e9:0c",
                "00:1A:79:53:f2:db",
                "00:1A:79:ae:57:5a",
                "00:1A:79:bf:4f:09",
                "00:1A:79:c2:80:0f",
                "00:1A:79:53:64:9b",
                "00:1A:79:cb:73:41",
                "00:1A:79:bb:0f:39",
                "00:1A:79:bb:c5:88",
                "00:1A:79:4e:fc:91"
            ]
        },
        {
            "server_name": "biglive.live:8080",
            "server_url": "http://biglive.live:8080/c/",
            "macs": [
                "00:1A:79:B9:C2:F4",
                "00:1A:79:AB:DC:85",
                "00:1A:79:B4:2F:B5",
                "00:1A:79:40:8F:C5",
                "00:1A:79:54:F7:0C",
                "00:1A:79:AB:9A:20",
                "00:1A:79:53:98:BD",
                "00:1A:79:38:BA:67",
                "00:1A:79:B1:FA:FF",
                "00:1A:79:61:ED:AD",
                "00:1A:79:AF:5B:1C",
                "00:1A:79:CE:2F:09"
            ]
        },
        {
            "server_name": "pal.alphatx.me",
            "server_url": "http://pal.alphatx.me/c/",
            "macs": [
                "00:1A:79:C2:97:B1",
                "00:1A:79:B5:53:D8",
                "00:1A:79:FB:4F:FA",
                "00:1A:79:5C:67:B7",
                "00:1A:79:B5:5D:00",
                "00:1A:79:BE:66:71",
                "00:1A:79:AD:82:FC",
                "00:1A:79:BA:0C:E2",
                "00:1A:79:AF:19:CA",
                "00:1A:79:5D:E8:01",
                "00:1A:79:AE:1D:70",
                "00:1A:79:FB:1E:65",
                "00:1A:79:BC:4A:1F"
            ]
        },
        {
            "server_name": "89.45.13.153:25461",
            "server_url": "http://89.45.13.153:25461/c/",
            "macs": [
                "00:1a:79:b8:49:d7",
                "00:1a:79:5d:ee:10",
                "00:1a:79:76:94:af",
                "00:1a:79:c6:e7:45",
                "00:1a:79:5a:58:99"
            ]
        },
        {
            "server_name": "stantv.site:8080",
            "server_url": "http://stantv.site:8080/c/",
            "macs": [
                "00:1A:79:BA:41:F8"
            ]
        },
        {
            "server_name": "tr.simotvgold.com",
            "server_url": "http://tr.simotvgold.com/c/",
            "macs": [
                "00:1A:79:68:45:10",
                "00:1A:79:6F:83:14",
                "00:1A:79:03:B3:25",
                "00:1A:79:5E:6F:14",
                "00:1A:79:1C:14:2F",
                "00:1A:79:01:66:33",
                "00:1A:79:F0:97:05",
                "00:1A:79:4B:03:7C",
                "00:1A:79:0E:6F:50",
                "00:1A:79:33:F2:95",
                "00:1A:79:2A:3F:36",
                "00:1A:79:BE:AB:08",
                "00:1A:79:BE:27:D3",
                "00:1A:79:56:96:C0",
                "00:1A:79:CE:D6:92"
            ]
        },
        {
            "server_name": "stalker.ugoiptv.com",
            "server_url": "http://stalker.ugoiptv.com/c/",
            "macs": [
                "00:1A:79:CA:81:5B",
                "00:1A:79:B5:4A:02",
                "00:1A:79:BF:E8:AD",
                "00:1A:79:3A:0C:88",
                "00:1A:79:FF:04:32",
                "00:1A:79:AF:1A:80",
                "00:1A:79:FB:06:C8",
                "00:1A:79:23:42:20",
                "00:1A:79:C7:E2:CC",
                "00:1A:79:BC:BD:F3",
                "00:1A:79:D5:06:B4",
                "00:1A:79:44:FB:09",
                "00:1A:79:C4:04:B7",
                "00:1A:79:6F:82:97",
                "00:1A:79:4C:F3:17",
                "00:1A:79:5B:F3:5C",
                "00:1A:79:CE:05:24",
                "00:1A:79:E5:74:5A",
                "00:1A:79:7A:D5:FB",
                "00:1A:79:69:4F:3B",
                "00:1A:79:53:FA:73",
                "00:1A:79:FD:F4:F1"
            ]
        },
        {
            "server_name": "es.magtr.cc:8080",
            "server_url": "http://es.magtr.cc:8080/c/",
            "macs": [
                "00:1A:79:C8:09:22"
            ]
        },
        {
            "server_name": "4k.zengtv.net:8080",
            "server_url": "http://4k.zengtv.net:8080/c/",
            "macs": [
                "00:1A:79:62:CF:B9"
            ]
        },
        {
            "server_name": "st1.ipweb.site",
            "server_url": "http://st1.ipweb.site/stalker_portal/c/",
            "macs": [
                "00:1A:79:5C:CE:DD"
            ]
        }
    ]
}