{
    "items": [
        {
            "server_name": "ibrasmarters.com:8789",
            "server_url": "http://ibrasmarters.com:8789/c/",
            "macs": [
                "00:1A:79:AE:3E:88",
                "00:1A:79:37:60:70"
            ]
        },
        {
            "server_name": "birutv.my.id",
            "server_url": "http://birutv.my.id/c/",
            "macs": [
                "00:1A:79:F9:9F:E5"
            ]
        },
        {
            "server_name": "vvcmwnbpx4.wizzy.mastersofbiko.com:8080",
            "server_url": "http://vvcmwnbpx4.wizzy.mastersofbiko.com:8080/c/",
            "macs": [
                "00:1A:79:AB:69:C3",
                "00:1A:79:0B:F8:5C"
            ]
        },
        {
            "server_name": "neroiptv.xyz:8080",
            "server_url": "http://neroiptv.xyz:8080/c/",
            "macs": [
                "00:1A:79:78:0B:18",
                "00:1A:79:5E:39:A9",
                "00:1A:79:C4:50:B8",
                "00:1A:79:75:8D:EF"
            ]
        },
        {
            "server_name": "pal.alphatx.me:80",
            "server_url": "http://pal.alphatx.me:80/c/",
            "macs": [
                "00:1A:79:CE:19:15",
                "00:1A:79:CA:D8:5E"
            ]
        },
        {
            "server_name": "crystalott.net",
            "server_url": "http://crystalott.net/c/",
            "macs": [
                "00:1A:79:51:2F:BC",
                "00:1A:79:AE:F7:06"
            ]
        },
        {
            "server_name": "sonymax.org:8080",
            "server_url": "http://sonymax.org:8080/c/",
            "macs": [
                "00:1A:79:C9:34:F2",
                "00:1A:79:6B:D0:AA"
            ]
        },
        {
            "server_name": "forzamilan.ddns.net:80",
            "server_url": "http://forzamilan.ddns.net:80/c/",
            "macs": [
                "00:1A:79:29:0E:73"
            ]
        },
        {
            "server_name": "filex.tv:8080",
            "server_url": "http://filex.tv:8080/c/",
            "macs": [
                "00:1A:79:00:00:00"
            ]
        },
        {
            "server_name": "ibrasmarters.com:8789",
            "server_url": "http://ibrasmarters.com:8789/c/",
            "macs": [
                "00:1A:79:08:48:83",
                "00:1A:79:71:3F:7F",
                "00:1A:79:3A:A6:2F"
            ]
        },
        {
            "server_name": "hellas.sltv.pw:8080",
            "server_url": "http://hellas.sltv.pw:8080/c/",
            "macs": [
                "00:1A:79:BA:22:26",
                "00:1A:79:09:1B:AA",
                "00:1A:79:46:57:84",
                "00:1A:79:D0:2D:88"
            ]
        },
        {
            "server_name": "stalker.ugoiptv.com",
            "server_url": "http://stalker.ugoiptv.com/c/",
            "macs": [
                "00:1A:79:8E:59:45",
                "00:1A:79:5C:EA:08",
                "00:1A:79:20:D1:4A",
                "00:1A:79:E5:94:04",
                "00:1A:79:D0:22:EF",
                "00:1A:79:66:0F:17",
                "00:1A:79:C6:D5:D5",
                "00:1A:79:E6:F7:8B",
                "00:1A:79:3D:55:43",
                "00:1A:79:CC:FE:9F",
                "00:1A:79:B4:B4:3D",
                "00:1A:79:ED:3D:70"
            ]
        },
        {
            "server_name": "hellas.sltv.pw:8080",
            "server_url": "http://hellas.sltv.pw:8080/c/",
            "macs": [
                "00:1A:79:09:1B:AA",
                "00:1A:79:2A:D1:97",
                "00:1A:79:46:57:84",
                "00:1A:79:56:A6:50",
                "00:1A:79:D0:2D:88",
                "00:1A:79:57:9F:36",
                "00:1A:79:6A:C4:ED",
                "00:1A:79:B9:A4:C0",
                "00:1A:79:BA:22:26",
                "00:1A:79:51:DF:24",
                "00:1A:79:6A:C8:87",
                "00:1A:79:AB:DD:EC",
                "00:1A:79:04:EB:49"
            ]
        },
        {
            "server_name": "ibrasmarters.com:8789",
            "server_url": "http://ibrasmarters.com:8789/c/",
            "macs": [
                "00:1A:79:AE:3E:88",
                "00:1A:79:35:62:35",
                "00:1A:79:74:BB:A7",
                "00:1A:79:37:60:70",
                "00:1A:79:5D:24:97",
                "00:1A:79:02:B8:A2",
                "00:1A:79:BF:5D:B5"
            ]
        },
        {
            "server_name": "ns31617126.ip-162-19-37.eu:8080",
            "server_url": "http://ns31617126.ip-162-19-37.eu:8080/c/",
            "macs": [
                "00:1A:79:92:B6:9D",
                "00:1A:79:AB:2D:17",
                "00:1A:79:B1:65:25",
                "00:1A:79:A5:BF:C9",
                "00:1A:79:AD:05:D1",
                "00:1A:79:BD:82:72",
                "00:1A:79:B5:B7:EA",
                "00:1A:79:B4:F2:9A",
                "00:1A:79:FB:1C:F0",
                "00:1A:79:FB:4F:24",
                "00:1A:79:C7:CF:94",
                "00:1A:79:C0:C8:1E"
            ]
        },
        {
            "server_name": "birutv.my.id",
            "server_url": "http://birutv.my.id/c/",
            "macs": [
                "00:1A:79:A7:6F:BB",
                "00:1A:79:F9:9F:E5",
                "00:1A:79:2D:74:FA",
                "00:1A:79:B7:14:EF",
                "00:1A:79:1D:42:A3",
                "00:1A:79:09:6B:50",
                "00:1A:79:DF:40:27",
                "00:1A:79:D5:9F:BB"
            ]
        },
        {
            "server_name": "skunkytv.live",
            "server_url": "http://skunkytv.live/c/",
            "macs": [
                "00:1A:79:31:81:E7",
                "00:1A:79:C1:69:80",
                "00:1A:79:B2:23:F1",
                "00:1A:79:29:CE:73",
                "00:1A:79:C4:36:87",
                "00:1A:79:24:80:16"
            ]
        },
        {
            "server_name": "ainfo.icu:8000",
            "server_url": "http://ainfo.icu:8000/c/",
            "macs": [
                "00:1A:79:38:F2:2B",
                "00:1A:79:54:0D:C6",
                "00:1A:79:CE:3E:91",
                "00:1A:79:E5:E2:D1",
                "00:1A:79:3A:6B:7C",
                "00:1A:79:86:CE:88",
                "00:1A:79:6A:65:F1",
                "00:1A:79:0B:D4:58",
                "00:1A:79:94:DD:9F"
            ]
        },
        {
            "server_name": "gfr5.mi20.cc",
            "server_url": "http://gfr5.mi20.cc/stalker_portal/c/",
            "macs": [
                "00:1A:79:E5:EB:97",
                "00:1A:79:66:43:CE",
                "00:1A:79:74:20:C7",
                "00:1A:79:6F:8E:1F",
                "00:1A:79:74:16:07",
                "00:1A:79:F1:E5:D7",
                "00:1A:79:77:67:B4",
                "00:1A:79:E5:F5:50"
            ]
        },
        {
            "server_name": "tv.greatstar.me",
            "server_url": "http://tv.greatstar.me/c/",
            "macs": [
                "00:1A:79:B7:B5:A2",
                "00:1A:79:6F:97:FB",
                "00:1A:79:05:A4:1F",
                "00:1A:79:2E:89:A9",
                "00:1A:79:AF:06:1B",
                "00:1A:79:D6:A0:E4",
                "00:1A:79:37:A7:85",
                "00:1A:79:79:C0:3D"
            ]
        },
        {
            "server_name": "user.streamtv.to:8080",
            "server_url": "http://user.streamtv.to:8080/c/",
            "macs": [
                "00:1A:79:10:E0:A6",
                "00:1A:79:10:E1:44",
                "00:1A:79:10:E1:45",
                "00:1A:79:10:E1:46",
                "00:1A:79:10:E1:4B",
                "00:1A:79:15:E2:14",
                "00:1A:79:10:E3:65",
                "00:1A:79:10:E3:6C",
                "00:1A:79:13:E9:24"
            ]
        },
        {
            "server_name": "digital121.xyz:80",
            "server_url": "http://digital121.xyz:80/c/",
            "macs": [
                "00:1a:79:c3:fb:77",
                "00:1a:79:c6:f9:0c",
                "00:1a:79:ac:cc:7e"
            ]
        }
    ]
}