{
    "items": [
        {
            "server_name": "sansat.net:25461",
            "server_url": "http://sansat.net:25461/c/",
            "macs": [
                "00:1A:79:09:D0:FE",
                "00:1A:79:37:3D:09",
                "00:1A:79:88:F3:68",
                "00:1A:79:90:56:BD",
                "00:1A:79:99:76:F4",
                "00:1A:79:A1:E1:4F",
                "00:1A:79:A2:73:84"
            ]
        },
        {
            "server_name": "myf-tv.com:8080",
            "server_url": "http://myf-tv.com:8080/c/",
            "macs": [
                "00:1A:79:01:62:C6",
                "00:1A:79:03:0D:D5",
                "00:1A:79:13:9B:F0",
                "00:1A:79:1C:A6:5D",
                "00:1A:79:1E:08:04",
                "00:1A:79:22:19:6B",
                "00:1A:79:47:47:01",
                "00:1A:79:4B:5E:96",
                "00:1A:79:53:C8:CC",
                "00:1A:79:54:73:14",
                "00:1A:79:56:50:DE",
                "00:1A:79:5C:CD:C1",
                "00:1A:79:63:86:97",
                "00:1A:79:66:CC:42",
                "00:1A:79:67:F0:EC",
                "00:1A:79:68:F8:A2",
                "00:1A:79:6B:8A:C2",
                "00:1A:79:73:5A:0F",
                "00:1A:79:A3:86:27",
                "00:1A:79:A3:B7:32",
                "00:1A:79:A3:F3:54",
                "00:1A:79:AB:71:48",
                "00:1A:79:AD:6D:76",
                "00:1A:79:AE:D6:CD",
                "00:1A:79:B0:D7:0E",
                "00:1A:79:B2:18:90",
                "00:1A:79:B2:26:E8",
                "00:1A:79:B3:0B:B5",
                "00:1A:79:B3:71:D1",
                "00:1A:79:B3:91:01",
                "00:1A:79:B5:98:FC",
                "00:1A:79:B6:78:B2",
                "00:1A:79:B8:88:E5",
                "00:1A:79:B9:1A:C8",
                "00:1A:79:B9:9A:75",
                "00:1A:79:B9:A0:70",
                "00:1A:79:B9:DE:18",
                "00:1A:79:BA:3B:C0",
                "00:1A:79:BA:79:14",
                "00:1A:79:BA:E2:1B",
                "00:1A:79:BB:17:7E",
                "00:1A:79:BB:FB:E2",
                "00:1A:79:BF:4D:FD",
                "00:1A:79:BF:6B:BF",
                "00:1A:79:BF:6B:C0",
                "00:1A:79:BF:7B:9E",
                "00:1A:79:C1:DF:2F",
                "00:1A:79:C2:94:35",
                "00:1A:79:C2:98:62",
                "00:1A:79:C3:19:FB",
                "00:1A:79:C3:AE:E0",
                "00:1A:79:C3:BC:B7",
                "00:1A:79:C3:C0:8D",
                "00:1A:79:C3:C9:1A",
                "00:1A:79:C3:FC:DC",
                "00:1A:79:C4:6A:1A",
                "00:1A:79:C5:2A:CD",
                "00:1A:79:C6:C4:FA",
                "00:1A:79:C8:64:BB",
                "00:1A:79:CB:88:14",
                "00:1A:79:D9:D0:D6",
                "00:1A:79:F5:02:B3",
                "00:1A:79:F9:DD:1C",
                "00:1A:79:FB:05:8C",
                "00:1A:79:FB:12:0F",
                "00:1A:79:FB:22:E3"
            ]
        },
        {
            "server_name": "mob.satocean.co",
            "server_url": "http://mob.satocean.co/stalker_portal/c/",
            "macs": [
                "00:1A:79:1B:A6:21",
                "00:1A:79:2B:E9:DE",
                "00:1A:79:5D:22:EA"
            ]
        },
        {
            "server_name": "185.243.7.141:80",
            "server_url": "http://185.243.7.141:80/c/",
            "macs": [
                "00:1A:79:75:36:18"
            ]
        },
        {
            "server_name": "app.smartip-tv.net",
            "server_url": "http://app.smartip-tv.net/stalker_portal/c/",
            "macs": [
                "00:1A:79:10:3E:18",
                "00:1A:79:11:41:BC",
                "00:1A:79:11:5D:FD",
                "00:1A:79:13:13:B2"
            ]
        },
        {
            "server_name": "tango.123tv.to:8080",
            "server_url": "http://tango.123tv.to:8080/c/",
            "macs": [
                "00:1A:79:B9:9B:D0"
            ]
        },
        {
            "server_name": "1.teamovernight.online:8080",
            "server_url": "http://1.teamovernight.online:8080/c/",
            "macs": [
                "00:1A:79:34:4D:2A",
                "00:1A:79:97:05:AD"
            ]
        },
        {
            "server_name": "voone.info",
            "server_url": "http://voone.info/stalker_portal/c/",
            "macs": [
                "00:1A:79:01:D2:7F",
                "00:1A:79:03:C5:B6",
                "00:1A:79:04:8B:61",
                "00:1A:79:0D:8C:59",
                "00:1A:79:14:B4:C7",
                "00:1A:79:16:A4:48",
                "00:1A:79:18:67:75",
                "00:1A:79:1D:00:00",
                "00:1A:79:2C:D4:F2",
                "00:1A:79:2C:DA:2D",
                "00:1A:79:34:31:61",
                "00:1A:79:3A:B0:60",
                "00:1A:79:3D:F8:5A"
            ]
        },
        {
            "server_name": "foxx-tv.com:8080",
            "server_url": "http://foxx-tv.com:8080/c/",
            "macs": [
                "00:1A:79:24:24:01",
                "00:1A:79:56:EF:9D",
                "00:1A:79:6F:75:DB",
                "00:1A:79:AE:C0:1F",
                "00:1A:79:B0:B7:F3",
                "00:1A:79:B1:6F:C6",
                "00:1A:79:B7:16:BF",
                "00:1A:79:BA:E6:57",
                "00:1A:79:BE:5B:89",
                "00:1A:79:BF:5D:66",
                "00:1A:79:C8:08:29",
                "00:1A:79:F1:AE:95",
                "00:1A:79:FB:3D:A2"
            ]
        }
    ]
}