{
    "items": [
        {
            "server_name": "mag.premiumplus.tv:80",
            "server_url": "http://mag.premiumplus.tv:80/c/",
            "macs": [
                "00:1A:79:1C:00:74",
                "00:1A:79:32:24:73",
                "00:1A:79:40:35:DF",
                "00:1A:79:43:CF:69",
                "00:1A:79:70:1F:0C",
                "00:1A:79:72:FF:26",
                "00:1A:79:7C:8E:D6",
                "00:1A:79:B8:9F:49",
                "00:1A:79:D2:10:B8",
                "00:1A:79:E6:AD:F8"
            ]
        },
        {
            "server_name": "stalker.ugoiptv.com",
            "server_url": "http://stalker.ugoiptv.com/c/",
            "macs": [
                "00:1A:79:0A:2C:AA",
                "00:1A:79:43:95:4B",
                "00:1A:79:51:15:4C",
                "00:1A:79:5C:0C:57",
                "00:1A:79:74:A7:01",
                "00:1A:79:79:71:9A",
                "00:1A:79:B5:12:D3",
                "00:1A:79:C7:BD:40",
                "00:1A:79:C8:9D:09",
                "00:1A:79:CF:07:08",
                "00:1A:79:E8:79:62",
                "00:1A:79:F4:B2:AB"
            ]
        },
        {
            "server_name": "89.45.13.153:25461",
            "server_url": "http://89.45.13.153:25461/c/",
            "macs": [
                "00:1A:79:00:00:00",
                "00:1A:79:4A:13:5D",
                "00:1A:79:5F:F6:4A",
                "00:1A:79:6B:D1:5F",
                "00:1A:79:C7:DB:62"
            ]
        },
        {
            "server_name": "oktay-can-mdiya-hack.streamtv.to:8080",
            "server_url": "http://oktay-can-mdiya-hack.streamtv.to:8080/c/",
            "macs": [
                "00:1A:79:B3:A0:50"
            ]
        },
        {
            "server_name": "p1.uiop.tv",
            "server_url": "http://p1.uiop.tv/stalker_portal/c/",
            "macs": [
                "00:1A:79:33:0A:87",
                "00:1A:79:37:AB:37",
                "00:1A:79:42:09:76",
                "00:1A:79:42:AA:BC",
                "00:1A:79:4F:67:FD",
                "00:1A:79:5D:2D:3A",
                "00:1A:79:66:46:0F",
                "00:1A:79:70:43:82",
                "00:1A:79:CA:D1:AF"
            ]
        },
        {
            "server_name": "jiotv.be",
            "server_url": "http://jiotv.be/stalker_portal/c/",
            "macs": [
                "00:1A:79:85:36:60"
            ]
        },
        {
            "server_name": "torcidaiptv.gentv.to:8080",
            "server_url": "http://torcidaiptv.gentv.to:8080/c/",
            "macs": [
                "00:1A:79:75:03:65"
            ]
        },
        {
            "server_name": "51.91.57.198",
            "server_url": "http://51.91.57.198/stalker_portal/c/",
            "macs": [
                "00:1A:79:78:26:2A"
            ]
        }
    ]
}