{
    "items": [
        {
            "server_name": "vip.dom1tv.com:25443",
            "server_url": "http://vip.dom1tv.com:25443/c/",
            "macs": [
                "00:1A:79:8C:4E:22"
            ]
        },
        {
            "server_name": "drks.info:8080",
            "server_url": "http://drks.info:8080/c/",
            "macs": [
                "00:1A:79:6A:01:4A"
            ]
        },
        {
            "server_name": "51.91.57.198",
            "server_url": "http://51.91.57.198/stalker_portal/c/",
            "macs": [
                "00:1A:79:66:F9:01"
            ]
        },
        {
            "server_name": "line.iptveros.com:8000",
            "server_url": "http://line.iptveros.com:8000/c/",
            "macs": [
                "00:1A:79:2A:20:73"
            ]
        },
        {
            "server_name": "192.99.19.27:8000",
            "server_url": "http://192.99.19.27:8000/c/",
            "macs": [
                "00:1A:79:1B:2C:00"
            ]
        },
        {
            "server_name": "45.139.122.199:8080",
            "server_url": "http://45.139.122.199:8080/c/",
            "macs": [
                "00:1A:79:B5:07:59"
            ]
        },
        {
            "server_name": "xegd.ultapulta.com",
            "server_url": "http://xegd.ultapulta.com/stalker_portal/c/",
            "macs": [
                "00:1A:79:56:F9:20"
            ]
        },
        {
            "server_name": "iptv.initv.de",
            "server_url": "http://iptv.initv.de/stalker_portal/c/",
            "macs": [
                "00:1A:79:0C:CF:15"
            ]
        },
        {
            "server_name": "centra.stream",
            "server_url": "http://centra.stream/stalker_portal/c/",
            "macs": [
                "00:1A:79:7B:54:69"
            ]
        },
        {
            "server_name": "iptvportuga.com:25461",
            "server_url": "http://iptvportuga.com:25461/c/",
            "macs": [
                "00:1A:79:AD:1C:35"
            ]
        },
        {
            "server_name": "51.159.70.234",
            "server_url": "http://51.159.70.234/stalker_portal/c/",
            "macs": [
                "00:1A:79:4E:0A:CA",
                "00:1A:79:63:F3:41",
                "00:1A:79:79:8A:80",
                "00:1A:79:7D:FB:84",
                "00:1A:79:AE:40:6C",
                "00:1A:79:AF:AE:B4",
                "00:1A:79:B1:51:5F"
            ]
        },
        {
            "server_name": "pointpython.streamtv.to:8080",
            "server_url": "http://pointpython.streamtv.to:8080/c/",
            "macs": [
                "00:1A:79:BF:93:75"
            ]
        },
        {
            "server_name": "162.19.37.133:8080",
            "server_url": "http://162.19.37.133:8080/c/",
            "macs": [
                "00:1A:79:19:06:43",
                "00:1A:79:19:A9:19",
                "00:1A:79:22:1B:B8",
                "00:1A:79:22:1B:FC",
                "00:1A:79:36:AB:C2",
                "00:1A:79:43:95:FA",
                "00:1A:79:63:8A:CA",
                "00:1A:79:72:B1:63",
                "00:1A:79:7E:D7:D3",
                "00:1A:79:A3:90:78",
                "00:1A:79:A3:9A:27",
                "00:1A:79:A9:F4:E5",
                "00:1A:79:AA:EA:C6",
                "00:1A:79:AB:DA:2D",
                "00:1A:79:AB:F5:02",
                "00:1A:79:AD:63:68",
                "00:1A:79:B0:AC:FE",
                "00:1A:79:B0:DC:AF",
                "00:1A:79:B2:1C:CC",
                "00:1A:79:B2:50:72",
                "00:1A:79:B3:A7:7D",
                "00:1A:79:B4:EB:08",
                "00:1A:79:B7:1E:86",
                "00:1A:79:B8:FA:A2",
                "00:1A:79:B9:CE:35",
                "00:1A:79:BA:08:F0",
                "00:1A:79:BA:31:04",
                "00:1A:79:BA:35:F4",
                "00:1A:79:BA:74:9B",
                "00:1A:79:BA:E3:F4",
                "00:1A:79:BA:F2:87",
                "00:1A:79:BB:1B:D1",
                "00:1A:79:BD:33:6A",
                "00:1A:79:BD:9A:20",
                "00:1A:79:BE:7F:97",
                "00:1A:79:BF:74:54",
                "00:1A:79:C1:E9:BD",
                "00:1A:79:C2:80:27",
                "00:1A:79:C3:37:27",
                "00:1A:79:C3:C6:BA",
                "00:1A:79:C3:C7:20",
                "00:1A:79:C5:2A:A7",
                "00:1A:79:C5:3E:07",
                "00:1A:79:C5:ED:57",
                "00:1A:79:C5:FB:6F",
                "00:1A:79:C8:0B:18",
                "00:1A:79:C8:20:1D",
                "00:1A:79:C8:72:27",
                "00:1A:79:C8:8C:DF",
                "00:1A:79:C8:8D:8C",
                "00:1A:79:CA:E2:04",
                "00:1A:79:D2:21:52",
                "00:1A:79:D2:2B:34",
                "00:1A:79:D3:BB:D6",
                "00:1A:79:F5:02:E7",
                "00:1A:79:F9:0A:36",
                "00:1A:79:FB:0A:00",
                "00:1A:79:FB:14:48",
                "00:1A:79:FB:19:A7",
                "00:1A:79:FB:3D:3B"
            ]
        },
        {
            "server_name": "hdmiclub.online:8080",
            "server_url": "http://hdmiclub.online:8080/c/",
            "macs": [
                "00:1A:79:B5:62:C9"
            ]
        },
        {
            "server_name": "optimus-tv.org:8080",
            "server_url": "http://optimus-tv.org:8080/c/",
            "macs": [
                "00:1A:79:05:E5:6F",
                "00:1A:79:08:E6:AA",
                "00:1A:79:6E:28:EE",
                "00:1A:79:76:FC:8C",
                "00:1A:79:A0:E1:84",
                "00:1A:79:AB:53:03",
                "00:1A:79:AF:39:B8"
            ]
        },
        {
            "server_name": "line.boom-ott.ru",
            "server_url": "http://line.boom-ott.ru/c/",
            "macs": [
                "00:1A:79:0D:DA:53",
                "00:1A:79:11:F2:DF",
                "00:1A:79:13:67:E5",
                "00:1A:79:32:1F:B4",
                "00:1A:79:37:96:AF",
                "00:1A:79:64:B0:5A",
                "00:1A:79:6E:09:39",
                "00:1A:79:6F:A0:E2",
                "00:1A:79:7A:FB:63",
                "00:1A:79:B2:52:F5",
                "00:1A:79:B5:93:C5",
                "00:1A:79:B7:BF:8E",
                "00:1A:79:BF:C7:B4",
                "00:1A:79:CD:34:7A"
            ]
        },
        {
            "server_name": "birutv.my.id",
            "server_url": "http://birutv.my.id/c/",
            "macs": [
                "00:1A:79:03:98:F6",
                "00:1A:79:0E:6F:C5",
                "00:1A:79:11:0F:DC",
                "00:1A:79:1C:0F:6F",
                "00:1A:79:28:2F:FD",
                "00:1A:79:4E:7A:39",
                "00:1A:79:A4:4F:F2",
                "00:1A:79:D7:1F:15"
            ]
        },
        {
            "server_name": "mag.ukhd.tv",
            "server_url": "http://mag.ukhd.tv/c/",
            "macs": [
                "00:1A:79:01:64:A1",
                "00:1A:79:05:F5:F6",
                "00:1A:79:14:89:F1",
                "00:1A:79:32:BA:D1",
                "00:1A:79:36:9F:D4",
                "00:1A:79:38:45:2A",
                "00:1A:79:53:DF:66",
                "00:1A:79:5F:22:C7",
                "00:1A:79:69:A8:EF",
                "00:1A:79:6F:6F:59",
                "00:1A:79:71:77:43",
                "00:1A:79:7C:6F:8C",
                "00:1A:79:AB:3D:2C",
                "00:1A:79:AF:3A:DB",
                "00:1A:79:AF:4F:77",
                "00:1A:79:B0:E5:20",
                "00:1A:79:B4:FA:11",
                "00:1A:79:BB:EE:B3",
                "00:1A:79:C3:8D:53",
                "00:1A:79:C5:DE:16"
            ]
        },
        {
            "server_name": "ip.cosmosserver.net:8080",
            "server_url": "http://ip.cosmosserver.net:8080/c/",
            "macs": [
                "00:1A:79:4D:63:64",
                "00:1A:79:91:D2:1E"
            ]
        },
        {
            "server_name": "1screen3.com:8000",
            "server_url": "http://1screen3.com:8000/c/",
            "macs": [
                "00:1A:79:3C:1F:ED",
                "00:1A:79:AC:53:05",
                "00:1A:79:BB:21:72",
                "00:1A:79:C4:14:CE"
            ]
        },
        {
            "server_name": "zupanet.live:8080",
            "server_url": "http://zupanet.live:8080/c/",
            "macs": [
                "00:1A:79:0A:EA:C6",
                "00:1A:79:0B:EB:23",
                "00:1A:79:42:A0:DF",
                "00:1A:79:54:7A:33",
                "00:1A:79:5E:E6:22",
                "00:1A:79:6F:FB:B0",
                "00:1A:79:C3:B2:21",
                "00:1A:79:F7:88:60",
                "00:1A:79:FC:E2:31"
            ]
        }
    ]
}