{
    "items": [
        {
            "server_name": "rapid-4k.com",
            "server_url": "http://rapid-4k.com/c/",
            "macs": [
                "00:1A:79:01:81:01",
                "00:1A:79:33:08:BE",
                "00:1A:79:33:35:26",
                "00:1A:79:49:0D:70",
                "00:1A:79:49:63:E1",
                "00:1A:79:53:26:66",
                "00:1A:79:53:FB:1E",
                "00:1A:79:58:14:FE",
                "00:1A:79:59:E1:E5",
                "00:1A:79:5C:ED:DB",
                "00:1A:79:5E:D6:A5",
                "00:1A:79:62:9B:E3",
                "00:1A:79:64:51:36",
                "00:1A:79:69:D7:78",
                "00:1A:79:71:12:1A",
                "00:1A:79:71:46:14",
                "00:1A:79:76:4A:31",
                "00:1A:79:83:84:C8",
                "00:1A:79:9A:14:E2",
                "00:1A:79:9E:B1:EF",
                "00:1A:79:9F:AD:ED",
                "00:1A:79:A2:77:93",
                "00:1A:79:A2:88:D8",
                "00:1A:79:A2:D6:23",
                "00:1A:79:A3:49:15",
                "00:1A:79:A5:C5:87",
                "00:1A:79:A5:D0:67",
                "00:1A:79:A6:92:F5",
                "00:1A:79:A7:71:05",
                "00:1A:79:A8:41:D8",
                "00:1A:79:A8:5C:68",
                "00:1A:79:A8:6B:0C",
                "00:1A:79:A8:73:6C",
                "00:1A:79:A8:82:9C",
                "00:1A:79:A8:9B:A1",
                "00:1A:79:A8:A2:59",
                "00:1A:79:A9:46:30",
                "00:1A:79:A9:4F:96",
                "00:1A:79:A9:8F:54",
                "00:1A:79:A9:9E:73",
                "00:1A:79:AC:0F:0A",
                "00:1A:79:AC:8E:9B",
                "00:1A:79:AC:98:73",
                "00:1A:79:AC:9F:50",
                "00:1A:79:AC:A5:FD",
                "00:1A:79:AC:AA:00",
                "00:1A:79:AD:89:56",
                "00:1A:79:AF:B8:31",
                "00:1A:79:B0:D3:1B",
                "00:1A:79:B1:12:8C",
                "00:1A:79:B2:93:77",
                "00:1A:79:B8:6C:A8",
                "00:1A:79:EE:24:B6",
                "00:1A:79:F0:0B:73",
                "00:1A:79:F5:26:44",
                "00:1A:79:F5:27:F7",
                "00:1A:79:FB:10:49",
                "00:1A:79:FB:30:11"
            ]
        },
        {
            "server_name": "animalstream.pro:8080",
            "server_url": "http://animalstream.pro:8080/c/",
            "macs": [
                "00:1A:79:6E:0F:DE",
                "00:1A:79:76:7F:14",
                "00:1A:79:97:0F:7F"
            ]
        },
        {
            "server_name": "tkosportz.live:25461",
            "server_url": "http://tkosportz.live:25461/c/",
            "macs": [
                "00:1A:79:E6:E0:5E",
                "00:1A:79:E7:5D:C2"
            ]
        }
    ]
}