{
    "items": [
        {
            "server_name": "195.62.32.53:8080",
            "server_url": "http://195.62.32.53:8080/c/",
            "macs": [
                "00:1A:79:AF:F9:15"
            ]
        },
        {
            "server_name": "apk.androidtrex.com:80",
            "server_url": "http://apk.androidtrex.com:80/c/",
            "macs": [
                "00:1A:79:52:33:09",
                "00:1A:79:78:DD:67",
                "00:1A:79:F1:AB:4D"
            ]
        },
        {
            "server_name": "exprestv.win:80",
            "server_url": "http://exprestv.win:80/c/",
            "macs": [
                "00:1A:79:BE:0E:37"
            ]
        },
        {
            "server_name": "uhd3.one",
            "server_url": "http://uhd3.one/c/",
            "macs": [
                "00:1A:79:A5:14:AC",
                "00:1A:79:C3:B7:EC"
            ]
        },
        {
            "server_name": "178.132.1.197:8080",
            "server_url": "http://178.132.1.197:8080/c/",
            "macs": [
                "00:1A:79:34:E1:1E",
                "00:1A:79:43:36:34",
                "00:1A:79:53:0A:0A",
                "00:1A:79:67:FF:D9",
                "00:1A:79:76:32:29",
                "00:1A:79:7E:1D:7A",
                "00:1A:79:A6:FF:55",
                "00:1A:79:AB:90:40",
                "00:1A:79:B1:F1:15",
                "00:1A:79:BA:61:28",
                "00:1A:79:C3:AC:3F",
                "00:1A:79:C6:2C:D7",
                "00:1A:79:E8:63:81"
            ]
        },
        {
            "server_name": "188.241.218.199",
            "server_url": "http://188.241.218.199/c/",
            "macs": [
                "00:1A:79:1C:FE:8B",
                "00:1A:79:3E:F4:11",
                "00:1A:79:4B:54:DF"
            ]
        },
        {
            "server_name": "safetv.vip:8080",
            "server_url": "http://safetv.vip:8080/c/",
            "macs": [
                "00:1A:79:06:C8:79",
                "00:1A:79:1C:3F:6A",
                "00:1A:79:37:15:2A",
                "00:1A:79:41:BD:5C",
                "00:1A:79:44:F9:E4",
                "00:1A:79:45:0F:50",
                "00:1A:79:4D:F6:F4",
                "00:1A:79:58:14:35",
                "00:1A:79:A6:7B:66",
                "00:1A:79:AB:5B:4B",
                "00:1A:79:AE:B0:40",
                "00:1A:79:BC:36:09",
                "00:1A:79:D6:F2:FC"
            ]
        },
        {
            "server_name": "albaniaserver.com:80",
            "server_url": "http://albaniaserver.com:80/c/",
            "macs": [
                "00:1A:79:00:1C:5B",
                "00:1A:79:01:B6:C5",
                "00:1A:79:3B:BC:50",
                "00:1A:79:40:1F:D9",
                "00:1A:79:5E:45:FB",
                "00:1A:79:7B:4D:4B"
            ]
        },
        {
            "server_name": "cod123.biz",
            "server_url": "http://cod123.biz/stalker_portal/c/",
            "macs": [
                "00:1A:79:40:44:38"
            ]
        },
        {
            "server_name": "vip2102.112421.net:2050",
            "server_url": "http://vip2102.112421.net:2050/c/",
            "macs": [
                "00:1A:79:1D:3A:2A",
                "00:1A:79:1E:4F:DF",
                "00:1A:79:56:6F:22",
                "00:1A:79:5F:5F:5F",
                "00:1A:79:66:8F:E7",
                "00:1A:79:67:8F:E2",
                "00:1A:79:B8:26:99"
            ]
        },
        {
            "server_name": "line.tivi-one.net",
            "server_url": "http://line.tivi-one.net/c/",
            "macs": [
                "00:1A:79:0E:0F:91",
                "00:1A:79:21:30:FF",
                "00:1A:79:8C:0D:B8",
                "00:1A:79:9B:A7:D5"
            ]
        },
        {
            "server_name": "chunkymunky.site:8080",
            "server_url": "http://chunkymunky.site:8080/c/",
            "macs": [
                "00:1A:79:32:38:65"
            ]
        },
        {
            "server_name": "gfr5.mi20.cc",
            "server_url": "http://gfr5.mi20.cc/stalker_portal/c/",
            "macs": [
                "00:1A:79:74:71:55",
                "00:1A:79:77:60:95",
                "00:1A:79:79:33:21",
                "00:1A:79:7A:C6:D8"
            ]
        },
        {
            "server_name": "cheso.piffero.tf:2052",
            "server_url": "http://cheso.piffero.tf:2052/c/",
            "macs": [
                "00:1A:79:33:64:84"
            ]
        },
        {
            "server_name": "portal.magic8kip.tv:80",
            "server_url": "http://portal.magic8kip.tv:80/c/",
            "macs": [
                "00:1A:79:6F:7F:D8"
            ]
        },
        {
            "server_name": "line.rs6ott.com:80",
            "server_url": "http://line.rs6ott.com:80/c/",
            "macs": [
                "00:1A:79:4C:A1:DF",
                "00:1A:79:78:55:7D",
                "00:1A:79:F5:43:80",
                "00:1A:79:FF:19:0E"
            ]
        },
        {
            "server_name": "stb.iphd.tv:80",
            "server_url": "http://stb.iphd.tv:80/c/",
            "macs": [
                "00:1A:79:9D:08:0B",
                "00:1A:79:B0:09:2A"
            ]
        },
        {
            "server_name": "tv.premiumplus.tv:80",
            "server_url": "http://tv.premiumplus.tv:80/c/",
            "macs": [
                "00:1A:79:4C:A1:DF"
            ]
        },
        {
            "server_name": "mag.diamondtv.one:8080",
            "server_url": "http://mag.diamondtv.one:8080/c/",
            "macs": [
                "00:1A:79:00:02:AA",
                "00:1A:79:00:09:8E",
                "00:1A:79:00:12:DB"
            ]
        },
        {
            "server_name": "gatto-miao.freeddns.org",
            "server_url": "http://gatto-miao.freeddns.org/c/",
            "macs": [
                "00:1A:79:00:00:00",
                "00:1A:79:00:00:11",
                "00:1A:79:00:00:1B",
                "00:1A:79:00:00:28",
                "00:1A:79:00:00:42",
                "00:1A:79:00:00:68",
                "00:1A:79:00:00:72",
                "00:1A:79:00:00:91",
                "00:1A:79:00:00:B2",
                "00:1A:79:00:00:BB",
                "00:1A:79:00:01:04"
            ]
        },
        {
            "server_name": "pointpython.streamtv.to:8080",
            "server_url": "http://pointpython.streamtv.to:8080/c/",
            "macs": [
                "00:1A:79:38:7B:4E",
                "00:1A:79:3C:94:EA",
                "00:1A:79:64:36:4D",
                "00:1A:79:AB:56:5D"
            ]
        },
        {
            "server_name": "m.suportline.xyz",
            "server_url": "http://m.suportline.xyz/stalker_portal/c/",
            "macs": [
                "00:1A:79:4B:C0:BC"
            ]
        },
        {
            "server_name": "sf.bleutv.net:8080",
            "server_url": "http://sf.bleutv.net:8080/c/",
            "macs": [
                "00:1A:79:05:96:81"
            ]
        },
        {
            "server_name": "hdmiclub.online:8080",
            "server_url": "http://hdmiclub.online:8080/c/",
            "macs": [
                "00:1A:79:A7:C9:18",
                "00:1A:79:B9:7B:3F",
                "00:1A:79:B9:A6:70",
                "00:1A:79:D0:08:A1"
            ]
        },
        {
            "server_name": "line.iptveros.com:8000",
            "server_url": "http://line.iptveros.com:8000/c/",
            "macs": [
                "00:1A:79:06:43:CC",
                "00:1A:79:09:6A:69",
                "00:1A:79:12:32:60",
                "00:1A:79:34:39:64",
                "00:1A:79:57:B7:FB",
                "00:1A:79:5B:30:6F",
                "00:1A:79:6F:E0:44",
                "00:1A:79:74:B4:51",
                "00:1A:79:78:85:BF",
                "00:1A:79:87:4F:88",
                "00:1A:79:AA:66:47"
            ]
        }
    ]
}