{
    "items": [
        {
            "server_name": "tv1.darktv.eu",
            "server_url": "http://tv1.darktv.eu/c/",
            "macs": [
                "00:1A:79:3C:4F:F1",
                "00:1A:79:C0:06:91",
                "00:1A:79:A7:DE:87",
                "00:1A:79:3E:7F:0A",
                "00:1A:79:AF:9F:B2",
                "00:1A:79:01:63:74",
                "00:1A:79:A7:CD:17",
                "00:1A:79:00:9F:76"
            ]
        },
        {
            "server_name": "mag.premiumplus.tv",
            "server_url": "http://mag.premiumplus.tv/c/",
            "macs": [
                "00:1A:79:F1:B0:19",
                "00:1A:79:7E:1E:EF",
                "00:1A:79:B6:6D:34",
                "00:1A:79:5E:E9:11",
                "00:1A:79:5F:86:B4",
                "00:1A:79:B6:3B:6B",
                "00:1A:79:54:60:C1",
                "00:1A:79:A1:FB:78",
                "00:1A:79:7F:43:33",
                "00:1A:79:B7:AC:94"
            ]
        },
        {
            "server_name": "mag.king-4k.cc",
            "server_url": "http://mag.king-4k.cc/c/",
            "macs": [
                "00:1A:79:46:27:D4",
                "00:1A:79:50:48:EA",
                "00:1A:79:B4:A7:45",
                "00:1A:79:AA:B6:02",
                "00:1A:79:45:36:2D",
                "00:1A:79:A2:6B:1C",
                "00:1A:79:4E:E6:DA",
                "00:1A:79:46:6F:86",
                "00:1A:79:F5:07:66",
                "00:1A:79:A7:C6:45",
                "00:1A:79:19:3F:48"
            ]
        },
        {
            "server_name": "optimus-tv.org:8080",
            "server_url": "http://optimus-tv.org:8080/c/",
            "macs": [
                "00:1A:79:10:DE:8A",
                "00:1A:79:08:E3:83",
                "00:1A:79:AF:FA:08",
                "00:1A:79:AA:58:7A",
                "00:1A:79:08:4E:48",
                "00:1A:79:6E:2A:F6",
                "00:1A:79:08:45:88",
                "00:1A:79:AA:59:18",
                "00:1A:79:6E:2B:34",
                "00:1A:79:6E:2B:87",
                "00:1A:79:A0:E2:FC",
                "00:1A:79:01:6C:6E"
            ]
        },
        {
            "server_name": "holipop.xyz",
            "server_url": "http://holipop.xyz/c/",
            "macs": [
                "00:1A:79:66:C6:92",
                "00:1A:79:BD:53:AD",
                "00:1A:79:BA:97:57",
                "00:1A:79:18:17:45",
                "00:1A:79:C1:A8:D8",
                "00:1A:79:C6:A3:7C",
                "00:1A:79:63:61:35",
                "00:1A:79:CC:52:32",
                "00:1A:79:B5:93:EA",
                "00:1A:79:A4:4A:D4",
                "00:1A:79:AB:A8:25",
                "00:1A:79:AB:A5:3C",
                "00:1A:79:21:0A:0E",
                "00:1A:79:21:0B:95",
                "00:1A:79:21:0C:89",
                "00:1A:79:21:0D:73",
                "00:1A:79:21:0D:F4",
                "00:1A:79:21:0D:F5",
                "00:1A:79:21:0D:F7",
                "00:1A:79:21:0E:01",
                "00:1A:79:21:0F:26",
                "00:1A:79:21:0F:2B",
                "00:1A:79:21:0F:69",
                "00:1A:79:21:0F:77",
                "00:1A:79:21:0F:7C",
                "00:1A:79:21:0F:BB"
            ]
        },
        {
            "server_name": "1234up.com:80",
            "server_url": "http://1234up.com:80/c/",
            "macs": [
                "00:1A:79:FB:2A:6D",
                "00:1A:79:FB:2A:65",
                "00:1A:79:CB:4E:60",
                "00:1A:79:C1:A7:8E",
                "00:1A:79:C5:A3:25",
                "00:1A:79:18:22:D3"
            ]
        },
        {
            "server_name": "d.tvdark.eu:80",
            "server_url": "http://d.tvdark.eu:80/c/",
            "macs": [
                "00:1A:79:DE:69:75",
                "00:1A:79:1E:37:C8",
                "00:1A:79:A1:77:65",
                "00:1A:79:1D:F5:7B",
                "00:1A:79:5B:55:69",
                "00:1A:79:08:EF:45",
                "00:1A:79:C2:1F:E4",
                "00:1A:79:C6:B0:A4",
                "00:1A:79:08:EF:49",
                "00:1A:79:73:C2:FE",
                "00:1A:79:2C:C7:57"
            ]
        },
        {
            "server_name": "magonlyx.abcott.me",
            "server_url": "http://magonlyx.abcott.me/c/",
            "macs": [
                "00:1A:79:D5:06:B4",
                "00:1A:79:90:EF:40",
                "00:1A:79:E5:74:5A",
                "00:1A:79:6F:82:97",
                "00:1A:79:0E:0F:C2",
                "00:1A:79:4C:F3:17",
                "00:1A:79:E6:E1:9A",
                "00:1A:79:21:03:93",
                "00:1A:79:70:DF:BD",
                "00:1A:79:30:39:65",
                "00:1A:79:0E:5F:2B",
                "00:1A:79:79:ED:12"
            ]
        },
        {
            "server_name": "dm7776tv.xyz:8080",
            "server_url": "http://dm7776tv.xyz:8080/c/",
            "macs": [
                "00:1A:79:4D:04:1F",
                "00:1A:79:AC:C6:66",
                "00:1A:79:C7:9A:77",
                "00:1A:79:6E:2E:25",
                "00:1A:79:6B:B9:D9",
                "00:1A:79:BC:EF:B3",
                "00:1A:79:BB:FA:6B",
                "00:1A:79:83:C7:2A",
                "00:1A:79:D9:64:7C",
                "00:1A:79:A1:FA:49",
                "00:1A:79:7D:4A:46",
                "00:1A:79:01:74:93",
                "00:1A:79:A4:54:43",
                "00:1A:79:B5:21:B1",
                "00:1A:79:90:13:58"
            ]
        },
        {
            "server_name": "erdin1.com:8000",
            "server_url": "http://erdin1.com:8000/c/",
            "macs": [
                "00:1A:79:FB:1A:FE",
                "00:1A:79:2E:58:2D",
                "00:1A:79:6D:9C:6C",
                "00:1A:79:0E:96:E0",
                "00:1A:79:32:76:F3",
                "00:1A:79:76:35:A9",
                "00:1A:79:20:4F:D1",
                "00:1A:79:05:F5:E6",
                "00:1A:79:A5:85:F7",
                "00:1A:79:35:32:BE",
                "00:1A:79:6D:26:F9"
            ]
        },
        {
            "server_name": "bossco.pro:80",
            "server_url": "http://bossco.pro:80/c/",
            "macs": [
                "00:1A:79:60:04:67"
            ]
        },
        {
            "server_name": "anonymoustv.club",
            "server_url": "http://anonymoustv.club/c/",
            "macs": [
                "00:1A:79:69:C8:E1",
                "00:1A:79:89:EA:51"
            ]
        },
        {
            "server_name": "restream.globaltv1.net:8080",
            "server_url": "http://restream.globaltv1.net:8080/c/",
            "macs": [
                "00:1A:79:13:54:EF",
                "00:1A:79:4D:02:D9"
            ]
        },
        {
            "server_name": "tv.psmarters.xyz:8080",
            "server_url": "http://tv.psmarters.xyz:8080/c/",
            "macs": [
                "00:1A:79:10:DF:69",
                "00:1A:79:10:DF:F8",
                "00:1A:79:10:DF:FE",
                "00:1A:79:10:DF:6F",
                "00:1A:79:10:E0:22"
            ]
        },
        {
            "server_name": "fastrunner.live:8080",
            "server_url": "http://fastrunner.live:8080/c/",
            "macs": [
                "00:1A:79:C7:CA:98"
            ]
        },
        {
            "server_name": "safetv.vip:8080",
            "server_url": "http://safetv.vip:8080/c/",
            "macs": [
                "00:1A:79:45:0F:50",
                "00:1A:79:44:F9:E4",
                "00:1A:79:41:BD:5C"
            ]
        },
        {
            "server_name": "restream.globaltv1.net:8080",
            "server_url": "http://restream.globaltv1.net:8080/c/",
            "macs": [
                "00:1A:79:be:58:f6",
                "00:1A:79:10:d5:cf",
                "00:1A:79:08:ea:50",
                "00:1A:79:08:51:75",
                "00:1A:79:90:32:9f"
            ]
        },
        {
            "server_name": "mag.marsweb.co:80",
            "server_url": "http://mag.marsweb.co:80/c/",
            "macs": [
                "00:1A:79:96:D9:DC"
            ]
        },
        {
            "server_name": "skipcf.cwdn.cx",
            "server_url": "http://skipcf.cwdn.cx/c/",
            "macs": [
                "00:1A:79:7E:25:8E"
            ]
        },
        {
            "server_name": "ultra-box.club",
            "server_url": "http://ultra-box.club/c/",
            "macs": [
                "00:1a:79:b6:49:5a"
            ]
        },
        {
            "server_name": "neomixs.com:8080",
            "server_url": "http://neomixs.com:8080/c/",
            "macs": [
                "00:1a:79:7e:07:21",
                "00:1a:79:86:f4:56",
                "00:1a:79:b9:fa:0c",
                "00:1a:79:44:1f:77",
                "00:1a:79:10:96:80",
                "00:1a:79:6b:b2:24"
            ]
        },
        {
            "server_name": "ultra-box.club",
            "server_url": "http://ultra-box.club/c/",
            "macs": [
                "00:1a:79:ab:b8:31"
            ]
        },
        {
            "server_name": "5.206.227.184:8080",
            "server_url": "http://5.206.227.184:8080/c/",
            "macs": [
                "00:1a:79:bb:c7:b0"
            ]
        },
        {
            "server_name": "fast.newdns.world",
            "server_url": "http://fast.newdns.world/c/",
            "macs": [
                "00:1A:79:63:C3:61",
                "00:1A:79:83:E6:27",
                "00:1A:79:AE:A6:1B",
                "00:1A:79:5A:9D:6D"
            ]
        },
        {
            "server_name": "mag.ukhd.tv",
            "server_url": "http://mag.ukhd.tv/c/",
            "macs": [
                "00:1A:79:34:0F:09"
            ]
        },
        {
            "server_name": "too4youall.net:8080",
            "server_url": "http://too4youall.net:8080/c/",
            "macs": [
                "00:1A:79:AE:1E:F2"
            ]
        },
        {
            "server_name": "23.94.101.233",
            "server_url": "http://23.94.101.233/stalker_portal/c/",
            "macs": [
                "00:1A:79:E0:73:98"
            ]
        },
        {
            "server_name": "69.tvzon.me",
            "server_url": "http://69.tvzon.me/stalker_portal/c/",
            "macs": [
                "00:1A:79:58:B3:80",
                "00:1A:79:BC:B1:95",
                "00:1A:79:5F:52:3E"
            ]
        },
        {
            "server_name": "51.83.237.56:88",
            "server_url": "http://51.83.237.56:88/stalker_portal/c/",
            "macs": [
                "00:1A:79:11:B1:3C",
                "00:1A:79:92:1E:EB",
                "00:1A:79:86:C5:F5",
                "00:1A:79:BD:44:AF",
                "00:1A:79:74:B8:79",
                "00:1A:79:53:26:15",
                "00:1A:79:35:FA:B0",
                "00:1A:79:75:BA:9D",
                "00:1A:79:ED:21:54",
                "00:1A:79:A9:D9:BE",
                "00:1A:79:B1:24:48",
                "00:1A:79:2E:41:B0",
                "00:1A:79:C2:3C:6E",
                "00:1A:79:39:00:2C",
                "00:1A:79:83:1F:97",
                "00:1A:79:80:FC:83",
                "00:1A:79:45:47:19",
                "00:1A:79:35:62:32",
                "00:1A:79:53:26:15",
                "00:1A:79:35:FA:B0",
                "00:1A:79:57:AE:E3",
                "00:1A:79:39:00:2C",
                "00:1A:79:8E:63:B9",
                "00:1A:79:19:6D:5D",
                "00:1A:79:F3:D2:B6",
                "00:1A:79:0A:A2:B2"
            ]
        },
        {
            "server_name": "proxy-1.cdnlive.cyou",
            "server_url": "http://proxy-1.cdnlive.cyou/c/",
            "macs": [
                "00:1A:79:A2:12:55",
                "00:1A:79:70:75:FD"
            ]
        },
        {
            "server_name": "31.56.41.181",
            "server_url": "http://31.56.41.181/c/",
            "macs": [
                "00:1A:79:6A:23:32",
                "00:1A:79:5A:46:19",
                "00:1A:79:6B:0A:50",
                "00:1A:79:52:3D:6B",
                "00:1A:79:5C:7B:4E",
                "00:1A:79:55:4F:54",
                "00:1A:79:54:2E:57",
                "00:1A:79:52:5B:3B"
            ]
        },
        {
            "server_name": "d.tvdark.eu:80",
            "server_url": "http://d.tvdark.eu:80/c/",
            "macs": [
                "00:1A:79:2B:36:FC",
                "00:1A:79:5E:47:9A",
                "00:1A:79:31:1F:D9",
                "00:1A:79:5D:DF:E0"
            ]
        },
        {
            "server_name": "holipop.xyz",
            "server_url": "http://holipop.xyz/c/",
            "macs": [
                "00:1A:79:66:C6:92",
                "00:1A:79:BD:53:AD",
                "00:1A:79:BA:97:57",
                "00:1A:79:18:17:45",
                "00:1A:79:C1:A8:D8",
                "00:1A:79:C6:A3:7C",
                "00:1A:79:63:61:35",
                "00:1A:79:CC:52:32",
                "00:1A:79:B5:93:EA",
                "00:1A:79:A4:4A:D4",
                "00:1A:79:AB:A8:25",
                "00:1A:79:AB:A5:3C"
            ]
        }
    ]
}