{
    "items": [
        {
            "server_name": "4kplus.org:80",
            "server_url": "http://4kplus.org:80/c/",
            "macs": [
                "00:1A:79:2C:0F:D2"
            ]
        },
        {
            "server_name": "89.45.13.153:25461",
            "server_url": "http://89.45.13.153:25461/c/",
            "macs": [
                "00:1A:79:6A:D5:D5"
            ]
        },
        {
            "server_name": "mysp03.wanicelife.com:8880",
            "server_url": "http://mysp03.wanicelife.com:8880/c/",
            "macs": [
                "00:1a:79:70:c5:56"
            ]
        },
        {
            "server_name": "optimus-tv.org:8080",
            "server_url": "http://optimus-tv.org:8080/c/",
            "macs": [
                "00:1A:79:10:DD:9A"
            ]
        },
        {
            "server_name": "optimus-tv.org:8080",
            "server_url": "http://optimus-tv.org:8080/c/",
            "macs": [
                "00:1A:79:08:43:A6",
                "00:1A:79:AF:3A:83"
            ]
        },
        {
            "server_name": "luxe-4k.xyz:80",
            "server_url": "http://luxe-4k.xyz:80/c/",
            "macs": [
                "00:1A:79:7C:9A:FA"
            ]
        },
        {
            "server_name": "smart.dukoow.net",
            "server_url": "http://smart.dukoow.net/c/",
            "macs": [
                "00:1A:79:08:FB:21"
            ]
        },
        {
            "server_name": "breakfa5t.club",
            "server_url": "http://breakfa5t.club/c/",
            "macs": [
                "00:1a:79:65:66:31",
                "00:1A:79:6F:68:9E",
                "00:1a:79:b5:1f:ae",
                "00:1A:79:21:9A:35",
                "00:1A:79:BC:11:E3"
            ]
        }
    ]
}