{
    "items": [
        {
            "server_name": "iptv.darktv.in:80",
            "server_url": "http://iptv.darktv.in:80/c/",
            "macs": [
                "00:1A:79:17:A1:30",
                "00:1A:79:32:25:46",
                "00:1A:79:39:D6:41",
                "00:1A:79:3E:9F:04",
                "00:1A:79:72:7B:40",
                "00:1A:79:7A:13:17",
                "00:1A:79:AD:50:14",
                "00:1A:79:F9:5F:F4"
            ]
        },
        {
            "server_name": "luxe-4k.xyz:80",
            "server_url": "http://luxe-4k.xyz:80/c/",
            "macs": [
                "00:1A:79:53:A1:A2",
                "00:1A:79:5B:7C:FD",
                "00:1A:79:71:3F:7F",
                "00:1A:79:A2:65:75",
                "00:1A:79:BF:35:52",
                "00:1A:79:FA:01:87"
            ]
        },
        {
            "server_name": "mag.ottcst.com:80",
            "server_url": "http://mag.ottcst.com:80/c/",
            "macs": [
                "00:1A:79:81:0E:7B"
            ]
        },
        {
            "server_name": "shit.4theloveofdogs.net:8000",
            "server_url": "http://shit.4theloveofdogs.net:8000/c/",
            "macs": [
                "00:1A:79:32:37:36"
            ]
        },
        {
            "server_name": "smartntv.pro:25461",
            "server_url": "http://smartntv.pro:25461/c/",
            "macs": [
                "00:1A:79:3E:EF:4E"
            ]
        },
        {
            "server_name": "streamcode.one:2082",
            "server_url": "http://streamcode.one:2082/c/",
            "macs": [
                "00:1A:79:F8:B9:62"
            ]
        },
        {
            "server_name": "typhoonott.com:8789",
            "server_url": "http://typhoonott.com:8789/c/",
            "macs": [
                "00:1A:79:AD:84:96"
            ]
        },
        {
            "server_name": "ibrafr.com:8789",
            "server_url": "http://ibrafr.com:8789/c/",
            "macs": [
                "00:1A:79:55:BF:B5",
                "00:1A:79:5F:D0:C0"
            ]
        },
        {
            "server_name": "mag.ukhd.tv",
            "server_url": "http://mag.ukhd.tv/c/",
            "macs": [
                "00:1A:79:50:38:AF",
                "00:1A:79:68:2F:B0"
            ]
        },
        {
            "server_name": "tp.nxdns4.com:8080",
            "server_url": "http://tp.nxdns4.com:8080/c/",
            "macs": [
                "00:1A:79:62:DF:82",
                "00:1A:79:74:BA:28",
                "00:1A:79:7B:DF:9A",
                "00:1A:79:B7:2B:3F",
                "00:1A:79:BF:A1:0C"
            ]
        },
        {
            "server_name": "line.greatstar.me",
            "server_url": "http://line.greatstar.me/c/",
            "macs": [
                "00:1A:79:19:04:B3",
                "00:1A:79:43:91:19",
                "00:1A:79:44:BA:27",
                "00:1A:79:7B:74:7B",
                "00:1A:79:B5:47:BC"
            ]
        },
        {
            "server_name": "162.19.37.133:8080",
            "server_url": "http://162.19.37.133:8080/c/",
            "macs": [
                "00:1A:79:64:37:5F",
                "00:1A:79:64:37:E0",
                "00:1A:79:64:38:BA",
                "00:1A:79:64:39:93",
                "00:1A:79:64:3A:59",
                "00:1A:79:64:3B:17",
                "00:1A:79:64:3C:07",
                "00:1A:79:64:3D:39",
                "00:1A:79:64:3D:51",
                "00:1A:79:64:3D:55",
                "00:1A:79:64:3D:70",
                "00:1A:79:64:3E:B5",
                "00:1A:79:64:3F:44",
                "00:1A:79:64:40:A5"
            ]
        },
        {
            "server_name": "neroiptv.xyz:8080",
            "server_url": "http://neroiptv.xyz:8080/c/",
            "macs": [
                "00:1A:79:79:EC:FA"
            ]
        },
        {
            "server_name": "premiumtv4k.ottct.pro:80",
            "server_url": "http://premiumtv4k.ottct.pro:80/c/",
            "macs": [
                "00:1A:79:05:9B:8E",
                "00:1A:79:23:69:1D",
                "00:1A:79:2F:34:40",
                "00:1A:79:2F:DE:10",
                "00:1A:79:50:CE:D2",
                "00:1A:79:50:D9:99",
                "00:1A:79:5B:93:50",
                "00:1A:79:5D:22:46",
                "00:1A:79:64:32:63",
                "00:1A:79:78:C9:49",
                "00:1A:79:79:3C:46",
                "00:1A:79:7C:9F:01",
                "00:1A:79:7D:7C:7C",
                "00:1A:79:7F:AF:7D",
                "00:1A:79:A9:08:30",
                "00:1A:79:A9:79:CF",
                "00:1A:79:AC:2A:10",
                "00:1A:79:B3:0A:C2",
                "00:1A:79:B4:79:7C",
                "00:1A:79:B5:50:4B",
                "00:1A:79:B9:2D:1F",
                "00:1A:79:BC:FA:7D",
                "00:1A:79:BD:51:09",
                "00:1A:79:C6:F8:B0",
                "00:1A:79:C7:9B:7D",
                "00:1A:79:F5:D7:10"
            ]
        },
        {
            "server_name": "vip.goldtv.org:8080",
            "server_url": "http://vip.goldtv.org:8080/c/",
            "macs": [
                "00:1A:79:23:5B:5F",
                "00:1A:79:30:01:1A",
                "00:1A:79:38:05:94",
                "00:1A:79:BF:B9:F9",
                "00:1A:79:C5:07:5D"
            ]
        },
        {
            "server_name": "darktv.eu:80",
            "server_url": "http://darktv.eu:80/c/",
            "macs": [
                "00:1A:79:08:48:E4",
                "00:1A:79:0A:D2:EE",
                "00:1A:79:14:14:A0",
                "00:1A:79:23:BA:5C",
                "00:1A:79:24:CB:C1",
                "00:1A:79:2D:51:FD",
                "00:1A:79:2D:F7:D0",
                "00:1A:79:46:22:C7",
                "00:1A:79:5E:96:13",
                "00:1A:79:69:6C:80",
                "00:1A:79:73:0F:A7",
                "00:1A:79:7A:7B:C5",
                "00:1A:79:8C:1C:10",
                "00:1A:79:8E:D4:76",
                "00:1A:79:8F:E1:86",
                "00:1A:79:93:AF:66",
                "00:1A:79:96:2A:FC",
                "00:1A:79:9E:0A:6C",
                "00:1A:79:A3:5F:6E",
                "00:1A:79:AF:9F:5E",
                "00:1A:79:C9:AE:A9",
                "00:1A:79:FC:1F:FC"
            ]
        }
    ]
}