{
    "items": [
        {
            "server_name": "poyraz67.com:8080",
            "server_url": "http://poyraz67.com:8080/c/",
            "macs": [
                "00:1A:79:02:76:1E",
                "00:1A:79:3D:83:AC",
                "00:1A:79:40:E5:6C",
                "00:1A:79:41:4E:4C",
                "00:1A:79:4C:8C:22",
                "00:1A:79:6D:DA:BA",
                "00:1A:79:77:33:B4"
            ]
        },
        {
            "server_name": "ultra-box.club",
            "server_url": "http://ultra-box.club/c/",
            "macs": [
                "00:1A:79:B0:60:DE",
                "00:1A:79:B3:19:25",
                "00:1A:79:BA:3C:44"
            ]
        },
        {
            "server_name": "keycdn.co:8880",
            "server_url": "http://keycdn.co:8880/c/",
            "macs": [
                "00:1A:79:63:45:5E",
                "00:1A:79:E5:AA:59"
            ]
        },
        {
            "server_name": "pro.ipcover.lol:8080",
            "server_url": "http://pro.ipcover.lol:8080/c/",
            "macs": [
                "00:1A:79:A6:F8:DB",
                "00:1A:79:B5:A4:76"
            ]
        },
        {
            "server_name": "600600.org:8080",
            "server_url": "http://600600.org:8080/c/",
            "macs": [
                "00:1A:79:6D:99:17",
                "00:1A:79:BF:32:15"
            ]
        },
        {
            "server_name": "line.clear-ocean.link:80",
            "server_url": "http://line.clear-ocean.link:80/c/",
            "macs": [
                "00:1A:79:30:1E:F9",
                "00:1A:79:30:22:C0",
                "00:1A:79:30:26:FE",
                "00:1A:79:30:34:31",
                "00:1A:79:30:36:32",
                "00:1A:79:30:48:35",
                "00:1A:79:30:4A:E9"
            ]
        },
        {
            "server_name": "51.91.57.198",
            "server_url": "http://51.91.57.198/stalker_portal/c/",
            "macs": [
                "00:1A:79:5F:70:EB",
                "00:1A:79:66:3F:A5",
                "00:1A:79:68:89:A6",
                "00:1A:79:74:34:DB",
                "00:1A:79:FD:38:2A"
            ]
        },
        {
            "server_name": "vps-3ce939b5.vps.ovh.net",
            "server_url": "http://vps-3ce939b5.vps.ovh.net/stalker_portal/c/",
            "macs": [
                "00:1A:79:5C:20:C3",
                "00:1A:79:64:3F:C7"
            ]
        },
        {
            "server_name": "tv.banjotv.tv",
            "server_url": "http://tv.banjotv.tv/stalker_portal/c/",
            "macs": [
                "00:1A:79:13:20:BB",
                "00:1A:79:B5:DC:2E"
            ]
        },
        {
            "server_name": "m.lynxtv.pro:8080",
            "server_url": "http://m.lynxtv.pro:8080/c/",
            "macs": [
                "00:1A:79:BF:D4:F2"
            ]
        },
        {
            "server_name": "185.243.7.154",
            "server_url": "http://185.243.7.154/c/",
            "macs": [
                "00:1A:79:05:40:41",
                "00:1A:79:44:D6:9A",
                "00:1A:79:79:B1:89",
                "00:1A:79:DF:8D:4B"
            ]
        },
        {
            "server_name": "89.45.13.220:8080",
            "server_url": "http://89.45.13.220:8080/c/",
            "macs": [
                "00:1A:79:08:41:BF"
            ]
        }
    ]
}