{
    "items": [
        {
            "server_name": "uhd3.one",
            "server_url": "http://uhd3.one/c/",
            "macs": [
                "00:1A:79:BF:8E:54"
            ]
        },
        {
            "server_name": "tv.premiumplus.tv",
            "server_url": "http://tv.premiumplus.tv/c/",
            "macs": [
                "00:1A:79:08:F1:D4",
                "00:1A:79:78:D1:DA"
            ]
        },
        {
            "server_name": "promaxhd.com:8080",
            "server_url": "http://promaxhd.com:8080/c/",
            "macs": [
                "00:1A:79:02:F4:DC",
                "00:1A:79:21:3A:E1",
                "00:1A:79:31:AC:6B",
                "00:1A:79:3A:D7:F6",
                "00:1A:79:49:D2:C7",
                "00:1A:79:51:0A:13",
                "00:1A:79:54:09:1B",
                "00:1A:79:5B:F8:88",
                "00:1A:79:6A:35:E5",
                "00:1A:79:6C:CA:1E",
                "00:1A:79:6D:97:8E",
                "00:1A:79:6D:E5:96",
                "00:1A:79:A2:05:CB",
                "00:1A:79:A2:E8:72",
                "00:1A:79:AF:5F:DF",
                "00:1A:79:C8:17:90",
                "00:1A:79:CC:1E:5E",
                "00:1A:79:DA:0B:6C"
            ]
        },
        {
            "server_name": "ultra-box.club",
            "server_url": "http://ultra-box.club/c/",
            "macs": [
                "00:1A:79:A1:BB:04",
                "00:1A:79:A2:8F:7E",
                "00:1A:79:A3:6B:50",
                "00:1A:79:A3:B7:88",
                "00:1A:79:A6:3F:5C",
                "00:1A:79:A7:84:0A",
                "00:1A:79:AC:1E:93",
                "00:1A:79:AD:1E:D8",
                "00:1A:79:AD:7F:3A",
                "00:1A:79:AE:7C:76",
                "00:1A:79:AE:81:44",
                "00:1A:79:B0:60:9C",
                "00:1A:79:B0:6B:CF",
                "00:1A:79:B4:32:3D",
                "00:1A:79:B4:CB:6B",
                "00:1A:79:B5:10:48",
                "00:1A:79:B7:70:F8",
                "00:1A:79:B7:77:5D",
                "00:1A:79:B9:D3:F3",
                "00:1A:79:BA:00:13",
                "00:1A:79:BA:A1:B6",
                "00:1A:79:BB:C7:5F",
                "00:1A:79:BC:0D:53",
                "00:1A:79:BD:E3:61"
            ]
        },
        {
            "server_name": "iptvfy.com:2095",
            "server_url": "http://iptvfy.com:2095/c/",
            "macs": [
                "00:1A:79:84:E6:CA"
            ]
        },
        {
            "server_name": "mag.premiumplus.tv",
            "server_url": "http://mag.premiumplus.tv/c/",
            "macs": [
                "00:1A:79:17:49:F3",
                "00:1A:79:7D:D7:6A"
            ]
        },
        {
            "server_name": "invale.party:80",
            "server_url": "http://invale.party:80/c/",
            "macs": [
                "00:1A:79:31:FB:73",
                "00:1A:79:32:07:09"
            ]
        },
        {
            "server_name": "ip219.ip-188-165-28.eu",
            "server_url": "http://ip219.ip-188-165-28.eu/c/",
            "macs": [
                "00:1A:79:05:F5:61",
                "00:1A:79:92:74:39"
            ]
        },
        {
            "server_name": "restream.globaltv1.net:8080",
            "server_url": "http://restream.globaltv1.net:8080/c/",
            "macs": [
                "00:1A:79:08:46:3B",
                "00:1A:79:14:E3:85",
                "00:1A:79:A1:83:3B",
                "00:1A:79:C1:A0:E6"
            ]
        },
        {
            "server_name": "tango.123tv.to:8080",
            "server_url": "http://tango.123tv.to:8080/c/",
            "macs": [
                "00:1A:79:9D:40:66"
            ]
        },
        {
            "server_name": "hanaiptv.com:8080",
            "server_url": "http://hanaiptv.com:8080/c/",
            "macs": [
                "00:1A:79:06:EF:86",
                "00:1A:79:07:1D:D8",
                "00:1A:79:07:45:32",
                "00:1A:79:08:25:92",
                "00:1A:79:08:26:03",
                "00:1A:79:0A:92:99",
                "00:1A:79:0E:F7:2B",
                "00:1A:79:17:D4:A9",
                "00:1A:79:20:8F:97",
                "00:1A:79:22:46:CC",
                "00:1A:79:22:76:CA",
                "00:1A:79:2F:B1:12",
                "00:1A:79:40:26:17",
                "00:1A:79:4E:8F:4C",
                "00:1A:79:50:3A:D4",
                "00:1A:79:91:38:31",
                "00:1A:79:96:06:4F",
                "00:1A:79:9E:97:5B",
                "00:1A:79:A4:26:02",
                "00:1A:79:A6:47:B7",
                "00:1A:79:A8:9C:32",
                "00:1A:79:AB:DF:AB",
                "00:1A:79:CC:77:BF",
                "00:1A:79:FC:69:43"
            ]
        },
        {
            "server_name": "wolftv.me:80",
            "server_url": "http://wolftv.me:80/c/",
            "macs": [
                "00:1A:79:43:F6:69",
                "00:1A:79:CF:46:6A"
            ]
        },
        {
            "server_name": "89.45.13.220:8080",
            "server_url": "http://89.45.13.220:8080/c/",
            "macs": [
                "00:1A:79:08:EA:85"
            ]
        },
        {
            "server_name": "k7uit0otb.ddnsking.com:80",
            "server_url": "http://k7uit0otb.ddnsking.com:80/c/",
            "macs": [
                "00:1A:79:1C:10:9B",
                "00:1A:79:24:35:CF",
                "00:1A:79:55:57:F2",
                "00:1A:79:5A:E4:0F",
                "00:1A:79:7B:F7:13",
                "00:1A:79:8E:AA:C5",
                "00:1A:79:AD:52:54"
            ]
        },
        {
            "server_name": "tr.simotvgold.com:80",
            "server_url": "http://tr.simotvgold.com:80/c/",
            "macs": [
                "00:1A:79:50:7C:E9"
            ]
        },
        {
            "server_name": "ip.01live.club:8080",
            "server_url": "http://ip.01live.club:8080/c/",
            "macs": [
                "00:1A:79:43:96:70"
            ]
        },
        {
            "server_name": "reddevil.life:8080",
            "server_url": "http://reddevil.life:8080/c/",
            "macs": [
                "00:1A:79:60:A2:6A",
                "00:1A:79:60:C2:CD",
                "00:1A:79:60:E3:BF",
                "00:1A:79:60:F3:E0",
                "00:1A:79:61:20:07"
            ]
        },
        {
            "server_name": "foxvpn.vip:80",
            "server_url": "http://foxvpn.vip:80/c/",
            "macs": [
                "00:1A:79:52:F5:58"
            ]
        },
        {
            "server_name": "mutant.arrox.top:80",
            "server_url": "http://mutant.arrox.top:80/c/",
            "macs": [
                "00:1A:79:08:4C:3A",
                "00:1A:79:4D:07:82",
                "00:1A:79:97:9F:EA",
                "00:1A:79:A0:95:29",
                "00:1A:79:AF:8F:69",
                "00:1A:79:C0:BD:63",
                "00:1A:79:D7:4F:93"
            ]
        },
        {
            "server_name": "globaltv.world",
            "server_url": "http://globaltv.world/c/",
            "macs": [
                "00:1A:79:A1:CD:FB"
            ]
        },
        {
            "server_name": "brokentv.rip:8080",
            "server_url": "http://brokentv.rip:8080/c/",
            "macs": [
                "00:1A:79:97:55:A5",
                "00:1A:79:B0:4F:89",
                "00:1A:79:B5:15:5F",
                "00:1A:79:BD:15:1E",
                "00:1A:79:C0:A0:73",
                "00:1A:79:E5:E4:70"
            ]
        },
        {
            "server_name": "trex.8kott.xyz",
            "server_url": "http://trex.8kott.xyz/c/",
            "macs": [
                "00:1A:79:2E:0F:92",
                "00:1A:79:59:C9:67",
                "00:1A:79:78:EE:D1",
                "00:1A:79:7D:45:92"
            ]
        },
        {
            "server_name": "hi-ott.me",
            "server_url": "http://hi-ott.me/c/",
            "macs": [
                "00:1A:79:29:4A:7D",
                "00:1A:79:96:92:95",
                "00:1A:79:BA:2B:79"
            ]
        },
        {
            "server_name": "tv.psmarters.xyz:8080",
            "server_url": "http://tv.psmarters.xyz:8080/c/",
            "macs": [
                "00:1A:79:43:93:FF"
            ]
        },
        {
            "server_name": "4kgoott.com:2052",
            "server_url": "http://4kgoott.com:2052/c/",
            "macs": [
                "00:1A:79:CA:F5:3F"
            ]
        },
        {
            "server_name": "stb.iphd.tv",
            "server_url": "http://stb.iphd.tv/c/",
            "macs": [
                "00:1A:79:00:00:00"
            ]
        },
        {
            "server_name": "innovationdns.eu",
            "server_url": "http://innovationdns.eu/c/",
            "macs": [
                "00:1A:79:6A:98:F3",
                "00:1A:79:B6:BA:88",
                "00:1A:79:BF:A2:19"
            ]
        },
        {
            "server_name": "speed-gaz.xyz:8080",
            "server_url": "http://speed-gaz.xyz:8080/c/",
            "macs": [
                "00:1A:79:AB:41:2E"
            ]
        },
        {
            "server_name": "hyper.de1-eu.com:8000",
            "server_url": "http://hyper.de1-eu.com:8000/c/",
            "macs": [
                "00:1A:79:BB:8C:8F"
            ]
        },
        {
            "server_name": "iptv.maxlacress.com",
            "server_url": "http://iptv.maxlacress.com/c/",
            "macs": [
                "00:1A:79:74:D7:81",
                "00:1A:79:76:4A:8F",
                "00:1A:79:76:4B:8F"
            ]
        },
        {
            "server_name": "forzamilan.ddns.net:8000",
            "server_url": "http://forzamilan.ddns.net:8000/c/",
            "macs": [
                "00:1A:79:40:7C:FA",
                "00:1A:79:43:62:9F"
            ]
        },
        {
            "server_name": "dstreams.xyz:8080",
            "server_url": "http://dstreams.xyz:8080/c/",
            "macs": [
                "00:1A:79:34:29:E3"
            ]
        },
        {
            "server_name": "mag.greatott.me",
            "server_url": "http://mag.greatott.me/c/",
            "macs": [
                "00:1A:79:01:43:D8",
                "00:1A:79:B6:7A:6A",
                "00:1A:79:B6:7A:6C",
                "00:1A:79:C0:14:62",
                "00:1A:79:C0:14:73",
                "00:1A:79:C0:14:80",
                "00:1A:79:C0:14:8A",
                "00:1A:79:C0:14:95",
                "00:1A:79:C0:14:CE",
                "00:1A:79:C0:14:F4"
            ]
        },
        {
            "server_name": "tv.nova-iptv.com",
            "server_url": "http://tv.nova-iptv.com/c/",
            "macs": [
                "00:1A:79:1E:C3:E5",
                "00:1A:79:1E:E5:EF",
                "00:1A:79:27:11:90",
                "00:1A:79:28:53:E9",
                "00:1A:79:2A:EE:52",
                "00:1A:79:2B:A3:E3",
                "00:1A:79:2D:F0:85",
                "00:1A:79:2F:5F:C9"
            ]
        },
        {
            "server_name": "mutant.arrox.top",
            "server_url": "http://mutant.arrox.top/c/",
            "macs": [
                "00:1A:79:08:85:D7",
                "00:1A:79:0E:89:50",
                "00:1A:79:30:0C:54",
                "00:1A:79:33:AB:76",
                "00:1A:79:5F:FC:EB",
                "00:1A:79:6D:26:A2",
                "00:1A:79:6F:7F:61",
                "00:1A:79:80:88:5F",
                "00:1A:79:90:69:62",
                "00:1A:79:C1:38:57",
                "00:1A:79:C8:9A:39",
                "00:1A:79:E1:0F:AA"
            ]
        },
        {
            "server_name": "vip2102.112421.net:2050",
            "server_url": "http://vip2102.112421.net:2050/c/",
            "macs": [
                "00:1A:79:D2:4A:45"
            ]
        },
        {
            "server_name": "107.189.14.168:8080",
            "server_url": "http://107.189.14.168:8080/c/",
            "macs": [
                "00:1A:79:AE:B6:D2"
            ]
        },
        {
            "server_name": "line.maxir.biz:8080",
            "server_url": "http://line.maxir.biz:8080/c/",
            "macs": [
                "00:1A:79:D0:5D:21"
            ]
        },
        {
            "server_name": "185.182.193.87",
            "server_url": "http://185.182.193.87/stalker_portal/c/",
            "macs": [
                "00:1A:79:03:F2:D3",
                "00:1A:79:4A:4B:C6",
                "00:1A:79:76:86:12",
                "00:1A:79:78:C5:D4",
                "00:1A:79:7C:09:28"
            ]
        }
    ]
}