{
    "items": [
        {
            "server_name": "ip219.ip-188-165-28.eu",
            "server_url": "http://ip219.ip-188-165-28.eu/c/",
            "macs": [
                "00:1a:79:48:76:1e"
            ]
        },
        {
            "server_name": "letmein.fun:8080",
            "server_url": "http://letmein.fun:8080/c/",
            "macs": [
                "00:1a:79:b0:40:b8",
                "00:1a:79:bd:5d:3a",
                "00:1a:79:bb:32:f2",
                "00:1a:79:ab:54:22"
            ]
        },
        {
            "server_name": "dinka-iptv.live",
            "server_url": "http://dinka-iptv.live/c/",
            "macs": [
                "00:1a:79:a3:b3:99",
                "00:1a:79:bc:12:33",
                "00:1a:79:ae:fe:6e"
            ]
        },
        {
            "server_name": "21tv.net:8789",
            "server_url": "http://21tv.net:8789/c/",
            "macs": [
                "00:1A:79:5D:02:E0",
                "00:1A:79:58:BE:27"
            ]
        },
        {
            "server_name": "images185dh-w.ddns.me:8080",
            "server_url": "http://images185dh-w.ddns.me:8080/c/",
            "macs": [
                "00:1A:79:5c:48:47"
            ]
        },
        {
            "server_name": "51.159.70.234:80",
            "server_url": "http://51.159.70.234:80/stalker_portal/c/",
            "macs": [
                "00:1A:79:AD:CC:A2"
            ]
        },
        {
            "server_name": "line.greatstar.me",
            "server_url": "http://line.greatstar.me/c/",
            "macs": [
                "00:1A:79:76:7F:48",
                "00:1A:79:72:DD:CF",
                "00:1A:79:56:F2:EE",
                "00:1A:79:66:58:57",
                "00:1A:79:C5:71:81"
            ]
        },
        {
            "server_name": "laurenlending.pproxy.cc",
            "server_url": "http://laurenlending.pproxy.cc/c/",
            "macs": [
                "00:1A:79:A5:2A:FA"
            ]
        },
        {
            "server_name": "erdin1.com:8000",
            "server_url": "http://erdin1.com:8000/c/",
            "macs": [
                "00:1A:79:C6:FC:AD",
                "00:1A:79:54:8E:6F",
                "00:1A:79:1F:16:BC",
                "00:1A:79:85:26:C7",
                "00:1A:79:5D:49:CD"
            ]
        },
        {
            "server_name": "line.iptveros.com:8000",
            "server_url": "http://line.iptveros.com:8000/c/",
            "macs": [
                "00:1A:79:73:D2:29",
                "00:1A:79:7B:00:0A",
                "00:1A:79:DD:6C:ED",
                "00:1A:79:FB:50:11",
                "00:1A:79:4F:49:0E",
                "00:1A:79:8A:6F:16"
            ]
        },
        {
            "server_name": "tv.jbktv.de",
            "server_url": "http://tv.jbktv.de/stalker_portal/c/",
            "macs": [
                "00:1A:79:cf:7a:1d"
            ]
        },
        {
            "server_name": "21tv.net",
            "server_url": "http://21tv.net/c/",
            "macs": [
                "00:1A:79:A9:BF:20",
                "00:1A:79:35:62:35"
            ]
        },
        {
            "server_name": "ln.tabox.in:24651",
            "server_url": "http://ln.tabox.in:24651/c/",
            "macs": [
                "00:1A:79:AD:AD:4E"
            ]
        },
        {
            "server_name": "magentalive.eu:8080",
            "server_url": "http://magentalive.eu:8080/c/",
            "macs": [
                "00:1A:79:CF:BB:25"
            ]
        },
        {
            "server_name": "bluespain4k.xyz",
            "server_url": "http://bluespain4k.xyz/c/",
            "macs": [
                "00:1A:79:64:3B:69",
                "00:1A:79:C3:32:3F"
            ]
        },
        {
            "server_name": "ipwebtv.dyndns.tv:8000",
            "server_url": "http://ipwebtv.dyndns.tv:8000/c/",
            "macs": [
                "00:1A:79:a9:21:66",
                "00:1A:79:76:1a:01"
            ]
        },
        {
            "server_name": "teducpemunte.online:8080",
            "server_url": "http://teducpemunte.online:8080/c/",
            "macs": [
                "00:1A:79:d4:57:15"
            ]
        },
        {
            "server_name": "apex01.keycdn.cc",
            "server_url": "http://apex01.keycdn.cc/stalker_portal/c/",
            "macs": [
                "00:1A:79:01:98:59"
            ]
        }
    ]
}