{
    "items": [
        {
            "server_name": "wyveep.com:8080",
            "server_url": "http://wyveep.com:8080/c/",
            "macs": [
                "00:1A:79:D2:F4:3A",
                "00:1A:79:74:CE:40"
            ]
        },
        {
            "server_name": "89.45.13.220:8080",
            "server_url": "http://89.45.13.220:8080/c/",
            "macs": [
                "00:1A:79:01:6D:DA",
                "00:1A:79:01:6D:E8",
                "00:1A:79:01:6D:EB",
                "00:1A:79:01:6D:E4",
                "00:1A:79:01:6E:18",
                "00:1A:79:01:6D:ED",
                "00:1A:79:01:6E:25",
                "00:1A:79:01:6E:1D",
                "00:1A:79:01:6E:1A"
            ]
        },
        {
            "server_name": "un1.anonymoustv.club",
            "server_url": "http://un1.anonymoustv.club/c/",
            "macs": [
                "00:1A:79:6C:79:5C",
                "00:1A:79:8E:A6:A0",
                "00:1A:79:66:8C:B4",
                "00:1A:79:5D:6B:8D",
                "00:1A:79:A9:4C:1A",
                "00:1A:79:F2:EF:6D",
                "00:1A:79:B2:66:10",
                "00:1A:79:6E:C1:1F",
                "00:1A:79:E5:A7:2E",
                "00:1A:79:71:AB:DF",
                "00:1A:79:C0:22:2E",
                "00:1A:79:A8:3A:15",
                "00:1A:79:5F:D6:77"
            ]
        },
        {
            "server_name": "f1.dinott.com",
            "server_url": "http://f1.dinott.com/c/",
            "macs": [
                "00:1A:79:C2:B6:45",
                "00:1A:79:40:93:0D",
                "00:1A:79:B4:EE:9F",
                "00:1A:79:53:9F:1A",
                "00:1A:79:A1:61:D9",
                "00:1A:79:8B:36:AF",
                "00:1A:79:3B:A7:27",
                "00:1A:79:84:F8:62",
                "00:1A:79:B7:EC:4A",
                "00:1A:79:52:8A:D2",
                "00:1A:79:70:80:EF"
            ]
        },
        {
            "server_name": "51.91.57.198",
            "server_url": "http://51.91.57.198/stalker_portal/c/",
            "macs": [
                "00:1A:79:35:37:C3"
            ]
        },
        {
            "server_name": "5.206.227.184:8080",
            "server_url": "http://5.206.227.184:8080/c/",
            "macs": [
                "00:1A:79:79:25:A2",
                "00:1A:79:55:97:DC",
                "00:1A:79:7A:B4:0A",
                "00:1A:79:55:18:A9",
                "00:1A:79:58:EC:A5",
                "00:1A:79:F7:A6:DC"
            ]
        },
        {
            "server_name": "185.235.165.30",
            "server_url": "http://185.235.165.30/c/",
            "macs": [
                "00:1A:79:6B:09:15",
                "00:1A:79:70:66:5F",
                "00:1A:79:55:99:64",
                "00:1A:79:7E:40:54",
                "00:1A:79:62:37:30",
                "00:1A:79:35:35:64",
                "00:1A:79:7C:55:7F",
                "00:1A:79:66:3C:5E",
                "00:1A:79:3A:6A:57",
                "00:1A:79:81:71:33",
                "00:1A:79:5E:40:73",
                "00:1A:79:5A:36:86"
            ]
        },
        {
            "server_name": "troublesupport.my.to",
            "server_url": "http://troublesupport.my.to/c/",
            "macs": [
                "00:1a:79:c1:3d:28",
                "00:1a:79:00:00:00",
                "00:1A:79:73:7C:27",
                "00:1A:79:19:4a:10",
                "00:1A:79:32:34:33",
                "00:1A:79:30:66:62",
                "00:1a:79:b5:9e:08",
                "00:1a:79:bb:8d:c1",
                "00:1A:79:30:1F:EB",
                "00:1A:79:74:87:D5"
            ]
        },
        {
            "server_name": "shit.4theloveofdogs.net:8000",
            "server_url": "http://shit.4theloveofdogs.net:8000/c/",
            "macs": [
                "00:1A:79:43:88:46",
                "00:1A:79:3B:2D:0F",
                "00:1A:79:5E:B5:F6",
                "00:1A:79:5F:62:42",
                "00:1A:79:76:7A:4E",
                "00:1A:79:75:00:F3",
                "00:1A:79:5D:1E:7A"
            ]
        },
        {
            "server_name": "wtc05.mi20.cc",
            "server_url": "http://wtc05.mi20.cc/stalker_portal/c/",
            "macs": [
                "00:1A:79:79:A3:1B",
                "00:1A:79:74:72:42",
                "00:1A:79:E5:88:75",
                "00:1A:79:E5:F5:D1",
                "00:1A:79:67:5C:BE",
                "00:1A:79:79:A6:2D",
                "00:1A:79:79:38:4B",
                "00:1A:79:E7:38:1B",
                "00:1A:79:75:D7:64",
                "00:1A:79:74:ED:E7",
                "00:1A:79:78:CC:94",
                "00:1A:79:76:98:40",
                "00:1A:79:79:4D:4C",
                "00:1A:79:F1:E1:2F",
                "00:1A:79:73:E8:31",
                "00:1A:79:76:1E:53",
                "00:1A:79:6E:29:F2",
                "00:1A:79:73:14:7C",
                "00:1A:79:79:4E:A8",
                "00:1A:79:79:A8:48",
                "00:1A:79:F0:56:35",
                "00:1A:79:74:76:67",
                "00:1A:79:7A:C7:16",
                "00:1A:79:79:AC:E4"
            ]
        },
        {
            "server_name": "1.germany4k.xyz:8080",
            "server_url": "http://1.germany4k.xyz:8080/c/",
            "macs": [
                "00:1A:79:A2:88:58"
            ]
        },
        {
            "server_name": "45.139.122.199:8080",
            "server_url": "http://45.139.122.199:8080/c/",
            "macs": [
                "00:1A:79:4D:98:69",
                "00:1A:79:75:18:86",
                "00:1A:79:C8:51:3B"
            ]
        },
        {
            "server_name": "line.atlaspro4k.me",
            "server_url": "http://line.atlaspro4k.me/c/",
            "macs": [
                "00:1A:79:B0:6A:F5",
                "00:1A:79:3F:69:FD",
                "00:1A:79:C0:50:DE",
                "00:1A:79:B5:F7:E2",
                "00:1A:79:C3:AA:C2",
                "00:1A:79:71:19:E1",
                "00:1A:79:B5:F8:A7",
                "00:1A:79:B5:9D:E6",
                "00:1A:79:B4:A0:9E",
                "00:1A:79:C0:F7:7B"
            ]
        },
        {
            "server_name": "51.75.79.64:8080",
            "server_url": "http://51.75.79.64:8080/c/",
            "macs": [
                "00:1A:79:C6:F2:BF",
                "00:1A:79:AD:EF:C4",
                "00:1A:79:CE:21:F5",
                "00:1A:79:35:CB:C7"
            ]
        },
        {
            "server_name": "5.206.227.184:8080",
            "server_url": "http://5.206.227.184:8080/c/",
            "macs": [
                "00:1A:79:79:25:A2",
                "00:1A:79:37:0A:4A",
                "00:1A:79:B3:A1:DA",
                "00:1A:79:DB:2D:FB",
                "00:1A:79:55:97:DC",
                "00:1A:79:04:E9:16",
                "00:1A:79:AB:31:CD"
            ]
        },
        {
            "server_name": "45.139.122.199:2095",
            "server_url": "http://45.139.122.199:2095/c/",
            "macs": [
                "00:1A:79:B6:DF:F6"
            ]
        },
        {
            "server_name": "new.ivue.co:25461",
            "server_url": "http://new.ivue.co:25461/c/",
            "macs": [
                "00:1A:79:77:EA:35"
            ]
        },
        {
            "server_name": "eurotuga.xyz:8080",
            "server_url": "http://eurotuga.xyz:8080/c/",
            "macs": [
                "00:1A:79:BC:17:09"
            ]
        },
        {
            "server_name": "f1.dinott.com",
            "server_url": "http://f1.dinott.com/c/",
            "macs": [
                "00:1A:79:CB:6E:6C"
            ]
        }
    ]
}