{
    "items": [
        {
            "server_name": "62.182.83.91:80",
            "server_url": "http://62.182.83.91:80/c/",
            "macs": [
                "00:1A:79:B7:8C:D6"
            ]
        },
        {
            "server_name": "tkosportz.live:25461",
            "server_url": "http://tkosportz.live:25461/c/",
            "macs": [
                "00:1A:79:E5:E6:A5"
            ]
        },
        {
            "server_name": "2a2b2.com:80",
            "server_url": "http://2a2b2.com:80/c/",
            "macs": [
                "00:1A:79:03:0F:DF",
                "00:1A:79:17:04:8C",
                "00:1A:79:23:FE:78",
                "00:1A:79:27:1F:FD",
                "00:1A:79:6F:6F:6E",
                "00:1A:79:A0:1F:68",
                "00:1A:79:BA:DA:97",
                "00:1A:79:BF:AE:D0",
                "00:1A:79:BF:ED:66"
            ]
        },
        {
            "server_name": "iptv.uktvglobal.com",
            "server_url": "http://iptv.uktvglobal.com/stalker_portal/c/",
            "macs": [
                "00:1A:79:74:02:9D",
                "00:1A:79:7B:8E:E4"
            ]
        },
        {
            "server_name": "catirtv.ddns.me:8080",
            "server_url": "http://catirtv.ddns.me:8080/c/",
            "macs": [
                "00:1A:79:09:C9:AF",
                "00:1A:79:74:3D:46"
            ]
        },
        {
            "server_name": "planetiptv.online",
            "server_url": "http://planetiptv.online/c/",
            "macs": [
                "00:1A:79:74:7F:1C",
                "00:1A:79:E7:85:5A"
            ]
        },
        {
            "server_name": "10431-plan.ott-cdn.me",
            "server_url": "http://10431-plan.ott-cdn.me/c/",
            "macs": [
                "00:1A:79:13:A7:31",
                "00:1A:79:30:66:01",
                "00:1A:79:56:76:CA",
                "00:1A:79:F9:08:C1"
            ]
        },
        {
            "server_name": "195.128.249.99:8080",
            "server_url": "http://195.128.249.99:8080/c/",
            "macs": [
                "00:1A:79:CA:E3:E9"
            ]
        },
        {
            "server_name": "optimus-tv.org:8080",
            "server_url": "http://optimus-tv.org:8080/c/",
            "macs": [
                "00:1A:79:01:71:5B",
                "00:1A:79:08:41:C7",
                "00:1A:79:08:48:22",
                "00:1A:79:6B:BA:5C",
                "00:1A:79:6B:BB:28",
                "00:1A:79:6E:2A:55",
                "00:1A:79:77:04:5F",
                "00:1A:79:A0:FD:4F",
                "00:1A:79:AB:60:C6",
                "00:1A:79:AF:38:B8"
            ]
        },
        {
            "server_name": "st1.ipweb.site",
            "server_url": "http://st1.ipweb.site/stalker_portal/c/",
            "macs": [
                "00:1A:79:00:22:C4",
                "00:1A:79:35:A1:09",
                "00:1A:79:42:31:CF",
                "00:1A:79:49:0A:7C",
                "00:1A:79:54:4E:E7",
                "00:1A:79:5F:0E:1D",
                "00:1A:79:60:0B:53",
                "00:1A:79:6F:EE:C6"
            ]
        },
        {
            "server_name": "tp.nxdns4.com:8080",
            "server_url": "http://tp.nxdns4.com:8080/c/",
            "macs": [
                "00:1A:79:00:47:A2"
            ]
        },
        {
            "server_name": "77.74.193.158:88",
            "server_url": "http://77.74.193.158:88/stalker_portal/c/",
            "macs": [
                "00:1A:79:4D:13:C4"
            ]
        },
        {
            "server_name": "iptvs4.ultapulta.com",
            "server_url": "http://iptvs4.ultapulta.com/stalker_portal/c/",
            "macs": [
                "00:1A:79:51:87:7A",
                "00:1A:79:56:46:B6",
                "00:1A:79:E5:1F:46"
            ]
        },
        {
            "server_name": "pt.chape-shop.com:8080",
            "server_url": "http://pt.chape-shop.com:8080/c/",
            "macs": [
                "00:1A:79:C2:04:FE"
            ]
        },
        {
            "server_name": "pdata.ddns.me:8080",
            "server_url": "http://pdata.ddns.me:8080/c/",
            "macs": [
                "00:1A:79:0C:83:E1",
                "00:1A:79:1D:08:B9",
                "00:1A:79:26:0F:E1",
                "00:1A:79:29:AD:66",
                "00:1A:79:4B:B6:9E",
                "00:1A:79:57:24:9E",
                "00:1A:79:73:C9:A5",
                "00:1A:79:99:93:81",
                "00:1A:79:A3:B8:81",
                "00:1A:79:A6:42:13",
                "00:1A:79:A9:2C:9A",
                "00:1A:79:AA:C2:10",
                "00:1A:79:AA:DF:0E",
                "00:1A:79:AA:EC:3B",
                "00:1A:79:AC:D0:A2",
                "00:1A:79:B2:43:43",
                "00:1A:79:B2:59:2C",
                "00:1A:79:B3:0E:CD",
                "00:1A:79:B5:9C:21",
                "00:1A:79:B5:9D:B9",
                "00:1A:79:B7:97:C5",
                "00:1A:79:BA:53:FD",
                "00:1A:79:BA:59:28",
                "00:1A:79:BB:2A:40",
                "00:1A:79:BD:2E:0E",
                "00:1A:79:BD:80:A1",
                "00:1A:79:C4:5B:3A",
                "00:1A:79:C5:97:87",
                "00:1A:79:C6:31:E2",
                "00:1A:79:C7:7A:60",
                "00:1A:79:C7:9C:E9",
                "00:1A:79:CA:CC:52",
                "00:1A:79:CA:CE:4E",
                "00:1A:79:CB:6C:F7",
                "00:1A:79:D3:B9:E8",
                "00:1A:79:FB:0B:EA",
                "00:1A:79:FB:1A:55",
                "00:1A:79:FB:33:92"
            ]
        }
    ]
}