{
    "items": [
        {
            "server_name": "giptv94.lol:8789",
            "server_url": "http://giptv94.lol:8789/c/",
            "macs": [
                "00:1A:79:00:00:01",
                "00:1A:79:00:00:02",
                "00:1A:79:00:00:09",
                "00:1A:79:00:10:A6",
                "00:1A:79:00:20:24",
                "00:1A:79:64:9F:68"
            ]
        },
        {
            "server_name": "mysp03.wanicelife.com:8880",
            "server_url": "http://mysp03.wanicelife.com:8880/c/",
            "macs": [
                "00:1A:79:70:C5:56"
            ]
        },
        {
            "server_name": "mypaste.fun.gentv.to:8080",
            "server_url": "http://mypaste.fun.gentv.to:8080/c/",
            "macs": [
                "00:1A:79:AB:E5:D3",
                "00:1A:79:AC:D6:10",
                "00:1A:79:B3:A3:70",
                "00:1A:79:BD:46:3D"
            ]
        },
        {
            "server_name": "keycdn.co:80",
            "server_url": "http://keycdn.co:80/c/",
            "macs": [
                "00:1A:79:48:A2:D4",
                "00:1A:79:72:F4:AA"
            ]
        },
        {
            "server_name": "iptv.darkbox.nu:80",
            "server_url": "http://iptv.darkbox.nu:80/c/",
            "macs": [
                "00:1A:79:03:0C:D5",
                "00:1A:79:05:0F:12",
                "00:1A:79:A7:69:7E"
            ]
        },
        {
            "server_name": "www.funmitra.com:8080",
            "server_url": "http://www.funmitra.com:8080/c/",
            "macs": [
                "00:1A:79:A3:9C:E5",
                "00:1A:79:B0:C4:DA",
                "00:1A:79:B6:DD:FC",
                "00:1A:79:B9:09:1B"
            ]
        },
        {
            "server_name": "sonymax.org:8080",
            "server_url": "http://sonymax.org:8080/c/",
            "macs": [
                "00:1A:79:00:56:A0",
                "00:1A:79:0C:18:ED",
                "00:1A:79:1A:02:16",
                "00:1A:79:23:1F:9A",
                "00:1A:79:24:C7:D7",
                "00:1A:79:2B:8C:62",
                "00:1A:79:43:32:E1",
                "00:1A:79:51:4F:06",
                "00:1A:79:58:59:A9",
                "00:1A:79:5F:AA:8C",
                "00:1A:79:6B:D0:AA",
                "00:1A:79:7A:2A:2B",
                "00:1A:79:8C:49:8C",
                "00:1A:79:9C:C9:92",
                "00:1A:79:A0:F4:72",
                "00:1A:79:A8:76:EC",
                "00:1A:79:AE:2D:AA",
                "00:1A:79:B3:12:11",
                "00:1A:79:BA:BB:70",
                "00:1A:79:BA:D5:B8",
                "00:1A:79:C5:5C:0B",
                "00:1A:79:C7:C5:89",
                "00:1A:79:C9:34:F2",
                "00:1A:79:D6:17:E2"
            ]
        },
        {
            "server_name": "entertainmentj4u.com",
            "server_url": "http://entertainmentj4u.com/stalker_portal/c/",
            "macs": [
                "00:1A:79:3B:FE:A8",
                "00:1A:79:42:52:EF",
                "00:1A:79:45:B2:DE",
                "00:1A:79:6B:CC:D0",
                "00:1A:79:7A:E8:5C",
                "00:1A:79:7A:FA:FD",
                "00:1A:79:8A:95:AD"
            ]
        },
        {
            "server_name": "195.128.249.99",
            "server_url": "http://195.128.249.99/c/",
            "macs": [
                "00:1A:79:3A:BA:C1"
            ]
        },
        {
            "server_name": "ph-info.xyz",
            "server_url": "http://ph-info.xyz/c/",
            "macs": [
                "00:1A:79:58:00:5C"
            ]
        },
        {
            "server_name": "exm3u.123tv.to:8080",
            "server_url": "http://exm3u.123tv.to:8080/c/",
            "macs": [
                "00:1A:79:58:0D:00",
                "00:1A:79:C6:F7:6A"
            ]
        },
        {
            "server_name": "tvfalcon.net:8080",
            "server_url": "http://tvfalcon.net:8080/c/",
            "macs": [
                "00:1A:79:BA:2A:50"
            ]
        },
        {
            "server_name": "portal.tiptop4k.tv",
            "server_url": "http://portal.tiptop4k.tv/stalker_portal/c/",
            "macs": [
                "00:1A:79:A0:06:59",
                "00:1A:79:ED:ED:81"
            ]
        },
        {
            "server_name": "kocaeli41.xyz:8000",
            "server_url": "http://kocaeli41.xyz:8000/c/",
            "macs": [
                "00:1A:79:D8:F1:A7"
            ]
        },
        {
            "server_name": "p1.uiop.tv:8037",
            "server_url": "http://p1.uiop.tv:8037/stalker_portal/c/",
            "macs": [
                "00:1A:79:37:68:FA",
                "00:1A:79:37:D0:93",
                "00:1A:79:3A:61:58",
                "00:1A:79:55:18:8E",
                "00:1A:79:60:49:12",
                "00:1A:79:66:02:0A",
                "00:1A:79:97:22:18",
                "00:1A:79:C8:A5:24"
            ]
        },
        {
            "server_name": "alex.rocktv.be",
            "server_url": "http://alex.rocktv.be/stalker_portal/c/",
            "macs": [
                "00:1A:79:FD:57:6A"
            ]
        },
        {
            "server_name": "iptvch2.com",
            "server_url": "http://iptvch2.com/c/",
            "macs": [
                "00:1A:79:AD:E0:07"
            ]
        },
        {
            "server_name": "192.99.19.27:8000",
            "server_url": "http://192.99.19.27:8000/c/",
            "macs": [
                "00:1A:79:7E:A1:CC"
            ]
        },
        {
            "server_name": "154.16.143.181:8080",
            "server_url": "http://154.16.143.181:8080/c/",
            "macs": [
                "00:1A:79:50:C0:48"
            ]
        },
        {
            "server_name": "tvizle.nl:8080",
            "server_url": "http://tvizle.nl:8080/c/",
            "macs": [
                "00:1A:79:08:4B:9B",
                "00:1A:79:BF:8C:9A",
                "00:1A:79:CB:A3:DC"
            ]
        },
        {
            "server_name": "traveliptv.com",
            "server_url": "http://traveliptv.com/c/",
            "macs": [
                "00:1A:79:4C:3E:9B"
            ]
        },
        {
            "server_name": "m.tvfalcon.net:8080",
            "server_url": "http://m.tvfalcon.net:8080/c/",
            "macs": [
                "00:1A:79:43:91:92",
                "00:1A:79:5D:AB:6A",
                "00:1A:79:5E:58:03",
                "00:1A:79:AF:F8:F5",
                "00:1A:79:BA:B8:FB",
                "00:1A:79:C1:A0:BB"
            ]
        },
        {
            "server_name": "89.45.13.153:25461",
            "server_url": "http://89.45.13.153:25461/c/",
            "macs": [
                "00:1A:79:47:E9:9D"
            ]
        },
        {
            "server_name": "zupanet.live:8080",
            "server_url": "http://zupanet.live:8080/c/",
            "macs": [
                "00:1A:79:1F:B2:2C",
                "00:1A:79:55:12:59",
                "00:1A:79:73:BC:C5"
            ]
        },
        {
            "server_name": "1screen3.com:8000",
            "server_url": "http://1screen3.com:8000/c/",
            "macs": [
                "00:1A:79:1E:05:CB",
                "00:1A:79:AC:F3:72",
                "00:1A:79:B4:4D:DD",
                "00:1A:79:B9:E2:04",
                "00:1A:79:C4:58:34",
                "00:1A:79:F0:EB:29"
            ]
        },
        {
            "server_name": "darktv.eu:25461",
            "server_url": "http://darktv.eu:25461/c/",
            "macs": [
                "00:1A:79:04:93:D8",
                "00:1A:79:0E:7F:30",
                "00:1A:79:35:F3:1F",
                "00:1A:79:3F:27:7D",
                "00:1A:79:4D:54:E5",
                "00:1A:79:52:3F:3B",
                "00:1A:79:6F:4F:AF",
                "00:1A:79:73:3F:21",
                "00:1A:79:73:3F:2A",
                "00:1A:79:7C:6F:55",
                "00:1A:79:83:6F:86",
                "00:1A:79:94:46:F8",
                "00:1A:79:A4:73:0E",
                "00:1A:79:AF:5F:82",
                "00:1A:79:BC:E8:23",
                "00:1A:79:BF:94:19",
                "00:1A:79:C7:6E:2E",
                "00:1A:79:C8:02:8D",
                "00:1A:79:D5:8F:CE",
                "00:1A:79:D6:4F:E9",
                "00:1A:79:DD:3F:B3",
                "00:1A:79:E1:8A:A8"
            ]
        },
        {
            "server_name": "ns31617126.ip-162-19-37.eu:8080",
            "server_url": "http://ns31617126.ip-162-19-37.eu:8080/c/",
            "macs": [
                "00:1A:79:20:54:38",
                "00:1A:79:55:D6:C2",
                "00:1A:79:56:B4:D6",
                "00:1A:79:59:81:1A",
                "00:1A:79:67:7D:34",
                "00:1A:79:6B:57:4B",
                "00:1A:79:6B:5E:AA",
                "00:1A:79:6B:C2:9C",
                "00:1A:79:72:29:CE",
                "00:1A:79:73:30:E5",
                "00:1A:79:96:97:B9",
                "00:1A:79:A3:27:7C",
                "00:1A:79:A7:ED:70",
                "00:1A:79:A9:BF:C3",
                "00:1A:79:AB:6C:BD",
                "00:1A:79:AD:E4:69",
                "00:1A:79:AE:AE:ED",
                "00:1A:79:B1:61:29",
                "00:1A:79:B2:4A:FA",
                "00:1A:79:B2:59:64",
                "00:1A:79:B2:5C:8B",
                "00:1A:79:B2:63:03",
                "00:1A:79:B3:62:D1",
                "00:1A:79:B3:83:B6",
                "00:1A:79:B3:C4:0C",
                "00:1A:79:B4:96:FE",
                "00:1A:79:B5:B0:79",
                "00:1A:79:B6:43:47",
                "00:1A:79:B6:E0:66",
                "00:1A:79:B7:8E:28",
                "00:1A:79:B7:8F:E4",
                "00:1A:79:B8:8E:70",
                "00:1A:79:B9:0D:35",
                "00:1A:79:B9:1E:FC",
                "00:1A:79:B9:CC:19",
                "00:1A:79:B9:CE:5B",
                "00:1A:79:B9:D3:9A",
                "00:1A:79:BA:06:FD",
                "00:1A:79:BA:58:AA",
                "00:1A:79:BA:75:C3",
                "00:1A:79:BA:83:93",
                "00:1A:79:BB:28:A0",
                "00:1A:79:BC:99:DC",
                "00:1A:79:BD:08:3E",
                "00:1A:79:BD:40:31",
                "00:1A:79:BE:75:61",
                "00:1A:79:BF:67:BE",
                "00:1A:79:BF:72:D4",
                "00:1A:79:BF:A4:EA",
                "00:1A:79:BF:AF:10",
                "00:1A:79:C1:C7:68",
                "00:1A:79:C2:92:7A",
                "00:1A:79:C3:AE:79",
                "00:1A:79:C3:B0:52",
                "00:1A:79:C3:C5:29",
                "00:1A:79:C4:0F:98",
                "00:1A:79:C5:A8:0C",
                "00:1A:79:C5:E6:22",
                "00:1A:79:C6:C9:A6",
                "00:1A:79:C7:91:09",
                "00:1A:79:C8:4D:3E",
                "00:1A:79:CA:3F:4F",
                "00:1A:79:CA:EC:73",
                "00:1A:79:CB:00:C7",
                "00:1A:79:CC:11:25",
                "00:1A:79:CC:22:17",
                "00:1A:79:CD:07:C8",
                "00:1A:79:CD:EE:C6",
                "00:1A:79:CF:01:43",
                "00:1A:79:D0:26:A8",
                "00:1A:79:D3:B6:C5",
                "00:1A:79:F1:B2:06",
                "00:1A:79:F5:09:EB",
                "00:1A:79:FB:08:D1",
                "00:1A:79:FB:0D:25",
                "00:1A:79:FB:1B:37",
                "00:1A:79:FB:22:6B",
                "00:1A:79:FB:3C:ED",
                "00:1A:79:FB:42:35"
            ]
        },
        {
            "server_name": "erdin1.com:8000",
            "server_url": "http://erdin1.com:8000/c/",
            "macs": [
                "00:1A:79:6A:14:D1"
            ]
        },
        {
            "server_name": "30198-puppy.ott-cdn.me",
            "server_url": "http://30198-puppy.ott-cdn.me/c/",
            "macs": [
                "00:1A:79:04:4F:E0",
                "00:1A:79:06:73:16",
                "00:1A:79:15:2F:0E",
                "00:1A:79:33:43:A5",
                "00:1A:79:42:29:F5",
                "00:1A:79:43:4A:8B",
                "00:1A:79:44:48:D1",
                "00:1A:79:46:F0:79",
                "00:1A:79:47:6A:C3",
                "00:1A:79:51:3F:A6",
                "00:1A:79:54:21:67",
                "00:1A:79:57:98:FC",
                "00:1A:79:59:FB:85",
                "00:1A:79:5A:97:15",
                "00:1A:79:71:74:2A",
                "00:1A:79:72:0B:78",
                "00:1A:79:7D:8D:50",
                "00:1A:79:8D:5E:09",
                "00:1A:79:9D:69:91",
                "00:1A:79:A3:CF:B1",
                "00:1A:79:AF:A4:96",
                "00:1A:79:B1:1F:D5",
                "00:1A:79:B2:C1:54",
                "00:1A:79:B4:E8:97",
                "00:1A:79:B9:79:F6",
                "00:1A:79:C5:03:1F",
                "00:1A:79:D1:EB:94",
                "00:1A:79:DD:9F:8D",
                "00:1A:79:E5:E7:E3",
                "00:1A:79:FD:DA:8E"
            ]
        }
    ]
}