{
    "items": [
        {
            "server_name": "promaxhd.com:8080",
            "server_url": "http://promaxhd.com:8080/c/",
            "macs": [
                "00:1A:79:85:ED:3E",
                "00:1A:79:3E:9F:2F",
                "00:1A:79:C1:C1:E3",
                "00:1A:79:54:77:8C",
                "00:1A:79:B1:03:DB"
            ]
        },
        {
            "server_name": "owliptv.gentv.to:8080",
            "server_url": "http://owliptv.gentv.to:8080/c/",
            "macs": [
                "00:1A:79:AB:49:9A"
            ]
        },
        {
            "server_name": "optimus-tv.org:8080",
            "server_url": "http://optimus-tv.org:8080/c/",
            "macs": [
                "00:1A:79:6B:BD:75",
                "00:1A:79:5E:48:86"
            ]
        },
        {
            "server_name": "mag.greatott.me",
            "server_url": "http://mag.greatott.me/c/",
            "macs": [
                "00:1A:79:88:BA:D0",
                "00:1A:79:B8:3B:1A"
            ]
        },
        {
            "server_name": "invale.party",
            "server_url": "http://invale.party/c/",
            "macs": [
                "00:1A:79:AF:6B:0B"
            ]
        },
        {
            "server_name": "crystalott.org",
            "server_url": "http://crystalott.org/c/",
            "macs": [
                "00:1A:79:02:11:0C",
                "00:1A:79:01:E0:4D",
                "00:1A:79:01:E8:F6"
            ]
        },
        {
            "server_name": "200.26.188.39:80",
            "server_url": "http://200.26.188.39:80/c/",
            "macs": [
                "00:1A:79:3C:19:B0",
                "00:1A:79:8C:F8:90",
                "00:1A:79:ED:9F:A5",
                "00:1A:79:BF:90:2A",
                "00:1A:79:BF:B6:91",
                "00:1A:79:AA:4C:1C",
                "00:1A:79:39:8C:5B",
                "00:1A:79:76:AE:2C",
                "00:1A:79:C7:04:A7",
                "00:1A:79:6B:CF:46",
                "00:1A:79:BD:2B:64",
                "00:1A:79:1A:FB:D2",
                "00:1A:79:F5:12:48",
                "00:1A:79:69:C6:99",
                "00:1A:79:A1:C7:8B",
                "00:1A:79:90:0B:0E",
                "00:1A:79:90:0B:0E"
            ]
        },
        {
            "server_name": "optimus-tv.org:8080",
            "server_url": "http://optimus-tv.org:8080/c/",
            "macs": [
                "00:1A:79:76:FD:23",
                "00:1A:79:7C:6B:F4",
                "00:1A:79:AF:3A:57",
                "00:1A:79:08:54:22",
                "00:1A:79:13:56:5A",
                "00:1A:79:13:58:03",
                "00:1A:79:6E:28:C5",
                "00:1A:79:5D:8C:B7",
                "00:1A:79:08:ED:2E",
                "00:1A:79:6B:BE:DB",
                "00:1A:79:A1:00:3B",
                "00:1A:79:13:58:12",
                "00:1A:79:6B:BF:B9",
                "00:1A:79:6E:2F:58",
                "00:1A:79:6B:BA:B2",
                "00:1A:79:0F:43:ED",
                "00:1A:79:10:E0:6C",
                "00:1A:79:13:57:5C",
                "00:1A:79:01:64:E0"
            ]
        },
        {
            "server_name": "4kgoott.com:2052",
            "server_url": "http://4kgoott.com:2052/c/",
            "macs": [
                "00:1a:79:bf:fc:61"
            ]
        },
        {
            "server_name": "portal.entertainmentxl.com:8080",
            "server_url": "http://portal.entertainmentxl.com:8080/c/",
            "macs": [
                "00:1A:79:1E:8D:4B",
                "00:1A:79:50:D1:55"
            ]
        },
        {
            "server_name": "mypaste.fun.gentv.to:8080",
            "server_url": "http://mypaste.fun.gentv.to:8080/c/",
            "macs": [
                "00:1A:79:51:15:07",
                "00:1A:79:D9:5A:FF"
            ]
        },
        {
            "server_name": "ya.trythisone.cc:80",
            "server_url": "http://ya.trythisone.cc:80/c/",
            "macs": [
                "00:1A:79:96:BF:CC",
                "00:1A:79:B2:FC:5B",
                "00:1A:79:7C:65:C3",
                "00:1A:79:CC:CE:DC",
                "00:1A:79:BF:C4:E0"
            ]
        },
        {
            "server_name": "200.26.188.39:80",
            "server_url": "http://200.26.188.39:80/c/",
            "macs": [
                "00:1A:79:3C:19:B0",
                "00:1A:79:8C:F8:90",
                "00:1A:79:ED:9F:A5",
                "00:1A:79:BF:90:2A",
                "00:1A:79:BF:B6:91",
                "00:1A:79:AA:4C:1C",
                "00:1A:79:39:8C:5B",
                "00:1A:79:76:AE:2C",
                "00:1A:79:C7:04:A7",
                "00:1A:79:6B:CF:46",
                "00:1A:79:BD:2B:64",
                "00:1A:79:1A:FB:D2",
                "00:1A:79:F5:12:48",
                "00:1A:79:69:C6:99",
                "00:1A:79:A1:C7:8B",
                "00:1A:79:90:0B:0E"
            ]
        },
        {
            "server_name": "bariporto.xyz:8080",
            "server_url": "http://bariporto.xyz:8080/c/",
            "macs": [
                "00:1A:79:C5:F1:95",
                "00:1A:79:C3:12:94",
                "00:1A:79:A2:EB:E6",
                "00:1A:79:B9:90:84",
                "00:1A:79:A1:A5:73",
                "00:1A:79:C2:3A:C3",
                "00:1A:79:6B:EC:9D",
                "00:1A:79:B9:EB:C3",
                "00:1A:79:C2:3C:F9",
                "00:1A:79:B9:8C:FF",
                "00:1A:79:2E:8B:65",
                "00:1A:79:5B:EC:F1",
                "00:1A:79:AE:4C:92",
                "00:1A:79:CC:65:d4",
                "00:1A:79:E3:25:35",
                "00:1A:79:79:1B:BE",
                "00:1A:79:CE:3C:5F",
                "00:1A:79:C0:47:d7",
                "00:1A:79:AB:9A:20"
            ]
        },
        {
            "server_name": "glavonja.work:5115",
            "server_url": "http://glavonja.work:5115/c/",
            "macs": [
                "00:1A:79:A8:79:21",
                "00:1A:79:D8:CB:0F"
            ]
        },
        {
            "server_name": "exprestv.win:80",
            "server_url": "http://exprestv.win:80/c/",
            "macs": [
                "00:1A:79:1A:3F:ED",
                "00:1A:79:A5:64:E9",
                "00:1A:79:3F:F9:80",
                "00:1A:79:C4:BB:0C",
                "00:1A:79:44:BA:A3",
                "00:1A:79:26:63:9F",
                "00:1A:79:BB:24:E9",
                "00:1A:79:54:FF:E5",
                "00:1A:79:74:FB:CC",
                "00:1A:79:38:15:D5"
            ]
        }
    ]
}