{
    "items": [
        {
            "server_name": "anonymoustv.club",
            "server_url": "http://anonymoustv.club/c/",
            "macs": [
                "00:1A:79:64:C5:8F",
                "00:1A:79:50:D9:74",
                "00:1A:79:F4:22:D8",
                "00:1A:79:B0:AA:0C"
            ]
        },
        {
            "server_name": "51.75.79.64:8080",
            "server_url": "http://51.75.79.64:8080/c/",
            "macs": [
                "00:1A:79:CE:21:F5",
                "00:1A:79:C6:F2:BF",
                "00:1A:79:35:CB:C7"
            ]
        },
        {
            "server_name": "line.atlaspro4k.me",
            "server_url": "http://line.atlaspro4k.me/c/",
            "macs": [
                "00:1A:79:B5:9D:E6"
            ]
        },
        {
            "server_name": "005.0004567.xyz",
            "server_url": "http://005.0004567.xyz/c/",
            "macs": [
                "00:1A:79:CF:2F:AC",
                "00:1A:79:93:30:AC",
                "00:1A:79:C5:49:B7",
                "00:1A:79:CB:85:56",
                "00:1A:79:3C:77:2D"
            ]
        },
        {
            "server_name": "un1.anonymoustv.club",
            "server_url": "http://un1.anonymoustv.club/c/",
            "macs": [
                "00:1A:79:5F:D6:77",
                "00:1A:79:5D:6B:8D",
                "00:1A:79:C0:22:2E"
            ]
        },
        {
            "server_name": "line.protv.cc:80",
            "server_url": "http://line.protv.cc:80/c/",
            "macs": [
                "00:1A:79:7a:80:b0",
                "00:1A:79:e5:21:81",
                "00:1A:79:cd:d8:6a"
            ]
        },
        {
            "server_name": "89.45.13.220:8080",
            "server_url": "http://89.45.13.220:8080/c/",
            "macs": [
                "00:1A:79:01:6E:4F",
                "00:1A:79:01:6E:5A",
                "00:1A:79:01:6E:86"
            ]
        },
        {
            "server_name": "dp-elite.net:2095",
            "server_url": "http://dp-elite.net:2095/c/",
            "macs": [
                "00:1A:79:b0:54:59",
                "00:1A:79:c1:44:57"
            ]
        },
        {
            "server_name": "mutant.arrox.top:80",
            "server_url": "http://mutant.arrox.top:80/c/",
            "macs": [
                "00:1A:79:4E:0D:5E"
            ]
        },
        {
            "server_name": "tissl.club:8080",
            "server_url": "http://tissl.club:8080/c/",
            "macs": [
                "00:1A:79:7D:CF:40",
                "00:1A:79:6C:2F:74",
                "00:1A:79:81:02:64",
                "00:1A:79:7B:B9:4A"
            ]
        },
        {
            "server_name": "200.26.188.39",
            "server_url": "http://200.26.188.39/c/",
            "macs": [
                "00:1A:79:7E:2A:D3",
                "00:1A:79:69:E6:9B",
                "00:1A:79:C2:95:EE",
                "00:1A:79:BF:A5:8B",
                "00:1A:79:3E:AB:D8",
                "00:1A:79:C8:5B:CD",
                "00:1A:79:17:32:4B",
                "00:1A:79:F5:34:74",
                "00:1A:79:76:56:E3",
                "00:1A:79:93:5E:B5"
            ]
        },
        {
            "server_name": "private3.clientline.club",
            "server_url": "http://private3.clientline.club/c/",
            "macs": [
                "00:1A:79:6E:C1:1F",
                "00:1A:79:48:60:05",
                "00:1A:79:BB:70:AC",
                "00:1A:79:6F:BB:CD"
            ]
        }
    ]
}