{
    "items": [
        {
            "server_name": "stalker.ugoiptv.com",
            "server_url": "http://stalker.ugoiptv.com/c/",
            "macs": [
                "00:1A:79:BE:10:2A"
            ]
        },
        {
            "server_name": "iptv.darktv.eu:25461",
            "server_url": "http://iptv.darktv.eu:25461/c/",
            "macs": [
                "00:1A:79:33:53:66"
            ]
        },
        {
            "server_name": "clientsportals.com:80",
            "server_url": "http://clientsportals.com:80/c/",
            "macs": [
                "00:1A:79:1B:5D:5B"
            ]
        },
        {
            "server_name": "line.clear-ocean.link:80",
            "server_url": "http://line.clear-ocean.link:80/c/",
            "macs": [
                "00:1A:79:18:18:D9"
            ]
        },
        {
            "server_name": "m.26ip.net:80",
            "server_url": "http://m.26ip.net:80/c/",
            "macs": [
                "00:1A:79:53:77:A8"
            ]
        },
        {
            "server_name": "tvkijken.xyz:8080",
            "server_url": "http://tvkijken.xyz:8080/c/",
            "macs": [
                "00:1A:79:01:6F:6B"
            ]
        },
        {
            "server_name": "jt-info.xyz",
            "server_url": "http://jt-info.xyz/c/",
            "macs": [
                "00:1A:79:46:6F:78"
            ]
        },
        {
            "server_name": "speed-gaz.xyz",
            "server_url": "http://speed-gaz.xyz/c/",
            "macs": [
                "00:1A:79:A5:92:2D",
                "00:1A:79:AD:31:B9",
                "00:1A:79:BE:88:EB"
            ]
        },
        {
            "server_name": "mag.trexlive.me:8000",
            "server_url": "http://mag.trexlive.me:8000/c/",
            "macs": [
                "00:1A:79:4F:68:08"
            ]
        },
        {
            "server_name": "optimus-tv.org:8080",
            "server_url": "http://optimus-tv.org:8080/c/",
            "macs": [
                "00:1A:79:07:BC:FE",
                "00:1A:79:08:48:94",
                "00:1A:79:0E:3A:9F",
                "00:1A:79:6E:28:8A",
                "00:1A:79:6E:2E:37",
                "00:1A:79:77:02:EC"
            ]
        },
        {
            "server_name": "mag.ukhd.tv",
            "server_url": "http://mag.ukhd.tv/c/",
            "macs": [
                "00:1A:79:01:6F:AE",
                "00:1A:79:05:51:20"
            ]
        },
        {
            "server_name": "mag.greatott.me",
            "server_url": "http://mag.greatott.me/c/",
            "macs": [
                "00:1A:79:21:9D:E4",
                "00:1A:79:2E:91:BF",
                "00:1A:79:40:12:F5",
                "00:1A:79:68:66:72",
                "00:1A:79:C5:1A:CB"
            ]
        }
    ]
}