{
    "items": [
        {
            "server_name": "apksmart.dino.ws:80",
            "server_url": "http://apksmart.dino.ws:80/c/",
            "macs": [
                "00:1A:79:E3:D8:E2",
                "00:1A:79:17:1E:54",
                "00:1A:79:B2:01:3B"
            ]
        },
        {
            "server_name": "line.dinott.com:8000",
            "server_url": "http://line.dinott.com:8000/c/",
            "macs": [
                "00:1A:79:B2:01:3B",
                "00:1A:79:00:10:10"
            ]
        },
        {
            "server_name": "mol-2.com:8080",
            "server_url": "http://mol-2.com:8080/c/",
            "macs": [
                "00:1A:79:B5:93:66",
                "00:1A:79:C5:C1:30"
            ]
        },
        {
            "server_name": "ptc-play.com:80",
            "server_url": "http://ptc-play.com:80/c/",
            "macs": [
                "00:1A:79:00:01:53",
                "00:1A:79:00:00:00",
                "00:1A:79:73:75:66"
            ]
        },
        {
            "server_name": "tv.zaintv.net:80",
            "server_url": "http://tv.zaintv.net:80/c/",
            "macs": [
                "00:1A:79:24:7F:A5"
            ]
        },
        {
            "server_name": "xtream2.subtv.biz:80",
            "server_url": "http://xtream2.subtv.biz:80/c/",
            "macs": [
                "00:1A:79:02:D2:AE",
                "00:1A:79:04:76:A9",
                "00:1A:79:05:89:B2"
            ]
        }
    ]
}