{
    "items": [
        {
            "server_name": "chaine.ddns.net:80",
            "server_url": "http://chaine.ddns.net:80/c/",
            "macs": [
                "00:1A:79:BF:DD:04",
                "00:1A:79:AA:B8:22",
                "00:1A:79:AB:53:EA",
                "00:1A:79:B0:D5:11",
                "00:1A:79:BD:12:78",
                "00:1A:79:A6:F3:E8",
                "00:1A:79:BD:33:1D"
            ]
        },
        {
            "server_name": "ipwebtv.dyndns.tv:8000",
            "server_url": "http://ipwebtv.dyndns.tv:8000/c/",
            "macs": [
                "00:1A:79:39:f7:da"
            ]
        },
        {
            "server_name": "localiptv.site:85",
            "server_url": "http://localiptv.site:85/c/",
            "macs": [
                "00:1A:79:5f:b0:e8",
                "00:1A:79:be:95:c7"
            ]
        },
        {
            "server_name": "tk.upsky.space:8085",
            "server_url": "http://tk.upsky.space:8085/c/",
            "macs": [
                "00:1A:79:94:a9:00"
            ]
        },
        {
            "server_name": "mutant.arrox.top",
            "server_url": "http://mutant.arrox.top/c/",
            "macs": [
                "00:1A:79:C3:16:C4"
            ]
        },
        {
            "server_name": "ya.trythisone.cc",
            "server_url": "http://ya.trythisone.cc/c/",
            "macs": [
                "00:1A:79:00:AE:05",
                "00:1A:79:00:0E:B0"
            ]
        },
        {
            "server_name": "pal.alphatx.me:80",
            "server_url": "http://pal.alphatx.me:80/c/",
            "macs": [
                "00:1A:79:00:14:F8",
                "00:1A:79:A1:F9:9C",
                "00:1A:79:00:11:B9"
            ]
        },
        {
            "server_name": "stream.keycdn.co:80",
            "server_url": "http://stream.keycdn.co:80/c/",
            "macs": [
                "00:1A:79:41:B1:74",
                "00:1A:79:45:3E:4F"
            ]
        },
        {
            "server_name": "darknetiptv1.ddns.net:25461",
            "server_url": "http://darknetiptv1.ddns.net:25461/c/",
            "macs": [
                "00:1A:79:00:00:00"
            ]
        },
        {
            "server_name": "mag.ukhd.tv",
            "server_url": "http://mag.ukhd.tv/c/",
            "macs": [
                "00:1A:79:56:1F:DE",
                "00:1A:79:57:E6:C2",
                "00:1A:79:AD:80:73",
                "00:1A:79:21:0A:D4",
                "00:1A:79:23:4F:E9",
                "00:1A:79:90:89:15",
                "00:1A:79:F1:E6:C4"
            ]
        },
        {
            "server_name": "besttv.club:8080",
            "server_url": "http://besttv.club:8080/c/",
            "macs": [
                "00:1A:79:51:A2:B8",
                "00:1A:79:3F:20:12",
                "00:1A:79:D7:74:DD",
                "00:1A:79:01:70:93",
                "00:1A:79:5E:0C:DC",
                "00:1A:79:A4:73:9B",
                "00:1A:79:20:5F:6E"
            ]
        },
        {
            "server_name": "90309-fri.ott-cdn.me",
            "server_url": "http://90309-fri.ott-cdn.me/c/",
            "macs": [
                "00:1A:79:1E:86:56",
                "00:1A:79:B1:10:AB",
                "00:1A:79:C2:9B:1C",
                "00:1A:79:D7:72:14",
                "00:1A:79:5E:2F:30",
                "00:1A:79:96:B0:60",
                "00:1A:79:FC:C5:4E"
            ]
        },
        {
            "server_name": "sony4k.vip:8000",
            "server_url": "http://sony4k.vip:8000/c/",
            "macs": [
                "00:1A:79:C2:06:F1",
                "00:1A:79:D2:2B:1E",
                "00:1A:79:C5:82:54",
                "00:1A:79:72:35:F2",
                "00:1A:79:2E:6F:CA",
                "00:1A:79:44:C2:06",
                "00:1A:79:90:6E:D2"
            ]
        }
    ]
}