{
    "items": [
        {
            "server_name": "iptv.darktv.in",
            "server_url": "http://iptv.darktv.in/c/",
            "macs": [
                "00:1A:79:4C:13:33",
                "00:1A:79:56:1F:DB",
                "00:1A:79:57:39:6F",
                "00:1A:79:56:C7:51"
            ]
        },
        {
            "server_name": "yasar.club:6464",
            "server_url": "http://yasar.club:6464/c/",
            "macs": [
                "00:1A:79:1D:8F:28"
            ]
        },
        {
            "server_name": "lourenco.selfip.org:8080",
            "server_url": "http://lourenco.selfip.org:8080/c/",
            "macs": [
                "00:1A:79:40:08:AF"
            ]
        },
        {
            "server_name": "zupanet.live:8080",
            "server_url": "http://zupanet.live:8080/c/",
            "macs": [
                "00:1A:79:B1:03:E5",
                "00:1A:79:C1:E4:D0",
                "00:1A:79:05:D8:D0",
                "00:1A:79:AD:EE:89",
                "00:1A:79:BE:7F:C5",
                "00:1A:79:2A:90:83",
                "00:1A:79:57:8F:C1",
                "00:1A:79:4B:19:35",
                "00:1A:79:58:A1:59",
                "00:1A:79:D5:DB:F4",
                "00:1A:79:AD:9C:B6",
                "00:1A:79:84:A0:DD",
                "00:1A:79:C3:28:9A",
                "00:1A:79:74:FD:21",
                "00:1A:79:AA:82:C2"
            ]
        }
    ]
}