{
    "items": [
        {
            "server_name": "ln.tabox.in:24651",
            "server_url": "http://ln.tabox.in:24651/c/",
            "macs": [
                "00:1A:79:77:c1:65",
                "00:1A:79:6D:39:0B",
                "00:1A:79:4E:70:85"
            ]
        },
        {
            "server_name": "darknetiptv1.ddns.net:25461",
            "server_url": "http://darknetiptv1.ddns.net:25461/c/",
            "macs": [
                "00:1A:79:B8:4A:EE"
            ]
        },
        {
            "server_name": "mag.ukhd.tv",
            "server_url": "http://mag.ukhd.tv/c/",
            "macs": [
                "00:1a:79:19:4f:65",
                "00:1A:79:A9:2B:10"
            ]
        },
        {
            "server_name": "marvelhd.eu:8080",
            "server_url": "http://marvelhd.eu:8080/c/",
            "macs": [
                "00:1A:79:2F:00:8C",
                "00:1A:79:13:64:B0",
                "00:1A:79:AB:AB:F3",
                "00:1A:79:3D:56:34",
                "00:1A:79:55:6C:3C",
                "00:1A:79:5A:0F:3B",
                "00:1A:79:71:CB:89",
                "00:1A:79:B2:51:93"
            ]
        },
        {
            "server_name": "sonymax.org:8080",
            "server_url": "http://sonymax.org:8080/c/",
            "macs": [
                "00:1A:79:F1:5D:23",
                "00:1A:79:75:BC:B7",
                "00:1A:79:DF:C6:21",
                "00:1A:79:7B:DC:B6",
                "00:1A:79:53:A2:22",
                "00:1A:79:0A:65:77",
                "00:1A:79:62:A2:E3",
                "00:1A:79:9F:7A:03"
            ]
        }
    ]
}