{
    "items": [
        {
            "server_name": "mag.greatott.me:80",
            "server_url": "http://mag.greatott.me:80/c/",
            "macs": [
                "00:1A:79:00:0C:5E",
                "00:1A:79:00:0C:BE",
                "00:1A:79:00:18:8E",
                "00:1A:79:00:1D:8C",
                "00:1A:79:00:1E:DC",
                "00:1A:79:00:21:62",
                "00:1A:79:00:24:D7",
                "00:1A:79:00:25:39",
                "00:1A:79:00:2F:98",
                "00:1A:79:00:3D:CD",
                "00:1A:79:00:43:24",
                "00:1A:79:00:43:3A",
                "00:1A:79:00:47:1F",
                "00:1A:79:00:48:4D",
                "00:1A:79:00:76:5B",
                "00:1A:79:00:7D:F5",
                "00:1A:79:00:83:43",
                "00:1A:79:00:85:29",
                "00:1A:79:00:86:E7",
                "00:1A:79:00:8A:95",
                "00:1A:79:00:90:EF",
                "00:1A:79:00:92:D2",
                "00:1A:79:00:96:A1",
                "00:1A:79:00:A2:0B",
                "00:1A:79:00:A8:50",
                "00:1A:79:00:AA:0E",
                "00:1A:79:00:B2:53",
                "00:1A:79:01:15:AA",
                "00:1A:79:01:17:AF",
                "00:1A:79:01:24:D1",
                "00:1A:79:01:2F:72",
                "00:1A:79:01:57:24",
                "00:1A:79:01:63:F0",
                "00:1A:79:01:82:05",
                "00:1A:79:01:A2:A0",
                "00:1A:79:01:A3:E2",
                "00:1A:79:01:A4:32",
                "00:1A:79:01:A4:F4",
                "00:1A:79:01:A4:F8",
                "00:1A:79:01:A7:B1",
                "00:1A:79:01:AB:6D",
                "00:1A:79:01:B0:EE",
                "00:1A:79:01:C7:B4",
                "00:1A:79:01:F6:DD",
                "00:1A:79:02:01:35",
                "00:1A:79:02:02:FC",
                "00:1A:79:02:03:FF",
                "00:1A:79:02:0F:A8",
                "00:1A:79:02:10:53",
                "00:1A:79:02:10:DC",
                "00:1A:79:02:1F:00",
                "00:1A:79:02:1F:71",
                "00:1A:79:02:1F:C7",
                "00:1A:79:02:1F:FA",
                "00:1A:79:02:26:86",
                "00:1A:79:02:29:85",
                "00:1A:79:02:2F:DE",
                "00:1A:79:02:2F:FE",
                "00:1A:79:02:30:B4",
                "00:1A:79:02:31:F7",
                "00:1A:79:02:3F:A8",
                "00:1A:79:02:3F:CA",
                "00:1A:79:02:3F:FD",
                "00:1A:79:02:44:31",
                "00:1A:79:02:4F:BE",
                "00:1A:79:02:4F:F3",
                "00:1A:79:02:59:6D",
                "00:1A:79:02:5F:5B",
                "00:1A:79:02:5F:5D",
                "00:1A:79:02:6F:A3"
            ]
        },
        {
            "server_name": "maxzi.pro:80",
            "server_url": "http://maxzi.pro:80/c/",
            "macs": [
                "00:1A:79:2D:48:E2",
                "00:1A:79:52:29:09",
                "00:1A:79:6E:B0:ED",
                "00:1A:79:70:0E:CF",
                "00:1A:79:B6:2D:84"
            ]
        },
        {
            "server_name": "vip.dom1tv.com:25443",
            "server_url": "http://vip.dom1tv.com:25443/c/",
            "macs": [
                "00:1A:79:3E:58:F5",
                "00:1A:79:C1:21:00"
            ]
        },
        {
            "server_name": "mysp03.wanicelife.com:8880",
            "server_url": "http://mysp03.wanicelife.com:8880/c/",
            "macs": [
                "00:1A:79:AA:15:54",
                "00:1A:79:AA:B9:53"
            ]
        },
        {
            "server_name": "neroiptv.xyz:8080",
            "server_url": "http://neroiptv.xyz:8080/c/",
            "macs": [
                "00:1A:79:08:8F:57",
                "00:1A:79:32:5A:58",
                "00:1A:79:35:BC:62",
                "00:1A:79:3A:EE:D6",
                "00:1A:79:3B:15:09",
                "00:1A:79:45:70:D1",
                "00:1A:79:46:5E:1E",
                "00:1A:79:49:1D:87",
                "00:1A:79:49:CE:AB",
                "00:1A:79:49:D1:C3",
                "00:1A:79:59:B7:2F",
                "00:1A:79:64:1C:ED",
                "00:1A:79:66:B9:DC",
                "00:1A:79:6D:83:76",
                "00:1A:79:96:00:83",
                "00:1A:79:AD:F7:6B",
                "00:1A:79:B5:67:4C",
                "00:1A:79:B7:45:C6",
                "00:1A:79:B7:48:A0",
                "00:1A:79:BA:90:20",
                "00:1A:79:C0:DE:B9",
                "00:1A:79:C1:58:9B",
                "00:1A:79:C3:C2:74",
                "00:1A:79:C7:2B:0E",
                "00:1A:79:D6:5B:53",
                "00:1A:79:EE:43:EF"
            ]
        }
    ]
}