{
    "items": [
        {
            "server_name": "besttv.club:8080",
            "server_url": "http://besttv.club:8080/c/",
            "macs": [
                "00:1a:79:ab:d3:52",
                "00:1a:79:0e:dd:b5",
                "00:1a:79:43:0e:57",
                "00:1a:79:83:9e:50",
                "00:1a:79:10:e2:fc"
            ]
        },
        {
            "server_name": "main.light-ott.net",
            "server_url": "http://main.light-ott.net/c/",
            "macs": [
                "00:1a:79:86:b7:13",
                "00:1a:79:50:1d:22"
            ]
        },
        {
            "server_name": "mag.diamondtv.one:8080",
            "server_url": "http://mag.diamondtv.one:8080/c/",
            "macs": [
                "00:1A:79:BB:EE:E6",
                "00:1A:79:F5:28:EE",
                "00:1A:79:A3:D7:E4",
                "00:1A:79:C0:1C:67",
                "00:1A:79:94:D5:99",
                "00:1A:79:08:8F:84",
                "00:1A:79:0B:6B:D6",
                "00:1A:79:B2:BB:C0"
            ]
        }
    ]
}