{
    "items": [
        {
            "server_name": "portal5458.com:8080",
            "server_url": "http://portal5458.com:8080/c/",
            "macs": [
                "00:1A:79:03:14:B8"
            ]
        },
        {
            "server_name": "cbrlig.com:8080",
            "server_url": "http://cbrlig.com:8080/c/",
            "macs": [
                "00:1A:79:AA:6D:60",
                "00:1A:79:AB:43:56"
            ]
        },
        {
            "server_name": "mutant.arrox.top",
            "server_url": "http://mutant.arrox.top/c/",
            "macs": [
                "00:1A:79:17:46:D7",
                "00:1A:79:42:6C:DA"
            ]
        },
        {
            "server_name": "teckpro-lus.xyz:8080",
            "server_url": "http://teckpro-lus.xyz:8080/c/",
            "macs": [
                "00:1A:79:AE:08:AF",
                "00:1A:79:C1:93:EA"
            ]
        },
        {
            "server_name": "besttv.club:8080",
            "server_url": "http://besttv.club:8080/c/",
            "macs": [
                "00:1A:79:18:2F:6B",
                "00:1A:79:5D:27:50",
                "00:1A:79:A3:A5:28",
                "00:1A:79:C5:B2:36"
            ]
        },
        {
            "server_name": "185.243.7.154",
            "server_url": "http://185.243.7.154/c/",
            "macs": [
                "00:1A:79:11:BA:C5",
                "00:1A:79:B0:91:1F",
                "00:1A:79:C4:9A:45"
            ]
        },
        {
            "server_name": "sharktv.alphatx.me",
            "server_url": "http://sharktv.alphatx.me/c/",
            "macs": [
                "00:1A:79:78:72:25",
                "00:1A:79:C0:14:73"
            ]
        }
    ]
}