{
    "items": [
        {
            "server_name": "play-plus.net:8000",
            "server_url": "http://play-plus.net:8000/c/",
            "macs": [
                "00:1A:79:00:3E:97",
                "00:1A:79:00:43:D5",
                "00:1A:79:00:71:D4",
                "00:1A:79:05:55:18",
                "00:1A:79:17:0F:E6",
                "00:1A:79:1C:09:AA",
                "00:1A:79:25:3E:F9",
                "00:1A:79:36:DB:FA",
                "00:1A:79:39:48:41",
                "00:1A:79:3B:10:73",
                "00:1A:79:42:FA:50",
                "00:1A:79:45:45:AD",
                "00:1A:79:4D:17:5C",
                "00:1A:79:57:EA:CB",
                "00:1A:79:61:31:C0",
                "00:1A:79:71:9A:59",
                "00:1A:79:72:6E:1D",
                "00:1A:79:82:CB:44",
                "00:1A:79:AD:28:9D",
                "00:1A:79:B1:F3:7E",
                "00:1A:79:B7:B0:F1",
                "00:1A:79:C4:42:EF",
                "00:1A:79:C8:62:8C",
                "00:1A:79:CC:3D:BC",
                "00:1A:79:DD:2F:BD",
                "00:1A:79:E8:B5:EF",
                "00:1A:79:EC:24:42",
                "00:1A:79:EC:ED:3A",
                "00:1A:79:F1:F0:54"
            ]
        },
        {
            "server_name": "mag.trexlive.me",
            "server_url": "http://mag.trexlive.me/c/",
            "macs": [
                "00:1A:79:08:5A:8E",
                "00:1A:79:0F:6F:98",
                "00:1A:79:20:7C:B6",
                "00:1A:79:22:EB:C0",
                "00:1A:79:2A:08:BE",
                "00:1A:79:2A:69:9B",
                "00:1A:79:2B:DD:51",
                "00:1A:79:2D:63:E4",
                "00:1A:79:4D:11:F5",
                "00:1A:79:4F:E1:07",
                "00:1A:79:4F:E1:51",
                "00:1A:79:66:1B:50",
                "00:1A:79:94:CD:87",
                "00:1A:79:AC:8A:81",
                "00:1A:79:B0:CB:98",
                "00:1A:79:B4:C4:12",
                "00:1A:79:B4:E5:55",
                "00:1A:79:B4:E5:74",
                "00:1A:79:B8:34:C0",
                "00:1A:79:BC:68:60",
                "00:1A:79:F0:05:18",
                "00:1A:79:F0:05:1D",
                "00:1A:79:F0:05:27",
                "00:1A:79:F0:05:88"
            ]
        },
        {
            "server_name": "oktay-can-mdiya-hack.streamtv.to:8080",
            "server_url": "http://oktay-can-mdiya-hack.streamtv.to:8080/c/",
            "macs": [
                "00:1A:79:25:74:B4"
            ]
        },
        {
            "server_name": "stalker.ugoiptv.com",
            "server_url": "http://stalker.ugoiptv.com/c/",
            "macs": [
                "00:1A:79:01:F6:DD",
                "00:1A:79:1A:07:24",
                "00:1A:79:1C:0C:90",
                "00:1A:79:1D:CE:D0",
                "00:1A:79:2D:1A:76",
                "00:1A:79:67:B8:A4",
                "00:1A:79:6E:6B:0D",
                "00:1A:79:70:96:63",
                "00:1A:79:82:2F:A0",
                "00:1A:79:93:67:32",
                "00:1A:79:A5:51:90",
                "00:1A:79:B2:5C:30",
                "00:1A:79:C3:28:7B",
                "00:1A:79:C6:E3:7E",
                "00:1A:79:CC:54:E8",
                "00:1A:79:D1:54:EC",
                "00:1A:79:F0:10:17",
                "00:1A:79:F6:9E:67"
            ]
        },
        {
            "server_name": "p1.uiop.tv",
            "server_url": "http://p1.uiop.tv/stalker_portal/c/",
            "macs": [
                "00:1A:79:31:0D:AF",
                "00:1A:79:50:DC:ED",
                "00:1A:79:66:3E:FA",
                "00:1A:79:CE:37:91"
            ]
        }
    ]
}