{
    "items": [
        {
            "server_name": "mag.diamondma.club:80",
            "server_url": "http://mag.diamondma.club:80/c/",
            "macs": [
                "00:1A:79:00:AA:5E",
                "00:1A:79:01:B0:FF",
                "00:1A:79:02:A4:25",
                "00:1A:79:03:01:60",
                "00:1A:79:0E:1F:A6",
                "00:1A:79:11:DF:FF",
                "00:1A:79:34:3F:65",
                "00:1A:79:48:8A:51",
                "00:1A:79:68:0F:8B",
                "00:1A:79:84:08:5C",
                "00:1A:79:A2:06:5D",
                "00:1A:79:A6:48:57",
                "00:1A:79:BC:05:3B",
                "00:1A:79:BD:DA:D0",
                "00:1A:79:BF:F7:0D",
                "00:1A:79:D3:5A:51"
            ]
        },
        {
            "server_name": "195.128.249.99:8080",
            "server_url": "http://195.128.249.99:8080/c/",
            "macs": [
                "00:1A:79:BD:50:69"
            ]
        },
        {
            "server_name": "iptv.uktvglobal.com",
            "server_url": "http://iptv.uktvglobal.com/stalker_portal/c/",
            "macs": [
                "00:1A:79:F6:F5:F6"
            ]
        },
        {
            "server_name": "dns20.xyz",
            "server_url": "http://dns20.xyz/c/",
            "macs": [
                "00:1A:79:18:03:16",
                "00:1A:79:59:FA:68",
                "00:1A:79:A1:4D:9E",
                "00:1A:79:FA:3E:F9"
            ]
        },
        {
            "server_name": "planetiptv.online",
            "server_url": "http://planetiptv.online/c/",
            "macs": [
                "00:1A:79:77:37:B8",
                "00:1A:79:E4:69:4D"
            ]
        },
        {
            "server_name": "dhoom4u.me",
            "server_url": "http://dhoom4u.me/stalker_portal/c/",
            "macs": [
                "00:1A:79:B0:28:7D"
            ]
        },
        {
            "server_name": "tp.nxdns4.com:8080",
            "server_url": "http://tp.nxdns4.com:8080/c/",
            "macs": [
                "00:1A:79:78:F6:C3"
            ]
        },
        {
            "server_name": "pdata.ddns.me:8080",
            "server_url": "http://pdata.ddns.me:8080/c/",
            "macs": [
                "00:1A:79:1E:04:A1",
                "00:1A:79:34:27:F1",
                "00:1A:79:44:CB:C2",
                "00:1A:79:52:3B:7F",
                "00:1A:79:52:6E:0C",
                "00:1A:79:55:85:14",
                "00:1A:79:57:12:04",
                "00:1A:79:57:6F:C2",
                "00:1A:79:57:96:D4",
                "00:1A:79:5C:E3:2D",
                "00:1A:79:5E:85:97",
                "00:1A:79:6D:89:44",
                "00:1A:79:71:C6:E1",
                "00:1A:79:72:7E:28",
                "00:1A:79:7A:AB:CF",
                "00:1A:79:92:B4:AE",
                "00:1A:79:A3:B7:FD",
                "00:1A:79:A3:BE:53",
                "00:1A:79:A7:C7:A2",
                "00:1A:79:AA:B6:2F",
                "00:1A:79:AC:FE:71",
                "00:1A:79:AD:44:E7",
                "00:1A:79:AD:6B:B3",
                "00:1A:79:AE:8E:17",
                "00:1A:79:B0:94:5F",
                "00:1A:79:B0:A5:61",
                "00:1A:79:B1:EF:97",
                "00:1A:79:B2:3C:56",
                "00:1A:79:B2:88:3F",
                "00:1A:79:B2:8A:C9",
                "00:1A:79:B3:79:B7",
                "00:1A:79:B3:9F:21",
                "00:1A:79:B3:AC:83",
                "00:1A:79:B7:0C:2C",
                "00:1A:79:B7:9B:AE",
                "00:1A:79:B8:81:A0",
                "00:1A:79:B8:8F:5C",
                "00:1A:79:B9:DF:76",
                "00:1A:79:BA:5B:BA",
                "00:1A:79:BA:72:31",
                "00:1A:79:BA:83:EB",
                "00:1A:79:BA:B2:05",
                "00:1A:79:BB:0D:A7",
                "00:1A:79:BB:12:84",
                "00:1A:79:BB:14:F1",
                "00:1A:79:BC:CC:C0",
                "00:1A:79:BC:E2:BF",
                "00:1A:79:BC:E2:F4",
                "00:1A:79:BD:1A:19",
                "00:1A:79:BD:99:C8",
                "00:1A:79:C0:0A:0B",
                "00:1A:79:C1:B4:52",
                "00:1A:79:C2:85:6E",
                "00:1A:79:C2:91:24",
                "00:1A:79:C2:94:3E",
                "00:1A:79:C2:98:57",
                "00:1A:79:C3:24:CB",
                "00:1A:79:C3:57:40",
                "00:1A:79:C3:BA:24",
                "00:1A:79:C4:25:4F",
                "00:1A:79:C4:38:F9",
                "00:1A:79:C5:B9:BC",
                "00:1A:79:C6:1F:10",
                "00:1A:79:C6:4C:05",
                "00:1A:79:C7:8A:1C",
                "00:1A:79:C7:C3:43",
                "00:1A:79:C8:A0:8B",
                "00:1A:79:CB:0A:40",
                "00:1A:79:CB:15:C9",
                "00:1A:79:CB:59:FE",
                "00:1A:79:CB:A5:50",
                "00:1A:79:CC:06:03",
                "00:1A:79:CC:14:49",
                "00:1A:79:CD:1E:A5",
                "00:1A:79:CE:08:6C",
                "00:1A:79:D2:23:5C",
                "00:1A:79:D3:B6:65",
                "00:1A:79:D5:0F:17",
                "00:1A:79:FA:09:D5",
                "00:1A:79:FB:0E:D6",
                "00:1A:79:FB:1D:C2",
                "00:1A:79:FB:20:10",
                "00:1A:79:FB:26:C0",
                "00:1A:79:FB:2E:EA",
                "00:1A:79:FB:31:5C",
                "00:1A:79:FB:35:C5"
            ]
        },
        {
            "server_name": "optimus-tv.org:8080",
            "server_url": "http://optimus-tv.org:8080/c/",
            "macs": [
                "00:1A:79:07:BC:6C",
                "00:1A:79:10:3E:EA",
                "00:1A:79:10:40:D3",
                "00:1A:79:10:E3:65",
                "00:1A:79:3D:48:E8",
                "00:1A:79:6B:BD:48",
                "00:1A:79:6B:BE:DE",
                "00:1A:79:6E:2B:2A",
                "00:1A:79:76:FD:A4",
                "00:1A:79:AB:5C:9E",
                "00:1A:79:B2:0C:1A",
                "00:1A:79:BD:C2:AF",
                "00:1A:79:C6:AE:07"
            ]
        },
        {
            "server_name": "tvizle.nl:8080",
            "server_url": "http://tvizle.nl:8080/c/",
            "macs": [
                "00:1A:79:7B:AA:D8",
                "00:1A:79:B1:5E:79",
                "00:1A:79:B3:C4:9D",
                "00:1A:79:BA:CC:24",
                "00:1A:79:C0:0D:E4",
                "00:1A:79:C0:8A:56",
                "00:1A:79:C0:DE:28"
            ]
        },
        {
            "server_name": "pt.chape-shop.com:8080",
            "server_url": "http://pt.chape-shop.com:8080/c/",
            "macs": [
                "00:1A:79:CF:D5:D8"
            ]
        },
        {
            "server_name": "foxx-tv.com:8080",
            "server_url": "http://foxx-tv.com:8080/c/",
            "macs": [
                "00:1A:79:19:49:92",
                "00:1A:79:B5:D1:C4",
                "00:1A:79:BE:57:9D",
                "00:1A:79:C3:AF:78",
                "00:1A:79:CE:5A:6A",
                "00:1A:79:F1:AC:62",
                "00:1A:79:F1:B2:00",
                "00:1A:79:FB:1B:3B"
            ]
        },
        {
            "server_name": "st1.ipweb.site",
            "server_url": "http://st1.ipweb.site/stalker_portal/c/",
            "macs": [
                "00:1A:79:2D:EF:F6",
                "00:1A:79:35:99:DF",
                "00:1A:79:35:AE:67",
                "00:1A:79:38:23:71",
                "00:1A:79:3D:99:2D",
                "00:1A:79:42:E1:1E",
                "00:1A:79:47:D0:86",
                "00:1A:79:62:28:F1",
                "00:1A:79:64:C1:20",
                "00:1A:79:72:2D:F1",
                "00:1A:79:73:67:D8"
            ]
        },
        {
            "server_name": "45.139.122.199:8080",
            "server_url": "http://45.139.122.199:8080/c/",
            "macs": [
                "00:1A:79:43:09:0F",
                "00:1A:79:B5:19:82",
                "00:1A:79:B6:53:B7",
                "00:1A:79:B7:23:16",
                "00:1A:79:B7:2C:0A",
                "00:1A:79:BF:9B:FB"
            ]
        },
        {
            "server_name": "xispestv.site",
            "server_url": "http://xispestv.site/c/",
            "macs": [
                "00:1A:79:19:1D:2A",
                "00:1A:79:24:99:CB",
                "00:1A:79:3B:07:13",
                "00:1A:79:4C:F7:0B",
                "00:1A:79:54:99:6A",
                "00:1A:79:59:97:9D",
                "00:1A:79:5E:5F:F2",
                "00:1A:79:64:4D:75",
                "00:1A:79:6E:4D:80",
                "00:1A:79:78:DC:BC",
                "00:1A:79:79:0F:07",
                "00:1A:79:8D:09:8F",
                "00:1A:79:A1:EF:A9",
                "00:1A:79:B1:61:2F",
                "00:1A:79:B4:E9:18",
                "00:1A:79:B5:8D:D2",
                "00:1A:79:B7:CF:3C",
                "00:1A:79:C1:89:03",
                "00:1A:79:C3:02:72",
                "00:1A:79:C3:6D:73",
                "00:1A:79:C4:4D:29",
                "00:1A:79:C5:34:E4",
                "00:1A:79:C9:40:23",
                "00:1A:79:D2:29:1B",
                "00:1A:79:F2:28:EF"
            ]
        },
        {
            "server_name": "2a2b2.com",
            "server_url": "http://2a2b2.com/c/",
            "macs": [
                "00:1A:79:17:59:AF",
                "00:1A:79:20:4F:52",
                "00:1A:79:2B:8F:E9",
                "00:1A:79:36:23:0C",
                "00:1A:79:90:25:04",
                "00:1A:79:A2:F3:94",
                "00:1A:79:A7:A5:FD",
                "00:1A:79:C3:46:9D",
                "00:1A:79:D4:3F:C8"
            ]
        },
        {
            "server_name": "51.159.70.234",
            "server_url": "http://51.159.70.234/stalker_portal/c/",
            "macs": [
                "00:1A:79:00:37:19",
                "00:1A:79:00:E6:A4",
                "00:1A:79:00:E8:05",
                "00:1A:79:8F:8D:81",
                "00:1A:79:D5:0F:62"
            ]
        },
        {
            "server_name": "spectrum4k.pro:8080",
            "server_url": "http://spectrum4k.pro:8080/c/",
            "macs": [
                "00:1A:79:08:ED:C9",
                "00:1A:79:08:EF:65",
                "00:1A:79:3E:28:CD",
                "00:1A:79:80:F5:92",
                "00:1A:79:BC:EF:B3",
                "00:1A:79:D3:4A:69"
            ]
        },
        {
            "server_name": "185.50.148.2:88",
            "server_url": "http://185.50.148.2:88/stalker_portal/c/",
            "macs": [
                "00:1A:79:3B:8A:FA",
                "00:1A:79:C9:A4:07"
            ]
        },
        {
            "server_name": "185.129.1.249:88",
            "server_url": "http://185.129.1.249:88/stalker_portal/c/",
            "macs": [
                "00:1A:79:1E:AE:CA"
            ]
        },
        {
            "server_name": "mysp03.wanicelife.com:8880",
            "server_url": "http://mysp03.wanicelife.com:8880/c/",
            "macs": [
                "00:1A:79:6C:87:C9",
                "00:1A:79:6D:55:78"
            ]
        },
        {
            "server_name": "world.marvelhd.eu:8000",
            "server_url": "http://world.marvelhd.eu:8000/c/",
            "macs": [
                "00:1A:79:43:3F:7D",
                "00:1A:79:C3:B8:AA",
                "00:1A:79:C9:AA:3C"
            ]
        },
        {
            "server_name": "stb.homeiptv.org",
            "server_url": "http://stb.homeiptv.org/stalker_portal/c/",
            "macs": [
                "00:1A:79:02:74:70",
                "00:1A:79:02:76:68",
                "00:1A:79:02:77:CD",
                "00:1A:79:10:DE:7D"
            ]
        },
        {
            "server_name": "apkonrev.store:8080",
            "server_url": "http://apkonrev.store:8080/c/",
            "macs": [
                "00:1A:79:32:4A:3B",
                "00:1A:79:48:F2:40",
                "00:1A:79:5C:29:46"
            ]
        },
        {
            "server_name": "mag.redmytv.com",
            "server_url": "http://mag.redmytv.com/c/",
            "macs": [
                "00:1A:79:05:C2:54",
                "00:1A:79:BF:2A:C0"
            ]
        },
        {
            "server_name": "iptvch2.com",
            "server_url": "http://iptvch2.com/c/",
            "macs": [
                "00:1A:79:36:C3:6C",
                "00:1A:79:50:B4:0B",
                "00:1A:79:58:8A:BA",
                "00:1A:79:6A:42:8E",
                "00:1A:79:B4:4C:91",
                "00:1A:79:ED:B7:11"
            ]
        },
        {
            "server_name": "redima.pro:8880",
            "server_url": "http://redima.pro:8880/c/",
            "macs": [
                "00:1A:79:0D:1B:76",
                "00:1A:79:CF:8F:83"
            ]
        },
        {
            "server_name": "31.42.176.59",
            "server_url": "http://31.42.176.59/c/",
            "macs": [
                "00:1A:79:26:71:D1",
                "00:1A:79:73:8E:06",
                "00:1A:79:7A:29:FD",
                "00:1A:79:7B:F2:2C"
            ]
        },
        {
            "server_name": "4kplus.org",
            "server_url": "http://4kplus.org/c/",
            "macs": [
                "00:1A:79:1E:0F:CD",
                "00:1A:79:2C:1F:1C",
                "00:1A:79:31:1F:0C",
                "00:1A:79:5B:D6:7D",
                "00:1A:79:69:4F:E0",
                "00:1A:79:90:43:85",
                "00:1A:79:A9:75:EA",
                "00:1A:79:AB:E5:7C"
            ]
        },
        {
            "server_name": "brokentv.rip:8080",
            "server_url": "http://brokentv.rip:8080/c/",
            "macs": [
                "00:1A:79:A2:EF:E1",
                "00:1A:79:A9:F2:DB",
                "00:1A:79:AB:65:5E",
                "00:1A:79:AC:DA:13",
                "00:1A:79:AD:AA:F2",
                "00:1A:79:B0:34:C5",
                "00:1A:79:B1:49:B5",
                "00:1A:79:B2:15:C3",
                "00:1A:79:B5:18:02",
                "00:1A:79:B5:D1:E7",
                "00:1A:79:BC:EF:29",
                "00:1A:79:BD:3C:18",
                "00:1A:79:BE:80:9B"
            ]
        }
    ]
}