{
    "items": [
        {
            "server_name": "tv.premiumplus.tv",
            "server_url": "http://tv.premiumplus.tv/c/",
            "macs": [
                "00:1A:79:AB:D4:6F",
                "00:1A:79:AD:15:67",
                "00:1A:79:D4:87:F4"
            ]
        },
        {
            "server_name": "new.ivue.co:25461",
            "server_url": "http://new.ivue.co:25461/c/",
            "macs": [
                "00:1A:79:21:88:11",
                "00:1A:79:4E:FE:D4",
                "00:1A:79:6B:D1:56",
                "00:1A:79:77:75:B1",
                "00:1A:79:A6:48:92",
                "00:1A:79:E3:2D:5D"
            ]
        },
        {
            "server_name": "mag.greatott.me",
            "server_url": "http://mag.greatott.me/c/",
            "macs": [
                "00:1A:79:39:0F:9F",
                "00:1A:79:39:12:82",
                "00:1A:79:58:FD:79",
                "00:1A:79:6F:BD:28",
                "00:1A:79:7F:10:B7",
                "00:1A:79:8F:EC:BC",
                "00:1A:79:A8:94:3D",
                "00:1A:79:C6:74:D2",
                "00:1A:79:D8:D5:9C",
                "00:1A:79:ED:34:84",
                "00:1A:79:F3:E7:FD"
            ]
        },
        {
            "server_name": "mag.ukhd.tv",
            "server_url": "http://mag.ukhd.tv/c/",
            "macs": [
                "00:1A:79:53:BD:85",
                "00:1A:79:56:94:CE",
                "00:1A:79:56:C8:43",
                "00:1A:79:6D:89:10",
                "00:1A:79:6E:78:00",
                "00:1A:79:A4:2F:F9",
                "00:1A:79:AA:E7:5D",
                "00:1A:79:B1:E3:11",
                "00:1A:79:FB:3F:67"
            ]
        },
        {
            "server_name": "speed-gaz.xyz",
            "server_url": "http://speed-gaz.xyz/c/",
            "macs": [
                "00:1A:79:A7:C9:18",
                "00:1A:79:A9:1B:DA",
                "00:1A:79:AC:CD:62",
                "00:1A:79:AE:9E:99",
                "00:1A:79:BC:45:13",
                "00:1A:79:C1:BB:2F"
            ]
        },
        {
            "server_name": "mag.marsweb.co",
            "server_url": "http://mag.marsweb.co/c/",
            "macs": [
                "00:1A:79:51:20:5E",
                "00:1A:79:BA:92:DE",
                "00:1A:79:BD:A5:8E",
                "00:1A:79:C4:9C:0A",
                "00:1A:79:CB:8B:C2",
                "00:1A:79:CF:71:B5",
                "00:1A:79:D8:48:0E"
            ]
        },
        {
            "server_name": "mag.premiumplus.tv",
            "server_url": "http://mag.premiumplus.tv/c/",
            "macs": [
                "00:1A:79:5C:EF:0F",
                "00:1A:79:BB:2C:54",
                "00:1A:79:E3:63:F8"
            ]
        },
        {
            "server_name": "mag.trexlive.me:8000",
            "server_url": "http://mag.trexlive.me:8000/c/",
            "macs": [
                "00:1A:79:32:C2:4C",
                "00:1A:79:40:3C:D9",
                "00:1A:79:75:6C:D1",
                "00:1A:79:85:2F:84",
                "00:1A:79:AE:7F:B1",
                "00:1A:79:C1:2E:D8",
                "00:1A:79:E6:A6:13",
                "00:1A:79:EB:96:D6"
            ]
        },
        {
            "server_name": "hellas.sltv.pw:8080",
            "server_url": "http://hellas.sltv.pw:8080/c/",
            "macs": [
                "00:1A:79:00:13:45",
                "00:1A:79:29:E6:86",
                "00:1A:79:37:00:5B",
                "00:1A:79:55:02:05",
                "00:1A:79:79:67:D1",
                "00:1A:79:AA:B7:38",
                "00:1A:79:BA:4B:E9",
                "00:1A:79:BA:B0:7B",
                "00:1A:79:BA:C0:7D",
                "00:1A:79:BF:71:35",
                "00:1A:79:C6:FA:68"
            ]
        },
        {
            "server_name": "cbrlig.com:8080",
            "server_url": "http://cbrlig.com:8080/c/",
            "macs": [
                "00:1A:79:BB:3E:BC",
                "00:1A:79:FA:5F:9F"
            ]
        },
        {
            "server_name": "tvkijken.xyz:8080",
            "server_url": "http://tvkijken.xyz:8080/c/",
            "macs": [
                "00:1A:79:5D:AB:09"
            ]
        },
        {
            "server_name": "invale.parti",
            "server_url": "http://invale.parti/c/",
            "macs": [
                "00:1A:79:53:2A:57",
                "00:1A:79:AD:27:7B",
                "00:1A:79:CD:10:01"
            ]
        },
        {
            "server_name": "tv.greatstar.me",
            "server_url": "http://tv.greatstar.me/c/",
            "macs": [
                "00:1A:79:05:A4:1F",
                "00:1A:79:2E:89:A9",
                "00:1A:79:37:A7:85",
                "00:1A:79:68:8B:DF",
                "00:1A:79:6F:97:FB",
                "00:1A:79:73:B8:DA",
                "00:1A:79:79:C0:3D",
                "00:1A:79:8C:01:B3",
                "00:1A:79:AF:06:1B",
                "00:1A:79:B7:B5:A2",
                "00:1A:79:D6:A0:E4"
            ]
        },
        {
            "server_name": "145.239.253.183",
            "server_url": "http://145.239.253.183/stalker_portal/c/",
            "macs": [
                "00:1A:79:4F:C9:4D"
            ]
        },
        {
            "server_name": "desivicky.pktv.me",
            "server_url": "http://desivicky.pktv.me/c/",
            "macs": [
                "00:1A:79:58:57:EC"
            ]
        },
        {
            "server_name": "digitalmobile.live:8080",
            "server_url": "http://digitalmobile.live:8080/c/",
            "macs": [
                "00:1A:79:BD:0C:D0",
                "00:1A:79:C5:4E:82"
            ]
        },
        {
            "server_name": "185.243.7.154",
            "server_url": "http://185.243.7.154/c/",
            "macs": [
                "00:1A:79:09:5A:84",
                "00:1A:79:10:88:00",
                "00:1A:79:1F:6F:94",
                "00:1A:79:76:94:59",
                "00:1A:79:B3:67:14",
                "00:1A:79:BA:1C:21",
                "00:1A:79:D2:99:7A",
                "00:1A:79:E6:C6:1E"
            ]
        },
        {
            "server_name": "tv.trexiptv.com",
            "server_url": "http://tv.trexiptv.com/c/",
            "macs": [
                "00:1A:79:78:EE:2F"
            ]
        },
        {
            "server_name": "wtc05.mi20.cc",
            "server_url": "http://wtc05.mi20.cc/stalker_portal/c/",
            "macs": [
                "00:1A:79:77:25:89",
                "00:1A:79:77:27:D2",
                "00:1A:79:79:25:A7"
            ]
        }
    ]
}