{
    "items": [
        {
            "server_name": "rapid-4k.com",
            "server_url": "http://rapid-4k.com/c/",
            "macs": [
                "00:1A:79:33:35:26",
                "00:1A:79:49:0D:70",
                "00:1A:79:49:63:E1",
                "00:1A:79:59:E1:E5",
                "00:1A:79:5C:ED:DB",
                "00:1A:79:5E:D6:A5",
                "00:1A:79:62:9B:E3",
                "00:1A:79:76:4A:31",
                "00:1A:79:9A:14:E2",
                "00:1A:79:A2:88:D8",
                "00:1A:79:A2:D6:23",
                "00:1A:79:A5:C5:87",
                "00:1A:79:A7:71:05",
                "00:1A:79:A8:6A:A1",
                "00:1A:79:A8:6B:0C",
                "00:1A:79:A8:9B:A1",
                "00:1A:79:A9:46:30",
                "00:1A:79:AC:0F:0A",
                "00:1A:79:AC:8E:9B",
                "00:1A:79:AC:AA:00",
                "00:1A:79:B0:D3:1B",
                "00:1A:79:B1:12:8C",
                "00:1A:79:B8:6C:A8",
                "00:1A:79:EE:24:B6",
                "00:1A:79:F0:0B:73",
                "00:1A:79:F5:26:44"
            ]
        },
        {
            "server_name": "pdata.ddns.me:8080",
            "server_url": "http://pdata.ddns.me:8080/c/",
            "macs": [
                "00:1A:79:1E:04:E2",
                "00:1A:79:1E:3A:3B",
                "00:1A:79:33:B9:25",
                "00:1A:79:38:2F:8F",
                "00:1A:79:4C:A4:DB",
                "00:1A:79:4F:2F:8B",
                "00:1A:79:51:6B:ED",
                "00:1A:79:57:8E:C8",
                "00:1A:79:5D:7E:FC",
                "00:1A:79:66:C4:8B",
                "00:1A:79:71:19:67",
                "00:1A:79:A2:C5:34",
                "00:1A:79:A4:33:9A",
                "00:1A:79:A7:DA:6D",
                "00:1A:79:A9:CD:14",
                "00:1A:79:AA:BB:9A",
                "00:1A:79:AB:36:5D",
                "00:1A:79:AC:F7:4C",
                "00:1A:79:AC:FB:A8",
                "00:1A:79:AE:A9:84",
                "00:1A:79:B0:DC:01",
                "00:1A:79:B0:DC:AC",
                "00:1A:79:B2:18:07",
                "00:1A:79:B2:42:27",
                "00:1A:79:B3:11:42",
                "00:1A:79:B3:12:F8",
                "00:1A:79:B7:7F:7B",
                "00:1A:79:B9:12:F0",
                "00:1A:79:BA:2F:12",
                "00:1A:79:BB:F9:93",
                "00:1A:79:BC:FD:5C",
                "00:1A:79:BD:3D:87",
                "00:1A:79:BF:3C:E2",
                "00:1A:79:BF:47:EB",
                "00:1A:79:BF:58:D0",
                "00:1A:79:BF:6B:32",
                "00:1A:79:BF:8C:8B",
                "00:1A:79:BF:ED:67",
                "00:1A:79:C0:00:EE",
                "00:1A:79:C0:7E:2B",
                "00:1A:79:C0:B0:8E",
                "00:1A:79:C1:C9:86",
                "00:1A:79:C2:88:77",
                "00:1A:79:C2:90:3A",
                "00:1A:79:C3:35:F2",
                "00:1A:79:C3:BD:9D",
                "00:1A:79:C4:1E:3B",
                "00:1A:79:C6:40:93",
                "00:1A:79:C6:C4:60",
                "00:1A:79:C7:72:55",
                "00:1A:79:C7:EC:D1",
                "00:1A:79:C8:13:E9",
                "00:1A:79:C8:15:34",
                "00:1A:79:C8:54:22",
                "00:1A:79:C8:5D:4A",
                "00:1A:79:C8:69:73",
                "00:1A:79:CA:0A:A3",
                "00:1A:79:CA:CE:3E",
                "00:1A:79:CA:E0:CF",
                "00:1A:79:CA:F2:04",
                "00:1A:79:CA:F5:59",
                "00:1A:79:CB:58:34",
                "00:1A:79:CC:23:89",
                "00:1A:79:CC:FA:F5",
                "00:1A:79:CD:F3:06",
                "00:1A:79:D2:1E:EB",
                "00:1A:79:D3:B1:6A",
                "00:1A:79:FA:02:F4",
                "00:1A:79:FB:01:14",
                "00:1A:79:FB:03:7C",
                "00:1A:79:FB:07:0E",
                "00:1A:79:FB:31:5F",
                "00:1A:79:FB:34:EE"
            ]
        },
        {
            "server_name": "185.243.7.51",
            "server_url": "http://185.243.7.51/c/",
            "macs": [
                "00:1A:79:1E:07:40",
                "00:1A:79:45:97:BA",
                "00:1A:79:87:74:E3",
                "00:1A:79:8D:46:18",
                "00:1A:79:9E:52:74",
                "00:1A:79:FB:17:E6"
            ]
        },
        {
            "server_name": "planetiptv.online",
            "server_url": "http://planetiptv.online/c/",
            "macs": [
                "00:1A:79:AC:1D:96",
                "00:1A:79:B5:6D:98"
            ]
        },
        {
            "server_name": "10431-plan.ott-cdn.me",
            "server_url": "http://10431-plan.ott-cdn.me/c/",
            "macs": [
                "00:1A:79:05:E0:8B",
                "00:1A:79:F3:B5:0A"
            ]
        },
        {
            "server_name": "195.128.249.99:8080",
            "server_url": "http://195.128.249.99:8080/c/",
            "macs": [
                "00:1A:79:C5:67:B3"
            ]
        },
        {
            "server_name": "51.159.70.234",
            "server_url": "http://51.159.70.234/stalker_portal/c/",
            "macs": [
                "00:1A:79:0E:B6:C2",
                "00:1A:79:18:81:BF",
                "00:1A:79:4C:D7:8D",
                "00:1A:79:5E:4C:87",
                "00:1A:79:62:E0:54",
                "00:1A:79:63:FE:AD",
                "00:1A:79:6A:96:12",
                "00:1A:79:6A:9B:01",
                "00:1A:79:6E:60:41",
                "00:1A:79:7D:44:54",
                "00:1A:79:8A:ED:39",
                "00:1A:79:90:60:0C",
                "00:1A:79:98:81:1A",
                "00:1A:79:B1:56:CB",
                "00:1A:79:E7:3E:59"
            ]
        },
        {
            "server_name": "ibrafr.com:8789",
            "server_url": "http://ibrafr.com:8789/c/",
            "macs": [
                "00:1A:79:41:49:0D",
                "00:1A:79:51:EE:72",
                "00:1A:79:54:76:A2",
                "00:1A:79:5C:97:76",
                "00:1A:79:73:6F:44",
                "00:1A:79:73:87:67",
                "00:1A:79:C1:9A:60",
                "00:1A:79:F1:FA:D8"
            ]
        }
    ]
}