{
    "items": [
        {
            "server_name": "mol-2.com:8080",
            "server_url": "http://mol-2.com:8080/c/",
            "macs": [
                "00:1A:79:0D:3E:5B",
                "00:1A:79:22:1F:09",
                "00:1A:79:4C:5B:09",
                "00:1A:79:50:29:30",
                "00:1A:79:50:4C:D7",
                "00:1A:79:6F:B2:E5",
                "00:1A:79:9B:AE:59",
                "00:1A:79:A3:B7:2C",
                "00:1A:79:A3:C0:31",
                "00:1A:79:A4:53:A8",
                "00:1A:79:A7:E4:26",
                "00:1A:79:B1:5F:84",
                "00:1A:79:B5:C7:C3",
                "00:1A:79:B9:06:F6",
                "00:1A:79:B9:1D:FC",
                "00:1A:79:B9:AC:B3",
                "00:1A:79:B9:AD:6F",
                "00:1A:79:BB:15:D1",
                "00:1A:79:BF:65:2A",
                "00:1A:79:C2:96:D1",
                "00:1A:79:C3:49:4F",
                "00:1A:79:C3:B0:DB",
                "00:1A:79:C5:BD:6D",
                "00:1A:79:C7:B9:A6",
                "00:1A:79:CB:0B:A7",
                "00:1A:79:CE:45:C3",
                "00:1A:79:DA:4F:01",
                "00:1A:79:FA:03:75",
                "00:1A:79:FB:04:29",
                "00:1A:79:FB:12:00",
                "00:1A:79:FB:23:36",
                "00:1A:79:FB:3D:3E",
                "00:1A:79:FB:3F:47"
            ]
        },
        {
            "server_name": "62.182.83.91:80",
            "server_url": "http://62.182.83.91:80/c/",
            "macs": [
                "00:1A:79:BB:E5:D8",
                "00:1A:79:DE:6F:73"
            ]
        },
        {
            "server_name": "tv.pro-ott.com:80",
            "server_url": "http://tv.pro-ott.com:80/c/",
            "macs": [
                "00:1A:79:2F:0C:4B",
                "00:1A:79:71:6F:75"
            ]
        },
        {
            "server_name": "2a2b2.com:80",
            "server_url": "http://2a2b2.com:80/c/",
            "macs": [
                "00:1A:79:17:59:AF",
                "00:1A:79:20:4F:52",
                "00:1A:79:2B:8F:E9",
                "00:1A:79:36:23:0C",
                "00:1A:79:90:25:04",
                "00:1A:79:A2:F3:94",
                "00:1A:79:A7:A5:FD",
                "00:1A:79:C3:46:9D",
                "00:1A:79:D4:3F:C8"
            ]
        },
        {
            "server_name": "runn3r.runn3r123.co:8080",
            "server_url": "http://runn3r.runn3r123.co:8080/c/",
            "macs": [
                "00:1A:79:50:42:BF"
            ]
        },
        {
            "server_name": "promaxhd.com:8080",
            "server_url": "http://promaxhd.com:8080/c/",
            "macs": [
                "00:1A:79:42:50:4E"
            ]
        },
        {
            "server_name": "neroiptv.xyz:8080",
            "server_url": "http://neroiptv.xyz:8080/c/",
            "macs": [
                "00:1A:79:2D:D8:FA",
                "00:1A:79:64:64:64",
                "00:1A:79:7A:B5:34",
                "00:1A:79:A6:F6:7C",
                "00:1A:79:AA:BA:5A",
                "00:1A:79:BF:2D:BD",
                "00:1A:79:C0:10:13"
            ]
        }
    ]
}