{
    "items": [
        {
            "server_name": "ibrafr.com:8789",
            "server_url": "http://ibrafr.com:8789/c/",
            "macs": [
                "00:1A:79:46:FB:7D"
            ]
        },
        {
            "server_name": "pointpython.streamtv.to:8080",
            "server_url": "http://pointpython.streamtv.to:8080/c/",
            "macs": [
                "00:1A:79:55:5E:9A",
                "00:1A:79:C4:5F:B6",
                "00:1A:79:D1:9E:54"
            ]
        },
        {
            "server_name": "mag.ukhd.tv",
            "server_url": "http://mag.ukhd.tv/c/",
            "macs": [
                "00:1A:79:1E:0F:C8",
                "00:1A:79:D3:B1:E4",
                "00:1A:79:C0:0F:C9",
                "00:1A:79:3A:A1:6B",
                "00:1A:79:51:73:29",
                "00:1A:79:D6:7F:A7",
                "00:1A:79:68:1F:B7",
                "00:1A:79:B0:A5:20",
                "00:1A:79:A4:0F:A8"
            ]
        },
        {
            "server_name": "line.iptveros.com:8000",
            "server_url": "http://line.iptveros.com:8000/c/",
            "macs": [
                "00:1A:79:C3:C9:B8",
                "00:1A:79:0D:75:8C",
                "00:1A:79:F8:75:52",
                "00:1A:79:B5:AD:10"
            ]
        },
        {
            "server_name": "mutant.arrox.top:80",
            "server_url": "http://mutant.arrox.top:80/c/",
            "macs": [
                "00:1A:79:00:59:53",
                "00:1A:79:d2:e0:75",
                "00:1A:79:88:0b:ef",
                "00:1A:79:09:56:bd",
                "00:1A:79:ba:30:5d",
                "00:1A:79:ce:38:6b",
                "00:1A:79:0f:92:4d",
                "00:1A:79:0f:92:4d",
                "00:1A:79:37:2e:ca"
            ]
        },
        {
            "server_name": "1234up.com:8080",
            "server_url": "http://1234up.com:8080/c/",
            "macs": [
                "00:1a:79:a9:26:7b",
                "00:1a:79:14:2e:3f",
                "00:1a:79:cc:fc:2a",
                "00:1a:79:0e:37:f0",
                "00:1a:79:c8:06:8d",
                "00:1a:79:c5:4c:c1",
                "00:1a:79:19:9a:07",
                "00:1a:79:25:17:26",
                "00:1a:79:fb:21:dc",
                "00:1a:79:4c:4f:fb",
                "00:1a:79:c7:9b:4a",
                "00:1a:79:24:14:cb",
                "00:1a:79:7c:4c:18",
                "00:1a:79:72:40:40",
                "00:1a:79:c8:6b:e8"
            ]
        },
        {
            "server_name": "jt-info.xyz",
            "server_url": "http://jt-info.xyz/c/",
            "macs": [
                "00:1A:79:37:AE:37",
                "00:1A:79:4F:A7:DC",
                "00:1A:79:B4:E7:DB"
            ]
        },
        {
            "server_name": "apksmart.dino.ws",
            "server_url": "http://apksmart.dino.ws/c/",
            "macs": [
                "00:1A:79:B5:69:3A",
                "00:1A:79:33:BD:70"
            ]
        },
        {
            "server_name": "cbrlig.com:8080",
            "server_url": "http://cbrlig.com:8080/c/",
            "macs": [
                "00:1A:79:38:2D:E4",
                "00:1A:79:CD:1F:23",
                "00:1A:79:7B:F2:8A"
            ]
        },
        {
            "server_name": "speed-gaz.xyz",
            "server_url": "http://speed-gaz.xyz/c/",
            "macs": [
                "00:1A:79:A2:E7:E5",
                "00:1A:79:CB:8C:DD",
                "00:1A:79:A6:F3:33"
            ]
        },
        {
            "server_name": "safetv.vip:8080",
            "server_url": "http://safetv.vip:8080/c/",
            "macs": [
                "00:1A:79:BC:36:09"
            ]
        },
        {
            "server_name": "sotu.ws:26928",
            "server_url": "http://sotu.ws:26928/c/",
            "macs": [
                "00:1A:79:38:22:2A"
            ]
        },
        {
            "server_name": "vip2102.112421.net:2050",
            "server_url": "http://vip2102.112421.net:2050/c/",
            "macs": [
                "00:1A:79:1D:3A:2A"
            ]
        },
        {
            "server_name": "anonymoustv.club",
            "server_url": "http://anonymoustv.club/c/",
            "macs": [
                "00:1A:79:00:20:6C"
            ]
        },
        {
            "server_name": "ip.plat.cx:8080",
            "server_url": "http://ip.plat.cx:8080/c/",
            "macs": [
                "00:1A:79:aa:57:f5",
                "00:1A:79:a7:dc:97",
                "00:1A:79:ad:fe:d9",
                "00:1A:79:c6:d1:02",
                "00:1A:79:ab:5d:f5"
            ]
        }
    ]
}