{
    "items": [
        {
            "server_name": "mutant.arrox.top:80",
            "server_url": "http://mutant.arrox.top:80/c/",
            "macs": [
                "00:1A:79:19:21:82",
                "00:1A:79:BF:F9:BE",
                "00:1A:79:0B:B6:0D",
                "00:1A:79:46:8C:F8"
            ]
        },
        {
            "server_name": "catirtv.ddns.me:8080",
            "server_url": "http://catirtv.ddns.me:8080/c/",
            "macs": [
                "00:1A:79:76:77:40"
            ]
        },
        {
            "server_name": "7.iptv11.is:80",
            "server_url": "http://7.iptv11.is:80/c/",
            "macs": [
                "00:1a:79:00:00:00"
            ]
        },
        {
            "server_name": "www.jadobox.eu:8000",
            "server_url": "http://www.jadobox.eu:8000/c/",
            "macs": [
                "00:1A:79:17:01:AA"
            ]
        },
        {
            "server_name": "iup-tv.com:8080",
            "server_url": "http://iup-tv.com:8080/c/",
            "macs": [
                "00:1A:79:51:7B:65"
            ]
        },
        {
            "server_name": "cortexpro.online:8080",
            "server_url": "http://cortexpro.online:8080/c/",
            "macs": [
                "00:1A:79:01:81:31"
            ]
        }
    ]
}