{
    "items": [
        {
            "server_name": "eagle2024.xyz:8080",
            "server_url": "http://eagle2024.xyz:8080/c/",
            "macs": [
                "00:1A:79:3B:02:1C",
                "00:1A:79:57:A3:1B",
                "00:1A:79:74:B8:2D",
                "00:1A:79:BF:AC:55",
                "00:1A:79:43:9D:A0"
            ]
        },
        {
            "server_name": "pal.alphatx.me:80",
            "server_url": "http://pal.alphatx.me:80/c/",
            "macs": [
                "00:1A:79:A3:BB:09"
            ]
        }
    ]
}