{
    "items": [
        {
            "server_name": "mtiede.one:8080",
            "server_url": "http://mtiede.one:8080/c/",
            "macs": [
                "00:1A:79:03:b9:04"
            ]
        },
        {
            "server_name": "red.onlvip.com:80",
            "server_url": "http://red.onlvip.com:80/c/",
            "macs": [
                "00:1A:79:AB:B3:90"
            ]
        },
        {
            "server_name": "mag.premiumplus.tv:80",
            "server_url": "http://mag.premiumplus.tv:80/c/",
            "macs": [
                "00:1A:79:0b:bd:c7",
                "00:1A:79:18:73:f4"
            ]
        },
        {
            "server_name": "b1.oxoplus1.com:8080",
            "server_url": "http://b1.oxoplus1.com:8080/c/",
            "macs": [
                "00:1A:79:46:7b:07"
            ]
        },
        {
            "server_name": "line.godofiptv.com",
            "server_url": "http://line.godofiptv.com/c/",
            "macs": [
                "00:1A:79:9F:58:FA"
            ]
        },
        {
            "server_name": "magonlyx.abcott.me:80",
            "server_url": "http://magonlyx.abcott.me:80/c/",
            "macs": [
                "00:1A:79:18:1A:23",
                "00:1A:79:18:08:82"
            ]
        },
        {
            "server_name": "mutant.arrox.top:80",
            "server_url": "http://mutant.arrox.top:80/c/",
            "macs": [
                "00:1A:79:55:83:6d",
                "00:1A:79:cd:f3:8d",
                "00:1A:79:4c:ef:e8",
                "00:1A:79:c0:8d:04"
            ]
        },
        {
            "server_name": "mag.ukhd.tv:80",
            "server_url": "http://mag.ukhd.tv:80/c/",
            "macs": [
                "00:1A:79:11:0F:65",
                "00:1A:79:11:0F:DC",
                "00:1A:79:11:4F:31",
                "00:1A:79:11:4F:D6"
            ]
        },
        {
            "server_name": "promaxhd.com:8080",
            "server_url": "http://promaxhd.com:8080/c/",
            "macs": [
                "00:1a:79:b0:bc:6c",
                "00:1a:79:a5:98:48"
            ]
        },
        {
            "server_name": "hdmiclub.online:8080",
            "server_url": "http://hdmiclub.online:8080/c/",
            "macs": [
                "00:1A:79:4E:65:C6",
                "00:1A:79:B4:32:AB",
                "00:1A:79:C1:B8:F9"
            ]
        },
        {
            "server_name": "ledir.thund.re:80",
            "server_url": "http://ledir.thund.re:80/c/",
            "macs": [
                "00:1A:79:22:14:F3"
            ]
        },
        {
            "server_name": "pdata.ddns.me:8080",
            "server_url": "http://pdata.ddns.me:8080/c/",
            "macs": [
                "00:1A:79:C2:93:36",
                "00:1A:79:19:3E:AB",
                "00:1A:79:17:24:6F"
            ]
        },
        {
            "server_name": "wildversion.com",
            "server_url": "http://wildversion.com/c/",
            "macs": [
                "00:1A:79:2F:66:88",
                "00:1A:79:6C:A0:D1",
                "00:1A:79:8D:1D:A2"
            ]
        },
        {
            "server_name": "mag.king-4k.cc",
            "server_url": "http://mag.king-4k.cc/c/",
            "macs": [
                "00:1A:79:71:13:E9",
                "00:1A:79:BF:E9:96",
                "00:1A:79:77:8E:29",
                "00:1A:79:BB:DE:E5",
                "00:1A:79:47:46:5C",
                "00:1A:79:FA:04:E7",
                "00:1A:79:2F:35:D0",
                "00:1A:79:4C:5A:E0",
                "00:1A:79:04:FB:57",
                "00:1A:79:1F:8F:9F",
                "00:1A:79:A5:23:F6",
                "00:1A:79:74:9B:A7",
                "00:1A:79:62:BB:52",
                "00:1A:79:51:EB:20",
                "00:1A:79:02:2F:D9",
                "00:1A:79:7A:FB:63",
                "00:1A:79:46:75:BB",
                "00:1A:79:C3:2F:7F",
                "00:1A:79:C5:41:98",
                "00:1A:79:B4:F0:4F",
                "00:1A:79:17:01:63",
                "00:1A:79:32:39:30",
                "00:1A:79:00:09:9D",
                "00:1A:79:B6:DB:15",
                "00:1A:79:28:A2:98",
                "00:1A:79:22:04:4E",
                "00:1A:79:C4:13:E2",
                "00:1A:79:E6:B6:03",
                "00:1A:79:3F:28:9B",
                "00:1A:79:44:0E:A5",
                "00:1A:79:4C:A1:0E"
            ]
        },
        {
            "server_name": "mutant.arrox.top",
            "server_url": "http://mutant.arrox.top/c/",
            "macs": [
                "00:1A:79:F7:E0:73",
                "00:1A:79:6E:16:E4"
            ]
        },
        {
            "server_name": "pdata.ddns.me:8080",
            "server_url": "http://pdata.ddns.me:8080/c/",
            "macs": [
                "00:1A:79:C5:E4:1F",
                "00:1A:79:CC:56:7E",
                "00:1A:79:B1:68:DE",
                "00:1A:79:D0:DE:A8"
            ]
        },
        {
            "server_name": "wtc05.mi20.cc",
            "server_url": "http://wtc05.mi20.cc/stalker_portal/c/",
            "macs": [
                "00:1A:79:E5:3B:C9",
                "00:1A:79:F1:E4:E7",
                "00:1A:79:77:F1:C0"
            ]
        },
        {
            "server_name": "line.godofiptv.com",
            "server_url": "http://line.godofiptv.com/c/",
            "macs": [
                "00:1A:79:E4:C7:CA",
                "00:1A:79:C0:09:30",
                "00:1A:79:90:22:5E",
                "00:1A:79:00:19:75",
                "00:1A:79:54:EC:70",
                "00:1A:79:76:6A:A4",
                "00:1A:79:BE:CC:20",
                "00:1A:79:76:35:A7",
                "00:1A:79:57:9F:6E",
                "00:1A:79:FB:18:BA",
                "00:1A:79:4D:0C:26",
                "00:1A:79:CD:F2:76",
                "00:1A:79:61:E3:2D",
                "00:1A:79:E9:DF:E3",
                "00:1A:79:6D:6F:9E",
                "00:1A:79:66:2F:23",
                "00:1A:79:92:09:AE"
            ]
        },
        {
            "server_name": "birutivi.my.id:80",
            "server_url": "http://birutivi.my.id:80/c/",
            "macs": [
                "00:1a:79:4f:8a:26",
                "00:1a:79:2f:eb:0c"
            ]
        },
        {
            "server_name": "200.26.188.39:80",
            "server_url": "http://200.26.188.39:80/c/",
            "macs": [
                "00:1A:79:f0:10:57"
            ]
        },
        {
            "server_name": "4k.jazztv.me",
            "server_url": "http://4k.jazztv.me/stalker_portal/c/",
            "macs": [
                "00:1A:79:65:B6:8B"
            ]
        },
        {
            "server_name": "smart4k.cc",
            "server_url": "http://smart4k.cc/stalker_portal/c/",
            "macs": [
                "00:1A:79:F0:20:40"
            ]
        },
        {
            "server_name": "royal.rfdte99.com:8080",
            "server_url": "http://royal.rfdte99.com:8080/c/",
            "macs": [
                "00:1A:79:04:46:F7",
                "00:1A:79:43:AF:0B"
            ]
        },
        {
            "server_name": "red.onlvip.com:80",
            "server_url": "http://red.onlvip.com:80/c/",
            "macs": [
                "00:1A:79:AB:B3:90",
                "00:1A:79:4C:06:3C",
                "00:1A:79:57:5E:D0",
                "00:1A:79:4C:0A:42"
            ]
        },
        {
            "server_name": "51.91.57.198",
            "server_url": "http://51.91.57.198/stalker_portal/c/",
            "macs": [
                "00:1A:79:64:37:68"
            ]
        },
        {
            "server_name": "medotv.nl:8000",
            "server_url": "http://medotv.nl:8000/c/",
            "macs": [
                "00:1A:79:4E:2E:CD"
            ]
        },
        {
            "server_name": "mag.ukhd.tv:80",
            "server_url": "http://mag.ukhd.tv:80/c/",
            "macs": [
                "00:1A:79:0E:13:ED",
                "00:1A:79:0E:18:5F",
                "00:1A:79:0E:5F:88",
                "00:1A:79:0E:7F:46",
                "00:1A:79:11:0F:65",
                "00:1A:79:10:7F:CF",
                "00:1A:79:11:0F:70",
                "00:1A:79:11:1F:84",
                "00:1A:79:11:0F:EA",
                "00:1A:79:11:2F:55",
                "00:1A:79:11:3F:08",
                "00:1A:79:11:0F:DC",
                "00:1A:79:10:92:22",
                "00:1A:79:11:4F:31"
            ]
        },
        {
            "server_name": "mutant.arrox.top:80",
            "server_url": "http://mutant.arrox.top:80/c/",
            "macs": [
                "00:1A:79:55:83:6d",
                "00:1A:79:cd:f3:8d",
                "00:1A:79:4c:ef:e8",
                "00:1A:79:c0:8d:04",
                "00:1A:79:59:4a:29"
            ]
        },
        {
            "server_name": "30198-puppy.ott-cdn.me:80",
            "server_url": "http://30198-puppy.ott-cdn.me:80/c/",
            "macs": [
                "00:1A:79:cf:9a:b2"
            ]
        },
        {
            "server_name": "ip.efetv.de:8080",
            "server_url": "http://ip.efetv.de:8080/c/",
            "macs": [
                "00:1A:79:9A:64:B3",
                "00:1A:79:F8:5E:BC",
                "00:1A:79:AE:B7:BF",
                "00:1A:79:C7:9C:12",
                "00:1A:79:55:66:D6",
                "00:1A:79:3B:B4:88",
                "00:1A:79:BC:F0:70",
                "00:1A:79:7E:22:5B",
                "00:1A:79:BC:2D:8A",
                "00:1A:79:3E:46:7A"
            ]
        },
        {
            "server_name": "iptvpanorama.com:2052",
            "server_url": "http://iptvpanorama.com:2052/c/",
            "macs": [
                "00:1A:79:79:46:3E"
            ]
        },
        {
            "server_name": "fhdtv.club:8080",
            "server_url": "http://fhdtv.club:8080/c/",
            "macs": [
                "00:1A:79:77:33:73",
                "00:1A:79:04:EF:1D",
                "00:1A:79:BF:54:EC",
                "00:1A:79:B4:ED:DC",
                "00:1A:79:28:0F:F9"
            ]
        },
        {
            "server_name": "tv.deirnet.ps",
            "server_url": "http://tv.deirnet.ps/stalker_portal/c/",
            "macs": [
                "00:1A:79:72:CB:2D"
            ]
        },
        {
            "server_name": "besttv.club:8080",
            "server_url": "http://besttv.club:8080/c/",
            "macs": [
                "00:1A:79:74:7D:69",
                "00:1A:79:6A:6C:2D",
                "00:1A:79:C6:D0:16",
                "00:1A:79:BB:2E:1E",
                "00:1A:79:3F:09:A1",
                "00:1A:79:D7:62:9C",
                "00:1A:79:70:D3:16",
                "00:1A:79:58:F6:B4",
                "00:1A:79:AD:4B:DD",
                "00:1A:79:F5:0A:8F"
            ]
        },
        {
            "server_name": "energyiptv.streamtv.to:8080",
            "server_url": "http://energyiptv.streamtv.to:8080/c/",
            "macs": [
                "00:1A:79:C2:09:2A",
                "00:1A:79:33:58:AD",
                "00:1A:79:53:0A:0A",
                "00:1A:79:D7:6C:77",
                "00:1A:79:BC:58:C8",
                "00:1A:79:AE:94:73",
                "00:1A:79:6A:60:C0",
                "00:1A:79:41:57:DC",
                "00:1A:79:53:9F:C9",
                "00:1A:79:6A:1F:29",
                "00:1A:79:5F:27:DB",
                "00:1A:79:AE:36:84",
                "00:1A:79:AB:F3:F6",
                "00:1A:79:D1:A3:E7",
                "00:1A:79:60:A0:63",
                "00:1A:79:B5:63:7C",
                "00:1A:79:B5:5A:02"
            ]
        },
        {
            "server_name": "desivicky.pktv.me",
            "server_url": "http://desivicky.pktv.me/stalker_portal/c/",
            "macs": [
                "00:1A:79:2A:A0:71",
                "00:1A:79:44:5C:DB"
            ]
        },
        {
            "server_name": "iptv.darkbox.nu:80",
            "server_url": "http://iptv.darkbox.nu:80/c/",
            "macs": [
                "00:1A:79:00:26:B9",
                "00:1A:79:00:50:13",
                "00:1A:79:00:45:E7",
                "00:1A:79:00:3F:C9"
            ]
        },
        {
            "server_name": "45.139.122.199:8080",
            "server_url": "http://45.139.122.199:8080/c/",
            "macs": [
                "00:1A:79:c7:76:37"
            ]
        },
        {
            "server_name": "21tv.net:2052",
            "server_url": "http://21tv.net:2052/c/",
            "macs": [
                "00:1A:79:57:9E:4B",
                "00:1A:79:82:06:3A",
                "00:1A:79:DE:78:DC",
                "00:1A:79:DD:EF:BE"
            ]
        },
        {
            "server_name": "4k.atomtv.cc:80",
            "server_url": "http://4k.atomtv.cc:80/stalker_portal/c/",
            "macs": [
                "00:1A:79:ED:FC:09"
            ]
        },
        {
            "server_name": "4kplus.org:80",
            "server_url": "http://4kplus.org:80/c/",
            "macs": [
                "00:1A:79:0B:BA:13",
                "00:1A:79:30:8F:AA",
                "00:1A:79:AA:2F:CA",
                "00:1A:79:1C:04:3D",
                "00:1A:79:0D:1F:56",
                "00:1A:79:90:32:9C",
                "00:1A:79:30:9F:42"
            ]
        },
        {
            "server_name": "streamcode.one:2082",
            "server_url": "http://streamcode.one:2082/c/",
            "macs": [
                "00:1A:79:07:86:2B",
                "00:1A:79:EC:CA:CD"
            ]
        },
        {
            "server_name": "medotv.nl:8000",
            "server_url": "http://medotv.nl:8000/c/",
            "macs": [
                "00:1A:79:79:03:59"
            ]
        },
        {
            "server_name": "zorrohunter.com",
            "server_url": "http://zorrohunter.com/c/",
            "macs": [
                "00:1A:79:41:0A:A2",
                "00:1A:79:66:D9:FD"
            ]
        },
        {
            "server_name": "rufus.zone",
            "server_url": "http://rufus.zone/stalker_portal/c/",
            "macs": [
                "00:1A:79:D5:6B:D9",
                "00:1A:79:0C:5F:80",
                "00:1A:79:37:63:32"
            ]
        },
        {
            "server_name": "otn20.com:8000",
            "server_url": "http://otn20.com:8000/c/",
            "macs": [
                "00:1A:79:5C:F7:15",
                "00:1A:79:08:43:7A",
                "00:1A:79:C6:4A:DD",
                "00:1A:79:08:8F:33",
                "00:1A:79:8F:A5:9C",
                "00:1A:79:D1:6B:77",
                "00:1A:79:DE:0B:FB",
                "00:1A:79:89:C5:DA",
                "00:1A:79:AE:A7:92",
                "00:1A:79:45:21:8F",
                "00:1A:79:6A:6B:AB",
                "00:1A:79:48:C0:EF",
                "00:1A:79:2A:D2:82"
            ]
        },
        {
            "server_name": "ojpc.live:8080",
            "server_url": "http://ojpc.live:8080/c/",
            "macs": [
                "00:1A:79:B0:C3:A1",
                "00:1A:79:BD:46:0E",
                "00:1A:79:C1:E6:53",
                "00:1A:79:A7:A3:FB"
            ]
        },
        {
            "server_name": "pp.prison8break.com:8080",
            "server_url": "http://pp.prison8break.com:8080/c/",
            "macs": [
                "00:1A:79:1A:05:B4",
                "00:1A:79:B7:40:69"
            ]
        },
        {
            "server_name": "mypaste.fun.gentv.to:8080",
            "server_url": "http://mypaste.fun.gentv.to:8080/c/",
            "macs": [
                "00:1A:79:C9:78:5F",
                "00:1A:79:E0:1F:21"
            ]
        },
        {
            "server_name": "neroiptv.xyz:8080",
            "server_url": "http://neroiptv.xyz:8080/c/",
            "macs": [
                "00:1A:79:03:26:3B",
                "00:1A:79:53:9F:62",
                "00:1A:79:AA:25:B6",
                "00:1A:79:B3:D4:6E",
                "00:1A:79:B5:56:C5"
            ]
        },
        {
            "server_name": "tr.redatvgold.com",
            "server_url": "http://tr.redatvgold.com/c/",
            "macs": [
                "00:1A:79:3D:13:26",
                "00:1A:79:74:6C:84",
                "00:1A:79:43:BC:50",
                "00:1A:79:B1:59:2E",
                "00:1A:79:D4:22:51",
                "00:1A:79:CB:83:E0",
                "00:1A:79:40:B8:3A",
                "00:1A:79:7A:87:B2",
                "00:1A:79:D0:EB:74",
                "00:1A:79:6C:7E:E5",
                "00:1A:79:66:B3:48",
                "00:1A:79:8E:31:E6",
                "00:1A:79:BE:46:09"
            ]
        },
        {
            "server_name": "new.ivue.co:25461",
            "server_url": "http://new.ivue.co:25461/c/",
            "macs": [
                "00:1A:79:64:11:23",
                "00:1A:79:D4:B1:B6"
            ]
        },
        {
            "server_name": "tvhouse.live",
            "server_url": "http://tvhouse.live/c/",
            "macs": [
                "00:1A:79:A0:43:5A",
                "00:1A:79:C1:16:11",
                "00:1A:79:03:1C:F3",
                "00:1A:79:15:01:B7",
                "00:1A:79:85:8F:96",
                "00:1A:79:79:90:A4",
                "00:1A:79:6E:C9:89"
            ]
        }
    ]
}