{
    "items": [
        {
            "server_name": "amepz.xyz:8080",
            "server_url": "http://amepz.xyz:8080/c/",
            "macs": [
                "00:1A:79:68:61:3C",
                "00:1A:79:76:F1:2D",
                "00:1A:79:AE:E9:7D"
            ]
        },
        {
            "server_name": "apkonrev.store:8080",
            "server_url": "http://apkonrev.store:8080/c/",
            "macs": [
                "00:1A:79:3E:17:24",
                "00:1A:79:49:47:CE",
                "00:1A:79:53:9D:81",
                "00:1A:79:B4:0B:82",
                "00:1A:79:B4:81:72"
            ]
        },
        {
            "server_name": "esuniptvstream.com:88",
            "server_url": "http://esuniptvstream.com:88/c/",
            "macs": [
                "00:1A:79:00:45:7E",
                "00:1A:79:B5:21:CF"
            ]
        },
        {
            "server_name": "bg.bleutv.net",
            "server_url": "http://bg.bleutv.net/c/",
            "macs": [
                "00:1A:79:94:9B:1F"
            ]
        },
        {
            "server_name": "jiotv.be",
            "server_url": "http://jiotv.be/stalker_portal/c/",
            "macs": [
                "00:1A:79:68:7A:9D",
                "00:1A:79:7F:80:79",
                "00:1A:79:B7:62:65",
                "00:1A:79:C3:24:72"
            ]
        },
        {
            "server_name": "bitka.na.neretvi.iptv.najbolja.iptv.preko.3030.programa.sa.videtekom.streamtv.to:8080",
            "server_url": "http://bitka.na.neretvi.iptv.najbolja.iptv.preko.3030.programa.sa.videtekom.streamtv.to:8080/c/",
            "macs": [
                "00:1A:79:BD:53:18"
            ]
        },
        {
            "server_name": "p1.uiop.tv",
            "server_url": "http://p1.uiop.tv/stalker_portal/c/",
            "macs": [
                "00:1A:79:1A:F2:63",
                "00:1A:79:2B:2C:25",
                "00:1A:79:39:AE:5C",
                "00:1A:79:42:91:B6",
                "00:1A:79:55:27:0E",
                "00:1A:79:56:D4:63",
                "00:1A:79:67:30:6B"
            ]
        }
    ]
}