{
    "items": [
        {
            "server_name": "main.light-ott.net",
            "server_url": "http://main.light-ott.net/c/",
            "macs": [
                "00:1A:79:83:6F:E1",
                "00:1A:79:A4:58:B1",
                "00:1A:79:1C:13:79",
                "00:1A:79:EA:2C:A4",
                "00:1A:79:1E:0D:74"
            ]
        },
        {
            "server_name": "tit.ipsh.tv",
            "server_url": "http://tit.ipsh.tv/c/",
            "macs": [
                "00:1A:79:00:F2:E1",
                "00:1A:79:06:A4:78"
            ]
        },
        {
            "server_name": "nettv88.net:8080",
            "server_url": "http://nettv88.net:8080/c/",
            "macs": [
                "00:1A:79:40:1D:13",
                "00:1A:79:BD:B5:7B"
            ]
        },
        {
            "server_name": "skydidyma.xyz:8080",
            "server_url": "http://skydidyma.xyz:8080/c/",
            "macs": [
                "00:1A:79:6D:69:14"
            ]
        },
        {
            "server_name": "tp.nxdns4.com:8080",
            "server_url": "http://tp.nxdns4.com:8080/c/",
            "macs": [
                "00:1A:79:3C:63:16"
            ]
        },
        {
            "server_name": "semprea100.relaxy.vip:8000",
            "server_url": "http://semprea100.relaxy.vip:8000/c/",
            "macs": [
                "00:1A:79:51:21:C5",
                "00:1A:79:49:A2:51",
                "00:1A:79:FB:5A:F5",
                "00:1A:79:AA:C8:33",
                "00:1A:79:44:29:AC"
            ]
        },
        {
            "server_name": "unblock2.king-box.tv",
            "server_url": "http://unblock2.king-box.tv/c/",
            "macs": [
                "00:1A:79:7B:8E:12"
            ]
        }
    ]
}