{
    "items": [
        {
            "server_name": "zenlink.link",
            "server_url": "http://zenlink.link/c/",
            "macs": [
                "00:1A:79:5D:38:71"
            ]
        },
        {
            "server_name": "nicolaj.123tv.to:8080",
            "server_url": "http://nicolaj.123tv.to:8080/c/",
            "macs": [
                "00:1A:79:BA:D1:59",
                "00:1A:79:A9:E5:9C"
            ]
        },
        {
            "server_name": "sony4k.vip:8000",
            "server_url": "http://sony4k.vip:8000/c/",
            "macs": [
                "00:1A:79:D7:47:1F",
                "00:1A:79:9E:8B:B3",
                "00:1A:79:BF:F8:20"
            ]
        },
        {
            "server_name": "185.182.193.87",
            "server_url": "http://185.182.193.87/stalker_portal/c/",
            "macs": [
                "00:1A:79:7C:E4:07",
                "00:1A:79:6D:69:DA"
            ]
        },
        {
            "server_name": "fhdtv.club:8080",
            "server_url": "http://fhdtv.club:8080/c/",
            "macs": [
                "00:1A:79:6A:6A:C4",
                "00:1A:79:5D:00:00",
                "00:1A:79:90:00:0F",
                "00:1A:79:57:0F:A5"
            ]
        },
        {
            "server_name": "teckpro-lus.xyz:8080",
            "server_url": "http://teckpro-lus.xyz:8080/c/",
            "macs": [
                "00:1A:79:5D:31:68",
                "00:1A:79:D0:25:ED",
                "00:1A:79:18:08:D0",
                "00:1A:79:BD:38:A7",
                "00:1A:79:BA:2E:AE"
            ]
        },
        {
            "server_name": "mag.premiumplus.tv",
            "server_url": "http://mag.premiumplus.tv/c/",
            "macs": [
                "00:1A:79:72:1E:64",
                "00:1A:79:28:BA:41",
                "00:1A:79:AF:14:E1",
                "00:1A:79:19:36:0D"
            ]
        },
        {
            "server_name": "ip.efetv.de:8080",
            "server_url": "http://ip.efetv.de:8080/c/",
            "macs": [
                "00:1A:79:F8:5E:BC",
                "00:1A:79:C7:9C:12",
                "00:1A:79:BC:F0:70",
                "00:1A:79:3E:46:7A"
            ]
        },
        {
            "server_name": "pdata.ddns.me:8080",
            "server_url": "http://pdata.ddns.me:8080/c/",
            "macs": [
                "00:1A:79:C1:C2:C4",
                "00:1A:79:9D:CA:05",
                "00:1A:79:57:B3:1F",
                "00:1A:79:C7:6E:AF",
                "00:1A:79:C1:BB:0E"
            ]
        },
        {
            "server_name": "xc-clubtv.xyz:8080",
            "server_url": "http://xc-clubtv.xyz:8080/c/",
            "macs": [
                "00:1A:79:B8:66:50"
            ]
        },
        {
            "server_name": "162.19.37.133:8080",
            "server_url": "http://162.19.37.133:8080/c/",
            "macs": [
                "00:1A:79:F5:0B:5A"
            ]
        },
        {
            "server_name": "bipbip.team:8080",
            "server_url": "http://bipbip.team:8080/c/",
            "macs": [
                "00:1A:79:13:59:EF",
                "00:1A:79:13:56:86",
                "00:1A:79:13:13:69",
                "00:1A:79:10:3D:A2",
                "00:1A:79:10:3C:0C"
            ]
        },
        {
            "server_name": "tr.simotvgold.com:80",
            "server_url": "http://tr.simotvgold.com:80/c/",
            "macs": [
                "00:1A:79:40:2E:9B",
                "00:1A:79:2D:21:42",
                "00:1A:79:00:0E:1F",
                "00:1A:79:09:EB:AB",
                "00:1A:79:5F:C3:05",
                "00:1A:79:00:09:5B",
                "00:1A:79:C2:A5:53"
            ]
        },
        {
            "server_name": "rufus.zone",
            "server_url": "http://rufus.zone/stalker_portal/c/",
            "macs": [
                "00:1A:79:D0:50:66",
                "00:1A:79:E5:45:28",
                "00:1A:79:E7:13:D1"
            ]
        },
        {
            "server_name": "5.255.105.5:80",
            "server_url": "http://5.255.105.5:80/stalker_portal/c/",
            "macs": [
                "00:1A:79:0B:52:CB",
                "00:1A:79:48:DD:FB",
                "00:1A:79:A3:A4:85",
                "00:1A:79:2E:82:55",
                "00:1A:79:E0:58:06",
                "00:1A:79:93:B5:65",
                "00:1A:79:CD:0D:9F",
                "00:1A:79:51:8A:8B"
            ]
        },
        {
            "server_name": "mypaste.fun.gentv.to:8080",
            "server_url": "http://mypaste.fun.gentv.to:8080/c/",
            "macs": [
                "00:1a:79:b7:28:62",
                "00:1a:79:bd:f0:f6",
                "00:1a:79:ba:b4:27",
                "00:1a:79:ad:8e:b2"
            ]
        },
        {
            "server_name": "mutant.arrox.top:80",
            "server_url": "http://mutant.arrox.top:80/c/",
            "macs": [
                "00:1A:79:68:BE:F6",
                "00:1A:79:64:3C:15",
                "00:1A:79:C3:AB:A5",
                "00:1A:79:6F:2F:C1",
                "00:1A:79:C0:8A:B0",
                "00:1A:79:BF:F9:BE",
                "00:1A:79:0D:5F:1E",
                "00:1A:79:0B:B6:0D",
                "00:1A:79:46:8C:F8",
                "00:1A:79:19:21:82",
                "00:1A:79:C9:A0:6C",
                "00:1A:79:5B:5C:AA",
                "00:1A:79:AE:6C:9D",
                "00:1A:79:19:1F:9A",
                "00:1A:79:40:63:2E",
                "00:1A:79:14:BB:17",
                "00:1A:79:0E:8F:97",
                "00:1A:79:4F:B9:13",
                "00:1A:79:52:EC:A7"
            ]
        },
        {
            "server_name": "king.viviotv.xyz",
            "server_url": "http://king.viviotv.xyz/c/",
            "macs": [
                "00:1A:79:74:DE:5F",
                "00:1A:79:0E:20:20",
                "00:1A:79:F4:C0:D7",
                "00:1A:79:AC:28:22",
                "00:1A:79:56:A7:96",
                "00:1A:79:2E:B0:D7"
            ]
        },
        {
            "server_name": "mol-2.com:8080",
            "server_url": "http://mol-2.com:8080/c/",
            "macs": [
                "00:1A:79:01:02:03",
                "00:1A:79:AA:B5:57",
                "00:1A:79:00:00:02",
                "00:1A:79:00:00:05",
                "00:1A:79:57:2A:F6",
                "00:1A:79:AB:CD:EF",
                "00:1A:79:47:91:E1",
                "00:1A:79:B9:0F:73",
                "00:1A:79:36:EF:97",
                "00:1A:79:B1:2F:60",
                "00:1A:79:F9:9F:28",
                "00:1A:79:AD:19:91",
                "00:1A:79:00:02:03",
                "00:1A:79:AD:88:8A",
                "00:1A:79:67:B2:7F",
                "00:1A:79:C0:14:BC",
                "00:1A:79:68:95:33"
            ]
        },
        {
            "server_name": "magentalive.eu:8080",
            "server_url": "http://magentalive.eu:8080/c/",
            "macs": [
                "00:1A:79:a6:9c:99"
            ]
        },
        {
            "server_name": "pstutoriale.com:33000",
            "server_url": "http://pstutoriale.com:33000/c/",
            "macs": [
                "00:1A:79:05:C6:68"
            ]
        },
        {
            "server_name": "optimus-tv.org:8080",
            "server_url": "http://optimus-tv.org:8080/c/",
            "macs": [
                "00:1A:79:01:71:46"
            ]
        },
        {
            "server_name": "pearlhosting2020.ddns.net:8080",
            "server_url": "http://pearlhosting2020.ddns.net:8080/c/",
            "macs": [
                "00:1A:79:00:78:28",
                "00:1A:79:4B:19:62",
                "00:1A:79:6a:dd:c2"
            ]
        },
        {
            "server_name": "promaxhd.com:8080",
            "server_url": "http://promaxhd.com:8080/c/",
            "macs": [
                "00:1A:79:B6:45:E4",
                "00:1A:79:03:10:5A",
                "00:1A:79:BA:BC:04",
                "00:1A:79:E2:CC:05",
                "00:1A:79:C1:C1:E3",
                "00:1A:79:6C:F1:73",
                "00:1A:79:29:3E:3B",
                "00:1A:79:AF:B4:FC",
                "00:1A:79:E4:FE:24",
                "00:1A:79:58:70:F9",
                "00:1A:79:C8:24:6F",
                "00:1A:79:54:77:8C",
                "00:1A:79:3E:9F:2F",
                "00:1A:79:7D:79:56",
                "00:1A:79:85:ED:3E",
                "00:1A:79:5D:16:21"
            ]
        },
        {
            "server_name": "catirtv.ddns.me:8080",
            "server_url": "http://catirtv.ddns.me:8080/c/",
            "macs": [
                "00:1A:79:AB:9B:89",
                "00:1A:79:AF:80:2F",
                "00:1A:79:75:77:ED"
            ]
        },
        {
            "server_name": "mag.trexlive.me:80",
            "server_url": "http://mag.trexlive.me:80/c/",
            "macs": [
                "00:1A:79:DF:5F:02",
                "00:1A:79:C5:8C:A9"
            ]
        },
        {
            "server_name": "tr.simotvgold.com:80",
            "server_url": "http://tr.simotvgold.com:80/c/",
            "macs": [
                "00:1A:79:5D:DE:77",
                "00:1A:79:17:26:7F",
                "00:1a:79:ad:5f:2b",
                "00:1A:79:39:69:69",
                "00:1A:79:C3:B6:7D",
                "00:1A:79:24:78:8C",
                "00:1A:79:53:98:08",
                "00:1A:79:CD:00:C9",
                "00:1A:79:55:51:C4",
                "00:1A:79:AB:EB:A7",
                "00:1A:79:B6:52:CF",
                "00:1A:79:BB:37:E4"
            ]
        },
        {
            "server_name": "neofass.com:8080",
            "server_url": "http://neofass.com:8080/c/",
            "macs": [
                "00:1A:79:10:4B:37",
                "00:1A:79:78:11:E4",
                "00:1A:79:B5:45:6B",
                "00:1A:79:0F:83:51",
                "00:1A:79:68:AF:9B",
                "00:1A:79:C6:C2:C7",
                "00:1A:79:01:01:F9"
            ]
        },
        {
            "server_name": "darknetiptv1.ddns.net:25461",
            "server_url": "http://darknetiptv1.ddns.net:25461/c/",
            "macs": [
                "00:1A:79:17:28:A2",
                "00:1A:79:D4:57:E7",
                "00:1A:79:B7:54:9C",
                "00:1A:79:5A:90:88",
                "00:1A:79:A1:0D:79",
                "00:1A:79:5B:DB:E2",
                "00:1A:79:79:59:32",
                "00:1A:79:5D:4D:55",
                "00:1A:79:74:FB:0C",
                "00:1A:79:21:E9:DA"
            ]
        },
        {
            "server_name": "ss.2665.ninja:8080",
            "server_url": "http://ss.2665.ninja:8080/c/",
            "macs": [
                "00:1a:79:49:48:e5",
                "00:1a:79:31:1f:8a",
                "00:1a:79:51:64:d7"
            ]
        },
        {
            "server_name": "centra.stream",
            "server_url": "http://centra.stream/stalker_portal/c/",
            "macs": [
                "00:1A:79:6C:9B:26",
                "00:1A:79:C8:29:DC",
                "00:1A:79:5E:91:B8"
            ]
        },
        {
            "server_name": "m.suportline.xyz",
            "server_url": "http://m.suportline.xyz/stalker_portal/c/",
            "macs": [
                "00:1A:79:1B:A8:2F"
            ]
        },
        {
            "server_name": "asdsadasdsdaasdffsdfdffgh.diatunnel.link:80",
            "server_url": "http://asdsadasdsdaasdffsdfdffgh.diatunnel.link:80/c/",
            "macs": [
                "00:1A:79:17:2A:CE",
                "00:1A:79:19:43:F0",
                "00:1A:79:36:E4:FC",
                "00:1A:79:3A:A6:08",
                "00:1A:79:47:77:A6"
            ]
        }
    ]
}