{
    "items": [
        {
            "server_name": "ultra-box.club",
            "server_url": "http://ultra-box.club/c/",
            "macs": [
                "00:1A:79:AB:EB:C4",
                "00:1A:79:B9:6B:57"
            ]
        },
        {
            "server_name": "dinka-iptv.live",
            "server_url": "http://dinka-iptv.live/c/",
            "macs": [
                "00:1A:79:B9:ED:A3"
            ]
        },
        {
            "server_name": "deno.one-intro.net:80",
            "server_url": "http://deno.one-intro.net:80/c/",
            "macs": [
                "00:1A:79:12:9E:E9"
            ]
        },
        {
            "server_name": "51.91.57.198",
            "server_url": "http://51.91.57.198/stalker_portal/c/",
            "macs": [
                "00:1A:79:27:E0:4C",
                "00:1A:79:32:2E:BA",
                "00:1A:79:41:F4:F5",
                "00:1A:79:62:A2:EF",
                "00:1A:79:6C:A0:33",
                "00:1A:79:73:CE:84",
                "00:1A:79:77:59:6B"
            ]
        },
        {
            "server_name": "tv.cloudcdn.online",
            "server_url": "http://tv.cloudcdn.online/c/",
            "macs": [
                "00:1A:79:A4:26:1A"
            ]
        },
        {
            "server_name": "4kplus.org:80",
            "server_url": "http://4kplus.org:80/c/",
            "macs": [
                "00:1A:79:00:01:D5"
            ]
        },
        {
            "server_name": "mysp03.wanicelife.com:8880",
            "server_url": "http://mysp03.wanicelife.com:8880/c/",
            "macs": [
                "00:1A:79:70:64:61"
            ]
        },
        {
            "server_name": "xc.tvset.top",
            "server_url": "http://xc.tvset.top/c/",
            "macs": [
                "00:1A:79:00:00:88"
            ]
        },
        {
            "server_name": "p1.uiop.tv",
            "server_url": "http://p1.uiop.tv/stalker_portal/c/",
            "macs": [
                "00:1A:79:42:E2:3B"
            ]
        },
        {
            "server_name": "145.239.198.16",
            "server_url": "http://145.239.198.16/stalker_portal/c/",
            "macs": [
                "00:1A:79:4F:24:09"
            ]
        },
        {
            "server_name": "jiotv.be",
            "server_url": "http://jiotv.be/stalker_portal/c/",
            "macs": [
                "00:1A:79:5A:05:00"
            ]
        },
        {
            "server_name": "iptv.magikserv.com",
            "server_url": "http://iptv.magikserv.com/c/",
            "macs": [
                "00:1A:79:B7:45:66",
                "00:1A:79:D0:14:33"
            ]
        },
        {
            "server_name": "tv.deirnet.ps",
            "server_url": "http://tv.deirnet.ps/stalker_portal/c/",
            "macs": [
                "00:1A:79:CF:17:CD"
            ]
        },
        {
            "server_name": "fhdtv.club:8080",
            "server_url": "http://fhdtv.club:8080/c/",
            "macs": [
                "00:1A:79:03:77:30",
                "00:1A:79:47:A8:AF",
                "00:1A:79:64:41:50",
                "00:1A:79:D0:17:63"
            ]
        },
        {
            "server_name": "sharktv.alphatx.me",
            "server_url": "http://sharktv.alphatx.me/c/",
            "macs": [
                "00:1A:79:5E:EE:BE"
            ]
        }
    ]
}