{
    "items": [
        {
            "server_name": "dtv21.org:2082",
            "server_url": "http://dtv21.org:2082/c/",
            "macs": [
                "00:1A:79:03:06:2C",
                "00:1A:79:05:CF:09",
                "00:1A:79:1C:01:27",
                "00:1A:79:FE:F1:5B"
            ]
        },
        {
            "server_name": "silver.stamina-tv.com:8080",
            "server_url": "http://silver.stamina-tv.com:8080/c/",
            "macs": [
                "00:1A:79:23:D5:3C",
                "00:1A:79:57:2A:DC",
                "00:1A:79:71:01:BC",
                "00:1A:79:76:06:E8",
                "00:1A:79:C0:18:5B"
            ]
        },
        {
            "server_name": "tv.indigotv.me",
            "server_url": "http://tv.indigotv.me/c/",
            "macs": [
                "00:1A:79:AB:DF:A6"
            ]
        },
        {
            "server_name": "xc.tvset.top",
            "server_url": "http://xc.tvset.top/c/",
            "macs": [
                "00:1A:79:6D:87:B9"
            ]
        },
        {
            "server_name": "a.bittensor.nexus",
            "server_url": "http://a.bittensor.nexus/c/",
            "macs": [
                "00:1A:79:C6:59:26"
            ]
        },
        {
            "server_name": "77.74.193.158:88",
            "server_url": "http://77.74.193.158:88/stalker_portal/c/",
            "macs": [
                "00:1A:79:A0:E1:76",
                "00:1A:79:CD:CF:AA"
            ]
        },
        {
            "server_name": "hellas.sltv.pw:8080",
            "server_url": "http://hellas.sltv.pw:8080/c/",
            "macs": [
                "00:1A:79:1E:FA:E5",
                "00:1A:79:35:3A:EA",
                "00:1A:79:3E:DB:51",
                "00:1A:79:57:94:FC",
                "00:1A:79:5E:95:EE",
                "00:1A:79:61:14:EF",
                "00:1A:79:62:41:C5",
                "00:1A:79:68:2F:E4",
                "00:1A:79:7A:07:92",
                "00:1A:79:B5:CB:35",
                "00:1A:79:BF:99:AB",
                "00:1A:79:DC:1C:62",
                "00:1A:79:F4:61:6C"
            ]
        }
    ]
}