{
    "items": [
        {
            "server_name": "datacentar.org:80",
            "server_url": "http://datacentar.org:80/c/",
            "macs": [
                "00:1A:79:29:05:E5",
                "00:1A:79:C7:88:8E"
            ]
        },
        {
            "server_name": "iptvch2.com",
            "server_url": "http://iptvch2.com/c/",
            "macs": [
                "00:1A:79:3D:87:89",
                "00:1A:79:77:00:88",
                "00:1A:79:C7:7C:EB"
            ]
        },
        {
            "server_name": "xpro.one-iptv.com:25443",
            "server_url": "http://xpro.one-iptv.com:25443/c/",
            "macs": [
                "00:1A:79:B4:31:5D"
            ]
        },
        {
            "server_name": "vod.4kplus.org",
            "server_url": "http://vod.4kplus.org/c/",
            "macs": [
                "00:1A:79:93:56:57",
                "00:1A:79:A4:2F:68",
                "00:1A:79:B4:2F:44",
                "00:1A:79:E1:7F:8A"
            ]
        },
        {
            "server_name": "p2.iptvprivateserver.ru",
            "server_url": "http://p2.iptvprivateserver.ru/c/",
            "macs": [
                "00:1A:79:10:5B:50",
                "00:1A:79:14:E7:30",
                "00:1A:79:3B:A9:02",
                "00:1A:79:77:3C:76",
                "00:1A:79:8C:3F:20",
                "00:1A:79:C4:BD:55",
                "00:1A:79:D0:85:40",
                "00:1A:79:E7:C7:95"
            ]
        },
        {
            "server_name": "mag.diamondtv.one:8080",
            "server_url": "http://mag.diamondtv.one:8080/c/",
            "macs": [
                "00:1A:79:A3:D7:E4",
                "00:1A:79:B2:BB:C0",
                "00:1A:79:C0:1C:67"
            ]
        },
        {
            "server_name": "promaxhd.com:8080",
            "server_url": "http://promaxhd.com:8080/c/",
            "macs": [
                "00:1A:79:46:BC:A0",
                "00:1A:79:C8:91:30"
            ]
        }
    ]
}