{
    "items": [
        {
            "server_name": "ibrafr.com:8789",
            "server_url": "http://ibrafr.com:8789/c/",
            "macs": [
                "00:1A:79:1D:20:92",
                "00:1A:79:53:47:E6",
                "00:1A:79:53:9C:62",
                "00:1A:79:53:A5:9C",
                "00:1A:79:62:29:92",
                "00:1A:79:74:96:C9",
                "00:1A:79:7B:89:50",
                "00:1A:79:97:19:75",
                "00:1A:79:C2:DD:67",
                "00:1A:79:D8:2D:57"
            ]
        },
        {
            "server_name": "onfireboxtv.com",
            "server_url": "http://onfireboxtv.com/c/",
            "macs": [
                "00:1A:79:A2:C2:6C",
                "00:1A:79:A9:E0:A8",
                "00:1A:79:B3:AC:96",
                "00:1A:79:B6:2D:74",
                "00:1A:79:B7:74:D1",
                "00:1A:79:BC:75:64",
                "00:1A:79:BD:2C:11"
            ]
        },
        {
            "server_name": "mag.ukhd.tv",
            "server_url": "http://mag.ukhd.tv/c/",
            "macs": [
                "00:1A:79:4F:D3:3F",
                "00:1A:79:70:F8:9F"
            ]
        },
        {
            "server_name": "fpro.webvps.de:25443",
            "server_url": "http://fpro.webvps.de:25443/c/",
            "macs": [
                "00:1A:79:25:C4:3E"
            ]
        },
        {
            "server_name": "mol-2.com:80",
            "server_url": "http://mol-2.com:80/c/",
            "macs": [
                "00:1A:79:FB:27:2D",
                "00:1A:79:FB:2B:FA",
                "00:1A:79:FB:2D:32",
                "00:1A:79:FB:30:83",
                "00:1A:79:FB:31:A4",
                "00:1A:79:FB:33:41",
                "00:1A:79:FB:33:E4",
                "00:1A:79:FB:3C:E8",
                "00:1A:79:FB:3D:A2",
                "00:1A:79:FB:3F:4F",
                "00:1A:79:FB:3F:B8",
                "00:1A:79:FB:3F:D0",
                "00:1A:79:FB:3F:E5",
                "00:1A:79:FE:48:16"
            ]
        },
        {
            "server_name": "1screen3.com:8000",
            "server_url": "http://1screen3.com:8000/c/",
            "macs": [
                "00:1A:79:2D:0F:DF"
            ]
        },
        {
            "server_name": "51.159.70.234",
            "server_url": "http://51.159.70.234/stalker_portal/c/",
            "macs": [
                "00:1A:79:3E:43:AD"
            ]
        },
        {
            "server_name": "ip.cosmosserver.net:8080",
            "server_url": "http://ip.cosmosserver.net:8080/c/",
            "macs": [
                "00:1A:79:6A:79:DC"
            ]
        },
        {
            "server_name": "iptv.initv.de",
            "server_url": "http://iptv.initv.de/stalker_portal/c/",
            "macs": [
                "00:1A:79:6F:58:58",
                "00:1A:79:77:1B:9D"
            ]
        },
        {
            "server_name": "pointpython.streamtv.to:8080",
            "server_url": "http://pointpython.streamtv.to:8080/c/",
            "macs": [
                "00:1A:79:7B:81:CE",
                "00:1A:79:A7:CC:DF"
            ]
        },
        {
            "server_name": "162.19.37.133:8080",
            "server_url": "http://162.19.37.133:8080/c/",
            "macs": [
                "00:1A:79:22:20:77",
                "00:1A:79:23:2F:BC",
                "00:1A:79:36:6F:73",
                "00:1A:79:44:C6:51",
                "00:1A:79:4F:56:D4",
                "00:1A:79:4F:5C:53",
                "00:1A:79:56:A8:13",
                "00:1A:79:56:EF:A8",
                "00:1A:79:58:10:AD",
                "00:1A:79:5B:EA:8B",
                "00:1A:79:5C:26:2E",
                "00:1A:79:5F:A5:C5",
                "00:1A:79:5F:D2:C4",
                "00:1A:79:63:A9:1D",
                "00:1A:79:68:8A:69",
                "00:1A:79:68:96:79",
                "00:1A:79:70:0E:21",
                "00:1A:79:71:3A:CD",
                "00:1A:79:A3:D6:F8",
                "00:1A:79:A4:55:95",
                "00:1A:79:A6:3D:C9",
                "00:1A:79:AA:7E:0C",
                "00:1A:79:AB:7B:45",
                "00:1A:79:AB:DA:30",
                "00:1A:79:AD:55:D0",
                "00:1A:79:AE:B6:1B",
                "00:1A:79:B1:76:06",
                "00:1A:79:B2:1B:E0",
                "00:1A:79:B2:32:A7",
                "00:1A:79:B2:8B:42",
                "00:1A:79:B3:12:A0",
                "00:1A:79:B3:83:A7",
                "00:1A:79:B3:BF:CF",
                "00:1A:79:B4:36:97",
                "00:1A:79:B4:52:E4",
                "00:1A:79:B4:FA:CD",
                "00:1A:79:B5:93:AB",
                "00:1A:79:B7:1C:74",
                "00:1A:79:B7:42:38",
                "00:1A:79:B7:8E:26",
                "00:1A:79:B8:89:1C",
                "00:1A:79:B9:20:83",
                "00:1A:79:B9:A8:2A",
                "00:1A:79:BA:6D:3C",
                "00:1A:79:BA:82:99",
                "00:1A:79:BA:BE:79",
                "00:1A:79:BA:E9:DA",
                "00:1A:79:BB:F4:5F",
                "00:1A:79:BC:F6:A6",
                "00:1A:79:BD:04:85",
                "00:1A:79:BD:45:75",
                "00:1A:79:BD:97:48",
                "00:1A:79:BE:6B:95",
                "00:1A:79:BF:32:1B",
                "00:1A:79:BF:89:A6",
                "00:1A:79:C0:14:9B",
                "00:1A:79:C0:A7:95",
                "00:1A:79:C0:B2:04",
                "00:1A:79:C3:57:AD",
                "00:1A:79:C3:C0:DC",
                "00:1A:79:C3:C8:0B",
                "00:1A:79:C4:3E:52",
                "00:1A:79:C5:41:30",
                "00:1A:79:C6:1F:10",
                "00:1A:79:C6:45:32",
                "00:1A:79:C7:BB:23",
                "00:1A:79:C7:C3:26",
                "00:1A:79:CA:CF:F5",
                "00:1A:79:CA:E5:53",
                "00:1A:79:CA:EA:7A",
                "00:1A:79:CC:1F:C3",
                "00:1A:79:CE:0E:DD",
                "00:1A:79:D0:0A:92",
                "00:1A:79:D2:2A:1E",
                "00:1A:79:D9:50:75",
                "00:1A:79:DE:2A:D6",
                "00:1A:79:E0:07:C6",
                "00:1A:79:F9:DD:1C",
                "00:1A:79:FB:06:6D",
                "00:1A:79:FB:08:04",
                "00:1A:79:FB:0C:C9",
                "00:1A:79:FB:19:2F",
                "00:1A:79:FB:20:0B",
                "00:1A:79:FB:2E:E1",
                "00:1A:79:FB:33:50",
                "00:1A:79:FB:33:63",
                "00:1A:79:FB:3F:76",
                "00:1A:79:FB:40:1A",
                "00:1A:79:FB:42:8C"
            ]
        },
        {
            "server_name": "hdmiclub.online:8080",
            "server_url": "http://hdmiclub.online:8080/c/",
            "macs": [
                "00:1A:79:CC:4F:47"
            ]
        },
        {
            "server_name": "line.boom-ott.ru",
            "server_url": "http://line.boom-ott.ru/c/",
            "macs": [
                "00:1A:79:01:71:B7",
                "00:1A:79:1E:A3:CA",
                "00:1A:79:24:1B:84",
                "00:1A:79:3C:1F:6B",
                "00:1A:79:47:51:51",
                "00:1A:79:4E:C5:19",
                "00:1A:79:58:78:EB",
                "00:1A:79:5D:01:B8",
                "00:1A:79:6B:1D:A2",
                "00:1A:79:6F:6C:09",
                "00:1A:79:76:2B:8A",
                "00:1A:79:79:33:31",
                "00:1A:79:7E:77:58",
                "00:1A:79:81:65:08",
                "00:1A:79:87:AA:B6",
                "00:1A:79:A5:B4:BA",
                "00:1A:79:AB:51:7F",
                "00:1A:79:B1:FB:A5",
                "00:1A:79:B5:47:1D",
                "00:1A:79:B5:F8:33",
                "00:1A:79:B7:E0:73",
                "00:1A:79:C0:4E:49",
                "00:1A:79:DE:45:C4"
            ]
        },
        {
            "server_name": "optimus-tv.org:8080",
            "server_url": "http://optimus-tv.org:8080/c/",
            "macs": [
                "00:1A:79:01:6A:65",
                "00:1A:79:07:C7:24",
                "00:1A:79:08:51:EF",
                "00:1A:79:0E:39:1D",
                "00:1A:79:10:E3:3F",
                "00:1A:79:6E:2B:34",
                "00:1A:79:AB:5A:81",
                "00:1A:79:AF:F9:BC"
            ]
        },
        {
            "server_name": "birutv.my.id",
            "server_url": "http://birutv.my.id/c/",
            "macs": [
                "00:1A:79:09:6B:50",
                "00:1A:79:0D:4F:FD",
                "00:1A:79:1D:42:A3",
                "00:1A:79:22:8F:9E",
                "00:1A:79:2D:74:FA",
                "00:1A:79:49:10:51",
                "00:1A:79:56:2F:21",
                "00:1A:79:5A:99:21",
                "00:1A:79:64:85:11",
                "00:1A:79:78:40:B4",
                "00:1A:79:9B:04:5F",
                "00:1A:79:A7:6F:BB",
                "00:1A:79:B0:D1:CE",
                "00:1A:79:B7:14:EF",
                "00:1A:79:C3:9F:42",
                "00:1A:79:D4:9F:56",
                "00:1A:79:D5:1F:D1",
                "00:1A:79:D5:9F:BB",
                "00:1A:79:DF:40:27",
                "00:1A:79:F9:9F:E5"
            ]
        },
        {
            "server_name": "zupanet.live:8080",
            "server_url": "http://zupanet.live:8080/c/",
            "macs": [
                "00:1A:79:00:B6:E0",
                "00:1A:79:02:00:E7",
                "00:1A:79:08:53:10",
                "00:1A:79:08:8F:4D",
                "00:1A:79:0A:7F:12",
                "00:1A:79:0C:39:46",
                "00:1A:79:14:24:95",
                "00:1A:79:28:1B:85",
                "00:1A:79:2B:0E:B6",
                "00:1A:79:35:54:FD",
                "00:1A:79:36:96:D1",
                "00:1A:79:36:9E:90",
                "00:1A:79:40:95:B8",
                "00:1A:79:78:0B:18",
                "00:1A:79:8B:2B:F1",
                "00:1A:79:8D:A4:75",
                "00:1A:79:AA:85:F9",
                "00:1A:79:AE:79:A4",
                "00:1A:79:B5:C4:CD",
                "00:1A:79:B8:7F:3D",
                "00:1A:79:B9:14:39",
                "00:1A:79:C7:86:51",
                "00:1A:79:C8:07:E1"
            ]
        }
    ]
}