{
    "items": [
        {
            "server_name": "mag.premiumplus.tv:80",
            "server_url": "http://mag.premiumplus.tv:80/c/",
            "macs": [
                "00:1A:79:00:2B:9C",
                "00:1A:79:00:D5:B7",
                "00:1A:79:03:8E:8E",
                "00:1A:79:04:99:B1",
                "00:1A:79:05:46:90",
                "00:1A:79:05:C8:9D",
                "00:1A:79:05:CE:1A",
                "00:1A:79:0B:69:6D",
                "00:1A:79:0E:30:2F",
                "00:1A:79:13:8C:3A",
                "00:1A:79:17:01:C1",
                "00:1A:79:17:21:8F",
                "00:1A:79:19:43:01",
                "00:1A:79:1D:04:5D",
                "00:1A:79:1E:06:06",
                "00:1A:79:24:74:0D",
                "00:1A:79:27:5F:5C",
                "00:1A:79:28:2F:75",
                "00:1A:79:28:F9:0B",
                "00:1A:79:2F:59:53",
                "00:1A:79:31:66:65",
                "00:1A:79:37:5F:AE",
                "00:1A:79:3D:C5:CE",
                "00:1A:79:4E:53:AF",
                "00:1A:79:55:9E:E2",
                "00:1A:79:64:DE:C2",
                "00:1A:79:6A:3D:B9",
                "00:1A:79:6E:DF:E1",
                "00:1A:79:71:17:85",
                "00:1A:79:71:D4:BF",
                "00:1A:79:72:E6:E6",
                "00:1A:79:76:0F:9E",
                "00:1A:79:76:60:71",
                "00:1A:79:77:FD:51",
                "00:1A:79:7C:A4:07",
                "00:1A:79:7E:B6:D6",
                "00:1A:79:7F:0F:3E",
                "00:1A:79:82:5D:72",
                "00:1A:79:8C:5E:A3",
                "00:1A:79:9C:EF:BD",
                "00:1A:79:A2:34:2E",
                "00:1A:79:A9:19:06",
                "00:1A:79:B3:2E:96",
                "00:1A:79:B5:09:12",
                "00:1A:79:B6:C3:6E",
                "00:1A:79:B8:8B:3A",
                "00:1A:79:B9:B2:94",
                "00:1A:79:BA:4E:40",
                "00:1A:79:BD:BD:51",
                "00:1A:79:C0:37:AB",
                "00:1A:79:C0:73:14",
                "00:1A:79:C0:78:98",
                "00:1A:79:C0:BE:1A",
                "00:1A:79:C1:35:DA",
                "00:1A:79:C1:3B:8D",
                "00:1A:79:C2:8D:06",
                "00:1A:79:C5:EF:C9",
                "00:1A:79:C6:3E:77",
                "00:1A:79:C6:FC:2F",
                "00:1A:79:C7:11:F2",
                "00:1A:79:C7:2A:D4",
                "00:1A:79:C9:C4:80",
                "00:1A:79:CB:6A:A1",
                "00:1A:79:D5:D4:2D",
                "00:1A:79:E6:91:0F",
                "00:1A:79:FB:3A:1F",
                "00:1A:79:FF:09:EE",
                "00:1A:79:FF:0A:86",
                "00:1A:79:FF:0E:40"
            ]
        },
        {
            "server_name": "fastgo.cam:8080",
            "server_url": "http://fastgo.cam:8080/c/",
            "macs": [
                "00:1A:79:7A:1C:4A"
            ]
        },
        {
            "server_name": "jcl.imsvs.live:8080",
            "server_url": "http://jcl.imsvs.live:8080/c/",
            "macs": [
                "00:1A:79:0E:50:D8"
            ]
        },
        {
            "server_name": "142.132.155.49:2082",
            "server_url": "http://142.132.155.49:2082/stalker_portal/c/",
            "macs": [
                "00:1A:79:6C:F8:89",
                "00:1A:79:6D:9C:AC",
                "00:1A:79:70:4E:1B",
                "00:1A:79:70:C3:70",
                "00:1A:79:71:07:46",
                "00:1A:79:72:0D:8F",
                "00:1A:79:72:44:A9",
                "00:1A:79:72:47:4F",
                "00:1A:79:73:67:6C",
                "00:1A:79:76:D8:E3"
            ]
        },
        {
            "server_name": "maxzi.pro:80",
            "server_url": "http://maxzi.pro:80/c/",
            "macs": [
                "00:1A:79:06:22:05",
                "00:1A:79:20:1D:E7",
                "00:1A:79:32:61:66",
                "00:1A:79:41:EB:8B",
                "00:1A:79:51:7F:E9",
                "00:1A:79:A3:4D:E1",
                "00:1A:79:C3:A3:DA"
            ]
        },
        {
            "server_name": "pantv.xyz:8080",
            "server_url": "http://pantv.xyz:8080/c/",
            "macs": [
                "00:1A:79:B6:51:7B"
            ]
        },
        {
            "server_name": "vip.dom1tv.com:25443",
            "server_url": "http://vip.dom1tv.com:25443/c/",
            "macs": [
                "00:1A:79:C3:C8:4A"
            ]
        },
        {
            "server_name": "streamcode.one:2082",
            "server_url": "http://streamcode.one:2082/c/",
            "macs": [
                "00:1A:79:5C:79:D1"
            ]
        },
        {
            "server_name": "humiptv.live:8080",
            "server_url": "http://humiptv.live:8080/c/",
            "macs": [
                "00:1A:79:78:EE:78",
                "00:1A:79:90:34:18",
                "00:1A:79:B4:A0:EF",
                "00:1A:79:BB:BC:21",
                "00:1A:79:F8:42:AE"
            ]
        }
    ]
}