{
    "items": [
        {
            "server_name": "propowersolution.org:80",
            "server_url": "http://propowersolution.org:80/c/",
            "macs": [
                "00:1A:79:0E:14:7B",
                "00:1A:79:1B:32:43",
                "00:1A:79:24:84:71",
                "00:1A:79:38:C9:0B",
                "00:1A:79:4B:B2:BB",
                "00:1A:79:4D:07:94",
                "00:1A:79:66:41:85",
                "00:1A:79:8B:C3:9F",
                "00:1A:79:B5:C0:55",
                "00:1A:79:C3:47:C8",
                "00:1A:79:D7:4F:64",
                "00:1A:79:DD:36:A2",
                "00:1A:79:FA:25:05",
                "00:1A:79:FB:2D:59"
            ]
        },
        {
            "server_name": "nk.cdnnet.xyz:80",
            "server_url": "http://nk.cdnnet.xyz:80/c/",
            "macs": [
                "00:1A:79:27:53:42",
                "00:1A:79:28:1F:7B",
                "00:1A:79:75:85:47",
                "00:1A:79:B2:EA:97"
            ]
        },
        {
            "server_name": "drk.yasar.tv",
            "server_url": "http://drk.yasar.tv/c/",
            "macs": [
                "00:1A:79:3E:6A:50"
            ]
        },
        {
            "server_name": "ip.xtremetv.eu:8000",
            "server_url": "http://ip.xtremetv.eu:8000/c/",
            "macs": [
                "00:1A:79:BC:D7:9A"
            ]
        },
        {
            "server_name": "hd-max.org:8080",
            "server_url": "http://hd-max.org:8080/c/",
            "macs": [
                "00:1A:79:01:01:3D",
                "00:1A:79:19:6F:86",
                "00:1A:79:20:7F:9C",
                "00:1A:79:48:B5:CD",
                "00:1A:79:4D:29:52",
                "00:1A:79:74:58:F9",
                "00:1A:79:A6:9B:31",
                "00:1A:79:A7:CA:56",
                "00:1A:79:B8:7C:ED",
                "00:1A:79:C2:0F:7F"
            ]
        },
        {
            "server_name": "ggddnss2.com:8080",
            "server_url": "http://ggddnss2.com:8080/c/",
            "macs": [
                "00:1A:79:23:4F:A6",
                "00:1A:79:64:39:CD",
                "00:1A:79:7E:14:4C",
                "00:1A:79:9B:11:54",
                "00:1A:79:A9:C4:8E",
                "00:1A:79:AB:38:D9",
                "00:1A:79:BD:2F:D2"
            ]
        },
        {
            "server_name": "ix.kingtv.pw",
            "server_url": "http://ix.kingtv.pw/c/",
            "macs": [
                "00:1A:79:07:C9:BA"
            ]
        },
        {
            "server_name": "spacextv.live:8080",
            "server_url": "http://spacextv.live:8080/c/",
            "macs": [
                "00:1A:79:08:42:4F",
                "00:1A:79:08:EF:74",
                "00:1A:79:10:3F:73"
            ]
        },
        {
            "server_name": "hans_monika.streamtv.to:8080",
            "server_url": "http://hans_monika.streamtv.to:8080/c/",
            "macs": [
                "00:1A:79:0A:DD:B7",
                "00:1A:79:14:D8:BE",
                "00:1A:79:AE:D3:83"
            ]
        },
        {
            "server_name": "alexiptv.ddns.me:8080",
            "server_url": "http://alexiptv.ddns.me:8080/c/",
            "macs": [
                "00:1A:79:AD:7D:45"
            ]
        },
        {
            "server_name": "paristv.net:8080",
            "server_url": "http://paristv.net:8080/c/",
            "macs": [
                "00:1A:79:13:55:A6"
            ]
        },
        {
            "server_name": "ogzpunk.live:8080",
            "server_url": "http://ogzpunk.live:8080/c/",
            "macs": [
                "00:1A:79:13:57:C0"
            ]
        },
        {
            "server_name": "4kforyou.pro",
            "server_url": "http://4kforyou.pro/c/",
            "macs": [
                "00:1A:79:73:4A:14",
                "00:1A:79:A1:AA:3B"
            ]
        },
        {
            "server_name": "stb.omnivo.tv",
            "server_url": "http://stb.omnivo.tv/c/",
            "macs": [
                "00:1A:79:36:6F:7A",
                "00:1A:79:5A:1F:AD",
                "00:1A:79:A3:F0:E3",
                "00:1A:79:AC:85:DF",
                "00:1A:79:B0:E3:E3",
                "00:1A:79:B2:45:21"
            ]
        },
        {
            "server_name": "coresys.dvrdns.org:25461",
            "server_url": "http://coresys.dvrdns.org:25461/c/",
            "macs": [
                "00:1A:79:14:5F:3F",
                "00:1A:79:28:71:B2",
                "00:1A:79:65:B0:B5",
                "00:1A:79:8C:6F:81",
                "00:1A:79:8F:4F:63",
                "00:1A:79:B5:1E:CD"
            ]
        },
        {
            "server_name": "wyveep.com",
            "server_url": "http://wyveep.com/c/",
            "macs": [
                "00:1A:79:24:7C:06",
                "00:1A:79:C8:50:D5",
                "00:1A:79:F1:B0:32"
            ]
        },
        {
            "server_name": "mutant.arrox.top:80",
            "server_url": "http://mutant.arrox.top:80/c/",
            "macs": [
                "00:1A:79:00:2C:13",
                "00:1A:79:0E:B4:A2",
                "00:1A:79:18:E1:6C",
                "00:1A:79:30:BC:6C",
                "00:1A:79:31:75:E6",
                "00:1A:79:40:60:9B",
                "00:1A:79:43:2B:76",
                "00:1A:79:4C:73:AD",
                "00:1A:79:4F:F6:81",
                "00:1A:79:51:4C:5B",
                "00:1A:79:57:B2:58",
                "00:1A:79:6E:2E:E9",
                "00:1A:79:7B:7A:1C",
                "00:1A:79:8B:08:A0",
                "00:1A:79:92:4E:CF",
                "00:1A:79:A6:4F:87",
                "00:1A:79:BB:E9:36",
                "00:1A:79:BF:FC:13",
                "00:1A:79:FB:A4:E7",
                "00:1A:79:FE:67:EA"
            ]
        },
        {
            "server_name": "nks24.com:8080",
            "server_url": "http://nks24.com:8080/c/",
            "macs": [
                "00:1A:79:07:BD:65",
                "00:1A:79:10:DF:F6",
                "00:1A:79:41:3A:5D",
                "00:1A:79:4B:AA:0A",
                "00:1A:79:4D:03:0B",
                "00:1A:79:4D:03:4E",
                "00:1A:79:5E:84:00",
                "00:1A:79:6B:08:DE",
                "00:1A:79:A3:B7:88",
                "00:1A:79:AA:6B:9B",
                "00:1A:79:AF:F9:F5"
            ]
        },
        {
            "server_name": "xxva.xyz:80",
            "server_url": "http://xxva.xyz:80/c/",
            "macs": [
                "00:1A:79:AF:58:4D",
                "00:1A:79:BD:61:DF"
            ]
        },
        {
            "server_name": "nk.cdnnet.xyz",
            "server_url": "http://nk.cdnnet.xyz/c/",
            "macs": [
                "00:1A:79:B4:E5:89"
            ]
        },
        {
            "server_name": "d.tvdark.eu",
            "server_url": "http://d.tvdark.eu/c/",
            "macs": [
                "00:1A:79:21:21:6D",
                "00:1A:79:6F:4F:41"
            ]
        },
        {
            "server_name": "smart4k.cc",
            "server_url": "http://smart4k.cc/stalker_portal/c/",
            "macs": [
                "00:1A:79:0F:47:15",
                "00:1A:79:32:63:36",
                "00:1A:79:CA:C7:EB"
            ]
        },
        {
            "server_name": "1234up.com",
            "server_url": "http://1234up.com/c/",
            "macs": [
                "00:1A:79:24:7B:FF",
                "00:1A:79:C7:F4:9E"
            ]
        },
        {
            "server_name": "line2.protv.cc:80",
            "server_url": "http://line2.protv.cc:80/c/",
            "macs": [
                "00:1A:79:A6:7F:92",
                "00:1A:79:BE:BF:04"
            ]
        },
        {
            "server_name": "line.liveott.ru:80",
            "server_url": "http://line.liveott.ru:80/c/",
            "macs": [
                "00:1A:79:00:00:00",
                "00:1A:79:00:0D:DF",
                "00:1A:79:17:1E:1E",
                "00:1A:79:74:ED:76",
                "00:1A:79:81:59:DA",
                "00:1A:79:A7:51:3D",
                "00:1A:79:AB:BD:02",
                "00:1A:79:B6:56:90",
                "00:1A:79:B8:6A:A6",
                "00:1A:79:C3:87:FA",
                "00:1A:79:C4:5C:A1"
            ]
        },
        {
            "server_name": "m.tvfalcon.net",
            "server_url": "http://m.tvfalcon.net/c/",
            "macs": [
                "00:1A:79:00:18:7E",
                "00:1A:79:08:49:B2",
                "00:1A:79:08:49:B6",
                "00:1A:79:08:49:BB",
                "00:1A:79:08:49:C4",
                "00:1A:79:08:49:CD",
                "00:1A:79:08:49:CE",
                "00:1A:79:08:49:D0",
                "00:1A:79:08:49:D2",
                "00:1A:79:08:49:D3",
                "00:1A:79:08:49:D8",
                "00:1A:79:10:E1:78",
                "00:1A:79:A0:E2:0D",
                "00:1A:79:B2:70:57",
                "00:1A:79:B2:70:5C",
                "00:1A:79:BC:DA:01",
                "00:1A:79:CB:7F:68",
                "00:1A:79:D4:52:12"
            ]
        },
        {
            "server_name": "login.newborntv.info",
            "server_url": "http://login.newborntv.info/c/",
            "macs": [
                "00:1A:79:24:83:07",
                "00:1A:79:5A:80:33",
                "00:1A:79:74:B3:36",
                "00:1A:79:74:B3:54",
                "00:1A:79:78:6F:0A",
                "00:1A:79:7D:B5:BD",
                "00:1A:79:82:1F:F5",
                "00:1A:79:8B:37:20",
                "00:1A:79:8B:37:E8",
                "00:1A:79:8B:37:F8",
                "00:1A:79:A3:91:6E",
                "00:1A:79:D0:F1:14",
                "00:1A:79:D0:F1:23",
                "00:1A:79:D0:F1:32",
                "00:1A:79:D0:F1:40",
                "00:1A:79:D1:F9:28",
                "00:1A:79:DA:65:D2",
                "00:1A:79:F5:4A:79",
                "00:1A:79:F5:4A:9A"
            ]
        },
        {
            "server_name": "line.tee-ott.com",
            "server_url": "http://line.tee-ott.com/c/",
            "macs": [
                "00:1A:79:03:AE:A7",
                "00:1A:79:0C:DD:5A",
                "00:1A:79:24:1A:B9",
                "00:1A:79:24:1A:F7",
                "00:1A:79:46:C8:D6",
                "00:1A:79:47:D4:95",
                "00:1A:79:5E:DC:94",
                "00:1A:79:62:05:46",
                "00:1A:79:70:8E:88",
                "00:1A:79:71:0C:2E",
                "00:1A:79:71:47:73",
                "00:1A:79:B2:77:6E",
                "00:1A:79:B4:E8:5A",
                "00:1A:79:B4:F0:7A",
                "00:1A:79:B4:F0:8F",
                "00:1A:79:B4:F0:91",
                "00:1A:79:B4:F0:A1"
            ]
        },
        {
            "server_name": "llllllllliosdaiiii1iiiiiiiii.funtogether.xyz:8080",
            "server_url": "http://llllllllliosdaiiii1iiiiiiiii.funtogether.xyz:8080/c/",
            "macs": [
                "00:1A:79:14:67:7E",
                "00:1A:79:26:5E:4A",
                "00:1A:79:4D:3B:FF",
                "00:1A:79:51:05:B9",
                "00:1A:79:63:55:5B",
                "00:1A:79:66:8C:96",
                "00:1A:79:72:AB:A4",
                "00:1A:79:7B:CF:6D",
                "00:1A:79:7D:55:88",
                "00:1A:79:9E:A6:6B",
                "00:1A:79:BA:25:0E",
                "00:1A:79:BB:46:98",
                "00:1A:79:C0:8A:D8",
                "00:1A:79:C3:2D:D5",
                "00:1A:79:C7:0A:E1",
                "00:1A:79:CB:14:14",
                "00:1A:79:CB:A0:2E"
            ]
        },
        {
            "server_name": "focusmag.eu01.live:8080",
            "server_url": "http://focusmag.eu01.live:8080/c/",
            "macs": [
                "00:1A:79:08:42:8C",
                "00:1A:79:0F:4A:9F",
                "00:1A:79:4D:05:52",
                "00:1A:79:90:2B:94",
                "00:1A:79:A2:FE:54"
            ]
        },
        {
            "server_name": "cooltv4u.xyz",
            "server_url": "http://cooltv4u.xyz/stalker_portal/c/",
            "macs": [
                "00:1A:79:41:B5:00",
                "00:1A:79:4A:25:96",
                "00:1A:79:68:CC:A2",
                "00:1A:79:6C:CC:E7",
                "00:1A:79:72:F4:B6",
                "00:1A:79:77:8D:DB",
                "00:1A:79:7B:1D:88",
                "00:1A:79:7B:1D:F7",
                "00:1A:79:7E:0A:62",
                "00:1A:79:80:D8:DD",
                "00:1A:79:85:B0:9D",
                "00:1A:79:AE:40:6C",
                "00:1A:79:BC:16:9D",
                "00:1A:79:C8:4B:94"
            ]
        },
        {
            "server_name": "45.137.206.80:26085",
            "server_url": "http://45.137.206.80:26085/stalker_portal/c/",
            "macs": [
                "00:1A:79:2D:C0:45",
                "00:1A:79:39:A4:AF",
                "00:1A:79:3A:A4:F5",
                "00:1A:79:43:77:08",
                "00:1A:79:7D:FF:0E",
                "00:1A:79:A7:78:C5",
                "00:1A:79:B6:06:2A",
                "00:1A:79:CF:0F:12",
                "00:1A:79:E6:58:B5",
                "00:1A:79:F0:7E:3C"
            ]
        },
        {
            "server_name": "io.t-v.io",
            "server_url": "http://io.t-v.io/c/",
            "macs": [
                "00:1A:79:08:45:2E",
                "00:1A:79:AD:61:98"
            ]
        },
        {
            "server_name": "uhd3.one",
            "server_url": "http://uhd3.one/c/",
            "macs": [
                "00:1A:79:A9:DA:92",
                "00:1A:79:BE:26:F9",
                "00:1A:79:E1:0E:18"
            ]
        },
        {
            "server_name": "p1.iptvrocket.tv",
            "server_url": "http://p1.iptvrocket.tv/c/",
            "macs": [
                "00:1A:79:7E:5F:AF",
                "00:1A:79:CF:00:BA",
                "00:1A:79:E5:7D:4D"
            ]
        },
        {
            "server_name": "212.129.8.69",
            "server_url": "http://212.129.8.69/stalker_portal/c/",
            "macs": [
                "00:1A:79:61:66:31"
            ]
        },
        {
            "server_name": "cbrlig.com:8080",
            "server_url": "http://cbrlig.com:8080/c/",
            "macs": [
                "00:1A:79:68:72:6F",
                "00:1A:79:C8:2D:F5",
                "00:1A:79:CC:2E:1A"
            ]
        },
        {
            "server_name": "fastopen.live:8080",
            "server_url": "http://fastopen.live:8080/c/",
            "macs": [
                "00:1A:79:58:0A:0B",
                "00:1A:79:5A:0A:F9",
                "00:1A:79:63:C3:61",
                "00:1A:79:D0:EE:3B"
            ]
        },
        {
            "server_name": "web2021.biz:8080",
            "server_url": "http://web2021.biz:8080/c/",
            "macs": [
                "00:1A:79:6A:9F:BA",
                "00:1A:79:A7:2A:32"
            ]
        },
        {
            "server_name": "genlive.online",
            "server_url": "http://genlive.online/c/",
            "macs": [
                "00:1A:79:3F:16:B6",
                "00:1A:79:58:13:CD",
                "00:1A:79:BC:36:AF"
            ]
        },
        {
            "server_name": "mag.rs6ott.com",
            "server_url": "http://mag.rs6ott.com/c/",
            "macs": [
                "00:1A:79:08:FB:35",
                "00:1A:79:58:72:91",
                "00:1A:79:6C:C9:E2",
                "00:1A:79:70:EA:EE",
                "00:1A:79:8C:07:82",
                "00:1A:79:95:BB:52",
                "00:1A:79:A1:82:A0",
                "00:1A:79:A3:B7:83",
                "00:1A:79:AC:A4:22",
                "00:1A:79:C7:B3:19",
                "00:1A:79:CD:44:C6"
            ]
        },
        {
            "server_name": "icon-ott.xyz",
            "server_url": "http://icon-ott.xyz/c/",
            "macs": [
                "00:1A:79:28:20:66",
                "00:1A:79:65:0D:5B",
                "00:1A:79:6F:E0:8F",
                "00:1A:79:73:B5:8B",
                "00:1A:79:85:2F:5F",
                "00:1A:79:8F:47:E6",
                "00:1A:79:C4:86:F9",
                "00:1A:79:C5:0E:B6",
                "00:1A:79:C5:68:09"
            ]
        },
        {
            "server_name": "ainfo.icu",
            "server_url": "http://ainfo.icu/c/",
            "macs": [
                "00:1A:79:20:DD:8B",
                "00:1A:79:3E:7F:21",
                "00:1A:79:BA:E6:92",
                "00:1A:79:CB:39:4F",
                "00:1A:79:E6:4D:7F",
                "00:1A:79:FA:01:37"
            ]
        },
        {
            "server_name": "testdi.proxytx.cloud",
            "server_url": "http://testdi.proxytx.cloud/c/",
            "macs": [
                "00:1A:79:64:50:0F",
                "00:1A:79:6F:9F:74",
                "00:1A:79:79:1F:5A",
                "00:1A:79:B8:C7:2C",
                "00:1A:79:C3:C9:94"
            ]
        },
        {
            "server_name": "power4kiptv.info:8080",
            "server_url": "http://power4kiptv.info:8080/c/",
            "macs": [
                "00:1A:79:E7:43:81"
            ]
        },
        {
            "server_name": "line.maxir.biz:8080",
            "server_url": "http://line.maxir.biz:8080/c/",
            "macs": [
                "00:1A:79:71:46:14"
            ]
        },
        {
            "server_name": "atg100.xyz",
            "server_url": "http://atg100.xyz/c/",
            "macs": [
                "00:1A:79:AD:F2:91"
            ]
        },
        {
            "server_name": "iptv.darktv.in",
            "server_url": "http://iptv.darktv.in/c/",
            "macs": [
                "00:1A:79:03:12:25",
                "00:1A:79:16:33:08",
                "00:1A:79:19:05:CD",
                "00:1A:79:2D:74:FA",
                "00:1A:79:39:2C:DD",
                "00:1A:79:4F:D0:8F",
                "00:1A:79:61:FE:B2",
                "00:1A:79:A4:2F:47",
                "00:1A:79:C3:1E:75",
                "00:1A:79:D1:E1:96",
                "00:1A:79:D2:0B:6A",
                "00:1A:79:D7:1F:15"
            ]
        },
        {
            "server_name": "skunkytv.live",
            "server_url": "http://skunkytv.live/c/",
            "macs": [
                "00:1A:79:26:95:EB",
                "00:1A:79:4A:EE:BB",
                "00:1A:79:6F:06:13",
                "00:1A:79:72:B1:95",
                "00:1A:79:B5:5E:C8",
                "00:1A:79:B8:57:96"
            ]
        },
        {
            "server_name": "pal.alphatx.me",
            "server_url": "http://pal.alphatx.me/c/",
            "macs": [
                "00:1A:79:CF:0F:10"
            ]
        },
        {
            "server_name": "145.239.253.183",
            "server_url": "http://145.239.253.183/stalker_portal/c/",
            "macs": [
                "00:1A:79:73:16:A6",
                "00:1A:79:B3:65:53"
            ]
        },
        {
            "server_name": "wtc05.mi20.cc",
            "server_url": "http://wtc05.mi20.cc/stalker_portal/c/",
            "macs": [
                "00:1A:79:66:01:8C",
                "00:1A:79:77:66:B6",
                "00:1A:79:79:51:47",
                "00:1A:79:79:C6:C6",
                "00:1A:79:7A:71:8E",
                "00:1A:79:7A:77:E8",
                "00:1A:79:F0:54:37",
                "00:1A:79:F0:93:28",
                "00:1A:79:F1:E1:6B"
            ]
        },
        {
            "server_name": "line.iptveros.com:8000",
            "server_url": "http://line.iptveros.com:8000/c/",
            "macs": [
                "00:1A:79:AF:68:07",
                "00:1A:79:C4:A1:51",
                "00:1A:79:CB:95:2C"
            ]
        },
        {
            "server_name": "tv.trexiptv.com",
            "server_url": "http://tv.trexiptv.com/c/",
            "macs": [
                "00:1A:79:C7:06:DA"
            ]
        },
        {
            "server_name": "138.199.129.101",
            "server_url": "http://138.199.129.101/stalker_portal/c/",
            "macs": [
                "00:1A:79:7D:4B:3E",
                "00:1A:79:7D:9B:7B"
            ]
        }
    ]
}