{
    "items": [
        {
            "server_name": "mag.ugoiptv.com:80",
            "server_url": "http://mag.ugoiptv.com:80/c/",
            "macs": [
                "00:1A:79:00:01:C8",
                "00:1A:79:00:01:E7",
                "00:1A:79:00:04:65",
                "00:1A:79:00:04:32",
                "00:1A:79:00:07:33",
                "00:1A:79:00:0B:C0",
                "00:1A:79:00:06:78",
                "00:1A:79:00:07:95",
                "00:1A:79:00:0D:48"
            ]
        },
        {
            "server_name": "ph-info.xyz",
            "server_url": "http://ph-info.xyz/c/",
            "macs": [
                "00:1A:79:16:C1:5C",
                "00:1A:79:41:45:64"
            ]
        },
        {
            "server_name": "mag.4k365.xyz:80",
            "server_url": "http://mag.4k365.xyz:80/c/",
            "macs": [
                "00:1A:79:AA:4F:0A",
                "00:1A:79:CB:AF:74",
                "00:1A:79:3C:2F:64"
            ]
        },
        {
            "server_name": "catirtv.ddns.me:8080",
            "server_url": "http://catirtv.ddns.me:8080/c/",
            "macs": [
                "00:1A:79:BD:5C:6D",
                "00:1A:79:AB:3F:70",
                "00:1A:79:57:69:23",
                "00:1A:79:BA:C2:21",
                "00:1A:79:53:A2:D3",
                "00:1A:79:11:22:33"
            ]
        },
        {
            "server_name": "new.gprod.co",
            "server_url": "http://new.gprod.co/stalker_portal/c/",
            "macs": [
                "00:1A:79:00:13:21",
                "00:1A:79:F2:0E:AA",
                "00:1A:79:C5:A9:5B"
            ]
        },
        {
            "server_name": "zepequeno.xyz:8080",
            "server_url": "http://zepequeno.xyz:8080/c/",
            "macs": [
                "00:1A:79:C1:BF:BB",
                "00:1A:79:B7:1E:1F",
                "00:1A:79:C8:13:15",
                "00:1A:79:AD:A4:38",
                "00:1A:79:AD:A4:38"
            ]
        },
        {
            "server_name": "line.boom-ott.ru",
            "server_url": "http://line.boom-ott.ru/c/",
            "macs": [
                "00:1A:79:7C:5D:3B"
            ]
        },
        {
            "server_name": "45.139.122.199:8080",
            "server_url": "http://45.139.122.199:8080/c/",
            "macs": [
                "00:1A:79:4D:F9:EB",
                "00:1A:79:B5:C8:56",
                "00:1A:79:BC:D6:42",
                "00:1A:79:BE:58:BA"
            ]
        },
        {
            "server_name": "uhd3.one",
            "server_url": "http://uhd3.one/c/",
            "macs": [
                "00:1A:79:48:B9:42",
                "00:1A:79:13:53:17",
                "00:1A:79:C7:72:68",
                "00:1A:79:C5:76:3E",
                "00:1A:79:30:9F:67"
            ]
        },
        {
            "server_name": "spacextv.live:8080",
            "server_url": "http://spacextv.live:8080/c/",
            "macs": [
                "00:1A:79:6E:2E:DE",
                "00:1A:79:AF:36:D9",
                "00:1A:79:08:EA:47",
                "00:1A:79:BA:D5:E1"
            ]
        }
    ]
}