{
    "items": [
        {
            "server_name": "xegd.ultapulta.com",
            "server_url": "http://xegd.ultapulta.com/stalker_portal/c/",
            "macs": [
                "00:1A:79:68:D9:A4",
                "00:1A:79:E5:20:AB",
                "00:1A:79:51:83:C0",
                "00:1A:79:54:B5:1F",
                "00:1A:79:54:4B:12",
                "00:1A:79:62:31:30",
                "00:1A:79:56:F9:4C",
                "00:1A:79:5B:0E:3D",
                "00:1A:79:80:A7:BE",
                "00:1A:79:5B:0B:6B",
                "00:1A:79:56:F9:7A",
                "00:1A:79:54:B1:48",
                "00:1A:79:56:FA:9E",
                "00:1A:79:56:46:3E",
                "00:1A:79:56:FA:00",
                "00:1A:79:50:15:4A"
            ]
        },
        {
            "server_name": "tv.greatstar.me:80",
            "server_url": "http://tv.greatstar.me:80/c/",
            "macs": [
                "00:1A:79:81:74:34",
                "00:1A:79:6c:1b:58",
                "00:1A:79:dd:0f:98",
                "00:1A:79:24:76:fc",
                "00:1A:79:54:93:c6",
                "00:1A:79:af:3c:9c",
                "00:1A:79:62:1f:ee",
                "00:1A:79:b4:a1:42",
                "00:1A:79:a2:8d:69",
                "00:1A:79:72:09:b2"
            ]
        },
        {
            "server_name": "safetv.vip:8080",
            "server_url": "http://safetv.vip:8080/c/",
            "macs": [
                "00:1A:79:BC:36:09"
            ]
        },
        {
            "server_name": "skunkytv.live",
            "server_url": "http://skunkytv.live/c/",
            "macs": [
                "00:1A:79:6B:5F:85",
                "00:1A:79:00:1C:A7",
                "00:1A:79:6B:5F:85",
                "00:1A:79:00:1C:A7"
            ]
        },
        {
            "server_name": "skydidyma.xyz:8080",
            "server_url": "http://skydidyma.xyz:8080/c/",
            "macs": [
                "00:1A:79:B7:88:F6",
                "00:1A:79:98:1C:8F",
                "00:1A:79:E7:81:3F",
                "00:1A:79:90:37:C7",
                "00:1A:79:05:C5:C8",
                "00:1A:79:04:2E:E9",
                "00:1A:79:03:03:0D",
                "00:1A:79:05:C7:69"
            ]
        },
        {
            "server_name": "livepremium.xyz:8080",
            "server_url": "http://livepremium.xyz:8080/c/",
            "macs": [
                "00:1A:79:a5:97:19",
                "00:1A:79:dc:ba:a6",
                "00:1A:79:c0:1f:a0",
                "00:1A:79:c8:27:8c",
                "00:1A:79:c6:ce:f4",
                "00:1A:79:d1:a4:53",
                "00:1A:79:bf:da:e5",
                "00:1A:79:d0:1c:12",
                "00:1A:79:23:9e:05",
                "00:1A:79:d1:b0:cb",
                "00:1A:79:66:00:33",
                "00:1A:79:cf:87:33"
            ]
        },
        {
            "server_name": "prestij4k.xyz:8080",
            "server_url": "http://prestij4k.xyz:8080/c/",
            "macs": [
                "00:1A:79:00:05:48",
                "00:1A:79:00:13:49",
                "00:1A:79:00:13:8A",
                "00:1A:79:00:13:82",
                "00:1A:79:00:13:8E",
                "00:1A:79:00:13:86",
                "00:1A:79:00:13:92",
                "00:1A:79:00:15:B0",
                "00:1A:79:00:16:77",
                "00:1A:79:00:16:79",
                "00:1A:79:00:16:7C",
                "00:1A:79:00:16:86",
                "00:1A:79:00:16:82"
            ]
        },
        {
            "server_name": "ok2.se:80",
            "server_url": "http://ok2.se:80/c/",
            "macs": [
                "00:1A:79:00:B4:B2",
                "00:1A:79:00:24:35",
                "00:1A:79:00:25:6E",
                "00:1A:79:00:2E:91",
                "00:1A:79:00:47:17",
                "00:1A:79:00:63:EC",
                "00:1A:79:00:84:15",
                "00:1A:79:00:9F:8A",
                "00:1A:79:00:B0:F6",
                "00:1A:79:00:9F:F3",
                "00:1A:79:00:B3:22",
                "00:1A:79:00:B4:7F"
            ]
        },
        {
            "server_name": "king-box.club",
            "server_url": "http://king-box.club/c/",
            "macs": [
                "00:1a:79:b4:f8:f8"
            ]
        },
        {
            "server_name": "eu.majes-line.co",
            "server_url": "http://eu.majes-line.co/c/",
            "macs": [
                "00:1A:79:B5:47:8B",
                "00:1A:79:B5:47:36",
                "00:1A:79:B4:F0:A1",
                "00:1A:79:81:F3:CB",
                "00:1A:79:5A:1B:D7",
                "00:1A:79:40:54:C1",
                "00:1A:79:B4:EC:96",
                "00:1A:79:B5:2A:0F",
                "00:1A:79:E0:15:3E",
                "00:1A:79:41:E1:71",
                "00:1A:79:B5:F7:60",
                "00:1A:79:A1:F2:CF",
                "00:1A:79:B5:F9:DA",
                "00:1A:79:18:6F:25",
                "00:1A:79:B4:F0:8F",
                "00:1A:79:B5:F7:54",
                "00:1A:79:B4:EC:E9",
                "00:1A:79:D1:9E:39"
            ]
        },
        {
            "server_name": "line.iptvwings.com",
            "server_url": "http://line.iptvwings.com/c/",
            "macs": [
                "00:1A:79:87:F8:83",
                "00:1A:79:73:C5:22",
                "00:1A:79:9B:E9:78",
                "00:1A:79:B8:7C:65",
                "00:1A:79:C2:C9:5C",
                "00:1A:79:02:65:30"
            ]
        },
        {
            "server_name": "vipzeus4k.xyz:8080",
            "server_url": "http://vipzeus4k.xyz:8080/c/",
            "macs": [
                "00:1A:79:B1:A9:1B",
                "00:1A:79:F5:36:67"
            ]
        },
        {
            "server_name": "arabitv5.com:8000",
            "server_url": "http://arabitv5.com:8000/c/",
            "macs": [
                "00:1A:79:05:DD:25"
            ]
        },
        {
            "server_name": "4k.roartv.cc",
            "server_url": "http://4k.roartv.cc/stalker_portal/c/",
            "macs": [
                "00:1A:79:56:43:23"
            ]
        },
        {
            "server_name": "coolforcats.cool",
            "server_url": "http://coolforcats.cool/c/",
            "macs": [
                "00:1A:79:C8:3E:AB",
                "00:1A:79:C9:74:87",
                "00:1A:79:D1:B6:8E",
                "00:1A:79:C0:E6:26",
                "00:1A:79:C2:31:D3",
                "00:1A:79:C2:31:B7",
                "00:1A:79:C2:31:0D",
                "00:1A:79:D1:B6:8F",
                "00:1A:79:D1:B6:0E",
                "00:1A:79:C2:31:09",
                "00:1A:79:C2:31:C3",
                "00:1A:79:C2:31:0E",
                "00:1A:79:D1:B6:3E",
                "00:1A:79:D1:B6:48"
            ]
        },
        {
            "server_name": "line.linehunt.org:80",
            "server_url": "http://line.linehunt.org:80/c/",
            "macs": [
                "00:1A:79:B5:CA:20",
                "00:1A:79:AD:6A:D7",
                "00:1A:79:95:DE:9E"
            ]
        },
        {
            "server_name": "iptvfriends.123tv.to",
            "server_url": "http://iptvfriends.123tv.to/c/",
            "macs": [
                "00:1A:79:B9:AA:95",
                "00:1A:79:AD:5C:7E",
                "00:1A:79:AB:58:6E",
                "00:1A:79:52:F5:49",
                "00:1A:79:D1:AA:10",
                "00:1A:79:C6:3E:63",
                "00:1A:79:B4:3C:AE",
                "00:1A:79:BD:67:7B",
                "00:1A:79:C1:EE:62",
                "00:1A:79:D1:34:A3",
                "00:1A:79:AD:0A:22",
                "00:1A:79:C0:20:B7",
                "00:1A:79:B5:05:68"
            ]
        },
        {
            "server_name": "buckpoolgame.xyz:8080",
            "server_url": "http://buckpoolgame.xyz:8080/c/",
            "macs": [
                "00:1A:79:fe:a7:3c"
            ]
        },
        {
            "server_name": "coresys.dvrdns.org:25461",
            "server_url": "http://coresys.dvrdns.org:25461/c/",
            "macs": [
                "00:1A:79:36:36:39"
            ]
        },
        {
            "server_name": "edge.19741977.network",
            "server_url": "http://edge.19741977.network/c/",
            "macs": [
                "00:1A:79:CB:8A:50",
                "00:1A:79:DD:2F:BA",
                "00:1A:79:8B:26:BC",
                "00:1A:79:B0:DD:D0",
                "00:1A:79:A9:CB:ED",
                "00:1A:79:32:A0:58",
                "00:1A:79:B2:7D:88",
                "00:1A:79:AA:8E:89",
                "00:1A:79:A6:44:A0",
                "00:1A:79:04:3F:BE"
            ]
        },
        {
            "server_name": "mag.ukhd.tv:80",
            "server_url": "http://mag.ukhd.tv:80/c/",
            "macs": [
                "00:1A:79:ff:1f:ff",
                "00:1A:79:3f:8b:5a",
                "00:1A:79:47:fe:00",
                "00:1A:79:66:39:39",
                "00:1A:79:93:52:86",
                "00:1A:79:0e:7f:03",
                "00:1A:79:6f:2f:3a"
            ]
        },
        {
            "server_name": "stb.omnivo.tv:80",
            "server_url": "http://stb.omnivo.tv:80/c/",
            "macs": [
                "00:1A:79:01:62:54",
                "00:1A:79:01:63:65",
                "00:1A:79:01:63:EA",
                "00:1A:79:01:63:F6",
                "00:1A:79:01:64:82",
                "00:1A:79:01:64:A0"
            ]
        },
        {
            "server_name": "stb5.rucolor.tv",
            "server_url": "http://stb5.rucolor.tv/stalker_portal/c/",
            "macs": [
                "00:1A:79:37:cf:c0"
            ]
        },
        {
            "server_name": "line.maxir.biz:8080",
            "server_url": "http://line.maxir.biz:8080/c/",
            "macs": [
                "00:1A:79:71:46:14"
            ]
        }
    ]
}