{
    "items": [
        {
            "server_name": "alexiptv.ddns.me:8080",
            "server_url": "http://alexiptv.ddns.me:8080/c/",
            "macs": [
                "00:1A:79:83:5E:92",
                "00:1A:79:BB:38:67",
                "00:1A:79:5A:22:C7",
                "00:1A:79:BF:CB:4E",
                "00:1A:79:B2:89:E9",
                "00:1A:79:D1:9E:54",
                "00:1A:79:8F:2F:80",
                "00:1A:79:E2:08:11"
            ]
        },
        {
            "server_name": "ojpc.live:8080",
            "server_url": "http://ojpc.live:8080/c/",
            "macs": [
                "00:1A:79:C4:30:66",
                "00:1A:79:BA:21:84",
                "00:1A:79:BA:3A:33"
            ]
        },
        {
            "server_name": "219.korumasiz555.xyz:8080",
            "server_url": "http://219.korumasiz555.xyz:8080/c/",
            "macs": [
                "00:1A:79:3A:B9:72"
            ]
        },
        {
            "server_name": "p1.uiop.tv",
            "server_url": "http://p1.uiop.tv/stalker_portal/c/",
            "macs": [
                "00:1A:79:6B:21:24",
                "00:1A:79:2D:66:20",
                "00:1A:79:5F:47:7E",
                "00:1A:79:40:21:85",
                "00:1A:79:63:69:D7",
                "00:1A:79:B0:46:34"
            ]
        },
        {
            "server_name": "31.42.177.145:8080",
            "server_url": "http://31.42.177.145:8080/c/",
            "macs": [
                "00:1A:79:00:47:96"
            ]
        },
        {
            "server_name": "x35.live:8080",
            "server_url": "http://x35.live:8080/c/",
            "macs": [
                "00:1A:79:1A:00:71"
            ]
        },
        {
            "server_name": "odm391.xyz",
            "server_url": "http://odm391.xyz/c/",
            "macs": [
                "00:1A:79:06:8F:BF"
            ]
        },
        {
            "server_name": "line.iptvwings.com:80",
            "server_url": "http://line.iptvwings.com:80/c/",
            "macs": [
                "00:1A:79:DF:AC:B3",
                "00:1A:79:2C:65:11",
                "00:1A:79:D5:51:0E",
                "00:1A:79:40:67:FB",
                "00:1A:79:B5:61:4A",
                "00:1A:79:4C:57:00",
                "00:1A:79:3F:56:57",
                "00:1A:79:6B:10:15",
                "00:1A:79:7E:95:84",
                "00:1A:79:B6:2B:6F"
            ]
        },
        {
            "server_name": "ciao.ok2.se",
            "server_url": "http://ciao.ok2.se/c/",
            "macs": [
                "00:1A:79:7d:f8:57",
                "00:1A:79:56:71:66",
                "00:1A:79:db:2f:05",
                "00:1A:79:77:5d:13"
            ]
        },
        {
            "server_name": "power4kiptv.info:8080",
            "server_url": "http://power4kiptv.info:8080/c/",
            "macs": [
                "00:1A:79:10:d5:c1",
                "00:1A:79:a4:00:07",
                "00:1A:79:bc:d8:00",
                "00:1A:79:0e:39:65"
            ]
        },
        {
            "server_name": "hd-max.org:8080",
            "server_url": "http://hd-max.org:8080/c/",
            "macs": [
                "00:1A:79:08:3F:64",
                "00:1A:79:08:60:27",
                "00:1A:79:08:8F:2D"
            ]
        }
    ]
}