{
    "items": [
        {
            "server_name": "mutant.arrox.top:80",
            "server_url": "http://mutant.arrox.top:80/c/",
            "macs": [
                "00:1A:79:a0:2f:e8",
                "00:1A:79:29:58:ec",
                "00:1A:79:08:9d:03",
                "00:1A:79:19:41:a8",
                "00:1A:79:5d:e4:25",
                "00:1A:79:b1:73:33",
                "00:1A:79:6e:2e:ee",
                "00:1A:79:96:11:1d",
                "00:1A:79:64:4a:53",
                "00:1A:79:03:4d:4e",
                "00:1A:79:ab:f5:51",
                "00:1A:79:a1:e7:5b",
                "00:1A:79:88:35:83",
                "00:1A:79:18:21:04",
                "00:1A:79:b5:9a:9c",
                "00:1A:79:f3:85:ec",
                "00:1A:79:33:00:da",
                "00:1A:79:d4:55:54",
                "00:1A:79:3d:e6:97"
            ]
        },
        {
            "server_name": "mycasual.xyz:80",
            "server_url": "http://mycasual.xyz:80/c/",
            "macs": [
                "00:1A:79:74:10:74",
                "00:1A:79:b8:21:8d",
                "00:1A:79:58:7f:19",
                "00:1A:79:5c:1c:a0",
                "00:1A:79:cf:56:16",
                "00:1A:79:be:f8:45",
                "00:1A:79:e7:a7:d3",
                "00:1A:79:b8:29:18",
                "00:1A:79:b4:7e:f6",
                "00:1A:79:c2:cf:ca",
                "00:1A:79:73:29:fd",
                "00:1A:79:b1:6f:c9",
                "00:1A:79:66:82:ba",
                "00:1A:79:97:0f:11",
                "00:1A:79:50:4c:38",
                "00:1A:79:d0:93:87",
                "00:1A:79:33:0a:e6",
                "00:1A:79:c1:76:cb",
                "00:1A:79:71:74:17",
                "00:1A:79:b9:f8:ed"
            ]
        },
        {
            "server_name": "iptv.darktv.eu",
            "server_url": "http://iptv.darktv.eu/c/",
            "macs": [
                "00:1A:79:14:66:0A",
                "00:1A:79:51:37:59",
                "00:1A:79:51:37:80",
                "00:1A:79:A2:88:84",
                "00:1A:79:AA:0F:B6",
                "00:1A:79:03:0B:47",
                "00:1A:79:14:66:18",
                "00:1A:79:97:E6:2B",
                "00:1A:79:0E:1F:E1",
                "00:1A:79:03:0B:61",
                "00:1A:79:51:37:13",
                "00:1A:79:17:12:64",
                "00:1A:79:14:66:17",
                "00:1A:79:14:66:19",
                "00:1A:79:14:66:16",
                "00:1A:79:14:66:12",
                "00:1A:79:97:E6:AA",
                "00:1A:79:14:66:1A",
                "00:1A:79:3A:1D:A0"
            ]
        },
        {
            "server_name": "tv.premiumplus.tv:80",
            "server_url": "http://tv.premiumplus.tv:80/c/",
            "macs": [
                "00:1A:79:5F:F7:F2",
                "00:1A:79:B7:85:63",
                "00:1A:79:4A:3A:0B",
                "00:1A:79:C1:9F:F4",
                "00:1A:79:C2:B0:19",
                "00:1A:79:D0:28:3F",
                "00:1A:79:B6:CF:C7",
                "00:1A:79:6E:A6:DF",
                "00:1A:79:C1:19:97",
                "00:1A:79:17:76:71",
                "00:1A:79:76:27:56",
                "00:1A:79:B1:FC:03",
                "00:1A:79:A4:CC:C3",
                "00:1A:79:30:07:F9",
                "00:1A:79:D8:A1:C4"
            ]
        },
        {
            "server_name": "200.26.188.66",
            "server_url": "http://200.26.188.66/c/",
            "macs": [
                "00:1A:79:03:03:6D",
                "00:1A:79:C3:1B:A2",
                "00:1A:79:C3:1F:32",
                "00:1A:79:03:03:C8",
                "00:1A:79:41:82:27",
                "00:1A:79:61:1E:C4",
                "00:1A:79:20:1F:73",
                "00:1A:79:C7:0F:4C",
                "00:1A:79:23:90:38",
                "00:1A:79:AD:97:EF",
                "00:1A:79:03:03:0C",
                "00:1A:79:03:03:1F",
                "00:1A:79:92:1E:BA",
                "00:1A:79:C3:1F:76",
                "00:1A:79:2E:88:D1",
                "00:1A:79:C7:0F:8A",
                "00:1A:79:C7:0F:73",
                "00:1A:79:03:03:4E",
                "00:1A:79:03:03:62"
            ]
        },
        {
            "server_name": "1.iptv22.is:80",
            "server_url": "http://1.iptv22.is:80/c/",
            "macs": [
                "00:1A:79:a4:d8:19",
                "00:1A:79:b8:31:a3",
                "00:1A:79:f6:d8:86",
                "00:1A:79:b7:08:7e",
                "00:1A:79:39:63:b4",
                "00:1A:79:46:84:d0",
                "00:1A:79:53:dc:60",
                "00:1A:79:35:11:89",
                "00:1A:79:b9:2c:04",
                "00:1A:79:f6:a0:4b",
                "00:1A:79:2e:e4:2a",
                "00:1A:79:bf:12:9c",
                "00:1A:79:aa:53:64",
                "00:1A:79:63:61:c6",
                "00:1A:79:b9:2b:13",
                "00:1A:79:b6:c3:41",
                "00:1A:79:c2:a2:4e",
                "00:1A:79:37:65:63",
                "00:1A:79:5a:c9:82",
                "00:1A:79:c8:4c:e5"
            ]
        },
        {
            "server_name": "un2.anonymoustv.club:80",
            "server_url": "http://un2.anonymoustv.club:80/c/",
            "macs": [
                "00:1A:79:00:00:00",
                "00:1a:79:b0:6c:43",
                "00:1a:79:ae:5c:34",
                "00:1a:79:bb:6e:3c",
                "00:1a:79:a5:e6:39",
                "00:1a:79:a2:c2:6c",
                "00:1a:79:ad:02:9b",
                "00:1a:79:b5:5e:bc",
                "00:1a:79:ae:1c:9b",
                "00:1a:79:7b:e5:ed",
                "00:1A:79:AA:CC:0D",
                "00:1a:79:6d:1e:16",
                "00:1a:79:3a:aa:a0",
                "00:1A:79:C2:A6:6E",
                "00:1A:79:78:95:e6",
                "00:1A:79:fc:14:92",
                "00:1A:79:06:51:DA",
                "00:1a:79:ae:d9:5d",
                "00:1a:79:ad:8b:50",
                "00:1a:79:ac:9c:7b",
                "00:1a:79:ba:27:c7"
            ]
        },
        {
            "server_name": "vip2102.112421.net:2050",
            "server_url": "http://vip2102.112421.net:2050/c/",
            "macs": [
                "00:1A:79:00:49:D5",
                "00:1A:79:00:45:67",
                "00:1A:79:00:3B:F2",
                "00:1A:79:00:37:58",
                "00:1A:79:00:37:00",
                "00:1A:79:00:34:65",
                "00:1A:79:00:34:31",
                "00:1A:79:00:34:23",
                "00:1A:79:00:34:12",
                "00:1A:79:00:32:EC",
                "00:1A:79:00:28:B4"
            ]
        },
        {
            "server_name": "power4kiptv.info:8080",
            "server_url": "http://power4kiptv.info:8080/c/",
            "macs": [
                "00:1A:79:10:eb:b7",
                "00:1A:79:42:52:a5",
                "00:1A:79:19:23:aa",
                "00:1A:79:9e:88:71",
                "00:1A:79:21:04:19",
                "00:1A:79:af:35:6f",
                "00:1A:79:e7:43:81",
                "00:1A:79:6f:af:75",
                "00:1A:79:4d:06:ec",
                "00:1A:79:a2:b2:b0",
                "00:1A:79:89:dc:11",
                "00:1A:79:c3:b1:a5",
                "00:1A:79:19:23:a2"
            ]
        },
        {
            "server_name": "testdi.proxytx.cloud",
            "server_url": "http://testdi.proxytx.cloud/c/",
            "macs": [
                "00:1A:79:F5:00:DF",
                "00:1A:79:F5:00:4A",
                "00:1A:79:F5:00:17",
                "00:1A:79:F5:00:56",
                "00:1A:79:F5:00:57",
                "00:1A:79:37:2A:01",
                "00:1A:79:70:87:F8",
                "00:1A:79:70:87:C8",
                "00:1A:79:F5:00:41",
                "00:1A:79:F5:00:DA",
                "00:1A:79:F5:00:C8",
                "00:1A:79:91:7A:5F",
                "00:1A:79:37:2A:2E",
                "00:1A:79:70:87:D7",
                "00:1A:79:F5:00:6A",
                "00:1A:79:F5:00:54"
            ]
        },
        {
            "server_name": "genlive.online",
            "server_url": "http://genlive.online/c/",
            "macs": [
                "00:1A:79:2C:60:44",
                "00:1A:79:20:3F:C2",
                "00:1A:79:CD:2A:54",
                "00:1A:79:B2:4C:50",
                "00:1A:79:51:05:B9",
                "00:1A:79:BF:A8:48",
                "00:1A:79:EB:9D:59",
                "00:1A:79:C4:1D:9F",
                "00:1A:79:7E:7A:82",
                "00:1A:79:C4:1D:34",
                "00:1A:79:AD:AB:70",
                "00:1A:79:BD:53:18",
                "00:1A:79:BD:53:12",
                "00:1A:79:BD:53:10"
            ]
        },
        {
            "server_name": "138.199.129.101:80",
            "server_url": "http://138.199.129.101:80/stalker_portal/c/",
            "macs": [
                "00:1A:79:6A:65:90",
                "00:1A:79:76:36:75",
                "00:1A:79:79:EC:AE"
            ]
        },
        {
            "server_name": "200.26.188.66:80",
            "server_url": "http://200.26.188.66:80/c/",
            "macs": [
                "00:1A:79:00:15:38"
            ]
        },
        {
            "server_name": "edge.bz:8080",
            "server_url": "http://edge.bz:8080/c/",
            "macs": [
                "00:1A:79:33:62:38",
                "00:1A:79:33:66:36"
            ]
        },
        {
            "server_name": "streamtube.cc:80",
            "server_url": "http://streamtube.cc:80/c/",
            "macs": [
                "00:1A:79:c6:de:6d"
            ]
        },
        {
            "server_name": "stb.omnivo.tv",
            "server_url": "http://stb.omnivo.tv/c/",
            "macs": [
                "00:1A:79:30:F2:FD",
                "00:1A:79:50:4D:1C",
                "00:1A:79:B4:F7:AB",
                "00:1A:79:A9:E0:E9",
                "00:1A:79:BF:C2:E8",
                "00:1A:79:02:44:6B",
                "00:1A:79:BA:B2:21",
                "00:1A:79:27:3F:E1",
                "00:1A:79:AA:72:C8",
                "00:1A:79:AB:76:F2",
                "00:1A:79:32:9F:50",
                "00:1A:79:1B:FB:30",
                "00:1A:79:37:2F:61",
                "00:1A:79:9D:29:23",
                "00:1A:79:E6:0C:18",
                "00:1A:79:E5:23:3F",
                "00:1A:79:D5:7A:93",
                "00:1A:79:E5:91:BF"
            ]
        },
        {
            "server_name": "iptv.darktv.in",
            "server_url": "http://iptv.darktv.in/c/",
            "macs": [
                "00:1a:79:a4:4e:53",
                "00:1a:79:7c:5f:29"
            ]
        },
        {
            "server_name": "stb.omnivo.tv",
            "server_url": "http://stb.omnivo.tv/c/",
            "macs": [
                "00:1A:79:30:F2:FD",
                "00:1A:79:50:4D:1C",
                "00:1A:79:B4:F7:AB",
                "00:1A:79:A9:E0:E9",
                "00:1A:79:BF:C2:E8",
                "00:1A:79:02:44:6B",
                "00:1A:79:BA:B2:21",
                "00:1A:79:27:3F:E1",
                "00:1A:79:AA:72:C8",
                "00:1A:79:AB:76:F2",
                "00:1A:79:32:9F:50",
                "00:1A:79:1B:FB:30"
            ]
        }
    ]
}