{
    "items": [
        {
            "server_name": "bosst.net:80",
            "server_url": "http://bosst.net:80/c/",
            "macs": [
                "00:1A:79:41:0F:1C",
                "00:1A:79:41:8C:7C",
                "00:1A:79:42:8E:C1"
            ]
        },
        {
            "server_name": "4kgoott.com:2052",
            "server_url": "http://4kgoott.com:2052/c/",
            "macs": [
                "00:1A:79:AE:3E:88",
                "00:1A:79:3F:A6:F7",
                "00:1A:79:7F:1E:84",
                "00:1A:79:65:B0:92"
            ]
        },
        {
            "server_name": "mutant.arrox.top",
            "server_url": "http://mutant.arrox.top/c/",
            "macs": [
                "00:1A:79:33:43:70",
                "00:1A:79:1E:04:0D",
                "00:1A:79:33:43:70",
                "00:1A:79:7B:94:33",
                "00:1A:79:C3:1E:9A",
                "00:1A:79:05:C7:69",
                "00:1A:79:04:2E:E9",
                "00:1A:79:05:C5:C8",
                "00:1A:79:03:03:0D"
            ]
        },
        {
            "server_name": "mag.premiumplus.tv",
            "server_url": "http://mag.premiumplus.tv/c/",
            "macs": [
                "00:1A:79:EA:F2:F4",
                "00:1A:79:57:98:33",
                "00:1A:79:83:BB:60",
                "00:1A:79:FD:11:73",
                "00:1A:79:6C:03:B2",
                "00:1A:79:17:11:7B",
                "00:1A:79:7A:49:77"
            ]
        },
        {
            "server_name": "sonymax.org:8080",
            "server_url": "http://sonymax.org:8080/c/",
            "macs": [
                "00:1A:79:85:DE:94",
                "00:1A:79:3A:68:37",
                "00:1A:79:A1:36:62",
                "00:1A:79:2A:A0:2C"
            ]
        },
        {
            "server_name": "mutant.arrox.top:80",
            "server_url": "http://mutant.arrox.top:80/c/",
            "macs": [
                "00:1A:79:05:20:4B",
                "00:1A:79:60:62:71",
                "00:1A:79:E0:7F:F2",
                "00:1A:79:CB:9A:33",
                "00:1A:79:F7:0F:9B",
                "00:1A:79:33:00:66"
            ]
        },
        {
            "server_name": "line.protv.cc:80",
            "server_url": "http://line.protv.cc:80/c/",
            "macs": [
                "00:1A:79:84:24:DD",
                "00:1A:79:0B:BA:FD",
                "00:1A:79:A1:8D:36",
                "00:1A:79:93:88:52",
                "00:1A:79:3A:E5:28",
                "00:1A:79:00:01:E6",
                "00:1A:79:2A:28:10"
            ]
        },
        {
            "server_name": "89.45.13.220:8080",
            "server_url": "http://89.45.13.220:8080/c/",
            "macs": [
                "00:1A:79:01:6E:99",
                "00:1A:79:13:54:EE",
                "00:1A:79:4F:3E:9B",
                "00:1A:79:01:6A:85",
                "00:1A:79:6B:BB:27"
            ]
        },
        {
            "server_name": "skydidyma.xyz:8080",
            "server_url": "http://skydidyma.xyz:8080/c/",
            "macs": [
                "00:1A:79:E7:81:3F",
                "00:1A:79:90:37:C7",
                "00:1A:79:98:1C:8F",
                "00:1A:79:B7:88:F6",
                "00:1A:79:6A:6A:34"
            ]
        },
        {
            "server_name": "185.243.7.154:80",
            "server_url": "http://185.243.7.154:80/c/",
            "macs": [
                "00:1A:79:7A:2A:BC",
                "00:1A:79:BD:75:59",
                "00:1A:79:5D:AE:81",
                "00:1A:79:A7:63:99",
                "00:1A:79:7C:01:ED",
                "00:1A:79:B4:D9:C9",
                "00:1A:79:B6:9A:C3",
                "00:1A:79:D7:0D:86",
                "00:1A:79:C3:85:61"
            ]
        }
    ]
}