{
    "items": [
        {
            "server_name": "tv.premiumplus.tv",
            "server_url": "http://tv.premiumplus.tv/c/",
            "macs": [
                "00:1A:79:56:95:DA"
            ]
        },
        {
            "server_name": "mag.4k365.xyz:80",
            "server_url": "http://mag.4k365.xyz:80/c/",
            "macs": [
                "00:1A:79:02:62:94"
            ]
        },
        {
            "server_name": "garaveli.123tv.to:8080",
            "server_url": "http://garaveli.123tv.to:8080/c/",
            "macs": [
                "00:1A:79:62:3D:D5"
            ]
        },
        {
            "server_name": "pars01.com:8080",
            "server_url": "http://pars01.com:8080/c/",
            "macs": [
                "00:1A:79:6E:2A:9B",
                "00:1A:79:4D:00:4B"
            ]
        }
    ]
}