{
    "items": [
        {
            "server_name": "web2021.biz:8080",
            "server_url": "http://web2021.biz:8080/c/",
            "macs": [
                "00:1A:79:5C:22:EB"
            ]
        },
        {
            "server_name": "skipcf.cwdn.cx",
            "server_url": "http://skipcf.cwdn.cx/c/",
            "macs": [
                "00:1A:79:18:07:85",
                "00:1A:79:80:6F:F3",
                "00:1A:79:9D:5D:13",
                "00:1A:79:E9:02:86"
            ]
        },
        {
            "server_name": "tr.simotvgold.com",
            "server_url": "http://tr.simotvgold.com/c/",
            "macs": [
                "00:1A:79:03:AE:D8",
                "00:1A:79:7B:F5:1D",
                "00:1A:79:BB:8D:A9"
            ]
        },
        {
            "server_name": "mutant.arrox.top",
            "server_url": "http://mutant.arrox.top/c/",
            "macs": [
                "00:1A:79:05:ED:89"
            ]
        },
        {
            "server_name": "6d.tanres.us",
            "server_url": "http://6d.tanres.us/c/",
            "macs": [
                "00:1A:79:A6:DE:EE",
                "00:1A:79:C2:4A:CB"
            ]
        },
        {
            "server_name": "iptvs4.ultapulta.com",
            "server_url": "http://iptvs4.ultapulta.com/stalker_portal/c/",
            "macs": [
                "00:1A:79:53:CA:8C",
                "00:1A:79:56:FB:73",
                "00:1A:79:5B:09:5D"
            ]
        },
        {
            "server_name": "invale.party",
            "server_url": "http://invale.party/c/",
            "macs": [
                "00:1A:79:4F:47:5B",
                "00:1A:79:B8:50:B3"
            ]
        },
        {
            "server_name": "45.139.122.199:8080",
            "server_url": "http://45.139.122.199:8080/c/",
            "macs": [
                "00:1A:79:62:B5:6F",
                "00:1A:79:A9:DC:6E",
                "00:1A:79:AE:B3:4E",
                "00:1A:79:B4:4F:8A",
                "00:1A:79:B6:7F:C2",
                "00:1A:79:C3:2D:39",
                "00:1A:79:C4:26:06",
                "00:1A:79:FE:A8:52"
            ]
        },
        {
            "server_name": "king.viviotv.xyz",
            "server_url": "http://king.viviotv.xyz/c/",
            "macs": [
                "00:1A:79:02:6A:E6",
                "00:1A:79:07:D4:F9",
                "00:1A:79:0A:44:BF",
                "00:1A:79:2B:EA:97",
                "00:1A:79:6E:5B:62",
                "00:1A:79:B1:FE:15",
                "00:1A:79:B4:F0:7B",
                "00:1A:79:B8:11:44",
                "00:1A:79:B9:3D:81",
                "00:1A:79:C6:FC:41",
                "00:1A:79:E0:36:20",
                "00:1A:79:FA:ED:BE"
            ]
        },
        {
            "server_name": "cluster.app.mm88.com.bd",
            "server_url": "http://cluster.app.mm88.com.bd/stalker_portal/c/",
            "macs": [
                "00:1A:79:7B:D5:89",
                "00:1A:79:7D:34:76",
                "00:1A:79:80:CD:8D"
            ]
        }
    ]
}