{
    "items": [
        {
            "server_name": "10cctv.fans:8080",
            "server_url": "http://10cctv.fans:8080/c/",
            "macs": [
                "00:1A:79:0B:E9:71",
                "00:1A:79:5F:76:8C",
                "00:1A:79:68:55:97",
                "00:1A:79:74:DB:4B",
                "00:1A:79:7E:7F:13",
                "00:1A:79:B4:31:72",
                "00:1A:79:C2:60:F4",
                "00:1A:79:CC:6D:21",
                "00:1A:79:F1:47:8C"
            ]
        },
        {
            "server_name": "llllllllliiiiiiiiiiiiii.funtogether.xyz:8080",
            "server_url": "http://llllllllliiiiiiiiiiiiii.funtogether.xyz:8080/c/",
            "macs": [
                "00:1A:79:10:D8:98",
                "00:1A:79:57:D9:10",
                "00:1A:79:AD:8E:B2",
                "00:1A:79:B9:FB:9C",
                "00:1A:79:BC:1A:02",
                "00:1A:79:BC:28:7C",
                "00:1A:79:BD:4F:BA",
                "00:1A:79:BF:88:98",
                "00:1A:79:CA:E7:8E"
            ]
        },
        {
            "server_name": "1234up.com:8080",
            "server_url": "http://1234up.com:8080/c/",
            "macs": [
                "00:1A:79:66:B6:90",
                "00:1A:79:C0:7F:0D",
                "00:1A:79:C7:9F:D2",
                "00:1A:79:C7:FA:8F",
                "00:1A:79:CC:21:EA",
                "00:1A:79:D1:9F:BC"
            ]
        },
        {
            "server_name": "4cms.cc:8080",
            "server_url": "http://4cms.cc:8080/c/",
            "macs": [
                "00:1A:79:A7:4E:97"
            ]
        },
        {
            "server_name": "line.protv.cc:80",
            "server_url": "http://line.protv.cc:80/c/",
            "macs": [
                "00:1A:79:05:EE:51",
                "00:1A:79:22:9F:62",
                "00:1A:79:33:DE:E1",
                "00:1A:79:48:48:80",
                "00:1A:79:4F:6E:BE",
                "00:1A:79:6B:08:5A",
                "00:1A:79:7C:63:EA",
                "00:1A:79:85:DF:F6",
                "00:1A:79:8C:0E:53",
                "00:1A:79:B4:BF:10",
                "00:1A:79:B5:B7:B4",
                "00:1A:79:BE:C1:B9",
                "00:1A:79:C4:4A:E4",
                "00:1A:79:E5:79:B4",
                "00:1A:79:F5:2E:5F"
            ]
        },
        {
            "server_name": "zepequeno.xyz:8080",
            "server_url": "http://zepequeno.xyz:8080/c/",
            "macs": [
                "00:1A:79:AD:A4:38",
                "00:1A:79:B7:1E:1F",
                "00:1A:79:C1:BF:BB",
                "00:1A:79:C8:13:15"
            ]
        },
        {
            "server_name": "trial48fb.hopto.org",
            "server_url": "http://trial48fb.hopto.org/stalker_portal/c/",
            "macs": [
                "00:1A:79:06:C1:51",
                "00:1A:79:2E:AA:F0",
                "00:1A:79:38:85:16"
            ]
        },
        {
            "server_name": "ogzpunk.live:8080",
            "server_url": "http://ogzpunk.live:8080/c/",
            "macs": [
                "00:1A:79:4D:05:30",
                "00:1A:79:D5:6F:F4"
            ]
        },
        {
            "server_name": "nordicone.eu:2095",
            "server_url": "http://nordicone.eu:2095/c/",
            "macs": [
                "00:1A:79:71:AF:82",
                "00:1A:79:B7:3F:00",
                "00:1A:79:BA:24:69",
                "00:1A:79:EE:A5:1C"
            ]
        },
        {
            "server_name": "line.iptvwings.com",
            "server_url": "http://line.iptvwings.com/c/",
            "macs": [
                "00:1A:79:C2:A1:06",
                "00:1A:79:E6:0B:0B"
            ]
        },
        {
            "server_name": "mag.ugoiptv.com",
            "server_url": "http://mag.ugoiptv.com/c/",
            "macs": [
                "00:1A:79:05:19:17",
                "00:1A:79:68:14:07",
                "00:1A:79:7A:FB:43"
            ]
        },
        {
            "server_name": "hans_monika.streamtv.to:8080",
            "server_url": "http://hans_monika.streamtv.to:8080/c/",
            "macs": [
                "00:1A:79:3A:0D:72",
                "00:1A:79:45:20:82",
                "00:1A:79:48:92:A9",
                "00:1A:79:50:62:D2",
                "00:1A:79:AD:B2:3E",
                "00:1A:79:BD:64:FD",
                "00:1A:79:D0:6E:D2",
                "00:1A:79:D1:90:99",
                "00:1A:79:DC:18:DB",
                "00:1A:79:EA:ED:35"
            ]
        },
        {
            "server_name": "mag.greatott.me",
            "server_url": "http://mag.greatott.me/c/",
            "macs": [
                "00:1A:79:18:1F:9F",
                "00:1A:79:98:1F:ED"
            ]
        },
        {
            "server_name": "line.iptveros.com:8000",
            "server_url": "http://line.iptveros.com:8000/c/",
            "macs": [
                "00:1A:79:63:DA:A8",
                "00:1A:79:B6:25:35",
                "00:1A:79:B8:CD:54"
            ]
        },
        {
            "server_name": "xegd.ultapulta.com",
            "server_url": "http://xegd.ultapulta.com/stalker_portal/c/",
            "macs": [
                "00:1A:79:4D:0E:0D",
                "00:1A:79:55:C5:07",
                "00:1A:79:56:3C:BE"
            ]
        },
        {
            "server_name": "autonis.me:80",
            "server_url": "http://autonis.me:80/c/",
            "macs": [
                "00:1A:79:8A:C1:CD",
                "00:1A:79:8B:B9:5E",
                "00:1A:79:8B:E0:EE",
                "00:1A:79:8E:8E:E0",
                "00:1A:79:8E:93:F5",
                "00:1A:79:8E:EA:28",
                "00:1A:79:8F:92:49"
            ]
        },
        {
            "server_name": "tkosportz.live:25461",
            "server_url": "http://tkosportz.live:25461/c/",
            "macs": [
                "00:1A:79:73:75:04",
                "00:1A:79:73:77:3A",
                "00:1A:79:E5:88:B1",
                "00:1A:79:E5:DD:AC",
                "00:1A:79:E5:E9:68",
                "00:1A:79:E5:FE:DE",
                "00:1A:79:E6:02:12",
                "00:1A:79:E6:06:EC",
                "00:1A:79:E6:47:40",
                "00:1A:79:E6:49:28",
                "00:1A:79:E6:4D:38",
                "00:1A:79:E6:CF:EC",
                "00:1A:79:E6:D2:8B"
            ]
        },
        {
            "server_name": "vip2102.112421.net:2050",
            "server_url": "http://vip2102.112421.net:2050/c/",
            "macs": [
                "00:1A:79:58:3F:8D",
                "00:1A:79:C9:D3:C8"
            ]
        },
        {
            "server_name": "mag.ukhd.tv",
            "server_url": "http://mag.ukhd.tv/c/",
            "macs": [
                "00:1A:79:3A:A1:6B"
            ]
        },
        {
            "server_name": "tv.psmarters.xyz:8080",
            "server_url": "http://tv.psmarters.xyz:8080/c/",
            "macs": [
                "00:1A:79:13:51:E3",
                "00:1A:79:13:51:E9",
                "00:1A:79:13:54:EF",
                "00:1A:79:13:55:59",
                "00:1A:79:13:55:65",
                "00:1A:79:13:57:45"
            ]
        },
        {
            "server_name": "d.tvplusfr.com",
            "server_url": "http://d.tvplusfr.com/c/",
            "macs": [
                "00:1A:79:00:09:D4",
                "00:1A:79:00:0B:44",
                "00:1A:79:00:0B:85"
            ]
        },
        {
            "server_name": "iup-tv.com:8080",
            "server_url": "http://iup-tv.com:8080/c/",
            "macs": [
                "00:1A:79:9E:30:A9",
                "00:1A:79:A6:E8:91",
                "00:1A:79:A9:D3:0F",
                "00:1A:79:AD:58:90",
                "00:1A:79:BC:D9:36",
                "00:1A:79:BE:90:48"
            ]
        },
        {
            "server_name": "rufus.zone",
            "server_url": "http://rufus.zone/stalker_portal/c/",
            "macs": [
                "00:1A:79:9D:29:77",
                "00:1A:79:9E:06:5F"
            ]
        }
    ]
}