{
    "items": [
        {
            "server_name": "power4kiptv.info:8080",
            "server_url": "http://power4kiptv.info:8080/c/",
            "macs": [
                "00:1A:79:E7:43:81"
            ]
        },
        {
            "server_name": "anonymoustv.club",
            "server_url": "http://anonymoustv.club/c/",
            "macs": [
                "00:1A:79:51:3F:C7",
                "00:1A:79:54:62:5E",
                "00:1A:79:57:A3:20",
                "00:1A:79:5A:81:7B",
                "00:1A:79:5E:60:8F",
                "00:1A:79:70:73:57",
                "00:1A:79:A9:D6:D8",
                "00:1A:79:AE:13:30",
                "00:1A:79:B0:63:33",
                "00:1A:79:EB:77:9A"
            ]
        },
        {
            "server_name": "mutant.arrox.top",
            "server_url": "http://mutant.arrox.top/c/",
            "macs": [
                "00:1A:79:4F:AD:D0",
                "00:1A:79:D4:4E:15"
            ]
        },
        {
            "server_name": "line.maxir.biz:8080",
            "server_url": "http://line.maxir.biz:8080/c/",
            "macs": [
                "00:1A:79:31:20:6C",
                "00:1A:79:44:A8:84",
                "00:1A:79:A7:43:46"
            ]
        },
        {
            "server_name": "fast.newdns.world",
            "server_url": "http://fast.newdns.world/c/",
            "macs": [
                "00:1A:79:C5:62:7E"
            ]
        },
        {
            "server_name": "wyveep.com:8080",
            "server_url": "http://wyveep.com:8080/c/",
            "macs": [
                "00:1A:79:BB:13:38",
                "00:1A:79:C6:3C:EE",
                "00:1A:79:CA:F1:F2"
            ]
        },
        {
            "server_name": "web2021.biz:8080",
            "server_url": "http://web2021.biz:8080/c/",
            "macs": [
                "00:1A:79:6A:67:3A"
            ]
        },
        {
            "server_name": "nicolaj.123tv.to:8080",
            "server_url": "http://nicolaj.123tv.to:8080/c/",
            "macs": [
                "00:1A:79:73:32:75",
                "00:1A:79:AA:C0:B6",
                "00:1A:79:B8:78:00",
                "00:1A:79:C1:0C:D3"
            ]
        },
        {
            "server_name": "185.243.7.154",
            "server_url": "http://185.243.7.154/c/",
            "macs": [
                "00:1A:79:38:68:06",
                "00:1A:79:94:9A:4D",
                "00:1A:79:D8:26:5A"
            ]
        },
        {
            "server_name": "elite41iptv.streamtv.to:8080",
            "server_url": "http://elite41iptv.streamtv.to:8080/c/",
            "macs": [
                "00:1A:79:E3:74:15"
            ]
        },
        {
            "server_name": "1234up.com:8080",
            "server_url": "http://1234up.com:8080/c/",
            "macs": [
                "00:1A:79:44:7E:58",
                "00:1A:79:AA:CB:89",
                "00:1A:79:AE:7E:87",
                "00:1A:79:AE:C1:25",
                "00:1A:79:B1:00:6D",
                "00:1A:79:B2:A1:CA",
                "00:1A:79:B2:A2:32",
                "00:1A:79:B3:B7:44",
                "00:1A:79:B5:90:E9",
                "00:1A:79:CC:FC:39",
                "00:1A:79:CD:1A:71",
                "00:1A:79:D0:F9:DF"
            ]
        },
        {
            "server_name": "138.199.129.101",
            "server_url": "http://138.199.129.101/stalker_portal/c/",
            "macs": [
                "00:1A:79:78:55:3E",
                "00:1A:79:78:5D:A5",
                "00:1A:79:7A:26:26",
                "00:1A:79:7B:C0:66",
                "00:1A:79:7C:8B:D9",
                "00:1A:79:7D:F4:57",
                "00:1A:79:7E:B6:DE",
                "00:1A:79:7F:43:9C"
            ]
        },
        {
            "server_name": "prime.casacam.net",
            "server_url": "http://prime.casacam.net/c/",
            "macs": [
                "00:1A:79:00:12:71",
                "00:1A:79:00:1D:7E"
            ]
        },
        {
            "server_name": "45.139.122.199:8080",
            "server_url": "http://45.139.122.199:8080/c/",
            "macs": [
                "00:1A:79:4C:F4:86",
                "00:1A:79:89:AC:58",
                "00:1A:79:9C:A9:6C",
                "00:1A:79:B3:D1:D1",
                "00:1A:79:BA:A6:29",
                "00:1A:79:C6:FB:BA"
            ]
        },
        {
            "server_name": "king.viviotv.xyz",
            "server_url": "http://king.viviotv.xyz/c/",
            "macs": [
                "00:1A:79:24:39:E0",
                "00:1A:79:4B:78:A7",
                "00:1A:79:59:EE:E3",
                "00:1A:79:7B:6E:0C",
                "00:1A:79:7D:ED:1E",
                "00:1A:79:CF:0A:34"
            ]
        }
    ]
}