{
    "items": [
        {
            "server_name": "magentalive.eu:8080",
            "server_url": "http://magentalive.eu:8080/c/",
            "macs": [
                "00:1A:79:A6:9C:99"
            ]
        },
        {
            "server_name": "lionshd.me",
            "server_url": "http://lionshd.me/c/",
            "macs": [
                "00:1A:79:77:9B:C5",
                "00:1A:79:A7:E9:CA",
                "00:1A:79:4B:6A:28",
                "00:1A:79:78:5A:95",
                "00:1A:79:65:D6:2C"
            ]
        },
        {
            "server_name": "1234up.com:8080",
            "server_url": "http://1234up.com:8080/c/",
            "macs": [
                "00:1A:79:AE:48:D1",
                "00:1A:79:BC:03:05",
                "00:1A:79:23:58:5A",
                "00:1A:79:B2:A1:5B",
                "00:1A:79:CB:7F:5B"
            ]
        },
        {
            "server_name": "107.189.14.168:8080",
            "server_url": "http://107.189.14.168:8080/c/",
            "macs": [
                "00:1A:79:51:D7:FD",
                "00:1A:79:6B:EB:C1",
                "00:1A:79:69:22:95",
                "00:1A:79:78:75:3B",
                "00:1A:79:57:4C:E6"
            ]
        },
        {
            "server_name": "trxx.in:80",
            "server_url": "http://trxx.in:80/c/",
            "macs": [
                "00:1A:79:CB:97:56",
                "00:1A:79:00:01:11",
                "00:1A:79:00:00:88",
                "00:1A:79:00:01:71",
                "00:1A:79:00:01:E7",
                "00:1A:79:9B:E9:F8",
                "00:1A:79:BF:42:7D",
                "00:1A:79:00:00:88",
                "00:1A:79:00:01:E6",
                "00:1A:79:FB:49:76",
                "00:1A:79:57:F9:A3",
                "00:1A:79:ED:C1:40",
                "00:1A:79:74:DF:D5",
                "00:1A:79:E2:2E:1B",
                "00:1A:79:00:04:65",
                "00:1A:79:0B:BB:AC"
            ]
        },
        {
            "server_name": "restream.cdn-4k.cloud:80",
            "server_url": "http://restream.cdn-4k.cloud:80/c/",
            "macs": [
                "00:1A:79:46:4C:FB",
                "00:1A:79:CA:9E:FF",
                "00:1A:79:BB:2A:18",
                "00:1A:79:72:6D:5D",
                "00:1A:79:1E:98:79",
                "00:1A:79:10:1F:39",
                "00:1A:79:B6:46:CD",
                "00:1A:79:35:31:30",
                "00:1A:79:00:32:32",
                "00:1A:79:77:8D:CF",
                "00:1A:79:6A:E2:59",
                "00:1A:79:6A:E2:59"
            ]
        },
        {
            "server_name": "16243-sides.cdn-o2.me",
            "server_url": "http://16243-sides.cdn-o2.me/c/",
            "macs": [
                "00:1A:79:24:82:6B",
                "00:1A:79:43:E5:51",
                "00:1A:79:35:9A:1F"
            ]
        },
        {
            "server_name": "unknown.protv.cc:80",
            "server_url": "http://unknown.protv.cc:80/c/",
            "macs": [
                "00:1A:79:2c:da:bc",
                "00:1A:79:d2:2f:ce",
                "00:1A:79:32:c2:f2",
                "00:1A:79:59:1f:34",
                "00:1A:79:98:5f:8a",
                "00:1A:79:92:ca:c7",
                "00:1A:79:28:8a:18",
                "00:1A:79:c2:04:f9",
                "00:1A:79:78:86:cd",
                "00:1A:79:47:49:2f",
                "00:1A:79:af:99:2d",
                "00:1A:79:9c:cf:78",
                "00:1A:79:17:1e:77",
                "00:1A:79:06:af:76",
                "00:1A:79:4b:36:41",
                "00:1A:79:e6:a2:91",
                "00:1A:79:c1:ef:18",
                "00:1A:79:19:49:d9",
                "00:1A:79:78:5a:16"
            ]
        },
        {
            "server_name": "maxhdott.com:80",
            "server_url": "http://maxhdott.com:80/c/",
            "macs": [
                "00:1A:79:55:32:9a",
                "00:1A:79:61:81:f2",
                "00:1A:79:8f:4a:19",
                "00:1A:79:a4:4a:38",
                "00:1A:79:af:00:33",
                "00:1A:79:7c:7f:63",
                "00:1A:79:c3:df:23",
                "00:1A:79:2a:42:84",
                "00:1A:79:c3:95:b1",
                "00:1A:79:48:98:5a",
                "00:1A:79:e7:25:b2",
                "00:1A:79:5c:75:46",
                "00:1A:79:c9:c5:7a",
                "00:1A:79:b5:0f:dc",
                "00:1A:79:b8:2f:6a",
                "00:1A:79:75:8b:29",
                "00:1A:79:6f:0c:e2",
                "00:1A:79:01:ee:52",
                "00:1A:79:97:bb:a1",
                "00:1A:79:74:61:68",
                "00:1A:79:18:0b:e5"
            ]
        },
        {
            "server_name": "rufus.zone",
            "server_url": "http://rufus.zone/stalker_portal/c/",
            "macs": [
                "00:1A:79:65:77:31",
                "00:1A:79:37:2F:61"
            ]
        },
        {
            "server_name": "m.suportline.xyz",
            "server_url": "http://m.suportline.xyz/stalker_portal/c/",
            "macs": [
                "00:1A:79:52:FF:A5"
            ]
        },
        {
            "server_name": "nitrotv.biz:80",
            "server_url": "http://nitrotv.biz:80/c/",
            "macs": [
                "00:1A:79:AB:A8:3A",
                "00:1A:79:AB:8F:67",
                "00:1A:79:A4:71:3F",
                "00:1A:79:AE:AC:7F"
            ]
        },
        {
            "server_name": "mutant.arrox.top:80",
            "server_url": "http://mutant.arrox.top:80/c/",
            "macs": [
                "00:1A:79:0E:38:25",
                "00:1A:79:EA:95:C6",
                "00:1A:79:AB:C1:88",
                "00:1A:79:99:92:5F",
                "00:1A:79:02:F6:E5",
                "00:1A:79:25:3F:2D",
                "00:1A:79:B7:2B:32",
                "00:1A:79:A7:E0:B3",
                "00:1A:79:28:1F:0E",
                "00:1A:79:84:B0:1D"
            ]
        },
        {
            "server_name": "lllllliiiiiiidsa9.funtogether.xyz:8080",
            "server_url": "http://lllllliiiiiiidsa9.funtogether.xyz:8080/c/",
            "macs": [
                "00:1A:79:A1:FB:B1",
                "00:1A:79:26:E9:6B",
                "00:1A:79:C8:78:7B",
                "00:1A:79:BD:2A:A7",
                "00:1A:79:50:E0:F0",
                "00:1A:79:3F:C1:64"
            ]
        }
    ]
}