{
    "items": [
        {
            "server_name": "mutant.arrox.top:80",
            "server_url": "http://mutant.arrox.top:80/c/",
            "macs": [
                "00:1A:79:d2:e0:75",
                "00:1A:79:88:0b:ef",
                "00:1A:79:09:56:bd",
                "00:1A:79:ba:30:5d",
                "00:1A:79:ce:38:6b",
                "00:1A:79:0f:92:4d",
                "00:1A:79:0f:92:4d",
                "00:1A:79:37:2e:ca"
            ]
        },
        {
            "server_name": "hd-max.org:8080",
            "server_url": "http://hd-max.org:8080/c/",
            "macs": [
                "00:1A:79:01:2A:83",
                "00:1A:79:BA:1E:87",
                "00:1A:79:5C:3B:3F",
                "00:1A:79:80:F4:1E",
                "00:1a:79:ab:a1:5b",
                "00:1a:79:4f:5d:a9",
                "00:1a:79:b4:ed:d8",
                "00:1a:79:94:fe:2c",
                "00:1a:79:05:80:8c"
            ]
        },
        {
            "server_name": "iptvserver.info:8080",
            "server_url": "http://iptvserver.info:8080/c/",
            "macs": [
                "00:1A:79:AE:21:19",
                "00:1A:79:C1:AF:F3",
                "00:1A:79:39:1B:DB",
                "00:1A:79:92:78:9C"
            ]
        }
    ]
}