{
    "items": [
        {
            "server_name": "restream.cdn-4k.cloud",
            "server_url": "http://restream.cdn-4k.cloud/c/",
            "macs": [
                "00:1A:79:CE:48:8A"
            ]
        },
        {
            "server_name": "1234up.com:8080",
            "server_url": "http://1234up.com:8080/c/",
            "macs": [
                "00:1A:79:1C:0F:BF",
                "00:1A:79:D0:FC:20",
                "00:1A:79:CE:3A:52",
                "00:1A:79:C1:CE:9B",
                "00:1A:79:A6:E5:34"
            ]
        },
        {
            "server_name": "cbrlig.com:8080",
            "server_url": "http://cbrlig.com:8080/c/",
            "macs": [
                "00:1A:79:B7:15:D3",
                "00:1A:79:6B:4C:3A",
                "00:1A:79:6C:DE:8A",
                "00:1A:79:B5:B3:90"
            ]
        },
        {
            "server_name": "alexiptv.ddns.me:8080",
            "server_url": "http://alexiptv.ddns.me:8080/c/",
            "macs": [
                "00:1A:79:01:6E:3F"
            ]
        },
        {
            "server_name": "omeucanal.xyz",
            "server_url": "http://omeucanal.xyz/c/",
            "macs": [
                "00:1A:79:BD:4A:C6"
            ]
        },
        {
            "server_name": "107.189.14.168:8080",
            "server_url": "http://107.189.14.168:8080/c/",
            "macs": [
                "00:1A:79:D7:90:46",
                "00:1A:79:AE:6F:9D",
                "00:1A:79:52:35:4F",
                "00:1A:79:6A:BB:FF",
                "00:1A:79:59:4D:D1"
            ]
        },
        {
            "server_name": "new.nexatv.be",
            "server_url": "http://new.nexatv.be/stalker_portal/c/",
            "macs": [
                "00:1A:79:D5:06:92",
                "00:1A:79:7A:57:B3",
                "00:1A:79:41:41:14",
                "00:1A:79:55:0E:E9",
                "00:1A:79:90:B3:4D",
                "00:1A:79:4A:D1:F0",
                "00:1A:79:5C:95:29",
                "00:1A:79:C7:17:E4",
                "00:1A:79:BC:6B:35",
                "00:1A:79:05:31:81",
                "00:1A:79:FB:F8:FA",
                "00:1A:79:78:CA:77"
            ]
        },
        {
            "server_name": "zap4k.me",
            "server_url": "http://zap4k.me/stalker_portal/c/",
            "macs": [
                "00:1A:79:BA:E1:F3",
                "00:1A:79:9E:06:2C",
                "00:1A:79:06:84:4A",
                "00:1A:79:2B:5F:FA",
                "00:1A:79:12:3C:DB",
                "00:1A:79:73:9B:11",
                "00:1A:79:CD:33:9A",
                "00:1A:79:2D:12:BF",
                "00:1A:79:CC:D1:AD",
                "00:1A:79:C4:15:EB",
                "00:1A:79:BB:CA:40",
                "00:1A:79:00:2D:3B"
            ]
        },
        {
            "server_name": "22297-hot.cloud-ott.me:80",
            "server_url": "http://22297-hot.cloud-ott.me:80/c/",
            "macs": [
                "00:1A:79:2d:24:c1",
                "00:1A:79:5a:f4:dc",
                "00:1A:79:b5:94:94",
                "00:1A:79:e6:77:44",
                "00:1A:79:88:dc:5b",
                "00:1A:79:d7:7f:48",
                "00:1A:79:4f:22:d1",
                "00:1A:79:b6:74:25",
                "00:1A:79:8e:fe:e5",
                "00:1A:79:f1:ae:c7",
                "00:1A:79:4a:b8:23",
                "00:1A:79:24:84:9b"
            ]
        },
        {
            "server_name": "256.myvnc.com:80",
            "server_url": "http://256.myvnc.com:80/c/",
            "macs": [
                "00:1A:79:56:7e:0a",
                "00:1A:79:4a:c7:a2",
                "00:1A:79:66:6f:c3",
                "00:1A:79:f3:7f:e3",
                "00:1A:79:c3:97:03",
                "00:1A:79:12:b1:7e",
                "00:1A:79:9f:8c:1e",
                "00:1A:79:6c:f3:57",
                "00:1A:79:c5:20:b5",
                "00:1A:79:73:29:06",
                "00:1A:79:cb:88:ff"
            ]
        },
        {
            "server_name": "pars01.com:8080",
            "server_url": "http://pars01.com:8080/c/",
            "macs": [
                "00:1A:79:83:6F:D0",
                "00:1A:79:08:ef:74"
            ]
        },
        {
            "server_name": "skunkytv.live:80",
            "server_url": "http://skunkytv.live:80/c/",
            "macs": [
                "00:1A:79:4A:9B:00"
            ]
        },
        {
            "server_name": "cmc.best-ott.me",
            "server_url": "http://cmc.best-ott.me/c/",
            "macs": [
                "00:1A:79:00:14:C5"
            ]
        },
        {
            "server_name": "mag.ukhd.tv",
            "server_url": "http://mag.ukhd.tv/c/",
            "macs": [
                "00:1A:79:0D:4F:8A",
                "00:1A:79:05:DC:DD",
                "00:1A:79:6F:7F:90",
                "00:1A:79:76:1B:7D"
            ]
        },
        {
            "server_name": "testdi.proxytx.cloud",
            "server_url": "http://testdi.proxytx.cloud/c/",
            "macs": [
                "00:1A:79:B2:24:40",
                "00:1A:79:6B:F5:60",
                "00:1A:79:F5:00:25",
                "00:1A:79:D4:3B:71"
            ]
        },
        {
            "server_name": "wyveep.com:8080",
            "server_url": "http://wyveep.com:8080/c/",
            "macs": [
                "00:1A:79:D3:08:6B",
                "00:1A:79:BF:55:8A",
                "00:1A:79:D0:DD:FA"
            ]
        },
        {
            "server_name": "95.214.232.47",
            "server_url": "http://95.214.232.47/c/",
            "macs": [
                "00:1A:79:FB:48:65"
            ]
        },
        {
            "server_name": "www.login.a1days.com",
            "server_url": "http://www.login.a1days.com/c/",
            "macs": [
                "00:1A:79:19:1F:37",
                "00:1A:79:4F:25:19",
                "00:1A:79:5E:47:A4"
            ]
        },
        {
            "server_name": "skunkytv.live",
            "server_url": "http://skunkytv.live/c/",
            "macs": [
                "00:1A:79:00:18:12",
                "00:1a:79:a1:e4:04"
            ]
        },
        {
            "server_name": "nitrotv.biz:25750",
            "server_url": "http://nitrotv.biz:25750/c/",
            "macs": [
                "00:1A:79:3D:1F:47",
                "00:1A:79:55:9F:06"
            ]
        },
        {
            "server_name": "1.germany4k.xyz",
            "server_url": "http://1.germany4k.xyz/c/",
            "macs": [
                "00:1A:79:C5:E7:50",
                "00:1A:79:C4:4F:B2",
                "00:1A:79:5E:86:B3",
                "00:1A:79:C1:92:63",
                "00:1A:79:3A:A8:66"
            ]
        }
    ]
}