{
    "items": [
        {
            "server_name": "cooltv4u.xyz",
            "server_url": "http://cooltv4u.xyz/stalker_portal/c/",
            "macs": [
                "00:1A:79:00:11:32",
                "00:1A:79:62:46:12",
                "00:1A:79:73:E5:02",
                "00:1A:79:78:EA:12",
                "00:1A:79:78:EC:66",
                "00:1A:79:7B:08:38",
                "00:1A:79:7D:FB:A5",
                "00:1A:79:80:D9:BB",
                "00:1A:79:81:9A:04",
                "00:1A:79:B1:57:31",
                "00:1A:79:B2:DD:61"
            ]
        },
        {
            "server_name": "hdmiclub.online:8080",
            "server_url": "http://hdmiclub.online:8080/c/",
            "macs": [
                "00:1A:79:41:21:61",
                "00:1A:79:53:31:2D",
                "00:1A:79:59:C9:33",
                "00:1A:79:A3:11:B0",
                "00:1A:79:B7:27:D8",
                "00:1A:79:D1:AD:FE"
            ]
        },
        {
            "server_name": "uhd3.one",
            "server_url": "http://uhd3.one/c/",
            "macs": [
                "00:1A:79:32:EE:57",
                "00:1A:79:72:E6:F4",
                "00:1A:79:87:FB:10",
                "00:1A:79:A6:E6:71",
                "00:1A:79:B6:46:C5",
                "00:1A:79:CD:D8:10"
            ]
        }
    ]
}