{
    "items": [
        {
            "server_name": "skunkytv.live:80",
            "server_url": "http://skunkytv.live:80/c/",
            "macs": [
                "00:1A:79:c0:03:7e",
                "00:1A:79:85:9F:D9",
                "00:1A:79:76:93:47"
            ]
        },
        {
            "server_name": "tv.dino-code.site",
            "server_url": "http://tv.dino-code.site/c/",
            "macs": [
                "00:1A:79:82:A9:2C"
            ]
        },
        {
            "server_name": "107.189.14.168:8080",
            "server_url": "http://107.189.14.168:8080/c/",
            "macs": [
                "00:1A:79:43:7F:AA"
            ]
        },
        {
            "server_name": "256.myvnc.com:80",
            "server_url": "http://256.myvnc.com:80/c/",
            "macs": [
                "00:1A:79:4a:c7:a2",
                "00:1A:79:66:6f:c3"
            ]
        }
    ]
}