{
    "items": [
        {
            "server_name": "breakfa5t.club",
            "server_url": "http://breakfa5t.club/c/",
            "macs": [
                "00:1A:79:00:21:98",
                "00:1A:79:21:02:F3",
                "00:1A:79:45:1D:1A",
                "00:1A:79:4F:EB:C7",
                "00:1A:79:56:F3:FA",
                "00:1A:79:59:4B:67",
                "00:1A:79:75:34:A3",
                "00:1A:79:78:33:F1",
                "00:1A:79:79:ED:48",
                "00:1A:79:7E:01:5D",
                "00:1A:79:7E:01:C2",
                "00:1A:79:B5:5F:F7",
                "00:1A:79:C0:98:9A",
                "00:1A:79:DE:AC:5D",
                "00:1A:79:ED:FC:C2"
            ]
        },
        {
            "server_name": "avare.kingtv.pw:80",
            "server_url": "http://avare.kingtv.pw:80/c/",
            "macs": [
                "00:1A:79:77:04:E4"
            ]
        },
        {
            "server_name": "adenmedia.net:80",
            "server_url": "http://adenmedia.net:80/c/",
            "macs": [
                "00:1A:79:B4:B4:08",
                "00:1A:79:E0:3F:54"
            ]
        },
        {
            "server_name": "bes5.alphatx.me:80",
            "server_url": "http://bes5.alphatx.me:80/c/",
            "macs": [
                "00:1A:79:5E:87:22",
                "00:1A:79:78:8B:D8",
                "00:1A:79:82:15:C1",
                "00:1A:79:AD:77:9A",
                "00:1A:79:AD:CA:C1",
                "00:1A:79:B0:E2:5F",
                "00:1A:79:C8:48:61"
            ]
        },
        {
            "server_name": "107.189.14.168:8080",
            "server_url": "http://107.189.14.168:8080/c/",
            "macs": [
                "00:1A:79:CE:7E:AE"
            ]
        },
        {
            "server_name": "ix.kingtv.pw:80",
            "server_url": "http://ix.kingtv.pw:80/c/",
            "macs": [
                "00:1A:79:7B:2F:A3",
                "00:1A:79:A5:C0:CE"
            ]
        },
        {
            "server_name": "138.199.129.101:80",
            "server_url": "http://138.199.129.101:80/c/",
            "macs": [
                "00:1A:79:7D:30:0D",
                "00:1A:79:81:2F:E4"
            ]
        },
        {
            "server_name": "line.myox.me:80",
            "server_url": "http://line.myox.me:80/c/",
            "macs": [
                "00:1A:79:18:15:08",
                "00:1A:79:19:36:17",
                "00:1A:79:34:30:99",
                "00:1A:79:63:38:70"
            ]
        },
        {
            "server_name": "23232.top:80",
            "server_url": "http://23232.top:80/c/",
            "macs": [
                "00:1A:79:D9:D2:EA"
            ]
        },
        {
            "server_name": "mag.king-4k.cc:80",
            "server_url": "http://mag.king-4k.cc:80/c/",
            "macs": [
                "00:1A:79:AD:5B:D1"
            ]
        },
        {
            "server_name": "desivicky.pktv.me:80",
            "server_url": "http://desivicky.pktv.me:80/c/",
            "macs": [
                "00:1A:79:9E:54:B7"
            ]
        },
        {
            "server_name": "ix.kingtv.pw",
            "server_url": "http://ix.kingtv.pw/c/",
            "macs": [
                "00:1A:79:13:50:35",
                "00:1A:79:13:50:86",
                "00:1A:79:14:E3:62",
                "00:1A:79:14:E7:0B",
                "00:1A:79:14:EA:8D",
                "00:1A:79:52:6A:56",
                "00:1A:79:A0:E1:65",
                "00:1A:79:F9:AC:F0"
            ]
        },
        {
            "server_name": "tv-centreduquebec.info:80",
            "server_url": "http://tv-centreduquebec.info:80/c/",
            "macs": [
                "00:1A:79:B2:FE:7A"
            ]
        },
        {
            "server_name": "proxym3u.watchtv.best:80",
            "server_url": "http://proxym3u.watchtv.best:80/c/",
            "macs": [
                "00:1A:79:00:00:00",
                "00:1A:79:00:0D:DF",
                "00:1A:79:17:1E:1E",
                "00:1A:79:74:ED:76",
                "00:1A:79:81:59:DA",
                "00:1A:79:A7:51:3D",
                "00:1A:79:AB:BD:02",
                "00:1A:79:B6:56:90",
                "00:1A:79:B8:6A:A6",
                "00:1A:79:C3:87:FA",
                "00:1A:79:C4:5C:A1"
            ]
        },
        {
            "server_name": "dino.proxytx.cloud",
            "server_url": "http://dino.proxytx.cloud/c/",
            "macs": [
                "00:1A:79:00:1C:B0",
                "00:1A:79:03:05:1F",
                "00:1A:79:6F:92:53",
                "00:1A:79:88:88:16",
                "00:1A:79:90:20:BB",
                "00:1A:79:AD:E9:63",
                "00:1A:79:B6:46:9F",
                "00:1A:79:B6:46:A1",
                "00:1A:79:B8:ED:42",
                "00:1A:79:C5:0E:30",
                "00:1A:79:CB:1D:27",
                "00:1A:79:DE:0E:43",
                "00:1A:79:F5:01:0F"
            ]
        },
        {
            "server_name": "cf.gocdn8k.me",
            "server_url": "http://cf.gocdn8k.me/c/",
            "macs": [
                "00:1A:79:00:1F:45",
                "00:1A:79:00:1F:5F",
                "00:1A:79:00:1F:63",
                "00:1A:79:4F:32:21",
                "00:1A:79:4F:32:EF",
                "00:1A:79:50:D1:8A",
                "00:1A:79:B4:F0:5E",
                "00:1A:79:B4:F0:5F",
                "00:1A:79:B4:F0:60",
                "00:1A:79:B4:F0:62",
                "00:1A:79:B4:F0:64",
                "00:1A:79:B4:F0:6D",
                "00:1A:79:B4:F0:72",
                "00:1A:79:B4:F0:81",
                "00:1A:79:F5:3A:A5",
                "00:1A:79:F5:3A:ED"
            ]
        },
        {
            "server_name": "4kforyou.pro:2052",
            "server_url": "http://4kforyou.pro:2052/c/",
            "macs": [
                "00:1A:79:41:E7:BC",
                "00:1A:79:4F:CF:8C",
                "00:1A:79:54:F8:DD",
                "00:1A:79:5C:E7:6C",
                "00:1A:79:64:39:16",
                "00:1A:79:67:59:0D",
                "00:1A:79:6C:2A:B3",
                "00:1A:79:6F:9F:35",
                "00:1A:79:73:5B:59",
                "00:1A:79:7A:19:B7",
                "00:1A:79:80:8A:BD",
                "00:1A:79:8B:2A:67",
                "00:1A:79:8B:3B:F1",
                "00:1A:79:A5:C5:22",
                "00:1A:79:BA:F4:B5",
                "00:1A:79:C9:46:B0"
            ]
        },
        {
            "server_name": "mimozat.network",
            "server_url": "http://mimozat.network/c/",
            "macs": [
                "00:1A:79:18:18:AD",
                "00:1A:79:58:BE:B3",
                "00:1A:79:7F:72:25",
                "00:1A:79:94:FA:7B",
                "00:1A:79:BD:8C:FB",
                "00:1A:79:C6:2E:21",
                "00:1A:79:D8:30:25"
            ]
        },
        {
            "server_name": "200.26.188.66",
            "server_url": "http://200.26.188.66/c/",
            "macs": [
                "00:1A:79:0E:1B:EF",
                "00:1A:79:19:22:07",
                "00:1A:79:33:01:2A",
                "00:1A:79:4D:05:39",
                "00:1A:79:4D:05:AA",
                "00:1A:79:4D:05:D8",
                "00:1A:79:50:45:EC",
                "00:1A:79:BF:DA:D1",
                "00:1A:79:BF:DE:31",
                "00:1A:79:BF:DE:D6",
                "00:1A:79:C1:E0:48",
                "00:1A:79:C6:EA:FA",
                "00:1A:79:C7:EF:DC",
                "00:1A:79:CE:38:30"
            ]
        },
        {
            "server_name": "un1.anonymoustv.club:80",
            "server_url": "http://un1.anonymoustv.club:80/c/",
            "macs": [
                "00:1A:79:00:00:00",
                "00:1A:79:00:20:4A",
                "00:1A:79:30:64:37",
                "00:1A:79:4B:39:50",
                "00:1A:79:7D:7B:21",
                "00:1A:79:7E:00:EC",
                "00:1A:79:A4:62:24",
                "00:1A:79:B0:60:9A",
                "00:1A:79:B4:51:8D",
                "00:1A:79:B4:F8:F8",
                "00:1A:79:BA:37:DC",
                "00:1A:79:BA:A5:A4",
                "00:1A:79:BD:63:CB"
            ]
        },
        {
            "server_name": "apksmart.dino.ws",
            "server_url": "http://apksmart.dino.ws/c/",
            "macs": [
                "00:1A:79:B5:69:3A"
            ]
        },
        {
            "server_name": "jt-info.xyz",
            "server_url": "http://jt-info.xyz/c/",
            "macs": [
                "00:1A:79:37:AE:37",
                "00:1A:79:4F:A7:DC",
                "00:1A:79:B4:E7:DB"
            ]
        },
        {
            "server_name": "alpha-2ott.me",
            "server_url": "http://alpha-2ott.me/c/",
            "macs": [
                "00:1A:79:2D:42:D4"
            ]
        },
        {
            "server_name": "web2021.biz:8080",
            "server_url": "http://web2021.biz:8080/c/",
            "macs": [
                "00:1A:79:A7:F5:A9",
                "00:1A:79:A8:1C:38",
                "00:1A:79:A8:57:5A"
            ]
        },
        {
            "server_name": "platinumz.xyz:8080",
            "server_url": "http://platinumz.xyz:8080/c/",
            "macs": [
                "00:1A:79:01:6D:A9",
                "00:1A:79:01:70:2A",
                "00:1A:79:6E:28:5E"
            ]
        },
        {
            "server_name": "gustavinho.xyz:8080",
            "server_url": "http://gustavinho.xyz:8080/c/",
            "macs": [
                "00:1A:79:01:A4:12",
                "00:1A:79:B0:4F:04",
                "00:1A:79:BC:2B:E5"
            ]
        },
        {
            "server_name": "llllllllliosdaiiii1iiiiiiiii.funtogether.xyz:8080",
            "server_url": "http://llllllllliosdaiiii1iiiiiiiii.funtogether.xyz:8080/c/",
            "macs": [
                "00:1A:79:09:CE:B4",
                "00:1A:79:24:53:49",
                "00:1A:79:25:8F:1E",
                "00:1A:79:31:04:C2",
                "00:1A:79:37:B8:CA",
                "00:1A:79:50:ED:DA"
            ]
        },
        {
            "server_name": "mag.4k365.xyz:80",
            "server_url": "http://mag.4k365.xyz:80/c/",
            "macs": [
                "00:1A:79:16:65:59",
                "00:1A:79:74:55:68",
                "00:1A:79:80:78:05"
            ]
        },
        {
            "server_name": "cbrlig.com:8080",
            "server_url": "http://cbrlig.com:8080/c/",
            "macs": [
                "00:1A:79:0A:CC:95",
                "00:1A:79:0F:C2:D4"
            ]
        },
        {
            "server_name": "edge.bz:8080",
            "server_url": "http://edge.bz:8080/c/",
            "macs": [
                "00:1A:79:34:14:61"
            ]
        },
        {
            "server_name": "alexiptv.ddns.me:8080",
            "server_url": "http://alexiptv.ddns.me:8080/c/",
            "macs": [
                "00:1A:79:F6:08:B8"
            ]
        },
        {
            "server_name": "hans_monika.streamtv.to:8080",
            "server_url": "http://hans_monika.streamtv.to:8080/c/",
            "macs": [
                "00:1A:79:44:18:B8",
                "00:1A:79:51:96:46",
                "00:1A:79:75:9E:FA",
                "00:1A:79:A1:32:43",
                "00:1A:79:C2:0A:89"
            ]
        },
        {
            "server_name": "vipzeus4k.xyz:8080",
            "server_url": "http://vipzeus4k.xyz:8080/c/",
            "macs": [
                "00:1A:79:0F:4A:3C",
                "00:1A:79:10:40:C8",
                "00:1A:79:10:D5:C1",
                "00:1A:79:1A:00:2B",
                "00:1A:79:3C:73:83",
                "00:1A:79:94:83:3D",
                "00:1A:79:AF:50:CA"
            ]
        },
        {
            "server_name": "kmkus.wanicelife.com:8880",
            "server_url": "http://kmkus.wanicelife.com:8880/c/",
            "macs": [
                "00:1A:79:70:E9:D1",
                "00:1A:79:8E:D8:C6"
            ]
        },
        {
            "server_name": "sf.bleutv.net:8080",
            "server_url": "http://sf.bleutv.net:8080/c/",
            "macs": [
                "00:1A:79:CF:B1:3B"
            ]
        },
        {
            "server_name": "line.iptvwings.com",
            "server_url": "http://line.iptvwings.com/c/",
            "macs": [
                "00:1A:79:61:33:32",
                "00:1A:79:66:E0:64",
                "00:1A:79:AF:74:97"
            ]
        },
        {
            "server_name": "line.iptvgoat.com",
            "server_url": "http://line.iptvgoat.com/c/",
            "macs": [
                "00:1A:79:00:20:3C",
                "00:1A:79:0F:EB:AA",
                "00:1A:79:42:EA:29",
                "00:1A:79:43:FB:CC",
                "00:1A:79:A6:AA:73",
                "00:1A:79:D2:27:B0",
                "00:1A:79:E7:57:53"
            ]
        },
        {
            "server_name": "frt23.mi20.cc",
            "server_url": "http://frt23.mi20.cc/stalker_portal/c/",
            "macs": [
                "00:1A:79:41:3E:AD"
            ]
        }
    ]
}