{
    "items": [
        {
            "server_name": "brokentv.rip:8080",
            "server_url": "http://brokentv.rip:8080/c/",
            "macs": [
                "00:1A:79:58:EC:A5",
                "00:1A:79:79:25:A2",
                "00:1A:79:7A:B4:0A",
                "00:1A:79:ED:2A:1C"
            ]
        },
        {
            "server_name": "ogzpunk.live:8080",
            "server_url": "http://ogzpunk.live:8080/c/",
            "macs": [
                "00:1A:79:10:D5:CE",
                "00:1A:79:13:4F:8A",
                "00:1A:79:13:57:AE",
                "00:1A:79:77:03:2E",
                "00:1A:79:90:24:B9",
                "00:1A:79:B4:FB:4F",
                "00:1A:79:D7:99:DB"
            ]
        },
        {
            "server_name": "iptv.darktv.nl:80",
            "server_url": "http://iptv.darktv.nl:80/c/",
            "macs": [
                "00:1A:79:B5:9E:E5",
                "00:1A:79:B8:7A:0B",
                "00:1A:79:D0:34:E0"
            ]
        },
        {
            "server_name": "fastopen.live:8080",
            "server_url": "http://fastopen.live:8080/c/",
            "macs": [
                "00:1A:79:A9:F2:84",
                "00:1A:79:AB:1C:42",
                "00:1A:79:BA:8D:0F"
            ]
        },
        {
            "server_name": "ainfo.icu:8000",
            "server_url": "http://ainfo.icu:8000/c/",
            "macs": [
                "00:1A:79:1B:3D:85",
                "00:1A:79:4B:DA:D1",
                "00:1A:79:63:4F:42",
                "00:1A:79:64:EE:E2",
                "00:1A:79:8E:53:68",
                "00:1A:79:95:5F:30",
                "00:1A:79:B6:F1:53",
                "00:1A:79:B7:C6:01",
                "00:1A:79:C4:97:0F",
                "00:1A:79:D0:89:A8",
                "00:1A:79:D3:68:26"
            ]
        },
        {
            "server_name": "145.239.253.183",
            "server_url": "http://145.239.253.183/stalker_portal/c/",
            "macs": [
                "00:1A:79:51:3D:02",
                "00:1A:79:57:CF:E4",
                "00:1A:79:72:AF:B4"
            ]
        },
        {
            "server_name": "wtc05.mi20.cc",
            "server_url": "http://wtc05.mi20.cc/stalker_portal/c/",
            "macs": [
                "00:1A:79:73:E8:EA",
                "00:1A:79:76:E9:97",
                "00:1A:79:79:38:A0",
                "00:1A:79:7A:CA:25"
            ]
        },
        {
            "server_name": "gfr5.mi20.cc",
            "server_url": "http://gfr5.mi20.cc/stalker_portal/c/",
            "macs": [
                "00:1A:79:6E:8D:EA",
                "00:1A:79:75:E7:B5",
                "00:1A:79:77:2B:74",
                "00:1A:79:78:C7:7C",
                "00:1A:79:79:AD:51",
                "00:1A:79:F0:55:67"
            ]
        },
        {
            "server_name": "skunkytv.live",
            "server_url": "http://skunkytv.live/c/",
            "macs": [
                "00:1A:79:23:36:FA",
                "00:1A:79:36:34:63",
                "00:1A:79:3C:CF:12",
                "00:1A:79:69:32:48",
                "00:1A:79:6E:E4:80",
                "00:1A:79:7F:A6:F7",
                "00:1A:79:AF:D4:A0",
                "00:1A:79:B0:9D:A0",
                "00:1A:79:B4:EE:40",
                "00:1A:79:B4:F0:94",
                "00:1A:79:B5:7D:AE"
            ]
        }
    ]
}