{
    "items": [
        {
            "server_name": "elit4kiptv.info:8080",
            "server_url": "http://elit4kiptv.info:8080/c/",
            "macs": [
                "00:1A:79:ba:d4:29",
                "00:1A:79:b1:a9:17",
                "00:1A:79:6d:87:4b",
                "00:1A:79:08:4c:65",
                "00:1A:79:ae:21:8b",
                "00:1A:79:96:fb:c7",
                "00:1A:79:c3:b4:fc",
                "00:1A:79:2a:24:6b",
                "00:1A:79:c7:99:5d",
                "00:1A:79:08:eb:84",
                "00:1A:79:4d:02:7d",
                "00:1A:79:08:44:7f",
                "00:1A:79:11:2f:59",
                "00:1A:79:af:39:b3"
            ]
        },
        {
            "server_name": "zippy.streamtv.to:8080",
            "server_url": "http://zippy.streamtv.to:8080/c/",
            "macs": [
                "00:1A:79:B9:08:F7",
                "00:1A:79:52:1A:19",
                "00:1A:79:60:0E:CF",
                "00:1A:79:50:EE:05"
            ]
        },
        {
            "server_name": "alexiptv.ddns.me:8080",
            "server_url": "http://alexiptv.ddns.me:8080/c/",
            "macs": [
                "00:1A:79:64:31:35",
                "00:1A:79:62:D9:B9",
                "00:1A:79:52:65:FD"
            ]
        },
        {
            "server_name": "ix.kingtv.pw",
            "server_url": "http://ix.kingtv.pw/c/",
            "macs": [
                "00:1A:79:2B:27:53"
            ]
        },
        {
            "server_name": "xc-clubtv.xyz:8080",
            "server_url": "http://xc-clubtv.xyz:8080/c/",
            "macs": [
                "00:1A:79:31:66:19",
                "00:1A:79:19:23:9E"
            ]
        },
        {
            "server_name": "iptv.darktv.nl:25461",
            "server_url": "http://iptv.darktv.nl:25461/c/",
            "macs": [
                "00:1A:79:46:10:60",
                "00:1A:79:31:FF:57",
                "00:1A:79:F8:EA:55"
            ]
        },
        {
            "server_name": "dm7776tv.xyz:8080",
            "server_url": "http://dm7776tv.xyz:8080/c/",
            "macs": [
                "00:1A:79:1C:10:9E",
                "00:1A:79:07:BF:91"
            ]
        },
        {
            "server_name": "paristv.net:8080",
            "server_url": "http://paristv.net:8080/c/",
            "macs": [
                "00:1A:79:5d:71:97",
                "00:1A:79:ba:83:a6",
                "00:1A:79:b6:23:5e",
                "00:1A:79:08:4b:c0",
                "00:1A:79:13:57:97"
            ]
        },
        {
            "server_name": "zap4k.me",
            "server_url": "http://zap4k.me/stalker_portal/c/",
            "macs": [
                "00:1A:79:BA:E1:F3",
                "00:1A:79:9E:06:2C",
                "00:1A:79:06:84:4A",
                "00:1A:79:2B:5F:FA",
                "00:1A:79:12:3C:DB"
            ]
        },
        {
            "server_name": "trxx.in",
            "server_url": "http://trxx.in/c/",
            "macs": [
                "00:1A:79:B6:66:2B",
                "00:1A:79:C0:20:2F",
                "00:1A:79:D4:E7:CC",
                "00:1A:79:7D:9F:3D",
                "00:1A:79:7A:37:B8",
                "00:1A:79:D4:E7:E3",
                "00:1A:79:75:63:04",
                "00:1A:79:5A:98:29"
            ]
        }
    ]
}