{
    "items": [
        {
            "server_name": "mag.greatott.me",
            "server_url": "http://mag.greatott.me/c/",
            "macs": [
                "00:1A:79:37:D5:34",
                "00:1A:79:3F:89:9E",
                "00:1A:79:24:74:3E"
            ]
        },
        {
            "server_name": "mag.ukhd.tv",
            "server_url": "http://mag.ukhd.tv/c/",
            "macs": [
                "00:1A:79:9A:8B:37",
                "00:1A:79:B3:2A:9C"
            ]
        },
        {
            "server_name": "line.iptvwings.com:80",
            "server_url": "http://line.iptvwings.com:80/c/",
            "macs": [
                "00:1A:79:A8:10:AB"
            ]
        },
        {
            "server_name": "owliptv.streamtv.to:8080",
            "server_url": "http://owliptv.streamtv.to:8080/c/",
            "macs": [
                "00:1A:79:AD:E8:AF"
            ]
        },
        {
            "server_name": "medotv.nl:8000",
            "server_url": "http://medotv.nl:8000/c/",
            "macs": [
                "00:1A:79:90:31:11"
            ]
        },
        {
            "server_name": "ocean2218.xyz:8080",
            "server_url": "http://ocean2218.xyz:8080/c/",
            "macs": [
                "00:1A:79:CF:2C:B5",
                "00:1A:79:C1:A0:E6"
            ]
        },
        {
            "server_name": "fast.newdns.world",
            "server_url": "http://fast.newdns.world/c/",
            "macs": [
                "00:1A:79:B3:28:69",
                "00:1A:79:CC:30:93",
                "00:1A:79:10:D4:A1",
                "00:1A:79:C8:65:30",
                "00:1A:79:AB:C3:8B"
            ]
        },
        {
            "server_name": "m5ip.club:80",
            "server_url": "http://m5ip.club:80/c/",
            "macs": [
                "00:1A:79:dd:a2:7d",
                "00:1A:79:55:2f:11",
                "00:1A:79:77:50:95",
                "00:1A:79:c6:b0:b5",
                "00:1A:79:d0:22:80",
                "00:1A:79:d0:29:39"
            ]
        },
        {
            "server_name": "16919-near.cloud-ott.me:80",
            "server_url": "http://16919-near.cloud-ott.me:80/c/",
            "macs": [
                "00:1A:79:00:00:00"
            ]
        },
        {
            "server_name": "185.243.7.2:80",
            "server_url": "http://185.243.7.2:80/c/",
            "macs": [
                "00:1A:79:00:00:00"
            ]
        },
        {
            "server_name": "blomc.rtmp.io:80",
            "server_url": "http://blomc.rtmp.io:80/c/",
            "macs": [
                "00:1A:79:00:00:00"
            ]
        },
        {
            "server_name": "m3u.zen-ott.me:80",
            "server_url": "http://m3u.zen-ott.me:80/c/",
            "macs": [
                "00:1A:79:00:00:00"
            ]
        },
        {
            "server_name": "portal.best-tv.me:80",
            "server_url": "http://portal.best-tv.me:80/c/",
            "macs": [
                "00:1A:79:00:00:00"
            ]
        },
        {
            "server_name": "hi-ott.me:80",
            "server_url": "http://hi-ott.me:80/c/",
            "macs": [
                "00:1A:79:00:00:00"
            ]
        },
        {
            "server_name": "n0r468fju.11121367.xyz:8080",
            "server_url": "http://n0r468fju.11121367.xyz:8080/c/",
            "macs": [
                "00:1A:79:00:00:02"
            ]
        },
        {
            "server_name": "apk.zentv4k.me:80",
            "server_url": "http://apk.zentv4k.me:80/c/",
            "macs": [
                "00:1A:79:00:00:02"
            ]
        },
        {
            "server_name": "king4k.tv:80",
            "server_url": "http://king4k.tv:80/c/",
            "macs": [
                "00:1A:79:00:00:02"
            ]
        },
        {
            "server_name": "8sit7.ipro.tv:80",
            "server_url": "http://8sit7.ipro.tv:80/c/",
            "macs": [
                "00:1A:79:00:00:00"
            ]
        },
        {
            "server_name": "neptun2022.pro:8080",
            "server_url": "http://neptun2022.pro:8080/c/",
            "macs": [
                "00:1A:79:CC:53:6E"
            ]
        },
        {
            "server_name": "hd-max.org:8080",
            "server_url": "http://hd-max.org:8080/c/",
            "macs": [
                "00:1A:79:0D:3F:34"
            ]
        },
        {
            "server_name": "dino30.linkott.com:80",
            "server_url": "http://dino30.linkott.com:80/c/",
            "macs": [
                "00:1A:79:54:d4:8e",
                "00:1A:79:85:04:0e",
                "00:1A:79:e4:30:c5",
                "00:1A:79:52:29:bd",
                "00:1A:79:40:53:14",
                "00:1A:79:b1:c8:27",
                "00:1A:79:b9:12:2b",
                "00:1A:79:e7:b4:1c",
                "00:1A:79:b5:2a:00"
            ]
        },
        {
            "server_name": "ch.bosstv.live",
            "server_url": "http://ch.bosstv.live/c/",
            "macs": [
                "00:1A:79:4B:6B:64"
            ]
        },
        {
            "server_name": "mutant.arrox.top",
            "server_url": "http://mutant.arrox.top/c/",
            "macs": [
                "00:1A:79:3B:07:47"
            ]
        },
        {
            "server_name": "4connect.link",
            "server_url": "http://4connect.link/c/",
            "macs": [
                "00:1A:79:F3:66:97"
            ]
        },
        {
            "server_name": "200.26.188.39",
            "server_url": "http://200.26.188.39/c/",
            "macs": [
                "00:1A:79:2B:1D:59"
            ]
        },
        {
            "server_name": "mag.premiumplus.tv",
            "server_url": "http://mag.premiumplus.tv/c/",
            "macs": [
                "00:1A:79:E6:B7:80",
                "00:1A:79:BD:65:81",
                "00:1A:79:4B:0D:FC",
                "00:1A:79:AD:17:8B",
                "00:1A:79:B3:1B:60",
                "00:1A:79:62:37:61",
                "00:1A:79:74:A9:0E",
                "00:1A:79:67:D9:BE",
                "00:1A:79:24:84:66",
                "00:1A:79:99:8E:A5",
                "00:1A:79:B5:7F:84",
                "00:1A:79:C6:E8:03",
                "00:1A:79:4B:6A:74",
                "00:1A:79:47:53:9C",
                "00:1A:79:52:41:D7",
                "00:1A:79:31:03:83",
                "00:1A:79:91:9C:DE",
                "00:1A:79:C1:5A:A1"
            ]
        },
        {
            "server_name": "proxym3u.watchtv.best:80",
            "server_url": "http://proxym3u.watchtv.best:80/c/",
            "macs": [
                "00:1A:79:00:00:00"
            ]
        },
        {
            "server_name": "flex-ott.uk:80",
            "server_url": "http://flex-ott.uk:80/c/",
            "macs": [
                "00:1A:79:2c:97:8d",
                "00:1A:79:a1:ce:71",
                "00:1A:79:d5:fc:cd",
                "00:1A:79:e9:3b:37",
                "00:1A:79:00:1d:ce",
                "00:1A:79:b7:c6:0a",
                "00:1A:79:14:7f:84",
                "00:1A:79:0a:1c:01",
                "00:1A:79:51:d1:4a",
                "00:1A:79:b4:f0:83",
                "00:1A:79:58:2d:18",
                "00:1A:79:7b:e6:9b",
                "00:1A:79:04:52:c1",
                "00:1A:79:6c:8a:82",
                "00:1A:79:12:f1:d5",
                "00:1A:79:4a:c5:40"
            ]
        },
        {
            "server_name": "kamikaze.ooguy.com",
            "server_url": "http://kamikaze.ooguy.com/c/",
            "macs": [
                "00:1a:79:57:A0:1E",
                "00:1a:79:43:4e:13",
                "00:1A:79:45:0C:6E",
                "00:1A:79:03:17:56",
                "00:1a:79:72:ab:d2",
                "00:1A:79:B5:61:AE",
                "00:1A:79:A8:0B:FF",
                "00:1A:79:00:79:58",
                "00:1A:79:59:CE:E9"
            ]
        },
        {
            "server_name": "hd-max.org:8080",
            "server_url": "http://hd-max.org:8080/c/",
            "macs": [
                "00:1A:79:0D:88:B2",
                "00:1A:79:0D:3F:34",
                "00:1A:79:0D:62:5A",
                "00:1A:79:0D:A4:61",
                "00:1A:79:0D:64:2A",
                "00:1A:79:0D:8F:12",
                "00:1A:79:0E:3A:E1",
                "00:1A:79:0E:0F:6F",
                "00:1A:79:0E:23:C2"
            ]
        },
        {
            "server_name": "starshare.live:8080",
            "server_url": "http://starshare.live:8080/c/",
            "macs": [
                "00:1A:79:AF:A4:CA",
                "00:1A:79:8D:BF:A7",
                "00:1A:79:B5:18:26",
                "00:1A:79:70:78:F3",
                "00:1A:79:C8:53:2A",
                "00:1A:79:58:77:2F",
                "00:1A:79:7E:D6:C8"
            ]
        }
    ]
}