{
    "items": [
        {
            "server_name": "neptun2022.pro:8080",
            "server_url": "http://neptun2022.pro:8080/c/",
            "macs": [
                "00:1A:79:44:FD:8C",
                "00:1A:79:4D:29:52",
                "00:1A:79:57:7F:1B",
                "00:1A:79:62:C6:C1",
                "00:1A:79:A2:ED:7F",
                "00:1A:79:CB:15:8A"
            ]
        },
        {
            "server_name": "dm7776tv.xyz:8080",
            "server_url": "http://dm7776tv.xyz:8080/c/",
            "macs": [
                "00:1A:79:44:15:BE",
                "00:1A:79:74:C3:D2",
                "00:1A:79:BB:31:BC"
            ]
        },
        {
            "server_name": "hdmiclub.online:8080",
            "server_url": "http://hdmiclub.online:8080/c/",
            "macs": [
                "00:1A:79:A4:43:9C",
                "00:1A:79:AA:AC:9D",
                "00:1A:79:B5:CC:D2",
                "00:1A:79:C1:93:C7",
                "00:1A:79:C2:0A:9D",
                "00:1A:79:C6:4D:AC",
                "00:1A:79:C6:BC:06",
                "00:1A:79:C8:2A:3E",
                "00:1A:79:D0:FC:00"
            ]
        },
        {
            "server_name": "brokentv.rip:8080",
            "server_url": "http://brokentv.rip:8080/c/",
            "macs": [
                "00:1A:79:A0:33:B8",
                "00:1A:79:AA:BC:45"
            ]
        },
        {
            "server_name": "exm3u.123tv.to:8080",
            "server_url": "http://exm3u.123tv.to:8080/c/",
            "macs": [
                "00:1A:79:51:D5:18",
                "00:1A:79:76:F9:36",
                "00:1A:79:95:B6:0A",
                "00:1A:79:AD:02:FB"
            ]
        },
        {
            "server_name": "30198-puppy.ott-cdn.me",
            "server_url": "http://30198-puppy.ott-cdn.me/c/",
            "macs": [
                "00:1A:79:38:3F:E4",
                "00:1A:79:B5:4F:74"
            ]
        },
        {
            "server_name": "line.greatstar.me",
            "server_url": "http://line.greatstar.me/c/",
            "macs": [
                "00:1A:79:62:81:54",
                "00:1A:79:90:78:41",
                "00:1A:79:A3:BB:0D",
                "00:1A:79:B5:10:BF",
                "00:1A:79:B5:7B:A2",
                "00:1A:79:BC:96:5D"
            ]
        },
        {
            "server_name": "tit.ipsh.tv",
            "server_url": "http://tit.ipsh.tv/c/",
            "macs": [
                "00:1A:79:70:7F:E9",
                "00:1A:79:77:0F:F0",
                "00:1A:79:81:2B:71",
                "00:1A:79:A4:7F:51",
                "00:1A:79:B5:2D:DD",
                "00:1A:79:B5:AA:F9"
            ]
        },
        {
            "server_name": "6d.tanres.us",
            "server_url": "http://6d.tanres.us/c/",
            "macs": [
                "00:1A:79:33:35:39",
                "00:1A:79:48:1C:6B",
                "00:1A:79:50:35:0A",
                "00:1A:79:75:15:40",
                "00:1A:79:7D:47:5C",
                "00:1A:79:C7:F7:B8"
            ]
        }
    ]
}