{
    "items": [
        {
            "server_name": "new.gprod.co",
            "server_url": "http://new.gprod.co/stalker_portal/c/",
            "macs": [
                "00:1A:79:A8:A9:B5"
            ]
        },
        {
            "server_name": "line.venomtv.me:80",
            "server_url": "http://line.venomtv.me:80/c/",
            "macs": [
                "00:1A:79:AF:71:05"
            ]
        },
        {
            "server_name": "restream.globaltv1.net:8080",
            "server_url": "http://restream.globaltv1.net:8080/c/",
            "macs": [
                "00:1A:79:10:E0:73",
                "00:1A:79:13:53:5C",
                "00:1A:79:1C:14:0A",
                "00:1A:79:4D:00:4B",
                "00:1A:79:4D:03:87",
                "00:1A:79:71:88:67",
                "00:1A:79:AB:5E:76",
                "00:1A:79:B1:4C:7D",
                "00:1A:79:DA:28:2F"
            ]
        },
        {
            "server_name": "ocean2218.xyz:8080",
            "server_url": "http://ocean2218.xyz:8080/c/",
            "macs": [
                "00:1A:79:C1:A0:E6",
                "00:1A:79:CF:2C:B5"
            ]
        },
        {
            "server_name": "188.241.218.199",
            "server_url": "http://188.241.218.199/c/",
            "macs": [
                "00:1A:79:1F:69:BD"
            ]
        },
        {
            "server_name": "vod.4kplus.org",
            "server_url": "http://vod.4kplus.org/c/",
            "macs": [
                "00:1A:79:09:C1:F0",
                "00:1A:79:92:73:F7"
            ]
        },
        {
            "server_name": "mag.ugoiptv.com:80",
            "server_url": "http://mag.ugoiptv.com:80/c/",
            "macs": [
                "00:1A:79:00:01:C8"
            ]
        },
        {
            "server_name": "mutant.arrox.top",
            "server_url": "http://mutant.arrox.top/c/",
            "macs": [
                "00:1A:79:14:6F:76"
            ]
        },
        {
            "server_name": "mag.greatott.me:80",
            "server_url": "http://mag.greatott.me:80/c/",
            "macs": [
                "00:1A:79:01:6D:94",
                "00:1A:79:01:76:5E",
                "00:1A:79:01:8E:A9",
                "00:1A:79:01:8F:62",
                "00:1A:79:01:B8:10"
            ]
        },
        {
            "server_name": "mag.marsweb.co:80",
            "server_url": "http://mag.marsweb.co:80/c/",
            "macs": [
                "00:1A:79:01:32:DB"
            ]
        },
        {
            "server_name": "hd-max.org:8080",
            "server_url": "http://hd-max.org:8080/c/",
            "macs": [
                "00:1A:79:00:00:02",
                "00:1A:79:01:01:3A",
                "00:1A:79:01:01:3D",
                "00:1A:79:01:6B:CB",
                "00:1A:79:02:79:A1",
                "00:1A:79:02:84:32",
                "00:1A:79:03:0C:23",
                "00:1A:79:05:96:4D",
                "00:1A:79:05:D2:09",
                "00:1A:79:05:F5:D3",
                "00:1A:79:0D:3F:34",
                "00:1A:79:0D:62:5A",
                "00:1A:79:0D:64:2A",
                "00:1A:79:0D:88:B2",
                "00:1A:79:0D:8F:12",
                "00:1A:79:0D:A4:61",
                "00:1A:79:0E:0F:6F",
                "00:1A:79:0E:23:C2",
                "00:1A:79:0E:3A:E1"
            ]
        },
        {
            "server_name": "spacextv.live:8080",
            "server_url": "http://spacextv.live:8080/c/",
            "macs": [
                "00:1A:79:08:EA:47",
                "00:1A:79:6E:2E:DE",
                "00:1A:79:AF:36:D9",
                "00:1A:79:BA:D5:E1"
            ]
        },
        {
            "server_name": "iup-tv.com:8080",
            "server_url": "http://iup-tv.com:8080/c/",
            "macs": [
                "00:1A:79:40:08:4F",
                "00:1A:79:42:2E:2B",
                "00:1A:79:5C:01:11",
                "00:1A:79:60:05:89",
                "00:1A:79:6A:A8:9B",
                "00:1A:79:AB:41:3E",
                "00:1A:79:AB:68:6B",
                "00:1A:79:AD:59:6F",
                "00:1A:79:B5:55:CE",
                "00:1A:79:BB:3E:A4",
                "00:1A:79:BB:C9:6E",
                "00:1A:79:BC:D9:36",
                "00:1A:79:C1:BE:64",
                "00:1A:79:C1:EA:33",
                "00:1A:79:D2:33:DD"
            ]
        },
        {
            "server_name": "xegd.ultapulta.com",
            "server_url": "http://xegd.ultapulta.com/stalker_portal/c/",
            "macs": [
                "00:1A:79:53:15:6D",
                "00:1A:79:56:F9:EF"
            ]
        },
        {
            "server_name": "otx.arabitv5.com:8000",
            "server_url": "http://otx.arabitv5.com:8000/c/",
            "macs": [
                "00:1A:79:2A:37:27",
                "00:1A:79:2A:39:1C",
                "00:1A:79:2A:39:AF",
                "00:1A:79:36:E8:CF",
                "00:1A:79:3D:22:6A",
                "00:1A:79:42:D2:F0",
                "00:1A:79:42:E4:3B",
                "00:1A:79:43:11:45",
                "00:1A:79:72:9C:76",
                "00:1A:79:72:9C:96",
                "00:1A:79:CA:2F:3B"
            ]
        },
        {
            "server_name": "starshare.live:8080",
            "server_url": "http://starshare.live:8080/c/",
            "macs": [
                "00:1A:79:58:77:2F",
                "00:1A:79:70:78:F3",
                "00:1A:79:7E:D6:C8",
                "00:1A:79:8D:BF:A7",
                "00:1A:79:AF:A4:CA",
                "00:1A:79:B4:AE:20",
                "00:1A:79:B5:18:26",
                "00:1A:79:C8:53:2A"
            ]
        },
        {
            "server_name": "bmw786.xyz",
            "server_url": "http://bmw786.xyz/c/",
            "macs": [
                "00:1A:79:30:61:39",
                "00:1A:79:60:5D:40",
                "00:1A:79:99:88:77"
            ]
        },
        {
            "server_name": "livetvbox.live:8080",
            "server_url": "http://livetvbox.live:8080/c/",
            "macs": [
                "00:1A:79:33:34:34"
            ]
        },
        {
            "server_name": "line.protv.cc:80",
            "server_url": "http://line.protv.cc:80/c/",
            "macs": [
                "00:1A:79:00:56:16",
                "00:1A:79:00:59:0D",
                "00:1A:79:00:59:4D",
                "00:1A:79:00:5A:FA"
            ]
        },
        {
            "server_name": "mol-2.com:8080",
            "server_url": "http://mol-2.com:8080/c/",
            "macs": [
                "00:1A:79:4F:4C:A9",
                "00:1A:79:57:24:BA",
                "00:1A:79:AA:D1:14",
                "00:1A:79:AC:C8:02",
                "00:1A:79:AD:EF:3E",
                "00:1A:79:AE:DC:37",
                "00:1A:79:B1:74:0C",
                "00:1A:79:B2:41:33",
                "00:1A:79:B2:7A:8F",
                "00:1A:79:B2:CB:FA",
                "00:1A:79:B4:38:3A",
                "00:1A:79:B5:17:7F",
                "00:1A:79:B5:C4:7E",
                "00:1A:79:B6:42:B6",
                "00:1A:79:B7:AC:82",
                "00:1A:79:B9:95:85",
                "00:1A:79:BA:82:9D",
                "00:1A:79:BC:CF:06",
                "00:1A:79:BF:98:2C",
                "00:1A:79:CC:8F:4D"
            ]
        },
        {
            "server_name": "vip2102.112421.net:2050",
            "server_url": "http://vip2102.112421.net:2050/c/",
            "macs": [
                "00:1A:79:51:0F:90",
                "00:1A:79:65:2F:9F",
                "00:1A:79:80:2F:67",
                "00:1A:79:B4:6A:CC",
                "00:1A:79:B5:81:E0",
                "00:1A:79:FC:BA:BB"
            ]
        },
        {
            "server_name": "owliptv.gentv.to:8080",
            "server_url": "http://owliptv.gentv.to:8080/c/",
            "macs": [
                "00:1A:79:55:ED:5B",
                "00:1A:79:85:BA:26",
                "00:1A:79:BF:93:6E",
                "00:1A:79:C1:E4:D6",
                "00:1A:79:C2:0D:EB"
            ]
        },
        {
            "server_name": "15.235.13.183:88",
            "server_url": "http://15.235.13.183:88/stalker_portal/c/",
            "macs": [
                "00:1A:79:2D:D8:0D",
                "00:1A:79:45:5A:D9",
                "00:1A:79:58:E3:16",
                "00:1A:79:99:D7:4D",
                "00:1A:79:B0:12:24",
                "00:1A:79:B1:83:1E",
                "00:1A:79:B3:F7:25",
                "00:1A:79:B4:79:A1",
                "00:1A:79:B5:75:38",
                "00:1A:79:F4:6F:52"
            ]
        },
        {
            "server_name": "z.zcatt.cc",
            "server_url": "http://z.zcatt.cc/stalker_portal/c/",
            "macs": [
                "00:1A:79:4A:8B:C9"
            ]
        },
        {
            "server_name": "fast.newdns.world",
            "server_url": "http://fast.newdns.world/c/",
            "macs": [
                "00:1A:79:13:F7:B5",
                "00:1A:79:C4:28:04"
            ]
        },
        {
            "server_name": "catirtv.ddns.me:8080",
            "server_url": "http://catirtv.ddns.me:8080/c/",
            "macs": [
                "00:1A:79:57:69:23",
                "00:1A:79:AB:3F:70",
                "00:1A:79:BD:5C:6D"
            ]
        },
        {
            "server_name": "zepequeno.xyz:8080",
            "server_url": "http://zepequeno.xyz:8080/c/",
            "macs": [
                "00:1A:79:AD:A4:38",
                "00:1A:79:B7:1E:1F",
                "00:1A:79:C1:BF:BB",
                "00:1A:79:C8:13:15"
            ]
        },
        {
            "server_name": "onlinebakkal.uk:8080",
            "server_url": "http://onlinebakkal.uk:8080/c/",
            "macs": [
                "00:1A:79:31:7F:44"
            ]
        },
        {
            "server_name": "webflowmalta.club:8080",
            "server_url": "http://webflowmalta.club:8080/c/",
            "macs": [
                "00:1A:79:90:2A:2F"
            ]
        },
        {
            "server_name": "starshare.live",
            "server_url": "http://starshare.live/c/",
            "macs": [
                "00:1A:79:4D:75:B4"
            ]
        },
        {
            "server_name": "sick84749.cdnsilver.me:80",
            "server_url": "http://sick84749.cdnsilver.me:80/c/",
            "macs": [
                "00:1A:79:01:92:7F"
            ]
        },
        {
            "server_name": "abc71341.cdngold.me",
            "server_url": "http://abc71341.cdngold.me/c/",
            "macs": [
                "00:1A:79:81:B8:CE"
            ]
        },
        {
            "server_name": "ainfo.icu:80",
            "server_url": "http://ainfo.icu:80/c/",
            "macs": [
                "00:1A:79:6C:54:69"
            ]
        },
        {
            "server_name": "m3u.4kstrong.me",
            "server_url": "http://m3u.4kstrong.me/c/",
            "macs": [
                "00:1A:79:B4:A2:E4"
            ]
        },
        {
            "server_name": "exprestv.win:80",
            "server_url": "http://exprestv.win:80/c/",
            "macs": [
                "00:1A:79:2D:19:55"
            ]
        },
        {
            "server_name": "sltv44.live:8080",
            "server_url": "http://sltv44.live:8080/c/",
            "macs": [
                "00:1A:79:2D:8E:61"
            ]
        },
        {
            "server_name": "ip.bttv.be:8080",
            "server_url": "http://ip.bttv.be:8080/c/",
            "macs": [
                "00:1A:79:BD:47:D3"
            ]
        },
        {
            "server_name": "one.dream4ktv.biz:2082",
            "server_url": "http://one.dream4ktv.biz:2082/c/",
            "macs": [
                "00:1A:79:07:DB:E9",
                "00:1A:79:46:C0:C3",
                "00:1A:79:73:18:52",
                "00:1A:79:9B:30:1D",
                "00:1A:79:DB:7A:A3"
            ]
        },
        {
            "server_name": "coresys.dvrdns.org:25461",
            "server_url": "http://coresys.dvrdns.org:25461/c/",
            "macs": [
                "00:1A:79:5D:7F:B1"
            ]
        },
        {
            "server_name": "hdmiclub.online:8080",
            "server_url": "http://hdmiclub.online:8080/c/",
            "macs": [
                "00:1A:79:54:2F:EE",
                "00:1A:79:A7:B5:CF",
                "00:1A:79:CC:F6:26",
                "00:1A:79:D2:A6:46"
            ]
        },
        {
            "server_name": "45.139.122.199:2095",
            "server_url": "http://45.139.122.199:2095/c/",
            "macs": [
                "00:1A:79:03:04:CC",
                "00:1A:79:21:17:50",
                "00:1A:79:4B:47:B6",
                "00:1A:79:A8:69:F5",
                "00:1A:79:AB:56:C3",
                "00:1A:79:AE:D0:C5",
                "00:1A:79:AE:E0:93",
                "00:1A:79:B0:91:D9",
                "00:1A:79:B3:6A:47",
                "00:1A:79:B7:2C:1B",
                "00:1A:79:BB:ED:8B",
                "00:1A:79:C0:80:72",
                "00:1A:79:C4:26:9E",
                "00:1A:79:CE:11:78"
            ]
        },
        {
            "server_name": "45.139.122.199:8080",
            "server_url": "http://45.139.122.199:8080/c/",
            "macs": [
                "00:1A:79:4D:F9:EB",
                "00:1A:79:B5:C8:56",
                "00:1A:79:BC:D6:42",
                "00:1A:79:BE:58:BA"
            ]
        },
        {
            "server_name": "mag.ukhd.tv",
            "server_url": "http://mag.ukhd.tv/c/",
            "macs": [
                "00:1A:79:01:98:FB",
                "00:1A:79:19:3E:F4",
                "00:1A:79:3A:C5:79",
                "00:1A:79:3E:46:D3",
                "00:1A:79:50:E0:04",
                "00:1A:79:A4:C8:AC",
                "00:1A:79:EE:2E:E4"
            ]
        },
        {
            "server_name": "mag.marsweb.co",
            "server_url": "http://mag.marsweb.co/c/",
            "macs": [
                "00:1A:79:70:22:B4"
            ]
        }
    ]
}