{
    "items": [
        {
            "server_name": "pars01.com:8080",
            "server_url": "http://pars01.com:8080/c/",
            "macs": [
                "00:1A:79:83:6F:D0",
                "00:1A:79:08:ef:74"
            ]
        },
        {
            "server_name": "mag.marsweb.co:80",
            "server_url": "http://mag.marsweb.co:80/c/",
            "macs": [
                "00:1A:79:00:E2:21",
                "00:1A:79:00:E5:3B",
                "00:1A:79:00:E7:6C",
                "00:1A:79:00:F3:2E",
                "00:1A:79:01:06:23",
                "00:1A:79:00:F4:8C",
                "00:1A:79:01:0B:CD"
            ]
        }
    ]
}