{
    "items": [
        {
            "server_name": "mutant.arrox.top:80",
            "server_url": "http://mutant.arrox.top:80/c/",
            "macs": [
                "00:1A:79:d2:e0:75",
                "00:1A:79:88:0b:ef",
                "00:1A:79:09:56:bd",
                "00:1A:79:ba:30:5d",
                "00:1A:79:ce:38:6b",
                "00:1A:79:0f:92:4d",
                "00:1A:79:0f:92:4d",
                "00:1A:79:37:2e:ca"
            ]
        },
        {
            "server_name": "hd-max.org:8080",
            "server_url": "http://hd-max.org:8080/c/",
            "macs": [
                "00:1A:79:01:2A:83",
                "00:1A:79:BA:1E:87",
                "00:1A:79:5C:3B:3F",
                "00:1A:79:80:F4:1E",
                "00:1a:79:ab:a1:5b",
                "00:1a:79:4f:5d:a9",
                "00:1a:79:b4:ed:d8",
                "00:1a:79:94:fe:2c",
                "00:1a:79:05:80:8c"
            ]
        },
        {
            "server_name": "iptvserver.info:8080",
            "server_url": "http://iptvserver.info:8080/c/",
            "macs": [
                "00:1A:79:AE:21:19",
                "00:1A:79:C1:AF:F3",
                "00:1A:79:39:1B:DB",
                "00:1A:79:92:78:9C"
            ]
        },
        {
            "server_name": "gfr5.mi20.cc",
            "server_url": "http://gfr5.mi20.cc/stalker_portal/c/",
            "macs": [
                "00:1A:79:73:ED:35"
            ]
        },
        {
            "server_name": "h05t.tecnolab.top:8080",
            "server_url": "http://h05t.tecnolab.top:8080/c/",
            "macs": [
                "00:1A:79:5C:7E:57"
            ]
        },
        {
            "server_name": "mag.ugoiptv.com:80",
            "server_url": "http://mag.ugoiptv.com:80/c/",
            "macs": [
                "00:1A:79:01:01:F1",
                "00:1A:79:01:03:01",
                "00:1A:79:01:14:A7",
                "00:1A:79:01:35:A1",
                "00:1A:79:01:61:AE",
                "00:1A:79:01:3D:8C",
                "00:1A:79:01:66:A6",
                "00:1A:79:01:55:FB",
                "00:1A:79:01:7A:DE",
                "00:1A:79:01:6F:BF",
                "00:1A:79:01:76:0B",
                "00:1A:79:01:7F:4B"
            ]
        },
        {
            "server_name": "15.235.13.183:88",
            "server_url": "http://15.235.13.183:88/stalker_portal/c/",
            "macs": [
                "00:1A:79:11:4D:B8"
            ]
        },
        {
            "server_name": "danita.xyz",
            "server_url": "http://danita.xyz/c/",
            "macs": [
                "00:1A:79:94:6B:66"
            ]
        },
        {
            "server_name": "alexiptv.ddns.me:8080",
            "server_url": "http://alexiptv.ddns.me:8080/c/",
            "macs": [
                "00:1A:79:E3:ED:0C",
                "00:1A:79:AF:88:5A",
                "00:1A:79:B0:C8:E9",
                "00:1A:79:BB:24:12"
            ]
        },
        {
            "server_name": "technologycloud.eu:80",
            "server_url": "http://technologycloud.eu:80/c/",
            "macs": [
                "00:1A:79:bb:9a:5f",
                "00:1A:79:c1:00:5c",
                "00:1A:79:5f:83:38",
                "00:1A:79:05:dd:24",
                "00:1A:79:52:db:59"
            ]
        },
        {
            "server_name": "yhlion.proxytx.cloud",
            "server_url": "http://yhlion.proxytx.cloud/c/",
            "macs": [
                "00:1A:79:47:40:54"
            ]
        },
        {
            "server_name": "magictvliege.com:8080",
            "server_url": "http://magictvliege.com:8080/c/",
            "macs": [
                "00:1A:79:BE:5B:F5",
                "00:1A:79:4A:05:96",
                "00:1A:79:B5:AB:3C",
                "00:1A:79:74:FB:1C",
                "00:1A:79:F5:53:C6"
            ]
        },
        {
            "server_name": "marvelhd.eu:8080",
            "server_url": "http://marvelhd.eu:8080/c/",
            "macs": [
                "00:1A:79:67:AF:0A",
                "00:1a:79:fc:a4:84",
                "00:1a:79:a4:80:bb",
                "00:1A:79:00:4d:c4",
                "00:1A:79:50:09:42",
                "00:1a:79:34:1a:a5",
                "00:1A:79:25:03:87"
            ]
        },
        {
            "server_name": "pars01.com:8080",
            "server_url": "http://pars01.com:8080/c/",
            "macs": [
                "00:1A:79:10:DF:13"
            ]
        },
        {
            "server_name": "eurotuga.xyz:8080",
            "server_url": "http://eurotuga.xyz:8080/c/",
            "macs": [
                "00:1A:79:0E:13:B5"
            ]
        },
        {
            "server_name": "sotu.ws:26928",
            "server_url": "http://sotu.ws:26928/c/",
            "macs": [
                "00:1A:79:4F:29:21",
                "00:1A:79:46:26:7C",
                "00:1A:79:5B:9F:6F",
                "00:1A:79:62:7F:A8"
            ]
        }
    ]
}