{
    "items": [
        {
            "server_name": "alexiptv.ddns.me:8080",
            "server_url": "http://alexiptv.ddns.me:8080/c/",
            "macs": [
                "00:1A:79:83:5E:92",
                "00:1A:79:BB:38:67",
                "00:1A:79:5A:22:C7",
                "00:1A:79:BF:CB:4E",
                "00:1A:79:B2:89:E9",
                "00:1A:79:D1:9E:54",
                "00:1A:79:8F:2F:80",
                "00:1A:79:E2:08:11"
            ]
        },
        {
            "server_name": "ojpc.live:8080",
            "server_url": "http://ojpc.live:8080/c/",
            "macs": [
                "00:1A:79:C4:30:66",
                "00:1A:79:BA:21:84",
                "00:1A:79:BA:3A:33"
            ]
        },
        {
            "server_name": "219.korumasiz555.xyz:8080",
            "server_url": "http://219.korumasiz555.xyz:8080/c/",
            "macs": [
                "00:1A:79:3A:B9:72"
            ]
        },
        {
            "server_name": "p1.uiop.tv",
            "server_url": "http://p1.uiop.tv/stalker_portal/c/",
            "macs": [
                "00:1A:79:6B:21:24",
                "00:1A:79:2D:66:20",
                "00:1A:79:5F:47:7E",
                "00:1A:79:40:21:85",
                "00:1A:79:63:69:D7",
                "00:1A:79:B0:46:34"
            ]
        },
        {
            "server_name": "31.42.177.145:8080",
            "server_url": "http://31.42.177.145:8080/c/",
            "macs": [
                "00:1A:79:00:47:96"
            ]
        },
        {
            "server_name": "x35.live:8080",
            "server_url": "http://x35.live:8080/c/",
            "macs": [
                "00:1A:79:1A:00:71"
            ]
        },
        {
            "server_name": "odm391.xyz",
            "server_url": "http://odm391.xyz/c/",
            "macs": [
                "00:1A:79:06:8F:BF"
            ]
        },
        {
            "server_name": "line.iptvwings.com:80",
            "server_url": "http://line.iptvwings.com:80/c/",
            "macs": [
                "00:1A:79:DF:AC:B3",
                "00:1A:79:2C:65:11",
                "00:1A:79:D5:51:0E",
                "00:1A:79:40:67:FB",
                "00:1A:79:B5:61:4A",
                "00:1A:79:4C:57:00",
                "00:1A:79:3F:56:57",
                "00:1A:79:6B:10:15",
                "00:1A:79:7E:95:84",
                "00:1A:79:B6:2B:6F"
            ]
        },
        {
            "server_name": "ciao.ok2.se",
            "server_url": "http://ciao.ok2.se/c/",
            "macs": [
                "00:1A:79:7d:f8:57",
                "00:1A:79:56:71:66",
                "00:1A:79:db:2f:05",
                "00:1A:79:77:5d:13"
            ]
        },
        {
            "server_name": "power4kiptv.info:8080",
            "server_url": "http://power4kiptv.info:8080/c/",
            "macs": [
                "00:1A:79:10:d5:c1",
                "00:1A:79:a4:00:07",
                "00:1A:79:bc:d8:00",
                "00:1A:79:0e:39:65"
            ]
        },
        {
            "server_name": "hd-max.org:8080",
            "server_url": "http://hd-max.org:8080/c/",
            "macs": [
                "00:1A:79:08:3F:64",
                "00:1A:79:08:60:27",
                "00:1A:79:08:8F:2D"
            ]
        },
        {
            "server_name": "xc.xvip58.xyz:8080",
            "server_url": "http://xc.xvip58.xyz:8080/c/",
            "macs": [
                "00:1A:79:14:6B:9E"
            ]
        },
        {
            "server_name": "p1.iptvrocket.tv",
            "server_url": "http://p1.iptvrocket.tv/c/",
            "macs": [
                "00:1A:79:E7:09:A5"
            ]
        },
        {
            "server_name": "mag.4k365.xyz:80",
            "server_url": "http://mag.4k365.xyz:80/c/",
            "macs": [
                "00:1A:79:39:1C:8C"
            ]
        },
        {
            "server_name": "llllllllliiiiiiiiiiiiii.funtogether.xyz:8080",
            "server_url": "http://llllllllliiiiiiiiiiiiii.funtogether.xyz:8080/c/",
            "macs": [
                "00:1A:79:00:20:62",
                "00:1A:79:01:4A:63",
                "00:1A:79:01:94:1A",
                "00:1A:79:79:25:a2",
                "00:1A:79:ae:be:d2"
            ]
        },
        {
            "server_name": "45.139.122.199:2095",
            "server_url": "http://45.139.122.199:2095/c/",
            "macs": [
                "00:1A:79:78:07:49"
            ]
        },
        {
            "server_name": "line.gofast-tv.me",
            "server_url": "http://line.gofast-tv.me/c/",
            "macs": [
                "00:1A:79:f0:de:df"
            ]
        },
        {
            "server_name": "4k.f01tv.live:8080",
            "server_url": "http://4k.f01tv.live:8080/c/",
            "macs": [
                "00:1A:79:0e:39:5c"
            ]
        },
        {
            "server_name": "mag.ukhd.tv",
            "server_url": "http://mag.ukhd.tv/c/",
            "macs": [
                "00:1A:79:A1:86:80"
            ]
        },
        {
            "server_name": "fzahtv.com",
            "server_url": "http://fzahtv.com/c/",
            "macs": [
                "00:1A:79:D0:F1:32",
                "00:1A:79:28:D6:9A",
                "00:1A:79:AF:13:F7",
                "00:1A:79:BA:A4:9E",
                "00:1A:79:00:45:B4",
                "00:1A:79:01:BF:CB",
                "00:1A:79:50:E1:68",
                "00:1A:79:9E:C0:64",
                "00:1A:79:6E:0E:E5",
                "00:1A:79:00:15:EB",
                "00:1A:79:F1:EB:A4",
                "00:1A:79:7F:3F:6A"
            ]
        },
        {
            "server_name": "mag.myox.me:80",
            "server_url": "http://mag.myox.me:80/c/",
            "macs": [
                "00:1A:79:E9:A1:56",
                "00:1A:79:6E:EC:58",
                "00:1A:79:5A:F6:CC",
                "00:1a:79:5c:ec:03"
            ]
        },
        {
            "server_name": "apk.androidtrex.com:80",
            "server_url": "http://apk.androidtrex.com:80/c/",
            "macs": [
                "00:1A:79:A2:E9:E5",
                "00:1A:79:5A:F6:CC"
            ]
        },
        {
            "server_name": "77.74.193.158:88",
            "server_url": "http://77.74.193.158:88/stalker_portal/c/",
            "macs": [
                "00:1A:79:10:D5:52",
                "00:1A:79:79:76:92",
                "00:1A:79:EB:19:DA",
                "00:1A:79:DB:02:5B"
            ]
        },
        {
            "server_name": "too4youall.net:8080",
            "server_url": "http://too4youall.net:8080/c/",
            "macs": [
                "00:1A:79:AD:30:53"
            ]
        },
        {
            "server_name": "apksmart.dino.ws",
            "server_url": "http://apksmart.dino.ws/c/",
            "macs": [
                "00:1A:79:7D:E1:01",
                "00:1A:79:5C:E8:6F",
                "00:1A:79:B5:9C:30",
                "00:1A:79:B5:F7:D7",
                "00:1A:79:8B:2A:91"
            ]
        },
        {
            "server_name": "restream.globaltv1.net:8080",
            "server_url": "http://restream.globaltv1.net:8080/c/",
            "macs": [
                "00:1A:79:4d:00:4b",
                "00:1A:79:AB:5E:76",
                "00:1A:79:4D:05:F4",
                "00:1A:79:B1:4C:7D",
                "00:1A:79:4D:03:87",
                "00:1A:79:13:4F:22",
                "00:1A:79:4D:05:14",
                "00:1A:79:10:E0:73",
                "00:1A:79:13:53:5C",
                "00:1A:79:1C:14:0A",
                "00:1A:79:71:88:67"
            ]
        },
        {
            "server_name": "zorrohunter.com:80",
            "server_url": "http://zorrohunter.com:80/c/",
            "macs": [
                "00:1A:79:31:F2:52"
            ]
        },
        {
            "server_name": "tv.psmarters.xyz:8080",
            "server_url": "http://tv.psmarters.xyz:8080/c/",
            "macs": [
                "00:1A:79:4d:00:4b",
                "00:1a:79:27:5f:a9",
                "00:1A:79:DA:28:2F"
            ]
        },
        {
            "server_name": "45.139.122.199:2095",
            "server_url": "http://45.139.122.199:2095/c/",
            "macs": [
                "00:1A:79:A5:2E:65",
                "00:1A:79:BC:F1:8D",
                "00:1A:79:B3:89:2D",
                "00:1A:79:50:D9:76",
                "00:1A:79:B0:91:D0"
            ]
        },
        {
            "server_name": "backup.xp1.tv:80",
            "server_url": "http://backup.xp1.tv:80/c/",
            "macs": [
                "00:1A:79:A1:84:A3",
                "00:1A:79:DE:05:87",
                "00:1A:79:B0:E6:F1"
            ]
        },
        {
            "server_name": "mag.myox.me:80",
            "server_url": "http://mag.myox.me:80/c/",
            "macs": [
                "00:1A:79:5A:F6:CC",
                "00:1a:79:5c:ec:03"
            ]
        },
        {
            "server_name": "185.243.7.154",
            "server_url": "http://185.243.7.154/c/",
            "macs": [
                "00:1a:79:a5:a5:10",
                "00:1A:79:C2:A5:53"
            ]
        }
    ]
}