{
    "items": [
        {
            "server_name": "cbrlig.com:8080",
            "server_url": "http://cbrlig.com:8080/c/",
            "macs": [
                "00:1A:79:CE:08:58",
                "00:1A:79:A5:0A:6A",
                "00:1A:79:3F:B6:34",
                "00:1A:79:C6:FF:33",
                "00:1A:79:5F:7C:56"
            ]
        },
        {
            "server_name": "107.189.14.168:8080",
            "server_url": "http://107.189.14.168:8080/c/",
            "macs": [
                "00:1A:79:5F:C9:A2",
                "00:1A:79:5F:60:A7",
                "00:1A:79:46:E3:87",
                "00:1A:79:36:C1:79",
                "00:1A:79:59:4D:DA"
            ]
        },
        {
            "server_name": "53256-brand.ott-tx.com:80",
            "server_url": "http://53256-brand.ott-tx.com:80/c/",
            "macs": [
                "00:1A:79:4e:c1:b5",
                "00:1A:79:80:3d:97"
            ]
        },
        {
            "server_name": "pankajgorasiya.net",
            "server_url": "http://pankajgorasiya.net/c/",
            "macs": [
                "00:1A:79:10:E0:A8",
                "00:1A:79:1F:6F:07",
                "00:1A:79:42:9A:D8",
                "00:1A:79:42:9A:FE"
            ]
        },
        {
            "server_name": "genlive.online",
            "server_url": "http://genlive.online/c/",
            "macs": [
                "00:1A:79:C3:C3:1F",
                "00:1A:79:7B:E7:D9"
            ]
        }
    ]
}