{
    "items": [
        {
            "server_name": "spacextv.live:8080",
            "server_url": "http://spacextv.live:8080/c/",
            "macs": [
                "00:1A:79:07:BE:67",
                "00:1A:79:08:4A:FB",
                "00:1A:79:08:4B:CB",
                "00:1A:79:10:3F:73",
                "00:1A:79:10:D5:BC",
                "00:1A:79:2B:98:8F",
                "00:1A:79:33:D4:74",
                "00:1A:79:34:22:33",
                "00:1A:79:44:08:08",
                "00:1A:79:4D:05:CD",
                "00:1A:79:51:32:BD",
                "00:1A:79:AF:3B:2F",
                "00:1A:79:AF:F8:A8",
                "00:1A:79:B6:23:01",
                "00:1A:79:B6:23:A9",
                "00:1A:79:BB:B5:C9",
                "00:1A:79:F0:07:FD"
            ]
        },
        {
            "server_name": "king-box.club",
            "server_url": "http://king-box.club/c/",
            "macs": [
                "00:1A:79:51:3F:C7",
                "00:1A:79:5A:81:7B",
                "00:1A:79:70:73:57",
                "00:1A:79:B0:63:33",
                "00:1A:79:B4:F8:F8",
                "00:1A:79:EB:77:9A"
            ]
        },
        {
            "server_name": "sonymax.org:8080",
            "server_url": "http://sonymax.org:8080/c/",
            "macs": [
                "00:1A:79:31:ED:05",
                "00:1A:79:3A:FB:C1",
                "00:1A:79:5F:13:D6",
                "00:1A:79:AB:D6:A4",
                "00:1A:79:AC:AA:1D",
                "00:1A:79:D6:64:06"
            ]
        },
        {
            "server_name": "dinka-iptv.live",
            "server_url": "http://dinka-iptv.live/c/",
            "macs": [
                "00:1A:79:7B:5F:64",
                "00:1A:79:A6:47:F1",
                "00:1A:79:C7:9B:B9"
            ]
        },
        {
            "server_name": "iptvfriends.123tv.to",
            "server_url": "http://iptvfriends.123tv.to/c/",
            "macs": [
                "00:1A:79:AB:58:6E",
                "00:1A:79:AD:0A:22",
                "00:1A:79:B4:3C:AE",
                "00:1A:79:B9:AA:95",
                "00:1A:79:BD:67:7B",
                "00:1A:79:C0:20:B7",
                "00:1A:79:C1:EE:62",
                "00:1A:79:D1:AA:10"
            ]
        },
        {
            "server_name": "exclusifott.pro:80",
            "server_url": "http://exclusifott.pro:80/c/",
            "macs": [
                "00:1A:79:E1:7F:EC",
                "00:1A:79:E1:7F:F3",
                "00:1A:79:E1:7F:FC",
                "00:1A:79:E1:80:6B"
            ]
        },
        {
            "server_name": "23232.top:80",
            "server_url": "http://23232.top:80/c/",
            "macs": [
                "00:1A:79:74:A5:26"
            ]
        },
        {
            "server_name": "hdmiclub.online:8080",
            "server_url": "http://hdmiclub.online:8080/c/",
            "macs": [
                "00:1A:79:C6:BF:3D",
                "00:1A:79:C6:BF:6E",
                "00:1A:79:C6:BF:73",
                "00:1A:79:C6:BF:DC",
                "00:1A:79:C6:C0:42",
                "00:1A:79:C6:C0:AE"
            ]
        },
        {
            "server_name": "flex-ott.uk",
            "server_url": "http://flex-ott.uk/c/",
            "macs": [
                "00:1A:79:42:D9:68"
            ]
        },
        {
            "server_name": "pars01.com:8080",
            "server_url": "http://pars01.com:8080/c/",
            "macs": [
                "00:1A:79:14:6B:9E"
            ]
        },
        {
            "server_name": "madula.ath.cx:8080",
            "server_url": "http://madula.ath.cx:8080/c/",
            "macs": [
                "00:1A:79:5B:E8:BF"
            ]
        },
        {
            "server_name": "coresys.dvrdns.org:25461",
            "server_url": "http://coresys.dvrdns.org:25461/c/",
            "macs": [
                "00:1A:79:60:5F:55",
                "00:1A:79:68:6F:B8",
                "00:1A:79:83:F2:EA",
                "00:1A:79:87:9F:AC",
                "00:1A:79:9B:4F:F2",
                "00:1A:79:BA:8F:B2"
            ]
        },
        {
            "server_name": "ip.xtremetv.eu:8000",
            "server_url": "http://ip.xtremetv.eu:8000/c/",
            "macs": [
                "00:1A:79:4E:FD:4E",
                "00:1A:79:BC:D7:9A"
            ]
        },
        {
            "server_name": "117tv.icu:8080",
            "server_url": "http://117tv.icu:8080/c/",
            "macs": [
                "00:1A:79:2D:9D:92"
            ]
        },
        {
            "server_name": "cbr.selfip.org:8080",
            "server_url": "http://cbr.selfip.org:8080/c/",
            "macs": [
                "00:1A:79:19:30:99",
                "00:1A:79:32:65:F3",
                "00:1A:79:53:2A:C8",
                "00:1A:79:5F:DD:EC",
                "00:1A:79:63:53:78",
                "00:1A:79:6A:F9:19",
                "00:1A:79:70:50:62",
                "00:1A:79:74:02:84",
                "00:1A:79:B7:A0:E8",
                "00:1A:79:BA:0D:38",
                "00:1A:79:BA:8D:13",
                "00:1A:79:BB:CF:E8",
                "00:1A:79:BD:46:65",
                "00:1A:79:CE:0A:4E",
                "00:1A:79:D0:0A:AA"
            ]
        },
        {
            "server_name": "royallivetv.club",
            "server_url": "http://royallivetv.club/c/",
            "macs": [
                "00:1A:79:73:67:84",
                "00:1A:79:73:67:AA",
                "00:1A:79:73:67:E6",
                "00:1A:79:7C:56:38"
            ]
        },
        {
            "server_name": "www.exyubalkan-iptv.com.streamtv.to",
            "server_url": "http://www.exyubalkan-iptv.com.streamtv.to/c/",
            "macs": [
                "00:1A:79:3F:0D:2F",
                "00:1A:79:63:AB:4E",
                "00:1A:79:A5:E5:60",
                "00:1A:79:AB:64:E1",
                "00:1A:79:AD:48:F0",
                "00:1A:79:B0:D3:40",
                "00:1A:79:BA:59:05",
                "00:1A:79:C5:63:B6",
                "00:1A:79:C6:F7:11",
                "00:1A:79:C6:F7:6A",
                "00:1A:79:C6:F7:AD",
                "00:1A:79:D6:7E:52"
            ]
        },
        {
            "server_name": "ainfo.icu",
            "server_url": "http://ainfo.icu/c/",
            "macs": [
                "00:1A:79:00:12:74",
                "00:1A:79:00:12:75",
                "00:1A:79:00:12:88",
                "00:1A:79:03:AF:77",
                "00:1A:79:0A:AE:62",
                "00:1A:79:20:BD:F9",
                "00:1A:79:2B:26:FB",
                "00:1A:79:36:9C:79",
                "00:1A:79:5E:10:85",
                "00:1A:79:77:FC:33",
                "00:1A:79:81:E9:45",
                "00:1A:79:B6:46:9F",
                "00:1A:79:B6:46:A1",
                "00:1A:79:F5:01:0F",
                "00:1A:79:F5:01:16"
            ]
        },
        {
            "server_name": "norhmuk.top:8080",
            "server_url": "http://norhmuk.top:8080/c/",
            "macs": [
                "00:1A:79:4B:B9:60"
            ]
        },
        {
            "server_name": "mycasual.xyz:80",
            "server_url": "http://mycasual.xyz:80/c/",
            "macs": [
                "00:1A:79:8E:3F:67",
                "00:1A:79:BA:AD:78"
            ]
        },
        {
            "server_name": "login.newborntv.info",
            "server_url": "http://login.newborntv.info/c/",
            "macs": [
                "00:1A:79:38:38:30",
                "00:1A:79:38:38:31",
                "00:1A:79:38:38:61",
                "00:1A:79:66:65:33",
                "00:1A:79:66:65:35",
                "00:1A:79:7A:7D:F3",
                "00:1A:79:7F:93:93",
                "00:1A:79:AD:73:25",
                "00:1A:79:B6:23:20",
                "00:1A:79:B6:23:5C",
                "00:1A:79:B6:23:A8"
            ]
        },
        {
            "server_name": "ix.kingtv.pw",
            "server_url": "http://ix.kingtv.pw/c/",
            "macs": [
                "00:1A:79:6B:BF:1E"
            ]
        },
        {
            "server_name": "hi-ott.me:80",
            "server_url": "http://hi-ott.me:80/c/",
            "macs": [
                "00:1A:79:00:10:AA",
                "00:1A:79:00:10:B0",
                "00:1A:79:00:10:D4",
                "00:1A:79:00:11:66",
                "00:1A:79:00:11:72"
            ]
        },
        {
            "server_name": "nk.cdnnet.xyz",
            "server_url": "http://nk.cdnnet.xyz/c/",
            "macs": [
                "00:1A:79:08:FA:68",
                "00:1A:79:08:FA:D2",
                "00:1A:79:56:9A:7A",
                "00:1A:79:81:6B:4B",
                "00:1A:79:81:6B:76",
                "00:1A:79:B4:E5:24",
                "00:1A:79:B4:E5:26",
                "00:1A:79:B4:E5:79",
                "00:1A:79:B4:E5:7D",
                "00:1A:79:B4:E5:C4",
                "00:1A:79:B4:E5:E2",
                "00:1A:79:BD:61:08",
                "00:1A:79:BD:61:2B",
                "00:1A:79:BD:61:8E",
                "00:1A:79:C5:7B:66"
            ]
        },
        {
            "server_name": "ip218.ip-94-23-164.eu:29547",
            "server_url": "http://ip218.ip-94-23-164.eu:29547/stalker_portal/c/",
            "macs": [
                "00:1A:79:4A:FE:16"
            ]
        },
        {
            "server_name": "tv.premiumplus.tv:80",
            "server_url": "http://tv.premiumplus.tv:80/c/",
            "macs": [
                "00:1A:79:A2:B8:41"
            ]
        },
        {
            "server_name": "kp76.dfqz.cc",
            "server_url": "http://kp76.dfqz.cc/c/",
            "macs": [
                "00:1A:79:7E:2C:E7"
            ]
        }
    ]
}