{
    "items": [
        {
            "server_name": "hd-max.org:8080",
            "server_url": "http://hd-max.org:8080/c/",
            "macs": [
                "00:1A:79:08:8F:2D",
                "00:1A:79:80:F4:1E"
            ]
        },
        {
            "server_name": "nks24.com:8080",
            "server_url": "http://nks24.com:8080/c/",
            "macs": [
                "00:1A:79:B5:0D:D8",
                "00:1A:79:54:D7:96",
                "00:1A:79:4D:05:8A",
                "00:1A:79:31:EC:C2",
                "00:1A:79:19:6F:3C"
            ]
        },
        {
            "server_name": "s16.fjoker.xyz:8080",
            "server_url": "http://s16.fjoker.xyz:8080/c/",
            "macs": [
                "00:1A:79:00:13:52",
                "00:1A:79:00:13:86",
                "00:1A:79:00:13:8A",
                "00:1A:79:00:15:B0",
                "00:1A:79:00:15:B1",
                "00:1A:79:00:15:B6"
            ]
        },
        {
            "server_name": "188.241.218.199",
            "server_url": "http://188.241.218.199/c/",
            "macs": [
                "00:1A:79:1F:69:BD"
            ]
        }
    ]
}