{
    "items": [
        {
            "server_name": "line.iptveros.com:8000",
            "server_url": "http://line.iptveros.com:8000/c/",
            "macs": [
                "00:1A:79:D1:A7:E2"
            ]
        },
        {
            "server_name": "spacextv.live:8080",
            "server_url": "http://spacextv.live:8080/c/",
            "macs": [
                "00:1A:79:48:12:A8"
            ]
        },
        {
            "server_name": "owliptv.gentv.to:8080",
            "server_url": "http://owliptv.gentv.to:8080/c/",
            "macs": [
                "00:1A:79:45:A7:A4",
                "00:1A:79:CB:79:0C"
            ]
        },
        {
            "server_name": "fzahtv.com",
            "server_url": "http://fzahtv.com/c/",
            "macs": [
                "00:1A:79:80:E5:11"
            ]
        },
        {
            "server_name": "skipcf.cwdn.cx",
            "server_url": "http://skipcf.cwdn.cx/c/",
            "macs": [
                "00:1A:79:C6:F5:00",
                "00:1A:79:F5:3E:2A"
            ]
        },
        {
            "server_name": "cooltv4u.xyz",
            "server_url": "http://cooltv4u.xyz/stalker_portal/c/",
            "macs": [
                "00:1A:79:41:B5:00",
                "00:1A:79:72:F4:B6",
                "00:1A:79:7E:0A:62",
                "00:1A:79:85:B0:9D",
                "00:1A:79:BC:16:9D",
                "00:1A:79:C8:4B:94"
            ]
        },
        {
            "server_name": "wtc05.mi20.cc",
            "server_url": "http://wtc05.mi20.cc/stalker_portal/c/",
            "macs": [
                "00:1A:79:73:00:FC",
                "00:1A:79:75:9D:25"
            ]
        },
        {
            "server_name": "gfr5.mi20.cc",
            "server_url": "http://gfr5.mi20.cc/stalker_portal/c/",
            "macs": [
                "00:1A:79:79:2D:C1"
            ]
        },
        {
            "server_name": "6d.tanres.us",
            "server_url": "http://6d.tanres.us/c/",
            "macs": [
                "00:1A:79:35:C4:B0"
            ]
        },
        {
            "server_name": "icon-ott.xyz",
            "server_url": "http://icon-ott.xyz/c/",
            "macs": [
                "00:1A:79:21:0F:FD",
                "00:1A:79:B5:F8:2E",
                "00:1A:79:BE:3A:67",
                "00:1A:79:E5:B2:F8"
            ]
        }
    ]
}