{
    "items": [
        {
            "server_name": "media.ottpurstream.com",
            "server_url": "http://media.ottpurstream.com/c/",
            "macs": [
                "00:1A:79:A4:69:C3"
            ]
        },
        {
            "server_name": "lllllliiiiiiidsa9.funtogether.xyz:8080",
            "server_url": "http://lllllliiiiiiidsa9.funtogether.xyz:8080/c/",
            "macs": [
                "00:1A:79:4D:B9:66"
            ]
        },
        {
            "server_name": "lllllliiiiiiidsa9.funtogether.xyz:8080",
            "server_url": "http://lllllliiiiiiidsa9.funtogether.xyz:8080/c/",
            "macs": [
                "00:1A:79:e6:80:67",
                "00:1A:79:36:06:bb",
                "00:1A:79:c5:5f:e5",
                "00:1A:79:64:ee:d1",
                "00:1A:79:59:4c:27",
                "00:1A:79:fa:06:30",
                "00:1A:79:c1:fa:e7",
                "00:1A:79:bd:67:17",
                "00:1A:79:3a:20:58",
                "00:1A:79:b7:0d:cb",
                "00:1A:79:76:2d:97",
                "00:1A:79:af:67:61",
                "00:1A:79:ad:8e:b2",
                "00:1A:79:bd:46:3d",
                "00:1A:79:ae:3c:b3"
            ]
        },
        {
            "server_name": "16243-sides.cdn-o2.me",
            "server_url": "http://16243-sides.cdn-o2.me/c/",
            "macs": [
                "00:1A:79:4F:AE:64",
                "00:1A:79:47:ED:40"
            ]
        },
        {
            "server_name": "1234up.com:8080",
            "server_url": "http://1234up.com:8080/c/",
            "macs": [
                "00:1A:79:FB:22:52",
                "00:1A:79:A9:D0:94",
                "00:1A:79:FB:44:4F",
                "00:1A:79:F5:1D:9E"
            ]
        },
        {
            "server_name": "avare.kingtv.pw",
            "server_url": "http://avare.kingtv.pw/c/",
            "macs": [
                "00:1A:79:0E:39:2C",
                "00:1A:79:A9:E4:7B",
                "00:1A:79:13:50:5E",
                "00:1A:79:13:4E:DA",
                "00:1A:79:C1:8F:5F"
            ]
        },
        {
            "server_name": "107.189.14.168:8080",
            "server_url": "http://107.189.14.168:8080/c/",
            "macs": [
                "00:1A:79:6B:EA:ED",
                "00:1A:79:69:E1:C6",
                "00:1A:79:B3:2A:BF",
                "00:1A:79:64:E0:D3",
                "00:1A:79:72:49:77"
            ]
        },
        {
            "server_name": "lllllliiiiiiidsa9.funtogether.xyz:8080",
            "server_url": "http://lllllliiiiiiidsa9.funtogether.xyz:8080/c/",
            "macs": [
                "00:1A:79:7E:1D:7A"
            ]
        },
        {
            "server_name": "64cxz.com:8080",
            "server_url": "http://64cxz.com:8080/c/",
            "macs": [
                "00:1A:79:c4:af:53"
            ]
        },
        {
            "server_name": "io.t-v.io:80",
            "server_url": "http://io.t-v.io:80/c/",
            "macs": [
                "00:1A:79:A5:26:AA"
            ]
        },
        {
            "server_name": "qqwawa.xyz",
            "server_url": "http://qqwawa.xyz/c/",
            "macs": [
                "00:1A:79:AB:AB:DF"
            ]
        },
        {
            "server_name": "exm3u.123tv.to:8080",
            "server_url": "http://exm3u.123tv.to:8080/c/",
            "macs": [
                "00:1A:79:B5:B5:7B"
            ]
        },
        {
            "server_name": "cbr.selfip.org:8080",
            "server_url": "http://cbr.selfip.org:8080/c/",
            "macs": [
                "00:1A:79:41:0B:14"
            ]
        },
        {
            "server_name": "skunkytv.live:80",
            "server_url": "http://skunkytv.live:80/c/",
            "macs": [
                "00:1A:79:76:93:47"
            ]
        },
        {
            "server_name": "103.176.90.140",
            "server_url": "http://103.176.90.140/c/",
            "macs": [
                "00:1A:79:44:E5:8F",
                "00:1A:79:5B:13:C6"
            ]
        },
        {
            "server_name": "89.45.13.220:8080",
            "server_url": "http://89.45.13.220:8080/c/",
            "macs": [
                "00:1A:79:07:C6:14",
                "00:1A:79:6B:BA:A2",
                "00:1A:79:AA:59:A8",
                "00:1A:79:10:3D:4C",
                "00:1A:79:08:45:CD"
            ]
        },
        {
            "server_name": "149.18.18.90:80",
            "server_url": "http://149.18.18.90:80/c/",
            "macs": [
                "00:1A:79:c3:14:40",
                "00:1A:79:BC:8B:DB",
                "00:1A:79:A1:E5:BC",
                "00:1A:79:b3:af:61",
                "00:1A:79:ab:de:81",
                "00:1A:79:ba:5d:41",
                "00:1A:79:de:07:4c",
                "00:1A:79:b9:d0:94",
                "00:1A:79:be:90:44",
                "00:1A:79:5d:8b:24",
                "00:1A:79:a3:98:3a",
                "00:1A:79:C6:C8:BE",
                "00:1A:79:6F:8C:BF",
                "00:1A:79:B3:8B:2B"
            ]
        },
        {
            "server_name": "imoxof.xyz:80",
            "server_url": "http://imoxof.xyz:80/c/",
            "macs": [
                "00:1A:79:b8:38:64",
                "00:1A:79:76:8f:81",
                "00:1A:79:c7:47:ff",
                "00:1A:79:5f:98:df",
                "00:1A:79:15:e2:87",
                "00:1A:79:c6:b9:ca",
                "00:1A:79:80:1f:0b",
                "00:1A:79:78:d1:1f",
                "00:1A:79:8d:36:55",
                "00:1A:79:54:ad:35",
                "00:1A:79:b4:c8:e4",
                "00:1A:79:f9:9e:af",
                "00:1A:79:a2:90:53",
                "00:1A:79:76:78:ea",
                "00:1A:79:80:ce:ed",
                "00:1A:79:7b:a3:b2",
                "00:1A:79:76:20:d7",
                "00:1A:79:7a:ea:c4",
                "00:1A:79:78:7f:73",
                "00:1A:79:78:54:da",
                "00:1A:79:7e:0b:d5",
                "00:1A:79:7b:0b:e3",
                "00:1A:79:7e:1c:3a",
                "00:1A:79:76:1f:67",
                "00:1A:79:7a:94:b1",
                "00:1A:79:7e:dc:ee"
            ]
        }
    ]
}