{
    "items": [
        {
            "server_name": "brokentv.rip:8080",
            "server_url": "http://brokentv.rip:8080/c/",
            "macs": [
                "00:1A:79:ED:2A:1C",
                "00:1A:79:79:25:A2",
                "00:1A:79:7A:B4:0A",
                "00:1A:79:58:EC:A5"
            ]
        },
        {
            "server_name": "ogzpunk.live:8080",
            "server_url": "http://ogzpunk.live:8080/c/",
            "macs": [
                "00:1A:79:13:4F:8A",
                "00:1A:79:13:57:AE",
                "00:1A:79:B4:FB:4F",
                "00:1A:79:90:24:B9",
                "00:1A:79:D7:99:DB",
                "00:1A:79:77:03:2E",
                "00:1A:79:10:D5:CE"
            ]
        },
        {
            "server_name": "iptv.darktv.nl:80",
            "server_url": "http://iptv.darktv.nl:80/c/",
            "macs": [
                "00:1A:79:b5:9e:e5",
                "00:1A:79:d0:34:e0",
                "00:1A:79:b8:7a:0b"
            ]
        }
    ]
}