{
    "items": [
        {
            "server_name": "m5ip.club:80",
            "server_url": "http://m5ip.club:80/c/",
            "macs": [
                "00:1A:79:dd:a2:7d",
                "00:1A:79:55:2f:11",
                "00:1A:79:77:50:95",
                "00:1A:79:c6:b0:b5",
                "00:1A:79:d0:22:80",
                "00:1A:79:d0:29:39"
            ]
        },
        {
            "server_name": "16919-near.cloud-ott.me:80",
            "server_url": "http://16919-near.cloud-ott.me:80/c/",
            "macs": [
                "00:1A:79:00:00:00"
            ]
        },
        {
            "server_name": "185.243.7.2:80",
            "server_url": "http://185.243.7.2:80/c/",
            "macs": [
                "00:1A:79:00:00:00"
            ]
        },
        {
            "server_name": "blomc.rtmp.io:80",
            "server_url": "http://blomc.rtmp.io:80/c/",
            "macs": [
                "00:1A:79:00:00:00"
            ]
        },
        {
            "server_name": "m3u.zen-ott.me:80",
            "server_url": "http://m3u.zen-ott.me:80/c/",
            "macs": [
                "00:1A:79:00:00:00"
            ]
        },
        {
            "server_name": "portal.best-tv.me:80",
            "server_url": "http://portal.best-tv.me:80/c/",
            "macs": [
                "00:1A:79:00:00:00"
            ]
        },
        {
            "server_name": "hi-ott.me:80",
            "server_url": "http://hi-ott.me:80/c/",
            "macs": [
                "00:1A:79:00:00:00"
            ]
        },
        {
            "server_name": "n0r468fju.11121367.xyz:8080",
            "server_url": "http://n0r468fju.11121367.xyz:8080/c/",
            "macs": [
                "00:1A:79:00:00:02"
            ]
        },
        {
            "server_name": "apk.zentv4k.me:80",
            "server_url": "http://apk.zentv4k.me:80/c/",
            "macs": [
                "00:1A:79:00:00:02"
            ]
        },
        {
            "server_name": "king4k.tv:80",
            "server_url": "http://king4k.tv:80/c/",
            "macs": [
                "00:1A:79:00:00:02"
            ]
        },
        {
            "server_name": "8sit7.ipro.tv:80",
            "server_url": "http://8sit7.ipro.tv:80/c/",
            "macs": [
                "00:1A:79:00:00:00"
            ]
        }
    ]
}