{
    "items": [
        {
            "server_name": "ggddnss2.com:8080",
            "server_url": "http://ggddnss2.com:8080/c/",
            "macs": [
                "00:1A:79:23:4F:A6",
                "00:1A:79:AB:38:D9",
                "00:1A:79:B6:D9:8C",
                "00:1A:79:F2:81:D2"
            ]
        },
        {
            "server_name": "promaxhd.com:8080",
            "server_url": "http://promaxhd.com:8080/c/",
            "macs": [
                "00:1A:79:20:35:BC",
                "00:1A:79:2B:2C:A7",
                "00:1A:79:4A:04:0E",
                "00:1A:79:6F:A4:1B",
                "00:1A:79:74:58:F9",
                "00:1A:79:75:3F:36",
                "00:1A:79:AC:C3:0A",
                "00:1A:79:F5:0B:8F"
            ]
        },
        {
            "server_name": "main.light-ott.net:80",
            "server_url": "http://main.light-ott.net:80/c/",
            "macs": [
                "00:1A:79:54:2E:21",
                "00:1A:79:6A:88:07"
            ]
        },
        {
            "server_name": "yedek.realiptv.org",
            "server_url": "http://yedek.realiptv.org/c/",
            "macs": [
                "00:1A:79:05:E0:C1"
            ]
        },
        {
            "server_name": "izle.atak.live:8080",
            "server_url": "http://izle.atak.live:8080/c/",
            "macs": [
                "00:1A:79:17:2D:99",
                "00:1A:79:4D:03:42"
            ]
        },
        {
            "server_name": "ultra-box.club",
            "server_url": "http://ultra-box.club/c/",
            "macs": [
                "00:1A:79:A1:BB:04",
                "00:1A:79:A3:6B:50",
                "00:1A:79:A3:B7:88",
                "00:1A:79:AC:1E:93",
                "00:1A:79:AD:7F:3A",
                "00:1A:79:BB:C7:5F"
            ]
        },
        {
            "server_name": "mag.rs6ott.com",
            "server_url": "http://mag.rs6ott.com/c/",
            "macs": [
                "00:1A:79:08:FB:35",
                "00:1A:79:58:72:91",
                "00:1A:79:6C:C9:E2",
                "00:1A:79:70:EA:EE",
                "00:1A:79:8C:07:82",
                "00:1A:79:95:BB:52",
                "00:1A:79:A1:82:A0",
                "00:1A:79:A3:B7:83",
                "00:1A:79:AC:A4:22",
                "00:1A:79:C7:B3:19",
                "00:1A:79:CD:44:C6"
            ]
        },
        {
            "server_name": "45.137.206.80:26085",
            "server_url": "http://45.137.206.80:26085/stalker_portal/c/",
            "macs": [
                "00:1A:79:2D:C0:45",
                "00:1A:79:39:A4:AF",
                "00:1A:79:3A:A4:F5",
                "00:1A:79:43:77:08",
                "00:1A:79:7D:FF:0E",
                "00:1A:79:A7:78:C5",
                "00:1A:79:B6:06:2A",
                "00:1A:79:CF:0F:12",
                "00:1A:79:E6:58:B5",
                "00:1A:79:F0:7E:3C"
            ]
        },
        {
            "server_name": "io.t-v.io",
            "server_url": "http://io.t-v.io/c/",
            "macs": [
                "00:1A:79:08:45:2E",
                "00:1A:79:AD:61:98"
            ]
        },
        {
            "server_name": "uhd3.one",
            "server_url": "http://uhd3.one/c/",
            "macs": [
                "00:1A:79:A9:DA:92",
                "00:1A:79:BE:26:F9",
                "00:1A:79:E1:0E:18"
            ]
        },
        {
            "server_name": "p1.iptvrocket.tv",
            "server_url": "http://p1.iptvrocket.tv/c/",
            "macs": [
                "00:1A:79:7E:5F:AF",
                "00:1A:79:CF:00:BA",
                "00:1A:79:E5:7D:4D"
            ]
        },
        {
            "server_name": "212.129.8.69",
            "server_url": "http://212.129.8.69/stalker_portal/c/",
            "macs": [
                "00:1A:79:61:66:31"
            ]
        },
        {
            "server_name": "hans_monika.streamtv.to:8080",
            "server_url": "http://hans_monika.streamtv.to:8080/c/",
            "macs": [
                "00:1A:79:0A:DD:B7",
                "00:1A:79:14:D8:BE"
            ]
        },
        {
            "server_name": "cbrlig.com:8080",
            "server_url": "http://cbrlig.com:8080/c/",
            "macs": [
                "00:1A:79:68:72:6F",
                "00:1A:79:C8:2D:F5",
                "00:1A:79:CC:2E:1A"
            ]
        },
        {
            "server_name": "fastopen.live:8080",
            "server_url": "http://fastopen.live:8080/c/",
            "macs": [
                "00:1A:79:58:0A:0B",
                "00:1A:79:5A:0A:F9",
                "00:1A:79:63:C3:61",
                "00:1A:79:D0:EE:3B"
            ]
        },
        {
            "server_name": "web2021.biz:8080",
            "server_url": "http://web2021.biz:8080/c/",
            "macs": [
                "00:1A:79:6A:9F:BA",
                "00:1A:79:A7:2A:32"
            ]
        },
        {
            "server_name": "genlive.online",
            "server_url": "http://genlive.online/c/",
            "macs": [
                "00:1A:79:3F:16:B6",
                "00:1A:79:58:13:CD",
                "00:1A:79:BC:36:AF"
            ]
        },
        {
            "server_name": "spacextv.live:8080",
            "server_url": "http://spacextv.live:8080/c/",
            "macs": [
                "00:1A:79:08:42:4F",
                "00:1A:79:08:EF:74"
            ]
        },
        {
            "server_name": "icon-ott.xyz",
            "server_url": "http://icon-ott.xyz/c/",
            "macs": [
                "00:1A:79:28:20:66",
                "00:1A:79:65:0D:5B",
                "00:1A:79:6F:E0:8F",
                "00:1A:79:73:B5:8B",
                "00:1A:79:85:2F:5F",
                "00:1A:79:8F:47:E6",
                "00:1A:79:C4:86:F9",
                "00:1A:79:C5:0E:B6",
                "00:1A:79:C5:68:09"
            ]
        },
        {
            "server_name": "ainfo.icu",
            "server_url": "http://ainfo.icu/c/",
            "macs": [
                "00:1A:79:20:DD:8B",
                "00:1A:79:3E:7F:21",
                "00:1A:79:BA:E6:92",
                "00:1A:79:CB:39:4F",
                "00:1A:79:E6:4D:7F",
                "00:1A:79:FA:01:37"
            ]
        },
        {
            "server_name": "testdi.proxytx.cloud",
            "server_url": "http://testdi.proxytx.cloud/c/",
            "macs": [
                "00:1A:79:64:50:0F",
                "00:1A:79:6F:9F:74",
                "00:1A:79:79:1F:5A",
                "00:1A:79:B8:C7:2C",
                "00:1A:79:C3:C9:94"
            ]
        },
        {
            "server_name": "power4kiptv.info:8080",
            "server_url": "http://power4kiptv.info:8080/c/",
            "macs": [
                "00:1A:79:E7:43:81"
            ]
        },
        {
            "server_name": "line.maxir.biz:8080",
            "server_url": "http://line.maxir.biz:8080/c/",
            "macs": [
                "00:1A:79:71:46:14"
            ]
        },
        {
            "server_name": "atg100.xyz",
            "server_url": "http://atg100.xyz/c/",
            "macs": [
                "00:1A:79:AD:F2:91"
            ]
        },
        {
            "server_name": "iptv.darktv.in",
            "server_url": "http://iptv.darktv.in/c/",
            "macs": [
                "00:1A:79:03:12:25",
                "00:1A:79:16:33:08",
                "00:1A:79:19:05:CD",
                "00:1A:79:2D:74:FA",
                "00:1A:79:39:2C:DD",
                "00:1A:79:4F:D0:8F",
                "00:1A:79:61:FE:B2",
                "00:1A:79:A4:2F:47",
                "00:1A:79:C3:1E:75",
                "00:1A:79:D1:E1:96",
                "00:1A:79:D2:0B:6A",
                "00:1A:79:D7:1F:15"
            ]
        }
    ]
}