{
    "items": [
        {
            "server_name": "tv.premiumplus.tv",
            "server_url": "http://tv.premiumplus.tv/c/",
            "macs": [
                "00:1A:79:1E:DB:BF"
            ]
        },
        {
            "server_name": "line.greatstar.me",
            "server_url": "http://line.greatstar.me/c/",
            "macs": [
                "00:1A:79:17:08:10",
                "00:1A:79:D8:3B:58"
            ]
        },
        {
            "server_name": "6d.tanres.us",
            "server_url": "http://6d.tanres.us/c/",
            "macs": [
                "00:1A:79:00:12:AD",
                "00:1A:79:00:12:B6",
                "00:1A:79:00:12:F1"
            ]
        },
        {
            "server_name": "fzahtv.com",
            "server_url": "http://fzahtv.com/c/",
            "macs": [
                "00:1A:79:33:31:32",
                "00:1A:79:82:53:CA",
                "00:1A:79:B2:07:2C",
                "00:1A:79:B6:46:54",
                "00:1A:79:C3:B2:69",
                "00:1A:79:D5:72:56",
                "00:1A:79:D6:4E:84"
            ]
        },
        {
            "server_name": "mag.ukhd.tv",
            "server_url": "http://mag.ukhd.tv/c/",
            "macs": [
                "00:1A:79:24:4F:C9",
                "00:1A:79:27:1F:A8",
                "00:1A:79:2B:9C:4E",
                "00:1A:79:3D:0B:02",
                "00:1A:79:4A:5E:47",
                "00:1A:79:63:AA:CE",
                "00:1A:79:65:66:37",
                "00:1A:79:88:68:F1",
                "00:1A:79:B0:E6:91",
                "00:1A:79:D2:BD:2B"
            ]
        },
        {
            "server_name": "45.139.122.199:8080",
            "server_url": "http://45.139.122.199:8080/c/",
            "macs": [
                "00:1A:79:49:87:04",
                "00:1A:79:92:26:86",
                "00:1A:79:AB:EC:E9",
                "00:1A:79:B4:F9:03",
                "00:1A:79:B8:73:E6",
                "00:1A:79:C2:8B:03",
                "00:1A:79:C3:44:20",
                "00:1A:79:D1:8B:2C"
            ]
        },
        {
            "server_name": "tv.trexiptv.com",
            "server_url": "http://tv.trexiptv.com/c/",
            "macs": [
                "00:1A:79:C5:8F:97"
            ]
        },
        {
            "server_name": "fastrunner.live:8080",
            "server_url": "http://fastrunner.live:8080/c/",
            "macs": [
                "00:1A:79:3F:0D:2F"
            ]
        }
    ]
}