{
    "items": [
        {
            "server_name": "185.243.7.154",
            "server_url": "http://185.243.7.154/c/",
            "macs": [
                "00:1a:79:a5:a5:10",
                "00:1A:79:C2:A5:53"
            ]
        },
        {
            "server_name": "restream.globaltv1.net:8080",
            "server_url": "http://restream.globaltv1.net:8080/c/",
            "macs": [
                "00:1A:79:4d:00:4b",
                "00:1A:79:AB:5E:76",
                "00:1A:79:4D:05:F4",
                "00:1A:79:B1:4C:7D",
                "00:1A:79:4D:03:87",
                "00:1A:79:13:4F:22",
                "00:1A:79:4D:05:14",
                "00:1A:79:10:E0:73",
                "00:1A:79:13:53:5C",
                "00:1A:79:1C:14:0A",
                "00:1A:79:71:88:67"
            ]
        }
    ]
}