{
    "items": [
        {
            "server_name": "elit4kiptv.info:8080",
            "server_url": "http://elit4kiptv.info:8080/c/",
            "macs": [
                "00:1A:79:08:44:7A",
                "00:1A:79:08:4C:62",
                "00:1A:79:08:4E:36",
                "00:1A:79:10:E2:E6",
                "00:1A:79:17:2C:DB",
                "00:1A:79:23:62:33",
                "00:1A:79:4A:18:B8",
                "00:1A:79:4D:00:5F",
                "00:1A:79:4E:39:66",
                "00:1A:79:50:0D:F6",
                "00:1A:79:58:37:27",
                "00:1A:79:93:63:96",
                "00:1A:79:B2:58:B0"
            ]
        },
        {
            "server_name": "spacextv.live:8080",
            "server_url": "http://spacextv.live:8080/c/",
            "macs": [
                "00:1A:79:08:44:B0",
                "00:1A:79:08:E1:E8"
            ]
        },
        {
            "server_name": "trxx.in",
            "server_url": "http://trxx.in/c/",
            "macs": [
                "00:1A:79:71:03:01",
                "00:1A:79:9C:2F:B3",
                "00:1A:79:A0:A8:6A",
                "00:1A:79:B2:46:41",
                "00:1A:79:FB:2A:83"
            ]
        },
        {
            "server_name": "livepremium.xyz:8080",
            "server_url": "http://livepremium.xyz:8080/c/",
            "macs": [
                "00:1A:79:28:4A:0D",
                "00:1A:79:52:AE:8B",
                "00:1A:79:56:17:6D",
                "00:1A:79:7B:DB:61"
            ]
        },
        {
            "server_name": "staer.ugoiptv.com:80",
            "server_url": "http://staer.ugoiptv.com:80/c/",
            "macs": [
                "00:1A:79:5E:7E:4F",
                "00:1A:79:75:88:60",
                "00:1A:79:A3:13:DF"
            ]
        },
        {
            "server_name": "tr.redatvgold.com:80",
            "server_url": "http://tr.redatvgold.com:80/c/",
            "macs": [
                "00:1A:79:32:31:35",
                "00:1A:79:34:08:C0",
                "00:1A:79:90:2B:94",
                "00:1A:79:B1:2A:0B"
            ]
        },
        {
            "server_name": "tvonpt.net",
            "server_url": "http://tvonpt.net/c/",
            "macs": [
                "00:1A:79:A5:26:AA"
            ]
        },
        {
            "server_name": "platinumz.xyz:8080",
            "server_url": "http://platinumz.xyz:8080/c/",
            "macs": [
                "00:1A:79:0E:39:81"
            ]
        },
        {
            "server_name": "93.119.105.61",
            "server_url": "http://93.119.105.61/c/",
            "macs": [
                "00:1A:79:00:00:08"
            ]
        },
        {
            "server_name": "slayerteam.in.rs",
            "server_url": "http://slayerteam.in.rs/c/",
            "macs": [
                "00:1A:79:1E:09:09"
            ]
        },
        {
            "server_name": "107.189.14.168:8080",
            "server_url": "http://107.189.14.168:8080/c/",
            "macs": [
                "00:1A:79:3B:92:F0",
                "00:1A:79:3E:44:57",
                "00:1A:79:62:BA:02",
                "00:1A:79:BA:63:E2",
                "00:1A:79:CE:7E:AE"
            ]
        },
        {
            "server_name": "tkosportz.live:25461",
            "server_url": "http://tkosportz.live:25461/c/",
            "macs": [
                "00:1A:79:E6:D7:52"
            ]
        },
        {
            "server_name": "coresys.dvrdns.org:25461",
            "server_url": "http://coresys.dvrdns.org:25461/c/",
            "macs": [
                "00:1A:79:28:71:A6"
            ]
        },
        {
            "server_name": "zorrohunter.com",
            "server_url": "http://zorrohunter.com/c/",
            "macs": [
                "00:1A:79:A4:8D:9A"
            ]
        },
        {
            "server_name": "23232.top:80",
            "server_url": "http://23232.top:80/c/",
            "macs": [
                "00:1A:79:2D:0F:B5",
                "00:1A:79:43:1C:07",
                "00:1A:79:51:4F:45",
                "00:1A:79:53:EA:DD",
                "00:1A:79:65:C2:0B",
                "00:1A:79:69:FD:CA",
                "00:1A:79:73:FB:A5",
                "00:1A:79:95:DE:9E",
                "00:1A:79:B5:50:AD",
                "00:1A:79:B8:F8:BF",
                "00:1A:79:C3:E7:8F",
                "00:1A:79:CA:2B:0F",
                "00:1A:79:D5:21:6C",
                "00:1A:79:E5:8E:6A"
            ]
        },
        {
            "server_name": "line.boom-ott.ru",
            "server_url": "http://line.boom-ott.ru/c/",
            "macs": [
                "00:1A:79:60:25:9B",
                "00:1A:79:B5:F8:1C",
                "00:1A:79:B5:F8:21",
                "00:1A:79:B5:F8:2A",
                "00:1A:79:B5:F8:36",
                "00:1A:79:B5:F8:37",
                "00:1A:79:B5:F8:3C",
                "00:1A:79:B5:F8:58",
                "00:1A:79:B5:F8:73",
                "00:1A:79:B5:F8:77",
                "00:1A:79:B5:F8:79",
                "00:1A:79:B5:F8:AA",
                "00:1A:79:B5:F8:EB",
                "00:1A:79:B5:F8:FD",
                "00:1A:79:B5:F9:67",
                "00:1A:79:B5:F9:DA"
            ]
        },
        {
            "server_name": "atg100.xyz",
            "server_url": "http://atg100.xyz/c/",
            "macs": [
                "00:1A:79:39:37:36",
                "00:1A:79:5B:5D:D4",
                "00:1A:79:67:0F:70",
                "00:1A:79:6E:67:AB",
                "00:1A:79:8C:0F:E1",
                "00:1A:79:97:0F:C6",
                "00:1A:79:D4:C6:94",
                "00:1A:79:E7:53:04",
                "00:1A:79:EA:9A:5E"
            ]
        },
        {
            "server_name": "4kforyou.pro:2052",
            "server_url": "http://4kforyou.pro:2052/c/",
            "macs": [
                "00:1A:79:41:E7:BC",
                "00:1A:79:4F:CF:8C",
                "00:1A:79:54:F8:DD",
                "00:1A:79:5C:E7:6C",
                "00:1A:79:64:39:16",
                "00:1A:79:67:59:0D",
                "00:1A:79:6C:2A:B3",
                "00:1A:79:6F:9F:35",
                "00:1A:79:73:5B:59",
                "00:1A:79:7A:19:B7",
                "00:1A:79:80:8A:BD",
                "00:1A:79:8B:2A:67",
                "00:1A:79:8B:3B:F1",
                "00:1A:79:A5:C5:22",
                "00:1A:79:BA:F4:B5",
                "00:1A:79:C9:46:B0"
            ]
        },
        {
            "server_name": "vmeuro.info:80",
            "server_url": "http://vmeuro.info:80/c/",
            "macs": [
                "00:1A:79:0A:15:15",
                "00:1A:79:34:3E:F9",
                "00:1A:79:42:CB:23",
                "00:1A:79:45:25:FC",
                "00:1A:79:45:DC:26",
                "00:1A:79:49:11:26",
                "00:1A:79:4A:B4:F7",
                "00:1A:79:4B:87:81",
                "00:1A:79:4E:83:65",
                "00:1A:79:4E:93:5D",
                "00:1A:79:5B:F4:97",
                "00:1A:79:66:C3:B8",
                "00:1A:79:69:01:7A",
                "00:1A:79:72:15:F0",
                "00:1A:79:DE:36:C6"
            ]
        },
        {
            "server_name": "gfr5.mi20.cc",
            "server_url": "http://gfr5.mi20.cc/stalker_portal/c/",
            "macs": [
                "00:1A:79:76:5B:E7"
            ]
        },
        {
            "server_name": "ledir.thund.re:80",
            "server_url": "http://ledir.thund.re:80/c/",
            "macs": [
                "00:1A:79:0B:13:3E",
                "00:1A:79:22:16:5C",
                "00:1A:79:22:16:D6",
                "00:1A:79:6A:98:18",
                "00:1A:79:71:A0:F9",
                "00:1A:79:73:D2:A7",
                "00:1A:79:C5:51:C4",
                "00:1A:79:D0:AE:BE"
            ]
        },
        {
            "server_name": "neomixs.com:8080",
            "server_url": "http://neomixs.com:8080/c/",
            "macs": [
                "00:1A:79:19:6F:86",
                "00:1A:79:20:7F:9C",
                "00:1A:79:2F:3B:02",
                "00:1A:79:77:38:9F",
                "00:1A:79:95:67:83",
                "00:1A:79:A4:7D:C3",
                "00:1A:79:A7:CA:56",
                "00:1A:79:AA:6C:30",
                "00:1A:79:AF:8D:53",
                "00:1A:79:B8:7C:ED"
            ]
        },
        {
            "server_name": "45.139.122.199:8080",
            "server_url": "http://45.139.122.199:8080/c/",
            "macs": [
                "00:1A:79:78:6C:4D",
                "00:1A:79:A9:DC:6E",
                "00:1A:79:AE:B3:4E",
                "00:1A:79:B4:4F:8A",
                "00:1A:79:B6:7F:C2",
                "00:1A:79:B7:51:61",
                "00:1A:79:BA:3C:BB",
                "00:1A:79:BA:50:09",
                "00:1A:79:BC:33:13",
                "00:1A:79:C4:26:06",
                "00:1A:79:C5:5D:B2",
                "00:1A:79:C6:F7:F5",
                "00:1A:79:D0:EF:5B"
            ]
        },
        {
            "server_name": "owliptv.streamtv.to:8080",
            "server_url": "http://owliptv.streamtv.to:8080/c/",
            "macs": [
                "00:1A:79:3B:BD:E0",
                "00:1A:79:3C:42:6A",
                "00:1A:79:97:3B:EC",
                "00:1A:79:AF:6F:38",
                "00:1A:79:B3:A6:BE",
                "00:1A:79:D3:7C:C0"
            ]
        },
        {
            "server_name": "f01.live:8080",
            "server_url": "http://f01.live:8080/c/",
            "macs": [
                "00:1A:79:05:D7:87",
                "00:1A:79:05:D7:97"
            ]
        },
        {
            "server_name": "line.iptveros.com:8000",
            "server_url": "http://line.iptveros.com:8000/c/",
            "macs": [
                "00:1A:79:3B:78:E1",
                "00:1A:79:7F:88:5B",
                "00:1A:79:AB:55:0B",
                "00:1A:79:C0:29:49",
                "00:1A:79:E6:E5:C5"
            ]
        },
        {
            "server_name": "rufus.zone",
            "server_url": "http://rufus.zone/stalker_portal/c/",
            "macs": [
                "00:1A:79:46:5F:39",
                "00:1A:79:9D:28:99",
                "00:1A:79:9D:29:97",
                "00:1A:79:C1:02:27",
                "00:1A:79:C1:37:18",
                "00:1A:79:C1:54:95",
                "00:1A:79:C1:58:21",
                "00:1A:79:C5:1E:A7",
                "00:1A:79:C5:2A:4F",
                "00:1A:79:E0:33:11"
            ]
        },
        {
            "server_name": "new.gprod.co",
            "server_url": "http://new.gprod.co/stalker_portal/c/",
            "macs": [
                "00:1A:79:75:F3:41"
            ]
        },
        {
            "server_name": "hdmiclub.online:8080",
            "server_url": "http://hdmiclub.online:8080/c/",
            "macs": [
                "00:1A:79:5D:8B:6D",
                "00:1A:79:A3:F2:CC",
                "00:1A:79:A3:F3:AA",
                "00:1A:79:A7:B5:58",
                "00:1A:79:AD:31:B6",
                "00:1A:79:B0:E0:47",
                "00:1A:79:BA:02:A7",
                "00:1A:79:BF:75:AC",
                "00:1A:79:CC:2E:77",
                "00:1A:79:D1:AD:94"
            ]
        },
        {
            "server_name": "p1.iptvrocket.tv",
            "server_url": "http://p1.iptvrocket.tv/c/",
            "macs": [
                "00:1A:79:2B:40:6C",
                "00:1A:79:A7:58:6A",
                "00:1A:79:A8:29:7A",
                "00:1A:79:AA:12:73",
                "00:1A:79:C5:4B:A3",
                "00:1A:79:F7:EE:70",
                "00:1A:79:FA:98:5C"
            ]
        },
        {
            "server_name": "pointpython.streamtv.to:8080",
            "server_url": "http://pointpython.streamtv.to:8080/c/",
            "macs": [
                "00:1A:79:49:4C:C0",
                "00:1A:79:4F:1C:58",
                "00:1A:79:51:D5:18"
            ]
        }
    ]
}