{
    "items": [
        {
            "server_name": "coolforcats.cool:80",
            "server_url": "http://coolforcats.cool:80/c/",
            "macs": [
                "00:1A:79:CC:72:33",
                "00:1A:79:63:4E:CF",
                "00:1A:79:37:A0:B1",
                "00:1A:79:B9:92:74",
                "00:1A:79:07:66:F1",
                "00:1A:79:A1:AD:7D",
                "00:1A:79:BD:2C:36",
                "00:1A:79:6C:33:4A",
                "00:1A:79:64:0E:99",
                "00:1A:79:C6:E5:1A",
                "00:1A:79:C8:37:C9",
                "00:1A:79:C2:40:E3",
                "00:1A:79:63:5E:BC",
                "00:1A:79:5A:87:78",
                "00:1A:79:C6:E0:B6",
                "00:1A:79:C4:D7:ED",
                "00:1A:79:C2:36:76",
                "00:1A:79:5D:84:90",
                "00:1A:79:B9:E7:7A",
                "00:1A:79:BD:D7:F3",
                "00:1A:79:BD:7E:22",
                "00:1A:79:C9:C1:54",
                "00:1A:79:C4:75:AF"
            ]
        },
        {
            "server_name": "1234up.com:8080",
            "server_url": "http://1234up.com:8080/c/",
            "macs": [
                "00:1A:79:ca:dc:53",
                "00:1A:79:83:4b:a1",
                "00:1A:79:5c:1f:cb",
                "00:1A:79:b2:a0:b8",
                "00:1A:79:b2:a1:99",
                "00:1A:79:22:1b:85",
                "00:1A:79:68:7f:e6",
                "00:1A:79:5f:2b:1a",
                "00:1A:79:b1:03:77",
                "00:1A:79:38:a7:5a",
                "00:1A:79:b3:68:8c",
                "00:1A:79:7f:1e:84",
                "00:1A:79:ce:22:6c",
                "00:1A:79:c4:29:fe",
                "00:1A:79:c7:be:df",
                "00:1A:79:b6:ee:58",
                "00:1A:79:c7:fe:16",
                "00:1A:79:5f:7e:47",
                "00:1A:79:54:d0:97",
                "00:1A:79:b8:88:aa",
                "00:1A:79:5d:8b:68",
                "00:1A:79:c5:62:15",
                "00:1A:79:ad:e2:69"
            ]
        },
        {
            "server_name": "connect.proxytx.cloud:80",
            "server_url": "http://connect.proxytx.cloud:80/c/",
            "macs": [
                "00:1a:79:00:00:00",
                "00:1A:79:BA:1E:CD",
                "00:1A:79:09:DD:FD",
                "00:1a:79:74:7e:c6",
                "00:1A:79:00:00:11",
                "00:1A:79:A2:6D:BA",
                "00:1A:79:AF:03:12",
                "00:1A:79:A2:BC:F5",
                "00:1A:79:4C:5F:F0",
                "00:1A:79:00:56:22",
                "00:1A:79:43:81:7D",
                "00:1A:79:00:B6:88",
                "00:1A:79:5F:60:54",
                "00:1A:79:A2:6E:88",
                "00:1A:79:0B:B3:6E"
            ]
        },
        {
            "server_name": "line.ult-ott.com:80",
            "server_url": "http://line.ult-ott.com:80/c/",
            "macs": [
                "00:1A:79:4e:c9:46",
                "00:1A:79:06:4d:ac",
                "00:1A:79:6f:96:fd",
                "00:1A:79:24:18:de",
                "00:1A:79:7f:54:08",
                "00:1A:79:b5:10:c6",
                "00:1A:79:b7:ed:80",
                "00:1A:79:57:21:ff",
                "00:1A:79:8c:0a:77",
                "00:1A:79:9c:50:71",
                "00:1A:79:c5:8d:bb",
                "00:1A:79:8d:51:e9",
                "00:1A:79:5e:16:6a",
                "00:1A:79:89:44:27",
                "00:1A:79:55:6c:e6",
                "00:1A:79:b4:a0:c5",
                "00:1A:79:c1:bf:73",
                "00:1A:79:7d:6f:c3",
                "00:1A:79:c3:b5:f0",
                "00:1A:79:20:6f:e9",
                "00:1A:79:6a:b0:af",
                "00:1A:79:e6:76:e7",
                "00:1A:79:cd:33:13"
            ]
        },
        {
            "server_name": "zamlb.co.uk",
            "server_url": "http://zamlb.co.uk/c/",
            "macs": [
                "00:1A:79:7C:00:D2",
                "00:1A:79:DD:DF:DD",
                "00:1A:79:43:24:76",
                "00:1A:79:10:23:35",
                "00:1A:79:4A:6E:10",
                "00:1A:79:43:24:88",
                "00:1A:79:6B:2A:6B",
                "00:1A:79:43:24:20",
                "00:1A:79:43:24:17",
                "00:1A:79:B9:26:C5",
                "00:1A:79:CE:6F:99",
                "00:1A:79:F8:D8:52",
                "00:1A:79:A1:D8:86",
                "00:1A:79:62:EA:BD",
                "00:1A:79:65:66:63",
                "00:1A:79:2F:69:BA",
                "00:1A:79:11:76:3F",
                "00:1A:79:56:BF:68",
                "00:1A:79:B7:C5:4D",
                "00:1A:79:E9:49:6A"
            ]
        },
        {
            "server_name": "wyveep.com:8080",
            "server_url": "http://wyveep.com:8080/stalker_portal/c/",
            "macs": [
                "00:1A:79:66:F7:19",
                "00:1A:79:CB:78:83",
                "00:1A:79:BD:64:3A",
                "00:1A:79:02:BA:EE",
                "00:1A:79:C2:80:21",
                "00:1A:79:A4:4C:AB",
                "00:1A:79:18:04:70",
                "00:1A:79:BD:98:92",
                "00:1A:79:22:13:FB",
                "00:1A:79:FB:07:40",
                "00:1A:79:B5:90:E9",
                "00:1A:79:A2:F3:C6",
                "00:1A:79:B6:EE:58",
                "00:1A:79:CE:17:DD",
                "00:1A:79:C7:B2:EE",
                "00:1A:79:B1:78:CB",
                "00:1A:79:AE:83:94",
                "00:1A:79:BA:DD:8E",
                "00:1A:79:CB:64:B4",
                "00:1A:79:F5:40:7C",
                "00:1A:79:D0:DB:71"
            ]
        },
        {
            "server_name": "x.bittensor.nexus",
            "server_url": "http://x.bittensor.nexus/c/",
            "macs": [
                "00:1A:79:00:D0:80",
                "00:1A:79:00:CD:F6",
                "00:1A:79:00:B1:C2",
                "00:1A:79:00:AD:35",
                "00:1A:79:00:A2:C1",
                "00:1A:79:00:9A:67",
                "00:1A:79:00:99:2A",
                "00:1A:79:00:97:7E",
                "00:1A:79:00:95:1A",
                "00:1A:79:00:94:E2",
                "00:1A:79:00:90:84",
                "00:1A:79:00:81:A6",
                "00:1A:79:00:66:1D",
                "00:1A:79:00:58:42",
                "00:1A:79:00:57:09",
                "00:1A:79:00:54:E1",
                "00:1A:79:00:4C:B2",
                "00:1A:79:00:4A:42",
                "00:1A:79:00:39:0F",
                "00:1A:79:00:2F:7C",
                "00:1A:79:00:29:77",
                "00:1A:79:00:24:AD"
            ]
        },
        {
            "server_name": "7.iptvon.tv.123tv.to",
            "server_url": "http://7.iptvon.tv.123tv.to/c/",
            "macs": [
                "00:1A:79:b2:16:5c",
                "00:1A:79:51:3a:a1",
                "00:1A:79:a4:ce:90",
                "00:1A:79:bc:ed:15",
                "00:1A:79:c4:10:6c",
                "00:1a:79:a4:96:69",
                "00:1a:79:ad:0a:60",
                "00:1A:79:32:ab:42",
                "00:1a:79:a9:da:9d",
                "00:1A:79:b1:1c:de",
                "00:1a:79:a7:c4:8f",
                "00:1A:79:56:55:EC",
                "00:1a:79:ab:54:22",
                "00:1A:79:A1:C7:C3",
                "00:1A:79:bd:5d:3a",
                "00:1a:79:ab:4e:52",
                "00:1a:79:a9:db:2b",
                "00:1A:79:6D:A7:D0"
            ]
        },
        {
            "server_name": "alexiptv.ddns.me:8080",
            "server_url": "http://alexiptv.ddns.me:8080/c/",
            "macs": [
                "00:1A:79:5d:04:ed",
                "00:1A:79:45:20:82",
                "00:1A:79:cd:14:a4",
                "00:1A:79:ae:4b:1a",
                "00:1A:79:ad:7d:45",
                "00:1A:79:48:9d:42",
                "00:1A:79:6a:eb:bc",
                "00:1A:79:d1:ad:72",
                "00:1A:79:bb:c7:5d",
                "00:1A:79:04:e5:8c",
                "00:1A:79:af:5c:be",
                "00:1A:79:3b:ee:47",
                "00:1A:79:4e:1b:17",
                "00:1A:79:42:d4:72",
                "00:1A:79:af:60:f6",
                "00:1A:79:19:3a:14",
                "00:1A:79:d8:76:cb",
                "00:1A:79:32:76:2d"
            ]
        },
        {
            "server_name": "93.113.203.103:80",
            "server_url": "http://93.113.203.103:80/c/",
            "macs": [
                "00:1A:79:35:4b:75",
                "00:1A:79:b6:c8:17",
                "00:1A:79:74:77:0f",
                "00:1A:79:5d:98:f5",
                "00:1A:79:80:d1:29",
                "00:1A:79:7d:6b:af"
            ]
        },
        {
            "server_name": "trxx.in:80",
            "server_url": "http://trxx.in:80/c/",
            "macs": [
                "00:1A:79:0c:5f:8d",
                "00:1A:79:99:fd:ff",
                "00:1A:79:81:74:45",
                "00:1A:79:76:d6:bc",
                "00:1A:79:b5:ae:10",
                "00:1A:79:e7:a3:5f",
                "00:1A:79:dc:a2:37",
                "00:1A:79:32:c5:3a",
                "00:1A:79:72:5c:95",
                "00:1A:79:8f:8d:3a",
                "00:1A:79:c4:b4:cc",
                "00:1A:79:7a:5d:7e",
                "00:1A:79:25:7f:42",
                "00:1A:79:63:d0:42",
                "00:1A:79:b7:5d:3e",
                "00:1A:79:58:7c:90",
                "00:1A:79:b7:6d:a6",
                "00:1A:79:64:1d:9a"
            ]
        },
        {
            "server_name": "vod.4kplus.org",
            "server_url": "http://vod.4kplus.org/c/",
            "macs": [
                "00:1A:79:dd:93:30",
                "00:1A:79:c3:2f:b6",
                "00:1A:79:2c:0f:cf",
                "00:1A:79:4c:a3:44",
                "00:1A:79:b9:0f:dd",
                "00:1A:79:f9:4f:10",
                "00:1A:79:a3:a3:f2",
                "00:1A:79:7c:4f:8e",
                "00:1A:79:05:f6:d7",
                "00:1A:79:26:f0:29",
                "00:1A:79:a3:a4:38",
                "00:1A:79:bf:8f:0b",
                "00:1A:79:d1:5f:88",
                "00:1A:79:f3:9f:fb",
                "00:1A:79:7c:5f:e2",
                "00:1A:79:29:65:50",
                "00:1A:79:4f:6e:14",
                "00:1A:79:90:13:ac",
                "00:1A:79:a3:a3:f6"
            ]
        },
        {
            "server_name": "fzahtv.com:80",
            "server_url": "http://fzahtv.com:80/c/",
            "macs": [
                "00:1A:79:51:77:9c",
                "00:1A:79:0f:29:22",
                "00:1A:79:b8:5d:81",
                "00:1A:79:9e:01:00",
                "00:1A:79:77:56:cc",
                "00:1A:79:49:17:83",
                "00:1A:79:4d:f0:22",
                "00:1A:79:bb:4f:2e",
                "00:1A:79:6c:e7:bf",
                "00:1A:79:af:c8:81",
                "00:1A:79:e4:d5:80",
                "00:1A:79:da:03:58",
                "00:1A:79:b8:79:2c",
                "00:1A:79:e6:4e:f1",
                "00:1A:79:06:e9:ae",
                "00:1A:79:77:de:04",
                "00:1A:79:3a:d3:0e",
                "00:1A:79:43:33:7e"
            ]
        }
    ]
}