{
    "items": [
        {
            "server_name": "1234up.com:8080",
            "server_url": "http://1234up.com:8080/c/",
            "macs": [
                "00:1A:79:68:F3:2C",
                "00:1A:79:FB:17:82",
                "00:1A:79:4C:0F:85"
            ]
        },
        {
            "server_name": "lionshd.me",
            "server_url": "http://lionshd.me/c/",
            "macs": [
                "00:1A:79:3F:EB:EC",
                "00:1A:79:5D:4C:86",
                "00:1A:79:55:A7:3F",
                "00:1A:79:5D:D9:16",
                "00:1A:79:2A:DC:DF"
            ]
        },
        {
            "server_name": "vsc-747.com:8080",
            "server_url": "http://vsc-747.com:8080/c/",
            "macs": [
                "00:1A:79:30:09:19",
                "00:1A:79:B5:67:0D",
                "00:1A:79:CC:1A:C6",
                "00:1A:79:B8:FA:19"
            ]
        },
        {
            "server_name": "lllllliiiiiiidsa9.funtogether.xyz:8080",
            "server_url": "http://lllllliiiiiiidsa9.funtogether.xyz:8080/c/",
            "macs": [
                "00:1A:79:d3:af:88",
                "00:1A:79:b6:70:89",
                "00:1A:79:31:b1:68",
                "00:1A:79:b3:24:4d",
                "00:1A:79:48:88:17",
                "00:1A:79:d0:de:62",
                "00:1A:79:cd:1c:da",
                "00:1A:79:a7:b5:07",
                "00:1A:79:6a:da:2f",
                "00:1A:79:b0:8f:da",
                "00:1A:79:ad:2e:b0",
                "00:1A:79:54:d3:ec"
            ]
        },
        {
            "server_name": "drk.yasar.tv:80",
            "server_url": "http://drk.yasar.tv:80/c/",
            "macs": [
                "00:1A:79:FB:5F:C5",
                "00:1A:79:D9:16:F1",
                "00:1A:79:34:86:94",
                "00:1A:79:4C:12:DA",
                "00:1A:79:1A:45:3C",
                "00:1A:79:E9:83:07",
                "00:1A:79:B8:4A:32",
                "00:1A:79:D5:1F:B9",
                "00:1A:79:CB:19:3E",
                "00:1A:79:24:F9:3E",
                "00:1A:79:40:6B:05",
                "00:1A:79:1D:9F:7D",
                "00:1A:79:06:39:DE",
                "00:1A:79:3D:0A:E9",
                "00:1A:79:68:2F:D9",
                "00:1A:79:5A:2F:1D",
                "00:1A:79:68:2F:D9",
                "00:1A:79:A2:8B:5A"
            ]
        },
        {
            "server_name": "line.gofast-tv.me",
            "server_url": "http://line.gofast-tv.me/c/",
            "macs": [
                "00:1A:79:CD:EB:63",
                "00:1A:79:B8:9D:E1",
                "00:1A:79:9C:7B:07",
                "00:1A:79:BC:96:80",
                "00:1A:79:BB:62:B3",
                "00:1A:79:1C:14:AA",
                "00:1A:79:C0:59:BC",
                "00:1A:79:AC:1A:4E",
                "00:1A:79:94:3F:B4",
                "00:1A:79:B9:8D:3A",
                "00:1A:79:E6:E1:E4",
                "00:1A:79:D3:0B:C9",
                "00:1A:79:C3:D3:5B",
                "00:1A:79:C2:E2:1E",
                "00:1A:79:D8:5D:C1",
                "00:1A:79:7E:41:76"
            ]
        },
        {
            "server_name": "168.119.44.246:2080",
            "server_url": "http://168.119.44.246:2080/stalker_portal/c/",
            "macs": [
                "00:1A:79:43:7C:59",
                "00:1A:79:21:2C:A8",
                "00:1A:79:6C:23:B9",
                "00:1A:79:6E:AD:5B",
                "00:1A:79:65:6D:1C",
                "00:1A:79:6E:A1:C3",
                "00:1A:79:4A:C2:06",
                "00:1A:79:66:BF:41",
                "00:1A:79:4A:B4:56",
                "00:1A:79:34:9D:9C",
                "00:1A:79:5D:95:D2",
                "00:1A:79:4A:B1:08",
                "00:1A:79:72:21:CA",
                "00:1A:79:4C:72:83",
                "00:1A:79:4A:B4:6E",
                "00:1A:79:67:B9:F4",
                "00:1A:79:34:9C:D0",
                "00:1A:79:64:A7:B0",
                "00:1A:79:6C:A1:14"
            ]
        },
        {
            "server_name": "media.ottpurstream.com",
            "server_url": "http://media.ottpurstream.com/c/",
            "macs": [
                "00:1A:79:64:DE:1D"
            ]
        },
        {
            "server_name": "lllllliiiiiiidsa9.funtogether.xyz:8080",
            "server_url": "http://lllllliiiiiiidsa9.funtogether.xyz:8080/c/",
            "macs": [
                "00:1A:79:67:FF:D9"
            ]
        },
        {
            "server_name": "utrecht030ovc.xyz",
            "server_url": "http://utrecht030ovc.xyz/c/",
            "macs": [
                "00:1A:79:A1:5F:1A"
            ]
        },
        {
            "server_name": "biensports.pro",
            "server_url": "http://biensports.pro/c/",
            "macs": [
                "00:1A:79:00:18:10"
            ]
        },
        {
            "server_name": "mutant.arrox.top:80",
            "server_url": "http://mutant.arrox.top:80/c/",
            "macs": [
                "00:1A:79:0E:38:25",
                "00:1A:79:EA:95:C6",
                "00:1A:79:AB:C1:88",
                "00:1A:79:99:92:5F",
                "00:1A:79:02:F6:E5",
                "00:1A:79:25:3F:2D",
                "00:1A:79:B7:2B:32",
                "00:1A:79:A7:E0:B3",
                "00:1A:79:28:1F:0E",
                "00:1A:79:84:B0:1D"
            ]
        },
        {
            "server_name": "iptvpremuim.ca",
            "server_url": "http://iptvpremuim.ca/c/",
            "macs": [
                "00:1A:79:B5:7C:11",
                "00:1A:79:5E:9F:E4"
            ]
        },
        {
            "server_name": "zatvstream.xyz:80",
            "server_url": "http://zatvstream.xyz:80/c/",
            "macs": [
                "00:1A:79:fc:ce:df"
            ]
        },
        {
            "server_name": "64cxz.com:8080",
            "server_url": "http://64cxz.com:8080/c/",
            "macs": [
                "00:1A:79:c4:af:53"
            ]
        },
        {
            "server_name": "185.243.7.51",
            "server_url": "http://185.243.7.51/c/",
            "macs": [
                "00:1A:79:C7:B4:68",
                "00:1A:79:BE:8A:0D",
                "00:1A:79:82:0A:C6",
                "00:1A:79:4E:51:E6"
            ]
        },
        {
            "server_name": "wowtv.cc",
            "server_url": "http://wowtv.cc/c/",
            "macs": [
                "00:1A:79:F5:64:47",
                "00:1A:79:B9:C4:A3",
                "00:1A:79:D2:1F:68"
            ]
        }
    ]
}