{
    "items": [
        {
            "server_name": "mutant.arrox.top:80",
            "server_url": "http://mutant.arrox.top:80/c/",
            "macs": [
                "00:1A:79:00:81:CF"
            ]
        },
        {
            "server_name": "tkosportz.live:25461",
            "server_url": "http://tkosportz.live:25461/c/",
            "macs": [
                "00:1A:79:E5:8A:AC"
            ]
        },
        {
            "server_name": "x35.live:8080",
            "server_url": "http://x35.live:8080/c/",
            "macs": [
                "00:2a:01:90:0F:7F",
                "00:2a:01:90:13:50",
                "00:2a:01:90:13:4F"
            ]
        },
        {
            "server_name": "pars01.com:8080",
            "server_url": "http://pars01.com:8080/c/",
            "macs": [
                "00:1A:79:10:DF:13"
            ]
        },
        {
            "server_name": "skunkytv.live",
            "server_url": "http://skunkytv.live/c/",
            "macs": [
                "00:1A:79:00:10:42"
            ]
        },
        {
            "server_name": "trexserver.store",
            "server_url": "http://trexserver.store/c/",
            "macs": [
                "00:1A:79:79:2F:5B"
            ]
        },
        {
            "server_name": "6d.tanres.us",
            "server_url": "http://6d.tanres.us/c/",
            "macs": [
                "00:1A:79:B5:F9:6B",
                "00:1A:79:B5:20:CB",
                "00:1A:79:00:8F:17",
                "00:1A:79:F5:01:38"
            ]
        },
        {
            "server_name": "live.streamtv.to:8080",
            "server_url": "http://live.streamtv.to:8080/c/",
            "macs": [
                "00:1A:79:3C:78:EC"
            ]
        },
        {
            "server_name": "ix.kingtv.pw",
            "server_url": "http://ix.kingtv.pw/c/",
            "macs": [
                "00:1A:79:6B:BE:3C"
            ]
        },
        {
            "server_name": "ix.kingtv.pw",
            "server_url": "http://ix.kingtv.pw/c/",
            "macs": [
                "00:1A:79:01:6F:E6"
            ]
        },
        {
            "server_name": "ix.kingtv.pw",
            "server_url": "http://ix.kingtv.pw/c/",
            "macs": [
                "00:1A:79:10:40:2B"
            ]
        },
        {
            "server_name": "ix.kingtv.pw",
            "server_url": "http://ix.kingtv.pw/c/",
            "macs": [
                "00:1A:79:9E:86:78"
            ]
        },
        {
            "server_name": "ix.kingtv.pw",
            "server_url": "http://ix.kingtv.pw/c/",
            "macs": [
                "00:1A:79:08:4F:EE"
            ]
        },
        {
            "server_name": "ix.kingtv.pw",
            "server_url": "http://ix.kingtv.pw/c/",
            "macs": [
                "00:1A:79:6B:BE:08"
            ]
        },
        {
            "server_name": "ix.kingtv.pw",
            "server_url": "http://ix.kingtv.pw/c/",
            "macs": [
                "00:1A:79:94:C0:27"
            ]
        },
        {
            "server_name": "ix.kingtv.pw",
            "server_url": "http://ix.kingtv.pw/c/",
            "macs": [
                "00:1A:79:C9:67:02"
            ]
        },
        {
            "server_name": "ix.kingtv.pw",
            "server_url": "http://ix.kingtv.pw/c/",
            "macs": [
                "00:1A:79:08:E8:E5"
            ]
        },
        {
            "server_name": "ix.kingtv.pw",
            "server_url": "http://ix.kingtv.pw/c/",
            "macs": [
                "00:1A:79:3F:2C:73"
            ]
        },
        {
            "server_name": "ix.kingtv.pw",
            "server_url": "http://ix.kingtv.pw/c/",
            "macs": [
                "00:1A:79:76:FE:5B"
            ]
        },
        {
            "server_name": "ix.kingtv.pw",
            "server_url": "http://ix.kingtv.pw/c/",
            "macs": [
                "00:1A:79:A6:E7:7C"
            ]
        },
        {
            "server_name": "ix.kingtv.pw",
            "server_url": "http://ix.kingtv.pw/c/",
            "macs": [
                "00:1A:79:9E:87:F8"
            ]
        },
        {
            "server_name": "ix.kingtv.pw",
            "server_url": "http://ix.kingtv.pw/c/",
            "macs": [
                "00:1A:79:6B:BD:C5"
            ]
        },
        {
            "server_name": "107.189.14.168:8080",
            "server_url": "http://107.189.14.168:8080/c/",
            "macs": [
                "00:1A:79:43:4E:6B"
            ]
        },
        {
            "server_name": "107.189.14.168:8080",
            "server_url": "http://107.189.14.168:8080/c/",
            "macs": [
                "00:1A:79:BF:BC:11"
            ]
        }
    ]
}