{
    "items": [
        {
            "server_name": "avare.kingtv.pw",
            "server_url": "http://avare.kingtv.pw/c/",
            "macs": [
                "00:1A:79:07:BD:A0",
                "00:1A:79:0B:4F:DA",
                "00:1A:79:13:51:98",
                "00:1A:79:14:E8:7A",
                "00:1A:79:23:39:54",
                "00:1A:79:27:2F:10",
                "00:1A:79:6D:5B:45",
                "00:1A:79:6E:2E:1E",
                "00:1A:79:7A:A0:51",
                "00:1A:79:97:11:3B",
                "00:1A:79:97:E1:69",
                "00:1A:79:9D:F0:7E",
                "00:1A:79:9E:85:45",
                "00:1A:79:9E:87:94",
                "00:1A:79:9E:88:12",
                "00:1A:79:C7:10:B2",
                "00:1A:79:FF:28:8B"
            ]
        },
        {
            "server_name": "gustavinho.xyz:8080",
            "server_url": "http://gustavinho.xyz:8080/c/",
            "macs": [
                "00:1A:79:01:A4:12",
                "00:1A:79:B0:4F:04",
                "00:1A:79:BC:2B:E5"
            ]
        },
        {
            "server_name": "nk.cdnnet.xyz",
            "server_url": "http://nk.cdnnet.xyz/c/",
            "macs": [
                "00:1A:79:B4:E5:89"
            ]
        },
        {
            "server_name": "mutant.arrox.top",
            "server_url": "http://mutant.arrox.top/c/",
            "macs": [
                "00:1A:79:28:DA:1D",
                "00:1A:79:57:B2:58",
                "00:1A:79:A6:9B:79",
                "00:1A:79:C8:2D:81",
                "00:1A:79:D4:4E:15",
                "00:1A:79:FB:02:1A"
            ]
        },
        {
            "server_name": "danatv.tv.streamtv.to:8080",
            "server_url": "http://danatv.tv.streamtv.to:8080/c/",
            "macs": [
                "00:1A:79:45:7D:F5"
            ]
        },
        {
            "server_name": "138.199.129.101",
            "server_url": "http://138.199.129.101/stalker_portal/c/",
            "macs": [
                "00:1A:79:78:55:3E",
                "00:1A:79:78:5D:A5",
                "00:1A:79:7A:26:26",
                "00:1A:79:7B:C0:66",
                "00:1A:79:7C:8B:D9",
                "00:1A:79:7E:B6:DE",
                "00:1A:79:7F:43:9C"
            ]
        },
        {
            "server_name": "prime.casacam.net",
            "server_url": "http://prime.casacam.net/c/",
            "macs": [
                "00:1A:79:00:12:71",
                "00:1A:79:00:1D:7E"
            ]
        },
        {
            "server_name": "45.139.122.199:8080",
            "server_url": "http://45.139.122.199:8080/c/",
            "macs": [
                "00:1A:79:4C:F4:86",
                "00:1A:79:89:AC:58",
                "00:1A:79:9C:A9:6C",
                "00:1A:79:B3:D1:D1",
                "00:1A:79:B7:51:61",
                "00:1A:79:BA:3C:BB",
                "00:1A:79:BA:50:09",
                "00:1A:79:BA:A6:29",
                "00:1A:79:BC:33:13",
                "00:1A:79:C5:5D:B2",
                "00:1A:79:C6:F7:F5",
                "00:1A:79:C6:FB:BA",
                "00:1A:79:D0:EF:5B"
            ]
        },
        {
            "server_name": "mag.rs6ott.com",
            "server_url": "http://mag.rs6ott.com/c/",
            "macs": [
                "00:1A:79:59:EE:E3",
                "00:1A:79:CF:0A:34"
            ]
        },
        {
            "server_name": "line.iptveros.com",
            "server_url": "http://line.iptveros.com/c/",
            "macs": [
                "00:1A:79:7F:88:5B",
                "00:1A:79:AB:55:0B"
            ]
        },
        {
            "server_name": "new.gprod.co",
            "server_url": "http://new.gprod.co/stalker_portal/c/",
            "macs": [
                "00:1A:79:75:F3:41"
            ]
        },
        {
            "server_name": "p1.iptvrocket.tv",
            "server_url": "http://p1.iptvrocket.tv/c/",
            "macs": [
                "00:1A:79:2B:40:6C",
                "00:1A:79:A7:58:6A",
                "00:1A:79:A8:29:7A",
                "00:1A:79:AA:12:73",
                "00:1A:79:C5:4B:A3",
                "00:1A:79:F7:EE:70",
                "00:1A:79:FA:98:5C"
            ]
        },
        {
            "server_name": "pointpython.streamtv.to:8080",
            "server_url": "http://pointpython.streamtv.to:8080/c/",
            "macs": [
                "00:1A:79:49:4C:C0",
                "00:1A:79:4F:1C:58",
                "00:1A:79:51:D5:18"
            ]
        },
        {
            "server_name": "elit4kiptv.info:8080",
            "server_url": "http://elit4kiptv.info:8080/c/",
            "macs": [
                "00:1A:79:10:E2:E6",
                "00:1A:79:4A:18:B8"
            ]
        },
        {
            "server_name": "ggddnss2.com:8080",
            "server_url": "http://ggddnss2.com:8080/c/",
            "macs": [
                "00:1A:79:67:8C:3F"
            ]
        },
        {
            "server_name": "185.243.7.51",
            "server_url": "http://185.243.7.51/c/",
            "macs": [
                "00:1A:79:0F:FA:92",
                "00:1A:79:18:24:BD",
                "00:1A:79:39:63:87",
                "00:1A:79:3E:AC:5B",
                "00:1A:79:5D:26:08",
                "00:1A:79:73:FB:A5",
                "00:1A:79:77:DC:7D",
                "00:1A:79:A9:32:83",
                "00:1A:79:AB:63:58",
                "00:1A:79:B0:70:D0",
                "00:1A:79:B5:AD:C5",
                "00:1A:79:B7:70:A9",
                "00:1A:79:C2:FF:2D",
                "00:1A:79:C6:3D:11",
                "00:1A:79:CA:2B:0F"
            ]
        },
        {
            "server_name": "cooltv4u.xyz",
            "server_url": "http://cooltv4u.xyz/stalker_portal/c/",
            "macs": [
                "00:1A:79:1D:1F:2B",
                "00:1A:79:24:7F:1F",
                "00:1A:79:69:2B:35",
                "00:1A:79:79:86:FC",
                "00:1A:79:7A:FD:E5",
                "00:1A:79:CA:AB:53",
                "00:1A:79:D2:C6:12"
            ]
        }
    ]
}