{
    "items": [
        {
            "server_name": "power4kiptv.info:8080",
            "server_url": "http://power4kiptv.info:8080/c/",
            "macs": [
                "00:1A:79:e7:43:81"
            ]
        },
        {
            "server_name": "anonymoustv.club",
            "server_url": "http://anonymoustv.club/c/",
            "macs": [
                "00:1a:79:eb:77:9a",
                "00:1a:79:5a:81:7b",
                "00:1a:79:51:3f:c7",
                "00:1a:79:5e:60:8f",
                "00:1a:79:ae:13:30",
                "00:1a:79:54:62:5e",
                "00:1a:79:57:a3:20",
                "00:1a:79:70:73:57",
                "00:1a:79:a9:d6:d8",
                "00:1a:79:b0:63:33"
            ]
        },
        {
            "server_name": "mutant.arrox.top",
            "server_url": "http://mutant.arrox.top/c/",
            "macs": [
                "00:1A:79:4F:AD:D0",
                "00:1A:79:D4:4E:15"
            ]
        },
        {
            "server_name": "line.maxir.biz:8080",
            "server_url": "http://line.maxir.biz:8080/c/",
            "macs": [
                "00:1A:79:A7:43:46",
                "00:1A:79:31:20:6C",
                "00:1A:79:44:A8:84"
            ]
        },
        {
            "server_name": "fast.newdns.world",
            "server_url": "http://fast.newdns.world/c/",
            "macs": [
                "00:1A:79:C5:62:7E"
            ]
        },
        {
            "server_name": "wyveep.com:8080",
            "server_url": "http://wyveep.com:8080/c/",
            "macs": [
                "00:1A:79:CA:F1:F2",
                "00:1A:79:BB:13:38",
                "00:1A:79:C6:3C:EE"
            ]
        },
        {
            "server_name": "web2021.biz:8080",
            "server_url": "http://web2021.biz:8080/c/",
            "macs": [
                "00:1A:79:6A:67:3A"
            ]
        },
        {
            "server_name": "nicolaj.123tv.to:8080",
            "server_url": "http://nicolaj.123tv.to:8080/c/",
            "macs": [
                "00:1A:79:73:32:75",
                "00:1A:79:C1:0C:D3",
                "00:1A:79:B8:78:00",
                "00:1A:79:AA:C0:B6"
            ]
        },
        {
            "server_name": "185.243.7.154",
            "server_url": "http://185.243.7.154/c/",
            "macs": [
                "00:1A:79:38:68:06",
                "00:1A:79:D8:26:5A",
                "00:1A:79:94:9A:4D"
            ]
        },
        {
            "server_name": "elite41iptv.streamtv.to:8080",
            "server_url": "http://elite41iptv.streamtv.to:8080/c/",
            "macs": [
                "00:1A:79:E3:74:15"
            ]
        }
    ]
}