{
    "items": [
        {
            "server_name": "line.liveott.ru:80",
            "server_url": "http://line.liveott.ru:80/c/",
            "macs": [
                "00:1A:79:00:0D:DF",
                "00:1A:79:A7:51:3D"
            ]
        },
        {
            "server_name": "focusmag.eu01.live:8080",
            "server_url": "http://focusmag.eu01.live:8080/c/",
            "macs": [
                "00:1A:79:08:42:8C",
                "00:1A:79:90:2B:94",
                "00:1A:79:4d:05:52",
                "00:1A:79:A2:FE:54",
                "00:1A:79:0F:4A:9F"
            ]
        }
    ]
}