{
    "items": [
        {
            "server_name": "www.login.a1days.com",
            "server_url": "http://www.login.a1days.com/c/",
            "macs": [
                "00:1A:79:68:E8:17"
            ]
        },
        {
            "server_name": "tr.limonviptv.xyz:8080",
            "server_url": "http://tr.limonviptv.xyz:8080/c/",
            "macs": [
                "00:1A:79:AF:F8:80",
                "00:1A:79:5A:15:B5"
            ]
        },
        {
            "server_name": "massiveletal.xyz:8080",
            "server_url": "http://massiveletal.xyz:8080/c/",
            "macs": [
                "00:1A:79:B5:C5:95"
            ]
        },
        {
            "server_name": "omeucanal.xyz:80",
            "server_url": "http://omeucanal.xyz:80/c/",
            "macs": [
                "00:1A:79:3A:22:BD"
            ]
        },
        {
            "server_name": "194.120.230.4:8080",
            "server_url": "http://194.120.230.4:8080/c/",
            "macs": [
                "00:1A:79:01:C1:F4",
                "00:1A:79:01:CE:51"
            ]
        },
        {
            "server_name": "premiumtvs.net:8080",
            "server_url": "http://premiumtvs.net:8080/c/",
            "macs": [
                "00:1A:79:78:ED:9E"
            ]
        },
        {
            "server_name": "cmc.best-ott.me",
            "server_url": "http://cmc.best-ott.me/c/",
            "macs": [
                "00:1A:79:4D:B1:72",
                "00:1A:79:4D:B1:18"
            ]
        },
        {
            "server_name": "pankajgorasiya.net",
            "server_url": "http://pankajgorasiya.net/c/",
            "macs": [
                "00:1A:79:10:E0:A8",
                "00:1A:79:42:9A:D8",
                "00:1A:79:D5:11:08"
            ]
        },
        {
            "server_name": "livetvbox.live",
            "server_url": "http://livetvbox.live/c/",
            "macs": [
                "00:1A:79:6D:94:CE"
            ]
        }
    ]
}