{
    "items": [
        {
            "server_name": "mag.myox.me:80",
            "server_url": "http://mag.myox.me:80/c/",
            "macs": [
                "00:1A:79:64:f1:a5",
                "00:1A:79:c0:3d:31",
                "00:1A:79:b8:28:61",
                "00:1A:79:c1:3d:ec",
                "00:1A:79:79:6f:62",
                "00:1A:79:6d:cc:64",
                "00:1A:79:65:fb:0f",
                "00:1A:79:75:bc:64",
                "00:1A:79:7c:e3:49",
                "00:1A:79:a6:9c:35",
                "00:1A:79:1d:00:7e",
                "00:1A:79:af:3a:c3",
                "00:1A:79:0e:13:1e"
            ]
        },
        {
            "server_name": "zonalove.xyz",
            "server_url": "http://zonalove.xyz/c/",
            "macs": [
                "00:1A:79:C1:CC:32",
                "00:1A:79:BB:21:F4",
                "00:1A:79:BB:52:5A",
                "00:1A:79:B0:C6:75",
                "00:1A:79:BF:67:06",
                "00:1A:79:CD:1D:CE",
                "00:1A:79:CD:1D:AA",
                "00:1A:79:CD:1D:55",
                "00:1A:79:BC:DD:09",
                "00:1A:79:BC:1B:80",
                "00:1A:79:BC:1B:82",
                "00:1A:79:B8:8D:DE",
                "00:1A:79:B5:B6:04",
                "00:1A:79:BC:DD:00",
                "00:1A:79:AE:95:88"
            ]
        },
        {
            "server_name": "8jkm94kgc.11121367.xyz:8080",
            "server_url": "http://8jkm94kgc.11121367.xyz:8080/c/",
            "macs": [
                "00:1A:79:c7:8d:3e",
                "00:1A:79:90:21:07",
                "00:1A:79:cb:6a:50",
                "00:1A:79:b6:61:90",
                "00:1A:79:c9:55:9a"
            ]
        },
        {
            "server_name": "app.yupptv.io",
            "server_url": "http://app.yupptv.io/stalker_portal/c/",
            "macs": [
                "00:1A:79:AA:1A:62",
                "00:1A:79:E7:04:B1",
                "00:1A:79:E8:48:D5",
                "00:1A:79:61:B1:2A",
                "00:1A:79:9E:88:23",
                "00:1A:79:61:32:32",
                "00:1A:79:2E:64:03",
                "00:1A:79:CD:7B:54",
                "00:1A:79:33:E1:B6",
                "00:1A:79:62:65:34",
                "00:1A:79:07:A6:58",
                "00:1A:79:30:37:40",
                "00:1A:79:61:33:33"
            ]
        },
        {
            "server_name": "download.best-ott.me",
            "server_url": "http://download.best-ott.me/c/",
            "macs": [
                "00:1A:79:AE:B8:9B",
                "00:1A:79:13:1B:C4"
            ]
        },
        {
            "server_name": "zte-dream2.ddns.net:80",
            "server_url": "http://zte-dream2.ddns.net:80/c/",
            "macs": [
                "00:1A:79:CE:3A:52",
                "00:1A:79:B5:A4:C1",
                "00:1A:79:BD:8A:9E"
            ]
        },
        {
            "server_name": "download.best-ott.me:80",
            "server_url": "http://download.best-ott.me:80/c/",
            "macs": [
                "00:1A:79:7E:9A:91",
                "00:1A:79:13:51:69",
                "00:1A:79:70:71:CC"
            ]
        },
        {
            "server_name": "cbrlig.com:8080",
            "server_url": "http://cbrlig.com:8080/c/",
            "macs": [
                "00:1A:79:A7:EE:ED",
                "00:1A:79:AE:A6:05",
                "00:1A:79:A1:9F:7E",
                "00:1A:79:A1:74:D3",
                "00:1A:79:AE:2B:A1"
            ]
        },
        {
            "server_name": "107.189.14.168:8080",
            "server_url": "http://107.189.14.168:8080/c/",
            "macs": [
                "00:1A:79:B0:9C:8A",
                "00:1A:79:4B:06:5C",
                "00:1A:79:3A:EF:86",
                "00:1A:79:93:4C:AD",
                "00:1A:79:64:37:BB"
            ]
        },
        {
            "server_name": "1234up.com:8080",
            "server_url": "http://1234up.com:8080/c/",
            "macs": [
                "00:1A:79:FB:40:12",
                "00:1A:79:D1:F9:36",
                "00:1A:79:C8:00:BB",
                "00:1A:79:D4:0E:95",
                "00:1A:79:C6:CE:45"
            ]
        },
        {
            "server_name": "alpha-platform.xyz:80",
            "server_url": "http://alpha-platform.xyz:80/c/",
            "macs": [
                "00:1A:79:73:18:51",
                "00:1A:79:47:3f:81",
                "00:1A:79:b4:ea:ee",
                "00:1A:79:80:8e:7f",
                "00:1A:79:50:73:D1"
            ]
        },
        {
            "server_name": "line.protv.cc:80",
            "server_url": "http://line.protv.cc:80/c/",
            "macs": [
                "00:1A:79:3a:a4:cb",
                "00:1A:79:7f:0c:5b",
                "00:1A:79:bf:bc:ab",
                "00:1A:79:20:67:c1",
                "00:1A:79:b6:09:20",
                "00:1A:79:70:fb:d7",
                "00:1A:79:92:7f:78",
                "00:1A:79:75:66:56",
                "00:1A:79:b5:78:5c",
                "00:1A:79:c4:b4:31"
            ]
        },
        {
            "server_name": "mutant.arrox.top:80",
            "server_url": "http://mutant.arrox.top:80/c/",
            "macs": [
                "00:1A:79:00:00:00",
                "00:1A:79:00:00:E6",
                "00:1A:79:00:01:16",
                "00:1A:79:00:01:C8",
                "00:1A:79:00:01:E7",
                "00:1A:79:00:01:F3",
                "00:1A:79:00:02:01",
                "00:1A:79:00:02:9E"
            ]
        },
        {
            "server_name": "lllllliiiiiiidsa9.funtogether.xyz:8080",
            "server_url": "http://lllllliiiiiiidsa9.funtogether.xyz:8080/c/",
            "macs": [
                "00:1A:79:15:8e:de",
                "00:1A:79:fd:56:40",
                "00:1A:79:53:2b:65",
                "00:1A:79:ab:4e:70",
                "00:1A:79:4e:fb:ea",
                "00:1A:79:c0:10:df",
                "00:1A:79:b3:90:60",
                "00:1A:79:b7:76:eb",
                "00:1A:79:53:f4:82",
                "00:1A:79:d0:06:5e",
                "00:1A:79:7E:1D:7A",
                "00:1A:79:AF:87:FC"
            ]
        },
        {
            "server_name": "mag.myox.me:80",
            "server_url": "http://mag.myox.me:80/c/",
            "macs": [
                "00:1A:79:64:f1:a5",
                "00:1A:79:c0:3d:31",
                "00:1A:79:c1:3d:ec",
                "00:1A:79:75:bc:64",
                "00:1A:79:1d:00:7e"
            ]
        }
    ]
}