{
    "items": [
        {
            "server_name": "mag.greatott.me",
            "server_url": "http://mag.greatott.me/c/",
            "macs": [
                "00:1A:79:37:D5:34",
                "00:1A:79:3F:89:9E",
                "00:1A:79:24:74:3E"
            ]
        },
        {
            "server_name": "mag.ukhd.tv",
            "server_url": "http://mag.ukhd.tv/c/",
            "macs": [
                "00:1A:79:9A:8B:37",
                "00:1A:79:B3:2A:9C"
            ]
        },
        {
            "server_name": "line.iptvwings.com:80",
            "server_url": "http://line.iptvwings.com:80/c/",
            "macs": [
                "00:1A:79:A8:10:AB"
            ]
        },
        {
            "server_name": "owliptv.streamtv.to:8080",
            "server_url": "http://owliptv.streamtv.to:8080/c/",
            "macs": [
                "00:1A:79:AD:E8:AF"
            ]
        },
        {
            "server_name": "medotv.nl:8000",
            "server_url": "http://medotv.nl:8000/c/",
            "macs": [
                "00:1A:79:90:31:11"
            ]
        },
        {
            "server_name": "ocean2218.xyz:8080",
            "server_url": "http://ocean2218.xyz:8080/c/",
            "macs": [
                "00:1A:79:CF:2C:B5",
                "00:1A:79:C1:A0:E6"
            ]
        },
        {
            "server_name": "fast.newdns.world",
            "server_url": "http://fast.newdns.world/c/",
            "macs": [
                "00:1A:79:B3:28:69",
                "00:1A:79:CC:30:93",
                "00:1A:79:10:D4:A1",
                "00:1A:79:C8:65:30",
                "00:1A:79:AB:C3:8B"
            ]
        },
        {
            "server_name": "m5ip.club:80",
            "server_url": "http://m5ip.club:80/c/",
            "macs": [
                "00:1A:79:dd:a2:7d",
                "00:1A:79:55:2f:11",
                "00:1A:79:77:50:95",
                "00:1A:79:c6:b0:b5",
                "00:1A:79:d0:22:80",
                "00:1A:79:d0:29:39"
            ]
        },
        {
            "server_name": "16919-near.cloud-ott.me:80",
            "server_url": "http://16919-near.cloud-ott.me:80/c/",
            "macs": [
                "00:1A:79:00:00:00"
            ]
        },
        {
            "server_name": "185.243.7.2:80",
            "server_url": "http://185.243.7.2:80/c/",
            "macs": [
                "00:1A:79:00:00:00"
            ]
        },
        {
            "server_name": "blomc.rtmp.io:80",
            "server_url": "http://blomc.rtmp.io:80/c/",
            "macs": [
                "00:1A:79:00:00:00"
            ]
        },
        {
            "server_name": "m3u.zen-ott.me:80",
            "server_url": "http://m3u.zen-ott.me:80/c/",
            "macs": [
                "00:1A:79:00:00:00"
            ]
        },
        {
            "server_name": "portal.best-tv.me:80",
            "server_url": "http://portal.best-tv.me:80/c/",
            "macs": [
                "00:1A:79:00:00:00"
            ]
        },
        {
            "server_name": "hi-ott.me:80",
            "server_url": "http://hi-ott.me:80/c/",
            "macs": [
                "00:1A:79:00:00:00"
            ]
        },
        {
            "server_name": "n0r468fju.11121367.xyz:8080",
            "server_url": "http://n0r468fju.11121367.xyz:8080/c/",
            "macs": [
                "00:1A:79:00:00:02"
            ]
        },
        {
            "server_name": "apk.zentv4k.me:80",
            "server_url": "http://apk.zentv4k.me:80/c/",
            "macs": [
                "00:1A:79:00:00:02"
            ]
        },
        {
            "server_name": "king4k.tv:80",
            "server_url": "http://king4k.tv:80/c/",
            "macs": [
                "00:1A:79:00:00:02"
            ]
        },
        {
            "server_name": "8sit7.ipro.tv:80",
            "server_url": "http://8sit7.ipro.tv:80/c/",
            "macs": [
                "00:1A:79:00:00:00"
            ]
        },
        {
            "server_name": "neptun2022.pro:8080",
            "server_url": "http://neptun2022.pro:8080/c/",
            "macs": [
                "00:1A:79:CC:53:6E"
            ]
        },
        {
            "server_name": "hd-max.org:8080",
            "server_url": "http://hd-max.org:8080/c/",
            "macs": [
                "00:1A:79:0D:3F:34"
            ]
        }
    ]
}