{
    "items": [
        {
            "server_name": "4connect.link",
            "server_url": "http://4connect.link/c/",
            "macs": [
                "00:1a:79:ac:d6:dc",
                "00:1a:79:ae:5d:33",
                "00:1a:79:b8:7b:ae",
                "00:1a:79:ba:00:29",
                "00:1a:79:5f:c9:09",
                "00:1a:79:64:8d:e9",
                "00:1a:79:ac:95:58"
            ]
        },
        {
            "server_name": "ultra-box.club",
            "server_url": "http://ultra-box.club/c/",
            "macs": [
                "00:1A:79:75:24:58"
            ]
        }
    ]
}