{
    "items": [
        {
            "server_name": "mutant.arrox.top:80",
            "server_url": "http://mutant.arrox.top:80/c/",
            "macs": [
                "00:1A:79:09:56:BD",
                "00:1A:79:0F:92:4D",
                "00:1A:79:37:2E:CA",
                "00:1A:79:88:0B:EF",
                "00:1A:79:BA:30:5D",
                "00:1A:79:CE:38:6B",
                "00:1A:79:D2:E0:75"
            ]
        },
        {
            "server_name": "hd-max.org:8080",
            "server_url": "http://hd-max.org:8080/c/",
            "macs": [
                "00:1A:79:01:2A:83",
                "00:1A:79:05:80:8C",
                "00:1A:79:4F:5D:A9",
                "00:1A:79:5C:3B:3F",
                "00:1A:79:80:F4:1E",
                "00:1A:79:94:FE:2C",
                "00:1A:79:AB:A1:5B",
                "00:1A:79:B4:ED:D8",
                "00:1A:79:BA:1E:87"
            ]
        },
        {
            "server_name": "iptvserver.info:8080",
            "server_url": "http://iptvserver.info:8080/c/",
            "macs": [
                "00:1A:79:39:1B:DB",
                "00:1A:79:92:78:9C",
                "00:1A:79:AE:21:19",
                "00:1A:79:C1:AF:F3"
            ]
        },
        {
            "server_name": "gfr5.mi20.cc",
            "server_url": "http://gfr5.mi20.cc/stalker_portal/c/",
            "macs": [
                "00:1A:79:73:ED:35",
                "00:1A:79:77:2D:11"
            ]
        },
        {
            "server_name": "h05t.tecnolab.top:8080",
            "server_url": "http://h05t.tecnolab.top:8080/c/",
            "macs": [
                "00:1A:79:5C:7E:57"
            ]
        },
        {
            "server_name": "mag.ugoiptv.com:80",
            "server_url": "http://mag.ugoiptv.com:80/c/",
            "macs": [
                "00:1A:79:01:01:F1",
                "00:1A:79:01:03:01",
                "00:1A:79:01:14:A7",
                "00:1A:79:01:35:A1",
                "00:1A:79:01:3D:8C",
                "00:1A:79:01:55:FB",
                "00:1A:79:01:61:AE",
                "00:1A:79:01:66:A6",
                "00:1A:79:01:6F:BF",
                "00:1A:79:01:76:0B",
                "00:1A:79:01:7A:DE",
                "00:1A:79:01:7F:4B"
            ]
        },
        {
            "server_name": "15.235.13.183:88",
            "server_url": "http://15.235.13.183:88/stalker_portal/c/",
            "macs": [
                "00:1A:79:11:4D:B8"
            ]
        },
        {
            "server_name": "danita.xyz",
            "server_url": "http://danita.xyz/c/",
            "macs": [
                "00:1A:79:94:6B:66"
            ]
        },
        {
            "server_name": "alexiptv.ddns.me:8080",
            "server_url": "http://alexiptv.ddns.me:8080/c/",
            "macs": [
                "00:1A:79:AF:88:5A",
                "00:1A:79:B0:C8:E9",
                "00:1A:79:BB:24:12",
                "00:1A:79:E3:ED:0C"
            ]
        },
        {
            "server_name": "technologycloud.eu:80",
            "server_url": "http://technologycloud.eu:80/c/",
            "macs": [
                "00:1A:79:05:DD:24",
                "00:1A:79:52:DB:59",
                "00:1A:79:5F:83:38",
                "00:1A:79:BB:9A:5F",
                "00:1A:79:C1:00:5C"
            ]
        },
        {
            "server_name": "yhlion.proxytx.cloud",
            "server_url": "http://yhlion.proxytx.cloud/c/",
            "macs": [
                "00:1A:79:47:40:54"
            ]
        },
        {
            "server_name": "magictvliege.com:8080",
            "server_url": "http://magictvliege.com:8080/c/",
            "macs": [
                "00:1A:79:4A:05:96",
                "00:1A:79:74:FB:1C",
                "00:1A:79:B5:AB:3C",
                "00:1A:79:BE:5B:F5",
                "00:1A:79:F5:53:C6"
            ]
        },
        {
            "server_name": "marvelhd.eu:8080",
            "server_url": "http://marvelhd.eu:8080/c/",
            "macs": [
                "00:1A:79:00:4D:C4",
                "00:1A:79:25:03:87",
                "00:1A:79:34:1A:A5",
                "00:1A:79:50:09:42",
                "00:1A:79:67:AF:0A",
                "00:1A:79:A4:80:BB",
                "00:1A:79:FC:A4:84"
            ]
        },
        {
            "server_name": "pars01.com:8080",
            "server_url": "http://pars01.com:8080/c/",
            "macs": [
                "00:1A:79:10:DF:13"
            ]
        },
        {
            "server_name": "eurotuga.xyz:8080",
            "server_url": "http://eurotuga.xyz:8080/c/",
            "macs": [
                "00:1A:79:0E:13:B5"
            ]
        },
        {
            "server_name": "sotu.ws:26928",
            "server_url": "http://sotu.ws:26928/c/",
            "macs": [
                "00:1A:79:46:26:7C",
                "00:1A:79:4F:29:21",
                "00:1A:79:5B:9F:6F",
                "00:1A:79:62:7F:A8"
            ]
        },
        {
            "server_name": "ph-info.xyz",
            "server_url": "http://ph-info.xyz/c/",
            "macs": [
                "00:1A:79:2E:EF:A2",
                "00:1A:79:AF:EF:27"
            ]
        },
        {
            "server_name": "145.239.253.183",
            "server_url": "http://145.239.253.183/stalker_portal/c/",
            "macs": [
                "00:1A:79:1C:A5:9C",
                "00:1A:79:1D:59:5B",
                "00:1A:79:29:08:B8",
                "00:1A:79:66:B8:08",
                "00:1A:79:6E:BE:06",
                "00:1A:79:73:5B:42"
            ]
        },
        {
            "server_name": "fastopen.live:8080",
            "server_url": "http://fastopen.live:8080/c/",
            "macs": [
                "00:1A:79:B2:6D:DD"
            ]
        },
        {
            "server_name": "wtc05.mi20.cc",
            "server_url": "http://wtc05.mi20.cc/stalker_portal/c/",
            "macs": [
                "00:1A:79:73:3C:5E",
                "00:1A:79:74:0B:B2",
                "00:1A:79:77:22:00",
                "00:1A:79:79:4F:F1",
                "00:1A:79:79:9A:CC"
            ]
        },
        {
            "server_name": "buyspamtool.com:8080",
            "server_url": "http://buyspamtool.com:8080/c/",
            "macs": [
                "00:1A:79:2B:8F:D8",
                "00:1A:79:54:ED:AE",
                "00:1A:79:C6:B2:7D"
            ]
        },
        {
            "server_name": "germanytv.live:8080",
            "server_url": "http://germanytv.live:8080/c/",
            "macs": [
                "00:1A:79:4D:04:1C",
                "00:1A:79:A6:4B:E3"
            ]
        },
        {
            "server_name": "vocotv.live",
            "server_url": "http://vocotv.live/c/",
            "macs": [
                "00:1A:79:B6:13:79",
                "00:1A:79:BE:2F:63"
            ]
        },
        {
            "server_name": "mag.marsweb.co",
            "server_url": "http://mag.marsweb.co/c/",
            "macs": [
                "00:1A:79:32:8E:63",
                "00:1A:79:67:F9:35",
                "00:1A:79:A2:0A:AD",
                "00:1A:79:DF:1F:B7",
                "00:1A:79:F1:E1:20"
            ]
        },
        {
            "server_name": "mag.4k365.xyz",
            "server_url": "http://mag.4k365.xyz/c/",
            "macs": [
                "00:1A:79:04:7F:06",
                "00:1A:79:19:46:CF",
                "00:1A:79:24:7F:16",
                "00:1A:79:32:8E:63",
                "00:1A:79:36:B2:90",
                "00:1A:79:3F:66:C5",
                "00:1A:79:53:78:30",
                "00:1A:79:55:31:48",
                "00:1A:79:7F:58:D7",
                "00:1A:79:AF:7E:91",
                "00:1A:79:B8:A5:7F",
                "00:1A:79:BD:24:55",
                "00:1A:79:CA:8A:34"
            ]
        },
        {
            "server_name": "line.protv.cc:80",
            "server_url": "http://line.protv.cc:80/c/",
            "macs": [
                "00:1A:79:6B:5E:9F"
            ]
        },
        {
            "server_name": "1234up.com:8080",
            "server_url": "http://1234up.com:8080/c/",
            "macs": [
                "00:1A:79:0E:37:F0",
                "00:1A:79:14:2E:3F",
                "00:1A:79:19:9A:07",
                "00:1A:79:25:17:26",
                "00:1A:79:4C:4F:FB",
                "00:1A:79:A9:26:7B",
                "00:1A:79:C5:4C:C1",
                "00:1A:79:C7:9B:4A",
                "00:1A:79:C8:06:8D",
                "00:1A:79:CC:FC:2A",
                "00:1A:79:FB:21:DC"
            ]
        },
        {
            "server_name": "h9ox501bd.11121367.xyz:8080",
            "server_url": "http://h9ox501bd.11121367.xyz:8080/c/",
            "macs": [
                "00:1A:79:0D:18:58",
                "00:1A:79:0D:1B:14",
                "00:1A:79:0D:20:9B",
                "00:1A:79:0D:3A:94",
                "00:1A:79:0D:4A:19",
                "00:1A:79:0D:4D:C0",
                "00:1A:79:0D:68:2D",
                "00:1A:79:0D:6E:3D",
                "00:1A:79:0D:6F:96",
                "00:1A:79:0D:6F:D2"
            ]
        }
    ]
}