{
    "items": [
        {
            "server_name": "sverigeplay.tv:2095",
            "server_url": "http://sverigeplay.tv:2095/c/",
            "macs": [
                "00:1A:79:38:41:5b",
                "00:1A:79:2e:08:41",
                "00:1A:79:a9:24:ad",
                "00:1A:79:af:a3:88",
                "00:1A:79:51:20:ab",
                "00:1A:79:10:b9:61",
                "00:1A:79:c0:16:32",
                "00:1A:79:4c:b8:31",
                "00:1A:79:b4:3b:e2",
                "00:1A:79:51:39:d5"
            ]
        },
        {
            "server_name": "iptv.darktv.nl:80",
            "server_url": "http://iptv.darktv.nl:80/c/",
            "macs": [
                "00:1A:79:d5:0f:9d",
                "00:1A:79:b5:9e:e5",
                "00:1A:79:d0:34:e0",
                "00:1A:79:1c:2f:04",
                "00:1A:79:2d:0f:27",
                "00:1A:79:b8:7a:0b",
                "00:1A:79:85:a9:59",
                "00:1A:79:73:0f:1b",
                "00:1A:79:a3:a3:f3",
                "00:1A:79:c6:3f:8b",
                "00:1A:79:3f:04:d8",
                "00:1A:79:c3:1c:4c"
            ]
        },
        {
            "server_name": "2yg97ghap.11121367.xyz:8080",
            "server_url": "http://2yg97ghap.11121367.xyz:8080/c/",
            "macs": [
                "00:1A:79:01:75:08",
                "00:1A:79:d7:09:b9",
                "00:1A:79:22:0f:0c",
                "00:1A:79:4f:da:f6",
                "00:1A:79:90:2a:29",
                "00:1A:79:9d:2c:63",
                "00:1A:79:86:25:a2"
            ]
        },
        {
            "server_name": "streamingkings.org:2095",
            "server_url": "http://streamingkings.org:2095/c/",
            "macs": [
                "00:1A:79:c6:fc:df",
                "00:1A:79:aa:e3:b7",
                "00:1A:79:ae:8b:a5",
                "00:1A:79:a9:bd:60"
            ]
        },
        {
            "server_name": "io.t-v.io:80",
            "server_url": "http://io.t-v.io:80/c/",
            "macs": [
                "00:1A:79:b8:8b:e3",
                "00:1A:79:b0:4e:2a",
                "00:1A:79:a5:aa:78",
                "00:1A:79:19:37:ef"
            ]
        },
        {
            "server_name": "lookontv.net:2095",
            "server_url": "http://lookontv.net:2095/c/",
            "macs": [
                "00:1A:79:b4:4f:95"
            ]
        },
        {
            "server_name": "restream.globaltv1.net:8080",
            "server_url": "http://restream.globaltv1.net:8080/c/",
            "macs": [
                "00:1A:79:10:DF:72",
                "00:1A:79:A4:CE:49",
                "00:1A:79:10:DF:B9",
                "00:1A:79:07:C2:19",
                "00:1A:79:A1:9B:E7",
                "00:1A:79:4D:04:ED",
                "00:1A:79:10:DF:20",
                "00:1A:79:A3:B7:9F",
                "00:1A:79:10:DF:61",
                "00:1A:79:6E:29:F6",
                "00:1A:79:10:40:E4",
                "00:1A:79:B1:F3:DA",
                "00:1A:79:14:69:18",
                "00:1A:79:10:40:D6",
                "00:1A:79:13:58:0E",
                "00:1A:79:10:DF:B3"
            ]
        },
        {
            "server_name": "neptun2022.pro:8080",
            "server_url": "http://neptun2022.pro:8080/c/",
            "macs": [
                "00:1A:79:66:27:33",
                "00:1A:79:03:23:C1",
                "00:1A:79:3D:67:55",
                "00:1A:79:CC:53:6E"
            ]
        },
        {
            "server_name": "ueawall.com:80",
            "server_url": "http://ueawall.com:80/c/",
            "macs": [
                "00:1A:79:00:96:C6",
                "00:1A:79:00:0C:B4",
                "00:1A:79:00:09:90",
                "00:1A:79:00:09:3A",
                "00:1A:79:00:05:62",
                "00:1A:79:00:05:51",
                "00:1A:79:00:04:AA",
                "00:1A:79:00:01:92",
                "00:1A:79:00:96:C6",
                "00:1A:79:00:0C:B4",
                "00:1A:79:00:09:90",
                "00:1A:79:00:09:3A",
                "00:1A:79:00:05:62",
                "00:1A:79:00:05:51",
                "00:1A:79:00:04:AA",
                "00:1A:79:00:01:92"
            ]
        },
        {
            "server_name": "cooltv4u.xyz:80",
            "server_url": "http://cooltv4u.xyz:80/stalker_portal/c/",
            "macs": [
                "00:1A:79:D9:01:CD",
                "00:1A:79:B2:EC:66",
                "00:1A:79:90:60:0C",
                "00:1A:79:3D:62:30",
                "00:1A:79:AD:37:DD",
                "00:1A:79:7B:05:52",
                "00:1A:79:80:92:1B",
                "00:1A:79:63:E1:CF",
                "00:1A:79:6C:4D:E6",
                "00:1A:79:66:BB:A4",
                "00:1A:79:7A:E8:54",
                "00:1A:79:79:89:19"
            ]
        },
        {
            "server_name": "cluster.app.mm88.com.bd",
            "server_url": "http://cluster.app.mm88.com.bd/stalker_portal/c/",
            "macs": [
                "00:1A:79:7C:C1:5A",
                "00:1A:79:73:47:5D",
                "00:1A:79:7E:DA:36",
                "00:1A:79:00:F5:67",
                "00:1A:79:78:00:9A",
                "00:1A:79:78:58:FF",
                "00:1A:79:7B:94:A6",
                "00:1A:79:A6:68:8B",
                "00:1A:79:76:AC:6F",
                "00:1A:79:7D:33:46",
                "00:1A:79:80:72:BF",
                "00:1A:79:A1:03:30",
                "00:1A:79:80:CF:82"
            ]
        },
        {
            "server_name": "krooztv.live:80",
            "server_url": "http://krooztv.live:80/c/",
            "macs": [
                "00:1A:79:bb:86:a0",
                "00:1A:79:b7:72:c4",
                "00:1A:79:e3:59:f5",
                "00:1A:79:b8:06:86",
                "00:1A:79:7b:bd:a3",
                "00:1A:79:7f:be:d1",
                "00:1A:79:a2:03:01",
                "00:1A:79:b8:e8:82",
                "00:1A:79:8e:1f:6c",
                "00:1A:79:7b:bd:a3",
                "00:1A:79:78:03:59",
                "00:1A:79:7f:bd:d2"
            ]
        },
        {
            "server_name": "llllllllliiiiiiiiiiiiii.funtogether.xyz:8080",
            "server_url": "http://llllllllliiiiiiiiiiiiii.funtogether.xyz:8080/c/",
            "macs": [
                "00:1A:79:ef:da:57",
                "00:1A:79:bf:f5:b8",
                "00:1A:79:89:03:5c"
            ]
        },
        {
            "server_name": "livetvbox.live:8080",
            "server_url": "http://livetvbox.live:8080/c/",
            "macs": [
                "00:1A:79:33:34:34"
            ]
        },
        {
            "server_name": "bmw786.xyz",
            "server_url": "http://bmw786.xyz/c/",
            "macs": [
                "00:1A:79:30:61:39",
                "00:1A:79:99:88:77",
                "00:1A:79:60:5D:40"
            ]
        },
        {
            "server_name": "stb.iphd.tv",
            "server_url": "http://stb.iphd.tv/c/",
            "macs": [
                "00:1A:79:6F:4F:FA",
                "00:1A:79:B2:49:65",
                "00:1A:79:9D:B5:59",
                "00:1A:79:90:1F:E8"
            ]
        },
        {
            "server_name": "45.139.122.199:8080",
            "server_url": "http://45.139.122.199:8080/c/",
            "macs": [
                "00:1A:79:00:BA:AB",
                "00:1A:79:00:BA:AA",
                "00:1A:79:00:D4:C1",
                "00:1A:79:00:EB:C0",
                "00:1A:79:01:02:A8",
                "00:1A:79:01:04:24",
                "00:1A:79:00:EE:0B"
            ]
        },
        {
            "server_name": "otx.arabitv5.com:8000",
            "server_url": "http://otx.arabitv5.com:8000/c/",
            "macs": [
                "00:1A:79:2A:39:AF",
                "00:1A:79:42:D2:F0",
                "00:1A:79:72:9C:96",
                "00:1A:79:3D:22:6A",
                "00:1A:79:2A:37:27",
                "00:1A:79:2A:39:1C",
                "00:1A:79:42:E4:3B",
                "00:1A:79:36:E8:CF",
                "00:1A:79:CA:2F:3B",
                "00:1A:79:43:11:45",
                "00:1A:79:72:9C:76"
            ]
        },
        {
            "server_name": "new.dittotvv.cc",
            "server_url": "http://new.dittotvv.cc/stalker_portal/c/",
            "macs": [
                "00:1A:79:FA:D4:3D",
                "00:1A:79:33:0A:22",
                "00:1A:79:B9:59:2C"
            ]
        },
        {
            "server_name": "212.129.8.69",
            "server_url": "http://212.129.8.69/stalker_portal/c/",
            "macs": [
                "00:1A:79:48:12:D9",
                "00:1A:79:0A:29:13",
                "00:1A:79:37:EF:92",
                "00:1A:79:A5:B2:EF",
                "00:1A:79:6D:4A:80"
            ]
        },
        {
            "server_name": "tv.banjotv.tv",
            "server_url": "http://tv.banjotv.tv/stalker_portal/c/",
            "macs": [
                "00:1A:79:6A:D0:58",
                "00:1A:79:3C:9E:8E",
                "00:1A:79:B3:5D:F5",
                "00:1A:79:AD:1D:18",
                "00:1A:79:3C:9E:8E",
                "00:1A:79:A8:0B:D9"
            ]
        },
        {
            "server_name": "mutant.arrox.top",
            "server_url": "http://mutant.arrox.top/c/",
            "macs": [
                "00:1A:79:78:76:23"
            ]
        },
        {
            "server_name": "tit.ipsh.tv",
            "server_url": "http://tit.ipsh.tv/c/",
            "macs": [
                "00:1A:79:B8:FA:F3",
                "00:1A:79:F1:F1:69",
                "00:1A:79:79:2B:71",
                "00:1A:79:6A:FB:57",
                "00:1A:79:02:FD:06",
                "00:1A:79:84:58:D8"
            ]
        },
        {
            "server_name": "hdmiclub.online:8080",
            "server_url": "http://hdmiclub.online:8080/c/",
            "macs": [
                "00:1A:79:A3:13:50"
            ]
        },
        {
            "server_name": "ott-protv.com:8080",
            "server_url": "http://ott-protv.com:8080/c/",
            "macs": [
                "00:1A:79:F9:CA:B0"
            ]
        },
        {
            "server_name": "69.tvzon.me",
            "server_url": "http://69.tvzon.me/stalker_portal/c/",
            "macs": [
                "00:1A:79:0C:1F:C2",
                "00:1A:79:45:B4:F6"
            ]
        }
    ]
}