{
    "items": [
        {
            "server_name": "germanytv.live:8080",
            "server_url": "http://germanytv.live:8080/c/",
            "macs": [
                "00:1A:79:A6:4B:E3",
                "00:1a:79:4d:04:1c"
            ]
        },
        {
            "server_name": "vocotv.live",
            "server_url": "http://vocotv.live/c/",
            "macs": [
                "00:1A:79:BE:2F:63",
                "00:1a:79:b6:13:79"
            ]
        },
        {
            "server_name": "mag.marsweb.co",
            "server_url": "http://mag.marsweb.co/c/",
            "macs": [
                "00:1A:79:F1:E1:20",
                "00:1A:79:A2:0A:AD",
                "00:1A:79:32:8E:63",
                "00:1A:79:67:F9:35",
                "00:1A:79:DF:1F:B7"
            ]
        },
        {
            "server_name": "mag.4k365.xyz",
            "server_url": "http://mag.4k365.xyz/c/",
            "macs": [
                "00:1A:79:32:8E:63",
                "00:1a:79:3f:66:c5",
                "00:1a:79:36:B2:90",
                "00:1a:79:04:7f:06",
                "00:1a:79:b8:a5:7f",
                "00:1A:79:24:7F:16",
                "00:1a:79:7f:58:d7",
                "00:1A:79:CA:8A:34",
                "00:1A:79:BD:24:55",
                "00:1A:79:55:31:48",
                "00:1a:79:53:78:30",
                "00:1a:79:af:7e:91",
                "00:1a:79:19:46:CF"
            ]
        },
        {
            "server_name": "line.protv.cc:80",
            "server_url": "http://line.protv.cc:80/c/",
            "macs": [
                "00:1A:79:6b:5e:9f"
            ]
        },
        {
            "server_name": "mutant.arrox.top:80",
            "server_url": "http://mutant.arrox.top:80/c/",
            "macs": [
                "00:1A:79:d2:e0:75",
                "00:1A:79:88:0b:ef",
                "00:1A:79:09:56:bd",
                "00:1A:79:ba:30:5d",
                "00:1A:79:ce:38:6b",
                "00:1A:79:0f:92:4d",
                "00:1A:79:0f:92:4d",
                "00:1A:79:37:2e:ca"
            ]
        },
        {
            "server_name": "1234up.com:8080",
            "server_url": "http://1234up.com:8080/c/",
            "macs": [
                "00:1a:79:a9:26:7b",
                "00:1a:79:14:2e:3f",
                "00:1a:79:cc:fc:2a",
                "00:1a:79:0e:37:f0",
                "00:1a:79:c8:06:8d",
                "00:1a:79:c5:4c:c1",
                "00:1a:79:19:9a:07",
                "00:1a:79:25:17:26",
                "00:1a:79:fb:21:dc",
                "00:1a:79:4c:4f:fb",
                "00:1a:79:c7:9b:4a"
            ]
        },
        {
            "server_name": "h9ox501bd.11121367.xyz:8080",
            "server_url": "http://h9ox501bd.11121367.xyz:8080/c/",
            "macs": [
                "00:1A:79:0D:4D:C0",
                "00:1A:79:0D:3A:94",
                "00:1A:79:0D:18:58",
                "00:1A:79:0D:4A:19",
                "00:1A:79:0D:1B:14",
                "00:1A:79:0D:20:9B",
                "00:1A:79:0D:6E:3D",
                "00:1A:79:0D:6F:96",
                "00:1A:79:0D:6F:D2",
                "00:1A:79:0D:68:2D"
            ]
        },
        {
            "server_name": "mag.ugoiptv.com:80",
            "server_url": "http://mag.ugoiptv.com:80/c/",
            "macs": [
                "00:1A:79:01:01:F1",
                "00:1A:79:01:03:01",
                "00:1A:79:01:14:A7",
                "00:1A:79:01:35:A1",
                "00:1A:79:01:61:AE",
                "00:1A:79:01:3D:8C",
                "00:1A:79:01:66:A6",
                "00:1A:79:01:55:FB",
                "00:1A:79:01:7A:DE",
                "00:1A:79:01:6F:BF",
                "00:1A:79:01:76:0B",
                "00:1A:79:01:7F:4B"
            ]
        },
        {
            "server_name": "15.235.13.183:88",
            "server_url": "http://15.235.13.183:88/stalker_portal/c/",
            "macs": [
                "00:1A:79:11:4D:B8"
            ]
        },
        {
            "server_name": "danita.xyz",
            "server_url": "http://danita.xyz/c/",
            "macs": [
                "00:1A:79:94:6B:66"
            ]
        }
    ]
}