{
    "items": [
        {
            "server_name": "uhd3.one",
            "server_url": "http://uhd3.one/c/",
            "macs": [
                "00:1A:79:4E:3D:51",
                "00:1A:79:53:4A:8F",
                "00:1A:79:BC:8B:19"
            ]
        },
        {
            "server_name": "paristv.net:8080",
            "server_url": "http://paristv.net:8080/c/",
            "macs": [
                "00:1A:79:13:55:A6"
            ]
        },
        {
            "server_name": "7.iptvon.tv.123tv.to",
            "server_url": "http://7.iptvon.tv.123tv.to/c/",
            "macs": [
                "00:1A:79:4F:56:26",
                "00:1A:79:56:8B:91",
                "00:1A:79:A5:32:A6"
            ]
        },
        {
            "server_name": "alexiptv.ddns.me:8080",
            "server_url": "http://alexiptv.ddns.me:8080/c/",
            "macs": [
                "00:1A:79:48:9D:42",
                "00:1A:79:6A:EB:BC",
                "00:1A:79:AD:7D:45",
                "00:1A:79:AE:4B:1A",
                "00:1A:79:BB:C7:5D"
            ]
        },
        {
            "server_name": "trxx.in:80",
            "server_url": "http://trxx.in:80/c/",
            "macs": [
                "00:1A:79:0C:5F:8D",
                "00:1A:79:B5:AE:10"
            ]
        },
        {
            "server_name": "tron.streamtv.to:8080",
            "server_url": "http://tron.streamtv.to:8080/c/",
            "macs": [
                "00:1A:79:00:61:71",
                "00:1A:79:01:4A:63"
            ]
        },
        {
            "server_name": "ix.kingtv.pw:80",
            "server_url": "http://ix.kingtv.pw:80/c/",
            "macs": [
                "00:1A:79:10:D4:CF",
                "00:1A:79:15:15:9A",
                "00:1A:79:6B:BC:DA",
                "00:1A:79:6E:2A:A2",
                "00:1A:79:76:FD:93",
                "00:1A:79:A0:FE:5D"
            ]
        },
        {
            "server_name": "m.devtv.biz",
            "server_url": "http://m.devtv.biz/c/",
            "macs": [
                "00:1A:79:BC:E8:B3"
            ]
        },
        {
            "server_name": "power4kiptv.info:8080",
            "server_url": "http://power4kiptv.info:8080/c/",
            "macs": [
                "00:1A:79:10:D5:C1"
            ]
        },
        {
            "server_name": "iptvswiss.com.123tv.to:8080",
            "server_url": "http://iptvswiss.com.123tv.to:8080/c/",
            "macs": [
                "00:1A:79:67:BB:48"
            ]
        },
        {
            "server_name": "xcmaster.live:8080",
            "server_url": "http://xcmaster.live:8080/c/",
            "macs": [
                "00:1A:79:57:20:B1"
            ]
        },
        {
            "server_name": "trex.8kott.xyz",
            "server_url": "http://trex.8kott.xyz/c/",
            "macs": [
                "00:1A:79:6D:10:34"
            ]
        },
        {
            "server_name": "hdmiclub.online:8080",
            "server_url": "http://hdmiclub.online:8080/c/",
            "macs": [
                "00:1A:79:3D:19:D1",
                "00:1A:79:A6:58:E8",
                "00:1A:79:A9:F3:4D",
                "00:1A:79:AD:A0:F2",
                "00:1A:79:B0:BA:53",
                "00:1A:79:B0:CB:50",
                "00:1A:79:BD:4F:1B",
                "00:1A:79:CC:42:A2",
                "00:1A:79:CD:03:E5"
            ]
        },
        {
            "server_name": "mag.ukhd.tv",
            "server_url": "http://mag.ukhd.tv/c/",
            "macs": [
                "00:1A:79:19:4F:D1",
                "00:1A:79:40:60:1C",
                "00:1A:79:45:98:CA",
                "00:1A:79:4D:70:71",
                "00:1A:79:61:4F:13",
                "00:1A:79:6B:8A:CC",
                "00:1A:79:A5:6F:C0",
                "00:1A:79:CB:8A:E6",
                "00:1A:79:D7:9F:5E"
            ]
        }
    ]
}