{
    "items": [
        {
            "server_name": "200.26.188.39",
            "server_url": "http://200.26.188.39:80/c/",
            "macs": [
                "00:1A:79:5E:16:18",
                "00:1A:79:0E:1E:C5",
                "00:1A:79:AD:17:0E"
            ]
        },
        {
            "server_name": "89.45.13.220",
            "server_url": "http://89.45.13.220:8080/c/",
            "macs": [
                "00:1A:79:4D:03:4B",
                "00:1A:79:01:6E:35",
                "00:1A:79:08:51:4E"
            ]
        },
        {
            "server_name": "anonymoustv.club",
            "server_url": "http://anonymoustv.club:80/c/",
            "macs": [
                "00:1A:79:7E:BE:6A",
                "00:1A:79:B4:F1:06",
                "00:1A:79:C1:6E:7D",
                "00:1A:79:BA:8C:95",
                "00:1A:79:76:F7:2F"
            ]
        },
        {
            "server_name": "m5ip.club",
            "server_url": "http://m5ip.club:8080/c/",
            "macs": [
                "00:1A:79:8f:36:45"
            ]
        },
        {
            "server_name": "medotv.nl",
            "server_url": "http://medotv.nl:8000/c/",
            "macs": [
                "00:1a:79:A2:BB:12",
                "00:1a:79:A2:BB:14",
                "00:1A:79:D9:45:62",
                "00:1A:79:4E:2D:25",
                "00:1A:79:4C:5D:40"
            ]
        },
        {
            "server_name": "mutant.arrox.top",
            "server_url": "http://mutant.arrox.top/c/",
            "macs": [
                "00:1A:79:90:6B:FE",
                "00:1A:79:00:8B:41",
                "00:1A:79:8A:DB:EF",
                "00:1A:79:A4:E6:D4",
                "00:1A:79:04:EF:BF",
                "00:1A:79:00:16:CB",
                "00:1A:79:25:9F:6C",
                "00:1A:79:09:BF:33",
                "00:1A:79:BD:6C:7A",
                "00:1A:79:82:7C:76",
                "00:1A:79:48:43:19",
                "00:1A:79:F7:5F:A1",
                "00:1A:79:4F:2E:D3",
                "00:1A:79:04:ED:3F",
                "00:1A:79:98:5F:E8",
                "00:1A:79:BD:7D:C1",
                "00:1A:79:9C:CA:EA",
                "00:1A:79:DF:91:54",
                "00:1A:79:44:8E:D8",
                "00:1A:79:03:AE:8C",
                "00:1A:79:0E:0D:19",
                "00:1A:79:BE:6F:8C",
                "00:1A:79:A2:D3:67",
                "00:1A:79:03:08:76",
                "00:1A:79:BB:E4:6B",
                "00:1A:79:08:4E:89",
                "00:1A:79:08:00:77",
                "00:1A:79:BB:E6:28",
                "00:1A:79:0B:C1:73",
                "00:1A:79:C2:78:FD",
                "00:1A:79:68:0F:84",
                "00:1A:79:92:4F:97",
                "00:1A:79:19:02:DD",
                "00:1A:79:B8:8F:C9",
                "00:1A:79:CE:46:53",
                "00:1A:79:45:55:77",
                "00:1A:79:0E:3A:CE",
                "00:1A:79:CA:5F:2B",
                "00:1A:79:A3:D0:9B",
                "00:1A:79:18:11:5E",
                "00:1A:79:D7:4F:BD",
                "00:1A:79:BA:06:8A",
                "00:1A:79:19:3E:06",
                "00:1A:79:18:20:F2",
                "00:1A:79:4D:01:89",
                "00:1A:79:69:85:57",
                "00:1A:79:95:FC:1F",
                "00:1A:79:B0:A4:98",
                "00:1A:79:F5:2A:4C",
                "00:1A:79:5F:23:53",
                "00:1A:79:03:07:19",
                "00:1A:79:4D:06:FA",
                "00:1A:79:19:5F:1B",
                "00:1A:79:19:20:C9",
                "00:1A:79:B1:D6:54",
                "00:1A:79:01:6A:F7",
                "00:1A:79:28:2F:22",
                "00:1A:79:AB:CD:D2",
                "00:1A:79:C0:7D:BD",
                "00:1A:79:C7:0B:98",
                "00:1A:79:BC:FC:03",
                "00:1A:79:BF:B7:2E",
                "00:1A:79:5A:18:C4",
                "00:1A:79:C3:2B:84",
                "00:1A:79:FA:82:FE",
                "00:1A:79:44:B5:C0",
                "00:1A:79:A9:E9:B5",
                "00:1A:79:C2:12:EB",
                "00:1A:79:A2:06:5D",
                "00:1A:79:82:6B:71",
                "00:1A:79:C3:C9:E3",
                "00:1A:79:C1:AC:85",
                "00:1A:79:C0:CA:18",
                "00:1A:79:4D:04:43",
                "00:1A:79:17:46:D7",
                "00:1A:79:02:7B:DA"
            ]
        },
        {
            "server_name": "quality-plus.in",
            "server_url": "http://quality-plus.in:8080/c/",
            "macs": [
                "00:1A:79:2C:D4:18"
            ]
        },
        {
            "server_name": "streamcode.one",
            "server_url": "http://streamcode.one:2082/c/",
            "macs": [
                "00:1A:79:72:99:57"
            ]
        }
    ]
}