{
    "items": [
        {
            "server_name": "brokentv.rip",
            "server_url": "http://brokentv.rip:8080/",
            "macs": [
                "00:1a:79:a8:c6:35",
                "00:1a:79:74:b7:06",
                "00:1a:79:a4:96:69",
                "00:1a:79:4c:5a:21",
                "00:1A:79:31:31:65",
                "00:1a:79:ad:44:35",
                "00:1a:79:a7:b5:fa",
                "00:1A:79:63:9f:11"
            ]
        },
        {
            "server_name": "fastrunner.live",
            "server_url": "http://fastrunner.live:8080/",
            "macs": [
                "00:1A:79:5f:23:f7",
                "00:1A:79:BF:E2:32",
                "00:1A:79:5e:30:a1",
                "00:1A:79:c1:fb:19",
                "00:1A:79:73:62:80",
                "00:1A:79:b2:5b:06",
                "00:1A:79:63:9f:11",
                "00:1A:79:60:84:f6"
            ]
        },
        {
            "server_name": "ip.king-cobra.eu",
            "server_url": "http://ip.king-cobra.eu:8080/",
            "macs": [
                "00:1A:79:AE:C0:BE",
                "00:1a:79:42:aa:ba",
                "00:1a:79:a4:0e:2c",
                "00:1a:79:93:75:b8",
                "00:1a:79:a6:82:51",
                "00:1a:79:46:1f:55",
                "00:1a:79:b5:c9:32",
                "00:1a:79:3e:02:6c"
            ]
        },
        {
            "server_name": "letmein.fun",
            "server_url": "http://letmein.fun:8080/",
            "macs": [
                "00:1a:79:ae:13:a8",
                "00:1a:79:bb:24:33",
                "00:1a:79:ae:68:2b",
                "00:1a:79:b4:e3:11",
                "00:1a:79:ad:f2:f0",
                "00:1a:79:b0:12:4b",
                "00:1a:79:a5:ae:59"
            ]
        },
        {
            "server_name": "magm1giillmig.funtogether.xyz",
            "server_url": "http://magm1giillmig.funtogether.xyz:8080/",
            "macs": [
                "00:1A:79:de:52:f3",
                "00:1A:79:ae:8a:26",
                "00:1A:79:23:a1:38",
                "00:1A:79:74:3d:46",
                "00:1A:79:6b:63:a9",
                "00:1A:79:67:d4:bf",
                "00:1A:79:48:2c:b5",
                "00:1A:79:b4:30:43"
            ]
        },
        {
            "server_name": "matrix-ott.tv",
            "server_url": "http://matrix-ott.tv:8080/",
            "macs": [
                "00:1a:79:79:9A:CF",
                "00:1A:79:BF:00:A5",
                "00:1a:79:a3:96:ec",
                "00:1a:79:61:C9:D3",
                "00:1a:79:8a:a6:7e",
                "00:1a:79:9e:69:4c",
                "00:1a:79:5b:dc:47",
                "00:1a:79:b7:da:72",
                "00:1a:79:73:15:90",
                "00:1A:79:C3:99:8F",
                "00:1A:79:B7:3A:FE",
                "00:1a:79:c3:4e:c8",
                "00:1A:79:AE:C0:BE",
                "00:1a:79:e4:df:0f"
            ]
        },
        {
            "server_name": "netseeny.maxhd.vip",
            "server_url": "http://netseeny.maxhd.vip:8000/",
            "macs": [
                "00:1A:79:18:13:01",
                "00:1A:79:80:70:10",
                "00:1a:79:db:89:77",
                "00:1a:79:47:93:f0",
                "00:1a:79:46:60:c1",
                "00:1a:79:a4:89:62",
                "00:1a:79:4b:36:9a",
                "00:1a:79:47:c7:08"
            ]
        },
        {
            "server_name": "nightmare-tv.xyz",
            "server_url": "http://nightmare-tv.xyz:8080/",
            "macs": [
                "00:1A:79:4D:06:B6",
                "00:1A:79:A1:00:24",
                "00:1A:79:40:2F:33",
                "00:1A:79:01:73:48",
                "00:1A:79:A1:00:81",
                "00:1A:79:AF:39:BF",
                "00:1A:79:40:11:4B",
                "00:1A:79:9E:E0:83"
            ]
        },
        {
            "server_name": "openmag.xyz",
            "server_url": "http://openmag.xyz:8080/",
            "macs": [
                "00:1A:79:b5:7a:89",
                "00:1A:79:3D:6D:2C",
                "00:1A:79:64:DF:EF",
                "00:1A:79:B5:E0:14",
                "00:1A:79:48:10:a7",
                "00:1A:79:7C:F9:33",
                "00:1A:79:47:79:BF",
                "00:1A:79:6d:d2:1e"
            ]
        },
        {
            "server_name": "plumeiptv.org",
            "server_url": "http://plumeiptv.org:80/",
            "macs": [
                "00:1A:79:3A:EB:5E",
                "00:1A:79:35:37:E9",
                "00:1A:79:07:C2:06",
                "00:1A:79:49:0B:7B",
                "00:1A:79:b0:a5:18",
                "00:1A:79:05:26:d3",
                "00:1A:79:3f:0e:e6",
                "00:1A:79:2a:66:23"
            ]
        },
        {
            "server_name": "portal.ramz123.xyz",
            "server_url": "http://portal.ramz123.xyz:8080/",
            "macs": [
                "00:1A:79:60:ce:65",
                "00:1a:79:ad:e3:6d",
                "00:1a:79:be:3b:c1",
                "00:1a:79:a8:d2:d3",
                "00:1a:79:ad:4d:b6",
                "00:1a:79:ab:8f:9b",
                "00:1A:79:8A:6C:A5",
                "00:1a:79:aa:d0:cb"
            ]
        },
        {
            "server_name": "powerip.be",
            "server_url": "http://powerip.be:8000/",
            "macs": [
                "00:1a:79:ab:68:5d",
                "00:1a:79:34:d0:72",
                "00:1a:79:a1:73:35",
                "00:1a:79:a1:a7:f2",
                "00:1a:79:a9:05:3e",
                "00:1a:79:a0:a8:4e",
                "00:1a:79:a7:8d:03",
                "00:1a:79:46:60:c1"
            ]
        },
        {
            "server_name": "poyraz67.com",
            "server_url": "http://poyraz67.com:8080/",
            "macs": [
                "00:1a:79:57:a4:21",
                "00:1a:79:ca:d3:3b",
                "00:1a:79:4a:37:5f",
                "00:1a:79:ab:9d:c7",
                "00:1a:79:8a:46:80",
                "00:1a:79:ab:d6:a4",
                "00:1a:79:72:bb:a9",
                "00:1A:79:1f:1f:9f"
            ]
        },
        {
            "server_name": "promaxhd.com",
            "server_url": "http://promaxhd.com:8080/",
            "macs": [
                "00:1A:79:19:0f:74",
                "00:1A:79:07:54:1a",
                "00:1A:79:77:6A:9F",
                "00:1A:79:7B:55:C1",
                "00:1a:79:17:be:1b",
                "00:1A:79:19:25:fd",
                "00:1A:79:29:AC:59",
                "00:1A:79:7B:F7:01"
            ]
        },
        {
            "server_name": "ss.2665.ninja",
            "server_url": "http://ss.2665.ninja:8080/",
            "macs": [
                "00:1a:79:6a:d0:ac",
                "00:1a:79:5b:ca:a1",
                "00:1a:79:5b:e0:88",
                "00:1a:79:54:2e:72",
                "00:1a:79:39:69:0d",
                "00:1a:79:36:55:d4",
                "00:1a:79:a6:9a:dd",
                "00:1a:79:ad:20:ee"
            ]
        },
        {
            "server_name": "upsrock.xyz",
            "server_url": "http://upsrock.xyz:8080/",
            "macs": [
                "00:1A:79:03:01:C2",
                "00:1A:79:46:54:22",
                "00:1A:79:5E:87:99",
                "00:1A:79:B4:6F:4B",
                "00:1A:79:3C:B7:1F",
                "00:1A:79:47:79:BF",
                "00:1A:79:55:6b:30",
                "00:1A:79:32:36:D0"
            ]
        },
        {
            "server_name": "webflowmalta.club",
            "server_url": "http://webflowmalta.club:8080/",
            "macs": [
                "00:1a:79:44:c1:72",
                "00:1a:79:03:c9:b3",
                "00:1a:79:b7:1e:55",
                "00:1a:79:5b:dc:4a",
                "00:1a:79:5a:e2:04",
                "00:1a:79:75:3c:c8",
                "00:1a:79:e4:35:2a"
            ]
        },
        {
            "server_name": "world.marvelhd.eu",
            "server_url": "http://world.marvelhd.eu:8080/",
            "macs": [
                "00:1A:79:c5:35:b5",
                "00:1a:79:57:a3:72",
                "00:1a:79:06:c1:25",
                "00:1A:79:7c:98:3d",
                "00:1a:79:a9:aa:16",
                "00:1a:79:b4:45:d8",
                "00:1a:79:70:76:e9"
            ]
        }
    ]
}