{
    "items": [
        {
            "server_name": "alexiptv.ddns.me",
            "server_url": "http://alexiptv.ddns.me:8080/",
            "macs": [
                "00:1A:79:50:EE:05",
                "00:1A:79:B7:1C:12",
                "00:1A:79:57:E0:52",
                "00:1A:79:B7:1A:2E",
                "00:1A:79:A9:F7:F7",
                "00:1A:79:B9:08:F7",
                "00:1A:79:3F:E4:A1",
                "00:1A:79:AA:B8:B3"
            ]
        },
        {
            "server_name": "brokentv.rip",
            "server_url": "http://brokentv.rip:8080/",
            "macs": [
                "00:1A:79:A2:6D:A0",
                "00:1A:79:B9:08:F7",
                "00:1a:79:a4:96:69",
                "00:1A:79:50:EE:05",
                "00:1A:79:58:0D:00",
                "00:1A:79:4E:B7:0A",
                "00:1A:79:3F:E4:A1"
            ]
        },
        {
            "server_name": "catirtv.ddns.me",
            "server_url": "http://catirtv.ddns.me:8080/",
            "macs": [
                "00:1A:79:4C:EE:E0",
                "00:1A:79:50:EE:05",
                "00:1A:79:51:0D:DD",
                "00:1A:79:B4:30:43",
                "00:1A:79:60:64:0C",
                "00:1A:79:60:0E:CF",
                "00:1A:79:52:1A:19",
                "00:1A:79:6B:1D:B2"
            ]
        },
        {
            "server_name": "fastgo.cam",
            "server_url": "http://fastgo.cam:8080/",
            "macs": [
                "00:1A:79:89:AC:32",
                "00:1A:79:BC:EF:38",
                "00:1A:79:BB:32:F2",
                "00:1A:79:07:9F:73",
                "00:1A:79:4C:EE:E0",
                "00:1A:79:06:7C:98",
                "00:1A:79:A9:F7:F7",
                "00:1A:79:6C:48:D5"
            ]
        },
        {
            "server_name": "fastrunner.live",
            "server_url": "http://fastrunner.live:8080/",
            "macs": [
                "00:1A:79:4C:EE:E0",
                "00:1A:79:B3:1F:3D",
                "00:1A:79:BB:32:F2",
                "00:1A:79:06:7C:98",
                "00:1A:79:66:92:03",
                "00:1A:79:BC:23:73",
                "00:1A:79:AB:F8:A4",
                "00:1A:79:BC:D8:F0"
            ]
        },
        {
            "server_name": "ip.king-cobra.eu",
            "server_url": "http://ip.king-cobra.eu:8080/",
            "macs": [
                "00:1A:79:42:5D:AE",
                "00:1A:79:62:30:36",
                "00:1A:79:28:70:E2",
                "00:1A:79:0D:4D:E0",
                "00:1A:79:5A:7E:5D",
                "00:1A:79:14:C3:8D",
                "00:1A:79:00:FA:A0",
                "00:1A:79:41:AC:E7"
            ]
        },
        {
            "server_name": "letmein.fun",
            "server_url": "http://letmein.fun:8080/",
            "macs": [
                "00:1A:79:14:98:F2",
                "00:1A:79:07:9F:73",
                "00:1A:79:B7:84:96",
                "00:1A:79:BC:23:73",
                "00:1A:79:5D:03:A0",
                "00:1A:79:3F:E4:A1",
                "00:1A:79:0A:6D:46",
                "00:1A:79:BC:24:B3"
            ]
        },
        {
            "server_name": "matrix-ott.tv",
            "server_url": "http://matrix-ott.tv:8080/",
            "macs": [
                "00:1A:79:5F:D8:E0",
                "00:1A:79:02:67:ED",
                "00:1A:79:40:35:67",
                "00:1A:79:43:C4:19",
                "00:1A:79:AD:FE:C3",
                "00:1A:79:02:B8:E5",
                "00:1A:79:36:C1:66",
                "00:1A:79:5A:34:6C"
            ]
        },
        {
            "server_name": "netseeny.maxhd.vip",
            "server_url": "http://netseeny.maxhd.vip:8000/",
            "macs": [
                "00:1A:79:18:13:01",
                "00:1A:79:6F:69:40",
                "00:1A:79:58:FE:7F",
                "00:1A:79:57:7E:B4",
                "00:1A:79:A6:91:C8",
                "00:1A:79:1F:1C:6F",
                "00:1A:79:3A:3D:D8",
                "00:1A:79:65:F6:6E"
            ]
        },
        {
            "server_name": "powerip.be",
            "server_url": "http://powerip.be:8000/",
            "macs": [
                "00:1a:79:ab:68:5d",
                "00:1A:79:08:CA:F9",
                "00:1A:79:31:AC:2B",
                "00:1A:79:A3:DB:A5",
                "00:1A:79:1F:1C:6F",
                "00:1A:79:3B:6D:92",
                "00:1A:79:1F:65:D2",
                "00:1A:79:57:E2:DF"
            ]
        },
        {
            "server_name": "poyraz67.com",
            "server_url": "http://poyraz67.com:8080/",
            "macs": [
                "00:1A:79:62:30:36",
                "00:1A:79:71:F9:E2",
                "00:1A:79:08:CA:F9",
                "00:1A:79:23:EE:B8",
                "00:1A:79:5A:7E:5D",
                "00:1A:79:1F:29:16",
                "00:1A:79:28:70:E2",
                "00:1A:79:57:7B:72"
            ]
        },
        {
            "server_name": "promaxhd.com",
            "server_url": "http://promaxhd.com:8080/",
            "macs": [
                "00:1A:79:07:54:1A",
                "00:1A:79:1F:21:6F",
                "00:1A:79:77:6A:9F",
                "00:1A:79:47:5D:73",
                "00:1A:79:B1:58:36",
                "00:1A:79:AA:7C:12",
                "00:1A:79:3A:D8:24",
                "00:1A:79:61:C9:D3"
            ]
        },
        {
            "server_name": "sonymax.org",
            "server_url": "http://sonymax.org:8080/",
            "macs": [
                "00:1A:79:31:B4:C1",
                "00:1A:79:5A:E2:04",
                "00:1A:79:B1:77:9D",
                "00:1A:79:02:B8:E5",
                "00:1A:79:43:C4:19",
                "00:1A:79:00:58:64",
                "00:1A:79:42:36:32",
                "00:1A:79:47:69:E1"
            ]
        },
        {
            "server_name": "ss.2665.ninja",
            "server_url": "http://ss.2665.ninja:8080/",
            "macs": [
                "00:1A:79:02:B8:E5",
                "00:1A:79:00:4A:E0",
                "00:1A:79:31:F7:43",
                "00:1A:79:39:B7:49",
                "00:1A:79:31:CB:62",
                "00:1A:79:23:EE:B8",
                "00:1A:79:65:F6:6E",
                "00:1A:79:08:CA:F9"
            ]
        },
        {
            "server_name": "webflowmalta.club",
            "server_url": "http://webflowmalta.club:8080/",
            "macs": [
                "00:1A:79:2E:E1:FA",
                "00:1A:79:A6:91:C8",
                "00:1A:79:1E:07:2B",
                "00:1A:79:23:C5:C9",
                "00:1A:79:31:7F:A8",
                "00:1A:79:08:CA:F9",
                "00:1A:79:5A:34:6C",
                "00:1A:79:02:B8:E5"
            ]
        },
        {
            "server_name": "world.marvelhd.eu",
            "server_url": "http://world.marvelhd.eu:8080/",
            "macs": [
                "00:1A:79:4E:E0:57",
                "00:1A:79:78:1D:56",
                "00:1a:79:06:c1:25",
                "00:1A:79:31:7F:A8",
                "00:1A:79:75:60:7B",
                "00:1A:79:51:43:18",
                "00:1A:79:08:CA:F9",
                "00:1A:79:5A:7E:5D"
            ]
        }
    ]
}