{
    "items": [
        {
            "server_name": "600600.org",
            "server_url": "http://600600.org:8080/c/",
            "macs": [
                "00:1A:79:71:A6:5A",
                "00:1A:79:AB:96:A8",
                "00:1A:79:B3:8E:0B",
                "00:1A:79:46:6A:BC",
                "00:1A:79:70:80:7C",
                "00:1A:79:FB:3F:64",
                "00:1A:79:C7:72:7F",
                "00:1A:79:BD:1B:6B",
                "00:1A:79:C1:BE:D8",
                "00:1A:79:FB:40:2F",
                "00:1A:79:54:3F:9D",
                "00:1A:79:A9:C5:0C",
                "00:1A:79:1D:04:56",
                "00:1A:79:B6:E0:66",
                "00:1A:79:BB:E2:FF",
                "00:1A:79:C4:70:4E",
                "00:1A:79:FB:2C:0E",
                "00:1A:79:44:8D:20",
                "00:1A:79:B5:9D:B5",
                "00:1A:79:C5:BD:5F",
                "00:1A:79:AA:EA:D8",
                "00:1A:79:CB:8E:7D",
                "00:1A:79:C4:2E:81",
                "00:1A:79:A3:A3:3C",
                "00:1A:79:BD:3A:2B",
                "00:1A:79:B9:A6:F0",
                "00:1A:79:B7:AB:E8",
                "00:1A:79:B2:38:74",
                "00:1A:79:FB:2B:FD",
                "00:1A:79:B5:CF:2F",
                "00:1A:79:FB:21:4F",
                "00:1A:79:C1:D0:53",
                "00:1A:79:B3:80:4B",
                "00:1A:79:B7:7C:6B",
                "00:1A:79:B4:42:66",
                "00:1A:79:B8:76:3A",
                "00:1A:79:FB:43:FA",
                "00:1A:79:BA:6C:3D",
                "00:1A:79:CD:A4:95",
                "00:1A:79:C1:DE:71",
                "00:1A:79:C3:BC:01",
                "00:1A:79:78:FE:C8",
                "00:1A:79:B1:6A:A6",
                "00:1A:79:BF:1E:C9",
                "00:1A:79:BF:51:2B",
                "00:1A:79:CB:5A:4D",
                "00:1A:79:B6:76:1F",
                "00:1A:79:B4:F2:99",
                "00:1A:79:B0:B1:12",
                "00:1A:79:B9:01:10"
            ]
        },
        {
            "server_name": "9plus.one",
            "server_url": "http://9plus.one:8080/c/",
            "macs": [
                "00:1A:79:33:44:55"
            ]
        },
        {
            "server_name": "anonymoustv.club",
            "server_url": "http://anonymoustv.club:80/c/",
            "macs": [
                "00:1A:79:B7:74:AA",
                "00:1A:79:E2:72:54",
                "00:1A:79:1F:9F:34",
                "00:1A:79:B3:22:5B",
                "00:1A:79:EB:3C:F0",
                "00:1A:79:90:97:BA",
                "00:1A:79:79:FF:65",
                "00:1A:79:BA:1B:A3",
                "00:1A:79:B0:3D:B5",
                "00:1A:79:6C:EE:36",
                "00:1A:79:5E:CB:B4",
                "00:1A:79:88:F5:5B",
                "00:1A:79:03:41:CB",
                "00:1A:79:5A:E4:0F",
                "00:1A:79:c6:A7:FD",
                "00:1A:79:4C:60:0F",
                "00:1A:79:75:7A:FB",
                "00:1A:79:0A:A0:51",
                "00:1A:79:FA:B4:B1",
                "00:1A:79:70:F8:A4",
                "00:1A:79:25:EE:48",
                "00:1A:79:82:B0:5C",
                "00:1A:79:18:1E:9B",
                "00:1A:79:66:84:55",
                "00:1A:79:7A:A5:37",
                "00:1A:79:C0:1F:8A",
                "00:1A:79:D6:92:DF",
                "00:1A:79:4F:4E:71",
                "00:1A:79:6C:79:5C",
                "00:1A:79:00:08:A1",
                "00:1A:79:79:F5:1E",
                "00:1A:79:71:FC:E7",
                "00:1a:79:84:f6:92",
                "00:1A:79:E8:7D:76",
                "00:1A:79:BA:41:B0",
                "00:1A:79:7A:01:F0",
                "00:1A:79:4F:52:1E",
                "00:1A:79:76:25:37",
                "00:1A:79:B9:E4:89",
                "00:1A:79:D9:80:5B",
                "00:1A:79:32:66:65",
                "00:1a:79:4f:d2:9c",
                "00:1A:79:D8:C7:AA",
                "00:1A:79:01:B9:3D",
                "00:1A:79:64:C5:90",
                "00:1A:79:45:A8:34",
                "00:1A:79:5A:E5:13",
                "00:1A:79:C3:BC:66",
                "00:1A:79:C9:23:17",
                "00:1A:79:B7:20:EB",
                "00:1A:79:d4:CE:59",
                "00:1A:79:5C:63:96",
                "00:1A:79:8C:91:A4",
                "00:1A:79:74:51:90",
                "00:1A:79:FF:52:55",
                "00:1A:79:02:48:93",
                "00:1A:79:AB:EA:89",
                "00:1A:79:D8:36:0E",
                "00:1A:79:7F:6F:CF",
                "00:1A:79:01:04:55",
                "00:1A:79:B4:67:43",
                "00:1A:79:C0:B1:D5",
                "00:1A:79:38:CB:19",
                "00:1A:79:55:AC:2E",
                "00:1A:79:36:6F:01",
                "00:1A:79:A1:08:41",
                "00:1A:79:12:34:67",
                "00:1A:79:7C:A2:33",
                "00:1A:79:6E:40:2C",
                "00:1A:79:78:9D:FB",
                "00:1A:79:CB:01:1A",
                "00:1A:79:5F:CA:27",
                "00:1A:79:66:88:78",
                "00:1A:79:BA:13:18",
                "00:1A:79:A6:5D:09",
                "00:1A:79:FB:97:46",
                "00:1A:79:B2:53:03",
                "00:1A:79:ED:F5:19",
                "00:1A:79:7B:61:F6",
                "00:1A:79:AE:81:44",
                "00:1A:79:CA:AA:55"
            ]
        },
        {
            "server_name": "hd-max.org",
            "server_url": "http://hd-max.org:8080/c/",
            "macs": [
                "A0:BB:3E:00:2c:80",
                "00:1A:79:31:D6:E7",
                "A0:BB:3E:0a:0c:90",
                "00:1A:79:31:B8:2D",
                "00:1A:79:40:37:6D",
                "00:1A:79:2A:38:F4",
                "00:1A:79:14:5A:73",
                "00:1A:79:41:52:0A",
                "00:1A:79:12:63:E3",
                "00:1A:79:00:07:5A",
                "00:1A:79:21:03:77",
                "00:1A:79:17:4B:E4",
                "00:1A:79:2B:A5:D9",
                "00:1A:79:0A:AA:81",
                "00:1A:79:04:BA:21",
                "00:1A:79:0B:66:C7",
                "00:1A:79:27:7B:42",
                "00:1A:79:17:20:23",
                "00:1A:79:1D:11:FB",
                "00:1A:79:12:30:F8",
                "00:1A:79:0A:30:38",
                "00:1A:79:3D:50:0E",
                "00:1A:79:2E:37:BD",
                "00:1A:79:40:61:12",
                "00:1A:79:04:09:CD",
                "00:1A:79:3A:D7:F5",
                "00:1A:79:2A:91:1F",
                "00:1A:79:3A:D1:1D",
                "00:1A:79:0D:2C:57",
                "00:1A:79:40:74:4C",
                "00:1A:79:21:F2:45",
                "00:1A:79:0D:7C:EC",
                "00:1A:79:05:F5:C4",
                "00:1A:79:3F:13:C9",
                "00:1A:79:12:5A:31",
                "00:1A:79:49:1B:42",
                "00:1A:79:0D:95:DB",
                "00:1A:79:11:AB:C7",
                "00:1A:79:11:E8:EE",
                "00:1A:79:40:A1:C9",
                "00:1A:79:0A:11:FA",
                "00:1A:79:40:30:13",
                "00:1A:79:0D:8E:7D",
                "00:1A:79:12:66:A9",
                "00:1A:79:28:64:95",
                "00:1A:79:40:8C:A2",
                "00:1A:79:00:0A:E2",
                "00:1A:79:0D:4D:E0",
                "00:1A:79:19:45:A7",
                "00:1A:79:18:0F:0C",
                "00:1A:79:00:5E:66",
                "00:1A:79:00:3E:8B",
                "00:1A:79:18:21:94",
                "00:1A:79:2C:5F:EA",
                "00:1A:79:31:7B:21",
                "00:1A:79:0D:B9:7B",
                "00:1A:79:11:4B:CE",
                "00:1A:79:30:22:FD",
                "00:1A:79:3A:F8:BA",
                "00:1A:79:04:86:FD",
                "00:1A:79:3D:14:C9",
                "00:1A:79:0D:7B:D8",
                "00:1A:79:0D:37:F5",
                "00:1A:79:43:26:A1",
                "00:1A:79:11:32:8F",
                "00:1A:79:28:04:88",
                "00:1A:79:3E:E8:AB",
                "00:1A:79:12:7C:82",
                "00:1A:79:16:26:07",
                "00:1A:79:12:05:01",
                "00:1A:79:32:A8:DD",
                "00:1A:79:31:FB:30",
                "00:1A:79:31:CB:86",
                "00:1A:79:12:2C:31",
                "00:1A:79:05:F9:8D",
                "00:1A:79:0E:15:AA",
                "00:1A:79:40:AE:DF",
                "00:1A:79:23:70:A4",
                "00:1A:79:14:74:C0",
                "00:1A:79:0D:66:64",
                "00:1A:79:28:1F:B6",
                "00:1A:79:2D:B4:97",
                "00:1A:79:05:F4:DA",
                "00:1A:79:22:22:B7",
                "00:1A:79:19:08:02",
                "00:1A:79:31:CB:E3",
                "00:1A:79:31:F9:A3",
                "00:1A:79:00:05:23",
                "00:1A:79:39:1C:55",
                "00:1A:79:36:E8:31",
                "00:1A:79:0E:58:F3",
                "00:1A:79:40:21:20",
                "00:1A:79:31:FB:61",
                "00:1A:79:12:6C:97",
                "00:1A:79:0E:80:A9",
                "00:1A:79:2F:01:3D",
                "00:1A:79:0D:54:B4",
                "00:1A:79:40:36:6B",
                "00:1A:79:43:27:1C",
                "00:1A:79:40:76:96",
                "00:1A:79:31:E0:4A",
                "00:1A:79:40:54:23",
                "00:1A:79:29:3C:8F",
                "00:1A:79:0D:78:9E",
                "00:1A:79:43:24:B8",
                "00:1A:79:0E:5C:B8",
                "00:1A:79:3A:D0:B7",
                "00:1A:79:00:4F:E1",
                "00:1a:79:54:68:22",
                "00:1A:79:00:1D:D7",
                "00:1A:79:21:F4:4C",
                "00:1A:79:31:2F:63",
                "00:1A:79:14:4F:E2",
                "00:1A:79:11:E5:A5",
                "00:1A:79:28:2F:81",
                "00:1A:79:0E:AA:70",
                "00:1A:79:40:48:7A",
                "00:1A:79:10:9C:37",
                "00:1A:79:2A:A8:7E",
                "00:1A:79:05:F5:C5",
                "00:1A:79:06:92:C2",
                "00:1A:79:2E:35:27",
                "00:1A:79:11:15:BA",
                "00:1A:79:17:1C:32",
                "00:1A:79:11:11:11",
                "00:1A:79:29:65:4D",
                "00:1A:79:34:61:60",
                "00:1A:79:12:C1:AD",
                "00:1A:79:42:36:32",
                "00:1A:79:09:49:6D",
                "00:1A:79:0D:88:B2",
                "00:1A:79:12:D2:E2",
                "00:1A:79:3F:16:FE",
                "00:1A:79:13:6F:04",
                "00:1A:79:0D:1F:C4",
                "00:1A:79:08:74:B0",
                "00:1A:79:31:2F:E3",
                "00:1A:79:43:27:2D",
                "00:1A:79:0D:4A:19",
                "00:1A:79:39:17:2E",
                "00:1A:79:42:D4:2E",
                "00:1A:79:0D:74:80",
                "00:1A:79:09:A0:BF",
                "00:1A:79:00:53:DB",
                "00:1A:79:42:BF:7F",
                "00:1A:79:23:CE:05",
                "00:1A:79:0D:5F:F1",
                "00:1A:79:1D:3A:25",
                "00:1A:79:0E:2F:96",
                "00:1A:79:07:54:1A",
                "00:1A:79:40:06:0F",
                "00:1A:79:37:00:3B",
                "00:1A:79:0B:BB:BA",
                "00:1A:79:40:3B:CA",
                "00:1A:79:3A:BA:DF",
                "00:1A:79:1B:17:0B",
                "00:1A:79:2A:A8:4C",
                "00:1A:79:38:22:74",
                "00:1A:79:33:7A:7C",
                "00:1A:79:11:18:BC",
                "00:1A:79:1D:C5:AB",
                "00:1A:79:3A:A5:D6",
                "00:1A:79:69:71:92",
                "00:1A:79:18:3F:3B",
                "00:1A:79:0D:62:5A",
                "00:1A:79:20:84:30",
                "00:1A:79:3F:0C:0B",
                "00:1A:79:2F:01:4F"
            ]
        },
        {
            "server_name": "interprosat.club",
            "server_url": "http://interprosat.club:80/c/",
            "macs": [
                "00:1A:79:02:48:93",
                "00:1A:79:7B:9B:D5",
                "00:1A:79:16:E7:C6",
                "00:1A:79:B7:20:EB",
                "00:1A:79:AD:81:72",
                "00:1A:79:42:D6:77",
                "00:1A:79:5F:69:48",
                "00:1A:79:46:45:62",
                "00:1A:79:33:65:39",
                "00:1A:79:A1:7B:78",
                "00:1A:79:F9:8C:D9",
                "00:1A:79:6B:B6:74",
                "00:1A:79:5E:CB:B4",
                "00:1A:79:0C:7A:EB",
                "00:1A:79:74:99:FB",
                "00:1A:79:4B:2F:C9",
                "00:1A:79:C5:59:56",
                "00:1A:79:28:B5:2E",
                "00:1A:79:36:6F:01",
                "00:1A:79:32:B2:4A",
                "00:1A:79:83:09:99",
                "00:1A:79:6E:C8:4D",
                "00:1A:79:7C:FA:59",
                "00:1A:79:7A:01:F0",
                "00:1A:79:8C:A7:BF",
                "00:1A:79:B1:6C:85",
                "00:1A:79:AE:AF:7E",
                "00:1A:79:FC:33:A2",
                "00:1A:79:7C:A2:33",
                "00:1A:79:6D:A6:54",
                "00:1A:79:59:4B:6C",
                "00:1A:79:55:AC:2E",
                "00:1A:79:5D:16:6A",
                "00:1A:79:BF:B6:AA",
                "00:1A:79:BC:FB:B8",
                "00:1A:79:B8:20:20",
                "00:1A:79:7C:73:C9",
                "00:1A:79:93:0F:79",
                "00:1A:79:79:FF:65",
                "00:1A:79:30:61:5D",
                "00:1A:79:F4:7B:50",
                "00:1A:79:7B:61:F6",
                "00:1A:79:07:72:41",
                "00:1A:79:BA:9B:14",
                "00:1A:79:0F:8A:C7",
                "00:1A:79:6E:FB:02",
                "00:1A:79:C7:94:1E",
                "00:1A:79:3B:03:0C",
                "00:1A:79:F7:85:FA",
                "00:1A:79:C3:FC:09",
                "00:1A:79:AC:94:D7",
                "00:1A:79:2A:45:B8",
                "00:1A:79:E3:23:3F",
                "00:1A:79:75:E6:51",
                "00:1A:79:A9:C4:9C",
                "00:1A:79:AB:31:31",
                "00:1A:79:C7:61:CC",
                "00:1A:79:E3:16:5E",
                "00:1A:79:7C:7F:51",
                "00:1A:79:64:C5:90",
                "00:1A:79:25:D7:CF",
                "00:1A:79:76:27:CE",
                "00:1A:79:AE:E0:B1",
                "00:1A:79:8E:2D:C4",
                "00:1A:79:71:FC:E7",
                "00:1A:79:EB:48:5C",
                "00:1A:79:D9:80:5B",
                "00:1A:79:BF:7A:8A",
                "00:1A:79:30:B6:5A",
                "00:1A:79:51:69:D9",
                "00:1A:79:1E:5C:B8",
                "00:1A:79:64:26:CB",
                "00:1A:79:5F:CA:27",
                "00:1A:79:C9:23:17",
                "00:1A:79:79:D3:2E",
                "00:1A:79:BB:A6:07",
                "00:1A:79:8C:F7:47",
                "00:1A:79:D0:60:42",
                "00:1A:79:C3:BC:66",
                "00:1A:79:29:B1:92",
                "00:1A:79:DB:7A:D5",
                "00:1A:79:CC:61:2C",
                "00:1A:79:33:F4:7F",
                "00:1A:79:BA:81:6E",
                "00:1A:79:57:DC:05",
                "00:1A:79:73:65:74",
                "00:1A:79:BF:82:2D",
                "00:1A:79:BA:3C:0B",
                "00:1A:79:6A:DE:46",
                "00:1A:79:B7:EC:06",
                "00:1A:79:70:75:2C",
                "00:1A:79:2E:77:7A",
                "00:1A:79:B0:4D:FD",
                "00:1A:79:CD:F7:9F",
                "00:1A:79:C6:DE:F3",
                "00:1A:79:EB:3C:F0",
                "00:1A:79:4C:D1:D0",
                "00:1A:79:64:E7:D8"
            ]
        },
        {
            "server_name": "iq-net.xyz",
            "server_url": "http://iq-net.xyz:8080/c/",
            "macs": [
                "00:1A:79:44:8E:0E"
            ]
        },
        {
            "server_name": "magonlyx.abcott.me",
            "server_url": "http://magonlyx.abcott.me/c/",
            "macs": [
                "00:1A:79:51:12:9F",
                "00:1A:79:AA:C7:9A",
                "00:1A:79:62:5C:ED",
                "00:1A:79:0B:BB:85",
                "00:1A:79:24:1B:B4",
                "00:1A:79:53:5D:CE",
                "00:1A:79:54:E3:17",
                "00:1A:79:B5:97:3D",
                "00:1A:79:5C:41:51",
                "00:1A:79:18:0C:34",
                "00:1A:79:02:1F:71",
                "00:1A:79:58:CF:F5",
                "00:1A:79:54:C1:CD",
                "00:1A:79:B8:15:3D",
                "00:1A:79:5F:83:14",
                "00:1A:79:ED:6F:D4",
                "00:1A:79:5F:21:C6",
                "00:1A:79:03:31:BD"
            ]
        },
        {
            "server_name": "maxsmart.pro",
            "server_url": "http://maxsmart.pro:80/c/",
            "macs": [
                "00:1A:79:5A:41:E5"
            ]
        },
        {
            "server_name": "optimus-tv.org",
            "server_url": "http://optimus-tv.org/c/",
            "macs": [
                "00:1A:79:A0:E6:A7",
                "00:1A:79:08:E9:4C",
                "00:1a:79:90:0f:9b",
                "00:1A:79:08:50:3F",
                "00:1A:79:08:4F:5B",
                "00:1A:79:10:DB:ED",
                "00:1A:79:BF:4B:63",
                "00:1A:79:08:50:04",
                "00:1A:79:AF:39:FB",
                "00:1A:79:10:3D:51",
                "00:1A:79:01:73:3F",
                "00:1A:79:B4:51:DD",
                "00:1A:79:AA:AE:0F",
                "00:1A:79:56:2F:FF",
                "00:1A:79:7C:6A:5C",
                "00:1A:79:AF:FA:7A",
                "00:1A:79:AB:59:14",
                "00:1A:79:AB:5A:ED",
                "00:1A:79:AF:39:70",
                "00:1A:79:01:73:0C",
                "00:1A:79:A0:E6:E7",
                "00:1A:79:07:BF:81",
                "00:1A:79:AB:54:69",
                "00:1A:79:A0:FD:B4",
                "00:1A:79:08:42:91",
                "00:1A:79:07:BB:31",
                "00:1A:79:01:71:90",
                "00:1A:79:07:C0:8F",
                "00:1A:79:AF:38:49",
                "00:1A:79:C8:06:50",
                "00:1A:79:A0:FE:9A",
                "00:1A:79:01:6A:88",
                "00:1A:79:BE:7A:17",
                "00:1A:79:07:C2:35",
                "00:1A:79:FB:41:68",
                "00:1A:79:AF:F9:72",
                "00:1A:79:07:C0:C0",
                "00:1A:79:4D:07:24",
                "00:1A:79:AB:52:92",
                "00:1A:79:1C:0B:87",
                "00:1A:79:6E:2A:3A",
                "00:1A:79:AF:3B:FF",
                "00:1A:79:6B:BE:B8",
                "00:1A:79:08:4F:FB",
                "00:1A:79:AF:35:82",
                "00:1A:79:A0:FE:32",
                "00:1A:79:A0:E5:BF",
                "00:1A:79:A3:B8:A5",
                "00:1A:79:7C:69:A0",
                "00:1A:79:AB:5C:9F",
                "00:1A:79:3D:C8:F6"
            ]
        },
        {
            "server_name": "simocrystal.otts.pro",
            "server_url": "http://simocrystal.otts.pro/c/",
            "macs": [
                "00:1A:79:66:D3:8F"
            ]
        },
        {
            "server_name": "ss.2665.ninja",
            "server_url": "http://ss.2665.ninja:8080/c/",
            "macs": [
                "00:1A:79:02:6F:4A"
            ]
        },
        {
            "server_name": "tv.motv.club",
            "server_url": "http://tv.motv.club/c/",
            "macs": [
                "00:1A:79:40:0B:54",
                "00:1A:79:51:E1:B4",
                "00:1A:79:43:32:11",
                "00:1A:79:40:1A:A6",
                "00:1A:79:48:F6:CD",
                "00:1A:79:52:8E:37",
                "00:1A:79:48:EA:20",
                "00:1A:79:57:8D:40",
                "00:1A:79:B0:00:A0",
                "00:1A:79:46:E7:AC",
                "00:1A:79:01:F3:13",
                "00:1A:79:40:0B:47",
                "00:1A:79:5D:D2:78",
                "00:1A:79:35:93:CF",
                "00:1A:79:40:0B:4D",
                "00:1A:79:5D:A3:EA",
                "00:1A:79:44:EF:C5",
                "00:1A:79:5D:5A:4A",
                "00:1A:79:40:18:7D",
                "00:1A:79:58:00:C8"
            ]
        },
        {
            "server_name": "umetop.ottc.pro",
            "server_url": "http://umetop.ottc.pro:80/c/",
            "macs": [
                "00:1A:79:36:33:32",
                "00:1A:79:FA:F2:2A",
                "00:1A:79:A5:B6:FD",
                "00:1A:79:5E:CD:58",
                "00:1A:79:74:B7:E0",
                "00:1A:79:4E:B4:CF",
                "00:1A:79:44:AA:12",
                "00:1A:79:BC:11:E7",
                "00:1A:79:59:2F:88",
                "00:1A:79:D2:04:6C",
                "00:1A:79:79:17:58",
                "00:1A:79:6C:92:6A",
                "00:1A:79:B3:A9:E8",
                "00:1A:79:55:19:92",
                "00:1A:79:B5:92:18",
                "00:1A:79:9A:3D:D0",
                "00:1A:79:66:9B:38",
                "00:1A:79:54:83:6B",
                "00:1A:79:B6:BD:7A",
                "00:1A:79:80:F9:76",
                "00:1A:79:BA:04:BB",
                "00:1A:79:B2:CD:86",
                "00:1A:79:26:8E:92",
                "00:1A:79:C2:F4:58",
                "00:1A:79:2B:5D:A3",
                "00:1A:79:B5:02:04",
                "00:1A:79:02:83:E9",
                "00:1A:79:1C:05:CF",
                "00:1A:79:B8:E4:9F",
                "00:1A:79:4D:AB:E0",
                "00:1A:79:54:46:FD",
                "00:1A:79:BA:21:C2",
                "00:1A:79:3A:CB:25",
                "00:1A:79:8E:EF:18",
                "00:1A:79:57:26:B9",
                "00:1A:79:36:05:40",
                "00:1A:79:B5:86:9F",
                "00:1A:79:13:ED:F9",
                "00:1A:79:36:6E:59",
                "00:1A:79:6F:A6:4D",
                "00:1A:79:F3:A9:B0",
                "00:1A:79:E0:01:52",
                "00:1A:79:B3:98:37",
                "00:1A:79:BA:A6:CD",
                "00:1A:79:C2:07:CB",
                "00:1A:79:66:96:92",
                "00:1A:79:A3:5F:45",
                "00:1A:79:7A:04:F9",
                "00:1A:79:B0:5D:F1",
                "00:1A:79:E7:4E:AE",
                "00:1A:79:7B:1A:8A",
                "00:1A:79:70:DA:1D",
                "00:1A:79:70:90:34",
                "00:1A:79:B5:50:47",
                "00:1A:79:B3:C9:F7",
                "00:1A:79:A1:EC:8D",
                "00:1A:79:A1:60:E0",
                "00:1A:79:4A:46:E9",
                "00:1A:79:BE:E5:A2",
                "00:1A:79:E6:DA:16",
                "00:1A:79:07:A9:74",
                "00:1A:79:3F:37:2A",
                "00:1A:79:42:30:10",
                "00:1A:79:36:4F:DB",
                "00:1A:79:43:33:85",
                "00:1A:79:78:9D:9C",
                "00:1A:79:79:EF:96",
                "00:1A:79:BE:9B:D4",
                "00:1A:79:7B:3F:B0",
                "00:1A:79:58:13:37",
                "00:1A:79:AE:C9:46",
                "00:1A:79:C6:CD:C9",
                "00:1A:79:B2:85:90",
                "00:1A:79:74:03:95",
                "00:1A:79:5A:3E:46",
                "00:1A:79:50:4D:14",
                "00:1A:79:B7:29:FF",
                "00:1A:79:03:62:90",
                "00:1A:79:5D:22:14",
                "00:1A:79:C6:A6:F5",
                "00:1A:79:47:7D:37",
                "00:1A:79:70:66:B8",
                "00:1A:79:B3:C6:3C",
                "00:1A:79:BB:C2:FB",
                "00:1A:79:19:48:0F",
                "00:1A:79:C7:0B:F4",
                "00:1A:79:B3:2E:17",
                "00:1A:79:09:C0:B5",
                "00:1A:79:B9:F7:C0",
                "00:1A:79:B1:FD:B6",
                "00:1A:79:68:B7:D5",
                "00:1A:79:03:CD:D1",
                "00:1A:79:6C:28:19",
                "00:1A:79:7B:EB:8E",
                "00:1A:79:B5:87:CB",
                "00:1A:79:A3:1E:7D",
                "00:1A:79:FA:45:C0",
                "00:1A:79:C3:18:B5",
                "00:1A:79:51:42:F7",
                "00:1A:79:34:E8:D6",
                "00:1A:79:E6:87:CF",
                "00:1A:79:8B:90:4D",
                "00:1A:79:B9:2D:1F",
                "00:1A:79:BA:94:20",
                "00:1A:79:BA:2E:37",
                "00:1A:79:C8:82:4A",
                "00:1A:79:66:D3:8F",
                "00:1A:79:BA:5D:EF",
                "00:1A:79:17:AC:9E",
                "00:1A:79:B8:E1:3B",
                "00:1A:79:AF:12:19",
                "00:1A:79:76:32:72",
                "00:1A:79:02:75:A5",
                "00:1A:79:D3:BF:23",
                "00:1A:79:8E:CB:48",
                "00:1A:79:4E:C0:12",
                "00:1A:79:B9:3C:FE",
                "00:1A:79:4C:5E:95",
                "00:1A:79:8D:0F:5E",
                "00:1A:79:B5:D3:A7",
                "00:1A:79:44:F3:2E",
                "00:1A:79:B3:BD:2A",
                "00:1A:79:B5:B2:1C",
                "00:1A:79:8E:65:DE"
            ]
        },
        {
            "server_name": "webflowmalta.club",
            "server_url": "http://webflowmalta.club:8080/c/",
            "macs": [
                "00:1a:79:12:c1:14",
                "00:1a:79:75:79:ce",
                "00:1a:79:ef:fa:0a",
                "00:1a:79:73:5b:92",
                "00:1a:79:52:2f:44",
                "00:1a:79:b1:b2:41",
                "00:1a:79:4c:a2:68",
                "00:1a:79:4f:d9:e2",
                "00:1a:79:02:84:34",
                "00:1a:79:fa:6d:9c",
                "00:1a:79:02:83:d3",
                "00:1a:79:02:75:c8"
            ]
        },
        {
            "server_name": "world.marvelhd.eu",
            "server_url": "http://world.marvelhd.eu:8080/c/",
            "macs": [
                "00:1A:79:3D:F2:43"
            ]
        }
    ]
}