{
    "items": [
        {
            "server_name": "600600.org",
            "server_url": "http://600600.org:8080/c",
            "macs": [
                "00:1A:79:78:FE:C8",
                "00:1A:79:C3:BC:01",
                "00:1A:79:B5:CF:2F",
                "00:1A:79:BF:51:2B",
                "00:1A:79:54:3F:9D"
            ]
        },
        {
            "server_name": "600600.org",
            "server_url": "http://600600.org:8080/c/",
            "macs": [
                "00:1A:79:78:FE:C8",
                "00:1A:79:C4:2E:81",
                "00:1A:79:FB:43:FA",
                "00:1A:79:B3:8E:0B",
                "00:1A:79:B4:42:66",
                "00:1A:79:B9:01:10",
                "00:1A:79:B4:F2:99",
                "00:1A:79:CB:5A:4D",
                "00:1A:79:46:6A:BC",
                "00:1A:79:1D:04:56",
                "00:1A:79:B5:CF:2F",
                "00:1A:79:FB:2B:FD",
                "00:1A:79:CB:8E:7D",
                "00:1A:79:B5:9D:B5",
                "00:1A:79:A9:C5:0C",
                "00:1A:79:BF:51:2B",
                "00:1A:79:C5:BD:5F",
                "00:1A:79:C3:BC:01",
                "00:1A:79:B1:6A:A6",
                "00:1A:79:BB:E2:FF",
                "00:1A:79:BA:6C:3D",
                "00:1A:79:FB:3F:64",
                "00:1A:79:AB:96:A8",
                "00:1A:79:B7:AB:E8",
                "00:1A:79:44:8D:20",
                "00:1A:79:C1:BE:D8",
                "00:1A:79:C7:72:7F",
                "00:1A:79:B3:80:4B",
                "00:1A:79:CD:A4:95",
                "00:1A:79:B9:A6:F0",
                "00:1A:79:FB:2C:0E",
                "00:1A:79:A3:A3:3C",
                "00:1A:79:B2:38:74",
                "00:1A:79:FB:21:4F",
                "00:1A:79:B6:76:1F",
                "00:1A:79:71:A6:5A",
                "00:1A:79:AA:EA:D8",
                "00:1A:79:BF:1E:C9",
                "00:1A:79:70:80:7C",
                "00:1A:79:54:3F:9D",
                "00:1A:79:FB:40:2F",
                "00:1A:79:C4:70:4E",
                "00:1A:79:BD:3A:2B",
                "00:1A:79:C1:D0:53",
                "00:1A:79:C1:DE:71",
                "00:1A:79:B7:7C:6B",
                "00:1A:79:BD:1B:6B",
                "00:1A:79:B8:76:3A",
                "00:1A:79:B6:E0:66",
                "00:1A:79:B0:B1:12"
            ]
        },
        {
            "server_name": "hd-max.org",
            "server_url": "http://hd-max.org:8080/c",
            "macs": [
                "00:1A:79:B1:70:93",
                "00:1A:79:37:B6:0C",
                "00:1A:79:5A:45:F3",
                "00:1A:79:19:08:02"
            ]
        },
        {
            "server_name": "hd-max.org",
            "server_url": "http://hd-max.org:8080/c/",
            "macs": [
                "00:1A:79:C3:1F:C7",
                "00:1A:79:44:3C:8C",
                "00:1A:79:17:21:B8",
                "00:1A:79:CA:7F:57",
                "00:1A:79:40:EF:CF",
                "00:1A:79:1F:21:8F",
                "00:1A:79:DE:1F:52",
                "00:1A:79:40:40:91",
                "00:1A:79:D6:BD:7A",
                "00:1A:79:D6:A8:04",
                "00:1A:79:5F:D8:E0",
                "00:1A:79:47:AD:01",
                "00:1A:79:3A:51:08",
                "00:1A:79:40:9D:32",
                "00:1A:79:14:06:BB",
                "00:1A:79:28:52:41",
                "00:1A:79:37:B6:0C",
                "00:1A:79:AE:64:D1",
                "00:1A:79:3F:12:46",
                "00:1A:79:31:64:D0",
                "00:1A:79:18:09:8F",
                "00:1A:79:09:86:9D",
                "00:1A:79:48:0F:73",
                "00:1A:79:C0:7F:DE",
                "00:1A:79:DE:7F:47",
                "00:1A:79:3A:51:10",
                "00:1A:79:C0:01:9D",
                "00:1A:79:43:31:A8",
                "00:1A:79:19:08:02",
                "00:1A:79:3E:31:5C",
                "00:1A:79:31:F9:84",
                "00:1A:79:31:D6:E7",
                "00:1A:79:31:F9:A3",
                "00:1A:79:5D:44:42",
                "00:1A:79:1F:21:9E",
                "00:1A:79:19:0F:75",
                "00:1A:79:40:37:6D",
                "00:1A:79:42:61:A3",
                "00:1A:79:37:B5:B5",
                "00:1A:79:0D:2C:57",
                "00:1A:79:19:0F:25",
                "00:1A:79:34:0F:50",
                "00:1A:79:47:52:13",
                "00:1A:79:D6:86:28",
                "00:1A:79:19:44:3D",
                "00:1A:79:B1:70:93",
                "00:1A:79:46:84:9E",
                "00:1A:79:AA:AA:CE",
                "00:1A:79:03:9F:EE",
                "00:1A:79:5A:45:F3"
            ]
        },
        {
            "server_name": "interprosat.club",
            "server_url": "http://interprosat.club:80/c",
            "macs": [
                "00:1A:79:93:0F:79",
                "00:1A:79:70:75:2C",
                "00:1A:79:D0:60:42",
                "00:1A:79:79:FF:65"
            ]
        },
        {
            "server_name": "interprosat.club",
            "server_url": "http://interprosat.club:80/c/",
            "macs": [
                "00:1A:79:6E:C8:4D",
                "00:1A:79:02:48:93",
                "00:1A:79:64:C5:90",
                "00:1A:79:B8:20:20",
                "00:1A:79:51:69:D9",
                "00:1A:79:07:72:41",
                "00:1A:79:EB:3C:F0",
                "00:1A:79:B0:4D:FD",
                "00:1A:79:AE:E0:B1",
                "00:1A:79:5D:16:6A",
                "00:1A:79:42:D6:77",
                "00:1A:79:75:E6:51",
                "00:1A:79:28:B5:2E",
                "00:1A:79:55:AC:2E",
                "00:1A:79:79:D3:2E",
                "00:1A:79:7B:9B:D5",
                "00:1A:79:30:61:5D",
                "00:1A:79:8E:2D:C4",
                "00:1A:79:C6:DE:F3",
                "00:1A:79:B1:6C:85",
                "00:1A:79:30:B6:5A",
                "00:1A:79:BF:B6:AA",
                "00:1A:79:F4:7B:50",
                "00:1A:79:BC:FB:B8",
                "00:1A:79:71:FC:E7",
                "00:1A:79:2A:45:B8",
                "00:1A:79:0F:8A:C7",
                "00:1A:79:16:E7:C6",
                "00:1A:79:BA:9B:14",
                "00:1A:79:36:6F:01",
                "00:1A:79:C9:23:17",
                "00:1A:79:76:27:CE",
                "00:1A:79:6B:B6:74",
                "00:1A:79:2E:77:7A",
                "00:1A:79:5F:69:48",
                "00:1A:79:6A:DE:46",
                "00:1A:79:79:FF:65",
                "00:1A:79:AC:94:D7",
                "00:1A:79:29:B1:92",
                "00:1A:79:46:45:62",
                "00:1A:79:7C:7F:51",
                "00:1A:79:32:B2:4A",
                "00:1A:79:BA:3C:0B",
                "00:1A:79:0C:7A:EB",
                "00:1A:79:A1:7B:78",
                "00:1A:79:FC:33:A2",
                "00:1A:79:8C:F7:47",
                "00:1A:79:BB:A6:07",
                "00:1A:79:7C:A2:33",
                "00:1A:79:AB:31:31",
                "00:1A:79:C7:94:1E",
                "00:1A:79:CD:F7:9F",
                "00:1A:79:64:26:CB",
                "00:1A:79:F7:85:FA",
                "00:1A:79:4B:2F:C9",
                "00:1A:79:BF:82:2D",
                "00:1A:79:6E:FB:02",
                "00:1A:79:E3:16:5E",
                "00:1A:79:8C:A7:BF",
                "00:1A:79:AE:AF:7E",
                "00:1A:79:6D:A6:54",
                "00:1A:79:BF:7A:8A",
                "00:1A:79:1E:5C:B8",
                "00:1A:79:B7:EC:06",
                "00:1A:79:D0:60:42",
                "00:1A:79:7A:01:F0",
                "00:1A:79:F9:8C:D9",
                "00:1A:79:AD:81:72",
                "00:1A:79:64:E7:D8",
                "00:1A:79:25:D7:CF",
                "00:1A:79:93:0F:79",
                "00:1A:79:83:09:99",
                "00:1A:79:E3:23:3F",
                "00:1A:79:57:DC:05",
                "00:1A:79:33:F4:7F",
                "00:1A:79:5E:CB:B4",
                "00:1A:79:59:4B:6C",
                "00:1A:79:C3:FC:09",
                "00:1A:79:7B:61:F6",
                "00:1A:79:DB:7A:D5",
                "00:1A:79:D9:80:5B",
                "00:1A:79:C7:61:CC",
                "00:1A:79:A9:C4:9C",
                "00:1A:79:70:75:2C",
                "00:1A:79:BA:81:6E",
                "00:1A:79:74:99:FB",
                "00:1A:79:33:65:39",
                "00:1A:79:EB:48:5C",
                "00:1A:79:3B:03:0C",
                "00:1A:79:4C:D1:D0",
                "00:1A:79:7C:FA:59",
                "00:1A:79:5F:CA:27",
                "00:1A:79:C3:BC:66",
                "00:1A:79:C5:59:56",
                "00:1A:79:B7:20:EB",
                "00:1A:79:CC:61:2C",
                "00:1A:79:7C:73:C9",
                "00:1A:79:73:65:74"
            ]
        },
        {
            "server_name": "optimus-tv.org",
            "server_url": "http://optimus-tv.org/c",
            "macs": [
                "00:1A:79:AF:FA:7A",
                "00:1A:79:AF:39:FB",
                "00:1A:79:A3:B8:A5"
            ]
        },
        {
            "server_name": "optimus-tv.org",
            "server_url": "http://optimus-tv.org/c/",
            "macs": [
                "00:1A:79:C8:06:50",
                "00:1A:79:10:3D:51",
                "00:1A:79:AF:3B:FF",
                "00:1A:79:10:DB:ED",
                "00:1A:79:AF:38:49",
                "00:1A:79:A0:FD:B4",
                "00:1A:79:56:2F:FF",
                "00:1A:79:6E:2A:3A",
                "00:1A:79:BF:4B:63",
                "00:1A:79:AF:39:70",
                "00:1A:79:AF:F9:72",
                "00:1A:79:07:C2:35",
                "00:1A:79:07:BB:31",
                "00:1A:79:A0:E6:A7",
                "00:1A:79:AA:AE:0F",
                "00:1A:79:AB:54:69",
                "00:1A:79:07:C0:C0",
                "00:1A:79:BE:7A:17",
                "00:1A:79:08:4F:FB",
                "00:1A:79:AB:5A:ED",
                "00:1A:79:A0:E6:E7",
                "00:1A:79:7C:6A:5C",
                "00:1A:79:01:73:3F",
                "00:1A:79:AB:5C:9F",
                "00:1A:79:A0:FE:32",
                "00:1A:79:3D:C8:F6",
                "00:1A:79:08:42:91",
                "00:1A:79:AB:52:92",
                "00:1A:79:A3:B8:A5",
                "00:1A:79:6B:BE:B8",
                "00:1A:79:AB:59:14",
                "00:1A:79:08:4F:5B",
                "00:1A:79:07:C0:8F",
                "00:1A:79:FB:41:68",
                "00:1A:79:08:E9:4C",
                "00:1A:79:01:71:90",
                "00:1A:79:A0:FE:9A",
                "00:1A:79:1C:0B:87",
                "00:1A:79:AF:35:82",
                "00:1A:79:01:73:0C",
                "00:1A:79:4D:07:24",
                "00:1A:79:7C:69:A0",
                "00:1A:79:08:50:04",
                "00:1A:79:A0:E5:BF",
                "00:1A:79:01:6A:88",
                "00:1A:79:07:BF:81",
                "00:1A:79:AF:FA:7A",
                "00:1A:79:08:50:3F",
                "00:1A:79:B4:51:DD",
                "00:1A:79:AF:39:FB"
            ]
        },
        {
            "server_name": "umetop.ottc.pro",
            "server_url": "http://umetop.ottc.pro:80/c",
            "macs": [
                "00:1A:79:D3:BF:23",
                "00:1A:79:8B:90:4D"
            ]
        },
        {
            "server_name": "umetop.ottc.pro",
            "server_url": "http://umetop.ottc.pro:80/c/",
            "macs": [
                "00:1A:79:8B:90:4D",
                "00:1A:79:7B:1A:8A",
                "00:1A:79:FA:45:C0",
                "00:1A:79:34:E8:D6",
                "00:1A:79:47:7D:37",
                "00:1A:79:57:26:B9",
                "00:1A:79:80:F9:76",
                "00:1A:79:19:48:0F",
                "00:1A:79:E7:4E:AE",
                "00:1A:79:44:65:64",
                "00:1A:79:B5:87:CB",
                "00:1A:79:13:ED:F9",
                "00:1A:79:B0:5D:F1",
                "00:1A:79:4C:5E:95",
                "00:1A:79:54:46:FD",
                "00:1A:79:BA:5D:EF",
                "00:1A:79:B5:92:18",
                "00:1A:79:36:6E:59",
                "00:1A:79:58:13:37",
                "00:1A:79:B3:BD:2A",
                "00:1A:79:03:62:90",
                "00:1A:79:66:D3:8F",
                "00:1A:79:A1:EC:8D",
                "00:1A:79:36:33:32",
                "00:1A:79:55:46:F8",
                "00:1A:79:B3:A9:E8",
                "00:1A:79:09:C0:B5",
                "00:1A:79:55:19:92",
                "00:1A:79:D2:04:6C",
                "00:1A:79:68:B7:D5",
                "00:1A:79:78:9D:9C",
                "00:1A:79:B3:C6:3C",
                "00:1A:79:8E:CB:48",
                "00:1A:79:B2:CD:86",
                "00:1A:79:B3:C9:F7",
                "00:1A:79:A3:5F:45",
                "00:1A:79:66:9B:38",
                "00:1A:79:C7:0B:F4",
                "00:1A:79:70:DA:1D",
                "00:1A:79:4E:B4:CF",
                "00:1A:79:B3:98:37",
                "00:1A:79:76:32:72",
                "00:1A:79:8E:EF:18",
                "00:1A:79:02:83:E9",
                "00:1A:79:AE:C9:46",
                "00:1A:79:70:66:B8",
                "00:1A:79:5D:F6:41",
                "00:1A:79:44:F3:2E",
                "00:1A:79:07:A9:74",
                "00:1A:79:02:75:A5",
                "00:1A:79:B6:BD:7A",
                "00:1A:79:42:30:10",
                "00:1A:79:9A:3D:D0",
                "00:1A:79:C2:07:CB",
                "00:1A:79:36:4F:DB",
                "00:1A:79:4E:C0:12",
                "00:1A:79:1C:05:CF",
                "00:1A:79:C6:CD:C9",
                "00:1A:79:B5:02:04",
                "00:1A:79:5E:CD:58",
                "00:1A:79:7B:3F:B0",
                "00:1A:79:AC:D6:DC",
                "00:1A:79:C6:A6:F5",
                "00:1A:79:B2:85:90",
                "00:1A:79:7A:04:F9",
                "00:1A:79:CD:DA:32",
                "00:1A:79:66:96:92",
                "00:1A:79:D3:BF:23",
                "00:1A:79:E6:DA:16",
                "00:1A:79:43:33:85",
                "00:1A:79:5A:3E:46",
                "00:1A:79:B1:FD:B6",
                "00:1A:79:26:8E:92",
                "00:1A:79:59:2F:88",
                "00:1A:79:6C:28:19",
                "00:1A:79:50:4D:14",
                "00:1A:79:B3:2E:17",
                "00:1A:79:2B:5D:A3",
                "00:1A:79:17:AC:9E"
            ]
        }
    ]
}