<favourites>
	<favourite name="[COLOR orchid]¤[/COLOR] [B][COLOR white]Search[/COLOR][/B]" thumb="special://home/addons\script.thecrew.artwork\resources\media\thecrew\main_search.png">ActivateWindow(10025,&quot;plugin://plugin.video.thecrew/?action=searchNavigator&amp;sf_options=fanart%3Dspecial%3A%2F%2Fhome%2Faddons%5Cscript.thecrew.artwork%5Cresources%5Cmedia%5Cthecrew%5Cfanart.jpg%26meta%3Dlabel%253D%25255BCOLOR%252Borchid%25255D%2525C2%2525A4%25255B%25252FCOLOR%25255D%252B%25255BB%25255D%25255BCOLOR%252Bwhite%25255DSearch%25255B%25252FCOLOR%25255D%25255B%25252FB%25255D%26_options_sf&quot;,return)</favourite>
	<favourite name="[COLOR orchid]¤[/COLOR] [B][COLOR white]TV Shows[/COLOR][/B]" thumb="special://home/addons\script.thecrew.artwork\resources\media\thecrew\main_tvshows.png">ActivateWindow(10025,&quot;plugin://plugin.video.thecrew/?action=tvNavigator&amp;sf_options=fanart%3Dspecial%3A%2F%2Fhome%2Faddons%5Cscript.thecrew.artwork%5Cresources%5Cmedia%5Cthecrew%5Cfanart.jpg%26meta%3Dlabel%253D%25255BCOLOR%252Borchid%25255D%2525C2%2525A4%25255B%25252FCOLOR%25255D%252B%25255BB%25255D%25255BCOLOR%252Bwhite%25255DTV%252BShows%25255B%25252FCOLOR%25255D%25255B%25252FB%25255D%26_options_sf&quot;,return)</favourite>
	<favourite name="[COLOR orchid]¤[/COLOR] [B][COLOR white][/COLOR][COLOR orchid][/COLOR][COLOR white]Stand Up Comedy[/COLOR][/B]" thumb="special://home/addons\script.thecrew.artwork\resources\media\thecrew\main_redhat.png">ActivateWindow(10025,&quot;plugin://plugin.video.thecrew/?action=redhat&amp;sf_options=fanart%3Dspecial%3A%2F%2Fhome%2Faddons%5Cscript.thecrew.artwork%5Cresources%5Cmedia%5Cthecrew%5Cfanart.jpg%26meta%3Dlabel%253D%25255BCOLOR%252Borchid%25255D%2525C2%2525A4%25255B%25252FCOLOR%25255D%252B%25255BB%25255D%25255BCOLOR%252Bwhite%25255D%25255B%25252FCOLOR%25255D%25255BCOLOR%252Borchid%25255D%25255B%25252FCOLOR%25255D%25255BCOLOR%252Bwhite%25255DStand%252BUp%252BComedy%25255B%25252FCOLOR%25255D%25255B%25252FB%25255D%26_options_sf&quot;,return)</favourite>
	<favourite name="[COLOR orchid]¤[/COLOR] [B][COLOR white]Tools[/COLOR][/B]" thumb="special://home/addons\script.thecrew.artwork\resources\media\thecrew\main_tools.png">ActivateWindow(10025,&quot;plugin://plugin.video.thecrew/?action=toolNavigator&amp;sf_options=fanart%3Dspecial%3A%2F%2Fhome%2Faddons%5Cscript.thecrew.artwork%5Cresources%5Cmedia%5Cthecrew%5Cfanart.jpg%26meta%3Dlabel%253D%25255BCOLOR%252Borchid%25255D%2525C2%2525A4%25255B%25252FCOLOR%25255D%252B%25255BB%25255D%25255BCOLOR%252Bwhite%25255DTools%25255B%25252FCOLOR%25255D%25255B%25252FB%25255D%26_options_sf&quot;,return)</favourite>
</favourites>