<?xml version="1.0" encoding="UTF-8" standalone="yes"?>
<addon id="plugin.video.portal.alado" name="[COLOR lime]PORTAL ALADO[/COLOR]" version="1.5+nexus" provider-name="[COLOR orange]TIPS TEAM[/COLOR]">
    <requires>
		<import addon="xbmc.python" version="3.0.0"/>
		<import addon="script.module.requests" version="2.25.1+matrix.1"/>
	</requires>
	<extension point="xbmc.python.pluginsource" library="addon.py">
		<provides>video</provides>
	</extension>
	<extension point="xbmc.addon.metadata">
		<platform>all</platform>
		<summary lang="en">[COLOR orange]LIVE-TV, VOD, SERIES [/COLOR][COLOR lime] Matrix Nexus[/COLOR]</summary>
		<description></description>
		<license></license>
		<language></language>
		<forum></forum>
		<assets>
            <icon>icon.jpg</icon>
            <fanart>fanart.jpg</fanart>
        </assets>


	</extension>
</addon>
