<?xml version="3.0" encoding="UTF-8" standalone="yes"?>
<addon id="plugin.video.romyTVnexus" name="[B][COLOR aqua]romyTV[/COLOR] [COLOR red]nexus[/COLOR][/B]" version="3.0.0a" provider-name="RomyTVplace">  
<requires>
    <import addon="xbmc.python" version="3.0.0"/>
    <import addon="script.module.requests"/>
    <import addon="script.module.simplejson"/>
	<import addon="script.module.kodi-six" />
	<import addon="script.module.resolveurl" version="5.0.00"/>
</requires>  
<extension point="xbmc.python.pluginsource" library="default.py">
	<provides>video</provides>
</extension>   
<extension point="xbmc.addon.metadata">
	 <summary lang="en">TOT CONȚINUTUL ACESTUI ADDON A FOST EXTRAS DIN DOMENIUL GOOGLE. NU SUNT RESPONSABIL PENTRU SCOPURILE PROFITABILE ALE PĂRȚILOR TERȚE.</summary>
    <description lang="en">UN PLUGIN NEXUS!</description>
    <disclaimer lang="en"></disclaimer>
	<platform>all</platform>
	<assets>
       <icon>icon.gif</icon>
       <fanart>fanart.jpg</fanart>
<screenshot>resources/screenshots/home.png</screenshot>
<screenshot>resources/screenshots/movies.png</screenshot>
<screenshot>resources/screenshots/series.png</screenshot>
</assets>
	<news>news
	</news>
</extension>
</addon>