﻿<?xml version="1.0" encoding="UTF-8"?>
<window>
	<defaultcontrol>90010</defaultcontrol>
	<onload condition="String.IsEmpty(Window(Home).Property(MenuItemActive))">SetProperty(MenuItemActive,settings,Home)</onload>
	<onload condition="String.IsEmpty(Window(Home).Property(MenuBackground))">SetProperty(MenuBackground,special://skin/extras/backgrounds/settings.jpg,Home)</onload>
	<onload>SetProperty(custom-grouping,$VAR[SkinShortcutsGrouping])</onload>
	<controls>
		<include>CommonCustomBackground</include>
		<include>CommonBackground</include>
		<control type="image">
			<left>0</left>
			<top>100r</top>
			<width>1280</width>
			<height>100</height>
			<texture>floor.png</texture>
			<include>VisibleFadeEffect</include>
			<visible>!Skin.HasSetting(NoFloorAll)</visible>
		</control>
		<control type="group">
			<left>90</left>
			<top>30</top>
			<animation type="WindowOpen" reversible="false">
				<effect type="zoom" start="80" end="100" center="640,360" easing="out" tween="back" time="225" />
				<effect type="fade" start="0" end="100" time="225" />
			</animation>
			<animation type="WindowClose" reversible="false">
				<effect type="zoom" start="100" end="80" center="640,360" easing="in" tween="back" time="225" />
				<effect type="fade" start="100" end="0" time="225" />
			</animation>
			<control type="image">
				<left>5</left>
				<top>5</top>
				<width>1090</width>
				<height>630</height>
				<texture border="15">ContentPanel.png</texture>
			</control>
			<control type="image">
				<left>5</left>
				<top>625</top>
				<width>1090</width>
				<height>64</height>
				<texture border="15">ContentPanelMirror.png</texture>
				<visible>!Skin.HasSetting(NoFloorAll)</visible>
			</control>
			<control type="button">
				<description>Close Window button</description>
				<left>980</left>
				<top>11</top>
				<width>64</width>
				<height>32</height>
				<label/>
				<font/>
				<onclick>PreviousMenu</onclick>
				<texturefocus>DialogCloseButton-focus.png</texturefocus>
				<texturenofocus>DialogCloseButton.png</texturenofocus>
				<onleft>1</onleft>
				<onright>1</onright>
				<onup>1</onup>
				<ondown>1</ondown>
				<visible>system.getbool(input.enablemouse)</visible>
			</control>
			<control type="button" id="800">
				<left>130</left>
				<top>40</top>
				<width>30</width>
				<height>30</height>
				<texturefocus border="0,0,0,3">scroll-up-focus.png</texturefocus>
				<texturenofocus border="0,0,0,3">scroll-up.png</texturenofocus>
				<onleft>90010</onleft>
				<onright>90010</onright>
				<onup>211</onup>
				<ondown>211</ondown>
				<onclick>Control.Move(211,-1)</onclick>
				<visible>Integer.IsGreater(Container(211).NumItems,5) + Container(211).HasPrevious</visible>
			</control>
			<control type="button" id="801">
				<left>130</left>
				<top>573</top>
				<width>30</width>
				<height>30</height>
				<texturefocus border="0,0,0,3">scroll-down-focus.png</texturefocus>
				<texturenofocus border="0,0,0,3">scroll-down.png</texturenofocus>
				<onleft>90010</onleft>
				<onright>90010</onright>
				<onup>211</onup>
				<ondown>211</ondown>
				<onclick>Control.Move(211,1)</onclick>
				<visible>Integer.IsGreater(Container(211).NumItems,5) + Container(211).HasNext</visible>
			</control>
			<control type="list" id="211">
				<left>10</left>
				<top>70</top>
				<width>260</width>
				<height>501</height>
				<onleft>90010</onleft>
				<onright>90010</onright>
				<onup>211</onup>
				<ondown>211</ondown>
				<pagecontrol/>
				<scrolltime>300</scrolltime>
				<itemlayout height="50" width="260">
					<control type="image">
						<left>0</left>
						<top>0</top>
						<width>260</width>
						<height>51</height>
						<texture border="5">MenuItemNF.png</texture>
					</control>
					<control type="label">
						<left>10</left>
						<top>0</top>
						<width>230</width>
						<height>50</height>
						<font>font24_title</font>
						<textcolor>grey3</textcolor>
						<align>right</align>
						<aligny>center</aligny>
						<label>$INFO[ListItem.Label]</label>
						<visible>!String.IsEqual(ListItem.Property(skinshortcuts-disabled),True)</visible>
					</control>
					<control type="label">
						<left>10</left>
						<top>0</top>
						<width>230</width>
						<height>50</height>
						<font>font24_title</font>
						<textcolor>red</textcolor>
						<align>right</align>
						<aligny>center</aligny>
						<label>$INFO[ListItem.Label]</label>
						<visible>String.IsEqual(ListItem.Property(skinshortcuts-disabled),True)</visible>
					</control>
				</itemlayout>
				<focusedlayout height="50" width="260">
					<control type="image">
						<left>0</left>
						<top>0</top>
						<width>260</width>
						<height>51</height>
						<texture border="5">MenuItemFO.png</texture>
						<animation effect="fade" start="100" end="30" time="75" condition="!Control.HasFocus(211)">Conditional</animation>
					</control>
					<control type="label">
						<left>10</left>
						<top>0</top>
						<width>230</width>
						<height>50</height>
						<font>font24_title</font>
						<textcolor>$VAR[MenuColorVar]</textcolor>
						<align>right</align>
						<aligny>center</aligny>
						<label>$INFO[ListItem.Label]</label>
						<visible>!String.IsEqual(ListItem.Property(skinshortcuts-disabled),True)</visible>
					</control>
					<control type="label">
						<left>10</left>
						<top>0</top>
						<width>230</width>
						<height>50</height>
						<font>font24_title</font>
						<textcolor>white</textcolor>
						<align>right</align>
						<aligny>center</aligny>
						<label>$INFO[ListItem.Label]</label>
						<visible>String.IsEqual(ListItem.Property(skinshortcuts-disabled),True)</visible>
					</control>
				</focusedlayout>
			</control>
			<control type="image">
				<left>268</left>
				<top>10</top>
				<width>790</width>
				<height>618</height>
				<texture border="5">black-back2.png</texture>
			</control>
			<control type="image">
				<left>268</left>
				<top>10</top>
				<width>790</width>
				<height>52</height>
				<texture>dialogheader.png</texture>
			</control>
			<control type="label" id="501">
				<description>Header Label</description>
				<left>300</left>
				<top>20</top>
				<width>726</width>
				<height>30</height>
				<font>font16</font>
				<label>$VAR[SkinShortcutsTitleDlg] - $INFO[Container(211).ListItem.Label]</label>
				<align>center</align>
				<aligny>center</aligny>
				<textcolor>white</textcolor>
				<shadowcolor>black</shadowcolor>
			</control>
			<control type="group" id="90010">
				<control type="grouplist" id="90011">
					<left>290</left>
					<top>60</top>
					<width>750</width>
					<height>435</height>
					<itemgap>-1</itemgap>
					<pagecontrol>60</pagecontrol>
					<onleft>211</onleft>
					<onright>61</onright>
					<onup>90011</onup>
					<ondown>90011</ondown>
					<control type="button" id="401">
						<description>Choose Shortcut</description>
						<width>750</width>
						<height>40</height>
						<font>font13</font>
						<label>$ADDON[script.skinshortcuts 32048]</label>
						<label2>$INFO[Container(211).ListItem.Label]</label2>
						<textcolor>grey2</textcolor>
						<focusedcolor>white</focusedcolor>
						<texturefocus>MenuItemFO.png</texturefocus>
						<texturenofocus>MenuItemNF.png</texturenofocus>
						<onclick>SetProperty(custom-grouping,$VAR[SkinShortcutsGrouping])</onclick>
					</control>
					<control type="button" id="307">
						<description>Change Action</description>
						<width>750</width>
						<height>40</height>
						<font>font13</font>
						<label>$ADDON[script.skinshortcuts 32027]</label>
						<label2>$INFO[Container(211).ListItem.Property(displaypath)]</label2>
						<textcolor>grey2</textcolor>
						<focusedcolor>white</focusedcolor>
						<texturefocus>MenuItemFO.png</texturefocus>
						<texturenofocus>MenuItemNF.png</texturenofocus>
						<onclick>SetProperty(custom-grouping,$VAR[SkinShortcutsGrouping])</onclick>
					</control>
					<control type="button" id="305">
						<description>Change Label</description>
						<width>750</width>
						<height>40</height>
						<font>font13</font>
						<label>$ADDON[script.skinshortcuts 32025]</label>
						<label2>$INFO[Container(211).ListItem.Label]</label2>
						<textcolor>grey2</textcolor>
						<focusedcolor>white</focusedcolor>
						<texturefocus>MenuItemFO.png</texturefocus>
						<texturenofocus>MenuItemNF.png</texturenofocus>
					</control>
				    <control type="button" id="306">
					    <description>Browse for thumbnail</description>
					    <include>DefaultSettingButton</include>
					    <label>$ADDON[script.skinshortcuts 32026]</label>
					    <label2>$INFO[Container(211).ListItem.Icon]</label2>
						<textcolor>grey2</textcolor>
						<focusedcolor>white</focusedcolor>
						<texturefocus>MenuItemFO.png</texturefocus>
						<texturenofocus>MenuItemNF.png</texturenofocus>						
				    </control>					
					<control type="button" id="310">
						<description>Browse For Background</description>
						<width>750</width>
						<height>40</height>
						<font>font13</font>
						<label>$ADDON[script.skinshortcuts 32045]</label>
						<label2>$INFO[Container(211).ListItem.Property(background)]</label2>
						<textcolor>grey2</textcolor>
						<focusedcolor>white</focusedcolor>
						<texturefocus>MenuItemFO.png</texturefocus>
						<texturenofocus>MenuItemNF.png</texturenofocus>
						<visible>String.IsEqual(Window.Property(groupname),mainmenu)</visible>
					</control>
					<control type="button" id="405">
						<description>Edit Submenu</description>
						<width>750</width>
						<height>40</height>
						<font>font13</font>
						<label>$ADDON[script.skinshortcuts 32072]</label>
						<textcolor>grey2</textcolor>
						<focusedcolor>white</focusedcolor>
						<texturefocus>MenuItemFO.png</texturefocus>
						<texturenofocus>MenuItemNF.png</texturenofocus>
						<visible>String.IsEqual(Window.Property(groupname),mainmenu)</visible>
					</control>
					<control type="button" id="406">
						<description>Edit Subaddons</description>
						<width>750</width>
						<height>40</height>
						<font>font13</font>
						<label>$LOCALIZE[24020] $LOCALIZE[89003]</label>
						<textcolor>grey2</textcolor>
						<focusedcolor>white</focusedcolor>
						<texturefocus>MenuItemFO.png</texturefocus>
						<texturenofocus>MenuItemNF.png</texturenofocus>
						<visible>String.IsEqual(Window.Property(groupname),mainmenu)</visible>
					</control>
					<control type="button" id="312">
						<description>Edit Widget Name</description>
						<width>750</width>
						<height>40</height>
						<font>font13</font>
						<label>$ADDON[script.skinshortcuts 32099]</label>
						<label2>$INFO[Container(211).ListItem.Property(widgetName)]</label2>
						<textcolor>grey2</textcolor>
						<focusedcolor>white</focusedcolor>
						<texturefocus>MenuItemFO.png</texturefocus>
						<texturenofocus>MenuItemNF.png</texturenofocus>
						<visible>String.IsEqual(Window.Property(groupname),mainmenu)</visible>
					</control>
					<control type="image" id="600">
						<description>Separator Image</description>
						<width>750</width>
						<height>2</height>
						<texture>separator2.png</texture>
					</control>
					<control type="label" id="599">
						<description>Disable Menu Item Label</description>
						<width>750</width>
						<height>40</height>
						<font>font13</font>
						<label>Is$INFO[Container(211).ListItem.Property(skinshortcuts-disabled)]</label>
						<textcolor>grey2</textcolor>
						<focusedcolor>white</focusedcolor>
						<visible>False</visible>
					</control>
					<control type="radiobutton" id="313">
						<description>Disable Menu Item</description>
						<width>750</width>
						<height>40</height>
						<font>font13</font>
						<label>$LOCALIZE[90044]</label>
						<textcolor>grey2</textcolor>
						<focusedcolor>white</focusedcolor>
						<texturefocus>MenuItemFO.png</texturefocus>
						<texturenofocus>MenuItemNF.png</texturenofocus>
						<selected>String.IsEqual(Control.GetLabel(599),IsTrue)</selected>
					</control>
					<control type="image" id="601">
						<description>Separator Image</description>
						<width>750</width>
						<height>2</height>
						<texture>separator2.png</texture>
					</control>
					<control type="button" id="303">
						<description>Move Up</description>
						<width>750</width>
						<height>40</height>
						<font>font13</font>
						<label>$LOCALIZE[31159]</label>
						<textcolor>grey2</textcolor>
						<focusedcolor>white</focusedcolor>
						<texturefocus>MenuItemFO.png</texturefocus>
						<texturenofocus>MenuItemNF.png</texturenofocus>
					</control>
					<control type="button" id="304">
						<description>Move Down</description>
						<width>750</width>
						<height>40</height>
						<font>font13</font>
						<label>$LOCALIZE[31160]</label>
						<textcolor>grey2</textcolor>
						<focusedcolor>white</focusedcolor>
						<texturefocus>MenuItemFO.png</texturefocus>
						<texturenofocus>MenuItemNF.png</texturenofocus>
					</control>
					<control type="image" id="602">
						<description>Separator Image</description>
						<width>750</width>
						<height>2</height>
						<texture>separator2.png</texture>
					</control>
					<control type="button" id="301">
						<description>Add Shortcut</description>
						<width>750</width>
						<height>40</height>
						<font>font13</font>
						<label>$ADDON[script.skinshortcuts 32000]</label>
						<textcolor>grey2</textcolor>
						<focusedcolor>white</focusedcolor>
						<texturefocus>MenuItemFO.png</texturefocus>
						<texturenofocus>MenuItemNF.png</texturenofocus>
					</control>
					<control type="button" id="302">
						<description>Delete Shortcut</description>
						<width>750</width>
						<height>40</height>
						<font>font13</font>
						<label>$ADDON[script.skinshortcuts 32001]</label>
						<textcolor>grey2</textcolor>
						<focusedcolor>white</focusedcolor>
						<texturefocus>MenuItemFO.png</texturefocus>
						<texturenofocus>MenuItemNF.png</texturenofocus>
					</control>
					<control type="image" id="603">
						<description>separator image</description>
						<width>750</width>
						<height>2</height>
						<texture>separator2.png</texture>
					</control>
					<control type="button" id="308">
						<description>Restore Shortcuts</description>
						<width>750</width>
						<height>40</height>
						<font>font13</font>
						<label>$ADDON[script.skinshortcuts 32028]</label>
						<textcolor>grey2</textcolor>
						<focusedcolor>white</focusedcolor>
						<texturefocus>MenuItemFO.png</texturefocus>
						<texturenofocus>MenuItemNF.png</texturenofocus>
					</control>
				</control>
				<control type="scrollbar" id="60">
					<left>1060</left>
					<top>60</top>
					<width>25</width>
					<height>435</height>
					<texturesliderbackground border="0,14,0,14">ScrollBarV.png</texturesliderbackground>
					<texturesliderbar border="0,14,0,14">ScrollBarV_bar.png</texturesliderbar>
					<texturesliderbarfocus border="0,14,0,14">ScrollBarV_bar_focus.png</texturesliderbarfocus>
					<textureslidernib>ScrollBarNib.png</textureslidernib>
					<textureslidernibfocus>ScrollBarNib.png</textureslidernibfocus>
					<onleft>90011</onleft>
					<onright>211</onright>
					<showonepage>false</showonepage>
					<orientation>vertical</orientation>
				</control>
			</control>
				<control type="image">
				<description>separator image</description>
				<left>290</left>
				<top>525</top>
				<width>750</width>
				<height>2</height>
				<texture>separator2.png</texture>
				<colordiffuse>40FFFFFF</colordiffuse>
			</control>
			<control type="textbox" id="6">
				<description>Description</description>
				<left>297</left>
				<top>532</top>
				<width>736</width>
				<height>83</height>
				<font>font12</font>
				<align>left</align>
				<textcolor>white</textcolor>
				<autoscroll time="3000" delay="4000" repeat="5000">true</autoscroll>
				<label>$INFO[Container(211).ListItem.Label]</label>
			</control>
		</control>
		<control type="group">
			<depth>DepthFooter</depth>
			<include>CommonNowPlaying</include>
		</control>
		<include>MainWindowMouseButtons</include>
		<include content="CommonWindowHeader">
			<param name="Icon" value="icon_system" />
			<param name="Label" value="$LOCALIZE[5][COLOR=blue] - [/COLOR]$LOCALIZE[166]$VAR[SkinShortcutsTitle]" />
		</include>
	</controls>
</window>