<?xml version="1.0" encoding="UTF-8"?>
<window>
	<defaultcontrol always="true">9000</defaultcontrol>
	<onload condition="String.IsEmpty(Window(Home).Property(MenuItemActive))">SetProperty(MenuItemActive,settings,Home)</onload>
	<onload condition="String.IsEmpty(Window(Home).Property(MenuBackground))">SetProperty(MenuBackground,special://skin/extras/backgrounds/settings.jpg,Home)</onload>
	<onunload>RunScript(script.skinshortcuts,type=buildxml&amp;mainmenuID=9000&amp;group=mainmenu|powermenu&amp;levels=1)</onunload>
	<include condition="!Skin.HasSetting(InitialSetUpRun)">DefaultInitialSetup</include>
	<controls>
		<include>CommonCustomBackground</include>
		<include>CommonBackground</include>
		<control type="image">
			<left>0</left>
			<top>100r</top>
			<width>1280</width>
			<height>100</height>
			<texture>floor.png</texture>
			<include>VisibleFadeEffect</include>
			<visible>!Skin.HasSetting(NoFloorAll)</visible>
		</control>
		<include content="CommonWindowHeader">
			<param name="Icon" value="icon_system" />
			<param name="Label" value="$LOCALIZE[5][COLOR=blue] - [/COLOR]$LOCALIZE[166]" />
		</include>
		<control type="group">
			<left>90</left>
			<top>30</top>
			<animation type="WindowOpen" reversible="false">
				<effect type="zoom" start="80" end="100" center="640,360" easing="out" tween="back" time="225" />
				<effect type="fade" start="0" end="100" time="225" />
			</animation>
			<animation type="WindowClose" reversible="false">
				<effect type="zoom" start="100" end="80" center="640,360" easing="in" tween="back" time="225" />
				<effect type="fade" start="100" end="0" time="225" />
			</animation>
			<control type="image">
				<left>5</left>
				<top>5</top>
				<width>1090</width>
				<height>630</height>
				<texture border="15">ContentPanel.png</texture>
			</control>
			<control type="image">
				<left>5</left>
				<top>625</top>
				<width>1090</width>
				<height>64</height>
				<texture border="15">ContentPanelMirror.png</texture>
				<visible>!Skin.HasSetting(NoFloorAll)</visible>
			</control>		
			<control type="button">
				<description>Close Window button</description>
				<left>980</left>
				<top>11</top>
				<width>64</width>
				<height>32</height>
				<label/>
				<font/>
				<onclick>PreviousMenu</onclick>
				<texturefocus>DialogCloseButton-focus.png</texturefocus>
				<texturenofocus>DialogCloseButton.png</texturenofocus>
				<onleft>1</onleft>
				<onright>1</onright>
				<onup>1</onup>
				<ondown>1</ondown>
				<visible>system.getbool(input.enablemouse)</visible>
			</control>
			<control type="image">
				<description>LOGO</description>
				<left>30</left>
				<top>15</top>
				<width>220</width>
				<height>80</height>
				<aspectratio>keep</aspectratio>
				<texture>Confluence_Logo.png</texture>
			</control>
            <control type="button" id="50">
                <include>InvisibleButton</include>
                <onleft>800</onleft>
                <onright>800</onright>
                <onup>9000</onup>
                <ondown>9000</ondown>
                <visible>false</visible>
            </control>				
			<control type="list" id="9000">
				<left>10</left>
				<top>90</top>
				<width>260</width>
				<height>481</height>
				<onleft>9010</onleft>
				<onright>9010</onright>
				<onup>9000</onup>
				<ondown>9000</ondown>
				<pagecontrol/>
				<scrolltime>300</scrolltime>
				<itemlayout height="50" width="260">
					<control type="image">
						<left>0</left>
						<top>0</top>
						<width>260</width>
						<height>51</height>
						<texture border="5">MenuItemNF.png</texture>
					</control>
					<control type="label">
						<left>0</left>
						<top>0</top>
						<width>240</width>
						<height>50</height>
						<font>font24_title</font>
						<textcolor>grey3</textcolor>
						<align>right</align>
						<aligny>center</aligny>
						<label>$INFO[ListItem.Label]</label>
					</control>
				</itemlayout>
				<focusedlayout height="50" width="260">
					<control type="image">
						<left>0</left>
						<top>0</top>
						<width>260</width>
						<height>51</height>
						<texture border="5">MenuItemFO.png</texture>
						<animation effect="fade" start="100" end="30" time="75" condition="!Control.HasFocus(9000)">Conditional</animation>
					</control>
					<control type="label">
						<left>0</left>
						<top>0</top>
						<width>240</width>
						<height>50</height>
						<font>font24_title</font>
						<textcolor>white</textcolor>
						<align>right</align>
						<aligny>center</aligny>
						<label>$INFO[ListItem.Label]</label>
					</control>
				</focusedlayout>
				<content>
					<item id="1">
						<label>$LOCALIZE[128]</label>
						<label2>$LOCALIZE[90052]</label2>
					</item>
					<item id="2">
						<label>$LOCALIZE[31112]</label>
						<label2>$LOCALIZE[90053]</label2>
					</item>
					<item id="3">
						<label>$LOCALIZE[513]</label>
						<label2>$LOCALIZE[90054]</label2>
					</item>
					<item id="4">
						<label>$LOCALIZE[88130]</label>
						<label2>$LOCALIZE[90055]</label2>
						<visible>PVR.HasTVChannels | PVR.HasRadioChannels</visible>
						<visible>System.HasAddon(script.pvr.favourites)</visible>
					</item>
					<item id="5">
						<label>$LOCALIZE[31102]</label>
						<label2>$LOCALIZE[90056]</label2>
					</item>
					<item id="6">
						<label>$LOCALIZE[13007]</label>
						<label2>$LOCALIZE[90057]</label2>
					</item>
				</content>
			</control>
			<control type="image">
				<left>268</left>
				<top>10</top>
				<width>790</width>
				<height>618</height>
				<texture border="5">black-back2.png</texture>
			</control>
			<control type="image">
				<left>268</left>
				<top>10</top>
				<width>790</width>
				<height>52</height>
				<texture>dialogheader.png</texture>
			</control>
			<control type="label">
				<description>header label</description>
				<left>300</left>
				<top>20</top>
				<width>726</width>
				<height>30</height>
				<font>font16</font>
				<label>$LOCALIZE[166] - $INFO[Container(9000).ListItem.Label]</label>
				<align>center</align>
				<aligny>center</aligny>
				<textcolor>white</textcolor>
				<shadowcolor>black</shadowcolor>
			</control>
			<control type="group" id="9010">
				<!-- General -->
				<control type="grouplist" id="9001">
					<visible>Container(9000).Hasfocus(1)</visible>
					<left>290</left>
					<top>60</top>
					<width>750</width>
					<height>435</height>
					<itemgap>-1</itemgap>
					<pagecontrol>61</pagecontrol>
					<onleft>9000</onleft>
					<onright>61</onright>
					<onup>9001</onup>
					<ondown>9001</ondown>
					<control type="label" id="100">
						<description>Other Params Label</description>
						<width>750</width>
						<height>45</height>
						<font>font13_title</font>
						<label>$LOCALIZE[31106]</label>
						<textcolor>blue</textcolor>
						<shadowcolor>black</shadowcolor>
						<align>left</align>
						<aligny>center</aligny>
					</control>
					<control type="radiobutton" id="101">
						<description>Enable Auto Scroll</description>
						<width>750</width>
						<height>40</height>
						<font>font13</font>
						<label>$LOCALIZE[20189]</label>
						<textcolor>grey2</textcolor>
						<focusedcolor>white</focusedcolor>
						<texturefocus>MenuItemFO.png</texturefocus>
						<texturenofocus>MenuItemNF.png</texturenofocus>
						<onclick>Skin.ToggleSetting(AutoScroll)</onclick>
						<selected>Skin.HasSetting(AutoScroll)</selected>
					</control>
					<control type="radiobutton" id="102">
						<description>Show SlideShow Paused</description>
						<width>750</width>
						<height>40</height>
						<font>font13</font>
						<label>$LOCALIZE[31103]</label>
						<textcolor>grey2</textcolor>
						<focusedcolor>white</focusedcolor>
						<texturefocus>MenuItemFO.png</texturefocus>
						<texturenofocus>MenuItemNF.png</texturenofocus>
						<onclick>Skin.ToggleSetting(Show_SlideShow_Paused)</onclick>
						<selected>!Skin.HasSetting(Show_SlideShow_Paused)</selected>
					</control>
					<control type="radiobutton" id="103">
						<description>Trailer in Window</description>
						<width>750</width>
						<height>40</height>
						<font>font13</font>
						<label>$LOCALIZE[31104]</label>
						<textcolor>grey2</textcolor>
						<focusedcolor>white</focusedcolor>
						<texturefocus>MenuItemFO.png</texturefocus>
						<texturenofocus>MenuItemNF.png</texturenofocus>
						<onclick>Skin.ToggleSetting(WindowedTrailer)</onclick>
						<selected>Skin.HasSetting(WindowedTrailer)</selected>
					</control>
					<control type="radiobutton" id="104">
						<description>Hide Filename Flagging</description>
						<width>750</width>
						<height>40</height>
						<font>font13</font>
						<label>$LOCALIZE[31107]</label>
						<textcolor>grey2</textcolor>
						<focusedcolor>white</focusedcolor>
						<texturefocus>MenuItemFO.png</texturefocus>
						<texturenofocus>MenuItemNF.png</texturenofocus>
						<onclick>Skin.ToggleSetting(HideFilenameFlagging)</onclick>
						<selected>Skin.HasSetting(HideFilenameFlagging)</selected>
					</control>
					<control type="radiobutton" id="105">
						<description>Hide EPG with RDS</description>
						<width>750</width>
						<height>40</height>
						<font>font13</font>
						<label>$LOCALIZE[31122]</label>
						<textcolor>grey2</textcolor>
						<focusedcolor>white</focusedcolor>
						<texturefocus>MenuItemFO.png</texturefocus>
						<texturenofocus>MenuItemNF.png</texturenofocus>
						<onclick>Skin.ToggleSetting(HideEPGwithRDS)</onclick>
						<selected>Skin.HasSetting(HideEPGwithRDS)</selected>
					</control>
					<control type="button" id="106">
						<width>750</width>
						<height>40</height>
						<font>font13</font>
						<label>31962</label>
						<textcolor>grey2</textcolor>
						<focusedcolor>white</focusedcolor>
						<texturefocus>MenuItemFO.png</texturefocus>
						<texturenofocus>MenuItemNF.png</texturenofocus>
						<onclick>Skin.SelectBool(31962, 31963|show_profilename, 31964|show_profileavatar, 16018|show_none)</onclick>
						<label2>$VAR[ProfileIdentificationLabel2Var]</label2>
					</control>
					<control type="label" id="107">
						<description>Lyric label</description>
						<width>750</width>
						<height>45</height>
						<font>font13_title</font>
						<label>$LOCALIZE[31140]</label>
						<textcolor>blue</textcolor>
						<shadowcolor>black</shadowcolor>
						<align>left</align>
						<aligny>center</aligny>
					</control>
					<control type="button" id="108">
						<description>LyricScript Path</description>
						<width>750</width>
						<height>40</height>
						<font>font13</font>
						<label>$LOCALIZE[31132]</label>
						<label2>[COLOR=selected]$INFO[system.addontitle(Skin.String(LyricScript_Path))][/COLOR]</label2>
						<textcolor>grey2</textcolor>
						<focusedcolor>white</focusedcolor>
						<texturefocus>MenuItemFO.png</texturefocus>
						<texturenofocus>MenuItemNF.png</texturenofocus>
						<onclick>Skin.SetAddon(LyricScript_Path,xbmc.python.lyrics)</onclick>
					</control>
					<control type="button" id="109">
						<description>Open Settings LyricScript</description>
						<width>750</width>
						<height>40</height>
						<font>font13</font>
						<label>- $LOCALIZE[24020]</label>
						<textcolor>grey2</textcolor>
						<focusedcolor>white</focusedcolor>
						<texturefocus>MenuItemFO.png</texturefocus>
						<texturenofocus>MenuItemNF.png</texturenofocus>
						<enable>!String.IsEmpty(Skin.String(LyricScript_Path))</enable>
						<onclick>Addon.OpenSettings($INFO[Skin.String(LyricScript_Path)])</onclick>
					</control>
					<control type="radiobutton" id="110">
						<description>CU LRC Lyrics Alternative View</description>
						<width>750</width>
						<height>40</height>
						<font>font13</font>
						<label>- $LOCALIZE[80005] CU LRC Lyrics</label>
						<textcolor>grey2</textcolor>
						<focusedcolor>white</focusedcolor>
						<texturefocus>MenuItemFO.png</texturefocus>
						<texturenofocus>MenuItemNF.png</texturenofocus>
						<onclick>Skin.ToggleSetting(LrclyricsAlternativeView)</onclick>
						<selected>Skin.HasSetting(LrclyricsAlternativeView)</selected>
						<enable>System.HasAddon(script.cu.lrclyrics)</enable>
					</control>
					<control type="label" id="111">
						<width>750</width>
						<height>45</height>
						<font>font13_title</font>
						<label>$LOCALIZE[512]</label>
						<textcolor>blue</textcolor>
						<shadowcolor>black</shadowcolor>
						<align>left</align>
						<aligny>center</aligny>
					</control>
					<control type="radiobutton" id="112">
						<description>Enable Splash Screen (photo, video or music)</description>
						<width>750</width>
						<height>40</height>
						<font>font13</font>
						<label>$LOCALIZE[90040]</label>
						<textcolor>grey2</textcolor>
						<focusedcolor>white</focusedcolor>
						<texturefocus>MenuItemFO.png</texturefocus>
						<texturenofocus>MenuItemNF.png</texturenofocus>
						<onclick>Skin.ToggleSetting(EnableSplashScreen)</onclick>
						<selected>Skin.HasSetting(EnableSplashScreen)</selected>
					</control>
					<control type="button" id="113">
						<description>Startup SplashScreen Path</description>
						<width>750</width>
						<height>40</height>
						<font>font13</font>
						<textcolor>grey2</textcolor>
						<focusedcolor>white</focusedcolor>
						<label>$LOCALIZE[90041]</label>
						<label2>$INFO[Skin.String(SplashScreenPath)]</label2>
						<onclick>Skin.SetFile(SplashScreenPath)</onclick>
						<texturefocus>MenuItemFO.png</texturefocus>
						<texturenofocus>MenuItemNF.png</texturenofocus>
						<enable>Skin.HasSetting(EnableSplashScreen)</enable>
					</control>
					<control type="button" id="114">
						<description>Duration SplashScreen</description>
						<width>750</width>
						<height>40</height>
						<font>font13</font>
						<textcolor>grey2</textcolor>
						<focusedcolor>white</focusedcolor>
						<label>$LOCALIZE[90042]</label>
						<label2>[COLOR=selected]$VAR[DurationSplashScreenName][/COLOR]</label2>
						<onclick condition="String.IsEmpty(Skin.String(DurationSplashScreen))">Skin.SetString(DurationSplashScreen,5,)</onclick>
						<onclick>Skin.SetNumeric(DurationSplashScreen)</onclick>
						<texturefocus>MenuItemFO.png</texturefocus>
						<texturenofocus>MenuItemNF.png</texturenofocus>
						<enable>Skin.HasSetting(EnableSplashScreen)</enable>
					</control>
					<control type="label" id="115">
						<description>Addons Label</description>
						<width>750</width>
						<height>45</height>
						<font>font13_title</font>
						<label>$LOCALIZE[24001]</label>
						<textcolor>blue</textcolor>
						<shadowcolor>black</shadowcolor>
						<align>left</align>
						<aligny>center</aligny>
					</control>
					<control type="radiobutton" id="116">
						<description>Activate Global Search</description>
						<width>750</width>
						<height>40</height>
						<font>font13</font>
						<label>$LOCALIZE[24000] Global Search</label>
						<textcolor>grey2</textcolor>
						<focusedcolor>white</focusedcolor>
						<texturefocus>MenuItemFO.png</texturefocus>
						<texturenofocus>MenuItemNF.png</texturenofocus>
						<onclick condition="!System.HasAddon(script.globalsearch)">InstallAddon(script.globalsearch)</onclick>
						<onclick>Skin.ToggleSetting(ActivateGlobalSearch)</onclick>
						<selected>Skin.HasSetting(ActivateGlobalSearch)</selected>
					</control>
					<control type="button" id="117">
						<description>Settings Global Search</description>
						<width>750</width>
						<height>40</height>
						<font>font13</font>
						<label>- $LOCALIZE[24020]</label>
						<textcolor>grey2</textcolor>
						<focusedcolor>white</focusedcolor>
						<texturefocus>MenuItemFO.png</texturefocus>
						<texturenofocus>MenuItemNF.png</texturenofocus>
						<onclick>Addon.OpenSettings(script.globalsearch)</onclick>
						<enable>Skin.HasSetting(ActivateGlobalSearch)</enable>
					</control>
					<control type="radiobutton" id="118">
						<description>Activate Extended Info</description>
						<width>750</width>
						<height>40</height>
						<font>font13</font>
						<label>$LOCALIZE[24000] Extended Info</label>
						<textcolor>grey2</textcolor>
						<focusedcolor>white</focusedcolor>
						<texturefocus>MenuItemFO.png</texturefocus>
						<texturenofocus>MenuItemNF.png</texturenofocus>
						<onclick condition="!System.HasAddon(script.extendedinfo)">InstallAddon(script.extendedinfo)</onclick>
						<onclick>Skin.ToggleSetting(ActivateExtendedInfo)</onclick>
						<selected>Skin.HasSetting(ActivateExtendedInfo)</selected>
					</control>
					<control type="button" id="119">
						<description>Settings Extended Info</description>
						<width>750</width>
						<height>40</height>
						<font>font13</font>
						<label>- $LOCALIZE[24020]</label>
						<textcolor>grey2</textcolor>
						<focusedcolor>white</focusedcolor>
						<texturefocus>MenuItemFO.png</texturefocus>
						<texturenofocus>MenuItemNF.png</texturenofocus>
						<onclick>Addon.OpenSettings(script.extendedinfo)</onclick>
						<enable>Skin.HasSetting(ActivateExtendedInfo)</enable>
					</control>
					<control type="radiobutton" id="120">
						<description>Activate Simple Playlists</description>
						<width>750</width>
						<height>40</height>
						<font>font13</font>
						<label>$LOCALIZE[24000] Simple Playlists</label>
						<textcolor>grey2</textcolor>
						<focusedcolor>white</focusedcolor>
						<texturefocus>MenuItemFO.png</texturefocus>
						<texturenofocus>MenuItemNF.png</texturenofocus>
						<onclick condition="!System.HasAddon(script.simpleplaylists)">InstallAddon(script.simpleplaylists)</onclick>
						<onclick>Skin.ToggleSetting(ActivateWatchitLater)</onclick>
						<selected>Skin.HasSetting(ActivateWatchitLater)</selected>
					</control>
					<control type="button" id="121">
						<description>Settings Simple Playlists</description>
						<width>750</width>
						<height>40</height>
						<font>font13</font>
						<label>- $LOCALIZE[24020]</label>
						<textcolor>grey2</textcolor>
						<focusedcolor>white</focusedcolor>
						<texturefocus>MenuItemFO.png</texturefocus>
						<texturenofocus>MenuItemNF.png</texturenofocus>
						<onclick>Addon.OpenSettings(script.simpleplaylists)</onclick>
						<enable>Skin.HasSetting(ActivateWatchitLater)</enable>
					</control>
					<control type="label" id="122">
						<description>Skin Shortcuts Label</description>
						<width>750</width>
						<height>45</height>
						<font>font13</font>
						<label>$LOCALIZE[24000] Skin Shortcuts</label>
						<textcolor>grey2</textcolor>
						<shadowcolor>black</shadowcolor>
						<align>left</align>
						<aligny>center</aligny>
					</control>
					<control type="button" id="123">
						<description>Settings Skin Shortcuts</description>
						<width>750</width>
						<height>40</height>
						<font>font13</font>
						<label>- $LOCALIZE[24020]</label>
						<textcolor>grey2</textcolor>
						<focusedcolor>white</focusedcolor>
						<texturefocus>MenuItemFO.png</texturefocus>
						<texturenofocus>MenuItemNF.png</texturenofocus>
						<onclick condition="!System.HasAddon(script.skinshortcuts)">InstallAddon(script.skinshortcuts)</onclick>
						<onclick>Addon.OpenSettings(script.skinshortcuts)</onclick>
					</control>
					<control type="label" id="124">
						<description>Skin Helper Service Label</description>
						<width>750</width>
						<height>45</height>
						<font>font13</font>
						<label>$LOCALIZE[24000] Skin Helper Service</label>
						<textcolor>grey2</textcolor>
						<shadowcolor>black</shadowcolor>
						<align>left</align>
						<aligny>center</aligny>
					</control>
					<control type="button" id="125">
						<description>Settings Skin Helper Service Art Utils</description>
						<width>750</width>
						<height>40</height>
						<font>font13</font>
						<label>- $LOCALIZE[24020] Skin Helper Artwork</label>
						<textcolor>grey2</textcolor>
						<focusedcolor>white</focusedcolor>
						<texturefocus>MenuItemFO.png</texturefocus>
						<texturenofocus>MenuItemNF.png</texturenofocus>
						<onclick condition="!System.HasAddon(script.module.metadatautils)">InstallAddon(script.module.metadatautils)</onclick>
						<onclick>Addon.OpenSettings(script.module.metadatautils)</onclick>
					</control>
					<control type="button" id="126">
						<description>Settings Skin Helper Service Backgrounds</description>
						<width>750</width>
						<height>40</height>
						<font>font13</font>
						<label>- $LOCALIZE[24020] Skin Helper Service Backgrounds</label>
						<textcolor>grey2</textcolor>
						<focusedcolor>white</focusedcolor>
						<texturefocus>MenuItemFO.png</texturefocus>
						<texturenofocus>MenuItemNF.png</texturenofocus>
						<onclick condition="!System.HasAddon(script.skin.helper.backgrounds)">InstallAddon(script.skin.helper.backgrounds)</onclick>
						<onclick>Addon.OpenSettings(script.skin.helper.backgrounds)</onclick>
					</control>
					<control type="button" id="127">
						<description>Settings Skin Helper Service Widgets</description>
						<width>750</width>
						<height>40</height>
						<font>font13</font>
						<label>- $LOCALIZE[24020] Skin Helper Service Widgets</label>
						<textcolor>grey2</textcolor>
						<focusedcolor>white</focusedcolor>
						<texturefocus>MenuItemFO.png</texturefocus>
						<texturenofocus>MenuItemNF.png</texturenofocus>
						<onclick condition="!System.HasAddon(script.skin.helper.widgets)">InstallAddon(script.skin.helper.widgets)</onclick>
						<onclick>Addon.OpenSettings(script.skin.helper.widgets)</onclick>
					</control>
					<control type="button" id="128">
						<description>Settings Skin Helper Service Skin Backup</description>
						<width>750</width>
						<height>40</height>
						<font>font13</font>
						<label>- $LOCALIZE[24020] Skin Helper Service Skin Backup</label>
						<textcolor>grey2</textcolor>
						<focusedcolor>white</focusedcolor>
						<texturefocus>MenuItemFO.png</texturefocus>
						<texturenofocus>MenuItemNF.png</texturenofocus>
						<onclick condition="!System.HasAddon(script.skin.helper.skinbackup)">InstallAddon(script.skin.helper.skinbackup)</onclick>
						<onclick>Addon.OpenSettings(script.skin.helper.skinbackup)</onclick>
					</control>
					<control type="radiobutton" id="129">
						<description>Enable SmartShortcuts Playlists</description>
						<width>750</width>
						<height>40</height>
						<font>font13</font>
						<label>- $LOCALIZE[90010]</label>
						<textcolor>grey2</textcolor>
						<focusedcolor>white</focusedcolor>
						<texturefocus>MenuItemFO.png</texturefocus>
						<texturenofocus>MenuItemNF.png</texturenofocus>
						<onclick condition="!System.HasAddon(script.skin.helper.service)">InstallAddon(script.skin.helper.service)</onclick>
						<onclick>Skin.ToggleSetting(ActivateSmartShortcutsPlaylists)</onclick>
						<selected>Skin.HasSetting(ActivateSmartShortcutsPlaylists)</selected>
						<enable>System.HasAddon(script.skin.helper.service)</enable>
					</control>
					<control type="radiobutton" id="130">
						<description>Enable SmartShortcuts Favorites</description>
						<width>750</width>
						<height>40</height>
						<font>font13</font>
						<label>- $LOCALIZE[90011]</label>
						<textcolor>grey2</textcolor>
						<focusedcolor>white</focusedcolor>
						<texturefocus>MenuItemFO.png</texturefocus>
						<texturenofocus>MenuItemNF.png</texturenofocus>
						<onclick condition="!System.HasAddon(script.skin.helper.service)">InstallAddon(script.skin.helper.service)</onclick>
						<onclick>Skin.ToggleSetting(ActivateSmartShortcutsFavorites)</onclick>
						<selected>Skin.HasSetting(ActivateSmartShortcutsFavorites)</selected>
						<enable>System.HasAddon(script.skin.helper.service)</enable>
					</control>
					<control type="radiobutton" id="131">
						<description>Enable Animated Posters</description>
						<width>750</width>
						<height>40</height>
						<font>font13</font>
						<label>- $LOCALIZE[90012]</label>
						<textcolor>grey2</textcolor>
						<focusedcolor>white</focusedcolor>
						<texturefocus>MenuItemFO.png</texturefocus>
						<texturenofocus>MenuItemNF.png</texturenofocus>
						<onclick condition="!System.HasAddon(script.skin.helper.service)">InstallAddon(script.skin.helper.service)</onclick>
						<onclick>Skin.ToggleSetting(ActivateAnimatedPosters)</onclick>
						<selected>Skin.HasSetting(ActivateAnimatedPosters)</selected>
						<enable>System.HasAddon(script.skin.helper.service)</enable>
					</control>
					<control type="radiobutton" id="132">
						<description>Enable Animated Fanarts</description>
						<width>750</width>
						<height>40</height>
						<font>font13</font>
						<label>- $LOCALIZE[90102]</label>
						<textcolor>grey2</textcolor>
						<focusedcolor>white</focusedcolor>
						<texturefocus>MenuItemFO.png</texturefocus>
						<texturenofocus>MenuItemNF.png</texturenofocus>
						<onclick condition="!System.HasAddon(script.skin.helper.service)">InstallAddon(script.skin.helper.service)</onclick>
						<onclick>Skin.ToggleSetting(ActivateAnimatedFanarts)</onclick>
						<selected>Skin.HasSetting(ActivateAnimatedFanarts)</selected>
						<enable>System.HasAddon(script.skin.helper.service)</enable>
					</control>
					<control type="radiobutton" id="133">
						<description>Enable Wall Backgrounds</description>
						<width>750</width>
						<height>40</height>
						<font>font13</font>
						<label>- $LOCALIZE[90100]</label>
						<textcolor>grey2</textcolor>
						<focusedcolor>white</focusedcolor>
						<texturefocus>MenuItemFO.png</texturefocus>
						<texturenofocus>MenuItemNF.png</texturenofocus>
						<onclick condition="!System.HasAddon(script.skin.helper.service)">InstallAddon(script.skin.helper.service)</onclick>
						<onclick>Skin.ToggleSetting(ActivateWallBackgrounds)</onclick>
						<selected>Skin.HasSetting(ActivateWallBackgrounds)</selected>
						<enable>System.HasAddon(script.skin.helper.service)</enable>
					</control>
					<control type="button" id="134">
						<description>Random Fanart Delay</description>
						<width>750</width>
						<height>40</height>
						<font>font13</font>
						<label>- $LOCALIZE[90101]</label>
						<label2>$VAR[RandomFanartDelayName]</label2>
						<textcolor>grey2</textcolor>
						<focusedcolor>white</focusedcolor>
						<texturefocus>MenuItemFO.png</texturefocus>
						<texturenofocus>MenuItemNF.png</texturenofocus>
						<onclick condition="!System.HasAddon(script.skin.helper.service)">InstallAddon(script.skin.helper.service)</onclick>
						<onclick condition="String.IsEmpty(Skin.String(RandomFanartDelay))">Skin.SetString(RandomFanartDelay,30,)</onclick>
						<onclick>Skin.SetNumeric(RandomFanartDelay)</onclick>
						<enable>System.HasAddon(script.skin.helper.service)</enable>
					</control>
					<control type="image" id="135">
						<description>Separator Image</description>
						<height>2</height>
						<texture>separator2.png</texture>
					</control>
					<control type="button" id="136">
						<description>Reset Section</description>
						<width>750</width>
						<height>40</height>
						<font>font13</font>
						<label>$LOCALIZE[10041]</label>
						<textcolor>grey2</textcolor>
						<focusedcolor>white</focusedcolor>
						<texturefocus>MenuItemFO.png</texturefocus>
						<texturenofocus>MenuItemNF.png</texturenofocus>
						<onclick>RunScript(script.skin.helper.service,action=dialogyesno,header=$LOCALIZE[10041],message=$LOCALIZE[10042],yesaction=Skin.Reset(AutoScroll)|Skin.Reset(Show_SlideShow_Paused)|Skin.Reset(WindowedTrailer)|Skin.Reset(HideFilenameFlagging)|Skin.Reset(HideEPGwithRDS)|Skin.Reset(show_profilename)|Skin.Reset(show_profileavatar)|Skin.SetBool(show_none)|Skin.Reset(LyricScript_Path)|Skin.Reset(LrclyricsAlternativeView)|Skin.Reset(EnableSplashScreen)|Skin.Reset(SplashScreenPath)|Skin.Reset(DurationSplashScreen)|Skin.Reset(ActivateGlobalSearch)|Skin.Reset(ActivateExtendedInfo)|Skin.Reset(ActivateWatchitLater)|Skin.Reset(ActivateSmartShortcutsPlaylists)|Skin.Reset(ActivateSmartShortcutsFavorites)|Skin.Reset(ActivateAnimatedPosters)|Skin.Reset(ActivateAnimatedFanarts)|Skin.Reset(ActivateWallBackgrounds)|Skin.Reset(RandomFanartDelay))</onclick>
					</control>
				</control>
				<control type="scrollbar" id="61">
					<left>1060</left>
					<top>60</top>
					<width>25</width>
					<height>435</height>
					<texturesliderbackground border="0,14,0,14">ScrollBarV.png</texturesliderbackground>
					<texturesliderbar border="0,14,0,14">ScrollBarV_bar.png</texturesliderbar>
					<texturesliderbarfocus border="0,14,0,14">ScrollBarV_bar_focus.png</texturesliderbarfocus>
					<textureslidernib>ScrollBarNib.png</textureslidernib>
					<textureslidernibfocus>ScrollBarNib.png</textureslidernibfocus>
					<onleft>9001</onleft>
					<onright>800</onright>
					<showonepage>false</showonepage>
					<orientation>vertical</orientation>
					<visible>Container(9000).Hasfocus(1)</visible>
				</control>
				<!-- Options -->
				<control type="grouplist" id="9002">
					<visible>Container(9000).Hasfocus(2)</visible>
					<left>290</left>
					<top>60</top>
					<width>750</width>
					<height>435</height>
					<itemgap>-1</itemgap>
					<pagecontrol>62</pagecontrol>
					<onleft>9000</onleft>
					<onright>62</onright>
					<onup>9002</onup>
					<ondown>9002</ondown>
					<control type="label" id="200">
						<description>Settings Home Label</description>
						<width>750</width>
						<height>45</height>
						<font>font13_title</font>
						<label>$LOCALIZE[31101]</label>
						<textcolor>blue</textcolor>
						<shadowcolor>black</shadowcolor>
						<align>left</align>
						<aligny>center</aligny>
					</control>
					<control type="radiobutton" id="201">
						<description>Enable Video Info</description>
						<width>750</width>
						<height>40</height>
						<font>font13</font>
						<textcolor>grey2</textcolor>
						<focusedcolor>white</focusedcolor>
						<label>$LOCALIZE[20176]</label>
						<onclick>Skin.ToggleSetting(HomePageVideoInfo)</onclick>
						<selected>!Skin.HasSetting(HomePageVideoInfo)</selected>
						<texturefocus>MenuItemFO.png</texturefocus>
						<texturenofocus>MenuItemNF.png</texturenofocus>
					</control>
					<control type="radiobutton" id="202">
						<description>Enable Music Info</description>
						<width>750</width>
						<height>40</height>
						<font>font13</font>
						<textcolor>grey2</textcolor>
						<focusedcolor>white</focusedcolor>
						<label>$LOCALIZE[20083]</label>
						<onclick>Skin.ToggleSetting(HomePageMusicInfo)</onclick>
						<selected>!Skin.HasSetting(HomePageMusicInfo)</selected>
						<texturefocus>MenuItemFO.png</texturefocus>
						<texturenofocus>MenuItemNF.png</texturenofocus>
					</control>
					<control type="radiobutton" id="203">
						<description>Enable FullScreen Clock</description>
						<width>750</width>
						<height>40</height>
						<font>font13</font>
						<textcolor>grey2</textcolor>
						<focusedcolor>white</focusedcolor>
						<label>$LOCALIZE[89501]</label>
						<onclick>Skin.ToggleSetting(FullScreenClock)</onclick>
						<selected>Skin.HasSetting(FullScreenClock)</selected>
						<texturefocus>MenuItemFO.png</texturefocus>
						<texturenofocus>MenuItemNF.png</texturenofocus>
					</control>
					<control type="radiobutton" id="204">
						<description>Enable SlideShow Info</description>
						<width>750</width>
						<height>40</height>
						<font>font13</font>
						<textcolor>grey2</textcolor>
						<focusedcolor>white</focusedcolor>
						<label>$LOCALIZE[89502]</label>
						<onclick>Skin.ToggleSetting(SlideShowInfo)</onclick>
						<selected>Skin.HasSetting(SlideShowInfo)</selected>
						<texturefocus>MenuItemFO.png</texturefocus>
						<texturenofocus>MenuItemNF.png</texturenofocus>
					</control>
					<control type="radiobutton" id="205">
						<description>Enable Weather Info</description>
						<width>750</width>
						<height>40</height>
						<font>font13</font>
						<textcolor>grey2</textcolor>
						<focusedcolor>white</focusedcolor>
						<label>$LOCALIZE[20084]</label>
						<onclick>Skin.ToggleSetting(HomePageWeatherInfo)</onclick>
						<selected>Skin.HasSetting(HomePageWeatherInfo)</selected>
						<texturefocus>MenuItemFO.png</texturefocus>
						<texturenofocus>MenuItemNF.png</texturenofocus>
						<visible>!String.IsEmpty(Weather.Plugin)</visible>
						<enable>Skin.HasSetting(NoLogo)</enable>
					</control>
					<control type="radiobutton" id="206">
						<description>Hide KODI logo in Home</description>
						<width>750</width>
						<height>40</height>
						<font>font13</font>
						<textcolor>grey2</textcolor>
						<focusedcolor>white</focusedcolor>
						<label>$LOCALIZE[80001]</label>
						<onclick>Skin.ToggleSetting(NoLogo)</onclick>
						<selected>!Skin.HasSetting(NoLogo)</selected>
						<texturefocus>MenuItemFO.png</texturefocus>
						<texturenofocus>MenuItemNF.png</texturenofocus>
						<enable>!Skin.HasSetting(HomePageWeatherInfo)</enable>
					</control>
					<control type="radiobutton" id="207">
						<description>No Player panel</description>
						<width>750</width>
						<height>40</height>
						<font>font13</font>
						<textcolor>grey2</textcolor>
						<focusedcolor>white</focusedcolor>
						<label>$LOCALIZE[88077]</label>
						<onclick>Skin.ToggleSetting(HidePlayerPanel)</onclick>
						<selected>!Skin.HasSetting(HidePlayerPanel)</selected>
						<texturefocus>MenuItemFO.png</texturefocus>
						<texturenofocus>MenuItemNF.png</texturenofocus>
					</control>
					<control type="radiobutton" id="208">
						<description>Enable Stats Bar</description>
						<width>750</width>
						<height>40</height>
						<font>font13</font>
						<textcolor>grey2</textcolor>
						<focusedcolor>white</focusedcolor>
						<label>$LOCALIZE[88071]</label>
						<onclick>Skin.ToggleSetting(EnableHomeStats)</onclick>
						<selected>Skin.HasSetting(EnableHomeStats)</selected>
						<texturefocus>MenuItemFO.png</texturefocus>
						<texturenofocus>MenuItemNF.png</texturenofocus>
					</control>
					<control type="radiobutton" id="209">
						<description>Enable Search Button</description>
						<width>750</width>
						<height>40</height>
						<font>font13</font>
						<textcolor>grey2</textcolor>
						<focusedcolor>white</focusedcolor>
						<label>$LOCALIZE[90118]</label>
						<onclick>Skin.ToggleSetting(EnableSearchButton)</onclick>
						<selected>Skin.HasSetting(EnableSearchButton)</selected>
						<texturefocus>MenuItemFO.png</texturefocus>
						<texturenofocus>MenuItemNF.png</texturenofocus>
					</control>
					<control type="radiobutton" id="210">
						<description>No Floor Button</description>
						<width>750</width>
						<height>40</height>
						<font>font13</font>
						<textcolor>grey2</textcolor>
						<focusedcolor>white</focusedcolor>
						<label>$LOCALIZE[31111] $LOCALIZE[88075]</label>
						<onclick>Skin.ToggleSetting(NoFloor)</onclick>
						<selected>Skin.HasSetting(NoFloor)</selected>
						<texturefocus>MenuItemFO.png</texturefocus>
						<texturenofocus>MenuItemNF.png</texturenofocus>
					</control>
					<control type="radiobutton" id="211">
						<description>No Floor Everywhere Button</description>
						<width>750</width>
						<height>40</height>
						<font>font13</font>
						<textcolor>grey2</textcolor>
						<focusedcolor>white</focusedcolor>
						<label>$LOCALIZE[31111] $LOCALIZE[88076]</label>
						<onclick>Skin.ToggleSetting(NoFloorAll)</onclick>
						<selected>Skin.HasSetting(NoFloorAll)</selected>
						<texturefocus>MenuItemFO.png</texturefocus>
						<texturenofocus>MenuItemNF.png</texturenofocus>
					</control>
					<control type="label" id="212">
						<description>Images Label</description>
						<width>750</width>
						<height>45</height>
						<font>font13_title</font>
						<label>$LOCALIZE[90103]</label>
						<textcolor>blue</textcolor>
						<shadowcolor>black</shadowcolor>
						<align>left</align>
						<aligny>center</aligny>
					</control>
					<control type="button" id="213">
						<description>Studios Images</description>
						<width>750</width>
						<height>40</height>
						<font>font13</font>
						<label>$LOCALIZE[90104]</label>
						<label2>$VAR[StudiosImagesName]</label2>
						<textcolor>grey2</textcolor>
						<focusedcolor>white</focusedcolor>
						<texturefocus>MenuItemFO.png</texturefocus>
						<texturenofocus>MenuItemNF.png</texturenofocus>
						<onclick condition="!System.HasAddon(script.image.resource.select)">InstallAddon(script.image.resource.select)</onclick>
						<onclick condition="System.HasAddon(script.image.resource.select)">RunScript(script.image.resource.select,property=StudiosImages&amp;type=resource.images.studios)</onclick>
					</control>
					<control type="button" id="214">
						<description>Language Flags</description>
						<width>750</width>
						<height>40</height>
						<font>font13</font>
						<label>$LOCALIZE[90105]</label>
						<label2>$VAR[LanguageFlagsName]</label2>
						<textcolor>grey2</textcolor>
						<focusedcolor>white</focusedcolor>
						<texturefocus>MenuItemFO.png</texturefocus>
						<texturenofocus>MenuItemNF.png</texturenofocus>
						<onclick condition="!System.HasAddon(script.image.resource.select)">InstallAddon(script.image.resource.select)</onclick>
						<onclick condition="System.HasAddon(script.image.resource.select)">RunScript(script.image.resource.select,property=LanguageFlags&amp;type=resource.images.languageflags)</onclick>
					</control>
					<control type="button" id="215">
						<description>Movie Genre Icons</description>
						<width>750</width>
						<height>40</height>
						<font>font13</font>
						<label>$LOCALIZE[90106]</label>
						<label2>$VAR[MovieGenreIconsName]</label2>
						<textcolor>grey2</textcolor>
						<focusedcolor>white</focusedcolor>
						<texturefocus>MenuItemFO.png</texturefocus>
						<texturenofocus>MenuItemNF.png</texturenofocus>
						<onclick condition="!System.HasAddon(script.image.resource.select)">InstallAddon(script.image.resource.select)</onclick>
						<onclick condition="System.HasAddon(script.image.resource.select)">RunScript(script.image.resource.select,property=MovieGenreIcons&amp;type=resource.images.moviegenreicons)</onclick>
					</control>
					<control type="button" id="216">
						<description>Music Genre Icons</description>
						<width>750</width>
						<height>40</height>
						<font>font13</font>
						<label>$LOCALIZE[90107]</label>
						<label2>$VAR[MusicGenreIconsName]</label2>
						<textcolor>grey2</textcolor>
						<focusedcolor>white</focusedcolor>
						<texturefocus>MenuItemFO.png</texturefocus>
						<texturenofocus>MenuItemNF.png</texturenofocus>
						<onclick condition="!System.HasAddon(script.image.resource.select)">InstallAddon(script.image.resource.select)</onclick>
						<onclick condition="System.HasAddon(script.image.resource.select)">RunScript(script.image.resource.select,property=MusicGenreIcons&amp;type=resource.images.musicgenreicons)</onclick>
					</control>
					<control type="button" id="217">
						<description>Weather Icons</description>
						<width>750</width>
						<height>40</height>
						<font>font13</font>
						<label>$LOCALIZE[80004]</label>
						<label2>$VAR[WeatherIconsName]</label2>
						<textcolor>grey2</textcolor>
						<focusedcolor>white</focusedcolor>
						<texturefocus>MenuItemFO.png</texturefocus>
						<texturenofocus>MenuItemNF.png</texturenofocus>
						<onclick condition="!System.HasAddon(script.image.resource.select)">InstallAddon(script.image.resource.select)</onclick>
						<onclick condition="System.HasAddon(script.image.resource.select)">RunScript(script.image.resource.select,property=WeatherIcons&amp;type=resource.images.weathericons)</onclick>
					</control>
					<control type="label" id="218">
						<description>Addons Label</description>
						<width>750</width>
						<height>45</height>
						<font>font13_title</font>
						<label>$LOCALIZE[31200]</label>
						<textcolor>blue</textcolor>
						<shadowcolor>black</shadowcolor>
						<align>left</align>
						<aligny>center</aligny>
					</control>
					<control type="radiobutton" id="219">
						<description>No Slide Addon</description>
						<width>750</width>
						<height>40</height>
						<font>font13</font>
						<textcolor>grey2</textcolor>
						<focusedcolor>white</focusedcolor>
						<label>$LOCALIZE[88073]</label>
						<onclick>Skin.ToggleSetting(NoSlideAddon)</onclick>
						<selected>!Skin.HasSetting(NoSlideAddon)</selected>
						<texturefocus>MenuItemFO.png</texturefocus>
						<texturenofocus>MenuItemNF.png</texturenofocus>
					</control>
					<control type="radiobutton" id="220">
						<description>No Label Addon</description>
						<width>750</width>
						<height>40</height>
						<font>font13</font>
						<textcolor>grey2</textcolor>
						<focusedcolor>white</focusedcolor>
						<label>$LOCALIZE[31111] $LOCALIZE[88074]</label>
						<onclick>Skin.ToggleSetting(NoLabelAddon)</onclick>
						<selected>Skin.HasSetting(NoLabelAddon)</selected>
						<texturefocus>MenuItemFO.png</texturefocus>
						<texturenofocus>MenuItemNF.png</texturenofocus>
					</control>
					<control type="label" id="221">
						<description>Widget Label</description>
						<width>750</width>
						<height>45</height>
						<font>font13_title</font>
						<label>$LOCALIZE[88130]</label>
						<textcolor>blue</textcolor>
						<shadowcolor>black</shadowcolor>
						<align>left</align>
						<aligny>center</aligny>
					</control>
					<control type="radiobutton" id="222">
						<description>No Widget Title</description>
						<width>750</width>
						<height>40</height>
						<font>font13</font>
						<textcolor>grey2</textcolor>
						<focusedcolor>white</focusedcolor>
						<label>$LOCALIZE[31111] $LOCALIZE[88090]</label>
						<onclick>Skin.ToggleSetting(EnableWidgetsTitle)</onclick>
						<selected>!Skin.HasSetting(EnableWidgetsTitle)</selected>
						<texturefocus>MenuItemFO.png</texturefocus>
						<texturenofocus>MenuItemNF.png</texturenofocus>
					</control>
					<control type="button" id="223">
						<description>Widget Limit Items</description>
						<width>750</width>
						<height>40</height>
						<font>font13</font>
						<textcolor>grey2</textcolor>
						<focusedcolor>white</focusedcolor>
						<label>$LOCALIZE[90009]</label>
						<label2>[COLOR=selected]$VAR[WidgetLimitItemsName][/COLOR]</label2>
						<onclick condition="String.IsEmpty(Skin.String(WidgetLimitItems))">Skin.SetString(WidgetLimitItems,10,)</onclick>
						<onclick>Skin.SetNumeric(WidgetLimitItems)</onclick>
						<texturefocus>MenuItemFO.png</texturefocus>
						<texturenofocus>MenuItemNF.png</texturenofocus>
					</control>
					<control type="label" id="224">
						<description>Buttons Label</description>
						<width>750</width>
						<height>45</height>
						<font>font13_title</font>
						<label>$LOCALIZE[88089]</label>
						<textcolor>blue</textcolor>
						<shadowcolor>black</shadowcolor>
						<align>left</align>
						<aligny>center</aligny>
					</control>
					<control type="radiobutton" id="225">
						<description>Hide Power Button</description>
						<width>750</width>
						<height>40</height>
						<font>font13</font>
						<textcolor>grey2</textcolor>
						<focusedcolor>white</focusedcolor>
						<label>$LOCALIZE[31111] $LOCALIZE[88078]</label>
						<onclick>Skin.ToggleSetting(HidePowerButton)</onclick>
						<selected>Skin.HasSetting(HidePowerButton)</selected>
						<texturefocus>MenuItemFO.png</texturefocus>
						<texturenofocus>MenuItemNF.png</texturenofocus>
					</control>
					<control type="button" id="226">
						<description>Power Button Action</description>
						<width>750</width>
						<height>40</height>
						<font>font13</font>
						<textcolor>grey</textcolor>
						<focusedcolor>white</focusedcolor>
						<label>- $LOCALIZE[89708]</label>
						<label2>[COLOR=selected]$VAR[PowerButtonLabel][/COLOR]</label2>
						<texturefocus>MenuItemFO.png</texturefocus>
						<texturenofocus>MenuItemNF.png</texturenofocus>
						<onclick>SetProperty(UsrSelectBtn,UsrPwrBtnCmd,Home)</onclick>
						<onclick>ActivateWindow(2119)</onclick>
						<enable>!Skin.HasSetting(HidePowerButton)</enable>
					</control>
					<control type="radiobutton" id="227">
						<description>Hide Favorites Button</description>
						<width>750</width>
						<height>40</height>
						<font>font13</font>
						<textcolor>grey2</textcolor>
						<focusedcolor>white</focusedcolor>
						<label>$LOCALIZE[31111] $LOCALIZE[88079]</label>
						<onclick>Skin.ToggleSetting(HideFavoritesButton)</onclick>
						<selected>Skin.HasSetting(HideFavoritesButton)</selected>
						<texturefocus>MenuItemFO.png</texturefocus>
						<texturenofocus>MenuItemNF.png</texturenofocus>
					</control>
					<control type="button" id="228">
						<description>Favorites Button Action</description>
						<width>750</width>
						<height>40</height>
						<font>font13</font>
						<textcolor>grey</textcolor>
						<focusedcolor>white</focusedcolor>
						<label>- $LOCALIZE[89708]</label>
						<label2>[COLOR=selected]$VAR[FavoritesButtonLabel][/COLOR]</label2>
						<texturefocus>MenuItemFO.png</texturefocus>
						<texturenofocus>MenuItemNF.png</texturenofocus>
						<onclick>SetProperty(UsrSelectBtn,UsrFavBtnCmd,Home)</onclick>
						<onclick>ActivateWindow(2119)</onclick>
						<enable>!Skin.HasSetting(HideFavoritesButton)</enable>
					</control>
					<control type="label" id="229">
						<description>Debug Label</description>
						<width>750</width>
						<height>45</height>
						<font>font13_title</font>
						<label>$LOCALIZE[88118]</label>
						<textcolor>blue</textcolor>
						<shadowcolor>black</shadowcolor>
						<align>left</align>
						<aligny>center</aligny>
					</control>
					<control type="radiobutton" id="230">
						<description>Enable Skin Debug</description>
						<width>750</width>
						<height>40</height>
						<font>font13</font>
						<textcolor>grey2</textcolor>
						<focusedcolor>white</focusedcolor>
						<label>$LOCALIZE[88119]</label>
						<onclick>Skin.ToggleSetting(EnableSkinDebug)</onclick>
						<selected>Skin.HasSetting(EnableSkinDebug)</selected>
						<onclick>Skin.ToggleDebug</onclick>
						<texturefocus>MenuItemFO.png</texturefocus>
						<texturenofocus>MenuItemNF.png</texturenofocus>
					</control>
					<control type="image" id="231">
						<description>Separator Image</description>
						<height>2</height>
						<texture>separator2.png</texture>
					</control>
					<control type="button" id="232">
						<description>Reset Section</description>
						<width>750</width>
						<height>40</height>
						<font>font13</font>
						<label>$LOCALIZE[10041]</label>
						<textcolor>grey2</textcolor>
						<focusedcolor>white</focusedcolor>
						<texturefocus>MenuItemFO.png</texturefocus>
						<texturenofocus>MenuItemNF.png</texturenofocus>
						<onclick>RunScript(script.skin.helper.service,action=dialogyesno,header=$LOCALIZE[10041],message=$LOCALIZE[10042],yesaction=Skin.Reset(HomePageVideoInfo)|Skin.Reset(HomePageMusicInfo)|Skin.Reset(FullScreenClock)|Skin.Reset(SlideShowInfo)|Skin.Reset(HomePageWeatherInfo)|Skin.Reset(NoLogo)|Skin.Reset(HidePlayerPanel)|Skin.Reset(EnableHomeStats)|Skin.Reset(EnableSearchButton)|Skin.Reset(NoFloor)|Skin.Reset(NoFloorAll)|Skin.Reset(StudiosImages.name)|Skin.Reset(StudiosImages.ext)|Skin.Reset(StudiosImages.path)|Skin.Reset(LanguageFlags.name)|Skin.Reset(LanguageFlags.ext)|Skin.Reset(LanguageFlags.path)|Skin.Reset(MovieGenreIcons.name)|Skin.Reset(MovieGenreIcons.ext)|Skin.Reset(MovieGenreIcons.path)|Skin.Reset(MusicGenreIcons.name)|Skin.Reset(MusicGenreIcons.ext)|Skin.Reset(MusicGenreIcons.path)|Skin.Reset(WeatherIcons.name)|Skin.Reset(WeatherIcons.ext)|Skin.Reset(WeatherIcons.path)|Skin.Reset(WeatherIcons.multi)|Skin.Reset(NoSlideAddon)|Skin.Reset(NoLabelAddon)|Skin.Reset(WidgetLimitItems)|Skin.Reset(EnableWidgetsTitle)|Skin.Reset(HidePowerButton)|Skin.Reset(UsrPwrBtnCmd.Label)|Skin.Reset(UsrPwrBtnCmd.Path)|Skin.Reset(HideFavoritesButton)|Skin.Reset(UsrFavBtnCmd.Label)|Skin.Reset(UsrFavBtnCmd.Path)|Skin.Reset(EnableSkinDebug))</onclick>
					</control>
				</control>
				<control type="scrollbar" id="62">
					<left>1060</left>
					<top>60</top>
					<width>25</width>
					<height>435</height>
					<texturesliderbackground border="0,14,0,14">ScrollBarV.png</texturesliderbackground>
					<texturesliderbar border="0,14,0,14">ScrollBarV_bar.png</texturesliderbar>
					<texturesliderbarfocus border="0,14,0,14">ScrollBarV_bar_focus.png</texturesliderbarfocus>
					<textureslidernib>ScrollBarNib.png</textureslidernib>
					<textureslidernibfocus>ScrollBarNib.png</textureslidernibfocus>
					<onleft>9002</onleft>
					<onright>9000</onright>
					<showonepage>false</showonepage>
					<orientation>vertical</orientation>
					<visible>Container(9000).Hasfocus(2)</visible>
				</control>
				<!-- Main menu -->
				<control type="grouplist" id="9003">
					<visible>Container(9000).Hasfocus(3)</visible>
					<left>290</left>
					<top>60</top>
					<width>750</width>
					<height>435</height>
					<itemgap>-1</itemgap>
					<pagecontrol>63</pagecontrol>
					<onleft>9000</onleft>
					<onright>63</onright>
					<onup>9003</onup>
					<ondown>9003</ondown>
					<control type="label" id="300">
						<description>Main Menu Label</description>
						<width>750</width>
						<height>45</height>
						<font>font13_title</font>
						<label>$LOCALIZE[513]</label>
						<textcolor>blue</textcolor>
						<shadowcolor>black</shadowcolor>
						<align>left</align>
						<aligny>center</aligny>
					</control>
					<control type="button" id="301">
						<description>Manage Main Menu</description>
						<width>750</width>
						<height>40</height>
						<font>font13</font>
						<label>$ADDON[script.skinshortcuts 32071]</label>
						<textcolor>grey2</textcolor>
						<focusedcolor>white</focusedcolor>
						<texturefocus>MenuItemFO.png</texturefocus>
						<texturenofocus>MenuItemNF.png</texturenofocus>
						<onclick>RunScript(script.skinshortcuts,type=manage&amp;group=mainmenu)</onclick>
					</control>
					<control type="button" id="302">
						<description>Manage Power Menu</description>
						<width>750</width>
						<height>40</height>
						<font>font13</font>
						<label>$LOCALIZE[90000]</label>
						<textcolor>grey2</textcolor>
						<focusedcolor>white</focusedcolor>
						<texturefocus>MenuItemFO.png</texturefocus>
						<texturenofocus>MenuItemNF.png</texturenofocus>
						<onclick>RunScript(script.skinshortcuts,type=manage&amp;group=powermenu)</onclick>
					</control>
					<control type="image" id="303">
						<description>Separator Image</description>
						<height>2</height>
						<texture>separator2.png</texture>
					</control>
					<control type="button" id="304">
						<description>Reset All Menu</description>
						<width>750</width>
						<height>40</height>
						<font>font13</font>
						<label>$ADDON[script.skinshortcuts 32037]</label>
						<textcolor>grey2</textcolor>
						<focusedcolor>white</focusedcolor>
						<texturefocus>MenuItemFO.png</texturefocus>
						<texturenofocus>MenuItemNF.png</texturenofocus>
						<onclick>RunScript(script.skinshortcuts,type=resetall)</onclick>
					</control>
					<control type="image" id="305">
						<description>Separator Image</description>
						<height>2</height>
						<texture>separator2.png</texture>
					</control>
					<control type="label" id="306">
						<description>Options Label</description>
						<width>750</width>
						<height>45</height>
						<font>font13_title</font>
						<label>$LOCALIZE[31101]</label>
						<textcolor>blue</textcolor>
						<shadowcolor>black</shadowcolor>
						<align>left</align>
						<aligny>center</aligny>
					</control>
					<control type="radiobutton" id="307">
						<description>Lower Menu Button</description>
						<width>750</width>
						<height>40</height>
						<font>font13</font>
						<textcolor>grey2</textcolor>
						<focusedcolor>white</focusedcolor>
						<label>$LOCALIZE[13333]</label>
						<texturefocus>MenuItemFO.png</texturefocus>
						<texturenofocus>MenuItemNF.png</texturenofocus>
						<onclick>Skin.ToggleSetting(LowerMenu)</onclick>
						<selected>Skin.HasSetting(LowerMenu)</selected>
					</control>
					<control type="radiobutton" id="308">
						<description>Enable Wrap Around Menu</description>
						<width>750</width>
						<height>40</height>
						<font>font13</font>
						<textcolor>grey2</textcolor>
						<focusedcolor>white</focusedcolor>
						<label>$LOCALIZE[88086]</label>
						<texturefocus>MenuItemFO.png</texturefocus>
						<texturenofocus>MenuItemNF.png</texturenofocus>
						<onclick>Skin.ToggleSetting(WrapAroundHomeMenu)</onclick>
						<onclick>Skin.Reset(FixedEndingMenu)</onclick>
						<selected>Skin.HasSetting(WrapAroundHomeMenu)</selected>
					</control>
					<control type="radiobutton" id="309">
						<description>Enable Fixed Ends Menu</description>
						<width>750</width>
						<height>40</height>
						<font>font13</font>
						<textcolor>grey2</textcolor>
						<focusedcolor>white</focusedcolor>
						<label>$LOCALIZE[88087]</label>
						<texturefocus>MenuItemFO.png</texturefocus>
						<texturenofocus>MenuItemNF.png</texturenofocus>
						<onclick>Skin.ToggleSetting(FixedEndingMenu)</onclick>
						<selected>!Skin.HasSetting(FixedEndingMenu)</selected>
						<enable>!Skin.HasSetting(WrapAroundHomeMenu)</enable>
					</control>
					<control type="radiobutton" id="310">
						<description>No Slide SubMenu</description>
						<width>750</width>
						<height>40</height>
						<font>font13</font>
						<textcolor>grey2</textcolor>
						<focusedcolor>white</focusedcolor>
						<label>$LOCALIZE[88072]</label>
						<texturefocus>MenuItemFO.png</texturefocus>
						<texturenofocus>MenuItemNF.png</texturenofocus>
						<onclick>Skin.ToggleSetting(NoSlide)</onclick>
						<selected>!Skin.HasSetting(NoSlide)</selected>
					</control>
					<control type="button" id="311">
						<description>Menu Color</description>
						<width>750</width>
						<height>40</height>
						<font>font13</font>
						<textcolor>grey2</textcolor>
						<focusedcolor>white</focusedcolor>
						<label>$LOCALIZE[88081]</label>
						<label2>$VAR[MenuColorName]</label2>
						<texturefocus>MenuItemFO.png</texturefocus>
						<texturenofocus>MenuItemNF.png</texturenofocus>
						<onclick>ActivateWindow(2210)</onclick>
					</control>
					<control type="button" id="312">
						<description>Startup Focus Control</description>
						<width>750</width>
						<height>40</height>
						<font>font13</font>
						<textcolor>grey2</textcolor>
						<focusedcolor>white</focusedcolor>
						<label>$LOCALIZE[88082]</label>
						<label2>$VAR[MenuFocusName]</label2>
						<texturefocus>MenuItemFO.png</texturefocus>
						<texturenofocus>MenuItemNF.png</texturenofocus>
						<onclick>ActivateWindow(2211)</onclick>
					</control>
					<control type="image" id="313">
						<description>Separator Image</description>
						<height>2</height>
						<texture>separator2.png</texture>
					</control>
					<control type="button" id="314">
						<description>Reset Section</description>
						<width>750</width>
						<height>40</height>
						<font>font13</font>
						<label>$LOCALIZE[10041]</label>
						<textcolor>grey2</textcolor>
						<focusedcolor>white</focusedcolor>
						<texturefocus>MenuItemFO.png</texturefocus>
						<texturenofocus>MenuItemNF.png</texturenofocus>
						<onclick>RunScript(script.skin.helper.service,action=dialogyesno,header=$LOCALIZE[10041],message=$LOCALIZE[10042],yesaction=Skin.Reset(LowerMenu)|Skin.Reset(WrapAroundHomeMenu)|Skin.Reset(FixedEndingMenu)|Skin.Reset(NoSlide)|Skin.Reset(MenuColorName)|Skin.Reset(MenuColor)|Skin.Reset(MenuColor.name)|Skin.Reset(MenuColor.base)|Skin.Reset(CustomFocusName)|Skin.Reset(CustomFocus))</onclick>
					</control>
				</control>
				<control type="scrollbar" id="63">
					<left>1060</left>
					<top>60</top>
					<width>25</width>
					<height>435</height>
					<texturesliderbackground border="0,14,0,14">ScrollBarV.png</texturesliderbackground>
					<texturesliderbar border="0,14,0,14">ScrollBarV_bar.png</texturesliderbar>
					<texturesliderbarfocus border="0,14,0,14">ScrollBarV_bar_focus.png</texturesliderbarfocus>
					<textureslidernib>ScrollBarNib.png</textureslidernib>
					<textureslidernibfocus>ScrollBarNib.png</textureslidernibfocus>
					<onleft>9003</onleft>
					<onright>9000</onright>
					<showonepage>false</showonepage>
					<orientation>vertical</orientation>
					<visible>Container(9000).Hasfocus(3)</visible>
				</control>
				<!-- Widgets -->
				<control type="grouplist" id="9004">
					<visible>Container(9000).Hasfocus(4)</visible>
					<left>290</left>
					<top>60</top>
					<width>750</width>
					<height>435</height>
					<itemgap>-1</itemgap>
					<pagecontrol>64</pagecontrol>
					<onleft>9000</onleft>
					<onright>64</onright>
					<onup>9004</onup>
					<ondown>9004</ondown>
					<include content="HomeMainWidgetsItemSettings">
						<param name="id1" value="41" />
						<param name="title" value="$LOCALIZE[88133]" />
						<param name="setchannelstype" value="TV" />
						<param name="type" value="0" />
					</include>
					<include content="HomeMainWidgetsItemSettings">
						<param name="id1" value="42" />
						<param name="title" value="$LOCALIZE[88134]" />
						<param name="setchannelstype" value="Radio" />
						<param name="type" value="1" />
					</include>
					<control type="image" id="4301">
						<description>Separator Image</description>
						<height>2</height>
						<texture>separator2.png</texture>
					</control>
					<control type="button" id="4302">
						<description>Reset Section</description>
						<width>750</width>
						<height>40</height>
						<font>font13</font>
						<label>$LOCALIZE[10041]</label>
						<textcolor>grey2</textcolor>
						<focusedcolor>white</focusedcolor>
						<texturefocus>MenuItemFO.png</texturefocus>
						<texturenofocus>MenuItemNF.png</texturenofocus>
						<onclick>RunScript(script.skin.helper.service,action=dialogyesno,header=$LOCALIZE[10041],message=$LOCALIZE[10042],yesaction=Skin.Reset(ChannelTV.1.Label)|Skin.Reset(ChannelTV.1.ChannelId)|Skin.Reset(ChannelTV.1.Icon)|Skin.Reset(ChannelTV.2.Label)|Skin.Reset(ChannelTV.2.ChannelId)|Skin.Reset(ChannelTV.2.Icon)|Skin.Reset(ChannelTV.3.Label)|Skin.Reset(ChannelTV.3.ChannelId)|Skin.Reset(ChannelTV.3.Icon)|Skin.Reset(ChannelTV.4.Label)|Skin.Reset(ChannelTV.4.ChannelId)|Skin.Reset(ChannelTV.4.Icon)|Skin.Reset(ChannelTV.5.Label)|Skin.Reset(ChannelTV.5.ChannelId)|Skin.Reset(ChannelTV.5.Icon)|Skin.Reset(ChannelTV.6.Label)|Skin.Reset(ChannelTV.6.ChannelId)|Skin.Reset(ChannelTV.6.Icon)|Skin.Reset(ChannelTV.7.Label)|Skin.Reset(ChannelTV.7.ChannelId)|Skin.Reset(ChannelTV.7.Icon)|Skin.Reset(ChannelTV.8.Label)|Skin.Reset(ChannelTV.8.ChannelId)|Skin.Reset(ChannelTV.8.Icon)|Skin.Reset(ChannelTV.9.Label)|Skin.Reset(ChannelTV.9.ChannelId)|Skin.Reset(ChannelTV.9.Icon)|Skin.Reset(ChannelTV.10.Label)|Skin.Reset(ChannelTV.10.ChannelId)|Skin.Reset(ChannelTV.10.Icon)|Skin.Reset(ChannelRadio.1.Label)|Skin.Reset(ChannelRadio.1.ChannelId)|Skin.Reset(ChannelRadio.1.Icon)|Skin.Reset(ChannelRadio.2.Label)|Skin.Reset(ChannelRadio.2.ChannelId)|Skin.Reset(ChannelRadio.2.Icon)|Skin.Reset(ChannelRadio.3.Label)|Skin.Reset(ChannelRadio.3.ChannelId)|Skin.Reset(ChannelRadio.3.Icon)|Skin.Reset(ChannelRadio.4.Label)|Skin.Reset(ChannelRadio.4.ChannelId)|Skin.Reset(ChannelRadio.4.Icon)|Skin.Reset(ChannelRadio.5.Label)|Skin.Reset(ChannelRadio.5.ChannelId)|Skin.Reset(ChannelRadio.5.Icon)|Skin.Reset(ChannelRadio.6.Label)|Skin.Reset(ChannelRadio.6.ChannelId)|Skin.Reset(ChannelRadio.6.Icon)|Skin.Reset(ChannelRadio.7.Label)|Skin.Reset(ChannelRadio.7.ChannelId)|Skin.Reset(ChannelRadio.7.Icon)|Skin.Reset(ChannelRadio.8.Label)|Skin.Reset(ChannelRadio.8.ChannelId)|Skin.Reset(ChannelRadio.8.Icon)|Skin.Reset(ChannelRadio.9.Label)|Skin.Reset(ChannelRadio.9.ChannelId)|Skin.Reset(ChannelRadio.9.Icon)|Skin.Reset(ChannelRadio.10.Label)|Skin.Reset(ChannelRadio.10.ChannelId)|Skin.Reset(ChannelRadio.10.Icon))</onclick>
					</control>
				</control>
				<control type="scrollbar" id="64">
					<left>1060</left>
					<top>60</top>
					<width>25</width>
					<height>435</height>
					<texturesliderbackground border="0,14,0,14">ScrollBarV.png</texturesliderbackground>
					<texturesliderbar border="0,14,0,14">ScrollBarV_bar.png</texturesliderbar>
					<texturesliderbarfocus border="0,14,0,14">ScrollBarV_bar_focus.png</texturesliderbarfocus>
					<textureslidernib>ScrollBarNib.png</textureslidernib>
					<textureslidernibfocus>ScrollBarNib.png</textureslidernibfocus>
					<onleft>9004</onleft>
					<onright>9000</onright>
					<showonepage>false</showonepage>
					<orientation>vertical</orientation>
					<visible>Container(9000).Hasfocus(4)</visible>
				</control>
				<!-- Background -->
				<control type="grouplist" id="9005">
					<visible>Container(9000).Hasfocus(5)</visible>
					<left>290</left>
					<top>60</top>
					<width>750</width>
					<height>435</height>
					<itemgap>-1</itemgap>
					<pagecontrol>65</pagecontrol>
					<onleft>9000</onleft>
					<onright>65</onright>
					<onup>9005</onup>
					<ondown>9005</ondown>
					<control type="label" id="500">
						<description>Options Label</description>
						<width>750</width>
						<height>45</height>
						<font>font13_title</font>
						<label>$LOCALIZE[31106]</label>
						<textcolor>blue</textcolor>
						<shadowcolor>black</shadowcolor>
						<align>left</align>
						<aligny>center</aligny>
					</control>
					<control type="radiobutton" id="501">
						<description>Hide Background Fanart</description>
						<width>750</width>
						<height>40</height>
						<font>font13</font>
						<label>$LOCALIZE[31119]</label>
						<textcolor>grey2</textcolor>
						<focusedcolor>white</focusedcolor>
						<texturefocus>MenuItemFO.png</texturefocus>
						<texturenofocus>MenuItemNF.png</texturenofocus>
						<onclick>Skin.ToggleSetting(HideBackGroundFanart)</onclick>
						<selected>Skin.HasSetting(HideBackGroundFanart)</selected>
					</control>
					<control type="radiobutton" id="502">
						<description>Hide Visualization Fanart</description>
						<width>750</width>
						<height>40</height>
						<font>font13</font>
						<label>$LOCALIZE[31129]</label>
						<textcolor>grey2</textcolor>
						<focusedcolor>white</focusedcolor>
						<texturefocus>MenuItemFO.png</texturefocus>
						<texturenofocus>MenuItemNF.png</texturenofocus>
						<onclick>Skin.ToggleSetting(HideVisualizationFanart)</onclick>
						<selected>Skin.HasSetting(HideVisualizationFanart)</selected>
					</control>
					<control type="radiobutton" id="503">
						<description>Show Background Video</description>
						<width>750</width>
						<height>40</height>
						<font>font13</font>
						<label>$LOCALIZE[31124]</label>
						<textcolor>grey2</textcolor>
						<focusedcolor>white</focusedcolor>
						<texturefocus>MenuItemFO.png</texturefocus>
						<texturenofocus>MenuItemNF.png</texturenofocus>
						<onclick>Skin.ToggleSetting(ShowBackgroundVideo)</onclick>
						<selected>!Skin.HasSetting(ShowBackgroundVideo)</selected>
					</control>
					<control type="radiobutton" id="504">
						<description>Show Background Visualization</description>
						<width>750</width>
						<height>40</height>
						<font>font13</font>
						<label>$LOCALIZE[31125]</label>
						<textcolor>grey2</textcolor>
						<focusedcolor>white</focusedcolor>
						<texturefocus>MenuItemFO.png</texturefocus>
						<texturenofocus>MenuItemNF.png</texturenofocus>
						<onclick>Skin.ToggleSetting(ShowBackgroundVis)</onclick>
						<selected>!Skin.HasSetting(ShowBackgroundVis)</selected>
					</control>
					<control type="label" id="505">
						<description>Background Label</description>
						<width>750</width>
						<height>45</height>
						<font>font13_title</font>
						<label>$LOCALIZE[31102]</label>
						<textcolor>blue</textcolor>
						<shadowcolor>black</shadowcolor>
						<align>left</align>
						<aligny>center</aligny>
					</control>
					<control type="button" id="506">
						<description>Audio Background</description>
						<width>750</width>
						<height>40</height>
						<font>font13</font>
						<label>$LOCALIZE[90108]</label>
						<label2>$VAR[BackgroundAudioName]</label2>
						<textcolor>grey2</textcolor>
						<focusedcolor>white</focusedcolor>
						<texturefocus>MenuItemFO.png</texturefocus>
						<texturenofocus>MenuItemNF.png</texturenofocus>
						<onclick>SetProperty(setbackgrounds,AudioBackground,home)</onclick>
						<onclick>ActivateWindow(1202)</onclick>
						<enable>Skin.HasSetting(SeparateBackground)</enable>
					</control>
					<control type="button" id="507">
						<description>Home Fanart</description>
						<width>750</width>
						<height>40</height>
						<font>font13</font>
						<label>$LOCALIZE[80003]</label>
						<label2>$VAR[HomeFanartName]</label2>
						<textcolor>grey2</textcolor>
						<focusedcolor>white</focusedcolor>
						<texturefocus>MenuItemFO.png</texturefocus>
						<texturenofocus>MenuItemNF.png</texturenofocus>
						<onclick condition="!System.HasAddon(script.image.resource.select)">InstallAddon(script.image.resource.select)</onclick>
						<onclick condition="System.HasAddon(script.image.resource.select)">RunScript(script.image.resource.select,property=HomeFanart&amp;type=resource.images.skinbackgrounds)</onclick>
						<enable>Skin.HasSetting(SeparateBackground)</enable>
					</control>
					<control type="button" id="508">
						<description>MovieGenre Fanart</description>
						<width>750</width>
						<height>40</height>
						<font>font13</font>
						<label>$LOCALIZE[80006]</label>
						<label2>$VAR[MovieGenreFanartName]</label2>
						<textcolor>grey2</textcolor>
						<focusedcolor>white</focusedcolor>
						<texturefocus>MenuItemFO.png</texturefocus>
						<texturenofocus>MenuItemNF.png</texturenofocus>
						<onclick condition="!System.HasAddon(script.image.resource.select)">InstallAddon(script.image.resource.select)</onclick>
						<onclick condition="System.HasAddon(script.image.resource.select)">RunScript(script.image.resource.select,property=MovieGenreFanart&amp;type=resource.images.moviegenrefanart)</onclick>
					</control>
					<control type="button" id="509">
						<description>Weather Fanart</description>
						<width>750</width>
						<height>40</height>
						<font>font13</font>
						<label>$LOCALIZE[80002]</label>
						<label2>$VAR[WeatherFanartName]</label2>
						<textcolor>grey2</textcolor>
						<focusedcolor>white</focusedcolor>
						<texturefocus>MenuItemFO.png</texturefocus>
						<texturenofocus>MenuItemNF.png</texturenofocus>
						<onclick condition="!System.HasAddon(script.image.resource.select)">InstallAddon(script.image.resource.select)</onclick>
						<onclick condition="System.HasAddon(script.image.resource.select)">RunScript(script.image.resource.select,property=WeatherFanart&amp;type=resource.images.weatherfanart)</onclick>
					</control>
					<control type="radiobutton" id="510">
						<description>Separate Backgrounds</description>
						<width>750</width>
						<height>40</height>
						<font>font13</font>
						<label>$LOCALIZE[89709]</label>
						<textcolor>grey2</textcolor>
						<focusedcolor>white</focusedcolor>
						<texturefocus>MenuItemFO.png</texturefocus>
						<texturenofocus>MenuItemNF.png</texturenofocus>
						<onclick>Skin.ToggleSetting(SeparateBackground)</onclick>
						<selected>Skin.HasSetting(SeparateBackground)</selected>
						<enable>!Skin.HasSetting(UseCustomBackground)</enable>
					</control>
					<control type="radiobutton" id="511">
						<description>Use Custom Background</description>
						<width>750</width>
						<height>40</height>
						<font>font13</font>
						<label>$LOCALIZE[31109]</label>
						<textcolor>grey2</textcolor>
						<focusedcolor>white</focusedcolor>
						<texturefocus>MenuItemFO.png</texturefocus>
						<texturenofocus>MenuItemNF.png</texturenofocus>
						<onclick>Skin.ToggleSetting(UseCustomBackground)</onclick>
						<selected>Skin.HasSetting(UseCustomBackground)</selected>
						<enable>!Skin.HasSetting(SeparateBackground)</enable>
					</control>
					<control type="button" id="512">
						<description>Custom Background Path</description>
						<width>750</width>
						<height>40</height>
						<font>font13</font>
						<label>- $LOCALIZE[31110]</label>
						<label2>[COLOR=selected]$INFO[Skin.String(CustomBackgroundPath)][/COLOR]</label2>
						<textcolor>grey2</textcolor>
						<focusedcolor>white</focusedcolor>
						<texturefocus>MenuItemFO.png</texturefocus>
						<texturenofocus>MenuItemNF.png</texturenofocus>
						<onclick>Skin.SetImage(CustomBackgroundPath)</onclick>
						<enable>Skin.HasSetting(UseCustomBackground)</enable>
					</control>
					<control type="image" id="513">
						<description>Separator Image</description>
						<height>2</height>
						<texture>separator2.png</texture>
					</control>
					<control type="button" id="514">
						<description>Reset Section</description>
						<width>750</width>
						<height>40</height>
						<font>font13</font>
						<label>$LOCALIZE[10041]</label>
						<textcolor>grey2</textcolor>
						<focusedcolor>white</focusedcolor>
						<texturefocus>MenuItemFO.png</texturefocus>
						<texturenofocus>MenuItemNF.png</texturenofocus>
						<onclick>RunScript(script.skin.helper.service,action=dialogyesno,header=$LOCALIZE[10041],message=$LOCALIZE[10042],yesaction=Skin.Reset(HideBackGroundFanart)|Skin.Reset(HideVisualizationFanart)|Skin.Reset(ShowBackgroundVideo)|Skin.Reset(AudioBackground)|Skin.Reset(HomeFanart.name)|Skin.Reset(HomeFanart.path)|Skin.Reset(HomeFanart.ext)|Skin.Reset(MovieGenreFanart.name)|Skin.Reset(MovieGenreFanart.path)|Skin.Reset(MovieGenreFanart.ext)|Skin.Reset(WeatherFanart.name)|Skin.Reset(WeatherFanart.ext)|Skin.Reset(WeatherFanart.path)|Skin.Reset(WeatherFanart.multi)|Skin.Reset(SeparateBackground)|Skin.Reset(UseCustomBackground)|Skin.Reset(CustomBackgroundPath))</onclick>
					</control>
				</control>
				<control type="scrollbar" id="65">
					<left>1060</left>
					<top>60</top>
					<width>25</width>
					<height>435</height>
					<texturesliderbackground border="0,14,0,14">ScrollBarV.png</texturesliderbackground>
					<texturesliderbar border="0,14,0,14">ScrollBarV_bar.png</texturesliderbar>
					<texturesliderbarfocus border="0,14,0,14">ScrollBarV_bar_focus.png</texturesliderbarfocus>
					<textureslidernib>ScrollBarNib.png</textureslidernib>
					<textureslidernibfocus>ScrollBarNib.png</textureslidernibfocus>
					<onleft>9005</onleft>
					<onright>9000</onright>
					<showonepage>false</showonepage>
					<orientation>vertical</orientation>
					<visible>Container(9000).Hasfocus(5)</visible>
				</control>
				<!-- Reset -->
				<control type="grouplist" id="9006">
					<visible>Container(9000).Hasfocus(6)</visible>
					<left>290</left>
					<top>60</top>
					<width>750</width>
					<height>435</height>
					<itemgap>-1</itemgap>
					<pagecontrol/>
					<onleft>9000</onleft>
					<onright>9000</onright>
					<onup>9004</onup>
					<ondown>9004</ondown>
					<control type="label" id="600">
						<description>Restore Skin Label</description>
						<width>750</width>
						<height>45</height>
						<font>font13_title</font>
						<label>$LOCALIZE[13007]</label>
						<textcolor>blue</textcolor>
						<shadowcolor>black</shadowcolor>
						<align>left</align>
						<aligny>center</aligny>
					</control>
					<control type="button" id="601">
						<description>Restore Skin</description>
						<width>750</width>
						<height>40</height>
						<font>font13</font>
						<label>$LOCALIZE[10045]</label>
						<textcolor>grey2</textcolor>
						<focusedcolor>white</focusedcolor>
						<texturefocus>MenuItemFO.png</texturefocus>
						<texturenofocus>MenuItemNF.png</texturenofocus>
						<onclick>RunScript(script.skin.helper.service,action=reset)</onclick>
					</control>
					<control type="label" id="602">
						<description>Backup Label</description>
						<width>750</width>
						<height>45</height>
						<font>font13_title</font>
						<label>$LOCALIZE[90020]</label>
						<textcolor>blue</textcolor>
						<shadowcolor>black</shadowcolor>
						<align>left</align>
						<aligny>center</aligny>
					</control>
					<control type="button" id="603">
						<description>Create Backup</description>
						<width>750</width>
						<height>40</height>
						<font>font13</font>
						<label>$LOCALIZE[90021]</label>
						<textcolor>grey2</textcolor>
						<focusedcolor>white</focusedcolor>
						<texturefocus>MenuItemFO.png</texturefocus>
						<texturenofocus>MenuItemNF.png</texturenofocus>
						<onclick>RunScript(script.skin.helper.service,action=backup)</onclick>
					</control>
					<control type="button" id="604">
						<description>Restore Backup</description>
						<width>750</width>
						<height>40</height>
						<font>font13</font>
						<label>$LOCALIZE[90022]</label>
						<textcolor>grey2</textcolor>
						<focusedcolor>white</focusedcolor>
						<texturefocus>MenuItemFO.png</texturefocus>
						<texturenofocus>MenuItemNF.png</texturenofocus>
						<onclick>RunScript(script.skin.helper.service,action=restore)</onclick>
					</control>
				</control>
			</control>
			<control type="image">
				<description>separator image</description>
				<left>290</left>
				<top>525</top>
				<width>750</width>
				<height>2</height>
				<texture>separator2.png</texture>
				<colordiffuse>40FFFFFF</colordiffuse>
			</control>
			<control type="textbox" id="6">
				<description>Description</description>
				<left>297</left>
				<top>532</top>
				<width>736</width>
				<height>83</height>
				<font>font12</font>
				<align>left</align>
				<textcolor>white</textcolor>
				<autoscroll time="3000" delay="4000" repeat="5000">true</autoscroll>
				<label>$INFO[Container(9000).ListItem.Label2]</label>
			</control>
		</control>
		<include>CommonNowPlaying</include>
		<include>MainWindowMouseButtons</include>
		<include>BehindDialogFadeOut</include>
	</controls>
</window>
