<favourites>
	<favourite name="Movies" thumb="https://i.imgur.com/pmyCOx7.png">ActivateWindow(10025,&quot;plugin://plugin.video.fen/?action=MovieList&amp;iconImage=movies&amp;mode=navigator.main&amp;name=32028&amp;sf_options=fanart%3Dspecial%3A%2F%2Fhome%2Faddons%5Cplugin.video.fen%5Cfanart.png%26meta%3Dlabel%253DMovies%26_options_sf&quot;,return)</favourite>
	<favourite name="Search" thumb="https://i.imgur.com/owsADQ4.png">ActivateWindow(10025,&quot;plugin://plugin.video.fen/?iconImage=search&amp;mode=navigator.search&amp;name=32450&amp;sf_options=fanart%3Dspecial%3A%2F%2Fhome%2Faddons%5Cplugin.video.fen%5Cfanart.png%26meta%3Dlabel%253DSearch%26_options_sf&quot;,return)</favourite>
	<favourite name="Discover" thumb="https://i.imgur.com/PEdc5Bh.png">ActivateWindow(10025,&quot;plugin://plugin.video.fen/?iconImage=discover&amp;mode=navigator.discover_main&amp;name=32451&amp;sf_options=fanart%3Dspecial%3A%2F%2Fhome%2Faddons%5Cplugin.video.fen%5Cfanart.png%26meta%3Dlabel%253DDiscover%26_options_sf&quot;,return)</favourite>
	<favourite name="Popular People" thumb="https://i.imgur.com/UVc9gws.png">PlayMedia(&quot;plugin://plugin.video.fen/?name=32452&amp;iconImage=genre_family&amp;mode=build_popular_people&amp;sf_options=winID%3D10025%26fanart%3Dspecial%3A%2F%2Fhome%2Faddons%5Cplugin.video.fen%5Cfanart.png%26meta%3Dlabel%253DPopular%252BPeople%26_options_sf&quot;)</favourite>
	<favourite name="Favorites" thumb="https://i.imgur.com/uCaIeC6.png">ActivateWindow(10025,&quot;plugin://plugin.video.fen/?iconImage=favourites&amp;mode=navigator.favourites&amp;name=32453&amp;sf_options=fanart%3Dspecial%3A%2F%2Fhome%2Faddons%5Cplugin.video.fen%5Cfanart.png%26meta%3Dlabel%253DFavorites%26_options_sf&quot;,return)</favourite>
	<favourite name="Downloads" thumb="https://i.imgur.com/KkNYKy6.png">ActivateWindow(10025,&quot;plugin://plugin.video.fen/?iconImage=downloads&amp;mode=navigator.downloads&amp;name=32107&amp;sf_options=fanart%3Dspecial%3A%2F%2Fhome%2Faddons%5Cplugin.video.fen%5Cfanart.png%26meta%3Dlabel%253DDownloads%26_options_sf&quot;,return)</favourite>
	<favourite name="My Lists" thumb="https://i.imgur.com/XbEEv9X.png">ActivateWindow(10025,&quot;plugin://plugin.video.fen/?iconImage=lists&amp;mode=navigator.my_content&amp;name=32454&amp;sf_options=fanart%3Dspecial%3A%2F%2Fhome%2Faddons%5Cplugin.video.fen%5Cfanart.png%26meta%3Dlabel%253DMy%252BLists%26_options_sf&quot;,return)</favourite>
	<favourite name="My Services" thumb="https://i.imgur.com/inX030Z.png">ActivateWindow(10025,&quot;plugin://plugin.video.fen/?iconImage=premium&amp;mode=navigator.premium&amp;name=32455&amp;sf_options=fanart%3Dspecial%3A%2F%2Fhome%2Faddons%5Cplugin.video.fen%5Cfanart.png%26meta%3Dlabel%253DMy%252BServices%26_options_sf&quot;,return)</favourite>
	<favourite name="Tools" thumb="https://i.imgur.com/4xBbqSw.png">ActivateWindow(10025,&quot;plugin://plugin.video.fen/?iconImage=settings2&amp;mode=navigator.tools&amp;name=32456&amp;sf_options=fanart%3Dspecial%3A%2F%2Fhome%2Faddons%5Cplugin.video.fen%5Cfanart.png%26meta%3Dlabel%253DTools%26_options_sf&quot;,return)</favourite>
	<favourite name="Settings" thumb="https://i.imgur.com/RDNxy36.png">ActivateWindow(10025,&quot;plugin://plugin.video.fen/?iconImage=settings&amp;mode=navigator.settings&amp;name=32247&amp;sf_options=fanart%3Dspecial%3A%2F%2Fhome%2Faddons%5Cplugin.video.fen%5Cfanart.png%26meta%3Dlabel%253DSettings%26_options_sf&quot;,return)</favourite>
</favourites>