<favourites>
	<favourite name="Free Live News" thumb="special://home/addons/resource.images.skinicons.wide/resources/icons/freelivetv.png">ActivateWindow(10025,&quot;plugin://plugin.video.freelivetv.tva/?sf_options=fanart%3Dspecial%3A%2F%2Fhome%2Faddons%5Cplugin.video.freelivetv.tva%5Cfanart.jpg%26desc%3DPlease+support+the+continued+development+of+Free+Live+TV+by+becoming+a+Patron+%5BCOLOR%0A++++++++++++lightskyblue%5Dhttps%3A%2F%2Fpatreon.m7kodi.dev%2F%5B%2FCOLOR%5D%0A++++++++%26meta%3Dlabel%253DFree%252BLive%252BTV%26_options_sf&quot;,return)</favourite>
	<favourite name="Your Local US News" thumb="special://home/addons\plugin.video.newson\resources\images\icon.png">ActivateWindow(10025,&quot;plugin://plugin.video.newson/local?sf_options=fanart%3Dspecial%3A%2F%2Fhome%2Faddons%5Cplugin.video.newson%5Cresources%5Cimages%5Cfanart.jpg%26meta%3Dvotes%253D0%2526title%253DLocal%252BStations%2526label%253DLocal%252BStations%26_options_sf&quot;,return)</favourite>
	<favourite name="CBS News" thumb="special://home/addons/resource.images.skinicons.wide/resources/APPTV/ustvgo/cbs.png">PlayMedia(&quot;plugin://plugin.video.cbsnetwork/?url=https%3A%2F%2Fdai.google.com%2Fssai%2Fevent%2FSid4xiTQTkCT1SLu6rjUSQ%2Fmaster.m3u8&amp;mode=8&amp;name=CBS+News&amp;sf_options=winID%3D10025%26fanart%3Dhttp%3A%2F%2Fwwwimage.cbsstatic.com%2Fbase%2Ffiles%2Flistings%2Fapi-managed%2Fassets%2Fp21433808_b_h8_aa.jpg%26meta%3Dvotes%253D0%2526title%253DCBS%252BNews%2526label%253DCBS%252BNews%26_options_sf&quot;)</favourite>
	<favourite name="Fido Local" thumb="special://home/addons/resource.images.skinicons.wide/resources/icons/fido.png">ActivateWindow(10025,&quot;plugin://plugin.video.fidoK19/get_list/m3ucat|http://fantazyrepo.uk/addonimages/fido.addon/Livetv/usa.txt|Local?sf_options=fanart%3Dspecial%3A%2F%2Fhome%2Faddons%5Cplugin.video.fidoK19%5Cfanart.jpg%26meta%3Dlabel%253DLocal%26_options_sf&quot;,return)</favourite>
	<favourite name="[COLORwhite][B]Fido NEWS CHANNELS[/B][/COLOR]" thumb="special://home/addons/resource.images.skinicons.wide/resources/icons/localnews.png">ActivateWindow(10025,&quot;plugin://plugin.video.fidoK19/get_list/http://fantazyrepo.uk/addonimages/fido.addon/Livetv/news.txt?sf_options=fanart%3Dhttp%3A%2F%2Ffantazyrepo.uk%2Faddonimages%2Flivetv%2FLiveTV.jpg%26meta%3Dlabel%253D%25255BCOLORwhite%25255D%25255BB%25255DNEWS%252BCHANNELS%25255B%25252FB%25255D%25255B%25252FCOLOR%25255D%26_options_sf&quot;,return)</favourite>
	<favourite name="Fido News + Opinion" thumb="special://home/addons/resource.images.skinicons.wide/resources/icons/fido.png">ActivateWindow(10025,&quot;plugin://plugin.video.fidoK19/get_list/m3ucat|https://bitbucket.org/!api/2.0/snippets/fluxustv/KpaEKX/40b16ee3c4bde59e7ebb0f241474f57158121455/files/FTV-ENG|News + Opinion?sf_options=fanart%3Dspecial%3A%2F%2Fhome%2Faddons%5Cplugin.video.fidoK19%5Cfanart.jpg%26meta%3Dlabel%253DNews%252B%25252B%252BOpinion%26_options_sf&quot;,return)</favourite>
	<favourite name="Fluxus World News" thumb="special://home/addons/resource.images.skinicons.wide/resources/icons/worldchannels.png">ActivateWindow(10025,&quot;plugin://plugin.video.fidoK19/get_list/m3ucat|https://bitbucket.org/!api/2.0/snippets/fluxustv/KpaEKX/40b16ee3c4bde59e7ebb0f241474f57158121455/files/FTV-ENG|World News?sf_options=fanart%3Dspecial%3A%2F%2Fhome%2Faddons%5Cplugin.video.fidoK19%5Cfanart.jpg%26meta%3Dlabel%253DWorld%252BNews%26_options_sf&quot;,return)</favourite>
	<favourite name="Fox News" thumb="special://home/addons/resource.images.skinicons.wide/resources/icons/foxnews.png">ActivateWindow(10025,&quot;plugin://plugin.video.fox.news/?sf_options=fanart%3Dspecial%3A%2F%2Fhome%2Faddons%5Cplugin.video.fox.news%5Cresources%5Cfanart.jpg%26desc%3DFox+News+Videos%26meta%3Dlabel%253DFox%252BNews%26_options_sf&quot;,return)</favourite>
	<favourite name="Newsmax TV" thumb="special://home/addons/resource.images.skinicons.wide/resources/icons/newsmax.png">ActivateWindow(10025,&quot;plugin://plugin.video.newsmax/?sf_options=fanart%3Dspecial%3A%2F%2Fhome%2Faddons%5Cplugin.video.newsmax%5Cresources%5Cmedia%5Cfanart.jpg%26desc%3DNewsmax+TV+is+a+United+States+cable+news+channel+that+is+owned+by+Newsmax+Media.++The+channel+primarily+broadcasts+from+Newsmax%27s+New+York+studio+near+Bryant+Park%2C+carrying+a+news%2Ftalk+format+during+the+day+and+acquired+documentaries+and+films+at+night.+%2AMatrix+Version%2A%26meta%3Dlabel%253DNewsmax%252BTV%26_options_sf&quot;,return)</favourite>
	<favourite name="[COLOR yellow][B]NEW [/COLOR][/B] LOCAL CHANNELS" thumb="special://home/addons/resource.images.skinicons.wide/resources/icons/localnews.png">ActivateWindow(10025,&quot;plugin://plugin.video.madtitansports/airtable/jen/season|CHANNELS|appr3o5CN8XyqgaQL|locals***keykKra5bHtU3ejar?sf_options=meta%3Dvotes%253D0%2526label%253D%252B%25255BCOLOR%252Byellow%25255D%25255BB%25255DNEW%252B%25255B%25252FCOLOR%25255D%25255B%25252FB%25255D%252BLOCAL%252BCHANNELS%26_options_sf&quot;,return)</favourite>
	<favourite name="[COLORred]NEWS [COLORwhite] LIVE[/COLOR]" thumb="special://home/addons/resource.images.skinicons.wide/resources/icons/madtitan.png">ActivateWindow(10025,&quot;plugin://plugin.video.madtitansports/get_list/https://magnetic1.ratpack.appboxes.co/jet/NEWS_CHANNELS_SERVER_channels.json?sf_options=fanart%3Dhttps%3A%2F%2Fmagnetic.website%2FMad%2520Titan%2FNEW%2520MAD%2520TITAN%2520ICONS%2Ffanart.jpg%26meta%3Dvotes%253D0%2526label%253D%25255BCOLORred%25255DNEWS%252B%25255BCOLORwhite%25255D%252BLIVE%25255B%25252FCOLOR%25255D%26_options_sf&quot;,return)</favourite>
	<favourite name="NewsON" thumb="special://home/addons/resource.images.skinicons.wide/resources/icons/newson.png">ActivateWindow(10025,&quot;plugin://plugin.video.newson/?sf_options=fanart%3Dspecial%3A%2F%2Fhome%2Faddons%5Cplugin.video.newson%5Cresources%5Cimages%5Cfanart.jpg%26desc%3DNewsON+provides+instant+access+to+live+or+on-demand+broadcasts+from+over+175+local+stations+in+114+U.S.+markets.+Access+previous+newscasts+for+up+to+48+hours+after+they+air%2C+and+share+interesting+stories+with+the+integrated+social+media+share+function+directly+from+the+app.+Search+for+a+local+station+with+the+interactive+map+or+watch+the+station+closest+to+you+on+smartphones%2C+tablets%2C+or+Roku+streaming+players.+Save+favorite+stations%2C+and+stay+updated+with+breaking+news+alerts+sent+directly+to+mobile+devices+from+the+local+source+of+the+news.+Stay+connected+anytime%2C+anywhere+without+a+cable+subscription+or+login.%26meta%3Dlabel%253DNewsON%26_options_sf&quot;,return)</favourite>
	<favourite name="Pluto Locals" thumb="https://s3.amazonaws.com/pluto.tv/channelcategory/5f7b62fbd924d80007eef7be/Local-1603225623975.png">ActivateWindow(10025,&quot;plugin://plugin.video.plutotv/categories/Local?sf_options=fanart%3Dhttps%3A%2F%2Fs3.amazonaws.com%2Fpluto.tv%2Fchannelcategory%2F5f7b62fbd924d80007eef7be%2FLocal-1603225634464.svg%26meta%3Dvotes%253D0%2526title%253DLocal%2526label%253DLocal%26_options_sf&quot;,return)</favourite>
	<favourite name="News + Opinion" thumb="https://s3.amazonaws.com/pluto.tv/channelcategory/5c12fe491cbd932b678e3d87/News-1583898670733.png">ActivateWindow(10025,&quot;plugin://plugin.video.plutotv/categories/News + Opinion?sf_options=fanart%3Dhttps%3A%2F%2Fs3.amazonaws.com%2Fpluto.tv%2Fchannelcategory%2F5c12fe491cbd932b678e3d87%2FNews-1583898710472.svg%26meta%3Dvotes%253D0%2526title%253DNews%252B%25252B%252BOpinion%2526label%253DNews%252B%25252B%252BOpinion%26_options_sf&quot;,return)</favourite>
	<favourite name="Stirr News &amp; Opinion" thumb="special://home/addons/resource.images.skinicons.wide/resources/icons/stirr.png">ActivateWindow(10025,&quot;plugin://slyguy.stirr.provider/?_=live_tv&amp;code=all&amp;group=News%20%26%20Opinion&amp;sf_options=fanart%3Dspecial%3A%2F%2Fhome%2Faddons%5Cslyguy.stirr.provider%5Cfanart.jpg%26desc%3DNews+%26meta%3Dvotes%253D0%2526plot%253DNews%252B%252526%252BOpinion%25255Cn%25255Cn10%252BChannels%2526title%253DNews%252B%252526%252BOpinion%252B%25252810%252529%2526label%253DNews%252B%252526%252BOpinion%252B%25252810%252529%26_options_sf&quot;,return)</favourite>
	<favourite name="WeatherNation TV" thumb="special://home/addons/resource.images.skinicons.wide/resources/icons/weathernation.png">ActivateWindow(10025,&quot;plugin://plugin.video.weathernation/?sf_options=fanart%3Dspecial%3A%2F%2Fhome%2Faddons%5Cplugin.video.weathernation%5Cresources%5Cmedia%5Cfanart.jpg%26desc%3DDelivers+the+latest+in-depth+local%2C+regional+and+national+weather+video%2C+forecasts%2C+maps%2C+radar%2C+news%2C+satellite+maps+and+alerts+on+WeatherNation.++%2AMatrix+Version%2A%26meta%3Dlabel%253DWeatherNation%252BTV%26_options_sf&quot;,return)</favourite>
</favourites>