<?xml version="1.0" encoding="UTF-8" standalone="yes"?>
<addon id="plugin.audio.radio_de_light" name="Radio.de light" provider-name="Publish3r" version="1.0.1w">
  <requires>
    <import addon="xbmc.python" version="3.0.0"/>
    <import addon="script.module.requests" />
  </requires>
  <extension point="xbmc.python.pluginsource" library="addon.py">
    <provides>audio</provides>
  </extension>
  <extension point="xbmc.addon.metadata">
    <summary lang="de_DE">Radio.de light</summary>
    <description lang="de_DE">Radiostreams von https://www.radio.de</description>
    <language>de</language>
    <platform>all</platform>
    <assets>
        <icon>icon.png</icon>
        <fanart>fanart.jpg</fanart>
    </assets>
  </extension>
</addon>