{
    "items": [
        {
            "day_name": "Pastebin Servers",
            "day_url": "portal-mac-pastebin-servers/"
        },
        {
            "day_name": "2023-12-02",
            "day_url": "portal-mac-2023-12-02/"
        },
        {
            "day_name": "2023-11-29",
            "day_url": "portal-mac-2023-11-29/"
        },
        {
            "day_name": "2023-11-28",
            "day_url": "portal-mac-2023-11-28/"
        },
        {
            "day_name": "2023-11-26",
            "day_url": "portal-mac-2023-11-26/"
        },
        {
            "day_name": "2023-11-24",
            "day_url": "portal-mac-2023-11-24/"
        },
        {
            "day_name": "2023-11-23",
            "day_url": "portal-mac-2023-11-23/"
        },
        {
            "day_name": "2023-11-22",
            "day_url": "portal-mac-2023-11-22/"
        },
        {
            "day_name": "2023-11-21",
            "day_url": "portal-mac-2023-11-21/"
        },
        {
            "day_name": "2023-11-20",
            "day_url": "portal-mac-2023-11-20/"
        },
        {
            "day_name": "2023-11-18",
            "day_url": "portal-mac-2023-11-18/"
        },
        {
            "day_name": "2023-11-17",
            "day_url": "portal-mac-2023-11-17/"
        },
        {
            "day_name": "2023-11-16",
            "day_url": "portal-mac-2023-11-16/"
        },
        {
            "day_name": "2023-11-15",
            "day_url": "portal-mac-2023-11-15/"
        },
        {
            "day_name": "2023-11-14",
            "day_url": "portal-mac-2023-11-14/"
        },
        {
            "day_name": "2023-11-11",
            "day_url": "portal-mac-2023-11-11/"
        },
        {
            "day_name": "2023-11-10",
            "day_url": "portal-mac-2023-11-10/"
        },
        {
            "day_name": "2023-11-08",
            "day_url": "portal-mac-2023-11-08/"
        },
        {
            "day_name": "2023-11-07",
            "day_url": "portal-mac-2023-11-07/"
        },
        {
            "day_name": "2023-11-06",
            "day_url": "portal-mac-2023-11-06/"
        },
        {
            "day_name": "2023-11-05",
            "day_url": "portal-mac-2023-11-05/"
        },
        {
            "day_name": "2023-11-03",
            "day_url": "portal-mac-2023-11-03/"
        },
        {
            "day_name": "2023-11-02",
            "day_url": "portal-mac-2023-11-02/"
        },
        {
            "day_name": "2023-10-31",
            "day_url": "portal-mac-2023-10-31/"
        },
        {
            "day_name": "2023-10-30",
            "day_url": "portal-mac-2023-10-30/"
        },
        {
            "day_name": "2023-10-27",
            "day_url": "portal-mac-2023-10-27/"
        },
        {
            "day_name": "2023-10-25",
            "day_url": "portal-mac-2023-10-25/"
        },
        {
            "day_name": "2023-10-22",
            "day_url": "portal-mac-2023-10-22/"
        },
        {
            "day_name": "2023-10-19",
            "day_url": "portal-mac-2023-10-19/"
        },
        {
            "day_name": "2023-10-16",
            "day_url": "portal-mac-2023-10-16/"
        },
        {
            "day_name": "2023-10-14",
            "day_url": "portal-mac-2023-10-14/"
        },
        {
            "day_name": "2023-10-12",
            "day_url": "portal-mac-2023-10-12/"
        },
        {
            "day_name": "2023-10-03",
            "day_url": "portal-mac-2023-10-03/"
        },
        {
            "day_name": "2023-10-02",
            "day_url": "portal-mac-2023-10-02/"
        },
        {
            "day_name": "2023-09-30",
            "day_url": "portal-mac-2023-09-30/"
        },
        {
            "day_name": "2023-09-28",
            "day_url": "portal-mac-2023-09-28/"
        },
        {
            "day_name": "2023-09-26",
            "day_url": "portal-mac-2023-09-26/"
        },
        {
            "day_name": "2023-09-25",
            "day_url": "portal-mac-2023-09-25/"
        },
        {
            "day_name": "2023-09-24",
            "day_url": "portal-mac-2023-09-24/"
        },
        {
            "day_name": "2023-09-23",
            "day_url": "portal-mac-2023-09-23/"
        },
        {
            "day_name": "2023-09-22",
            "day_url": "portal-mac-2023-09-22/"
        },
        {
            "day_name": "2023-09-20",
            "day_url": "portal-mac-2023-09-20/"
        },
        {
            "day_name": "2023-09-19",
            "day_url": "portal-mac-2023-09-19/"
        },
        {
            "day_name": "2023-09-17",
            "day_url": "portal-mac-2023-09-17/"
        },
        {
            "day_name": "2023-09-16",
            "day_url": "portal-mac-2023-09-16/"
        },
        {
            "day_name": "2023-09-13",
            "day_url": "portal-mac-2023-09-13/"
        },
        {
            "day_name": "2023-09-12",
            "day_url": "portal-mac-2023-09-12/"
        },
        {
            "day_name": "2023-09-04",
            "day_url": "portal-mac-2023-09-04/"
        },
        {
            "day_name": "2023-09-03",
            "day_url": "portal-mac-2023-09-03/"
        },
        {
            "day_name": "2023-09-01",
            "day_url": "portal-mac-2023-09-01/"
        },
        {
            "day_name": "2023-08-31",
            "day_url": "portal-mac-2023-08-31/"
        },
        {
            "day_name": "2023-08-30",
            "day_url": "portal-mac-2023-08-30/"
        },
        {
            "day_name": "2023-08-29",
            "day_url": "portal-mac-2023-08-29/"
        },
        {
            "day_name": "2023-08-28",
            "day_url": "portal-mac-2023-08-28/"
        },
        {
            "day_name": "2023-08-25",
            "day_url": "portal-mac-2023-08-25/"
        },
        {
            "day_name": "2023-08-24",
            "day_url": "portal-mac-2023-08-24/"
        },
        {
            "day_name": "2023-08-23",
            "day_url": "portal-mac-2023-08-23/"
        },
        {
            "day_name": "2023-08-22",
            "day_url": "portal-mac-2023-08-22/"
        },
        {
            "day_name": "2023-08-21",
            "day_url": "portal-mac-2023-08-21/"
        },
        {
            "day_name": "2023-08-20",
            "day_url": "portal-mac-2023-08-20/"
        },
        {
            "day_name": "2023-08-18",
            "day_url": "portal-mac-2023-08-18/"
        },
        {
            "day_name": "2023-08-17",
            "day_url": "portal-mac-2023-08-17/"
        },
        {
            "day_name": "2023-08-16",
            "day_url": "portal-mac-2023-08-16/"
        },
        {
            "day_name": "2023-08-15",
            "day_url": "portal-mac-2023-08-15/"
        },
        {
            "day_name": "2023-08-14",
            "day_url": "portal-mac-2023-08-14/"
        },
        {
            "day_name": "2023-08-13",
            "day_url": "portal-mac-2023-08-13/"
        },
        {
            "day_name": "2023-08-11",
            "day_url": "portal-mac-2023-08-11/"
        },
        {
            "day_name": "2023-08-09",
            "day_url": "portal-mac-2023-08-09/"
        },
        {
            "day_name": "2023-08-07",
            "day_url": "portal-mac-2023-08-07/"
        },
        {
            "day_name": "2023-08-06",
            "day_url": "portal-mac-2023-08-06/"
        },
        {
            "day_name": "2023-08-01",
            "day_url": "portal-mac-2023-08-01/"
        },
        {
            "day_name": "2023-07-30",
            "day_url": "portal-mac-2023-07-30/"
        },
        {
            "day_name": "2023-07-29",
            "day_url": "portal-mac-2023-07-29/"
        },
        {
            "day_name": "2023-07-28",
            "day_url": "portal-mac-2023-07-28/"
        },
        {
            "day_name": "2023-07-26",
            "day_url": "portal-mac-2023-07-26/"
        },
        {
            "day_name": "2023-07-21",
            "day_url": "portal-mac-2023-07-21/"
        },
        {
            "day_name": "2023-07-16",
            "day_url": "portal-mac-2023-07-16/"
        },
        {
            "day_name": "2023-07-14",
            "day_url": "portal-mac-2023-07-14/"
        },
        {
            "day_name": "2023-07-13",
            "day_url": "portal-mac-2023-07-13/"
        },
        {
            "day_name": "2023-07-12",
            "day_url": "portal-mac-2023-07-12/"
        },
        {
            "day_name": "2023-07-10",
            "day_url": "portal-mac-2023-07-10/"
        },
        {
            "day_name": "2023-07-08",
            "day_url": "portal-mac-2023-07-08/"
        },
        {
            "day_name": "2023-07-05",
            "day_url": "portal-mac-2023-07-05/"
        },
        {
            "day_name": "2023-07-02",
            "day_url": "portal-mac-2023-07-02/"
        },
        {
            "day_name": "2023-07-01",
            "day_url": "portal-mac-2023-07-01/"
        },
        {
            "day_name": "2023-06-30",
            "day_url": "portal-mac-2023-06-30/"
        },
        {
            "day_name": "2023-06-29",
            "day_url": "portal-mac-2023-06-29/"
        },
        {
            "day_name": "2023-06-27",
            "day_url": "portal-mac-2023-06-27/"
        },
        {
            "day_name": "2023-06-26",
            "day_url": "portal-mac-2023-06-26/"
        },
        {
            "day_name": "2023-06-25",
            "day_url": "portal-mac-2023-06-25/"
        },
        {
            "day_name": "2023-06-24",
            "day_url": "portal-mac-2023-06-24/"
        },
        {
            "day_name": "2023-06-23",
            "day_url": "portal-mac-2023-06-23/"
        },
        {
            "day_name": "2023-06-22",
            "day_url": "portal-mac-2023-06-22/"
        },
        {
            "day_name": "2023-06-20",
            "day_url": "portal-mac-2023-06-20/"
        },
        {
            "day_name": "2023-06-18",
            "day_url": "portal-mac-2023-06-18/"
        },
        {
            "day_name": "2023-06-17",
            "day_url": "portal-mac-2023-06-17/"
        },
        {
            "day_name": "2023-06-11",
            "day_url": "portal-mac-2023-06-11/"
        },
        {
            "day_name": "2023-06-07",
            "day_url": "portal-mac-2023-06-07/"
        },
        {
            "day_name": "2023-06-05",
            "day_url": "portal-mac-2023-06-05/"
        },
        {
            "day_name": "2023-06-04",
            "day_url": "portal-mac-2023-06-04/"
        },
        {
            "day_name": "2023-06-03",
            "day_url": "portal-mac-2023-06-03/"
        },
        {
            "day_name": "2023-06-02",
            "day_url": "portal-mac-2023-06-02/"
        },
        {
            "day_name": "2023-05-30",
            "day_url": "portal-mac-2023-05-30/"
        },
        {
            "day_name": "2023-05-29",
            "day_url": "portal-mac-2023-05-29/"
        },
        {
            "day_name": "2023-05-28",
            "day_url": "portal-mac-2023-05-28/"
        },
        {
            "day_name": "2023-05-26",
            "day_url": "portal-mac-2023-05-26/"
        },
        {
            "day_name": "2023-05-25",
            "day_url": "portal-mac-2023-05-25/"
        },
        {
            "day_name": "2023-05-22",
            "day_url": "portal-mac-2023-05-22/"
        },
        {
            "day_name": "2023-05-19",
            "day_url": "portal-mac-2023-05-19/"
        },
        {
            "day_name": "2023-05-17",
            "day_url": "portal-mac-2023-05-17/"
        },
        {
            "day_name": "2023-05-14",
            "day_url": "portal-mac-2023-05-14/"
        },
        {
            "day_name": "2023-05-08",
            "day_url": "portal-mac-2023-05-08/"
        },
        {
            "day_name": "2023-05-07",
            "day_url": "portal-mac-2023-05-07/"
        },
        {
            "day_name": "2023-05-06",
            "day_url": "portal-mac-2023-05-06/"
        },
        {
            "day_name": "2023-05-03",
            "day_url": "portal-mac-2023-05-03/"
        },
        {
            "day_name": "2023-05-02",
            "day_url": "portal-mac-2023-05-02/"
        },
        {
            "day_name": "2023-04-29",
            "day_url": "portal-mac-2023-04-29/"
        },
        {
            "day_name": "2023-04-26",
            "day_url": "portal-mac-2023-04-26/"
        },
        {
            "day_name": "2023-04-24",
            "day_url": "portal-mac-2023-04-24/"
        },
        {
            "day_name": "2023-04-19",
            "day_url": "portal-mac-2023-04-19/"
        },
        {
            "day_name": "2023-04-18",
            "day_url": "portal-mac-2023-04-18/"
        },
        {
            "day_name": "2023-04-17",
            "day_url": "portal-mac-2023-04-17/"
        },
        {
            "day_name": "2023-04-16",
            "day_url": "portal-mac-2023-04-16/"
        },
        {
            "day_name": "2023-04-15",
            "day_url": "portal-mac-2023-04-15/"
        },
        {
            "day_name": "2023-04-14",
            "day_url": "portal-mac-2023-04-14/"
        },
        {
            "day_name": "2023-04-13",
            "day_url": "portal-mac-2023-04-13/"
        },
        {
            "day_name": "2023-04-12",
            "day_url": "portal-mac-2023-04-12/"
        },
        {
            "day_name": "2023-04-11",
            "day_url": "portal-mac-2023-04-11/"
        },
        {
            "day_name": "2023-04-10",
            "day_url": "portal-mac-2023-04-10/"
        },
        {
            "day_name": "2023-04-09",
            "day_url": "portal-mac-2023-04-09/"
        },
        {
            "day_name": "2023-04-07",
            "day_url": "portal-mac-2023-04-07/"
        },
        {
            "day_name": "2023-04-06",
            "day_url": "portal-mac-2023-04-06/"
        },
        {
            "day_name": "2023-04-05",
            "day_url": "portal-mac-2023-04-05/"
        },
        {
            "day_name": "2023-04-04",
            "day_url": "portal-mac-2023-04-04/"
        },
        {
            "day_name": "2023-04-02",
            "day_url": "portal-mac-2023-04-02/"
        },
        {
            "day_name": "2023-04-01",
            "day_url": "portal-mac-2023-04-01/"
        },
        {
            "day_name": "2023-03-30",
            "day_url": "portal-mac-2023-03-30/"
        },
        {
            "day_name": "2023-03-29",
            "day_url": "portal-mac-2023-03-29/"
        },
        {
            "day_name": "2023-03-13",
            "day_url": "portal-mac-2023-03-13/"
        },
        {
            "day_name": "2023-03-11",
            "day_url": "portal-mac-2023-03-11/"
        },
        {
            "day_name": "2023-03-09",
            "day_url": "portal-mac-2023-03-09/"
        },
        {
            "day_name": "2023-03-05",
            "day_url": "portal-mac-2023-03-05/"
        },
        {
            "day_name": "2023-02-17",
            "day_url": "portal-mac-2023-02-17/"
        },
        {
            "day_name": "2023-02-10",
            "day_url": "portal-mac-2023-02-10/"
        },
        {
            "day_name": "2023-02-03",
            "day_url": "portal-mac-2023-02-03/"
        },
        {
            "day_name": "2023-01-30",
            "day_url": "portal-mac-2023-01-30/"
        },
        {
            "day_name": "2023-01-25",
            "day_url": "portal-mac-2023-01-25/"
        },
        {
            "day_name": "2023-01-20",
            "day_url": "portal-mac-2023-01-20/"
        },
        {
            "day_name": "2023-01-17",
            "day_url": "portal-mac-2023-01-17/"
        },
        {
            "day_name": "2023-01-14",
            "day_url": "portal-mac-2023-01-14/"
        },
        {
            "day_name": "2023-01-12",
            "day_url": "portal-mac-2023-01-12/"
        },
        {
            "day_name": "2023-01-04",
            "day_url": "portal-mac-2023-01-04/"
        },
        {
            "day_name": "2022-12-23",
            "day_url": "portal-mac-2022-12-23/"
        },
        {
            "day_name": "2022-12-19",
            "day_url": "portal-mac-2022-12-19/"
        },
        {
            "day_name": "2022-12-13",
            "day_url": "portal-mac-2022-12-13/"
        },
        {
            "day_name": "2022-12-08",
            "day_url": "portal-mac-2022-12-08/"
        },
        {
            "day_name": "2022-12-02",
            "day_url": "portal-mac-2022-12-02/"
        },
        {
            "day_name": "2022-11-27",
            "day_url": "portal-mac-2022-11-27/"
        },
        {
            "day_name": "2022-11-24",
            "day_url": "portal-mac-2022-11-24/"
        },
        {
            "day_name": "2022-11-21",
            "day_url": "portal-mac-2022-11-21/"
        },
        {
            "day_name": "2022-11-18",
            "day_url": "portal-mac-2022-11-18/"
        },
        {
            "day_name": "2022-11-15",
            "day_url": "portal-mac-2022-11-15/"
        },
        {
            "day_name": "2022-11-12",
            "day_url": "portal-mac-2022-11-12/"
        },
        {
            "day_name": "2022-11-11",
            "day_url": "portal-mac-2022-11-11/"
        },
        {
            "day_name": "2022-11-08",
            "day_url": "portal-mac-2022-11-08/"
        },
        {
            "day_name": "2022-11-05",
            "day_url": "portal-mac-2022-11-05/"
        },
        {
            "day_name": "2022-11-04",
            "day_url": "portal-mac-2022-11-04/"
        },
        {
            "day_name": "2022-11-01",
            "day_url": "portal-mac-2022-11-01/"
        },
        {
            "day_name": "2022-10-28",
            "day_url": "portal-mac-2022-10-28/"
        },
        {
            "day_name": "2022-10-26",
            "day_url": "portal-mac-2022-10-26/"
        },
        {
            "day_name": "2022-10-23",
            "day_url": "portal-mac-2022-10-23/"
        },
        {
            "day_name": "2022-10-20",
            "day_url": "portal-mac-2022-10-20/"
        },
        {
            "day_name": "2022-10-19",
            "day_url": "portal-mac-2022-10-19/"
        },
        {
            "day_name": "2022-10-17",
            "day_url": "portal-mac-2022-10-17/"
        },
        {
            "day_name": "2022-10-16",
            "day_url": "portal-mac-2022-10-16/"
        },
        {
            "day_name": "2022-10-13",
            "day_url": "portal-mac-2022-10-13/"
        },
        {
            "day_name": "2022-10-11",
            "day_url": "portal-mac-2022-10-11/"
        },
        {
            "day_name": "2022-10-09",
            "day_url": "portal-mac-2022-10-09/"
        },
        {
            "day_name": "2022-10-07",
            "day_url": "portal-mac-2022-10-07/"
        },
        {
            "day_name": "2022-10-05",
            "day_url": "portal-mac-2022-10-05/"
        },
        {
            "day_name": "2022-10-03",
            "day_url": "portal-mac-2022-10-03/"
        },
        {
            "day_name": "2022-10-01",
            "day_url": "portal-mac-2022-10-01/"
        },
        {
            "day_name": "2022-09-30",
            "day_url": "portal-mac-2022-09-30/"
        },
        {
            "day_name": "2022-09-29",
            "day_url": "portal-mac-2022-09-29/"
        },
        {
            "day_name": "2022-09-27",
            "day_url": "portal-mac-2022-09-27/"
        },
        {
            "day_name": "2022-09-25",
            "day_url": "portal-mac-2022-09-25/"
        },
        {
            "day_name": "2022-09-23",
            "day_url": "portal-mac-2022-09-23/"
        },
        {
            "day_name": "2022-09-21",
            "day_url": "portal-mac-2022-09-21/"
        },
        {
            "day_name": "2022-09-19",
            "day_url": "portal-mac-2022-09-19/"
        },
        {
            "day_name": "2022-09-17",
            "day_url": "portal-mac-2022-09-17/"
        },
        {
            "day_name": "2022-09-16",
            "day_url": "portal-mac-2022-09-16/"
        },
        {
            "day_name": "2022-09-15",
            "day_url": "portal-mac-2022-09-15/"
        },
        {
            "day_name": "2022-09-13",
            "day_url": "portal-mac-2022-09-13/"
        },
        {
            "day_name": "2022-09-11",
            "day_url": "portal-mac-2022-09-11/"
        },
        {
            "day_name": "2022-09-09",
            "day_url": "portal-mac-2022-09-09/"
        },
        {
            "day_name": "2022-09-05",
            "day_url": "portal-mac-2022-09-05/"
        },
        {
            "day_name": "2022-09-04",
            "day_url": "portal-mac-2022-09-04/"
        },
        {
            "day_name": "2022-09-02",
            "day_url": "portal-mac-2022-09-02/"
        },
        {
            "day_name": "2022-08-31",
            "day_url": "portal-mac-2022-08-31/"
        },
        {
            "day_name": "2022-08-29",
            "day_url": "portal-mac-2022-08-29/"
        },
        {
            "day_name": "2022-08-28",
            "day_url": "portal-mac-2022-08-28/"
        },
        {
            "day_name": "2022-08-27",
            "day_url": "portal-mac-2022-08-27/"
        },
        {
            "day_name": "2022-08-26",
            "day_url": "portal-mac-2022-08-26/"
        },
        {
            "day_name": "2022-08-25",
            "day_url": "portal-mac-2022-08-25/"
        },
        {
            "day_name": "2022-08-24",
            "day_url": "portal-mac-2022-08-24/"
        },
        {
            "day_name": "2022-08-23",
            "day_url": "portal-mac-2022-08-23/"
        },
        {
            "day_name": "2022-08-21",
            "day_url": "portal-mac-2022-08-21/"
        },
        {
            "day_name": "2022-08-20",
            "day_url": "portal-mac-2022-08-20/"
        },
        {
            "day_name": "2022-08-17",
            "day_url": "portal-mac-2022-08-17/"
        },
        {
            "day_name": "2022-08-15",
            "day_url": "portal-mac-2022-08-15/"
        },
        {
            "day_name": "2022-08-13",
            "day_url": "portal-mac-2022-08-13/"
        },
        {
            "day_name": "2022-08-11",
            "day_url": "portal-mac-2022-08-11/"
        },
        {
            "day_name": "2022-08-09",
            "day_url": "portal-mac-2022-08-09/"
        },
        {
            "day_name": "2022-08-07",
            "day_url": "portal-mac-2022-08-07/"
        },
        {
            "day_name": "2022-08-05",
            "day_url": "portal-mac-2022-08-05/"
        },
        {
            "day_name": "2022-08-04",
            "day_url": "portal-mac-2022-08-04/"
        },
        {
            "day_name": "2022-08-03",
            "day_url": "portal-mac-2022-08-03/"
        },
        {
            "day_name": "2022-07-31",
            "day_url": "portal-mac-2022-07-31/"
        },
        {
            "day_name": "2022-07-30",
            "day_url": "portal-mac-2022-07-30/"
        },
        {
            "day_name": "2022-07-27",
            "day_url": "portal-mac-2022-07-27/"
        },
        {
            "day_name": "2022-07-24",
            "day_url": "portal-mac-2022-07-24/"
        },
        {
            "day_name": "2022-07-22",
            "day_url": "portal-mac-2022-07-22/"
        },
        {
            "day_name": "2022-07-20",
            "day_url": "portal-mac-2022-07-20/"
        },
        {
            "day_name": "2022-07-17",
            "day_url": "portal-mac-2022-07-17/"
        },
        {
            "day_name": "2022-07-14",
            "day_url": "portal-mac-2022-07-14/"
        },
        {
            "day_name": "2022-07-12",
            "day_url": "portal-mac-2022-07-12/"
        },
        {
            "day_name": "2022-07-10",
            "day_url": "portal-mac-2022-07-10/"
        },
        {
            "day_name": "2022-07-09",
            "day_url": "portal-mac-2022-07-09/"
        },
        {
            "day_name": "2022-07-07",
            "day_url": "portal-mac-2022-07-07/"
        },
        {
            "day_name": "2022-07-03",
            "day_url": "portal-mac-2022-07-03/"
        },
        {
            "day_name": "2022-07-01",
            "day_url": "portal-mac-2022-07-01/"
        },
        {
            "day_name": "2022-06-30",
            "day_url": "portal-mac-2022-06-30/"
        },
        {
            "day_name": "2022-06-27",
            "day_url": "portal-mac-2022-06-27/"
        },
        {
            "day_name": "2022-06-25",
            "day_url": "portal-mac-2022-06-25/"
        },
        {
            "day_name": "2022-06-23",
            "day_url": "portal-mac-2022-06-23/"
        },
        {
            "day_name": "2022-06-22",
            "day_url": "portal-mac-2022-06-22/"
        },
        {
            "day_name": "2022-06-20",
            "day_url": "portal-mac-2022-06-20/"
        },
        {
            "day_name": "2022-06-18",
            "day_url": "portal-mac-2022-06-18/"
        },
        {
            "day_name": "2022-06-16",
            "day_url": "portal-mac-2022-06-16/"
        },
        {
            "day_name": "2022-06-14",
            "day_url": "portal-mac-2022-06-14/"
        },
        {
            "day_name": "2022-06-12",
            "day_url": "portal-mac-2022-06-12/"
        },
        {
            "day_name": "2022-06-08",
            "day_url": "portal-mac-2022-06-08/"
        },
        {
            "day_name": "2022-06-07",
            "day_url": "portal-mac-2022-06-07/"
        },
        {
            "day_name": "2022-06-05",
            "day_url": "portal-mac-2022-06-05/"
        },
        {
            "day_name": "2022-06-04",
            "day_url": "portal-mac-2022-06-04/"
        },
        {
            "day_name": "2022-06-03",
            "day_url": "portal-mac-2022-06-03/"
        },
        {
            "day_name": "2022-06-02",
            "day_url": "portal-mac-2022-06-02/"
        },
        {
            "day_name": "2022-06-01",
            "day_url": "portal-mac-2022-06-01/"
        },
        {
            "day_name": "2022-05-31",
            "day_url": "portal-mac-2022-05-31/"
        },
        {
            "day_name": "2022-05-30",
            "day_url": "portal-mac-2022-05-30/"
        },
        {
            "day_name": "2022-05-29",
            "day_url": "portal-mac-2022-05-29/"
        },
        {
            "day_name": "2022-05-28",
            "day_url": "portal-mac-2022-05-28/"
        },
        {
            "day_name": "2022-05-27",
            "day_url": "portal-mac-2022-05-27/"
        },
        {
            "day_name": "2022-05-26",
            "day_url": "portal-mac-2022-05-26/"
        },
        {
            "day_name": "2022-05-24",
            "day_url": "portal-mac-2022-05-24/"
        },
        {
            "day_name": "2022-05-23",
            "day_url": "portal-mac-2022-05-23/"
        },
        {
            "day_name": "2022-05-22",
            "day_url": "portal-mac-2022-05-22/"
        },
        {
            "day_name": "2022-05-21",
            "day_url": "portal-mac-2022-05-21/"
        },
        {
            "day_name": "2022-05-19",
            "day_url": "portal-mac-2022-05-19/"
        },
        {
            "day_name": "2022-05-17",
            "day_url": "portal-mac-2022-05-17/"
        },
        {
            "day_name": "2022-05-15",
            "day_url": "portal-mac-2022-05-15/"
        },
        {
            "day_name": "2022-05-12",
            "day_url": "portal-mac-2022-05-12/"
        },
        {
            "day_name": "2022-05-11",
            "day_url": "portal-mac-2022-05-11/"
        },
        {
            "day_name": "2022-05-10",
            "day_url": "portal-mac-2022-05-10/"
        },
        {
            "day_name": "2022-05-08",
            "day_url": "portal-mac-2022-05-08/"
        },
        {
            "day_name": "2022-05-07",
            "day_url": "portal-mac-2022-05-07/"
        },
        {
            "day_name": "2022-05-06",
            "day_url": "portal-mac-2022-05-06/"
        },
        {
            "day_name": "2022-05-01",
            "day_url": "portal-mac-2022-05-01/"
        },
        {
            "day_name": "2022-04-30",
            "day_url": "portal-mac-2022-04-30/"
        },
        {
            "day_name": "2022-04-29",
            "day_url": "portal-mac-2022-04-29/"
        },
        {
            "day_name": "2022-04-28",
            "day_url": "portal-mac-2022-04-28/"
        },
        {
            "day_name": "2022-04-26",
            "day_url": "portal-mac-2022-04-26/"
        },
        {
            "day_name": "2022-04-25",
            "day_url": "portal-mac-2022-04-25/"
        },
        {
            "day_name": "2022-04-24",
            "day_url": "portal-mac-2022-04-24/"
        },
        {
            "day_name": "2022-04-23",
            "day_url": "portal-mac-2022-04-23/"
        },
        {
            "day_name": "2022-04-22",
            "day_url": "portal-mac-2022-04-22/"
        },
        {
            "day_name": "2022-04-21",
            "day_url": "portal-mac-2022-04-21/"
        },
        {
            "day_name": "2022-04-20",
            "day_url": "portal-mac-2022-04-20/"
        },
        {
            "day_name": "2022-04-19",
            "day_url": "portal-mac-2022-04-19/"
        },
        {
            "day_name": "2022-04-18",
            "day_url": "portal-mac-2022-04-18/"
        },
        {
            "day_name": "2022-04-17",
            "day_url": "portal-mac-2022-04-17/"
        },
        {
            "day_name": "2022-04-15",
            "day_url": "portal-mac-2022-04-15/"
        },
        {
            "day_name": "2022-04-14",
            "day_url": "portal-mac-2022-04-14/"
        },
        {
            "day_name": "2022-04-13",
            "day_url": "portal-mac-2022-04-13/"
        },
        {
            "day_name": "2022-04-10",
            "day_url": "portal-mac-2022-04-10/"
        },
        {
            "day_name": "2022-04-09",
            "day_url": "portal-mac-2022-04-09/"
        },
        {
            "day_name": "2022-04-07",
            "day_url": "portal-mac-2022-04-07/"
        },
        {
            "day_name": "2022-04-03",
            "day_url": "portal-mac-2022-04-03/"
        },
        {
            "day_name": "2022-03-30",
            "day_url": "portal-mac-2022-03-30/"
        },
        {
            "day_name": "2022-03-28",
            "day_url": "portal-mac-2022-03-28/"
        },
        {
            "day_name": "2022-03-27",
            "day_url": "portal-mac-2022-03-27/"
        },
        {
            "day_name": "2022-03-24",
            "day_url": "portal-mac-2022-03-24/"
        },
        {
            "day_name": "2022-03-23",
            "day_url": "portal-mac-2022-03-23/"
        },
        {
            "day_name": "2022-03-22",
            "day_url": "portal-mac-2022-03-22/"
        },
        {
            "day_name": "2022-03-21",
            "day_url": "portal-mac-2022-03-21/"
        },
        {
            "day_name": "2022-03-20",
            "day_url": "portal-mac-2022-03-20/"
        },
        {
            "day_name": "2022-03-19",
            "day_url": "portal-mac-2022-03-19/"
        },
        {
            "day_name": "2022-03-18",
            "day_url": "portal-mac-2022-03-18/"
        },
        {
            "day_name": "2022-03-17",
            "day_url": "portal-mac-2022-03-17/"
        },
        {
            "day_name": "2022-03-16",
            "day_url": "portal-mac-2022-03-16/"
        },
        {
            "day_name": "2022-03-14",
            "day_url": "portal-mac-2022-03-14/"
        },
        {
            "day_name": "2022-03-13",
            "day_url": "portal-mac-2022-03-13/"
        },
        {
            "day_name": "2022-03-12",
            "day_url": "portal-mac-2022-03-12/"
        },
        {
            "day_name": "2022-03-11",
            "day_url": "portal-mac-2022-03-11/"
        },
        {
            "day_name": "2022-03-10",
            "day_url": "portal-mac-2022-03-10/"
        },
        {
            "day_name": "2022-03-09",
            "day_url": "portal-mac-2022-03-09/"
        },
        {
            "day_name": "2022-03-07",
            "day_url": "portal-mac-2022-03-07/"
        },
        {
            "day_name": "2022-03-06",
            "day_url": "portal-mac-2022-03-06/"
        },
        {
            "day_name": "2022-03-04",
            "day_url": "portal-mac-2022-03-04/"
        },
        {
            "day_name": "2022-03-03",
            "day_url": "portal-mac-2022-03-03/"
        },
        {
            "day_name": "2022-03-02",
            "day_url": "portal-mac-2022-03-02/"
        },
        {
            "day_name": "2022-03-01",
            "day_url": "portal-mac-2022-03-01/"
        },
        {
            "day_name": "2022-02-27",
            "day_url": "portal-mac-2022-02-27/"
        },
        {
            "day_name": "2022-02-25",
            "day_url": "portal-mac-2022-02-25/"
        },
        {
            "day_name": "2022-02-24",
            "day_url": "portal-mac-2022-02-24/"
        },
        {
            "day_name": "2022-02-23",
            "day_url": "portal-mac-2022-02-23/"
        },
        {
            "day_name": "2022-02-20",
            "day_url": "portal-mac-2022-02-20/"
        },
        {
            "day_name": "2022-02-17",
            "day_url": "portal-mac-2022-02-17/"
        },
        {
            "day_name": "2022-02-14",
            "day_url": "portal-mac-2022-02-14/"
        },
        {
            "day_name": "2022-02-11",
            "day_url": "portal-mac-2022-02-11/"
        },
        {
            "day_name": "2022-02-09",
            "day_url": "portal-mac-2022-02-09/"
        },
        {
            "day_name": "2022-02-07",
            "day_url": "portal-mac-2022-02-07/"
        },
        {
            "day_name": "2022-02-05",
            "day_url": "portal-mac-2022-02-05/"
        },
        {
            "day_name": "2021-11-28",
            "day_url": "portal-mac-2021-11-28/"
        },
        {
            "day_name": "2021-11-27",
            "day_url": "portal-mac-2021-11-27/"
        },
        {
            "day_name": "2021-11-26",
            "day_url": "portal-mac-2021-11-26/"
        },
        {
            "day_name": "2021-11-25",
            "day_url": "portal-mac-2021-11-25/"
        },
        {
            "day_name": "2021-11-24",
            "day_url": "portal-mac-2021-11-24/"
        },
        {
            "day_name": "2021-11-23",
            "day_url": "portal-mac-2021-11-23/"
        },
        {
            "day_name": "2021-11-21",
            "day_url": "portal-mac-2021-11-21/"
        },
        {
            "day_name": "2021-11-17",
            "day_url": "portal-mac-2021-11-17/"
        },
        {
            "day_name": "2021-11-15",
            "day_url": "portal-mac-2021-11-15/"
        },
        {
            "day_name": "2021-11-14",
            "day_url": "portal-mac-2021-11-14/"
        },
        {
            "day_name": "2021-11-12",
            "day_url": "portal-mac-2021-11-12/"
        },
        {
            "day_name": "2021-11-10",
            "day_url": "portal-mac-2021-11-10/"
        },
        {
            "day_name": "2021-11-08",
            "day_url": "portal-mac-2021-11-08/"
        },
        {
            "day_name": "2021-11-07",
            "day_url": "portal-mac-2021-11-07/"
        },
        {
            "day_name": "2021-11-06",
            "day_url": "portal-mac-2021-11-06/"
        },
        {
            "day_name": "2021-11-04",
            "day_url": "portal-mac-2021-11-04/"
        },
        {
            "day_name": "2021-11-02",
            "day_url": "portal-mac-2021-11-02/"
        }
    ]
}