<?xml version="1.0" encoding="UTF-8" standalone="yes"?>
<addon id="repository.blacklodgebb" name="Blacklodge repository" version="1.0" provider-name="bleak-lodge">
    <extension point="xbmc.addon.repository" name="Blacklodge repository">
    <dir>
        <info compressed="false">https://bitbucket.org/bleak-lodge/repository.blacklodge/raw/main/addons.xml</info>
        <checksum>https://bitbucket.org/bleak-lodge/repository.blacklodge/raw/main/addons.xml.md5</checksum>
        <datadir zip="true">https://bitbucket.org/bleak-lodge/repository.blacklodge/raw/main/</datadir>
    </dir>
    <dir>
        <info compressed="false">https://raw.githubusercontent.com/Gujal00/smrzips/master/addons.xml</info>
        <checksum>https://raw.githubusercontent.com/Gujal00/smrzips/master/addons.xml.md5</checksum>
        <datadir zip="true">https://raw.githubusercontent.com/Gujal00/smrzips/master/zips/</datadir>
    </dir>
    </extension>
    <extension point="xbmc.addon.metadata">
        <summary>Testing and Learning stuff</summary>
        <description>Blacklodge repo</description>
        <platform>all</platform>
    </extension>
</addon>