<favourites>
	<favourite name="[COLOR goldenrod]Asgard Trakt[/COLOR]" thumb="special://home/addons\plugin.video.asgard\resources\artwork/basic.png">ActivateWindow(10025,&quot;plugin://plugin.video.asgard/?all_w=%7b%7d&amp;data=%20&amp;dates=%20&amp;description=TV&amp;eng_name=%20&amp;episode=%20&amp;fanart=http%3a%2f%2fnarcacist.com%2fimages%2fasg%2ffanart.jpg&amp;fav_status=false&amp;heb_name=%20&amp;iconimage=C%3a%5cUsers%5cJay%5cAppData%5cRoaming%5cKodi%5caddons%5cplugin.video.asgard%5cresources%5cartwork%2fbasic.png&amp;id=%20&amp;image_master&amp;isr=0&amp;last_id&amp;mode=114&amp;mypass&amp;name=%5bCOLOR%20goldenrod%5dAsgard%20Trakt%5b%2fCOLOR%5d&amp;original_title=%20&amp;search_db&amp;season=%20&amp;show_original_year=%20&amp;tmdbid=%20&amp;url=www&amp;video_data=%7b%22title%22%3a%20%22%5bCOLOR%20goldenrod%5dAsgard%20Trakt%5b%2fCOLOR%5d%22%2c%20%22mediatype%22%3a%20%22movie%22%2c%20%22TVshowtitle%22%3a%20%22%22%2c%20%22season%22%3a%200%2c%20%22episode%22%3a%200%2c%20%22OriginalTitle%22%3a%20%22%20%22%2c%20%22rating%22%3a%20%220%22%2c%20%22plot%22%3a%20%22TV%22%2c%20%22Tag%22%3a%20%22None%22%2c%20%22id%22%3a%20%22%20%22%7d&amp;sf_options=fanart%3Dhttp%3A%2F%2Fnarcacist.com%2Fimages%2Fasg%2Ffanart.jpg%26meta%3Dlabel%253D%25255BCOLOR%252Bgoldenrod%25255DAsgard%252BTrakt%25255B%25252FCOLOR%25255D%26_options_sf&quot;,return)</favourite>
	<favourite name="[COLOR goldenrod]Asgard Settings[/COLOR]" thumb="special://home/addons\plugin.video.asgard\resources\artwork/basic.png">PlayMedia(&quot;plugin://plugin.video.asgard/?&amp;mode=151&amp;name=%5BCOLOR+goldenrod%5DAsgard+Settings%5B%2FCOLOR%5D&amp;iconimage=C%3A%5CUsers%5CJay%5CAppData%5CRoaming%5CKodi%5Caddons%5Cplugin.video.asgard%5Cresources%5Cartwork%2Fbasic.png&amp;fanart=http%3A%2F%2Fnarcacist.com%2Fimages%2Fasg%2Ffanart.jpg&amp;description=&amp;url=%3Cbuilt-in+function+id%3E&amp;data=+&amp;original_title=+&amp;id=+&amp;heb_name=+&amp;season=+&amp;episode=+&amp;eng_name=+&amp;show_original_year=+&amp;dates=+&amp;dd=+&amp;all_w=%7B%7D&amp;name=%5BCOLOR+goldenrod%5DAsgard+Settings%5B%2FCOLOR%5D&amp;iconimage=C%3A%5CUsers%5CJay%5CAppData%5CRoaming%5CKodi%5Caddons%5Cplugin.video.asgard%5Cresources%5Cartwork%2Fbasic.png&amp;fanart=http%3A%2F%2Fnarcacist.com%2Fimages%2Fasg%2Ffanart.jpg&amp;description=&amp;data=+&amp;original_title=+&amp;id=+&amp;heb_name=+&amp;season=+&amp;episode=+&amp;eng_name=+&amp;show_original_year=+&amp;dates=+&amp;dd=+&amp;all_w=%7B%7D&amp;sf_options=winID%3D10025%26fanart%3Dhttp%3A%2F%2Fnarcacist.com%2Fimages%2Fasg%2Ffanart.jpg%26meta%3Dvotes%253D0%2526title%253D%25255BCOLOR%252Bgoldenrod%25255DAsgard%252BSettings%25255B%25252FCOLOR%25255D%2526label%253D%25255BCOLOR%252Bgoldenrod%25255DAsgard%252BSettings%25255B%25252FCOLOR%25255D%26_options_sf&quot;)</favourite>
	<favourite name="[COLOR goldenrod]Asgard Resume Watching[/COLOR]" thumb="special://home/addons\plugin.video.asgard\resources\artwork/basic.png">ActivateWindow(10025,&quot;plugin://plugin.video.asgard/?all_w=%7b%7d&amp;data=%20&amp;dates=%20&amp;description=TMDB&amp;eng_name=%20&amp;episode=%20&amp;fanart=http%3a%2f%2fnarcacist.com%2fimages%2fasg%2ffanart.jpg&amp;fav_status=false&amp;heb_name=%20&amp;iconimage=C%3a%5cUsers%5cJay%5cAppData%5cRoaming%5cKodi%5caddons%5cplugin.video.asgard%5cresources%5cartwork%2fbasic.png&amp;id=%20&amp;image_master&amp;isr=0&amp;last_id&amp;mode=158&amp;mypass&amp;name=%5bCOLOR%20goldenrod%5dAsgard%20Resume%20Watching%5b%2fCOLOR%5d&amp;original_title=%20&amp;search_db&amp;season=%20&amp;show_original_year=%20&amp;tmdbid=%20&amp;url=both&amp;video_data=%7b%22title%22%3a%20%22%5bCOLOR%20goldenrod%5dAsgard%20Resume%20Watching%5b%2fCOLOR%5d%22%2c%20%22mediatype%22%3a%20%22movie%22%2c%20%22TVshowtitle%22%3a%20%22%22%2c%20%22season%22%3a%200%2c%20%22episode%22%3a%200%2c%20%22OriginalTitle%22%3a%20%22%20%22%2c%20%22rating%22%3a%20%220%22%2c%20%22plot%22%3a%20%22TMDB%22%2c%20%22Tag%22%3a%20%22None%22%2c%20%22id%22%3a%20%22%20%22%7d&amp;sf_options=fanart%3Dhttp%3A%2F%2Fnarcacist.com%2Fimages%2Fasg%2Ffanart.jpg%26meta%3Dlabel%253D%25255BCOLOR%252Bgoldenrod%25255DAsgard%252BResume%252BWatching%25255B%25252FCOLOR%25255D%26_options_sf&quot;,return)</favourite>
	<favourite name="[COLOR goldenrod]Browse Asgard[/COLOR]" thumb="special://home/addons\plugin.video.asgard\icon.png">ActivateWindow(10025,&quot;plugin://plugin.video.asgard/?sf_options=fanart%3Dspecial%3A%2F%2Fhome%2Faddons%5Cplugin.video.asgard%5Cfanart.jpg%26desc%3D%E2%80%9CAsgard+is+not+a+place%2C+it%27s+a+people.%E2%80%9D%26meta%3Dlabel%253D%25255BCOLOR%252Bgoldenrod%25255DAsgard%25255B%25252FCOLOR%25255D%26_options_sf&quot;,return)</favourite>
</favourites>