<favourites>
	<favourite name="Science Fiction" thumb="https://i.imgur.com/t6Hpwxh.png">ActivateWindow(10025,&quot;plugin://plugin.video.thechains/?all_w=%7b%7d&amp;data=%20&amp;dates=%20&amp;description=Science%20Fiction&amp;eng_name=%20&amp;episode=%20&amp;fanart=https%3a%2f%2fi.imgur.com%2fv5AxE4y.png&amp;fav_status=false&amp;heb_name=%20&amp;iconimage=https%3a%2f%2fi.imgur.com%2ft6Hpwxh.png&amp;id=%20&amp;image_master&amp;isr=0&amp;last_id&amp;mode=189&amp;mypass&amp;name=Science%20Fiction&amp;original_title=%20&amp;search_db&amp;season=%20&amp;show_original_year=%20&amp;tmdbid=%20&amp;url=http%3a%2f%2fthechains24.com%2fSCIENCE%2520FICTION%2fMAIN%2520DIR.txt&amp;video_data=%7b%22title%22%3a%20%22Science%20Fiction%22%2c%20%22mediatype%22%3a%20%22movie%22%2c%20%22TVshowtitle%22%3a%20%22%22%2c%20%22season%22%3a%200%2c%20%22episode%22%3a%200%2c%20%22OriginalTitle%22%3a%20%22%20%22%2c%20%22rating%22%3a%20%220%22%2c%20%22plot%22%3a%20%22Science%20Fiction%22%2c%20%22Tag%22%3a%20%22None%22%2c%20%22id%22%3a%20%22%20%22%7d&amp;sf_options=fanart%3Dhttps%3A%2F%2Fi.imgur.com%2Fv5AxE4y.png%26meta%3Dlabel%253DScience%252BFiction%26_options_sf&quot;,return)</favourite>
	<favourite name="ConTV sci fi" thumb="special://home/addons\plugin.video.contv\resources\icon.png">ActivateWindow(10025,&quot;plugin://plugin.video.contv/?mode=GS&amp;url=https%3a%2f%2fcontv-metax.service.junctiontv.net%2fmetax%2f2.5%2ffeed%2ffilter%2fmax%2fjson%2fgenres%3fdevice%3d__JTV__DEVICE__CODE__%26srh%3dSci%2520Fi%2520%26title_type%3dvideo%26limit%3d0%26allowBook%3dtrue%26distPlatform%3dall%26jloc%3dus&amp;sf_options=fanart%3Dspecial%3A%2F%2Fhome%2Faddons%5Cplugin.video.contv%5Cresourcesfanart.jpg%26meta%3Dvotes%253D0%2526title%253Dsci%252Bfi%2526label%253Dsci%252Bfi%26_options_sf&quot;,return)</favourite>
	<favourite name="Star Wars" thumb="special://home/addons\plugin.video.themoviedb.helper\/resources/icons/themoviedb/default.png">ActivateWindow(10025,&quot;plugin://plugin.video.themoviedb.helper/?info=trakt_userlist&amp;list_name=Star%20Wars&amp;list_slug=star-wars&amp;plugin_category=Star%20Wars&amp;user_slug=rygo92&amp;sf_options=meta%3Dvotes%253D0%2526label%253DStar%252BWars%2526studio%253DRygo%26_options_sf&quot;,return)</favourite>
	<favourite name="Fantasy/Sci-Fi Movies (Top Rated From 1980 to Today)" thumb="special://home/addons\plugin.video.themoviedb.helper\/resources/icons/themoviedb/default.png">ActivateWindow(10025,&quot;plugin://plugin.video.themoviedb.helper/?info=trakt_userlist&amp;list_name=Fantasy%2fSci-Fi%20Movies%20(Top%20Rated%20From%201980%20to%20Today)&amp;list_slug=fantasy-sci-fi-movies-top-rated-from-1980-to-today&amp;plugin_category=Fantasy%2fSci-Fi%20Movies%20(Top%20Rated%20From%201980%20to%20Today)&amp;user_slug=hdlists&amp;sf_options=desc%3DThis+list+is+maintained+by+mdblist.comCreate+your+own%3A+https%3A%2F%2Fmdblist.com%2Flists%2Fhdlists%2Flatest-hd-fantasy-sci-fi-movies-top-rated-from-1980-to-todayUpdated+at+2022-08-02+15%3A55%3A32%26meta%3Dvotes%253D0%2526plot%253DThis%252Blist%252Bis%252Bmaintained%252Bby%252Bmdblist.comCreate%252Byour%252Bown%25253A%252Bhttps%25253A%25252F%25252Fmdblist.com%25252Flists%25252Fhdlists%25252Flatest-hd-fantasy-sci-fi-movies-top-rated-from-1980-to-todayUpdated%252Bat%252B2022-08-02%252B15%25253A55%25253A32%2526label%253DFantasy%25252FSci-Fi%252BMovies%252B%252528Top%252BRated%252BFrom%252B1980%252Bto%252BToday%252529%2526studio%253DHD%252BMovie%252BLists%26_options_sf&quot;,return)</favourite>
	<favourite name="Sci Fi" thumb="special://home/addons\plugin.video.themoviedb.helper\/resources/icons/themoviedb/default.png">ActivateWindow(10025,&quot;plugin://plugin.video.themoviedb.helper/?info=trakt_userlist&amp;list_name=Sci%20Fi&amp;list_slug=sci-fi&amp;plugin_category=Sci%20Fi&amp;user_slug=canconfirm&amp;sf_options=desc%3DRobots%21+Space%21+Aliens%21+Dystopian+Futures%21All+things+that+fascinated+me+as+a+child%2C+and+still+do.+Hope+y%27all+enjoy.Sorry+to+anyone+that+used+the+last+list.+Somehow%2C+I+deleted+by+accident.%26meta%3Dvotes%253D0%2526plot%253DRobots%252521%252BSpace%252521%252BAliens%252521%252BDystopian%252BFutures%252521All%252Bthings%252Bthat%252Bfascinated%252Bme%252Bas%252Ba%252Bchild%25252C%252Band%252Bstill%252Bdo.%252BHope%252By%252527all%252Benjoy.Sorry%252Bto%252Banyone%252Bthat%252Bused%252Bthe%252Blast%252Blist.%252BSomehow%25252C%252BI%252Bdeleted%252Bby%252Baccident.%2526label%253DSci%252BFi%2526studio%253DBinger%26_options_sf&quot;,return)</favourite>
	<favourite name="100 Greatest Sci-Fi Movies" thumb="special://home/addons\plugin.video.themoviedb.helper\/resources/icons/themoviedb/default.png">ActivateWindow(10025,&quot;plugin://plugin.video.themoviedb.helper/?info=trakt_userlist&amp;list_name=100%20Greatest%20Sci-Fi%20Movies&amp;list_slug=100-greatest-sci-fi-movies&amp;plugin_category=100%20Greatest%20Sci-Fi%20Movies&amp;user_slug=codermike&amp;sf_options=desc%3DTaken+from+TotalSciFiOnline.comhttp%3A%2F%2Ftotalscifionline.com%2Ffeatures%2F3809-the-100-greatest-sci-fi-movies%26meta%3Dvotes%253D0%2526plot%253DTaken%252Bfrom%252BTotalSciFiOnline.comhttp%25253A%25252F%25252Ftotalscifionline.com%25252Ffeatures%25252F3809-the-100-greatest-sci-fi-movies%2526label%253D100%252BGreatest%252BSci-Fi%252BMovies%2526studio%253DMike%252BMinutillo%26_options_sf&quot;,return)</favourite>
	<favourite name="Alien Series" thumb="special://home/addons\plugin.video.themoviedb.helper\/resources/icons/themoviedb/default.png">ActivateWindow(10025,&quot;plugin://plugin.video.themoviedb.helper/?info=trakt_userlist&amp;list_name=Alien%20Series&amp;list_slug=alien-series&amp;plugin_category=Alien%20Series&amp;user_slug=strangerer&amp;sf_options=desc%3DGet+away+from+her+you+bitch.%26meta%3Dvotes%253D0%2526plot%253DGet%252Baway%252Bfrom%252Bher%252Byou%252Bbitch.%2526label%253DAlien%252BSeries%2526studio%253DMartin%252BConnelly%26_options_sf&quot;,return)</favourite>
	<favourite name="Paranormal" thumb="special://home/addons\plugin.video.themoviedb.helper\/resources/icons/themoviedb/default.png">ActivateWindow(10025,&quot;plugin://plugin.video.themoviedb.helper/?info=trakt_userlist&amp;list_name=Paranormal&amp;list_slug=paranormal&amp;plugin_category=Paranormal&amp;user_slug=willowwwendy&amp;sf_options=meta%3Dvotes%253D0%2526label%253DParanormal%2526studio%253Dwillowwendy%26_options_sf&quot;,return)</favourite>
	<favourite name="Science Fiction TV" thumb="special://home/addons\plugin.video.themoviedb.helper\/resources/icons/themoviedb/default.png">ActivateWindow(10025,&quot;plugin://plugin.video.themoviedb.helper/?info=trakt_userlist&amp;list_name=Science%20Fiction%20TV&amp;list_slug=science-fiction-tv&amp;plugin_category=Science%20Fiction%20TV&amp;user_slug=caspian024&amp;sf_options=meta%3Dvotes%253D0%2526label%253DScience%252BFiction%252BTV%2526studio%253DJames%252BGardner%26_options_sf&quot;,return)</favourite>
	<favourite name="TubiTV Sci-fi &amp; Fantasy" thumb="http://images.adrise.tv/cU-O3pmyjVNe0UodhOEOQCs-bxA=/640x360/smart/img.adrise.tv/08e40fe7-fb9a-4aae-92ee-801387c0da9f.jpg">ActivateWindow(10025,&quot;plugin://plugin.video.tubi.m7/?mode=sci_fi_and_fantasytubitv-content&amp;rand=5Y5WOO&amp;sf_options=fanart%3Dspecial%3A%2F%2Fhome%2Faddons%5Cplugin.video.tubi.m7%5Cicon.png%26meta%3Dvotes%253D0%2526title%253DSci-fi%252B%252526%252BFantasy%2526label%253DSci-fi%252B%252526%252BFantasy%26_options_sf&quot;,return)</favourite>
	<favourite name="Sci-Fi Action" thumb="DefaultFolder.png">ActivateWindow(10025,&quot;plugin://plugin.video.tubi.m7/?mode=sci_fi_actiontubitv-content&amp;rand=MMJWTG&amp;sf_options=fanart%3Dspecial%3A%2F%2Fhome%2Faddons%5Cplugin.video.tubi.m7%5Cicon.png%26meta%3Dvotes%253D0%2526title%253DSci-Fi%252BAction%2526label%253DSci-Fi%252BAction%26_options_sf&quot;,return)</favourite>
	<favourite name="Sci-Fi Thriller" thumb="DefaultFolder.png">ActivateWindow(10025,&quot;plugin://plugin.video.tubi.m7/?mode=sci_fi_thrillertubitv-content&amp;rand=PIUOP8&amp;sf_options=fanart%3Dspecial%3A%2F%2Fhome%2Faddons%5Cplugin.video.tubi.m7%5Cicon.png%26meta%3Dvotes%253D0%2526title%253DSci-Fi%252BThriller%2526label%253DSci-Fi%252BThriller%26_options_sf&quot;,return)</favourite>
	<favourite name="TubiTV Sci-fi &amp; Fantasy" thumb="http://images.adrise.tv/cU-O3pmyjVNe0UodhOEOQCs-bxA=/640x360/smart/img.adrise.tv/08e40fe7-fb9a-4aae-92ee-801387c0da9f.jpg">ActivateWindow(10025,&quot;plugin://plugin.video.tubi.m7/?mode=sci_fi_and_fantasytubitv-content&amp;rand=0S2IEP&amp;sf_options=fanart%3Dspecial%3A%2F%2Fhome%2Faddons%5Cplugin.video.tubi.m7%5Cicon.png%26meta%3Dvotes%253D0%2526title%253DSci-fi%252B%252526%252BFantasy%2526label%253DSci-fi%252B%252526%252BFantasy%26_options_sf&quot;,return)</favourite>
	<favourite name="Sci-Fi Action" thumb="DefaultFolder.png">ActivateWindow(10025,&quot;plugin://plugin.video.tubi.m7/?mode=sci_fi_actiontubitv-content&amp;rand=38U7FW&amp;sf_options=fanart%3Dspecial%3A%2F%2Fhome%2Faddons%5Cplugin.video.tubi.m7%5Cicon.png%26meta%3Dvotes%253D0%2526title%253DSci-Fi%252BAction%2526label%253DSci-Fi%252BAction%26_options_sf&quot;,return)</favourite>
</favourites>