<settings version="2">
    <setting id="kodi_addon_instance_name">World</setting>
    <setting id="kodi_addon_instance_enabled" default="true">true</setting>
    <setting id="mac">00:1A:79:FB:97:46</setting>
    <setting id="server">http://anonymoustv.club:80/c/</setting>
    <setting id="time_zone">Europe/Zagreb</setting>
    <setting id="connection_timeout" default="true">5</setting>
    <setting id="login" default="true" />
    <setting id="password" default="true" />
    <setting id="guide_preference" default="true">0</setting>
    <setting id="guide_cache" default="true">true</setting>
    <setting id="guide_cache_hours" default="true">24</setting>
    <setting id="epg_timeShift" default="true">0</setting>
    <setting id="xmltv_scope" default="true">0</setting>
    <setting id="xmltv_url" default="true" />
    <setting id="xmltv_path" default="true" />
    <setting id="token" default="true" />
    <setting id="serial_number" default="true" />
    <setting id="device_id" default="true" />
    <setting id="device_id2" default="true" />
    <setting id="signature" default="true" />
</settings>
