<favourites>
	<favourite name="Discover TV Shows" thumb="special://home/addons\plugin.video.seren\fanart-seren-2.jpg">ActivateWindow(10025,&quot;plugin://plugin.video.seren/?action=showsHome&amp;from_widget=false&amp;sf_options=fanart%3Dspecial%3A%2F%2Fhome%2Faddons%5Cplugin.video.seren%5Cfanart-seren-2.jpg%26desc%3DDiscover+TV+shows+that+are+Popular%2C+Trending%2C+Recommended+for+you+and+more.%26meta%3Dvotes%253D0%2526plot%253DDiscover%252BTV%252Bshows%252Bthat%252Bare%252BPopular%25252C%252BTrending%25252C%252BRecommended%252Bfor%252Byou%252Band%252Bmore.%2526label%253DDiscover%252BTV%252BShows%26_options_sf&quot;,return)</favourite>
	<favourite name="My Shows" thumb="special://home/addons\plugin.video.seren\fanart-seren-2.jpg">ActivateWindow(10025,&quot;plugin://plugin.video.seren/?action=myShows&amp;from_widget=false&amp;sf_options=fanart%3Dspecial%3A%2F%2Fhome%2Faddons%5Cplugin.video.seren%5Cfanart-seren-2.jpg%26desc%3DView+shows+and+episodes+based+on+your+Trakt+information%26meta%3Dvotes%253D0%2526plot%253DView%252Bshows%252Band%252Bepisodes%252Bbased%252Bon%252Byour%252BTrakt%252Binformation%2526label%253DMy%252BShows%26_options_sf&quot;,return)</favourite>
	<favourite name="Search..." thumb="special://home/addons\plugin.video.seren\fanart-seren-2.jpg">ActivateWindow(10025,&quot;plugin://plugin.video.seren/?action=searchMenu&amp;from_widget=false&amp;sf_options=fanart%3Dspecial%3A%2F%2Fhome%2Faddons%5Cplugin.video.seren%5Cfanart-seren-2.jpg%26desc%3DSearch+for+movies+or+shows%26meta%3Dvotes%253D0%2526plot%253DSearch%252Bfor%252Bmovies%252Bor%252Bshows%2526label%253DSearch...%26_options_sf&quot;,return)</favourite>
	<favourite name="Tools" thumb="special://home/addons\plugin.video.seren\fanart-seren-2.jpg">ActivateWindow(10025,&quot;plugin://plugin.video.seren/?action=toolsMenu&amp;from_widget=false&amp;sf_options=fanart%3Dspecial%3A%2F%2Fhome%2Faddons%5Cplugin.video.seren%5Cfanart-seren-2.jpg%26desc%3DVariety+of+tools+to+help+solve+issues+or+manage+your+services%26meta%3Dvotes%253D0%2526plot%253DVariety%252Bof%252Btools%252Bto%252Bhelp%252Bsolve%252Bissues%252Bor%252Bmanage%252Byour%252Bservices%2526label%253DTools%26_options_sf&quot;,return)</favourite>
</favourites>