<?xml version="1.0" encoding="UTF-8" standalone="yes"?>
<addon id="plugin.video.forecastweather" name="ForecastWeather GR Cameras" version="1.0.4" provider-name="ManaBLAB,BADROBOT">
  <requires>
    <import addon="xbmc.python" version="3.0.0"/>
  </requires>
  <extension point="xbmc.python.pluginsource" library="main.py">
    <provides>video</provides>
  </extension>
  <extension point="xbmc.addon.metadata">
    <summary lang="en">Live Cameras from forecastweather.gr</summary>
    <description lang="en">Watch live weather cameras from Greece via forecastweather.gr</description>
	<disclaimer lang="el_GR">Αυτό το πρόσθετο δεν σχετίζεται με το επίσημο Kodi ή το forecastweather.gr. Παρέχεται "ως έχει".</disclaimer>
	<disclaimer lang="en_GB">This add-on is not affiliated with official Kodi or forecastweather.gr. It is provided "as is".</disclaimer>
	<license>GPL-3.0-or-later</license>
    <platform>all</platform>
    <assets>
        <icon>icon.png</icon>
    </assets>
	<news lang="el_GR">
v1.0.4
-Αλλαγή content type
v1.0.2
-Βελτίωση Σύνδεσης: συμβατότητα με δίκτυα VPN (όπως το WARP) και συστήματα προστασίας.
-UI και Πλοήγηση: Νέο φιλτράρισμα περιεχομένου για ταχύτερη φόρτωση των κατηγοριών και αυτόματη ενεργοποίηση προβολής εικονιδίων (Thumbnails).
</news>
  </extension>
</addon>