<?xml version="1.0" encoding="UTF-8" standalone="yes"?>
<addon id="plugin.video.forecastweather" name="ForecastWeather GR Cameras" version="1.0.1" provider-name="ManaBLAB,BADROBOT">
  <requires>
    <import addon="xbmc.python" version="3.0.0"/>
  </requires>
  <extension point="xbmc.python.pluginsource" library="main.py">
    <provides>video</provides>
  </extension>
  <extension point="xbmc.addon.metadata">
    <summary lang="en">Live Cameras from forecastweather.gr</summary>
    <description lang="en">Watch live weather cameras from Greece via forecastweather.gr</description>
	<license>GNU GPL, version 2</license>
    <platform>all</platform>
    <assets>
        <icon>icon.png</icon>
    </assets>
  </extension>
</addon>