{
    "name"              : "[COLOR peru]TVone1112[/COLOR][VOD]",
    "api_language"      : "en-US",
    "plugin"            : "plugin.video.tvone1111",
    "fallback"          : {"play_movie": "tvone1112em.json search_movie"},
    "priority"          : 106,
    "play_movie"        : [
                            "plugin://plugin.video.tvone1111/vod_list/2",
                            {"keyboard": "{clearname}"},
                            {"label": "(?i)^(.{clearname}|{clearname}) (\\({year}\\)|{year})"}
                          ],
    "search_movie"        : [
                            "plugin://plugin.video.tvone1111/vod_list/7",
                            {"keyboard": "{clearname}"},
                            {"label": "(?i)^(.{clearname}|{clearname}) (\\({year}\\)|{year})"}
                          ],
    "is_resolvable"     : "false"
}