<?xml version="1.0" encoding="UTF-8" standalone="yes"?>
<addon id="plugin.program.fastskin" name="Skin Fast" version="0.0.1" provider-name="primaeval, mkendo">
    <extension point="xbmc.python.pluginsource" library="addon.py">
            <provides>executable</provides>
    </extension>
    <extension point="xbmc.addon.metadata">
        <reuselanguageinvoker>false</reuselanguageinvoker>
        <description lang="en">Tạo giao diện mới không hiệu ứng.</description>
        <disclaimer lang="en"></disclaimer>
        <language></language>
        <platform>all</platform>
        <license>GPLv2</license>
        <forum></forum>
        <source></source>
        <website></website>
        <assets><icon>icon.png</icon></assets>
    </extension>
</addon>