<favourites>
	<favourite name="Movies" thumb="special://home/addons\plugin.video.ghost\resources\artwork/ghost1.png">ActivateWindow(10025,&quot;plugin://plugin.video.ghost/?all_w=%7b%7d&amp;data=%20&amp;dates=%20&amp;description=Movies&amp;eng_name=%20&amp;episode=%20&amp;fanart=C%3a%5cUsers%5cJay%5cAppData%5cRoaming%5cKodi%5caddons%5cplugin.video.ghost%5cresources%5cartwork%2ffanart1.jpg&amp;fav_status=false&amp;heb_name=%20&amp;iconimage=C%3a%5cUsers%5cJay%5cAppData%5cRoaming%5cKodi%5caddons%5cplugin.video.ghost%5cresources%5cartwork%2fghost1.png&amp;id=%20&amp;image_master&amp;isr=0&amp;last_id&amp;mode=2&amp;mypass&amp;name=Movies&amp;original_title=%20&amp;search_db&amp;season=%20&amp;show_original_year=%20&amp;tmdbid=%20&amp;url=www&amp;video_data=%7b%22title%22%3a%20%22Movies%22%2c%20%22mediatype%22%3a%20%22movie%22%2c%20%22TVshowtitle%22%3a%20%22%22%2c%20%22season%22%3a%200%2c%20%22episode%22%3a%200%2c%20%22OriginalTitle%22%3a%20%22%20%22%2c%20%22rating%22%3a%20%220%22%2c%20%22plot%22%3a%20%22Movies%22%2c%20%22Tag%22%3a%20%22None%22%2c%20%22id%22%3a%20%22%20%22%7d&amp;sf_options=fanart%3Dspecial%3A%2F%2Fhome%2Faddons%5Cplugin.video.ghost%5Cresources%5Cartwork%2Ffanart1.jpg%26meta%3Dlabel%253DMovies%26_options_sf&quot;,return)</favourite>
	<favourite name="Trakt" thumb="special://home/addons\plugin.video.ghost\resources\artwork/ghost1.png">ActivateWindow(10025,&quot;plugin://plugin.video.ghost/?all_w=%7b%7d&amp;data=%20&amp;dates=%20&amp;description=TV&amp;eng_name=%20&amp;episode=%20&amp;fanart=C%3a%5cUsers%5cJay%5cAppData%5cRoaming%5cKodi%5caddons%5cplugin.video.ghost%5cresources%5cartwork%2ffanart1.jpg&amp;fav_status=false&amp;heb_name=%20&amp;iconimage=C%3a%5cUsers%5cJay%5cAppData%5cRoaming%5cKodi%5caddons%5cplugin.video.ghost%5cresources%5cartwork%2fghost1.png&amp;id=%20&amp;image_master&amp;isr=0&amp;last_id&amp;mode=114&amp;mypass&amp;name=Trakt&amp;original_title=%20&amp;search_db&amp;season=%20&amp;show_original_year=%20&amp;tmdbid=%20&amp;url=www&amp;video_data=%7b%22title%22%3a%20%22Trakt%22%2c%20%22mediatype%22%3a%20%22movie%22%2c%20%22TVshowtitle%22%3a%20%22%22%2c%20%22season%22%3a%200%2c%20%22episode%22%3a%200%2c%20%22OriginalTitle%22%3a%20%22%20%22%2c%20%22rating%22%3a%20%220%22%2c%20%22plot%22%3a%20%22TV%22%2c%20%22Tag%22%3a%20%22None%22%2c%20%22id%22%3a%20%22%20%22%7d&amp;sf_options=fanart%3Dspecial%3A%2F%2Fhome%2Faddons%5Cplugin.video.ghost%5Cresources%5Cartwork%2Ffanart1.jpg%26meta%3Dlabel%253DTrakt%26_options_sf&quot;,return)</favourite>
	<favourite name="Search" thumb="special://home/addons\plugin.video.ghost\resources\artwork/ghost1.png">ActivateWindow(10025,&quot;plugin://plugin.video.ghost/?all_w=%7b%7d&amp;data=%20&amp;dates=%20&amp;description=Search&amp;eng_name=%20&amp;episode=%20&amp;fanart=C%3a%5cUsers%5cJay%5cAppData%5cRoaming%5cKodi%5caddons%5cplugin.video.ghost%5cresources%5cartwork%2ffanart1.jpg&amp;fav_status=false&amp;heb_name=%20&amp;iconimage=C%3a%5cUsers%5cJay%5cAppData%5cRoaming%5cKodi%5caddons%5cplugin.video.ghost%5cresources%5cartwork%2fghost1.png&amp;id=%20&amp;image_master&amp;isr=0&amp;last_id&amp;mode=5&amp;mypass&amp;name=Search&amp;original_title=%20&amp;search_db&amp;season=%20&amp;show_original_year=%20&amp;tmdbid=%20&amp;url=www&amp;video_data=%7b%22title%22%3a%20%22Search%22%2c%20%22mediatype%22%3a%20%22movie%22%2c%20%22TVshowtitle%22%3a%20%22%22%2c%20%22season%22%3a%200%2c%20%22episode%22%3a%200%2c%20%22OriginalTitle%22%3a%20%22%20%22%2c%20%22rating%22%3a%20%220%22%2c%20%22plot%22%3a%20%22Search%22%2c%20%22Tag%22%3a%20%22None%22%2c%20%22id%22%3a%20%22%20%22%7d&amp;sf_options=fanart%3Dspecial%3A%2F%2Fhome%2Faddons%5Cplugin.video.ghost%5Cresources%5Cartwork%2Ffanart1.jpg%26meta%3Dlabel%253DSearch%26_options_sf&quot;,return)</favourite>
	<favourite name="Settings" thumb="special://home/addons\plugin.video.ghost\resources\artwork/ghost1.png">PlayMedia(&quot;plugin://plugin.video.ghost/?&amp;mode=151&amp;name=Settings&amp;iconimage=C%3A%5CUsers%5CJay%5CAppData%5CRoaming%5CKodi%5Caddons%5Cplugin.video.ghost%5Cresources%5Cartwork%2Fghost1.png&amp;fanart=C%3A%5CUsers%5CJay%5CAppData%5CRoaming%5CKodi%5Caddons%5Cplugin.video.ghost%5Cresources%5Cartwork%2Ffanart1.jpg&amp;description=&amp;url=0&amp;data=+&amp;original_title=+&amp;id=+&amp;heb_name=+&amp;season=+&amp;episode=+&amp;eng_name=+&amp;show_original_year=+&amp;dates=+&amp;dd=+&amp;all_w=%7B%7D&amp;name=Settings&amp;iconimage=C%3A%5CUsers%5CJay%5CAppData%5CRoaming%5CKodi%5Caddons%5Cplugin.video.ghost%5Cresources%5Cartwork%2Fghost1.png&amp;fanart=C%3A%5CUsers%5CJay%5CAppData%5CRoaming%5CKodi%5Caddons%5Cplugin.video.ghost%5Cresources%5Cartwork%2Ffanart1.jpg&amp;description=&amp;url=0&amp;data=+&amp;original_title=+&amp;id=+&amp;heb_name=+&amp;season=+&amp;episode=+&amp;eng_name=+&amp;show_original_year=+&amp;dates=+&amp;dd=+&amp;all_w=%7B%7D&amp;sf_options=winID%3D10025%26fanart%3Dspecial%3A%2F%2Fhome%2Faddons%5Cplugin.video.ghost%5Cresources%5Cartwork%2Ffanart1.jpg%26meta%3Dvotes%253D0%2526title%253DSettings%2526label%253DSettings%26_options_sf&quot;)</favourite>
</favourites>