<?xml version="1.0" encoding="UTF-8" standalone="yes"?>
<addon id="plugin.program.Forceclose.matrix" version="0.0.1a" name="[COLOR red]Force Close Matrix[/COLOR]" provider-name="Aliunde">
    <extension point="xbmc.python.pluginsource" library="ForceClose.py">
        <provides>executable</provides>
    </extension>
    <extension point="xbmc.addon.metadata">
        <summary lang="en">Force Close Kodi</summary>
        <description lang="en">Force Close Kodi 19 (Matrix).</description>
		<assets>
			<icon>icon.png</icon>
			<fanart>fanart.jpg</fanart>
		</assets>
        <platform>all</platform>
        <forum></forum>
        <website></website>
    </extension>
</addon>
