{
    "name"              : "[B][COLOR orange]Subsmovies [COLOR white](1 Click Link - If available)[/COLOR][/B]",
    "plugin"            : "plugin.video.subsmovies",
    "priority"          : 600,
    "is_resolvable"     : "true",
    "play_movie"        : "plugin://plugin.video.subsmovies/?url=https%3A%2F%2Fsubsmovies.club%2F{title_-}-{year}%2F&amp;title={title_+}+{year}&amp;mode=getLinks&amp;page=1",
    "play_episode"      : "plugin://plugin.video.fen/?mode=play_media&vid_type=episode&query={showname}&year={year}&season={season}&episode={episode}&ep_name={title}&tmdb_id={tmdb}&premiered={firstaired}&plot={info[plot]}"
}