{
    "name"          : "[B][COLOR royalblue]Absolution[/COLOR][/B] [B][COLOR white](Scrapers)[/COLOR][/B]",
    "api_language"  : "en-US",
    "plugin"        : "plugin.video.absolution",
    "priority"      : 6,
    "play_movie"    : [
                        "plugin://plugin.video.absolution/?action=movieSearch",
                        {"position": "1"},
                        {"keyboard": "{clearname}"},
                        {"imdbnumber": "{imdb}"}
                      ],
    "play_episode"  : [
                        "plugin://plugin.video.absolution/?action=tvSearch",
                        {"position": "1"},
                        {"keyboard": "{clearname}"},
                        {"imdbnumber": "{imdb}"},
                        {"season": "{season}"},
                        {"episode": "{episode}"}
                      ],
    "is_resolvable"     : "true"
}