{
    "name" : "[COLOR orange]ΑΤΛΑΣ - [COLOR deeppink]Gamatomovies[/COLOR]",
    "icon"              : "special://home/addons/plugin.video.atlas/resources/icons/gamatomovies.png",
    "plugin"            : "plugin.video.atlas",
    "api_language"      : "en-US",
    "priority"          : 131,
    "is_resolvable"     : "true",
    "play_movie"      : [
                            "plugin://plugin.video.atlas/?mode=121",
                            {"keyboard": "{clearname} {year}"},
                            {"dialog": "clearname"},
                            {"dialog": "clearname"}
                          ],
    "play_episode"    : [
                            "plugin://plugin.video.atlas/?mode=131",
                            {"keyboard": "{clearname}"},
                            {"dialog": "clearname"},
                            {"dialog": "clearname"}
                          ]
}
