{
    "name" : "[COLOR orange]ΑΤΛΑΣ - [COLOR coral]Tainio-mania[COLOR orange] [COLOR white]ενσ/νοι ελλ. υπότιτλοι - ([COLOR lime]1 click[COLOR white])[/COLOR]",
    "icon"              : "special://home/addons/plugin.video.atlas/resources/icons/tainiomania.png",
    "plugin" : "plugin.video.atlas",
    "api_language"      : "en-US",
    "priority" : 4,
    "is_resolvable" : "true",
    "play_movie" : "plugin://plugin.video.atlas/?url=https%3A%2F%2Fcoverapi.store%2Fembed%2F{imdb}%2F&amp;mode=100&amp;name={title_+}",
    "play_episode" : "plugin://plugin.video.atlas/?url=https%3A%2F%2Fcoverapi.store%2Fembed%2F{imdb}%2F&amp;mode=100&amp;name={title_+}"
}