{
    "name": "Scrapee Source Select",
    "plugin": "plugin.video.scrapee",
    "priority": 50,
	"is_resolvable" : "False",
    "play_movie": "plugin://plugin.video.scrapee/?mode=playback.media&media_type=movie&query={name}&year={year}&poster={poster}&title={title}&tmdb_id={id}&autoplay=false",
    "play_episode": "plugin://plugin.video.scrapee/?mode=playback.media&media_type=episode&query={showname}&year={year}&season={season}&episode={episode}&ep_name={title}&tmdb_id={tmdb}&premiered={firstaired}&autoplay=false"
}
