{
    "name": "Fen Auto Play",
    "plugin": "plugin.video.fen",
    "priority": 500,
    "play_movie": "plugin://plugin.video.fen/?mode=playback.media&media_type=movie&query={name}&year={year}&poster={poster}&title={title}&tmdb_id={id}&autoplay=true",
    "play_episode": "plugin://plugin.video.fen/?mode=playback.media&media_type=episode&query={showname}&year={year}&season={season}&episode={episode}&ep_name={title}&tmdb_id={tmdb}&premiered={firstaired}&autoplay=true",
    "is_resolvable": "true"
}