{
    "name": "[COLORgold]Free99 TV Shows[/COLOR](FREE)",
    "plugin": "plugin.video.free99",
    "priority": 100,
    "assert": {
        "play_episode": [
            "showname",
            "season",
            "episode"
        ]
    },
    "play_episode": [
        "plugin://plugin.video.free99/?action=tvshows_searchterm&select=tvshow&name={showname_url}",
        {
            "title": "(?i)^(\\[.*\\])?{showname}(\\[.*\\])?$"
        },
        {
            "return": "true",
            "season": "^{season}$",
            "episode": "^{episode}$"
        },
        {
            "season": "^{season}$"
        },
        {
            "season": "^{season}$",
            "episode": "^{episode}$"
        }
    ],
    "is_resolvable": "false"
}