{
    "name": "[B][COLOR snow]Otaku[/COLOR][/B]",
    "plugin": "plugin.video.otaku",
    "priority": 500,
    "is_resolvable": "false",
    "play_movie": "plugin://plugin.video.otaku/tmdb_helper?title={title_url}&source_select=false&actionArgs=%7B%27tmdb_id%27%3A%20{tmdb}%2C%20%27item_type%27%3A%20%27movie%27%7D",
    "play_episode": "plugin://plugin.video.otaku/tmdb_helper?title={title_url}&source_select=false&actionArgs=%7B%27tmdb_id%27%3A%20{tmdb}%2C%20%27item_type%27%3A%20%27tv%27%2C%20%27season%27%3A%20{season}%2C%20%27episode%27%3A%20{episode}%7D"
}