{
    "name": "[COLORgold]Quicksilver[/COLOR] (FREE AND DEBRID)",
    "plugin": "plugin.video.quicksilver",
    "priority": 500,
    "assert": {
        "play_movie": [
            "title",
            "year"
        ],
        "play_episode": [
            "showname",
            "season",
            "episode"
        ]
    },
    "play_movie": [
        "plugin://plugin.video.quicksilver/?action=movieSearchterm&name={title_url}",
        {
            "title": "(?i)^(\\[.*\\])?.*{title}.*(\\[.*\\])?$",
            "year": "{year}"
        }
    ],
    "play_episode": [
        "plugin://plugin.video.quicksilver/?action=tvSearchterm&name={showname_url}",
        {
            "title": "(?i)^(\\[.*\\])?{showname}(\\[.*\\])?$"
        },
        {
            "return": "true",
            "season": "^{season}$",
            "episode": "^{episode}$"
        },
        {
            "season": "^{season}$"
        },
        {
            "season": "^{season}$",
            "episode": "^{episode}$"
        }
    ],
    "is_resolvable": "false"
}