{
    "name"          : "Scrubsv2(Scrapers) - αναζήτηση...",
    "api_language"  : "en-US",
    "plugin"        : "plugin.video.scrubsv2",
    "priority"      : 5,
    "play_movie"    : [
                        "plugin://plugin.video.scrubsv2/?action=movies_searchterm&name={title_+}&select=movies",
                        {"keyboard": "{clearname}"},
                        {"dialog": "clearname"},
                        {"dialog": "clearname"}
                      ],
    "play_episode"  : [
                        "plugin://plugin.video.scrubsv2/?action=tvshows_searchterm&name={title_+}&select=tvshow",
                        {"keyboard": "{clearname}"},
                        {"imdbnumber": "{imdb}"},
                        {"season": "{season}"},
                        {"episode": "{episode}"}
                      ],
    "is_resolvable"     : "true"
}