{
    "name"          : "[B][COLOR orange]Scrubs v2 - [COLOR white](CoreELEC)[/COLOR][/B]",
    "plugin"        : "plugin.video.scrubsv2",
    "priority"      : 185,
    "play_movie"    : [
                        "plugin://plugin.video.scrubsv2/?action=movies_searchterm&amp;select=movies",
                        {"keyboard": "{clearname}"},
                        {"imdbnumber": "{imdb}"},
                        {"dialog": "clearname"}
                      ],
    "play_episode"  : [
                        "plugin://plugin.video.scrubsv2/?action=tvshows_searchterm&amp;select=tvshow",
                        {"keyboard": "{clearname}"},
                        {"imdbnumber": "{imdb}"},
                        {"season": "{season}"},
                        {"episode": "{episode}"},
                        {"dialog": "clearname"}
                      ],
    "is_resolvable" : "false"
}