{
    "name" : "[COLOR orange]TvSeriesVideo[/COLOR]",
    "plugin"            : "plugin.video.tvseriesvideo",
    "api_language"      : "en-US",
    "priority"          : 143,
    "is_resolvable"     : "true",
    "play_movie"      : [
                            "plugin://plugin.video.tvseriesvideo/?mode=search",
                            {"keyboard": "{clearname}"},
                            {"dialog": "clearname"},
                            {"dialog": "clearname"},
                            {"dialog": "clearname"}
                          ],
    "play_episode"    : [
                            "plugin://plugin.video.tvseriesvideo/?mode=search",
                            {"keyboard": "{clearname}"},
                            {"dialog": "clearname"},
                            {"dialog": "clearname"},
                            {"dialog": "clearname"}
                          ]
}
