{
    "name"              : "Watch Nixtoons",
    "plugin"            : "plugin.video.watchnixtoons2",
    "priority"          : 100,
    "assert"            : {
                            "search_movie":     ["title"],
                            "search_episode":   ["showname"]
                          },
    "search_movie"      : [
                            "plugin://plugin.video.watchnixtoons2/?action=actionSearchMenu&path=%2Fsearch&searchType=movies&searchTitle=Search+Movie+Name",
                            {"keyboard": "{title}"}
                          ],
    "search_episode"    : [
                            "plugin://plugin.video.watchnixtoons2/?action=actionSearchMenu&path=%2Fsearch&searchType=series&searchTitle=Search+Cartoon%2FAnime+Name",
                            {"keyboard": "{showname}"}
                          ]
}