{
    "name"              : "[B][COLOR white]YouTube[COLOR lime] Free[COLOR white] Api Key - [COLOR lime]Τρέιλερ[/COLOR][/B] - αναζήτηση...",
    "icon"              : "https://www.freepnglogos.com/uploads/youtube-logo-png-16.png",
    "plugin"            : "plugin.video.macvod",
    "api_language"      : "en-US",
    "priority"          : 2,
    "is_resolvable"     : "true",
    "play_movie"        : [
                            "plugin://plugin.video.macvod/?action=Buscar_search&extra&page&plot&thumbnail=https%3a%2f%2fi.imgur.com%2fV4gm6sn.jpg&title=%5bCOLOR%20gold%5d%ce%91%ce%bd%ce%b1%ce%b6%ce%ae%cf%84%ce%b7%cf%83%ce%b7%20YouTube%5b%2fCOLOR%5d&url=https%3a%2f%2fwww.youtube.com%2fresults%3fsearch_query%3d",
                            {"keyboard": "{clearname} {year} Gr subs Trailer"},
                            {"dialog": "clearname"},
                            {"dialog": "clearname"}
                          ]
}
