<favourites>
	<favourite name="[COLOR orchid]¤[/COLOR] [B][COLOR white]Search[/COLOR][/B]" thumb="special://home/addons\script.thecrew.artwork\resources\media\thecrew\main_search.png">ActivateWindow(10025,&quot;plugin://plugin.video.thecrew/?action=searchNavigator&amp;sf_options=fanart%3Dspecial%3A%2F%2Fhome%2Faddons%5Cscript.thecrew.artwork%5Cresources%5Cmedia%5Cthecrew%5Cfanart.jpg%26meta%3Dlabel%253D%25255BCOLOR%252Borchid%25255D%2525C2%2525A4%25255B%25252FCOLOR%25255D%252B%25255BB%25255D%25255BCOLOR%252Bwhite%25255DSearch%25255B%25252FCOLOR%25255D%25255B%25252FB%25255D%26_options_sf&quot;,return)</favourite>
	<favourite name="[COLOR orchid]¤[/COLOR] [B][COLOR white]Movies[/COLOR][/B]" thumb="special://home/addons\script.thecrew.artwork\resources\media\thecrew\main_movies.png">ActivateWindow(10025,&quot;plugin://plugin.video.thecrew/?action=movieNavigator&amp;sf_options=fanart%3Dspecial%3A%2F%2Fhome%2Faddons%5Cscript.thecrew.artwork%5Cresources%5Cmedia%5Cthecrew%5Cfanart.jpg%26meta%3Dlabel%253D%25255BCOLOR%252Borchid%25255D%2525C2%2525A4%25255B%25252FCOLOR%25255D%252B%25255BB%25255D%25255BCOLOR%252Bwhite%25255DMovies%25255B%25252FCOLOR%25255D%25255B%25252FB%25255D%26_options_sf&quot;,return)</favourite>
	<favourite name="[COLOR orchid]¤[/COLOR] [B][COLOR white][/COLOR][COLOR orchid][/COLOR][COLOR white]Free 1 Clicks[/COLOR][/B]" thumb="special://home/addons\script.thecrew.artwork\resources\media\thecrew\main_greenhat.png">ActivateWindow(10025,&quot;plugin://plugin.video.thecrew/?action=greenhat&amp;sf_options=fanart%3Dspecial%3A%2F%2Fhome%2Faddons%5Cscript.thecrew.artwork%5Cresources%5Cmedia%5Cthecrew%5Cfanart.jpg%26meta%3Dlabel%253D%25255BCOLOR%252Borchid%25255D%2525C2%2525A4%25255B%25252FCOLOR%25255D%252B%25255BB%25255D%25255BCOLOR%252Bwhite%25255D%25255B%25252FCOLOR%25255D%25255BCOLOR%252Borchid%25255D%25255B%25252FCOLOR%25255D%25255BCOLOR%252Bwhite%25255D1%252BClicks%25255B%25252FCOLOR%25255D%25255B%25252FB%25255D%26_options_sf&quot;,return)</favourite>
	<favourite name="[COLOR orchid]¤[/COLOR] [B][COLOR white][/COLOR][COLOR orchid][/COLOR][COLOR white]Kids[/COLOR][/B]" thumb="special://home/addons\script.thecrew.artwork\resources\media\thecrew\main_greyhat.png">ActivateWindow(10025,&quot;plugin://plugin.video.thecrew/?action=kidsgreyNavigator&amp;sf_options=fanart%3Dspecial%3A%2F%2Fhome%2Faddons%5Cscript.thecrew.artwork%5Cresources%5Cmedia%5Cthecrew%5Cfanart.jpg%26meta%3Dlabel%253D%25255BCOLOR%252Borchid%25255D%2525C2%2525A4%25255B%25252FCOLOR%25255D%252B%25255BB%25255D%25255BCOLOR%252Bwhite%25255D%25255B%25252FCOLOR%25255D%25255BCOLOR%252Borchid%25255D%25255B%25252FCOLOR%25255D%25255BCOLOR%252Bwhite%25255DKids%25255B%25252FCOLOR%25255D%25255B%25252FB%25255D%26_options_sf&quot;,return)</favourite>
	<favourite name="[COLOR dodgerblue]¤ [/COLOR] [B][COLOR white]Play Copied Link - .MP4 ect[/COLOR][/B] [COLOR dodgerblue] ¤[/COLOR]" thumb="special://home/addons/script.thecrew.artwork/resources/media/thecrew/main_greenhat.png">PlayMedia(&quot;plugin://plugin.video.thecrew/?action=play&amp;url=%24doregex%5Bmakelist%5D%7Cregex%3Df46d5678ab77060ae6e03e33add8484a&amp;content=addons&amp;sf_options=winID%3D10025%26fanart%3Dhttp%3A%2F%2Fthechains24.com%2FGREENHAT%2Fgreen.jpg%26meta%3Dvotes%253D0%2526label%253D%25255BCOLOR%252Bdodgerblue%25255D%2525C2%2525A4%252B%25255B%25252FCOLOR%25255D%252B%25255BB%25255D%25255BCOLOR%252Bwhite%25255DPlay%252BCopied%252BLink%252B-%252B.MP4%252Bect%25255B%25252FCOLOR%25255D%25255B%25252FB%25255D%252B%25255BCOLOR%252Bdodgerblue%25255D%252B%2525C2%2525A4%25255B%25252FCOLOR%25255D%26_options_sf&quot;)</favourite>
	<favourite name="[COLOR orchid]¤[/COLOR] [B][COLOR white][/COLOR][COLOR orchid][/COLOR][COLOR white]Boxsets[/COLOR][/B]" thumb="special://home/addons\script.thecrew.artwork\resources\media\thecrew\main_purplehat.png">ActivateWindow(10025,&quot;plugin://plugin.video.thecrew/?action=purplehat&amp;sf_options=fanart%3Dspecial%3A%2F%2Fhome%2Faddons%5Cscript.thecrew.artwork%5Cresources%5Cmedia%5Cthecrew%5Cfanart.jpg%26meta%3Dlabel%253D%25255BCOLOR%252Borchid%25255D%2525C2%2525A4%25255B%25252FCOLOR%25255D%252B%25255BB%25255D%25255BCOLOR%252Bwhite%25255D%25255B%25252FCOLOR%25255D%25255BCOLOR%252Borchid%25255D%25255B%25252FCOLOR%25255D%25255BCOLOR%252Bwhite%25255DCC%252BCollections%25255B%25252FCOLOR%25255D%25255B%25252FB%25255D%26_options_sf&quot;,return)</favourite>
	<favourite name="[COLOR orchid]¤[/COLOR] [B][COLOR white]Tools[/COLOR][/B]" thumb="special://home/addons\script.thecrew.artwork\resources\media\thecrew\main_tools.png">ActivateWindow(10025,&quot;plugin://plugin.video.thecrew/?action=toolNavigator&amp;sf_options=fanart%3Dspecial%3A%2F%2Fhome%2Faddons%5Cscript.thecrew.artwork%5Cresources%5Cmedia%5Cthecrew%5Cfanart.jpg%26meta%3Dlabel%253D%25255BCOLOR%252Borchid%25255D%2525C2%2525A4%25255B%25252FCOLOR%25255D%252B%25255BB%25255D%25255BCOLOR%252Bwhite%25255DTools%25255B%25252FCOLOR%25255D%25255B%25252FB%25255D%26_options_sf&quot;,return)</favourite>
</favourites>