<favourites>
	<favourite name="[COLOR goldenrod]Asgard TV Scrapers[/COLOR]" thumb="special://home/addons\plugin.video.asgard\resources\artwork/basic.png">ActivateWindow(10025,&quot;plugin://plugin.video.asgard/?all_w=%7b%7d&amp;data=%20&amp;dates=%20&amp;description=TV&amp;eng_name=%20&amp;episode=%20&amp;fanart=http%3a%2f%2fnarcacist.com%2fimages%2fasg%2ffanart.jpg&amp;fav_status=false&amp;heb_name=%20&amp;iconimage=C%3a%5cUsers%5cJay%5cAppData%5cRoaming%5cKodi%5caddons%5cplugin.video.asgard%5cresources%5cartwork%2fbasic.png&amp;id=%20&amp;image_master&amp;isr=0&amp;last_id&amp;mode=3&amp;mypass&amp;name=%5bCOLOR%20goldenrod%5dAsgard%20TV%20Scrapers%5b%2fCOLOR%5d&amp;original_title=%20&amp;search_db&amp;season=%20&amp;show_original_year=%20&amp;tmdbid=%20&amp;url=www&amp;video_data=%7b%22title%22%3a%20%22%5bCOLOR%20goldenrod%5dAsgard%20TV%20Scrapers%5b%2fCOLOR%5d%22%2c%20%22mediatype%22%3a%20%22movie%22%2c%20%22TVshowtitle%22%3a%20%22%22%2c%20%22season%22%3a%200%2c%20%22episode%22%3a%200%2c%20%22OriginalTitle%22%3a%20%22%20%22%2c%20%22rating%22%3a%20%220%22%2c%20%22plot%22%3a%20%22TV%22%2c%20%22Tag%22%3a%20%22None%22%2c%20%22id%22%3a%20%22%20%22%7d&amp;sf_options=fanart%3Dhttp%3A%2F%2Fnarcacist.com%2Fimages%2Fasg%2Ffanart.jpg%26meta%3Dlabel%253D%25255BCOLOR%252Bgoldenrod%25255DAsgard%252BTV%252BScrapers%25255B%25252FCOLOR%25255D%26_options_sf&quot;,return)</favourite>
	<favourite name="[COLOR=goldenrod]4K TV Shows[/COLOR]" thumb="http://narcacist.com/images/asg/icon.png">ActivateWindow(10025,&quot;plugin://plugin.video.asgard/?all_w=%7b%7d&amp;data&amp;dates=%20&amp;description=%20&amp;eng_name=%20&amp;episode=%20&amp;fanart=http%3a%2f%2fnarcacist.com%2fimages%2fasg%2ffanart.jpg&amp;fav_status=false&amp;heb_name=%20&amp;iconimage=http%3a%2f%2fnarcacist.com%2fimages%2fasg%2ficon.png&amp;id&amp;image_master&amp;isr=0&amp;last_id&amp;mode=189&amp;mypass&amp;name=%5bCOLOR%3dgoldenrod%5d4K%20TV%20Shows%5b%2fCOLOR%5d&amp;original_title=%5bCOLOR%3dgoldenrod%5d4K%20TV%20Shows%5b%2fCOLOR%5d&amp;search_db&amp;season=%20&amp;show_original_year=%20&amp;tmdbid=%20&amp;url=http%3a%2f%2fnarcacist.com%2fAddon%2ftext%2frd%2f4ktv.xml&amp;video_data=%7b%22title%22%3a%20%22%5bCOLOR%3dgoldenrod%5d4K%20TV%20Shows%5b%2fCOLOR%5d%22%2c%20%22mediatype%22%3a%20%22movie%22%2c%20%22TVshowtitle%22%3a%20%22%22%2c%20%22season%22%3a%200%2c%20%22episode%22%3a%200%2c%20%22OriginalTitle%22%3a%20%22%5bCOLOR%3dgoldenrod%5d4K%20TV%20Shows%5b%2fCOLOR%5d%22%2c%20%22year%22%3a%20%22%22%2c%20%22rating%22%3a%20%220%22%2c%20%22plot%22%3a%20%22%20%22%2c%20%22Tag%22%3a%20%22189%22%2c%20%22trailer%22%3a%20%22%22%2c%20%22id%22%3a%20%22%22%7d&amp;sf_options=fanart%3Dhttp%3A%2F%2Fnarcacist.com%2Fimages%2Fasg%2Ffanart.jpg%26meta%3Dlabel%253D%25255BCOLOR%25253Dgoldenrod%25255D4K%252BTV%252BShows%25255B%25252FCOLOR%25255D%26_options_sf&quot;,return)</favourite>
	<favourite name="[COLOR goldenrod]One Click TV Shows[/COLOR]" thumb="http://narcacist.com/images/asg/icon.png">ActivateWindow(10025,&quot;plugin://plugin.video.asgard/?all_w=%7b%7d&amp;data&amp;dates=%20&amp;description=%20&amp;eng_name=%20&amp;episode=%20&amp;fanart=http%3a%2f%2fnarcacist.com%2fimages%2fasg%2ffanart.jpg&amp;fav_status=false&amp;heb_name=%20&amp;iconimage=http%3a%2f%2fnarcacist.com%2fimages%2fasg%2ficon.png&amp;id&amp;image_master&amp;isr=0&amp;last_id&amp;mode=189&amp;mypass&amp;name=%5bCOLOR%20goldenrod%5dTV%20Shows%5b%2fCOLOR%5d&amp;original_title=%5bCOLOR%20goldenrod%5dTV%20Shows%5b%2fCOLOR%5d&amp;search_db&amp;season=%20&amp;show_original_year=%20&amp;tmdbid=%20&amp;url=http%3a%2f%2fnarcacist.com%2fAddon%2ftext%2frd%2frd-tvcomplete.xml&amp;video_data=%7b%22title%22%3a%20%22%5bCOLOR%20goldenrod%5dTV%20Shows%5b%2fCOLOR%5d%22%2c%20%22mediatype%22%3a%20%22movie%22%2c%20%22TVshowtitle%22%3a%20%22%22%2c%20%22season%22%3a%200%2c%20%22episode%22%3a%200%2c%20%22OriginalTitle%22%3a%20%22%5bCOLOR%20goldenrod%5dTV%20Shows%5b%2fCOLOR%5d%22%2c%20%22year%22%3a%20%22%22%2c%20%22rating%22%3a%20%220%22%2c%20%22plot%22%3a%20%22%20%22%2c%20%22Tag%22%3a%20%22189%22%2c%20%22trailer%22%3a%20%22%22%2c%20%22id%22%3a%20%22%22%7d&amp;sf_options=fanart%3Dhttp%3A%2F%2Fnarcacist.com%2Fimages%2Fasg%2Ffanart.jpg%26meta%3Dlabel%253D%25255BCOLOR%252Bgoldenrod%25255DTV%252BShows%25255B%25252FCOLOR%25255D%26_options_sf&quot;,return)</favourite>
	<favourite name="[COLOR goldenrod]Documentaries[/COLOR]" thumb="http://narcacist.com/images/asg/icon.png">ActivateWindow(10025,&quot;plugin://plugin.video.asgard/?all_w=%7b%7d&amp;data&amp;dates=%20&amp;description=%20&amp;eng_name=%20&amp;episode=%20&amp;fanart=http%3a%2f%2fnarcacist.com%2fimages%2fasg%2ffanart.jpg&amp;fav_status=false&amp;heb_name=%20&amp;iconimage=http%3a%2f%2fnarcacist.com%2fimages%2fasg%2ficon.png&amp;id&amp;image_master&amp;isr=0&amp;last_id&amp;mode=189&amp;mypass&amp;name=%5bCOLOR%20goldenrod%5dDocumentaries%5b%2fCOLOR%5d&amp;original_title=%5bCOLOR%20goldenrod%5dDocumentaries%5b%2fCOLOR%5d&amp;search_db&amp;season=%20&amp;show_original_year=%20&amp;tmdbid=%20&amp;url=http%3a%2f%2fnarcacist.com%2fAddon%2ftext%2frd%2foneclickdocs.xml&amp;video_data=%7b%22title%22%3a%20%22%5bCOLOR%20goldenrod%5dDocumentaries%5b%2fCOLOR%5d%22%2c%20%22mediatype%22%3a%20%22movie%22%2c%20%22TVshowtitle%22%3a%20%22%22%2c%20%22season%22%3a%200%2c%20%22episode%22%3a%200%2c%20%22OriginalTitle%22%3a%20%22%5bCOLOR%20goldenrod%5dDocumentaries%5b%2fCOLOR%5d%22%2c%20%22year%22%3a%20%22%22%2c%20%22rating%22%3a%20%220%22%2c%20%22plot%22%3a%20%22%20%22%2c%20%22Tag%22%3a%20%22189%22%2c%20%22trailer%22%3a%20%22%22%2c%20%22id%22%3a%20%22%22%7d&amp;sf_options=fanart%3Dhttp%3A%2F%2Fnarcacist.com%2Fimages%2Fasg%2Ffanart.jpg%26meta%3Dlabel%253D%25255BCOLOR%252Bgoldenrod%25255DDocumentaries%25255B%25252FCOLOR%25255D%26_options_sf&quot;,return)</favourite>
	<favourite name="[COLOR goldenrod]Stand Up[/COLOR]" thumb="http://narcacist.com/images/asg/icon.png">ActivateWindow(10025,&quot;plugin://plugin.video.asgard/?all_w=%7b%7d&amp;data&amp;dates=%20&amp;description=%20&amp;eng_name=%20&amp;episode=%20&amp;fanart=http%3a%2f%2fnarcacist.com%2fimages%2fasg%2ffanart.jpg&amp;fav_status=false&amp;heb_name=%20&amp;iconimage=http%3a%2f%2fnarcacist.com%2fimages%2fasg%2ficon.png&amp;id&amp;image_master&amp;isr=0&amp;last_id&amp;mode=189&amp;mypass&amp;name=%5bCOLOR%20goldenrod%5dStand%20Up%5b%2fCOLOR%5d&amp;original_title=%5bCOLOR%20goldenrod%5dStand%20Up%5b%2fCOLOR%5d&amp;search_db&amp;season=%20&amp;show_original_year=%20&amp;tmdbid=%20&amp;url=http%3a%2f%2fnarcacist.com%2fAddon%2ftext%2frd%2fstand-up-comedy.xml&amp;video_data=%7b%22title%22%3a%20%22%5bCOLOR%20goldenrod%5dStand%20Up%5b%2fCOLOR%5d%22%2c%20%22mediatype%22%3a%20%22movie%22%2c%20%22TVshowtitle%22%3a%20%22%22%2c%20%22season%22%3a%200%2c%20%22episode%22%3a%200%2c%20%22OriginalTitle%22%3a%20%22%5bCOLOR%20goldenrod%5dStand%20Up%5b%2fCOLOR%5d%22%2c%20%22year%22%3a%20%22%22%2c%20%22rating%22%3a%20%220%22%2c%20%22plot%22%3a%20%22%20%22%2c%20%22Tag%22%3a%20%22189%22%2c%20%22trailer%22%3a%20%22%22%2c%20%22id%22%3a%20%22%22%7d&amp;sf_options=fanart%3Dhttp%3A%2F%2Fnarcacist.com%2Fimages%2Fasg%2Ffanart.jpg%26meta%3Dlabel%253D%25255BCOLOR%252Bgoldenrod%25255DStand%252BUp%25255B%25252FCOLOR%25255D%26_options_sf&quot;,return)</favourite>
	<favourite name="[COLOR goldenrod]Asgard Soaps Section[/COLOR]" thumb="http://narcacist.com/images/asg/icon.png">ActivateWindow(10025,&quot;plugin://plugin.video.asgard/?all_w=%7b%7d&amp;data=%20&amp;dates=%20&amp;description=Soaps&amp;eng_name=%20&amp;episode=%20&amp;fanart=http%3a%2f%2fnarcacist.com%2fimages%2fasg%2ffanart.jpg&amp;fav_status=false&amp;heb_name=%20&amp;iconimage=http%3a%2f%2fnarcacist.com%2fimages%2fasg%2ficon.png&amp;id=%20&amp;image_master&amp;isr=0&amp;last_id&amp;mode=189&amp;mypass&amp;name=%5bCOLOR%20goldenrod%5dAsgard%20Soaps%20Section%5b%2fCOLOR%5d&amp;original_title=%20&amp;search_db&amp;season=%20&amp;show_original_year=%20&amp;tmdbid=%20&amp;url=http%3a%2f%2fnarcacist.com%2fAddon%2ftext%2fSoap.xml&amp;video_data=%7b%22title%22%3a%20%22%5bCOLOR%20goldenrod%5dAsgard%20Soaps%20Section%5b%2fCOLOR%5d%22%2c%20%22mediatype%22%3a%20%22movie%22%2c%20%22TVshowtitle%22%3a%20%22%22%2c%20%22season%22%3a%200%2c%20%22episode%22%3a%200%2c%20%22OriginalTitle%22%3a%20%22%20%22%2c%20%22rating%22%3a%20%220%22%2c%20%22plot%22%3a%20%22Soaps%22%2c%20%22Tag%22%3a%20%22None%22%2c%20%22id%22%3a%20%22%20%22%7d&amp;sf_options=fanart%3Dhttp%3A%2F%2Fnarcacist.com%2Fimages%2Fasg%2Ffanart.jpg%26meta%3Dlabel%253D%25255BCOLOR%252Bgoldenrod%25255DAsgard%252BSoaps%252BSection%25255B%25252FCOLOR%25255D%26_options_sf&quot;,return)</favourite>
	<favourite name="[COLOR goldenrod]Asgard Documentaries Section[/COLOR]" thumb="http://narcacist.com/images/asg/icon.png">ActivateWindow(10025,&quot;plugin://plugin.video.asgard/?all_w=%7b%7d&amp;data=%20&amp;dates=%20&amp;description=Documentaries&amp;eng_name=%20&amp;episode=%20&amp;fanart=http%3a%2f%2fnarcacist.com%2fimages%2fasg%2ffanart.jpg&amp;fav_status=false&amp;heb_name=%20&amp;iconimage=http%3a%2f%2fnarcacist.com%2fimages%2fasg%2ficon.png&amp;id=%20&amp;image_master&amp;isr=0&amp;last_id&amp;mode=189&amp;mypass&amp;name=%5bCOLOR%20goldenrod%5dAsgard%20Documentaries%20Section%5b%2fCOLOR%5d&amp;original_title=%20&amp;search_db&amp;season=%20&amp;show_original_year=%20&amp;tmdbid=%20&amp;url=http%3a%2f%2fnarcacist.com%2fAddon%2ftext%2fdocs.xml&amp;video_data=%7b%22title%22%3a%20%22%5bCOLOR%20goldenrod%5dAsgard%20Documentaries%20Section%5b%2fCOLOR%5d%22%2c%20%22mediatype%22%3a%20%22movie%22%2c%20%22TVshowtitle%22%3a%20%22%22%2c%20%22season%22%3a%200%2c%20%22episode%22%3a%200%2c%20%22OriginalTitle%22%3a%20%22%20%22%2c%20%22rating%22%3a%20%220%22%2c%20%22plot%22%3a%20%22Documentaries%22%2c%20%22Tag%22%3a%20%22None%22%2c%20%22id%22%3a%20%22%20%22%7d&amp;sf_options=fanart%3Dhttp%3A%2F%2Fnarcacist.com%2Fimages%2Fasg%2Ffanart.jpg%26meta%3Dlabel%253D%25255BCOLOR%252Bgoldenrod%25255DAsgard%252BDocumentaries%252BSection%25255B%25252FCOLOR%25255D%26_options_sf&quot;,return)</favourite>
	<favourite name="[COLOR goldenrod]Asgard Stand Up Section[/COLOR]" thumb="http://narcacist.com/images/asg/icon.png">ActivateWindow(10025,&quot;plugin://plugin.video.asgard/?all_w=%7b%7d&amp;data=%20&amp;dates=%20&amp;description=Stand%20Up&amp;eng_name=%20&amp;episode=%20&amp;fanart=http%3a%2f%2fnarcacist.com%2fimages%2fasg%2ffanart.jpg&amp;fav_status=false&amp;heb_name=%20&amp;iconimage=http%3a%2f%2fnarcacist.com%2fimages%2fasg%2ficon.png&amp;id=%20&amp;image_master&amp;isr=0&amp;last_id&amp;mode=189&amp;mypass&amp;name=%5bCOLOR%20goldenrod%5dAsgard%20Stand%20Up%20Section%5b%2fCOLOR%5d&amp;original_title=%20&amp;search_db&amp;season=%20&amp;show_original_year=%20&amp;tmdbid=%20&amp;url=http%3a%2f%2fnarcacist.com%2fAddon%2ftext%2frd%2fstand-up-comedy.xml&amp;video_data=%7b%22title%22%3a%20%22%5bCOLOR%20goldenrod%5dAsgard%20Stand%20Up%20Section%5b%2fCOLOR%5d%22%2c%20%22mediatype%22%3a%20%22movie%22%2c%20%22TVshowtitle%22%3a%20%22%22%2c%20%22season%22%3a%200%2c%20%22episode%22%3a%200%2c%20%22OriginalTitle%22%3a%20%22%20%22%2c%20%22rating%22%3a%20%220%22%2c%20%22plot%22%3a%20%22Stand%20Up%22%2c%20%22Tag%22%3a%20%22None%22%2c%20%22id%22%3a%20%22%20%22%7d&amp;sf_options=fanart%3Dhttp%3A%2F%2Fnarcacist.com%2Fimages%2Fasg%2Ffanart.jpg%26meta%3Dlabel%253D%25255BCOLOR%252Bgoldenrod%25255DAsgard%252BStand%252BUp%252BSection%25255B%25252FCOLOR%25255D%26_options_sf&quot;,return)</favourite>
	<favourite name="[COLOR goldenrod]Asgard Apps Section[/COLOR]" thumb="http://narcacist.com/images/asg/icon.png">ActivateWindow(10025,&quot;plugin://plugin.video.asgard/?all_w=%7b%7d&amp;data=%20&amp;dates=%20&amp;description=Apps&amp;eng_name=%20&amp;episode=%20&amp;fanart=http%3a%2f%2fnarcacist.com%2fimages%2fasg%2ffanart.jpg&amp;fav_status=false&amp;heb_name=%20&amp;iconimage=http%3a%2f%2fnarcacist.com%2fimages%2fasg%2ficon.png&amp;id=%20&amp;image_master&amp;isr=0&amp;last_id&amp;mode=189&amp;mypass&amp;name=%5bCOLOR%20goldenrod%5dAsgard%20Apps%20Section%5b%2fCOLOR%5d&amp;original_title=%20&amp;search_db&amp;season=%20&amp;show_original_year=%20&amp;tmdbid=%20&amp;url=http%3a%2f%2fnarcacist.com%2fAddon%2ftext%2fapps.xml&amp;video_data=%7b%22title%22%3a%20%22%5bCOLOR%20goldenrod%5dAsgard%20Apps%20Section%5b%2fCOLOR%5d%22%2c%20%22mediatype%22%3a%20%22movie%22%2c%20%22TVshowtitle%22%3a%20%22%22%2c%20%22season%22%3a%200%2c%20%22episode%22%3a%200%2c%20%22OriginalTitle%22%3a%20%22%20%22%2c%20%22rating%22%3a%20%220%22%2c%20%22plot%22%3a%20%22Apps%22%2c%20%22Tag%22%3a%20%22None%22%2c%20%22id%22%3a%20%22%20%22%7d&amp;sf_options=fanart%3Dhttp%3A%2F%2Fnarcacist.com%2Fimages%2Fasg%2Ffanart.jpg%26meta%3Dlabel%253D%25255BCOLOR%252Bgoldenrod%25255DAsgard%252BApps%252BSection%25255B%25252FCOLOR%25255D%26_options_sf&quot;,return)</favourite>
	<favourite name="[COLOR goldenrod]Asgard One Click Search[/COLOR]" thumb="http://narcacist.com/images/asg/icon.png">ActivateWindow(10025,&quot;plugin://plugin.video.asgard/?all_w=%7b%7d&amp;data=%20&amp;dates=%20&amp;description=Search&amp;eng_name=%20&amp;episode=%20&amp;fanart=http%3a%2f%2fnarcacist.com%2fimages%2fasg%2ffanart.jpg&amp;fav_status=false&amp;heb_name=%20&amp;iconimage=http%3a%2f%2fnarcacist.com%2fimages%2fasg%2ficon.png&amp;id=%20&amp;image_master&amp;isr=0&amp;last_id&amp;mode=191&amp;mypass&amp;name=%5bCOLOR%20goldenrod%5dAsgard%20One%20Click%20Search%5b%2fCOLOR%5d&amp;original_title=%20&amp;search_db=http%3a%2f%2fnarcacist.com%2fAddon%2fsearch.db&amp;season=%20&amp;show_original_year=%20&amp;tmdbid=%20&amp;url=http%3a%2f%2fnarcacist.com&amp;video_data=%7b%22title%22%3a%20%22%5bCOLOR%20goldenrod%5dAsgard%20One%20Click%20Search%5b%2fCOLOR%5d%22%2c%20%22mediatype%22%3a%20%22movie%22%2c%20%22TVshowtitle%22%3a%20%22%22%2c%20%22season%22%3a%200%2c%20%22episode%22%3a%200%2c%20%22OriginalTitle%22%3a%20%22%20%22%2c%20%22rating%22%3a%20%220%22%2c%20%22plot%22%3a%20%22Search%22%2c%20%22Tag%22%3a%20%22None%22%2c%20%22id%22%3a%20%22%20%22%7d&amp;sf_options=fanart%3Dhttp%3A%2F%2Fnarcacist.com%2Fimages%2Fasg%2Ffanart.jpg%26meta%3Dlabel%253D%25255BCOLOR%252Bgoldenrod%25255DAsgard%252BOne%252BClick%252BSearch%25255B%25252FCOLOR%25255D%26_options_sf&quot;,return)</favourite>
	<favourite name="[COLOR goldenrod]Asgard General Search[/COLOR]" thumb="special://home/addons\plugin.video.asgard\resources\artwork/basic.png">ActivateWindow(10025,&quot;plugin://plugin.video.asgard/?all_w=%7b%7d&amp;data=%20&amp;dates=%20&amp;description=Search&amp;eng_name=%20&amp;episode=%20&amp;fanart=http%3a%2f%2fnarcacist.com%2fimages%2fasg%2ffanart.jpg&amp;fav_status=false&amp;heb_name=%20&amp;iconimage=C%3a%5cUsers%5cJay%5cAppData%5cRoaming%5cKodi%5caddons%5cplugin.video.asgard%5cresources%5cartwork%2fbasic.png&amp;id=%20&amp;image_master&amp;isr=0&amp;last_id&amp;mode=5&amp;mypass&amp;name=%5bCOLOR%20goldenrod%5dAsgard%20General%20Search%5b%2fCOLOR%5d&amp;original_title=%20&amp;search_db&amp;season=%20&amp;show_original_year=%20&amp;tmdbid=%20&amp;url=www&amp;video_data=%7b%22title%22%3a%20%22%5bCOLOR%20goldenrod%5dAsgard%20General%20Search%5b%2fCOLOR%5d%22%2c%20%22mediatype%22%3a%20%22movie%22%2c%20%22TVshowtitle%22%3a%20%22%22%2c%20%22season%22%3a%200%2c%20%22episode%22%3a%200%2c%20%22OriginalTitle%22%3a%20%22%20%22%2c%20%22rating%22%3a%20%220%22%2c%20%22plot%22%3a%20%22Search%22%2c%20%22Tag%22%3a%20%22None%22%2c%20%22id%22%3a%20%22%20%22%7d&amp;sf_options=fanart%3Dhttp%3A%2F%2Fnarcacist.com%2Fimages%2Fasg%2Ffanart.jpg%26meta%3Dlabel%253D%25255BCOLOR%252Bgoldenrod%25255DAsgard%252BGeneral%252BSearch%25255B%25252FCOLOR%25255D%26_options_sf&quot;,return)</favourite>
	<favourite name="[COLOR goldenrod]Asgard Search History[/COLOR]" thumb="special://home/addons\plugin.video.asgard\resources\artwork/basic.png">ActivateWindow(10025,&quot;plugin://plugin.video.asgard/?all_w=%7b%7d&amp;data=%20&amp;dates=%20&amp;description=TMDB&amp;eng_name=%20&amp;episode=%20&amp;fanart=http%3a%2f%2fnarcacist.com%2fimages%2fasg%2ffanart.jpg&amp;fav_status=false&amp;heb_name=%20&amp;iconimage=C%3a%5cUsers%5cJay%5cAppData%5cRoaming%5cKodi%5caddons%5cplugin.video.asgard%5cresources%5cartwork%2fbasic.png&amp;id=%20&amp;image_master&amp;isr=0&amp;last_id&amp;mode=143&amp;mypass&amp;name=%5bCOLOR%20goldenrod%5dAsgard%20Search%20History%5b%2fCOLOR%5d&amp;original_title=%20&amp;search_db&amp;season=%20&amp;show_original_year=%20&amp;tmdbid=%20&amp;url=both&amp;video_data=%7b%22title%22%3a%20%22%5bCOLOR%20goldenrod%5dAsgard%20Search%20History%5b%2fCOLOR%5d%22%2c%20%22mediatype%22%3a%20%22movie%22%2c%20%22TVshowtitle%22%3a%20%22%22%2c%20%22season%22%3a%200%2c%20%22episode%22%3a%200%2c%20%22OriginalTitle%22%3a%20%22%20%22%2c%20%22rating%22%3a%20%220%22%2c%20%22plot%22%3a%20%22TMDB%22%2c%20%22Tag%22%3a%20%22None%22%2c%20%22id%22%3a%20%22%20%22%7d&amp;sf_options=fanart%3Dhttp%3A%2F%2Fnarcacist.com%2Fimages%2Fasg%2Ffanart.jpg%26meta%3Dlabel%253D%25255BCOLOR%252Bgoldenrod%25255DAsgard%252BSearch%252BHistory%25255B%25252FCOLOR%25255D%26_options_sf&quot;,return)</favourite>
	<favourite name="[COLOR goldenrod]Asgard My RD History[/COLOR]" thumb="special://home/addons\plugin.video.asgard\resources\artwork/basic.png">ActivateWindow(10025,&quot;plugin://plugin.video.asgard/?all_w=%7b%7d&amp;data=%20&amp;dates=%20&amp;description=TMDB&amp;eng_name=%20&amp;episode=%20&amp;fanart=http%3a%2f%2fnarcacist.com%2fimages%2fasg%2ffanart.jpg&amp;fav_status=false&amp;heb_name=%20&amp;iconimage=C%3a%5cUsers%5cJay%5cAppData%5cRoaming%5cKodi%5caddons%5cplugin.video.asgard%5cresources%5cartwork%2fbasic.png&amp;id=%20&amp;image_master&amp;isr=0&amp;last_id&amp;mode=168&amp;mypass&amp;name=%5bCOLOR%20goldenrod%5dAsgard%20My%20RD%20History%5b%2fCOLOR%5d&amp;original_title=%20&amp;search_db&amp;season=%20&amp;show_original_year=%20&amp;tmdbid=%20&amp;url=1&amp;video_data=%7b%22title%22%3a%20%22%5bCOLOR%20goldenrod%5dAsgard%20My%20RD%20History%5b%2fCOLOR%5d%22%2c%20%22mediatype%22%3a%20%22movie%22%2c%20%22TVshowtitle%22%3a%20%22%22%2c%20%22season%22%3a%200%2c%20%22episode%22%3a%200%2c%20%22OriginalTitle%22%3a%20%22%20%22%2c%20%22rating%22%3a%20%220%22%2c%20%22plot%22%3a%20%22TMDB%22%2c%20%22Tag%22%3a%20%22None%22%2c%20%22id%22%3a%20%22%20%22%7d&amp;sf_options=fanart%3Dhttp%3A%2F%2Fnarcacist.com%2Fimages%2Fasg%2Ffanart.jpg%26meta%3Dlabel%253D%25255BCOLOR%252Bgoldenrod%25255DAsgard%252BMy%252BRD%252BHistory%25255B%25252FCOLOR%25255D%26_options_sf&quot;,return)</favourite>
	<favourite name="[COLOR goldenrod]Asgard RD Torrents[/COLOR]" thumb="special://home/addons\plugin.video.asgard\resources\artwork/basic.png">ActivateWindow(10025,&quot;plugin://plugin.video.asgard/?all_w=%7b%7d&amp;data=%20&amp;dates=%20&amp;description=TMDB&amp;eng_name=%20&amp;episode=%20&amp;fanart=http%3a%2f%2fnarcacist.com%2fimages%2fasg%2ffanart.jpg&amp;fav_status=false&amp;heb_name=%20&amp;iconimage=C%3a%5cUsers%5cJay%5cAppData%5cRoaming%5cKodi%5caddons%5cplugin.video.asgard%5cresources%5cartwork%2fbasic.png&amp;id=%20&amp;image_master&amp;isr=0&amp;last_id&amp;mode=169&amp;mypass&amp;name=%5bCOLOR%20goldenrod%5dAsgard%20RD%20Torrents%5b%2fCOLOR%5d&amp;original_title=%20&amp;search_db&amp;season=%20&amp;show_original_year=%20&amp;tmdbid=%20&amp;url=1&amp;video_data=%7b%22title%22%3a%20%22%5bCOLOR%20goldenrod%5dAsgard%20RD%20Torrents%5b%2fCOLOR%5d%22%2c%20%22mediatype%22%3a%20%22movie%22%2c%20%22TVshowtitle%22%3a%20%22%22%2c%20%22season%22%3a%200%2c%20%22episode%22%3a%200%2c%20%22OriginalTitle%22%3a%20%22%20%22%2c%20%22rating%22%3a%20%220%22%2c%20%22plot%22%3a%20%22TMDB%22%2c%20%22Tag%22%3a%20%22None%22%2c%20%22id%22%3a%20%22%20%22%7d&amp;sf_options=fanart%3Dhttp%3A%2F%2Fnarcacist.com%2Fimages%2Fasg%2Ffanart.jpg%26meta%3Dlabel%253D%25255BCOLOR%252Bgoldenrod%25255DAsgard%252BRD%252BTorrents%25255B%25252FCOLOR%25255D%26_options_sf&quot;,return)</favourite>
	<favourite name="[COLOR goldenrod]Asgard Resume Watching[/COLOR]" thumb="special://home/addons\plugin.video.asgard\resources\artwork/basic.png">ActivateWindow(10025,&quot;plugin://plugin.video.asgard/?all_w=%7b%7d&amp;data=%20&amp;dates=%20&amp;description=TMDB&amp;eng_name=%20&amp;episode=%20&amp;fanart=http%3a%2f%2fnarcacist.com%2fimages%2fasg%2ffanart.jpg&amp;fav_status=false&amp;heb_name=%20&amp;iconimage=C%3a%5cUsers%5cJay%5cAppData%5cRoaming%5cKodi%5caddons%5cplugin.video.asgard%5cresources%5cartwork%2fbasic.png&amp;id=%20&amp;image_master&amp;isr=0&amp;last_id&amp;mode=158&amp;mypass&amp;name=%5bCOLOR%20goldenrod%5dAsgard%20Resume%20Watching%5b%2fCOLOR%5d&amp;original_title=%20&amp;search_db&amp;season=%20&amp;show_original_year=%20&amp;tmdbid=%20&amp;url=both&amp;video_data=%7b%22title%22%3a%20%22%5bCOLOR%20goldenrod%5dAsgard%20Resume%20Watching%5b%2fCOLOR%5d%22%2c%20%22mediatype%22%3a%20%22movie%22%2c%20%22TVshowtitle%22%3a%20%22%22%2c%20%22season%22%3a%200%2c%20%22episode%22%3a%200%2c%20%22OriginalTitle%22%3a%20%22%20%22%2c%20%22rating%22%3a%20%220%22%2c%20%22plot%22%3a%20%22TMDB%22%2c%20%22Tag%22%3a%20%22None%22%2c%20%22id%22%3a%20%22%20%22%7d&amp;sf_options=fanart%3Dhttp%3A%2F%2Fnarcacist.com%2Fimages%2Fasg%2Ffanart.jpg%26meta%3Dlabel%253D%25255BCOLOR%252Bgoldenrod%25255DAsgard%252BResume%252BWatching%25255B%25252FCOLOR%25255D%26_options_sf&quot;,return)</favourite>
	<favourite name="[COLOR goldenrod]Asgard Last Link Played[/COLOR]" thumb="special://home/addons\plugin.video.asgard\resources\artwork/basic.png">ActivateWindow(10025,&quot;plugin://plugin.video.asgard/?all_w=%7b%7d&amp;data=%20&amp;dates=%20&amp;description=Last%20Played&amp;eng_name=%20&amp;episode=%20&amp;fanart=http%3a%2f%2fnarcacist.com%2fimages%2fasg%2ffanart.jpg&amp;fav_status=false&amp;heb_name=%20&amp;iconimage=C%3a%5cUsers%5cJay%5cAppData%5cRoaming%5cKodi%5caddons%5cplugin.video.asgard%5cresources%5cartwork%2fbasic.png&amp;id=%20&amp;image_master&amp;isr=0&amp;last_id&amp;mode=144&amp;mypass&amp;name=%5bCOLOR%20goldenrod%5dAsgard%20Last%20Link%20Played%5b%2fCOLOR%5d&amp;original_title=%20&amp;search_db&amp;season=%20&amp;show_original_year=%20&amp;tmdbid=%20&amp;url=www&amp;video_data=%7b%22title%22%3a%20%22%5bCOLOR%20goldenrod%5dAsgard%20Last%20Link%20Played%5b%2fCOLOR%5d%22%2c%20%22mediatype%22%3a%20%22movie%22%2c%20%22TVshowtitle%22%3a%20%22%22%2c%20%22season%22%3a%200%2c%20%22episode%22%3a%200%2c%20%22OriginalTitle%22%3a%20%22%20%22%2c%20%22rating%22%3a%20%220%22%2c%20%22plot%22%3a%20%22Last%20Played%22%2c%20%22Tag%22%3a%20%22None%22%2c%20%22id%22%3a%20%22%20%22%7d&amp;sf_options=fanart%3Dhttp%3A%2F%2Fnarcacist.com%2Fimages%2Fasg%2Ffanart.jpg%26meta%3Dlabel%253D%25255BCOLOR%252Bgoldenrod%25255DAsgard%252BLast%252BLink%252BPlayed%25255B%25252FCOLOR%25255D%26_options_sf&quot;,return)</favourite>
	<favourite name="[COLOR goldenrod]Asgard Trakt[/COLOR]" thumb="special://home/addons\plugin.video.asgard\resources\artwork/basic.png">ActivateWindow(10025,&quot;plugin://plugin.video.asgard/?all_w=%7b%7d&amp;data=%20&amp;dates=%20&amp;description=TV&amp;eng_name=%20&amp;episode=%20&amp;fanart=http%3a%2f%2fnarcacist.com%2fimages%2fasg%2ffanart.jpg&amp;fav_status=false&amp;heb_name=%20&amp;iconimage=C%3a%5cUsers%5cJay%5cAppData%5cRoaming%5cKodi%5caddons%5cplugin.video.asgard%5cresources%5cartwork%2fbasic.png&amp;id=%20&amp;image_master&amp;isr=0&amp;last_id&amp;mode=114&amp;mypass&amp;name=%5bCOLOR%20goldenrod%5dAsgard%20Trakt%5b%2fCOLOR%5d&amp;original_title=%20&amp;search_db&amp;season=%20&amp;show_original_year=%20&amp;tmdbid=%20&amp;url=www&amp;video_data=%7b%22title%22%3a%20%22%5bCOLOR%20goldenrod%5dAsgard%20Trakt%5b%2fCOLOR%5d%22%2c%20%22mediatype%22%3a%20%22movie%22%2c%20%22TVshowtitle%22%3a%20%22%22%2c%20%22season%22%3a%200%2c%20%22episode%22%3a%200%2c%20%22OriginalTitle%22%3a%20%22%20%22%2c%20%22rating%22%3a%20%220%22%2c%20%22plot%22%3a%20%22TV%22%2c%20%22Tag%22%3a%20%22None%22%2c%20%22id%22%3a%20%22%20%22%7d&amp;sf_options=fanart%3Dhttp%3A%2F%2Fnarcacist.com%2Fimages%2Fasg%2Ffanart.jpg%26meta%3Dlabel%253D%25255BCOLOR%252Bgoldenrod%25255DAsgard%252BTrakt%25255B%25252FCOLOR%25255D%26_options_sf&quot;,return)</favourite>
	<favourite name="[COLOR goldenrod]Asgard Settings[/COLOR]" thumb="special://home/addons\plugin.video.asgard\resources\artwork/basic.png">PlayMedia(&quot;plugin://plugin.video.asgard/?&amp;mode=151&amp;name=%5BCOLOR+goldenrod%5DAsgard+Settings%5B%2FCOLOR%5D&amp;iconimage=C%3A%5CUsers%5CJay%5CAppData%5CRoaming%5CKodi%5Caddons%5Cplugin.video.asgard%5Cresources%5Cartwork%2Fbasic.png&amp;fanart=http%3A%2F%2Fnarcacist.com%2Fimages%2Fasg%2Ffanart.jpg&amp;description=&amp;url=%3Cbuilt-in+function+id%3E&amp;data=+&amp;original_title=+&amp;id=+&amp;heb_name=+&amp;season=+&amp;episode=+&amp;eng_name=+&amp;show_original_year=+&amp;dates=+&amp;dd=+&amp;all_w=%7B%7D&amp;name=%5BCOLOR+goldenrod%5DAsgard+Settings%5B%2FCOLOR%5D&amp;iconimage=C%3A%5CUsers%5CJay%5CAppData%5CRoaming%5CKodi%5Caddons%5Cplugin.video.asgard%5Cresources%5Cartwork%2Fbasic.png&amp;fanart=http%3A%2F%2Fnarcacist.com%2Fimages%2Fasg%2Ffanart.jpg&amp;description=&amp;data=+&amp;original_title=+&amp;id=+&amp;heb_name=+&amp;season=+&amp;episode=+&amp;eng_name=+&amp;show_original_year=+&amp;dates=+&amp;dd=+&amp;all_w=%7B%7D&amp;sf_options=winID%3D10025%26fanart%3Dhttp%3A%2F%2Fnarcacist.com%2Fimages%2Fasg%2Ffanart.jpg%26meta%3Dvotes%253D0%2526title%253D%25255BCOLOR%252Bgoldenrod%25255DAsgard%252BSettings%25255B%25252FCOLOR%25255D%2526label%253D%25255BCOLOR%252Bgoldenrod%25255DAsgard%252BSettings%25255B%25252FCOLOR%25255D%26_options_sf&quot;)</favourite>
</favourites>