<favourites>
	<favourite name="Next Episodes" thumb="https://i.imgur.com/0KFvjKR.png">ActivateWindow(10025,&quot;plugin://plugin.video.fen/?iconImage=next_episodes&amp;mode=build_next_episode&amp;name=32483&amp;sf_options=fanart%3Dspecial%3A%2F%2Fhome%2Faddons%5Cplugin.video.fen%5Cfanart.png%26meta%3Dlabel%253DNext%252BEpisodes%26_options_sf&quot;,return)</favourite>
	<favourite name="In Progress Movies" thumb="https://i.imgur.com/D0nCsqI.png">ActivateWindow(10025,&quot;plugin://plugin.video.fen/?action=in_progress_movies&amp;iconImage=player&amp;mode=build_movie_list&amp;name=32476&amp;sf_options=fanart%3Dspecial%3A%2F%2Fhome%2Faddons%5Cplugin.video.fen%5Cfanart.png%26meta%3Dlabel%253DIn%252BProgress%26_options_sf&quot;,return)</favourite>
	<favourite name="[B]TRAKT: [/B]Collection" thumb="https://i.imgur.com/xihFNwP.png">ActivateWindow(10025,&quot;plugin://plugin.video.fen/?iconImage=https%3a%2f%2fi.imgur.com%2fxihFNwP.png&amp;mode=navigator.trakt_collections&amp;sf_options=fanart%3Dspecial%3A%2F%2Fhome%2Faddons%5Cplugin.video.fen%5Cfanart.png%26meta%3Dlabel%253D%25255BB%25255DTRAKT%25253A%252B%25255B%25252FB%25255DCollection%26_options_sf&quot;,return)</favourite>
	<favourite name="[B]TRAKT: [/B]Watchlist" thumb="https://i.imgur.com/xihFNwP.png">ActivateWindow(10025,&quot;plugin://plugin.video.fen/?iconImage=https%3a%2f%2fi.imgur.com%2fxihFNwP.png&amp;mode=navigator.trakt_watchlists&amp;sf_options=fanart%3Dspecial%3A%2F%2Fhome%2Faddons%5Cplugin.video.fen%5Cfanart.png%26meta%3Dlabel%253D%25255BB%25255DTRAKT%25253A%252B%25255B%25252FB%25255DWatchlist%26_options_sf&quot;,return)</favourite>
	<favourite name="[B]TRAKT: [/B]Lists" thumb="https://i.imgur.com/xihFNwP.png">ActivateWindow(10025,&quot;plugin://plugin.video.fen/?iconImage=https%3a%2f%2fi.imgur.com%2fxihFNwP.png&amp;mode=navigator.trakt_lists&amp;sf_options=fanart%3Dspecial%3A%2F%2Fhome%2Faddons%5Cplugin.video.fen%5Cfanart.png%26meta%3Dlabel%253D%25255BB%25255DTRAKT%25253A%252B%25255B%25252FB%25255DLists%26_options_sf&quot;,return)</favourite>
	<favourite name="Recently Watched Movies" thumb="https://i.imgur.com/SacesHf.png">ActivateWindow(10025,&quot;plugin://plugin.video.fen/?action=recent_watched_movies&amp;iconImage=watched_recent&amp;mode=build_movie_list&amp;name=32226&amp;sf_options=fanart%3Dspecial%3A%2F%2Fhome%2Faddons%5Cplugin.video.fen%5Cfanart.png%26meta%3Dlabel%253DRecently%252BWatched%26_options_sf&quot;,return)</favourite>
	<favourite name="Because You Watched..." thumb="https://i.imgur.com/IFWDwai.png">ActivateWindow(10025,&quot;plugin://plugin.video.fen/?iconImage=because_you_watched&amp;menu_type=movie&amp;mode=navigator.because_you_watched&amp;name=32474&amp;sf_options=fanart%3Dspecial%3A%2F%2Fhome%2Faddons%5Cplugin.video.fen%5Cfanart.png%26meta%3Dlabel%253DBecause%252BYou%252BWatched...%26_options_sf&quot;,return)</favourite>
	<favourite name="In Progress Episodes" thumb="https://i.imgur.com/D0nCsqI.png">ActivateWindow(10025,&quot;plugin://plugin.video.fen/?iconImage=player&amp;mode=build_in_progress_episode&amp;name=32482&amp;sf_options=fanart%3Dspecial%3A%2F%2Fhome%2Faddons%5Cplugin.video.fen%5Cfanart.png%26meta%3Dlabel%253DIn%252BProgress%252BEpisodes%26_options_sf&quot;,return)</favourite>
	<favourite name="In Progress TV Shows" thumb="https://i.imgur.com/BfGbQXx.png">ActivateWindow(10025,&quot;plugin://plugin.video.fen/?action=in_progress_tvshows&amp;iconImage=in_progress_tvshow&amp;mode=build_tvshow_list&amp;name=32481&amp;sf_options=fanart%3Dspecial%3A%2F%2Fhome%2Faddons%5Cplugin.video.fen%5Cfanart.png%26meta%3Dlabel%253DIn%252BProgress%252BTV%252BShows%26_options_sf&quot;,return)</favourite>
	<favourite name="Because You Watched..." thumb="https://i.imgur.com/IFWDwai.png">ActivateWindow(10025,&quot;plugin://plugin.video.fen/?iconImage=because_you_watched&amp;menu_type=tvshow&amp;mode=navigator.because_you_watched&amp;name=32474&amp;sf_options=fanart%3Dspecial%3A%2F%2Fhome%2Faddons%5Cplugin.video.fen%5Cfanart.png%26meta%3Dlabel%253DBecause%252BYou%252BWatched...%26_options_sf&quot;,return)</favourite>
	<favourite name="Browse Fen" thumb="special://home/addons\plugin.video.fen\icon.png">ActivateWindow(10025,&quot;plugin://plugin.video.fen/?sf_options=fanart%3Dspecial%3A%2F%2Fhome%2Faddons%5Cplugin.video.fen%5Cfanart.png%26desc%3DThis+add-on+is+intended+for+advanced+Kodi+users+only.+Mainly+used+for+Furk+and+Easynews%28web%29+account+access.+An+External+Scraper+package+may+be+used.+You+must+own+the+content+of+any+media+you+play+through+this+addon.%26meta%3Dlabel%253DFen%26_options_sf&quot;,return)</favourite>
</favourites>