<?xml version="1.0" encoding="UTF-8" standalone="yes"?>
<addon id="plugin.video.MusicHall" name="[COLOR silver]Music Hall[/COLOR]"	version="1.0.20"	provider-name="Hall"> 
  <requires>
    <import addon="plugin.video.youtube" version="5.0.0"/>
  </requires>
  <extension point="xbmc.python.pluginsource" library="default.py">
    <provides>video</provides>
  </extension>
  <extension point="xbmc.addon.metadata">
    <summary lang="en">Music Hall</summary>
    <description lang="en">Ahora puedes entrar en ajustes del addon y seleccionar si lo abres con youtube (apis), o con duffyou (sin apis),todo el contenido esta basado en youtube</description>
    <disclaimer lang="en"></disclaimer>
    <platform>all</platform>
    <forum>n/a</forum>
    <website>n/a</website>
	<assets>
		<icon>icon.gif</icon>
		<fanart>fanart.jpg</fanart>
	  </assets>
  </extension>
</addon>