<addon id="plugin.video.worldclient" version="1.0.0a" name="KodiBalkan World Client 3" provider-name="Dzon Dzoe,Robin Hood">
    <extension point="xbmc.python.pluginsource" library="main.py">
        <provides>video</provides>
    </extension>
    <extension point="xbmc.addon.metadata">
        <summary>KodiBalkan World Client By Dzon Dzoe & Robin Hood.</summary>
        <description lang="en">KodiBalkan World Client By Dzon Dzoe & Robin Hood</description>
        <platform>all</platform>
        <language>en</language>
        <license>GPLv2</license>
		<assets>
        <icon>logo.png</icon>
        </assets>
    </extension>
</addon>
