<?xml version="1.0" encoding="UTF-8" standalone="yes"?>
<addon id="script.module.pyparsing" name="pyparsing" version="1.0" provider-name="Paul McGuire">
  <requires>
    <import addon="xbmc.python" version="3.0.0" />
  </requires>
  <extension point="xbmc.python.module" library="lib" />
  <extension point="xbmc.addon.metadata">
    <summary lang="en_GB">Classes and methods to define and execute parsing grammars</summary>
    <description lang="en_GB">Classes and methods to define and execute parsing grammars</description>
    <license>MIT</license>
    <platform>all</platform>
    <website>https://github.com/pyparsing/pyparsing/</website>
    <source>https://github.com/pyparsing/pyparsing/</source>
    <assets>
      <icon>resources/icon.png</icon>
    </assets>
  </extension>
</addon>
