<?xml version="1.0" encoding="UTF-8"?>
<addon id="plugin.video.co.bellesa.free"
       version="0.0.7"
       name="bellesa.co (free)"
       provider-name="fr33p0rt">
<requires>
  <import addon="script.module.requests" />
  <import addon="script.module.beautifulsoup4" />
</requires>
<extension point="xbmc.python.pluginsource" library="video.py">
  <provides>video</provides>
</extension>
<extension point="xbmc.python.library" library="resources/lib/buy.py"/>
<extension point="xbmc.addon.metadata">
  <license>Freeware (free to use and redistribute)</license>
  <platform>all</platform>
  <summary lang="en">porndig.com</summary>
  <description lang="en_GB">bellesa.co video plugin for Kodi.</description>
  <disclaimer lang="en_GB">NO WARRANTY OF ANY KIND, EXPRESS, IMPLIED OR STATUTORY, INCLUDING ANY WARRANTY OF MERCHANTABILITY, FITNESS FOR A PARTICULAR PURPOSE, NON- INFRINGEMENT OF THIRD PARTY RIGHTS OR FREEDOM FROM VIRUSES OR OTHER CODE DEFECTS, IS MADE BY ANY AGENT PARTY IN CONNECTION WITH THE BORROWER MATERIALS OR THE PLATFORM.</disclaimer>
  <description lang="cs_CZ">bellesa.co video plugin pro Kodi.</description>
  <disclaimer lang="cs_CZ">NO WARRANTY OF ANY KIND, EXPRESS, IMPLIED OR STATUTORY, INCLUDING ANY WARRANTY OF MERCHANTABILITY, FITNESS FOR A PARTICULAR PURPOSE, NON- INFRINGEMENT OF THIRD PARTY RIGHTS OR FREEDOM FROM VIRUSES OR OTHER CODE DEFECTS, IS MADE BY ANY AGENT PARTY IN CONNECTION WITH THE BORROWER MATERIALS OR THE PLATFORM.</disclaimer>
  <assets>
    <icon>icon.png</icon>
    <fanart>fanart.jpg</fanart>
  </assets>
  <email>fr33p0rt@protonmail.com</email>
  <news>Initial version</news>
</extension>
</addon>
