<favourites>
	<favourite name="Latest Episodes" thumb="special://home/addons\plugin.video.gratis\icon.png">ActivateWindow(10025,&quot;plugin://plugin.video.gratis/?description=Watch%20the%20Latest%20Series%20Episodes&amp;fanart=C%3a%5cUsers%5cJay%5cAppData%5cRoaming%5cKodi%5caddons%5cplugin.video.gratis%5cfanart.jpg&amp;icon=C%3a%5cUsers%5cJay%5cAppData%5cRoaming%5cKodi%5caddons%5cplugin.video.gratis%5cicon.png&amp;mode=4&amp;name=Latest%20Episodes&amp;name2&amp;page&amp;url&amp;sf_options=fanart%3Dspecial%3A%2F%2Fhome%2Faddons%5Cplugin.video.gratis%5Cfanart.jpg%26desc%3DWatch+the+Latest+Series+Episodes%26meta%3Dvotes%253D0%2526plot%253DWatch%252Bthe%252BLatest%252BSeries%252BEpisodes%2526title%253DLatest%252BEpisodes%2526label%253DLatest%252BEpisodes%26_options_sf&quot;,return)</favourite>
	<favourite name="Latest Seasons" thumb="special://home/addons\plugin.video.gratis\icon.png">ActivateWindow(10025,&quot;plugin://plugin.video.gratis/?description=Watch%20the%20Latest%20Series%20Seasons&amp;fanart=C%3a%5cUsers%5cJay%5cAppData%5cRoaming%5cKodi%5caddons%5cplugin.video.gratis%5cfanart.jpg&amp;icon=C%3a%5cUsers%5cJay%5cAppData%5cRoaming%5cKodi%5caddons%5cplugin.video.gratis%5cicon.png&amp;mode=13&amp;name=Latest%20Seasons&amp;name2&amp;page&amp;url=https%3a%2f%2fvidcloud9.com%2fseries&amp;sf_options=fanart%3Dspecial%3A%2F%2Fhome%2Faddons%5Cplugin.video.gratis%5Cfanart.jpg%26desc%3DWatch+the+Latest+Series+Seasons%26meta%3Dvotes%253D0%2526plot%253DWatch%252Bthe%252BLatest%252BSeries%252BSeasons%2526title%253DLatest%252BSeasons%2526label%253DLatest%252BSeasons%26_options_sf&quot;,return)</favourite>
	<favourite name="BS Latest" thumb="special://home/addons\plugin.video.gratis\icon.png">ActivateWindow(10025,&quot;plugin://plugin.video.gratis/?description=Watch%20the%20Latest%20Episodes&amp;fanart=C%3a%5cUsers%5cJay%5cAppData%5cRoaming%5cKodi%5caddons%5cplugin.video.gratis%5cfanart.jpg&amp;icon=C%3a%5cUsers%5cJay%5cAppData%5cRoaming%5cKodi%5caddons%5cplugin.video.gratis%5cicon.png&amp;mode=17&amp;name=BS%20Latest&amp;name2&amp;page&amp;url=https%3a%2f%2fvidcloud9.com%2frecommended-series&amp;sf_options=fanart%3Dspecial%3A%2F%2Fhome%2Faddons%5Cplugin.video.gratis%5Cfanart.jpg%26desc%3DWatch+the+Latest+Episodes%26meta%3Dvotes%253D0%2526plot%253DWatch%252Bthe%252BLatest%252BEpisodes%2526title%253DBS%252BLatest%2526label%253DBS%252BLatest%26_options_sf&quot;,return)</favourite>
	<favourite name="BS Popular Series" thumb="special://home/addons\plugin.video.gratis\icon.png">ActivateWindow(10025,&quot;plugin://plugin.video.gratis/?description=Popular%20Series&amp;fanart=C%3a%5cUsers%5cJay%5cAppData%5cRoaming%5cKodi%5caddons%5cplugin.video.gratis%5cfanart.jpg&amp;icon=C%3a%5cUsers%5cJay%5cAppData%5cRoaming%5cKodi%5caddons%5cplugin.video.gratis%5cicon.png&amp;mode=22&amp;name=BS%20Popular%20Series&amp;name2&amp;page&amp;url=https%3a%2f%2fvidcloud9.com%2frecommended-series&amp;sf_options=fanart%3Dspecial%3A%2F%2Fhome%2Faddons%5Cplugin.video.gratis%5Cfanart.jpg%26desc%3DPopular+Series%26meta%3Dvotes%253D0%2526plot%253DPopular%252BSeries%2526title%253DBS%252BPopular%252BSeries%2526label%253DBS%252BPopular%252BSeries%26_options_sf&quot;,return)</favourite>
	<favourite name="Search" thumb="special://home/addons\plugin.video.gratis\icon.png">ActivateWindow(10025,&quot;plugin://plugin.video.gratis/?description=Search%20Movies%20and%20Series&amp;fanart=C%3a%5cUsers%5cJay%5cAppData%5cRoaming%5cKodi%5caddons%5cplugin.video.gratis%5cfanart.jpg&amp;icon=C%3a%5cUsers%5cJay%5cAppData%5cRoaming%5cKodi%5caddons%5cplugin.video.gratis%5cicon.png&amp;mode=10&amp;name=Search&amp;name2&amp;page&amp;url&amp;sf_options=fanart%3Dspecial%3A%2F%2Fhome%2Faddons%5Cplugin.video.gratis%5Cfanart.jpg%26desc%3DSearch+Movies+and+Series%26meta%3Dvotes%253D0%2526plot%253DSearch%252BMovies%252Band%252BSeries%2526title%253DSearch%2526label%253DSearch%26_options_sf&quot;,return)</favourite>
</favourites>