<?xml version="1.0" encoding="UTF-8" standalone="yes"?>
<addon id="script.module.zkte.iso8601" name="iso8601" version="0.1.14+matrix.1" provider-name="Michael Twomey">
  <requires>
    <import addon="xbmc.python" version="3.0.0"/>
  </requires>
  <extension point="xbmc.python.module" library="lib" />
  <extension point="xbmc.addon.metadata">
    <summary lang="en_GB">Simple module to parse ISO 8601 dates</summary>
    <description lang="en_GB">This module parses the most common forms of ISO 8601 date strings (e.g. 2007-01-14T20:34:22+00:00) into datetime objects.</description>
    <license>MIT</license>
    <platform>all</platform>
    <website>https://github.com/micktwomey/pyiso8601</website>
    <source>https://github.com/micktwomey/pyiso8601</source>
    <assets>
      <icon>resources/icon.png</icon>
    </assets>
  </extension>
</addon>
