<?xml version="1.0" encoding="UTF-8" standalone="yes"?>
<addon id="plugin.video.w4free" name="W4free" version="0.0.6" provider-name="Lolage">
	<requires>
		<import addon="script.common.plugin.cache" version="2.6.1"/>
		<import addon="script.module.six"/>
	</requires>
	<extension point="xbmc.python.pluginsource" library="addon.py">
		<provides>video</provides>
	</extension>
	<extension point="xbmc.addon.metadata">
		<summary lang="en_GB">W4free</summary>
		<description lang="en_GB">
      This addon allows you watch Movies and TV Series from W4free
		</description>
		<language>uk us</language>
		<platform>all</platform>
		<license>GPL-3.0-only</license>
		<news>
v0.0.6 (2022-02-11)
Fix due to template changes

v0.0.5 (2021-04-03)
Fix due to new template changes

v0.0.4 (2021-03-26)
Start working on TV series
Pass info to playing Video

v0.0.3 (2021-03-22)
Add Channel Art.

v0.0.2 (2021-03-18)
Add Art.

v0.0.1 (2021-03-15)
Initial version.
		</news>
		<assets>
			<icon>icon.png</icon>
			<fanart>fanart.jpg</fanart>
		</assets>
	</extension>
</addon>

