<?xml version="1.0" encoding="UTF-8" standalone="yes"?>
<rssfeeds>
  <!--RSS feeds. To have multiple feeds, just add a feed to the set. You can also have multiple sets.-->
  <!--To use different sets in your skin, each must be called from skin with a unique id.-->
  <set id="1">
    <feed updateinterval="30">https://www.news.gr/rss.ashx?colid=2</feed>
    <feed updateinterval="30">https://www.news.gr/rss.ashx?catid=11</feed>
    <feed updateinterval="30">https://www.newsbeast.gr/world/feed</feed>
    <feed updateinterval="30">https://www.newsbeast.gr/sports/feed</feed>
    <feed updateinterval="30">https://www.newsbeast.gr/greece/feed</feed>
    <feed updateinterval="30">https://www.newsbeast.gr/weird/feed</feed>
  </set>
</rssfeeds>
