<?xml version="1.0" encoding="UTF-8" standalone="yes"?>
<addon id="plugin.video.xxx" name="XVideos" version="2024.02.20" provider-name="Me">
    <requires>
        <import addon="xbmc.python" version="3.0.0" />
    </requires>
    <extension point="xbmc.python.pluginsource" library="default.py">
        <provides>video</provides>
    </extension>
    <extension point="xbmc.addon.metadata">
        <platform>all</platform>
        <summary> </summary>
        <description> </description>
		<disclaimer lang="en">The author is not responsible for the media you find in this add-on.</disclaimer>
    </extension>
	
</addon>
