<?xml version="1.0" encoding="utf-8"?>
<window>
	<defaultcontrol always="true">302</defaultcontrol>
	<coordinates>
		<left>100</left>
		<top>63</top>
	</coordinates>
	<animation effect="slide" start="0, 500" time="500" tween="quadratic" >WindowOpen</animation>
	<animation effect="fade" time="500">WindowClose</animation>
	<controls>
		<control type="image">
			<description>Image</description>
			<width>1100</width>
			<height>600</height>
			<texture>t2.png</texture>
		</control>
		<control type="button"id="303">
			<left>800</left>
			<top>10</top>
					<onclick>RunScript("special://home/addons/service.World.Build/PY/Tools/NotifyWorld/DialogeNotifyWorld.py")</onclick>
			<description>Icon</description>
			<width>150</width>
			<height>150</height>
			<texturefocus colordiffuse="white">t3.png</texturefocus>
			<texturenofocus colordiffuse="grey.png">t3a.png</texturenofocus>
			<onup>302</onup>
			<ondown>302</ondown>
			<onleft>301</onleft>
			<onright>301</onright>
		</control>
		<control type="image">
			<left>1000</left>
			<top>30</top>
			<description>update</description>
			<width>50</width>
			<height>50</height>
				<visible>Integer.IsGreater(System.AddonUpdateCount,0)</visible>
			<texture>update.png</texture>
		</control>
<!--		<control type="textbox">
			<description>text</description>
			<top>-15</top>
			<left>475</left>
			<width>388</width>
			<height>100</height>
			<label>TechNEWSology Build Updater</label>
			<font>TechFT</font>
			<align>center</align>
			<aligny>center</aligny>
			<textcolor>orange</textcolor>
			<shadowcolor>black</shadowcolor>
		</control>-->
		<control type="image">
			<left>990</left>
			<top>410</top>
			<description>Icon</description>
			<width>40</width>
			<height>80</height>
			<texture>arrow.gif</texture>
			<bordersize>5</bordersize>
		</control>
		<control type="button" id="302">
			<left>955</left>
			<top>490</top>
			<description>Close</description>
			<width>110</width>
			<height>100</height>
			<texturefocus colordiffuse="orange">close.png</texturefocus>
			<texturenofocus colordiffuse="grey.png">close.png</texturenofocus>
			<bordersize>5</bordersize>
			<onup>303</onup>
			<ondown>303</ondown>
			<onleft>301</onleft>
			<onright>301</onright>
		</control>
<!-- 		<control type="textbox">
			<description>text</description>
			<top>550</top>
			<left>680</left>
			<width>850</width>
			<height>550</height>
			<label>Press Back to Close</label>
			<font>font30_title</font>
			<align>left</align>
			<aligny></aligny>
			<textcolor>orange</textcolor>
			<shadowcolor>black</shadowcolor>
		</control> -->
		<control type="textbox" id = "300">
			<description>text</description>
			<top>10</top>
			<left>80</left>
			<width>950</width>
			<height>495</height>
			<font>font52_title</font>
			<align>left</align>
			<aligny>center</aligny>
			<textcolor>white</textcolor>
			<shadowcolor>black</shadowcolor>
			<pagecontrol>301</pagecontrol>
		</control>
		<control type="scrollbar" id="301">
			<description>Scroll Bar</description>
			<left>1072</left>
			<top>15</top>
			<width>15</width>
			<height>570</height>
			<visible>true</visible>
			<texturesliderbackground></texturesliderbackground>
			<texturesliderbar colordiffuse="grey">t4.png</texturesliderbar>
			<texturesliderbarfocus colordiffuse="orange">t4.png</texturesliderbarfocus>
			<textureslidernib></textureslidernib>
			<textureslidernibfocus></textureslidernibfocus>
			<pulseonselect></pulseonselect>
			<orientation>vertical</orientation>
			<showonepage>true</showonepage>
			<onup>303</onup>
			<ondown>302</ondown>
			<onleft>303</onleft>
			<onright>302</onright>
		</control>
	</controls>
</window>