<?xml version="1.0" encoding="UTF-8" standalone="yes"?>
<addon id="plugin.video.nbcsnliveextra" name="NBC Sports Live Extra" version="2022.2.10+matrix.1" provider-name="eracknaphobia">
  <requires>
    <import addon="xbmc.python" version="3.0.0"/>
    <import addon="script.module.adobepass" />
    <import addon="script.module.requests" />
    <import addon="script.module.kodi-six" />
    <import addon="script.module.inputstreamhelper"/>
  </requires>
  <extension point="xbmc.python.pluginsource" library="nbcsn.py">
        <provides>video</provides>
  </extension>

  <extension point="xbmc.addon.metadata">
    <platform>all</platform>
    <summary lang="en_GB">Watch NBCSN Live Extra</summary>
    <description lang="en_GB">NBC Sports Live Extra is a service that allows you to watch NBC Sports coverage of live events from NBC and NBCSports Network</description>
    <news>
        - Fix playback failing by always setting inputstream license headers
    </news>
    <language>en</language>
    <platform>all</platform>
    <license>GPL-2.0-or-later</license>
    <forum>http://forum.kodi.tv/showthread.php?tid=207159</forum>
    <assets>
        <icon>icon.png</icon>
        <fanart>fanart.jpg</fanart>
    </assets>
  </extension>
</addon>
