﻿<?xml version="1.0" encoding="UTF-8" standalone="yes"?>
<addon id="plugin.video.kidstime" version="0.0.5" name="KIDS TIME " provider-name="manalab">
    <requires>
        <import addon="xbmc.addon" version="16.1.000"/>
        <import addon="script.module.tulip" version="2.8.2" />
        <import addon="plugin.video.youtube" version="6.8.2"/>
    </requires>
    <extension point="xbmc.python.pluginsource" library="addon.py">
        <provides>video audio</provides>
    </extension>
    <extension point="xbmc.addon.metadata">
        <platform>all</platform>
        <reuselanguageinvoker>false</reuselanguageinvoker>
        <summary lang="en_GB">KIDS TIME addon for Kodi</summary>
        <summary lang="en_GR">Πρόσθετο KIDS TIME  για το Kodi</summary>
        <description lang="en_GB">KIDS TIME live and on-demand broadcasts</description>
        <description lang="el_GR">Ζωντανές και on demand υπηρεσίες του KIDS TIME</description>
        <disclaimer lang="en_GB">This addon offers content available in Greece and is not published nor endorsed</disclaimer>
        <disclaimer lang="el_GR">Το πρόσθετο αυτό προσφέρει περιεχόμενο διαθέσιμο στην Ελλάδα και δεν έχει δημοσιευθεί ούτε εγκριθεί</disclaimer>
        <language>en el</language>
        <license>GNU GENERAL PUBLIC LICENSE. Version 3, 29 June 2007</license>
        <source></source>
        <website></website>
        <size>226000</size>
        <news>[B]0.0.5[/B] Matrix 22/3/2021 by manalab 
- Πρώτη έκδοση. 
- Ο κώδικας είναι δανεισμένος από τα addons του Twilight0</news>
        <assets>
            <icon>icon.png</icon>
            <fanart>fanart.jpg</fanart>
<!--            <screenshot>resources/screenshots/screenshot-01.jpg</screenshot>-->
<!--            <screenshot>resources/screenshots/screenshot-02.jpg</screenshot>-->
<!--            <screenshot>resources/screenshots/screenshot-03.jpg</screenshot>-->
        </assets>
        <!--<forum></forum>-->
        <!--<email></email>-->
    </extension>
</addon>