<?xml version="1.0" encoding="UTF-8"?>
<addon
  id="plugin.video.vilhaoxxx"
  version="1.0"
  name="[COLOR pink]Vilhao XXX[/COLOR]"
  provider-name="xbmc-adult">
  <requires>
    <!-- Commenting xbmc.python allows install on all versions of Kodi -->
    <!-- <import addon="xbmc.python" version="2.14.0"/> -->
    <import addon="script.module.six"/>
    <import addon="script.module.kodi-six"/>
  </requires>
  <extension 
    point="xbmc.python.pluginsource"
    library="vilhao.py">
    <provides>video</provides>
  </extension>
  <extension point="xbmc.addon.metadata">
    <summary lang="en_GB">[COLOR red]Reproduza vídeos de diferentes sites de streaming adulto[/COLOR]</summary>
    <description lang="en_GB">[COLOR red]Este Addon reproduz vídeos de sites de streaming adulto. Ele contém material adulto explícito. Você só pode visualizar este complemento se tiver pelo menos 18 anos de idade ou maioridade na jurisdição em que reside ou da qual acessa este conteúdo. Se você não atender a esses requisitos, não terá permissão para usar este Addon.[/COLOR]</description>
    <disclaimer lang="en_GB">[COLOR red]O[/COLOR] [COLOR blue]V[/COLOR][COLOR yellow]i[/COLOR][COLOR blue]l[/COLOR][COLOR yellow]h[/COLOR][COLOR blue]a[/COLOR][COLOR yellow]o[/COLOR] [COLOR red]não hospeda nem distribui nenhum conteúdo exibido por este Addon. O[/COLOR] [COLOR blue]V[/COLOR][COLOR yellow]i[/COLOR][COLOR blue]l[/COLOR][COLOR yellow]h[/COLOR][COLOR blue]a[/COLOR][COLOR yellow]o[/COLOR] [COLOR red]não tem nenhuma afiliação com o provedor de conteúdo.[/COLOR]</disclaimer>
    <platform>all</platform>
    <assets>
      <icon>icon.png</icon>
	  <fanart>fanart.png</fanart>
    </assets>
  </extension>
</addon>
