<?xml version="1.0" encoding="UTF-8" standalone="yes"?>
<addon id="plugin.video.GreenKlikPremium" name="[COLOR lime]Green[/COLOR][COLOR white]Klik[/COLOR] [COLOR gold]Premium[/COLOR]" version="4.0.1" provider-name="dEXE, Green Team">
	<requires>
		<import addon="xbmc.python" version="3.0.0"/>
		<import addon="script.module.six"/>
		<import addon="script.module.kodi-six"/>
		<import addon="script.module.requests"/>
		<import addon="script.module.dateutil"/>
		<import addon="script.module.websocket" optional="true"/>
		<import addon="script.module.youtube.dl" optional="true"/>
		<import addon="script.module.resolveurl" optional="true"/>
		<import addon="script.module.inputstreamhelper" optional="true"/>
		<import addon="plugin.video.youtube" optional="true"/>
	</requires>
	<extension point="xbmc.python.pluginsource" library="try.py">
		<provides>video</provides>
	</extension>
	<extension point="xbmc.addon.metadata">
		<language>en</language>
		<platform>all</platform>
		<summary lang="en">GreenKlik</summary>
		<description>ExYU addon - filmovi, serije, crtani, ostalo...</description>
		<disclaimer lang="en">The author does not host or distribute any of the content displayed by this addon. The author does not have any affiliation with the content provider. This addon simply searches websites for content. Use at your own risk!</disclaimer>
		<license>GNU General Public License v3.0</license>
		<assets>
			<icon>icon.png</icon>
			<fanart>fanart.jpg</fanart>
		</assets>
	</extension>
</addon>
