<?xml version="1.0" encoding="UTF-8" standalone="yes" ?>
<addon id="plugin.video.PLsportowo" name="Sportowa TV" version="2.0.19a" provider-name="mbebe">
    <requires>
        <!-- <import addon="xbmc.python" version="3.0.0" /> -->
        <import addon="script.module.six"/>
        <import addon="script.module.requests" />
        <import addon="script.module.inputstreamhelper" version="0.3.3"/>
        <import addon="script.module.resolveurl" version="5.1.30"/>
        <import addon="script.module.pytz" version="2014.2"/>
        <import addon="script.module.js2py" version="3.0.0"/>
    </requires>
    <extension point="xbmc.python.pluginsource" library="maintv.py">
        <provides>video</provides>
    </extension>
    <extension point="xbmc.service" library="serverHTTP.py" />
    <extension point="xbmc.addon.metadata">
        <description>Wydarzenia sportowe</description>
        <disclaimer>https://github.com/mbebe/blomqvist</disclaimer>
        <summary>Relacje Live</summary>
        <language></language>
        <platform>all</platform>
        <license>GNU GENERAL PUBLIC LICENSE. Version 2, June 1991</license>
        <website></website>
        <assets>
            <icon>icon.png</icon>
            <fanart>fanart.jpg</fanart>
        </assets>
    </extension>
</addon>
