<favourites>
	<favourite name="Search" thumb="special://home/addons\plugin.video.umbrella\resources\artwork\umbrella\search.png">ActivateWindow(10025,&quot;plugin://plugin.video.umbrella/?action=tools_searchNavigator&amp;sf_options=fanart%3Dspecial%3A%2F%2Fhome%2Faddons%5Cplugin.video.umbrella%5Cresources%5Cartwork%5Cumbrella%5Cfanart.jpg%26desc%3DSearch%26meta%3Dvotes%253D0%2526plot%253DSearch%2526label%253DSearch%26_options_sf&quot;,return)</favourite>
	<favourite name="Search Movies..." thumb="special://home/addons\plugin.video.umbrella\resources\artwork\umbrella\searchmovies.png">ActivateWindow(10025,&quot;plugin://plugin.video.umbrella/?action=movieSearch&amp;sf_options=fanart%3Dspecial%3A%2F%2Fhome%2Faddons%5Cplugin.video.umbrella%5Cresources%5Cartwork%5Cumbrella%5Cfanart.jpg%26desc%3DSearch+Movies...%26meta%3Dvotes%253D0%2526plot%253DSearch%252BMovies...%2526label%253DSearch%252BMovies...%26_options_sf&quot;,return)</favourite>
	<favourite name="Discover Movies" thumb="special://home/addons\plugin.video.umbrella\resources\artwork\umbrella\movies.png">ActivateWindow(10025,&quot;plugin://plugin.video.umbrella/?action=movieNavigator&amp;sf_options=fanart%3Dspecial%3A%2F%2Fhome%2Faddons%5Cplugin.video.umbrella%5Cresources%5Cartwork%5Cumbrella%5Cfanart.jpg%26desc%3DDiscover+Movies%26meta%3Dvotes%253D0%2526plot%253DDiscover%252BMovies%2526label%253DDiscover%252BMovies%26_options_sf&quot;,return)</favourite>
	<favourite name="My Movies" thumb="special://home/addons\plugin.video.umbrella\resources\artwork\umbrella\mymovies.png">ActivateWindow(10025,&quot;plugin://plugin.video.umbrella/?action=mymovieNavigator&amp;sf_options=fanart%3Dspecial%3A%2F%2Fhome%2Faddons%5Cplugin.video.umbrella%5Cresources%5Cartwork%5Cumbrella%5Cfanart.jpg%26desc%3DMy+Movies%26meta%3Dvotes%253D0%2526plot%253DMy%252BMovies%2526label%253DMy%252BMovies%26_options_sf&quot;,return)</favourite>
	<favourite name="Tools" thumb="special://home/addons\plugin.video.umbrella\resources\artwork\umbrella\tools.png">ActivateWindow(10025,&quot;plugin://plugin.video.umbrella/?action=tools_toolNavigator&amp;sf_options=fanart%3Dspecial%3A%2F%2Fhome%2Faddons%5Cplugin.video.umbrella%5Cresources%5Cartwork%5Cumbrella%5Cfanart.jpg%26desc%3DTools%26meta%3Dvotes%253D0%2526plot%253DTools%2526label%253DTools%26_options_sf&quot;,return)</favourite>
	<favourite name="Premium Services" thumb="special://home/addons\plugin.video.umbrella\resources\artwork\umbrella\premium.png">ActivateWindow(10025,&quot;plugin://plugin.video.umbrella/?action=premiumNavigator&amp;sf_options=fanart%3Dspecial%3A%2F%2Fhome%2Faddons%5Cplugin.video.umbrella%5Cresources%5Cartwork%5Cumbrella%5Cfanart.jpg%26desc%3DPremium+Services%26meta%3Dvotes%253D0%2526plot%253DPremium%252BServices%2526label%253DPremium%252BServices%26_options_sf&quot;,return)</favourite>
</favourites>