<favourites>
	<favourite name="Fluxus Music Videos" thumb="special://home/addons/resource.images.skinicons.wide/resources/icons/fido.png">ActivateWindow(10025,&quot;plugin://plugin.video.fidoK19/get_list/m3ucat|https://bitbucket.org/!api/2.0/snippets/fluxustv/KpaEKX/40b16ee3c4bde59e7ebb0f241474f57158121455/files/FTV-ENG|Music?sf_options=fanart%3Dspecial%3A%2F%2Fhome%2Faddons%5Cplugin.video.fidoK19%5Cfanart.jpg%26meta%3Dlabel%253DMusic%26_options_sf&quot;,return)</favourite>
	<favourite name="Fido MusicTV" thumb="special://home/addons/resource.images.skinicons.wide/resources/icons/fido.png">ActivateWindow(10025,&quot;plugin://plugin.video.fidoK19/get_list/m3ucat|https://fantazyrepo.uk/addonimages/fido.addon/Music/musictv.txt|MusicTV?sf_options=fanart%3Dspecial%3A%2F%2Fhome%2Faddons%5Cplugin.video.fidoK19%5Cfanart.jpg%26meta%3Dlabel%253DMusicTV%26_options_sf&quot;,return)</favourite>
	<favourite name="[B]VEVO MUSIC VIDS[/B]" thumb="special://home/addons/resource.images.skinicons.wide/resources/icons/musicvideos.png">ActivateWindow(10025,&quot;plugin://plugin.video.fidoK19/get_list/https://goo.gl/xGocye?sf_options=fanart%3Dhttp%3A%2F%2Ffantazyrepo.uk%2Faddonimages%2FMusic%2Fconcert.jpg%26meta%3Dlabel%253D%25255BB%25255DVEVO%252BMUSIC%252BVIDS%25255B%25252FB%25255D%26_options_sf&quot;,return)</favourite>
	<favourite name="[COLORwhite]Ghost Music TV[/COLOR]" thumb="special://home/addons/resource.images.skinicons.wide/resources/icons/ghost.png">ActivateWindow(10025,&quot;plugin://plugin.video.ghost/?all_w=%7b%7d&amp;data&amp;dates=%20&amp;description=%20&amp;eng_name=%20&amp;episode=%20&amp;fanart=https%3a%2f%2fia902507.us.archive.org%2f12%2fitems%2ffanart_202205%2ffanart.jpg&amp;fav_status=false&amp;heb_name=%20&amp;iconimage=https%3a%2f%2fia902503.us.archive.org%2f28%2fitems%2ficon_20220511%2ficon.png&amp;id&amp;image_master&amp;isr=0&amp;last_id&amp;mode=189&amp;mypass&amp;name=%5bCOLORwhite%5dMusic%20TV%5b%2fCOLOR%5d&amp;original_title=%5bCOLORwhite%5dMusic%20TV%5b%2fCOLOR%5d&amp;search_db&amp;season=%20&amp;show_original_year=%20&amp;tmdbid=%20&amp;url=https%3a%2f%2fia902505.us.archive.org%2f6%2fitems%2fmusic_20220511%2fmusic.xml&amp;video_data=%7b%22title%22%3a%20%22%5bCOLORwhite%5dMusic%20TV%5b%2fCOLOR%5d%22%2c%20%22mediatype%22%3a%20%22movie%22%2c%20%22TVshowtitle%22%3a%20%22%22%2c%20%22season%22%3a%200%2c%20%22episode%22%3a%200%2c%20%22OriginalTitle%22%3a%20%22%5bCOLORwhite%5dMusic%20TV%5b%2fCOLOR%5d%22%2c%20%22year%22%3a%20%22%22%2c%20%22rating%22%3a%20%220%22%2c%20%22plot%22%3a%20%22%20%22%2c%20%22Tag%22%3a%20%22189%22%2c%20%22trailer%22%3a%20%22%22%2c%20%22id%22%3a%20%22%22%7d&amp;sf_options=fanart%3Dhttps%3A%2F%2Fia902507.us.archive.org%2F12%2Fitems%2Ffanart_202205%2Ffanart.jpg%26meta%3Dlabel%253D%25255BCOLORwhite%25255DMusic%252BTV%25255B%25252FCOLOR%25255D%26_options_sf&quot;,return)</favourite>
	<favourite name="Pluto Music 24/7" thumb="special://home/addons/resource.images.skinicons.wide/resources/icons/pluto.png">ActivateWindow(10025,&quot;plugin://plugin.video.plutotv/categories/Music?sf_options=fanart%3Dhttps%3A%2F%2Fs3.amazonaws.com%2Fpluto.tv%2Fchannelcategory%2F5c12fe491cbd932b678e3d85%2FMusic-1583898646268.svg%26meta%3Dvotes%253D0%2526title%253DMusic%2526label%253DMusic%26_options_sf&quot;,return)</favourite>
</favourites>