<?xml version="1.0" encoding="utf-8" standalone="yes"?>
<addon id="plugin.video.lazyman.nhl.tv" name="LazyMan" version="1.3.0" provider-name="actionbronson,skydrome">
  <requires>
    <import addon="xbmc.python" version="3.0.0"/>
    <import addon="script.module.requests" version="2.22.0"/>
    <import addon="script.module.requests-cache" version="0.5.2"/>
    <import addon="script.module.pytz" version="2019.3.0"/>
    <import addon="script.module.beautifulsoup4" version="4.6.3.1"/>
    <import addon="inputstream.adaptive" version="2.5.4"/>
  </requires>
  <extension point="xbmc.python.pluginsource" library="addon.py">
    <provides>video</provides>
  </extension>
  <extension point="xbmc.addon.metadata">
    <summary lang="en">LazyMan NHL.tv</summary>
    <description lang="en">An application that helps you watch free NHL and MLB games</description>
    <forum>https://www.reddit.com/r/LazyMan</forum>
    <source>https://github.com/actionbronson/LazyMan</source>
    <platform>all</platform>
    <reuselanguageinvoker>true</reuselanguageinvoker>
    <license>GPL-2.0</license>
    <assets>
      <icon>resources/icon.png</icon>
      <fanart>resources/fanart.jpg</fanart>
    </assets>
    <news>
v1.3.0 (2020-03-28)
  - Added game preview summaries and thumbnails
  - Added game recaps and all team videos in highlights menu
  - Show projected pitchers and weather info
  - Show league leaders on menu
  - Added broadcast network icons
  - Favorited teams get highlighted
  - Show more detailed gamestates (Postponed Cancelled EarlyFinish Rain)
v1.2.0 (2019-11-28)
  - Python3 Support for kodi matrix
  - Settings menu converted to new format
  - Livestreams playable at pre-game
    </news>
  </extension>
</addon>
