{
    "name"              : "[COLOR grey]Gamato[/COLOR]",
    "language"          : "el",
    "api_language"      : "en-US",
    "icon"              : "http://gamatotv.info/wp-content/uploads/2021/09/86802894_2781676301922500_692465289232646144_n.jpg",
    "plugin"            : "plugin.video.microjen",
    "priority"          : 104,
    "play_movie"        : [
                            "plugin://script.module.grs/?description&amp;iconimage=none&amp;mode=gamatosearch&amp;name=%20&amp;url=http://gamatotv.info/",
                            {"keyboard": "{clearname}"},
                            {"dialog": "true", "label": "(?i)^(?:{clearname}|{el_clearname}) {year}", "file": "(?i).*%2fmovies%2f.*", "strict": "true"}
                          ],
    "play_episode"      : [
                            "plugin://script.module.grs/?description&amp;iconimage=none&amp;mode=gamatosearch&amp;name=%20&amp;url=http://gamatotv.info/",
                            {"keyboard": "{clearname}"},
                            {"dialog": "true", "label": "(?i)^(?:{clearname}$|{originaltitle}$)", "file": "(?i).*%2ftvshows%2f.*", "strict": "true"},
                            {"dialog": "true", "label": "(?i).*S(?:0{season}|{season})E(?:0{episode}|{episode})[^0-9]", "strict": "true"}
                          ],
    "is_resolvable"     : "false"
}