{"short_id": "062b4387", "title": "Controllo liste migliorato", "committer_name": "thepasto", "created_at": "2020-08-02T20:42:58.000+02:00", "author_name": "thepasto", "parent_ids": ["50eefce3628ae2ae49ba3f0f5387b92ff3831fa3"], "web_url": "https://gitlab.com/thepasto/plugin.video.thegroove360/-/commit/062b4387f9c16e49782000ea026c6b79e684fac0", "committed_date": "2020-08-02T20:42:58.000+02:00", "message": "Controllo liste migliorato\nBugfixes vari\n", "authored_date": "2020-08-02T20:42:58.000+02:00", "id": "062b4387f9c16e49782000ea026c6b79e684fac0"}