<favourites>
	<favourite name="Canadian Broadcasting Corp (CBC)" thumb="special://home/addons/resource.images.skinicons.wide/resources/icons/cbc.png">ActivateWindow(10025,&quot;plugin://plugin.video.cbc/?sf_options=fanart%3Dspecial%3A%2F%2Fhome%2Faddons%5Cplugin.video.cbc%5Cfanart.jpg%26desc%3DView+online+content+from+the+Canadian+Broadcasting+Corporation.%26meta%3Dlabel%253DCanadian%252BBroadcasting%252BCorp%252B%252528CBC%252529%26_options_sf&quot;,return)</favourite>
	<favourite name="CBS Catchup TV" thumb="special://home/addons/resource.images.skinicons.wide/resources/APPTV/ustvgo/cbs.png">ActivateWindow(10025,&quot;plugin://plugin.video.cbsnetwork/?mode=2&amp;name=TVSHOWS&amp;url&amp;sf_options=fanart%3Dspecial%3A%2F%2Fhome%2Faddons%5Cplugin.video.cbsnetwork%5Cresources%5Cimages%5Cfanart.jpg%26meta%3Dvotes%253D0%2526title%253DTVSHOWS%2526label%253DTVSHOWS%26_options_sf&quot;,return)</favourite>
	<favourite name="ConTV" thumb="special://home/addons/resource.images.skinicons.wide/resources/icons/contv.png">ActivateWindow(10025,&quot;plugin://plugin.video.contv/?sf_options=fanart%3Dspecial%3A%2F%2Fhome%2Faddons%5Cplugin.video.contv%5Cresources%5Cfanart.jpg%26desc%3DConTV%26meta%3Dlabel%253DConTV%26_options_sf&quot;,return)</favourite>
	<favourite name="Crackle TV Shows" thumb="special://home/addons/resource.images.skinicons.wide/resources/icons/crackle.png">ActivateWindow(10025,&quot;plugin://plugin.video.crackle/?id=shows&amp;mode=99&amp;sf_options=fanart%3Dspecial%3A%2F%2Fhome%2Faddons%5Cplugin.video.crackle%5Cresources%5Cmedia%5Cfanart.jpg%26meta%3Dlabel%253DTV%26_options_sf&quot;,return)</favourite>
	<favourite name="Disney+ (US Only)" thumb="special://home/addons/resource.images.skinicons.wide/resources/icons/disney+.png">ActivateWindow(10025,&quot;plugin://slyguy.disney.plus/?sf_options=fanart%3Dspecial%3A%2F%2Fhome%2Faddons%5Cslyguy.disney.plus%5Cfanart.jpg%26desc%3DDisney%2B+is+the+exclusive+home+for+your+favorite+movies+and+TV+shows+from+Disney%2C+Pixar%2C+Marvel%2C+Star+Wars%2C+and+National+Geographic.%0A%0ASubscription+required.%26meta%3Dlabel%253DDisney%25252B%26_options_sf&quot;,return)</favourite>
	<favourite name="HBO Max (US Only)" thumb="special://home/addons/resource.images.skinicons.wide/resources/icons/hbomax.jpg">ActivateWindow(10025,&quot;plugin://slyguy.hbo.max/?sf_options=fanart%3Dspecial%3A%2F%2Fhome%2Faddons%5Cslyguy.hbo.max%5Cfanart.jpg%26desc%3DSay+hello+to+HBO+Max%2C+the+streaming+platform+that+bundles+all+of+HBO+together+with+even+more+of+your+favorite+movies+and+TV+series%2C+plus+new+Max+Originals.%0A%0ASubscription+required.%26meta%3Dlabel%253DHBO%252BMax%26_options_sf&quot;,return)</favourite>
	<favourite name="Paramount+ (US Only)" thumb="special://home/addons/resource.images.skinicons.wide/resources/paidaddons/pplus.png">ActivateWindow(10025,&quot;plugin://slyguy.paramount.plus/?sf_options=fanart%3Dspecial%3A%2F%2Fhome%2Faddons%5Cslyguy.paramount.plus%5Cfanart.jpg%26desc%3DWatch+thousands+of+episodes+of+your+favorite+shows+on+any+device.+Paramount%2B+includes+on-demand+and+live+content+from+CBS%2C+BET%2C+Comedy+Central%2C+Nickelodeon%2C+MTV%2C+VH1%2C+Paramount%2C+and+more.%0A%0ASubscription+required.%26meta%3Dlabel%253DParamount%25252B%26_options_sf&quot;,return)</favourite>
	<favourite name="Showtime (US Only)" thumb="special://home/addons/resource.images.skinicons.wide/resources/APPTV/ustvgo/showtime.jpg">ActivateWindow(10025,&quot;plugin://plugin.video.showtime/?sf_options=fanart%3Dspecial%3A%2F%2Fhome%2Faddons%5Cplugin.video.showtime%5Cfanart.jpg%26desc%3DOUTSIDE+THE+USA+NEED+A+VPN%26meta%3Dlabel%253DShowtime%26_options_sf&quot;,return)</favourite>
	<favourite name="Shudder (US Only)" thumb="special://home/addons/resource.images.skinicons.wide/resources/icons/SHUDDER.png">ActivateWindow(10025,&quot;plugin://plugin.video.shudder/?sf_options=fanart%3Dspecial%3A%2F%2Fhome%2Faddons%5Cplugin.video.shudder%5Cfanart.jpg%26desc%3DWatch+your+favorite+movies%2C+episodes+and+live+tv+on+any+device.%26meta%3Dlabel%253DShudder%26_options_sf&quot;,return)</favourite>
	<favourite name="Pluto TV" thumb="special://home/addons/resource.images.skinicons.wide/resources/icons/pluto.png">ActivateWindow(10025,&quot;plugin://plugin.video.plutotv/?sf_options=fanart%3Dspecial%3A%2F%2Fhome%2Faddons%5Cplugin.video.plutotv%5Cresources%5Cimages%5Cfanart.jpg%26desc%3DWatch+Free+TV+on+Kodi%21+Stream+Pluto+TV%27s+100%2B+channels+of+news%2C+sports%2C+and+the+Internet%27s+best%2C+completely+free+on+your+Kodi+device.%26meta%3Dlabel%253DPluto%252BTV%26_options_sf&quot;,return)</favourite>
	<favourite name="[COLOR ghostwhite][B]Fido TV BoxSets[/B][/COLOR]" thumb="special://home/addons/resource.images.skinicons.wide/resources/icons/fido.png">ActivateWindow(10025,&quot;plugin://plugin.video.fidoK19/get_list/http://fantazyrepo.uk/addonimages/fido.addon/BoxSets/TVBoxSets.xml?sf_options=fanart%3Dhttp%3A%2F%2Ffantazyrepo.uk%2Faddonimages%2Fnewmovies%2Fnewmovies.jpg%26meta%3Dlabel%253D%25255BCOLOR%252Bghostwhite%25255D%25255BB%25255DTV%252BBoxSets%25255B%25252FB%25255D%25255B%25252FCOLOR%25255D%26_options_sf&quot;,return)</favourite>
	<favourite name="Ghost 1Click TV Shows" thumb="special://home/addons/resource.images.skinicons.wide/resources/icons/ghost.png">ActivateWindow(10025,&quot;plugin://plugin.video.ghost/?all_w=%7b%7d&amp;data=%20&amp;dates=%20&amp;description=1Click&amp;eng_name=%20&amp;episode=%20&amp;fanart=https%3a%2f%2fia902507.us.archive.org%2f12%2fitems%2ffanart_202205%2ffanart.jpg&amp;fav_status=false&amp;heb_name=%20&amp;iconimage=https%3a%2f%2fia902503.us.archive.org%2f28%2fitems%2ficon_20220511%2ficon.png&amp;id=%20&amp;image_master&amp;isr=0&amp;last_id&amp;mode=189&amp;mypass&amp;name=1Click&amp;original_title=%20&amp;search_db&amp;season=%20&amp;show_original_year=%20&amp;tmdbid=%20&amp;url=https%3a%2f%2fia902508.us.archive.org%2f35%2fitems%2ftv.shows.theboys%2ftv.shows.theboys.xml&amp;video_data=%7b%22title%22%3a%20%221Click%22%2c%20%22mediatype%22%3a%20%22movie%22%2c%20%22TVshowtitle%22%3a%20%22%22%2c%20%22season%22%3a%200%2c%20%22episode%22%3a%200%2c%20%22OriginalTitle%22%3a%20%22%20%22%2c%20%22rating%22%3a%20%220%22%2c%20%22plot%22%3a%20%221Click%22%2c%20%22Tag%22%3a%20%223%22%2c%20%22id%22%3a%20%22%20%22%7d&amp;sf_options=fanart%3Dhttps%3A%2F%2Fia902507.us.archive.org%2F12%2Fitems%2Ffanart_202205%2Ffanart.jpg%26meta%3Dlabel%253D1Click%26_options_sf&quot;,return)</favourite>
	<favourite name="CuriosityStream" thumb="special://home/addons/resource.images.skinicons.wide/resources/icons/curiosity.png">ActivateWindow(10025,&quot;plugin://slyguy.curiositystream/?sf_options=fanart%3Dspecial%3A%2F%2Fhome%2Faddons%5Cslyguy.curiositystream%5Cfanart.jpg%26desc%3DHome+of+Award-Winning+Documentaries.%0A%0ASubscription+required.%26meta%3Dlabel%253DCuriosityStream%26_options_sf&quot;,return)</favourite>
	<favourite name="DailyMotion.com" thumb="special://home/addons/resource.images.skinicons.wide/resources/icons/dailymotion.png">ActivateWindow(10025,&quot;plugin://plugin.video.dailymotion_com/?sf_options=fanart%3Dspecial%3A%2F%2Fhome%2Faddons%5Cplugin.video.dailymotion_com%5Cfanart.jpg%26desc%3DDailymotion+attracts+300+million+users+from+around+the+world%2C+who+watch+3.5+billion+videos+on+its+player+each+month.%26meta%3Dlabel%253DDailyMotion.com%26_options_sf&quot;,return)</favourite>
	<favourite name="Quest TV Shows" thumb="special://home/addons/resource.images.skinicons.wide/resources/icons/QUEST.png">ActivateWindow(10025,&quot;plugin://plugin.video.quest/?sf_options=fanart%3Dspecial%3A%2F%2Fhome%2Faddons%5Cplugin.video.quest%5Cresources%5Cmedia%5Cfanart.jpg%26desc%3DQuest+is+a+24%2F7+broadcast+television+network+that+entertains+and+informs+its+viewers+with+exhilarating+adventure+programming+about+nature%27s+greatest+dangers%2C+history%27s+greatest+mysteries+and+man%27s+greatest+achievements.+%2AMatrix+Version%2A%26meta%3Dlabel%253DQuest%26_options_sf&quot;,return)</favourite>
	<favourite name="True Crime Network" thumb="special://home/addons/resource.images.skinicons.wide/resources/icons/truecrime.png">ActivateWindow(10025,&quot;plugin://plugin.video.truecrime/?sf_options=fanart%3Dspecial%3A%2F%2Fhome%2Faddons%5Cplugin.video.truecrime%5Cresources%5Cmedia%5Cfanart.jpg%26desc%3DTrue+Crime+Network+is+a+24%2F7+broadcast+television+network+that+entertains+and+informs+its+viewers+with+gripping+crime+and+investigation+programming+while+making+communities+safer.++This+add-on+provides+access+to+the+True+Crime+Network+video+on+demand+library.+%2AMatrix+Version%2A%26meta%3Dlabel%253DTrue%252BCrime%252BNetwork%26_options_sf&quot;,return)</favourite>
	<favourite name="Vidembed TV Series" thumb="special://home/addons/resource.images.skinicons.wide/resources/icons/vidcloud.jpg">ActivateWindow(10025,&quot;plugin://plugin.video.vidembed/SeriesHome/?sf_options=fanart%3Dhttps%3A%2F%2Fi.ibb.co%2FNZHm9Gr%2FTV-Shows.png%26desc%3DSeries%26meta%3Dvotes%253D0%2526plot%253DSeries%2526title%253DSeries%2526label%253DSeries%26_options_sf&quot;,return)</favourite>
	<favourite name="WNBC Programs" thumb="special://home/addons/resource.images.skinicons.wide/resources/APPTV/ustvgo/nbc.png">ActivateWindow(10025,&quot;plugin://plugin.video.wnbc/?sf_options=fanart%3Dspecial%3A%2F%2Fhome%2Faddons%5Cplugin.video.wnbc%5Cresources%5Cfanart.jpg%26desc%3DWNBC+Programs.+The+Tonight+Show%2C+NBC+News+and+NBC+Classic+TV.%26meta%3Dlabel%253DWNBC%252BPrograms%26_options_sf&quot;,return)</favourite>
	<favourite name="TubiTV Docuseries" thumb="http://images.adrise.tv/_S33CwFek8lEw9v6CfbPZs6MIX4=/640x360/smart/img.adrise.tv/41bef39e-d201-42b6-bae4-3d9b90f7fc09.jpg">ActivateWindow(10025,&quot;plugin://plugin.video.tubi.m7/?mode=docuseriestubitv-content&amp;rand=D8EPDY&amp;sf_options=fanart%3Dspecial%3A%2F%2Fhome%2Faddons%5Cplugin.video.tubi.m7%5Cicon.png%26meta%3Dvotes%253D0%2526title%253DDocuseries%2526label%253DDocuseries%26_options_sf&quot;,return)</favourite>
	<favourite name="Series Spotlight" thumb="http://images.adrise.tv/Symo9PM6Q2KfQb36lhXz2yFYIyo=/640x360/smart/img.adrise.tv/4ef46efc-1f77-493c-9a4c-332d4b34b7d2.jpg">ActivateWindow(10025,&quot;plugin://plugin.video.tubi.m7/?mode=series_spotlighttubitv-content&amp;rand=9RFSR3&amp;sf_options=fanart%3Dspecial%3A%2F%2Fhome%2Faddons%5Cplugin.video.tubi.m7%5Cicon.png%26meta%3Dvotes%253D0%2526title%253DSeries%252BSpotlight%2526label%253DSeries%252BSpotlight%26_options_sf&quot;,return)</favourite>
	<favourite name="A&amp;E" thumb="http://images.adrise.tv/L92KWLm0b_mgzUyIst6WLcuNhzE=/640x360/smart/img.adrise.tv/30b211c9-5d33-4b9b-88b7-3eccd938ac1b.jpg">ActivateWindow(10025,&quot;plugin://plugin.video.tubi.m7/?mode=aetvtubitv-content&amp;rand=Z3L48V&amp;sf_options=fanart%3Dspecial%3A%2F%2Fhome%2Faddons%5Cplugin.video.tubi.m7%5Cicon.png%26meta%3Dvotes%253D0%2526title%253DA%252526E%2526label%253DA%252526E%26_options_sf&quot;,return)</favourite>
	<favourite name="FOX" thumb="http://images.adrise.tv/pwTBWe0B_V-FgY-wpKcewx_8xek=/640x360/smart/img.adrise.tv/fefd6a70-364a-429b-b04d-4db75f77d002.png">ActivateWindow(10025,&quot;plugin://plugin.video.tubi.m7/?mode=foxtubitv-content&amp;rand=HMFFY7&amp;sf_options=fanart%3Dspecial%3A%2F%2Fhome%2Faddons%5Cplugin.video.tubi.m7%5Cicon.png%26meta%3Dvotes%253D0%2526title%253DFOX%2526label%253DFOX%26_options_sf&quot;,return)</favourite>
	<favourite name="Lifetime" thumb="http://images.adrise.tv/iECJk1U6s-0WZ6StOfl7OzTraCU=/640x360/smart/img.adrise.tv/93134e5a-6842-4857-9564-bdec78c19a7b.jpg">ActivateWindow(10025,&quot;plugin://plugin.video.tubi.m7/?mode=lifetimetubitv-content&amp;rand=Z307FD&amp;sf_options=fanart%3Dspecial%3A%2F%2Fhome%2Faddons%5Cplugin.video.tubi.m7%5Cicon.png%26meta%3Dvotes%253D0%2526title%253DLifetime%2526label%253DLifetime%26_options_sf&quot;,return)</favourite>
</favourites>