<?xml version="1.0" encoding="UTF-8" standalone="yes" ?>
<addon id="plugin.video.stream2watch" name="stream2watch" version="1.0.0c" provider-name="lg">
    <requires>
        <import addon="script.module.requests" />
        <import addon="script.module.inputstreamhelper" />
        <import addon="service.cronxbmc" optional="true"/>
        <import addon="script.module.future"/>
    </requires>
    <extension point="xbmc.python.pluginsource" library="addon.py">
        <provides>video</provides>
    </extension>
 	<extension point="xbmc.service" library="serverHTTP.py" />
	<extension point="xbmc.addon.metadata">
        <description lang="pl">stream2watch</description>
        <disclaimer lang="pl">stream2watch
        </disclaimer>
        <summary lang="en">stream2watch</summary>
        <description lang="en">stream2watch</description>
        <disclaimer lang="en">stream2watch
        </disclaimer>
        <language>pl</language>
        <platform>all</platform>
        <license>GNU GENERAL PUBLIC LICENSE. Version 2, June 1991</license>
        <website></website>
        <assets>
            <icon></icon>
        </assets>
        <reuselanguageinvoker>true</reuselanguageinvoker>
    </extension>
</addon>