<favourites>
	<favourite name="7 Art" thumb="special://home/addons/plugin.image.World/resources/media/foto/tmdb.png">ActivateWindow(10025,&quot;plugin://plugin.program.myselect/?group=00_art-00&amp;mode=group&amp;refresh&amp;reload&quot;)</favourite>
	<favourite name="MOVIES &amp; TV" thumb="special://home/addons/plugin.image.World/resources/media/foto/tv-movies.jpg">ActivateWindow(10025,&quot;plugin://plugin.program.myselect/?group=01movies__tv-01&amp;mode=group&amp;refresh&amp;reload&quot;)</favourite>
	<favourite name="OneClick" thumb="special://home/addons/plugin.image.World/resources/media/foto/1click.png">ActivateWindow(10025,&quot;plugin://plugin.program.myselect/?group=02aOneClick-02a&amp;mode=group&amp;refresh&amp;reload&quot;)</favourite>
	<favourite name="Film" thumb="special://home/addons/plugin.image.World/resources/media/foto/MOVIES (2).jpg">ActivateWindow(10025,&quot;plugin://plugin.program.myselect/?group=02film-02&amp;mode=group&amp;refresh&amp;reload&quot;)</favourite>
	<favourite name="GREECE Movies &amp; TV" thumb="special://home/addons/plugin.image.World/resources/media/foto/Greece-designstyle-greece-m.png">ActivateWindow(10025,&quot;plugin://plugin.program.myselect/?group=03greece-03&amp;mode=group&amp;refresh&amp;reload&quot;)</favourite>
	<favourite name="[B][COLOR royalblue]Greek Sites[/COLOR][/B]" thumb="special://home/addons/plugin.image.World/resources/media/foto/greek-subs.jpg">ActivateWindow(10025,&quot;plugin://plugin.program.myselect/?group=04bcolor_royalbluegreek_subscolorb-04&amp;mode=group&amp;refresh&amp;reload&quot;)</favourite>
	<favourite name="[B][COLOR firebrick]Networks[/COLOR][/B]" thumb="https://github.com/akeotaseo/world_repo/blob/main/iloveimg-resized%20(2)/networks/networks.jpg?raw=true">ActivateWindow(10025,&quot;plugin://plugin.program.myselect/?group=04bnetworks&amp;mode=group&amp;refresh&amp;reload&quot;)</favourite>
	<favourite name="[COLOR red]TRAKT[/COLOR]  List  [COLOR yellow]IMDB[/COLOR]" thumb="https://trakt.tv/assets/logos/header@2x-d6926a2c93734bee72c5813819668ad494dbbda651457cd17d15d267bc75c657.png">ActivateWindow(10025,&quot;plugin://plugin.program.myselect/?group=trakt-1669932579.5331516&amp;mode=group&amp;refresh&amp;reload&quot;)</favourite>
	<favourite name="TORRENT! [B][COLOR red] VPN [/COLOR][/B]" thumb="special://home/addons/plugin.image.World/resources/media/foto/torrent (2).png">ActivateWindow(10025,&quot;plugin://plugin.program.myselect/?group=06torrent_bcolor_red_vpn_colorb-06&amp;mode=group&amp;refresh&amp;reload&quot;)</favourite>
	<favourite name="-EΛΛΗΝΙΚΑ-" thumb="special://home/addons/plugin.image.World/resources/media/foto/Greek Content.png">ActivateWindow(10025,&quot;plugin://plugin.program.myselect/?group=09-09&amp;mode=group&amp;refresh&amp;reload&quot;)</favourite>
	<favourite name="Tube  GR" thumb="special://home/addons/plugin.image.World/resources/media/addonset foto/grtubes.jpg">ActivateWindow(10025,&quot;plugin://plugin.program.myselect/?group=10atube__gr-10a&amp;mode=group&amp;refresh&amp;reload&quot;)</favourite>
	<favourite name="[COLOR=blue]GR[/COLOR]" thumb="https://upload.wikimedia.org/wikipedia/commons/thumb/5/5c/Flag_of_Greece.svg/2560px-Flag_of_Greece.svg.png">RunScript("special://home/addons/plugin.program.myselect/folders/py/GR.py")</favourite>
	<favourite name="-[B][COLOR green] SPORTS [/COLOR][/B]-" thumb="special://home/addons/plugin.image.World/resources/media/foto/sports 2.png">ActivateWindow(10025,&quot;plugin://plugin.program.myselect/?group=10sports-10&amp;mode=group&amp;refresh&amp;reload&quot;)</favourite>
	<favourite name="[COLOR=blue]=[COLOR=white]Live TV[COLOR=blue]=[/COLOR]" thumb="special://home/addons/plugin.video.microjen/resources/lib\external/sporthd\media/livetv.png">RunScript("special://home/addons/plugin.program.myselect/folders/py/Livetvsx.py")</favourite>
	<favourite name="[COLOR=blue]=[COLOR=olive]Daddylive[COLOR=blue]=[/COLOR]" thumb="https://www.wirelesshack.org/wp-content/uploads/2023/02/How-To-Install-Daddy-Live-Kodi-Addon.jpg">RunScript("special://home/addons/plugin.program.myselect/folders/py/Daddylive.py")</favourite>
	<favourite name="[B][COLOR lime]Live now[/COLOR][/B]" thumb="special://home/addons/plugin.image.World/resources/media/iloveimg-resized(2)/LiveNow.png">RunScript(&quot;special://home/addons/plugin.program.myselect/folders/py/Live_Now.py&quot;)</favourite>
	<favourite name="[B][COLOR orange]Schedule[/COLOR][/B]" thumb="https://png.pngtree.com/png-vector/20190720/ourmid/pngtree-scheduled-icon-for-your-project-png-image_1551149.jpg">RunScript(&quot;special://home/addons/plugin.program.myselect/folders/py/Live_Schedule.py&quot;)</favourite>
	<favourite name="[B][COLOR blue]Sports Channels [/COLOR][/B]" thumb="special://home/addons/plugin.image.World/resources/media/iloveimg-resized(2)/Sport.png">RunScript(&quot;special://home/addons/plugin.program.myselect/folders/py/Spchannels.py&quot;)</favourite>
	<favourite name="SD" thumb="special://home/addons/skin.19MatrixWorld/media/sportsdevil.png">RunScript(&quot;special://home/addons/skin.19MatrixWorld/xml/sd.py&quot;)</favourite>
	<favourite name="DaddyLiveSports" thumb="special://home/addons\plugin.image.World\resources\media\iloveimg-resized(2)\livesport.jpg">ActivateWindow(10025,"plugin://plugin.program.myselect/?group=daddylivesports-1729157409.258524&amp;mode=group&amp;refresh&amp;reload",return)</favourite>
	<favourite name="FTA sports" thumb="special://home/addons/plugin.image.World/resources/media/addonset foto/FTA.png">ActivateWindow(10025,&quot;plugin://plugin.program.myselect/?group=11%20FTAsports-11&amp;mode=group&amp;refresh&amp;reload&quot;)</favourite>
	<favourite name="[COLORgrey]Replays[/COLOR]" thumb="special://home/addons/plugin.image.World/resources/media/foto/Replays.png">ActivateWindow(10025,&quot;plugin://plugin.program.myselect/?group=12colorgreyreplayscolor-12&amp;mode=group&amp;refresh&amp;reload&quot;)</favourite>
	<favourite name="ΑCE" thumb="special://home/addons/plugin.image.World/resources/media/foto/ACE.jpg">ActivateWindow(10025,&quot;plugin://plugin.program.myselect/?group=14ace-14&amp;mode=group&amp;refresh&amp;reload&quot;)</favourite>
    <favourite name="blackghostaddon" thumb="http://bgaddon.pro/black/img/icon.png">ActivateWindow(10025,"plugin://plugin.program.myselect/?group=blackghostaddon-1742920899.3068209&amp;mode=group&amp;refresh&amp;reload",return)</favourite>
	<favourite name="ΙΡΤV" thumb="special://home/addons/plugin.image.World/resources/media/foto/iptv2.jpg">ActivateWindow(10025,&quot;plugin://plugin.program.myselect/?group=15v-15&amp;mode=group&amp;refresh&amp;reload&quot;)</favourite>
	<favourite name="Kanalia IPTV" thumb="special://home/addons/plugin.image.World/resources/media/iloveimg-resized(2)/iptv2o.png">ActivateWindow(10001,"plugin://plugin.program.mypreferences/?content_type&amp;fanart=C%3a%5cPortableApps%5ckodi%5ckodi%20World%2021%5cKodi%5cportable_data%5caddons%5cplugin.program.mypreferences%5cfanart.jpg&amp;image=https%3a%2f%2favatars.githubusercontent.com%2fu%2f89271120%3fv%3d4&amp;label=KanaliaIPTV&amp;mode=400&amp;path=special%3a%2f%2fprofile%2faddon_data%2fplugin.program.mypreferences%5cSuper%20Favourites%5cEX%20-Simple%20Favourites%5cKanaliaIPTV")</favourite>
	<favourite name="Stalker Vod" thumb="special://home/addons/skin.19MatrixWorld/media/stalkervod.png">RunScript("special://home/addons/plugin.program.downloaderstartup/PY/PVR/list.py")</favourite>
	<favourite name="IPTV [B][COLOR red] LOGIN [/COLOR][/B]" thumb="special://home/addons/plugin.image.World/resources/media/foto/iptv.png">ActivateWindow(10025,&quot;plugin://plugin.program.myselect/?group=16iptvlogin-16&amp;mode=group&amp;refresh&amp;reload&quot;)</favourite>
	<favourite name="[B][COLOR green]Real-Debrid[/COLOR][/B]  - [COLOR yellow] PIN [/COLOR] Add-ons" thumb="special://home/addons/plugin.image.World/resources/media/foto/realdebrid.jpg">ActivateWindow(10025,&quot;plugin://plugin.program.myselect/?group=17neflix-_siren-17&amp;mode=group&amp;refresh&amp;reload&quot;)</favourite>
	<favourite name="RD" thumb="https://github.com/akeotaseo/world_repo/blob/main/iloveimg-resized%20(2)/RD/real-debrid.png?raw=true">ActivateWindow(10025,&quot;plugin://plugin.program.myselect/?group=rd-1667568941.9320223&amp;mode=group&amp;refresh&amp;reload&quot;)</favourite>
	<favourite name="ALL IN ONE" thumb="special://home/addons/plugin.image.World/resources/media/foto/ALLIN1.jpg">ActivateWindow(10025,&quot;plugin://plugin.program.myselect/?group=18all_in_one-18&amp;mode=group&amp;refresh&amp;reload&quot;)</favourite>
	<favourite name="WORLD" thumb="special://home/addons/plugin.image.World/resources/media/foto/world.jpg">ActivateWindow(10025,&quot;plugin://plugin.program.myselect/?group=19world-19&amp;mode=group&amp;refresh&amp;reload&quot;)</favourite>
	<favourite name="TvOne" thumb="special://home/addons/plugin.image.World/resources/media/foto/TVONE.png">ActivateWindow(10025,&quot;plugin://plugin.program.myselect/?group=20tvone-20&amp;mode=group&amp;refresh&amp;reload&quot;)</favourite>
    <favourite name="Dregs" thumb="https://avatars.githubusercontent.com/u/171382214?v=4">ActivateWindow(10025,"plugin://plugin.program.myselect/?group=dregs1-1757664443.6623688&amp;mode=group&amp;refresh&amp;reload")</favourite>
	<favourite name="USA" thumb="special://home/addons/plugin.image.World/resources/media/iloveimg-resized(2)/USA.jpg">ActivateWindow(10025,&quot;plugin://plugin.program.myselect/?group=usa-1668350855.1779165&amp;mode=group&amp;refresh&amp;reload&quot;)</favourite>
	<favourite name="MUSIC" thumb="special://home/addons/plugin.image.World/resources/media/foto/music.jpg">ActivateWindow(10025,&quot;plugin://plugin.program.myselect/?group=21music-21&amp;mode=group&amp;refresh&amp;reload&quot;)</favourite>
	<favourite name="[COLOR blueviolet]Ambient[/COLOR]" thumb="special://home/addons/plugin.image.World/resources/media/iloveimg-resized(2)/ambient.jpg">RunScript(&quot;special://home/addons/plugin.program.myselect/folders/py/Ambient.py&quot;)</favourite>
	<favourite name="Kids" thumb="special://home/addons/plugin.image.World/resources/media/foto/kidsTime.png">ActivateWindow(10025,&quot;plugin://plugin.program.myselect/?group=22kinds-22&amp;mode=group&amp;refresh&amp;reload&quot;)</favourite>
	<favourite name="documentary" thumb="special://home/addons/plugin.image.World/resources/media/foto/documentare.jpg">ActivateWindow(10025,&quot;plugin://plugin.program.myselect/?group=23documentary-23&amp;mode=group&amp;refresh&amp;reload&quot;)</favourite>
	<favourite name="camera" thumb="special://home/addons/plugin.image.World/resources/media/foto/Camera.jpg">ActivateWindow(10025,&quot;plugin://plugin.program.myselect/?group=24camera-24&amp;mode=group&amp;refresh&amp;reload&quot;)</favourite>
	<favourite name="Rest" thumb="special://home/addons/plugin.image.World/resources/media/foto/rest-time-letters.jpg">ActivateWindow(10025,&quot;plugin://plugin.program.myselect/?group=25Rest-25&amp;mode=group&amp;refresh&amp;reload&quot;)</favourite>
	<favourite name="Tools" thumb="special://home/addons/plugin.image.World/resources/media/Tools/tools.gif">ActivateWindow(10025,&quot;plugin://plugin.program.myselect/?group=tools-1698618233.2426612&amp;mode=group&amp;refresh&amp;reload&quot;)</favourite>
	<favourite name="[B][COLOR blue]ΠΡΟΓΡΑΜΑΤΑ [/COLOR][/B]" thumb="special://home/addons/plugin.image.World/resources/media/foto/settings.jpg">ActivateWindow(10025,&quot;plugin://plugin.program.myselect/?group=27bcolor_blue__colorb__tools-27&amp;mode=group&amp;refresh&amp;reload&quot;)</favourite>
	<favourite name="[B][COLOR blue]TV Guide[/COLOR][/B]" thumb="special://home/addons/skin.19MatrixWorld/media/TV_Guide1.png">RunScript(&quot;special://home/addons/plugin.program.downloaderstartup/PY/Programs_tv.py&quot;)</favourite>
	<favourite name="x[B][COLOR red]X[/COLOR][/B]x" thumb="special://home/addons/plugin.image.World/resources/media/foto/18.jpg">ActivateWindow(10025,&quot;plugin://plugin.program.myselect/?group=66xxx-66&amp;mode=group&amp;refresh&amp;reload&quot;)</favourite>
</favourites>