{
    "name" : "[B][COLOR orange]ΑΤΛΑΣ - [COLOR purple]Anymovies[/COLOR][/B]",
    "icon"              : "special://home/addons/plugin.video.atlas/resources/icons/anymovies.png",
    "plugin"            : "plugin.video.atlas",
    "api_language"      : "en-US",
    "priority"          : 140,
    "is_resolvable"     : "true",
    "play_movie"      : [
                            "plugin://plugin.video.atlas/?description&amp;mode=90",
                            {"keyboard": "{clearname} {year}"},
                            {"dialog": "clearname"},
                            {"dialog": "clearname"}
                          ]
}
