<?xml version="1.0" encoding="UTF-8"?>
<addon id="script.luar"
  version="0.9.9"
  name="Luar"
  provider-name="The Dreamers">
  <requires>
    <import addon="script.module.six" version="1.11.0"/>
    <import addon="script.module.requests"/>
    <import addon="resource.language.es_es"/>
    <import addon="script.module.pycryptodome" optional="true"/>
  </requires>
  <extension point="xbmc.python.pluginsource" library="default.py">
    <provides>executable</provides>
  </extension>
  <extension point="xbmc.addon.metadata">
    <platform>all</platform>
    <summary lang="es">Script instalador de complementos para Kodi.</summary>
    <description lang="es">Selecciona, instala y disfruta.</description>
    <disclaimer>Este es un software [COLOR red][B]gratuito[/B][/COLOR][CR]No obstante, [COLOR red][B]no se permite[/B][/COLOR] su distribuición preinstalada en ningún tipo de dispositivo ni tampoco su inclusión total o parcial en cualquier paquete de software y/o hardware por el que el usuario final deba [COLOR red][B]pagar o hacer una donación[/B][/COLOR], por su adquisición, uso o asistencia.[CR]Si cree que alguna de estas normas no se está cumpliendo póngase en contacto con nosotros.</disclaimer>
    <assets>
      <icon>icon.gif</icon>
      <fanart>fanart.jpg</fanart>
      <screenshot>resources/screenshot000.jpg</screenshot>
      <screenshot>resources/screenshot001.jpg</screenshot>
      <screenshot>resources/screenshot002.jpg</screenshot>
    </assets>
  </extension>
</addon>
