<?xml version="1.0" encoding="UTF-8" standalone="yes" ?>
<addon id="plugin.video.klubsports" name="klubsports" version="1.0.02a" provider-name="lg">
    <requires>
        <import addon="script.module.requests" />
        <import addon="script.module.inputstreamhelper" />
        <import addon="service.cronxbmc" optional="true"/>
        <import addon="script.module.future"/>
    </requires>
    <extension point="xbmc.python.pluginsource" library="addon.py">
        <provides>video</provides>
    </extension>
 	<extension point="xbmc.addon.metadata">
        <description lang="pl">klubsports</description>
        <disclaimer lang="pl">klubsports
        </disclaimer>
        <summary lang="en">klubsports</summary>
        <description lang="en">klubsports</description>
        <disclaimer lang="en">klubsports
        </disclaimer>
        <language>pl</language>
        <platform>all</platform>
        <license>GNU GENERAL PUBLIC LICENSE. Version 2, June 1991</license>
        <website></website>
        <assets>
            <icon>icon.jpg</icon>
            <fanart>fanart.jpg</fanart>
        </assets>
        <reuselanguageinvoker>true</reuselanguageinvoker>
    </extension>
</addon>