<?xml version="1.0" encoding="UTF-8"?>
<addon id="repository.Parrot" name="[COLOR cyan]Parrot[/COLOR] [COLOR yellow]Repository[/COLOR]" provider-name="Parrot Developers" version="1.2.2">
	<extension point="xbmc.addon.repository" name="Parrot Repository" >
			<dir>
			<info compressed="false">https://parrotrepo.pages.dev/addons.xml</info>
			<checksum>https://parrotrepo.pages.dev/addons.xml.md5</checksum>
			<datadir zip="true">https://parrotrepo.pages.dev/zips/</datadir>
			</dir>
			<dir>
			<info compressed="false">https://raw.githubusercontent.com/Gujal00/smrzips/master/addons.xml</info>
			<checksum>https://raw.githubusercontent.com/Gujal00/smrzips/master/addons.xml.md5</checksum>
			<datadir zip="true">https://raw.githubusercontent.com/Gujal00/smrzips/master/zips/</datadir>
			</dir>
	</extension>
	<extension point="xbmc.addon.metadata">
		<summary lang="en">[COLOR cyan]Parrot[/COLOR] [COLOR yellow]Repository[/COLOR]</summary>
		<description lang="en">[COLOR cyan]Parrot[/COLOR] [COLOR yellow]Repository[/COLOR]</description>
		<platform>all</platform>
		<license>MIT</license>
		<disclaimer lang="en">Kodi Addon Repository.</disclaimer>
		<assets>
			<icon>icon.jpg</icon>
			<fanart>fanart.jpg</fanart>
		</assets>
	</extension>
	<extension point="xbmc.service" library="repository.py" />
	<extension point="xbmc.python.pluginsource" library="default.py">
		<provides>executable</provides>
	</extension>
</addon>