<addon id="plugin.video.rdslive" name="RDS LIVE" version="1.0.7" provider-name="derzis">
    <requires>
        <import addon="xbmc.python" version="3.0.0"/>
        <import addon="script.module.requests"/>
    </requires>
    <extension point="xbmc.python.pluginsource" library="default.py">
        <provides>video</provides>
    </extension>
    <extension point="xbmc.addon.metadata">
        <summary lang="ro">Posturi tv </summary>
        <description lang="ro">NU ESTE RDS SAU DIGIONLINE</description>
        <description lang="ro">Urmărește posturile TV românești disponibile pe https://rds.live/</description>
        <platform>all</platform>
        <assets>
            <icon>icon.png</icon>
            <fanart>fanart.webp</fanart>
        </assets>
    </extension>
</addon>

