{
    "name"              : "Hulu",
    "plugin"            : "slyguy.hulu",
    "priority"          : 100,
    "provider"          : "Hulu",
    "is_resolvable"     : "true",
    "assert"            : {
                            "play_movie":       ["title", "year"],
                            "play_episode":     ["showname", "season", "episode"],
                            "search_movie":     ["title"],
                            "search_episode":   ["showname"]
                          },
    "play_movie"        : [
                            "plugin://slyguy.hulu/?_=search&query={title_url}",
                            {"title": "{title}", "year": "{year}"}
                          ],
    "play_episode"      : [
                            "plugin://slyguy.hulu/?_=search&query={showname_url}",
                            {"title": "{showname}"},
                            {"title": "Season {season}"},
                            {"season": "{season}", "episode": "{episode}"}
                          ],
    "search_movie"      : "plugin://slyguy.hulu/?_=search&query={title_url}",
    "search_episode"    : "plugin://slyguy.hulu/?_=search&query={showname_url}"
}