<?xml version="1.0" encoding="UTF-8"?>
<addon id="plugin.video.parrottv" version="111.9.3.1" name="[COLOR cyan]Falcon[/COLOR]" provider-name="[COLOR cyan]Parrot[/COLOR] [COLOR yellow]Developers[/COLOR]">
  <requires>
    <import addon="script.module.requests" version="2.18.4"/>
    <import addon="script.module.beautifulsoup4" version="4.5.0"/>
    <import addon="script.module.parrot" version="1.0.0"/>
    <import addon="script.module.pyamf" />
    <import addon="script.module.routing"/>
    <import addon="script.module.js2py"/>
    <import addon="script.module.inputstreamhelper"/>
    <import addon="inputstream.adaptive" />
  </requires>
  <extension point="xbmc.python.pluginsource" library="addon.py">
    <provides>video</provides>
  </extension>
  <extension point="xbmc.service" library="service.py"/>
  <extension point="xbmc.addon.metadata">
    <summary>[COLOR red]Invite-only TV[/COLOR]</summary>
    <!-- <description>Watch Free TV inside KODI.</description> -->
    <disclaimer>All channels are freely avalible on WWW</disclaimer>
    <license>MPL 2.0</license>
    <assets>
      <icon>icon.jpg</icon>
      <fanart>fanart.jpg</fanart> 
    </assets>
  </extension>
</addon>