<?xml version="1.0" encoding="UTF-8" standalone="yes"?>
<addon id="script.module.websocket" name="websocket-client" version="1.0" provider-name="liris">
  <requires>
    <import addon="xbmc.python" version="3.0.0" />
  </requires>
  <extension point="xbmc.python.module" library="lib" />
  <extension point="xbmc.addon.metadata">
    <summary lang="en_GB">WebSocket client for Python with low level API options</summary>
    <description lang="en_GB">WebSocket client for Python with low level API options</description>
    <source>https://github.com/websocket-client/websocket-client</source>
    <website>https://github.com/websocket-client/websocket-client</website>
    <license>Apache-2.0</license>
    <platform>all</platform>
    <assets>
      <icon>resources/icon.png</icon>
    </assets>
  </extension>
</addon>
