<?xml version="1.0" encoding="UTF-8" standalone="yes"?>
<addon id="script.module.pysubs2" name="pysubs2 module" version="0.1" provider-name="Tomáš Karabela">
    <requires>
        <import addon="xbmc.python" version="3.0.0"/>
    </requires>
    <extension point="xbmc.python.module" library="lib" />
    <extension point="xbmc.addon.metadata">
        <summary lang="en_GB">Provides pysubs2 library functionality for Kodi addons</summary>
        <description lang="en_GB">Provides pysubs2 library functionality for Kodi addons</description>
        <disclaimer lang="en_GB" >May contain a bug</disclaimer>
        <platform>all</platform>
        <license>MIT</license>
        <source>https://github.com/bkiziuk/script.module.pysubs2</source>
        <assets>
            <icon>icon.png</icon>
        </assets>
    </extension>
</addon>
