<?xml version="1.0" encoding="UTF-8" standalone="yes"?>
<addon id="script.module.peewee" name="Peewee" version="3.14.8a" provider-name="groggyegg">
    <extension point="xbmc.python.module" library="."/>
    <extension point="xbmc.addon.metadata">
        <summary lang="en_GB">Peewee is a simple and small ORM.</summary>
        <description lang="en_GB">Peewee is a simple and small ORM. It has few (but expressive) concepts, making it easy to learn and intuitive to use.</description>
        <platform>all</platform>
        <assets>
            <icon>docs/peewee3-logo.png</icon>
        </assets>
    </extension>
</addon>