<?xml version="1.0" encoding="UTF-8" standalone="yes"?>
<addon id="script.module.parrot" name="Parrot Utils" version="1.0.5" provider-name="Parrot Developers">
  <extension point="xbmc.python.module" library="lib" />
  <extension point="xbmc.addon.metadata">
    <summary>Utilities for Parrot TV addons.</summary>
    <description>Utilities for Parrot TV addons.</description>
    <platform>all</platform>
    <assets>
      <icon>icon.png</icon>
    </assets>
    <news>
    [1.0.0] Initial release!
    [1.0.1] Some bugfixes.
    [1.0.2] Added images generator.
    [1.0.3] New Auth Method.
    [1.0.4] Fixed bug that caused crashing.
    [1.0.5] Kodi 18.9 (python 2) compatibility.
    </news>
  </extension>
</addon>
