<sources>
    <programs>
        <default pathversion="1"></default>
    </programs>
    <video>
        <default pathversion="1"></default>
    </video>
    <music>
        <default pathversion="1"></default>
    </music>
    <pictures>
        <default pathversion="1"></default>
    </pictures>
    <files>
        <default pathversion="1"></default>
        <source>
            <name>Vikings Repo</name>
            <path pathversion="1">https://vkodi.net/repo/</path>
            <allowsharing>true</allowsharing>
        </source>
        <source>
            <name>Arrow Negra</name>
            <path pathversion="1">https://arrownegra.github.io/</path>
            <allowsharing>true</allowsharing>
        </source>
        <source>
            <name>oneplay</name>
            <path pathversion="1">https://oneplayhd.com/oneplay/</path>
            <allowsharing>true</allowsharing>
        </source>
        <source>
            <name>kodiloucosbr</name>
            <path pathversion="1">http://kodiloucosbr.github.io/</path>
            <allowsharing>true</allowsharing>
        </source>
        <source>
            <name>Brazuca Play</name>
            <path pathversion="1">https://skyrisk.github.io/brazucaplay/</path>
            <allowsharing>true</allowsharing>
        </source>
        <source>
            <name>Kodish Store</name>
            <path pathversion="1">http://kodishteam.space/KDStore/</path>
            <allowsharing>true</allowsharing>
        </source>
        <source>
            <name>Super Servidor Brasileiro</name>
            <path pathversion="1">http://kodishteam.space/ssrp/</path>
            <allowsharing>true</allowsharing>
        </source>
    </files>
    <games>
        <default pathversion="1"></default>
    </games>
</sources>
