<?xml version='1.0' encoding='utf-8'?>
<addon id="script.module.zeltorix.packages" name="Набор пакетов и модулей" version="0.0.8" provider-name="ZelToRiX">
    <requires>
        <import addon="xbmc.python" version="3.0.0" />
    </requires>
    <extension point="xbmc.python.script" library="addon.py">
        <provides>executable</provides>
    </extension>
    <extension point="xbmc.python.module" library="resources/lib" />
    <extension point="xbmc.addon.metadata">
        <platform>all</platform>
        <summary lang="en_GB">Дополнительные пакеты и модули</summary>
        <description lang="en_GB">Дополнительные пакеты и модули для моих плагинов</description>
        <language>ru en</language>
        <license>GPL-3-or-later</license>
        <forum>http://xbmc.ru/forum/showthread.php?t=26918</forum>
        <source>https://github.com/Zeltorix/kodi/raw/main/source/release/packages</source>
        <assets>
            <icon>icon.jpg</icon>
            <fanart>fanart.jpg</fanart>
        </assets>
        <reuselanguageinvoker>true</reuselanguageinvoker>
        <debugging>true</debugging>
    </extension>
</addon>