<favourites>
	<favourite name="7 Art" thumb="special://home/addons/plugin.image.World/resources/media/foto/tmdb.png">ActivateWindow(10025,&quot;plugin://plugin.program.autowidget/?group=00_art-00&amp;mode=group&amp;refresh&amp;reload&quot;,return)</favourite>
	<favourite name="MOVIES &amp; TV" thumb="special://home/addons/plugin.image.World/resources/media/foto/tv-movies.jpg">ActivateWindow(10025,&quot;plugin://plugin.program.autowidget/?group=01movies__tv-01&amp;mode=group&amp;refresh&amp;reload&quot;,return)</favourite>
	<favourite name="OneClick" thumb="special://home/addons/plugin.image.World/resources/media/foto/1click.png">ActivateWindow(10025,&quot;plugin://plugin.program.autowidget/?group=02aOneClick-02a&amp;mode=group&amp;refresh&amp;reload&quot;,return)</favourite>
	<favourite name="Film" thumb="special://home/addons/plugin.image.World/resources/media/foto/MOVIES (2).jpg">ActivateWindow(10025,&quot;plugin://plugin.program.autowidget/?group=02film-02&amp;mode=group&amp;refresh&amp;reload&quot;,return)</favourite>
	<favourite name="GREECE Movies &amp; TV" thumb="special://home/addons/plugin.image.World/resources/media/foto/Greece-designstyle-greece-m.png">ActivateWindow(10025,&quot;plugin://plugin.program.autowidget/?group=03greece-03&amp;mode=group&amp;refresh&amp;reload&quot;,return)</favourite>
	<favourite name="[B][COLOR royalblue]Greek Sites[/COLOR][/B]" thumb="special://home/addons/plugin.image.World/resources/media/foto/greek-subs.jpg">ActivateWindow(10025,&quot;plugin://plugin.program.autowidget/?group=04bcolor_royalbluegreek_subscolorb-04&amp;mode=group&amp;refresh&amp;reload&quot;,return)</favourite>
	<favourite name="[B][COLOR firebrick]Networks[/COLOR][/B]" thumb="https://github.com/akeotaseo/world_repo/blob/main/iloveimg-resized%20(2)/networks/networks.jpg?raw=true">ActivateWindow(10025,&quot;plugin://plugin.program.autowidget/?group=04bnetworks&amp;mode=group&amp;refresh&amp;reload&quot;,return)</favourite>
	<favourite name="[COLOR red]TRAKT[/COLOR]  List  [COLOR yellow]IMDB[/COLOR]" thumb="https://trakt.tv/assets/logos/header@2x-d6926a2c93734bee72c5813819668ad494dbbda651457cd17d15d267bc75c657.png">ActivateWindow(10025,&quot;plugin://plugin.program.autowidget/?group=trakt-1669932579.5331516&amp;mode=group&amp;refresh&amp;reload&quot;,return)</favourite>
	<favourite name="TORRENT! [B][COLOR red] VPN [/COLOR][/B]" thumb="special://home/addons/plugin.image.World/resources/media/foto/torrent (2).png">ActivateWindow(10025,&quot;plugin://plugin.program.autowidget/?group=06torrent_bcolor_red_vpn_colorb-06&amp;mode=group&amp;refresh&amp;reload&quot;,return)</favourite>
	<favourite name="-EΛΛΗΝΙΚΑ-" thumb="special://home/addons/plugin.image.World/resources/media/foto/Greek Content.png">ActivateWindow(10025,&quot;plugin://plugin.program.autowidget/?group=09-09&amp;mode=group&amp;refresh&amp;reload&quot;,return)</favourite>
	<favourite name="Tube  GR" thumb="special://home/addons/plugin.image.World/resources/media/addonset foto/grtubes.jpg">ActivateWindow(10025,&quot;plugin://plugin.program.autowidget/?group=10atube__gr-10a&amp;mode=group&amp;refresh&amp;reload&quot;,return)</favourite>
	<favourite name="-[B][COLOR green] SPORTS [/COLOR][/B]-" thumb="special://home/addons/plugin.image.World/resources/media/foto/sports 2.png">ActivateWindow(10025,&quot;plugin://plugin.program.autowidget/?group=10sports-10&amp;mode=group&amp;refresh&amp;reload&quot;,return)</favourite>
	<favourite name="FTA sports" thumb="special://home/addons/plugin.image.World/resources/media/addonset foto/FTA.png">ActivateWindow(10025,&quot;plugin://plugin.program.autowidget/?group=11%20FTAsports-11&amp;mode=group&amp;refresh&amp;reload&quot;,return)</favourite>
	<favourite name="[COLORgrey]Replays[/COLOR]" thumb="special://home/addons/plugin.image.World/resources/media/foto/Replays.png">ActivateWindow(10025,&quot;plugin://plugin.program.autowidget/?group=12colorgreyreplayscolor-12&amp;mode=group&amp;refresh&amp;reload&quot;,return)</favourite>
	<favourite name="ΑCE" thumb="special://home/addons/plugin.image.World/resources/media/foto/ACE.jpg">ActivateWindow(10025,&quot;plugin://plugin.program.autowidget/?group=14ace-14&amp;mode=group&amp;refresh&amp;reload&quot;,return)</favourite>
	<favourite name="ΙΡΤV" thumb="special://home/addons/plugin.image.World/resources/media/foto/iptv2.jpg">ActivateWindow(10025,&quot;plugin://plugin.program.autowidget/?group=15v-15&amp;mode=group&amp;refresh&amp;reload&quot;,return)</favourite>
	<favourite name="IPTV [B][COLOR red] LOGIN [/COLOR][/B]" thumb="special://home/addons/plugin.image.World/resources/media/foto/iptv.png">ActivateWindow(10025,&quot;plugin://plugin.program.autowidget/?group=16iptvlogin-16&amp;mode=group&amp;refresh&amp;reload&quot;,return)</favourite>
	<favourite name="[B][COLOR green]Real-Debrid[/COLOR][/B]  - [COLOR yellow] PIN [/COLOR] Add-ons" thumb="special://home/addons/plugin.image.World/resources/media/foto/realdebrid.jpg">ActivateWindow(10025,&quot;plugin://plugin.program.autowidget/?group=17neflix-_siren-17&amp;mode=group&amp;refresh&amp;reload&quot;,return)</favourite>
	<favourite name="RD" thumb="https://github.com/akeotaseo/world_repo/blob/main/iloveimg-resized%20(2)/RD/real-debrid.png?raw=true">ActivateWindow(10025,&quot;plugin://plugin.program.autowidget/?group=rd-1667568941.9320223&amp;mode=group&amp;refresh&amp;reload&quot;,return)</favourite>
	<favourite name="ALL IN ONE" thumb="special://home/addons/plugin.image.World/resources/media/foto/ALLIN1.jpg">ActivateWindow(10025,&quot;plugin://plugin.program.autowidget/?group=18all_in_one-18&amp;mode=group&amp;refresh&amp;reload&quot;,return)</favourite>
	<favourite name="WORLD" thumb="special://home/addons/plugin.image.World/resources/media/foto/world.jpg">ActivateWindow(10025,&quot;plugin://plugin.program.autowidget/?group=19world-19&amp;mode=group&amp;refresh&amp;reload&quot;,return)</favourite>
	<favourite name="TvOne" thumb="special://home/addons/plugin.image.World/resources/media/foto/TVONE.png">ActivateWindow(10025,&quot;plugin://plugin.program.autowidget/?group=20tvone-20&amp;mode=group&amp;refresh&amp;reload&quot;,return)</favourite>
	<favourite name="USA" thumb="https://www.logolynx.com/images/logolynx/2b/2b52c6b9bf43351da5d3e38a626c6997.jpeg">ActivateWindow(10025,&quot;plugin://plugin.program.autowidget/?group=usa-1668350855.1779165&amp;mode=group&amp;refresh&amp;reload&quot;,return)</favourite>
	<favourite name="MUSIC" thumb="special://home/addons/plugin.image.World/resources/media/foto/music.jpg">ActivateWindow(10025,&quot;plugin://plugin.program.autowidget/?group=21music-21&amp;mode=group&amp;refresh&amp;reload&quot;,return)</favourite>
	<favourite name="Kids" thumb="special://home/addons/plugin.image.World/resources/media/foto/kidsTime.png">ActivateWindow(10025,&quot;plugin://plugin.program.autowidget/?group=22kinds-22&amp;mode=group&amp;refresh&amp;reload&quot;,return)</favourite>
	<favourite name="documentary" thumb="special://home/addons/plugin.image.World/resources/media/foto/documentare.jpg">ActivateWindow(10025,&quot;plugin://plugin.program.autowidget/?group=23documentary-23&amp;mode=group&amp;refresh&amp;reload&quot;,return)</favourite>
	<favourite name="camera" thumb="special://home/addons/plugin.image.World/resources/media/foto/Camera.jpg">ActivateWindow(10025,&quot;plugin://plugin.program.autowidget/?group=24camera-24&amp;mode=group&amp;refresh&amp;reload&quot;,return)</favourite>
	<favourite name="Rest" thumb="special://home/addons/plugin.image.World/resources/media/foto/rest-time-letters.jpg">ActivateWindow(10025,&quot;plugin://plugin.program.autowidget/?group=25Rest-25&amp;mode=group&amp;refresh&amp;reload&quot;,return)</favourite>
	<favourite name="[B][COLOR blue]ΠΡΟΓΡΑΜΑΤΑ [/COLOR][/B]" thumb="special://home/addons/plugin.image.World/resources/media/foto/settings.jpg">ActivateWindow(10025,&quot;plugin://plugin.program.autowidget/?group=27bcolor_blue__colorb__tools-27&amp;mode=group&amp;refresh&amp;reload&quot;,return)</favourite>
	<favourite name="Tools" thumb="special://home/addons/plugin.image.World/resources/media/Tools/tools.gif">ActivateWindow(10025,&quot;plugin://plugin.program.autowidget/?group=28tools-28&amp;mode=group&amp;refresh&amp;reload&quot;,return)</favourite>
	<favourite name="*TEST*" thumb="special://home/addons/plugin.image.World/resources/media/foto/test2.png">ActivateWindow(10025,&quot;plugin://plugin.program.autowidget/?group=26test-26&amp;mode=group&amp;refresh&amp;reload&quot;,return)</favourite>
	<favourite name="x[B][COLOR red]X[/COLOR][/B]x" thumb="special://home/addons/plugin.image.World/resources/media/foto/18.jpg">ActivateWindow(10025,&quot;plugin://plugin.program.autowidget/?group=66xxx-66&amp;mode=group&amp;refresh&amp;reload&quot;,return)</favourite>
</favourites>