<?xml version="1.0" encoding="UTF-8" standalone="yes"?>
<addon id="plugin.video.rumble" name="Rumble" version="1.8.1" provider-name="azzy9">
	<requires>
		<import addon="script.module.simplejson"/>
		<import addon="script.module.requests"/>
		<import addon="script.module.six"/>
	</requires>
	<extension point="xbmc.python.pluginsource" library="main.py">
		<provides>video</provides>
	</extension>
	<extension point="xbmc.addon.metadata">
		<summary lang="en">Watch rumble videos.</summary>
		<summary lang="pt_br">Assista videos do rumble.</summary>
		<description lang="en">Watch uncensored videos with rumble.</description>
		<description lang="pt_br">Asssista videos sem censura com o rumble.</description>
		<disclaimer lang="en">We are not associated with rumble.com or the Kodi Team</disclaimer>
		<disclaimer lang="pt_br">Não somos associados à rumble.com nem com o Kodi Team</disclaimer>
		<website>https://github.com/azzy9/plugin.video.rumble</website>
		<platform>all</platform>
		<assets>
			<icon>icon.png</icon>
			<fanart>fanart.jpg</fanart>
		</assets>
		<news>- v1.8.1 - sanitise m3u8 files better
- v1.8.0 - Change url resolving from REGEX to JSON, Add subtitle support, Add current year to livestreams
- v1.7.4 - Fix User and Channel Search
- v1.7.3 - Add option to view title on one line</news>
	</extension>
</addon>
