<?xml version="1.0" encoding="UTF-8" standalone="yes"?>
<addon id="plugin.video.vnmedia" name="VN Media" version="5.8.1" provider-name="Anonymous">
<requires>
  <import addon="xbmc.python" version="3.0.1"/>
  <import addon="script.module.beautifulsoup4" version="1.12.0"/>
  <import addon="inputstream.adaptive" version="20.0.0"/>
  <import addon="plugin.video.youtube" version="0.0.1"/>
  <import addon="script.module.six" />
  <import addon="script.module.kodi-six" />
  <import addon="script.module.python.twitch" optional="true" />
  <import addon="plugin.googledrive" optional="true" />
  <import addon="script.module.youtube.dl"/>
  <import addon="script.module.htmlement"/>
  <import addon="script.module.requests"/>
  <import addon="script.module.infotagger"/>
  <import addon="script.module.pyparsing" version="2.4.7"/>
</requires>
<extension point="xbmc.python.pluginsource" library="mkendo.py">
  <provides>video</provides>
</extension>
<extension point="xbmc.service" library="service.py"/>
<extension point="xbmc.addon.metadata">
  <reuselanguageinvoker>true</reuselanguageinvoker>
  <summary lang="vi_VN">VN Media Omega</summary>
  <description lang="vi_VN">Dữ liệu được máy tính thu thập tự động từ Internet</description>
  <disclaimer lang="vi_VN">Dữ liệu được máy tính thu thập tự động từ Internet</disclaimer>
  <platform>all</platform>
  <language>vi</language>
  <license>GPL-2.0-or-later</license>
  <assets>
    <icon>resources/icon.png</icon>
    <fanart>resources/fanart.png</fanart>
  </assets>
  <news>Dữ liệu được máy tính thu thập tự động từ Internet</news>
</extension>
</addon>