<favourites>
	<favourite name="[COLOR=white]Magic Dragon New Releasses[/COLOR]" thumb="https://i.imgur.com/dm1Tk83.png">ActivateWindow(10025,&quot;plugin://plugin.video.KodiVerse/?all_w=%7b%7d&amp;data=%20&amp;dates=%20&amp;description=%20&amp;eng_name=%20&amp;episode=%20&amp;fanart=https%3a%2f%2fi.imgur.com%2fU5nKN8r.jpg&amp;fav_status=false&amp;heb_name=%20&amp;iconimage=https%3a%2f%2fi.imgur.com%2fdm1Tk83.png&amp;id&amp;image_master&amp;isr=0&amp;last_id&amp;mode=189&amp;mypass&amp;name=%5bCOLOR%3dwhite%5dMagic%20Dragon%20New%20Releasses%5b%2fCOLOR%5d&amp;original_title=%20&amp;search_db&amp;season=%20&amp;show_original_year=%20&amp;tmdbid=%20&amp;url=https%3a%2f%2fraw.githubusercontent.com%2ftombebbs1%2fMagicDragonKodi18%2fmaster%2fnewreleases1.xml&amp;video_data=%7b%22title%22%3a%20%22%5bCOLOR%3dwhite%5dMagic%20Dragon%20New%20Releasses%5b%2fCOLOR%5d%22%2c%20%22mediatype%22%3a%20%22movie%22%2c%20%22TVshowtitle%22%3a%20%22%22%2c%20%22season%22%3a%200%2c%20%22episode%22%3a%200%2c%20%22OriginalTitle%22%3a%20%22%20%22%2c%20%22rating%22%3a%20%220%22%2c%20%22plot%22%3a%20%22%20%22%2c%20%22Tag%22%3a%20%22189%22%2c%20%22trailer%22%3a%20%22%22%2c%20%22id%22%3a%20%22%22%7d&amp;sf_options=fanart%3Dhttps%3A%2F%2Fi.imgur.com%2FU5nKN8r.jpg%26meta%3Dlabel%253D%25255BCOLOR%25253Dwhite%25255DMagic%252BDragon%252BNew%252BReleasses%25255B%25252FCOLOR%25255D%26_options_sf&quot;,return)</favourite>
	<favourite name="[COLOR=white]Magic Dragon People Watching[/COLOR]" thumb="https://i.imgur.com/dm1Tk83.png">ActivateWindow(10025,&quot;plugin://plugin.video.KodiVerse/?all_w=%7b%7d&amp;data=%20&amp;dates=%20&amp;description=%20&amp;eng_name=%20&amp;episode=%20&amp;fanart=https%3a%2f%2fi.imgur.com%2fU5nKN8r.jpg&amp;fav_status=false&amp;heb_name=%20&amp;iconimage=https%3a%2f%2fi.imgur.com%2fdm1Tk83.png&amp;id&amp;image_master&amp;isr=0&amp;last_id&amp;mode=189&amp;mypass&amp;name=%5bCOLOR%3dwhite%5dMagic%20Dragon%20People%20Watching%5b%2fCOLOR%5d&amp;original_title=%20&amp;search_db&amp;season=%20&amp;show_original_year=%20&amp;tmdbid=%20&amp;url=https%3a%2f%2fraw.githubusercontent.com%2ftombebbs1%2fMagicDragonKodi18%2fmaster%2fpopular1.xml&amp;video_data=%7b%22title%22%3a%20%22%5bCOLOR%3dwhite%5dMagic%20Dragon%20People%20Watching%5b%2fCOLOR%5d%22%2c%20%22mediatype%22%3a%20%22movie%22%2c%20%22TVshowtitle%22%3a%20%22%22%2c%20%22season%22%3a%200%2c%20%22episode%22%3a%200%2c%20%22OriginalTitle%22%3a%20%22%20%22%2c%20%22rating%22%3a%20%220%22%2c%20%22plot%22%3a%20%22%20%22%2c%20%22Tag%22%3a%20%22189%22%2c%20%22trailer%22%3a%20%22%22%2c%20%22id%22%3a%20%22%22%7d&amp;sf_options=fanart%3Dhttps%3A%2F%2Fi.imgur.com%2FU5nKN8r.jpg%26meta%3Dlabel%253D%25255BCOLOR%25253Dwhite%25255DMagic%252BDragon%252BPeople%252BWatching%25255B%25252FCOLOR%25255D%26_options_sf&quot;,return)</favourite>
	<favourite name="[COLOR=white]Magic Dragon Cams/HDTS Releases[/COLOR]" thumb="https://i.imgur.com/dm1Tk83.png">ActivateWindow(10025,&quot;plugin://plugin.video.KodiVerse/?all_w=%7b%7d&amp;data=%20&amp;dates=%20&amp;description=%20&amp;eng_name=%20&amp;episode=%20&amp;fanart=https%3a%2f%2fi.imgur.com%2fU5nKN8r.jpg&amp;fav_status=false&amp;heb_name=%20&amp;iconimage=https%3a%2f%2fi.imgur.com%2fdm1Tk83.png&amp;id&amp;image_master&amp;isr=0&amp;last_id&amp;mode=189&amp;mypass&amp;name=%5bCOLOR%3dwhite%5dMagic%20Dragon%20Cams%2fHDTS%20Releases%5b%2fCOLOR%5d&amp;original_title=%20&amp;search_db&amp;season=%20&amp;show_original_year=%20&amp;tmdbid=%20&amp;url=https%3a%2f%2fraw.githubusercontent.com%2ftombebbs1%2fMagicDragonKodi18%2fmaster%2fcams1.xml&amp;video_data=%7b%22title%22%3a%20%22%5bCOLOR%3dwhite%5dMagic%20Dragon%20Cams%2fHDTS%20Releases%5b%2fCOLOR%5d%22%2c%20%22mediatype%22%3a%20%22movie%22%2c%20%22TVshowtitle%22%3a%20%22%22%2c%20%22season%22%3a%200%2c%20%22episode%22%3a%200%2c%20%22OriginalTitle%22%3a%20%22%20%22%2c%20%22rating%22%3a%20%220%22%2c%20%22plot%22%3a%20%22%20%22%2c%20%22Tag%22%3a%20%22189%22%2c%20%22trailer%22%3a%20%22%22%2c%20%22id%22%3a%20%22%22%7d&amp;sf_options=fanart%3Dhttps%3A%2F%2Fi.imgur.com%2FU5nKN8r.jpg%26meta%3Dlabel%253D%25255BCOLOR%25253Dwhite%25255DMagic%252BDragon%252BCams%25252FHDTS%252BReleases%25255B%25252FCOLOR%25255D%26_options_sf&quot;,return)</favourite>
	<favourite name="[COLOR=white]Magic Dragon Movie Picks[/COLOR]" thumb="https://i.imgur.com/dm1Tk83.png">ActivateWindow(10025,&quot;plugin://plugin.video.KodiVerse/?all_w=%7b%7d&amp;data=%20&amp;dates=%20&amp;description=%20&amp;eng_name=%20&amp;episode=%20&amp;fanart=https%3a%2f%2fi.imgur.com%2fU5nKN8r.jpg&amp;fav_status=false&amp;heb_name=%20&amp;iconimage=https%3a%2f%2fi.imgur.com%2fdm1Tk83.png&amp;id&amp;image_master&amp;isr=0&amp;last_id&amp;mode=189&amp;mypass&amp;name=%5bCOLOR%3dwhite%5dMagic%20Dragon%20Movie%20Picks%5b%2fCOLOR%5d&amp;original_title=%20&amp;search_db&amp;season=%20&amp;show_original_year=%20&amp;tmdbid=%20&amp;url=https%3a%2f%2fraw.githubusercontent.com%2ftombebbs1%2fMagicDragonKodi18%2fmaster%2frequestedmovies1.xml&amp;video_data=%7b%22title%22%3a%20%22%5bCOLOR%3dwhite%5dMagic%20Dragon%20Movie%20Picks%5b%2fCOLOR%5d%22%2c%20%22mediatype%22%3a%20%22movie%22%2c%20%22TVshowtitle%22%3a%20%22%22%2c%20%22season%22%3a%200%2c%20%22episode%22%3a%200%2c%20%22OriginalTitle%22%3a%20%22%20%22%2c%20%22rating%22%3a%20%220%22%2c%20%22plot%22%3a%20%22%20%22%2c%20%22Tag%22%3a%20%22189%22%2c%20%22trailer%22%3a%20%22%22%2c%20%22id%22%3a%20%22%22%7d&amp;sf_options=fanart%3Dhttps%3A%2F%2Fi.imgur.com%2FU5nKN8r.jpg%26meta%3Dlabel%253D%25255BCOLOR%25253Dwhite%25255DMagic%252BDragon%252BMovie%252BPicks%25255B%25252FCOLOR%25255D%26_options_sf&quot;,return)</favourite>
	<favourite name="[COLOR=white]Magic Dragon Disney Collection[/COLOR]" thumb="https://i.imgur.com/dm1Tk83.png">ActivateWindow(10025,&quot;plugin://plugin.video.KodiVerse/?all_w=%7b%7d&amp;data=%20&amp;dates=%20&amp;description=%20&amp;eng_name=%20&amp;episode=%20&amp;fanart=https%3a%2f%2fi.imgur.com%2fU5nKN8r.jpg&amp;fav_status=false&amp;heb_name=%20&amp;iconimage=https%3a%2f%2fi.imgur.com%2fdm1Tk83.png&amp;id&amp;image_master&amp;isr=0&amp;last_id&amp;mode=189&amp;mypass&amp;name=%5bCOLOR%3dwhite%5dMagic%20Dragon%20Disney%20Collection%5b%2fCOLOR%5d&amp;original_title=%20&amp;search_db&amp;season=%20&amp;show_original_year=%20&amp;tmdbid=%20&amp;url=https%3a%2f%2fraw.githubusercontent.com%2ftombebbs1%2fMagicDragonKodi18%2fmaster%2fdisneycollection.xml&amp;video_data=%7b%22title%22%3a%20%22%5bCOLOR%3dwhite%5dMagic%20Dragon%20Disney%20Collection%5b%2fCOLOR%5d%22%2c%20%22mediatype%22%3a%20%22movie%22%2c%20%22TVshowtitle%22%3a%20%22%22%2c%20%22season%22%3a%200%2c%20%22episode%22%3a%200%2c%20%22OriginalTitle%22%3a%20%22%20%22%2c%20%22rating%22%3a%20%220%22%2c%20%22plot%22%3a%20%22%20%22%2c%20%22Tag%22%3a%20%22189%22%2c%20%22trailer%22%3a%20%22%22%2c%20%22id%22%3a%20%22%22%7d&amp;sf_options=fanart%3Dhttps%3A%2F%2Fi.imgur.com%2FU5nKN8r.jpg%26meta%3Dlabel%253D%25255BCOLOR%25253Dwhite%25255DMagic%252BDragon%252BDisney%252BCollection%25255B%25252FCOLOR%25255D%26_options_sf&quot;,return)</favourite>
	<favourite name="[COLOR=white]Magic Dragon Christmas 2021[/COLOR]" thumb="https://i.imgur.com/dm1Tk83.png">ActivateWindow(10025,&quot;plugin://plugin.video.KodiVerse/?all_w=%7b%7d&amp;data=%20&amp;dates=%20&amp;description=%20&amp;eng_name=%20&amp;episode=%20&amp;fanart=https%3a%2f%2fi.imgur.com%2fU5nKN8r.jpg&amp;fav_status=false&amp;heb_name=%20&amp;iconimage=https%3a%2f%2fi.imgur.com%2fdm1Tk83.png&amp;id&amp;image_master&amp;isr=0&amp;last_id&amp;mode=189&amp;mypass&amp;name=%5bCOLOR%3dwhite%5dMagic%20Dragon%20Christmas%202021%5b%2fCOLOR%5d&amp;original_title=%20&amp;search_db&amp;season=%20&amp;show_original_year=%20&amp;tmdbid=%20&amp;url=https%3a%2f%2fraw.githubusercontent.com%2ftombebbs1%2fMagicDragonKodi18%2fmaster%2fchristmas20191.xml&amp;video_data=%7b%22title%22%3a%20%22%5bCOLOR%3dwhite%5dMagic%20Dragon%20Christmas%202021%5b%2fCOLOR%5d%22%2c%20%22mediatype%22%3a%20%22movie%22%2c%20%22TVshowtitle%22%3a%20%22%22%2c%20%22season%22%3a%200%2c%20%22episode%22%3a%200%2c%20%22OriginalTitle%22%3a%20%22%20%22%2c%20%22rating%22%3a%20%220%22%2c%20%22plot%22%3a%20%22%20%22%2c%20%22Tag%22%3a%20%22189%22%2c%20%22trailer%22%3a%20%22%22%2c%20%22id%22%3a%20%22%22%7d&amp;sf_options=fanart%3Dhttps%3A%2F%2Fi.imgur.com%2FU5nKN8r.jpg%26meta%3Dlabel%253D%25255BCOLOR%25253Dwhite%25255DMagic%252BDragon%252BChristmas%252B2021%25255B%25252FCOLOR%25255D%26_options_sf&quot;,return)</favourite>
	<favourite name="[COLOR=white]Magic Dragon Genre[/COLOR]" thumb="https://i.imgur.com/dm1Tk83.png">ActivateWindow(10025,&quot;plugin://plugin.video.KodiVerse/?all_w=%7b%7d&amp;data=%20&amp;dates=%20&amp;description=%20&amp;eng_name=%20&amp;episode=%20&amp;fanart=https%3a%2f%2fi.imgur.com%2fU5nKN8r.jpg&amp;fav_status=false&amp;heb_name=%20&amp;iconimage=https%3a%2f%2fi.imgur.com%2fdm1Tk83.png&amp;id&amp;image_master&amp;isr=0&amp;last_id&amp;mode=189&amp;mypass&amp;name=%5bCOLOR%3dwhite%5dMagic%20Dragon%20Genre%5b%2fCOLOR%5d&amp;original_title=%20&amp;search_db&amp;season=%20&amp;show_original_year=%20&amp;tmdbid=%20&amp;url=https%3a%2f%2fraw.githubusercontent.com%2ftombebbs1%2fMagicDragonKodi18%2fmaster%2fgenre.xml&amp;video_data=%7b%22title%22%3a%20%22%5bCOLOR%3dwhite%5dMagic%20Dragon%20Genre%5b%2fCOLOR%5d%22%2c%20%22mediatype%22%3a%20%22movie%22%2c%20%22TVshowtitle%22%3a%20%22%22%2c%20%22season%22%3a%200%2c%20%22episode%22%3a%200%2c%20%22OriginalTitle%22%3a%20%22%20%22%2c%20%22rating%22%3a%20%220%22%2c%20%22plot%22%3a%20%22%20%22%2c%20%22Tag%22%3a%20%22189%22%2c%20%22trailer%22%3a%20%22%22%2c%20%22id%22%3a%20%22%22%7d&amp;sf_options=fanart%3Dhttps%3A%2F%2Fi.imgur.com%2FU5nKN8r.jpg%26meta%3Dlabel%253D%25255BCOLOR%25253Dwhite%25255DMagic%252BDragon%252BGenre%25255B%25252FCOLOR%25255D%26_options_sf&quot;,return)</favourite>
	<favourite name="[COLOR=white]Magic Dragon Oscars[/COLOR]" thumb="https://i.imgur.com/dm1Tk83.png">ActivateWindow(10025,&quot;plugin://plugin.video.KodiVerse/?all_w=%7b%7d&amp;data=%20&amp;dates=%20&amp;description=%20&amp;eng_name=%20&amp;episode=%20&amp;fanart=https%3a%2f%2fi.imgur.com%2fU5nKN8r.jpg&amp;fav_status=false&amp;heb_name=%20&amp;iconimage=https%3a%2f%2fi.imgur.com%2fdm1Tk83.png&amp;id&amp;image_master&amp;isr=0&amp;last_id&amp;mode=189&amp;mypass&amp;name=%5bCOLOR%3dwhite%5dMagic%20Dragon%20Oscars%5b%2fCOLOR%5d&amp;original_title=%20&amp;search_db&amp;season=%20&amp;show_original_year=%20&amp;tmdbid=%20&amp;url=https%3a%2f%2fraw.githubusercontent.com%2ftombebbs1%2fMagicDragonKodi18%2fmaster%2foscars.xml&amp;video_data=%7b%22title%22%3a%20%22%5bCOLOR%3dwhite%5dMagic%20Dragon%20Oscars%5b%2fCOLOR%5d%22%2c%20%22mediatype%22%3a%20%22movie%22%2c%20%22TVshowtitle%22%3a%20%22%22%2c%20%22season%22%3a%200%2c%20%22episode%22%3a%200%2c%20%22OriginalTitle%22%3a%20%22%20%22%2c%20%22rating%22%3a%20%220%22%2c%20%22plot%22%3a%20%22%20%22%2c%20%22Tag%22%3a%20%22189%22%2c%20%22trailer%22%3a%20%22%22%2c%20%22id%22%3a%20%22%22%7d&amp;sf_options=fanart%3Dhttps%3A%2F%2Fi.imgur.com%2FU5nKN8r.jpg%26meta%3Dlabel%253D%25255BCOLOR%25253Dwhite%25255DMagic%252BDragon%252BOscars%25255B%25252FCOLOR%25255D%26_options_sf&quot;,return)</favourite>
	<favourite name="[COLOR=white]Magic Dragon Movies Years[/COLOR]" thumb="https://i.imgur.com/dm1Tk83.png">ActivateWindow(10025,&quot;plugin://plugin.video.KodiVerse/?all_w=%7b%7d&amp;data=%20&amp;dates=%20&amp;description=%20&amp;eng_name=%20&amp;episode=%20&amp;fanart=https%3a%2f%2fi.imgur.com%2fU5nKN8r.jpg&amp;fav_status=false&amp;heb_name=%20&amp;iconimage=https%3a%2f%2fi.imgur.com%2fdm1Tk83.png&amp;id&amp;image_master&amp;isr=0&amp;last_id&amp;mode=189&amp;mypass&amp;name=%5bCOLOR%3dwhite%5dMagic%20Dragon%20Movies%20Years%5b%2fCOLOR%5d&amp;original_title=%20&amp;search_db&amp;season=%20&amp;show_original_year=%20&amp;tmdbid=%20&amp;url=https%3a%2f%2fraw.githubusercontent.com%2ftombebbs1%2fMagicDragonKodi18%2fmaster%2fmoviesyears.xml&amp;video_data=%7b%22title%22%3a%20%22%5bCOLOR%3dwhite%5dMagic%20Dragon%20Movies%20Years%5b%2fCOLOR%5d%22%2c%20%22mediatype%22%3a%20%22movie%22%2c%20%22TVshowtitle%22%3a%20%22%22%2c%20%22season%22%3a%200%2c%20%22episode%22%3a%200%2c%20%22OriginalTitle%22%3a%20%22%20%22%2c%20%22rating%22%3a%20%220%22%2c%20%22plot%22%3a%20%22%20%22%2c%20%22Tag%22%3a%20%22189%22%2c%20%22trailer%22%3a%20%22%22%2c%20%22id%22%3a%20%22%22%7d&amp;sf_options=fanart%3Dhttps%3A%2F%2Fi.imgur.com%2FU5nKN8r.jpg%26meta%3Dlabel%253D%25255BCOLOR%25253Dwhite%25255DMagic%252BDragon%252BMovies%252BYears%25255B%25252FCOLOR%25255D%26_options_sf&quot;,return)</favourite>
	<favourite name="[COLOR=white]Magic Dragon Box Sets[/COLOR]" thumb="https://i.imgur.com/dm1Tk83.png">ActivateWindow(10025,&quot;plugin://plugin.video.KodiVerse/?all_w=%7b%7d&amp;data=%20&amp;dates=%20&amp;description=%20&amp;eng_name=%20&amp;episode=%20&amp;fanart=https%3a%2f%2fi.imgur.com%2fU5nKN8r.jpg&amp;fav_status=false&amp;heb_name=%20&amp;iconimage=https%3a%2f%2fi.imgur.com%2fdm1Tk83.png&amp;id&amp;image_master&amp;isr=0&amp;last_id&amp;mode=189&amp;mypass&amp;name=%5bCOLOR%3dwhite%5dMagic%20Dragon%20Box%20Sets%5b%2fCOLOR%5d&amp;original_title=%20&amp;search_db&amp;season=%20&amp;show_original_year=%20&amp;tmdbid=%20&amp;url=https%3a%2f%2fraw.githubusercontent.com%2ftombebbs1%2fMagicDragonKodi18%2fmaster%2fboxsets.xml&amp;video_data=%7b%22title%22%3a%20%22%5bCOLOR%3dwhite%5dMagic%20Dragon%20Box%20Sets%5b%2fCOLOR%5d%22%2c%20%22mediatype%22%3a%20%22movie%22%2c%20%22TVshowtitle%22%3a%20%22%22%2c%20%22season%22%3a%200%2c%20%22episode%22%3a%200%2c%20%22OriginalTitle%22%3a%20%22%20%22%2c%20%22rating%22%3a%20%220%22%2c%20%22plot%22%3a%20%22%20%22%2c%20%22Tag%22%3a%20%22189%22%2c%20%22trailer%22%3a%20%22%22%2c%20%22id%22%3a%20%22%22%7d&amp;sf_options=fanart%3Dhttps%3A%2F%2Fi.imgur.com%2FU5nKN8r.jpg%26meta%3Dlabel%253D%25255BCOLOR%25253Dwhite%25255DMagic%252BDragon%252BBox%252BSets%25255B%25252FCOLOR%25255D%26_options_sf&quot;,return)</favourite>
</favourites>