<favourites>
	<favourite name="Hopeless Romantic Movies" thumb="special://home/addons\plugin.video.themoviedb.helper\/resources/icons/themoviedb/default.png">ActivateWindow(10025,&quot;plugin://plugin.video.themoviedb.helper/?info=trakt_userlist&amp;list_name=Hopeless%20Romantic%20Movies&amp;list_slug=hopeless-romantic-movies&amp;plugin_category=Hopeless%20Romantic%20Movies&amp;user_slug=majeed_pk&amp;sf_options=meta%3Dvotes%253D0%2526label%253DHopeless%252BRomantic%252BMovies%2526studio%253Dmajeedpk%26_options_sf&quot;,return)</favourite>
	<favourite name="The 30 Best Romantic Comedies Of All-Time" thumb="special://home/addons\plugin.video.themoviedb.helper\/resources/icons/themoviedb/default.png">ActivateWindow(10025,&quot;plugin://plugin.video.themoviedb.helper/?info=trakt_userlist&amp;list_name=The%2030%20Best%20Romantic%20Comedies%20Of%20All-Time&amp;list_slug=the-30-best-romantic-comedies-of-all-time&amp;plugin_category=The%2030%20Best%20Romantic%20Comedies%20Of%20All-Time&amp;user_slug=movistapp&amp;sf_options=desc%3DMovie+list+from+Cinema+Blendhttp%3A%2F%2Fwww.cinemablend.com%2Fnew%2F30-Best-Romantic-Comedies-All-Time-43134.html%26meta%3Dvotes%253D0%2526plot%253DMovie%252Blist%252Bfrom%252BCinema%252BBlendhttp%25253A%25252F%25252Fwww.cinemablend.com%25252Fnew%25252F30-Best-Romantic-Comedies-All-Time-43134.html%2526label%253DThe%252B30%252BBest%252BRomantic%252BComedies%252BOf%252BAll-Time%2526studio%253DMOVIST%26_options_sf&quot;,return)</favourite>
	<favourite name="TubiTV Romance" thumb="http://images.adrise.tv/xFNDHWm9wiTROMrAQMdox1pwhKo=/640x360/smart/img.adrise.tv/0142f917-a009-46e5-aa47-230d33b25b7e.jpg">ActivateWindow(10025,&quot;plugin://plugin.video.tubi.m7/?mode=romancetubitv-content&amp;rand=2NVWI9&amp;sf_options=fanart%3Dspecial%3A%2F%2Fhome%2Faddons%5Cplugin.video.tubi.m7%5Cicon.png%26meta%3Dvotes%253D0%2526title%253DRomance%2526label%253DRomance%26_options_sf&quot;,return)</favourite>
	<favourite name="Romantic Comedy" thumb="DefaultFolder.png">ActivateWindow(10025,&quot;plugin://plugin.video.tubi.m7/?mode=romantic_comedytubitv-content&amp;rand=C7OSXY&amp;sf_options=fanart%3Dspecial%3A%2F%2Fhome%2Faddons%5Cplugin.video.tubi.m7%5Cicon.png%26meta%3Dvotes%253D0%2526title%253DRomantic%252BComedy%2526label%253DRomantic%252BComedy%26_options_sf&quot;,return)</favourite>
	<favourite name="Romantic Drama" thumb="DefaultFolder.png">ActivateWindow(10025,&quot;plugin://plugin.video.tubi.m7/?mode=romantic_dramatubitv-content&amp;rand=R1OOV4&amp;sf_options=fanart%3Dspecial%3A%2F%2Fhome%2Faddons%5Cplugin.video.tubi.m7%5Cicon.png%26meta%3Dvotes%253D0%2526title%253DRomantic%252BDrama%2526label%253DRomantic%252BDrama%26_options_sf&quot;,return)</favourite>
	<favourite name="Female Directed Romance" thumb="DefaultFolder.png">ActivateWindow(10025,&quot;plugin://plugin.video.tubi.m7/?mode=female_directed_romancetubitv-content&amp;rand=4OXBIY&amp;sf_options=fanart%3Dspecial%3A%2F%2Fhome%2Faddons%5Cplugin.video.tubi.m7%5Cicon.png%26meta%3Dvotes%253D0%2526title%253DFemale%252BDirected%252BRomance%2526label%253DFemale%252BDirected%252BRomance%26_options_sf&quot;,return)</favourite>
	<favourite name="Romance" thumb="http://images.adrise.tv/xFNDHWm9wiTROMrAQMdox1pwhKo=/640x360/smart/img.adrise.tv/0142f917-a009-46e5-aa47-230d33b25b7e.jpg">ActivateWindow(10025,&quot;plugin://plugin.video.tubi.m7/?mode=romancetubitv-content&amp;rand=OE0E4U&amp;sf_options=fanart%3Dspecial%3A%2F%2Fhome%2Faddons%5Cplugin.video.tubi.m7%5Cicon.png%26meta%3Dvotes%253D0%2526title%253DRomance%2526label%253DRomance%26_options_sf&quot;,return)</favourite>
	<favourite name="Romantic Comedy" thumb="DefaultFolder.png">ActivateWindow(10025,&quot;plugin://plugin.video.tubi.m7/?mode=romantic_comedytubitv-content&amp;rand=S4SV01&amp;sf_options=fanart%3Dspecial%3A%2F%2Fhome%2Faddons%5Cplugin.video.tubi.m7%5Cicon.png%26meta%3Dvotes%253D0%2526title%253DRomantic%252BComedy%2526label%253DRomantic%252BComedy%26_options_sf&quot;,return)</favourite>
	<favourite name="Romantic Drama" thumb="DefaultFolder.png">ActivateWindow(10025,&quot;plugin://plugin.video.tubi.m7/?mode=romantic_dramatubitv-content&amp;rand=GI3RD0&amp;sf_options=fanart%3Dspecial%3A%2F%2Fhome%2Faddons%5Cplugin.video.tubi.m7%5Cicon.png%26meta%3Dvotes%253D0%2526title%253DRomantic%252BDrama%2526label%253DRomantic%252BDrama%26_options_sf&quot;,return)</favourite>
	<favourite name="Female Directed Romance" thumb="DefaultFolder.png">ActivateWindow(10025,&quot;plugin://plugin.video.tubi.m7/?mode=female_directed_romancetubitv-content&amp;rand=EXISNO&amp;sf_options=fanart%3Dspecial%3A%2F%2Fhome%2Faddons%5Cplugin.video.tubi.m7%5Cicon.png%26meta%3Dvotes%253D0%2526title%253DFemale%252BDirected%252BRomance%2526label%253DFemale%252BDirected%252BRomance%26_options_sf&quot;,return)</favourite>
	<favourite name="[COLOR purple]Hers[/COLOR]" thumb="http://twistednutz.xyz/XML/Icons/Hers/Movies1.png">ActivateWindow(10025,&quot;plugin://plugin.video.twisted/?all_w=%7b%7d&amp;data=%20&amp;dates=%20&amp;description=Twisted&amp;eng_name=%20&amp;episode=%20&amp;fanart=https%3a%2f%2ftwistednutz.xyz%2fXML%2fIcons%2fHers%2ffanart.jpg&amp;fav_status=false&amp;heb_name=%20&amp;iconimage=http%3a%2f%2ftwistednutz.xyz%2fXML%2fIcons%2fHers%2fMovies1.png&amp;id=%20&amp;image_master&amp;isr=0&amp;last_id&amp;mode=189&amp;mypass&amp;name=%5bCOLOR%20purple%5dHers%5b%2fCOLOR%5d&amp;original_title=%20&amp;search_db&amp;season=%20&amp;show_original_year=%20&amp;tmdbid=%20&amp;url=http%3a%2f%2ftwistednutz.xyz%2fXML%2fHers%2fMain.xml&amp;video_data=%7b%22title%22%3a%20%22%5bCOLOR%20purple%5dHers%5b%2fCOLOR%5d%22%2c%20%22mediatype%22%3a%20%22movie%22%2c%20%22TVshowtitle%22%3a%20%22%22%2c%20%22season%22%3a%200%2c%20%22episode%22%3a%200%2c%20%22OriginalTitle%22%3a%20%22%20%22%2c%20%22rating%22%3a%20%220%22%2c%20%22plot%22%3a%20%22Twisted%22%2c%20%22Tag%22%3a%20%22None%22%2c%20%22id%22%3a%20%22%20%22%7d&amp;sf_options=fanart%3Dhttps%3A%2F%2Ftwistednutz.xyz%2FXML%2FIcons%2FHers%2Ffanart.jpg%26meta%3Dlabel%253D%25255BCOLOR%252Bpurple%25255DHers%25255B%25252FCOLOR%25255D%26_options_sf&quot;,return)</favourite>
</favourites>