<?xml version="1.0" encoding="UTF-8" standalone="yes"?>
<addon id="plugin.video.arenavisionl" name="ArenaVision" version="0.1.11" provider-name="zkte">
  <requires>
    <import addon="xbmc.python" version="3.0.0"/>
    <import addon="script.module.beautifulsoup4" version="4.9.3+matrix.1"/>
    <import addon="script.module.dateutil" version="2.8.1+matrix.1"/>
    <import addon="script.module.requests" version="2.25.1+matrix.1"/>
    <import addon="script.module.routing" version="0.2.3+matrix.1"/>
    <import addon="program.acestreamhandler" version="0.1.3"/>
  </requires>
  <extension point="xbmc.python.pluginsource" library="addon.py">
    <provides>video</provides>
  </extension>
  <extension point="xbmc.addon.metadata">
    <reuselanguageinvoker>true</reuselanguageinvoker>
    <summary lang="en_GB">ArenaVision</summary>
    <description lang="en_GB">ArenaVision</description>
    <disclaimer lang="en_GB"></disclaimer>
    <language>en</language>
    <platform>all</platform>
    <license>GPL-2.0-or-later</license>
    <assets>
        <icon>resources/icon.png</icon>
    </assets>
  </extension>
</addon>
