<?xml version="1.0" encoding="UTF-8" standalone="yes"?>
<addon id="plugin.video.onltvaddon" name="Free BG/World Online TV" version="2022.01.29.01" provider-name="MartinStZ">
  <requires>
    <import addon="script.module.requests" version="1.1.0"/>
  </requires>
  <extension point="xbmc.python.pluginsource" library="default.py">
    <provides>video</provides>
  </extension>
  <extension point="xbmc.addon.metadata">
   <platform>all</platform>
    <license>GNU GENERAL PUBLIC LICENSE</license>
   <summary lang="en">Video plugin for online TV channels</summary>
   <language>en</language>
   <description lang="en">Video plugin for online TV channels</description>
   <disclaimer lang="en"></disclaimer>
   <website></website>
   <platform>all</platform>
   <source></source>
   <assets>
	  <icon>icon.png</icon>
	  <fanart>fanart.jpg</fanart>
   </assets>
  </extension>
</addon>
