<?xml version="1.0" encoding="UTF-8"?>
<window>
    <defaultcontrol>1000</defaultcontrol>
    <include>dialogeffect</include>
    <coordinates>
        <left>0</left>
        <top>0</top>
    </coordinates>
    <controls>
        <control type="image" id="999">
            <description>background image</description>
            <left>0</left>
            <top>0</top>
            <width>510</width>
            <height>1080</height>
            <texture border="20">$VAR[DialogPath]DialogBack.png</texture>
        </control>
        <control type="grouplist" id="996">
            <description>grouplist for context buttons</description>
            <left>30</left>
            <top>45</top>
            <width>450</width>
            <height max="1005">auto</height>
            <itemgap>3</itemgap>
				<control type="button" id="1612">
					<left></left>
					<top></top>
					<width>450</width>
					<height>57</height>
					<font>fontContextMenu</font>
					<align>center</align>
					<textcolor>grey2</textcolor>
					<focusedcolor>white</focusedcolor>
					<label>[COLOR blue]HOME[/COLOR] </label>
					<onclick>ActivateWindow(Home)</onclick>
					<!--<visible>System.HasAddon(plugin.program.G.K.N.Wizard)</visible>-->
				</control>
				<control type="button" id="1613">
					<left></left>
					<top></top>
					<width>450</width>
					<height>57</height>
					<font>fontContextMenu</font>
					<align>center</align>
					<textcolor>grey2</textcolor>
					<focusedcolor>white</focusedcolor>
					<label>[B][COLOR springgreen]Είδατε Πρόσφατα[/COLOR][/B]</label>
					<onclick>RunAddon(plugin.video.last_played)</onclick>
					<visible>System.HasAddon(plugin.video.last_played)</visible>
					<!--<visible>System.HasAddon(plugin.program.G.K.N.Wizard)</visible>-->
				</control>
				<control type="button" id="1614">
					<left></left>
					<top></top>
					<width>450</width>
					<height>57</height>
					<font>fontContextMenu</font>
					<align>center</align>
					<textcolor>grey2</textcolor>
					<focusedcolor>white</focusedcolor>
					<label>[COLOR green]&lt;--[/COLOR] [B]Matrix[/B] </label>
					<onclick>ActivateWindow(shutdownmenu)</onclick>
					<!--<visible>System.HasAddon(plugin.program.G.K.N.Wizard)</visible>-->
				</control>
				<control type="button" id="1615">
					<left></left>
					<top></top>
					<width>450</width>
					<height>57</height>
					<font>fontContextMenu</font>
					<align>center</align>
					<textcolor>grey2</textcolor>
					<focusedcolor>white</focusedcolor>
					<label>[COLOR goldenrod]Clear Cache/Providers[/COLOR] </label>
					<onclick>RunPlugin("plugin://plugin.program.G.K.N.Wizard/?mode=clearcache")</onclick>
					<!--<visible>System.HasAddon(plugin.program.G.K.N.Wizard)</visible>-->
				</control>
				<control type="button" id="1616">
					<left></left>
					<top></top>
					<width>450</width>
					<height>57</height>
					<font>fontContextMenu</font>
					<align>center</align>
					<textcolor>grey2</textcolor>
					<focusedcolor>white</focusedcolor>
					<label>[COLOR tomato]Search for Subs(manualy)[/COLOR] </label>
					<onclick>ActivateWindow(subtitlesearch)</onclick>
					<visible>String.IsEmpty(ListItem.Year) + [!ListItem.IsFolder | Window.IsVisible(videos)]</visible>
				</control>
				<control type="button" id="1617">
					<left></left>
					<top></top>
					<width>450</width>
					<height>57</height>
					<font>fontContextMenu</font>
					<align>center</align>
					<textcolor>grey2</textcolor>
					<focusedcolor>white</focusedcolor>
					<label>[COLOR limegreen]Search for Subs[/COLOR] </label>
					<onclick>ActivateWindow(subtitlesearch)</onclick>
					<visible>!String.IsEmpty(ListItem.Title) + !String.IsEmpty(ListItem.Year) + !ListItem.IsFolder</visible>
				</control>
				<control type="button" id="1618">
					<left></left>
					<top></top>
					<width>450</width>
					<height>57</height>
					<font>fontContextMenu</font>
					<align>center</align>
					<textcolor>grey2</textcolor>
					<focusedcolor>white</focusedcolor>
					<label>[B][COLOR orange]Pairwith[/COLOR][/B] [B][COLOR grey]Sites[/COLOR][/B]
</label>
					<onclick>RunScript("special://home/addons/plugin.program.autowidget/folders/py/Sites.py")</onclick>
					<visible>System.HasAddon(script.sites)</visible>
					<!--<visible>System.HasAddon(plugin.program.G.K.N.Wizard)</visible>-->
				</control>
				<control type="button" id="1619">
					<left></left>
					<top></top>
					<width>450</width>
					<height>57</height>
					<font>fontContextMenu</font>
					<align>center</align>
					<textcolor>grey2</textcolor>
					<focusedcolor>white</focusedcolor>
					<label>[B][COLOR blue]ΠΡΟΓΡΑΜΜΑΤΑ[/COLOR][/B]</label>
					<onclick>ActivateWindow(10025,"plugin://plugin.program.autowidget/?group=27bcolor_blue__colorb__tools-27&amp;mode=group&amp;refresh&amp;reload",return)</onclick>
				</control>
				<control type="button" id="1620 ">
					<left></left>
					<top></top>
					<width>450</width>
					<height>57</height>
					<font>fontContextMenu</font>
					<align>center</align>
					<textcolor>grey2</textcolor>
					<focusedcolor>white</focusedcolor>
					<label>[B][COLOR gold]Πρόσθετα βίντεο[/COLOR][/B]</label>
					<onclick>ActivateWindow(Videos,Addons)</onclick>
				</control>
				<control type="button" id="1621">
					<left></left>
					<top></top>
					<width>450</width>
					<height>57</height>
					<font>fontContextMenu</font>
					<align>center</align>
					<textcolor>grey2</textcolor>
					<focusedcolor>white</focusedcolor>
					<label>[B][COLOR green]My Groups[/COLOR][/B]</label>
					<onclick>ActivateWindow(10025,"plugin://plugin.program.autowidget/?mode=group&amp;refresh&amp;reload")</onclick>
				</control>
				<control type="button" id="1622">
					<left></left>
					<top></top>
					<width>450</width>
					<height>57</height>
					<font>fontContextMenu</font>
					<align>center</align>
					<textcolor>grey2</textcolor>
					<focusedcolor>white</focusedcolor>
					<label>Addon Settings</label>
					<onclick>Addon.OpenSettings($INFO[Container.PluginName])</onclick>
					<visible>!String.IsEmpty(Container.PluginName)</visible>
				</control>
				<control type="button" id="1623">
					<left></left>
					<top></top>
					<width>450</width>
					<height>57</height>
					<font>fontContextMenu</font>
					<align>center</align>
					<textcolor>grey2</textcolor>
					<focusedcolor>white</focusedcolor>
					<label>Setings[COLOR blue]KODI[/COLOR]</label>
					<onclick>ActivateWindow(Settings)</onclick>
				</control>
		<control type="button" id="1624">
		         <label>TakeScreenshot</label>
		        <width>450</width>
			    <height>60</height>
			    <font>font14</font>
			    <align>center</align>
			    <textcolor>green</textcolor>
				<focusedcolor>white</focusedcolor>
				<onclick>TakeScreenshot</onclick>
				<visible>!System.HasAddon(service.coreelec.settings) + !System.HasAddon(service.libreelec.settings)</visible>
			</control>
		<control type="button" id="1625">
		         <label>ΑΓΑΠΗΜΕΝΑ</label>
		        <width>450</width>
			    <height>60</height>
			    <font>font14</font>
			    <align>center</align>
			    <textcolor>orange</textcolor>
				<focusedcolor>white</focusedcolor>
				<onclick>activatewindow(favourites)</onclick>
			</control>
				<control type="button" id="1626">
					<left></left>
					<top></top>
					<width>450</width>
					<height>57</height>
					<font>fontContextMenu</font>
					<align>center</align>
					<textcolor>grey2</textcolor>
					<focusedcolor>white</focusedcolor>
				<onclick>RunScript("special://home/addons/plugin.program.autowidget/folders/py/Favourites_Delete.py")</onclick>
					<label>[COLOR red]Διαγραφή όλων των Αγαπημένων![/COLOR]</label>
System.HasAddon(script.favourites) + Skin.HasSetting(EnableScriptFavourites)					
				</control>
            <control type="button" id="3001">
                <description>Watch it Later</description>
                <left></left>
                <top></top>
                <width>450</width>
                <height>57</height>
                <font>fontContextMenu</font>
                <align>center</align>
                <textcolor>grey2</textcolor>
                <focusedcolor>white</focusedcolor>
                <label>$LOCALIZE[31215]</label>
                <onclick>RunPlugin(plugin://script.simpleplaylists/?mode=addCurrentUrl)</onclick>
                <visible>!Skin.HasSetting(DisableWatchItLater) + [Container.Content(Episodes) | Container.Content(Movies) | Container.Content(Songs)]</visible>
            </control>
            <control type="button" id="3002">
                <description>Button Trailer</description>
                <left></left>
                <top></top>
                <width>450</width>
                <height>57</height>
                <font>fontContextMenu</font>
                <align>center</align>
                <textcolor>grey2</textcolor>
                <focusedcolor>white</focusedcolor>
                <label>$LOCALIZE[20410]</label>
                <onclick condition="!String.IsEmpty(ListItem.Trailer)">PlayMedia("$INFO[ListItem.Trailer]")</onclick>
                <onclick condition="String.IsEmpty(ListItem.Trailer)">ActivateWindow(videos,$ESCINFO[ListItem.Label,plugin://plugin.video.youtube/?path=/root/search&amp;feed=search&amp;search=, Trailer],return)</onclick>
                <visible>!Skin.HasSetting(HideTrailerBtn) + [Container.Content(Episodes) | Container.Content(Movies)]</visible>
            </control>
            <control type="button" id="3003">
                <description>Library Editor</description>
                <left></left>
                <top></top>
                <width>450</width>
                <height>57</height>
                <font>fontContextMenu</font>
                <align>center</align>
                <textcolor>grey2</textcolor>
                <focusedcolor>white</focusedcolor>
                <include>NormalButton1</include>
                <label>$LOCALIZE[21450] [LOWERCASE]$LOCALIZE[15101][/LOWERCASE]</label>
                <onclick>RunScript(script.libraryeditor,DBID=$INFO[ListItem.DBID])</onclick>
                <visible>System.HasAddon(script.libraryeditor) + !String.IsEmpty(ListItem.DBID) + !Container.Content(Seasons)</visible>
            </control>
        </control>
        <control type="button">
            <description>Close Window button</description>
            <left>390</left>
            <top>8</top>
            <onclick>PreviousMenu</onclick>
            <include>DialogCloseButton</include>
            <onleft>2</onleft>
            <onright>2</onright>
            <onup>2</onup>
            <ondown>2</ondown>
        </control>
        <control type="button" id="1000">
            <description>button template</description>
            <left></left>
            <top></top>
            <width>450</width>
            <height>57</height>
            <font>fontContextMenu</font>
            <align>center</align>
            <textcolor>grey2</textcolor>
            <focusedcolor>white</focusedcolor>
        </control>
    </controls>
</window>
