<favourites>
	<favourite name="[COLOR lime]KodiVerse 4K[/COLOR]" thumb="special://home/addons/resource.images.skinicons.wide/resources/icons/4k.png">ActivateWindow(10025,&quot;plugin://plugin.video.KodiVerse/?all_w=%7b%7d&amp;data=%20&amp;dates=%20&amp;description=4k&amp;eng_name=%20&amp;episode=%20&amp;fanart=https%3a%2f%2fi.imgur.com%2f7xU33K0.jpg&amp;fav_status=false&amp;heb_name=%20&amp;iconimage=https%3a%2f%2fi.imgur.com%2f9QXt7g0.png&amp;id=%20&amp;image_master&amp;isr=0&amp;last_id&amp;mode=189&amp;mypass&amp;name=%5bCOLOR%20lime%5dKodiVerse%204K%5b%2fCOLOR%5d&amp;original_title=%20&amp;search_db&amp;season=%20&amp;show_original_year=%20&amp;tmdbid=%20&amp;url=https%3a%2f%2fnarcacist.com%2fJen4k%2f4ksection1.json&amp;video_data=%7b%22title%22%3a%20%22%5bCOLOR%20lime%5dKodiVerse%204K%5b%2fCOLOR%5d%22%2c%20%22mediatype%22%3a%20%22movie%22%2c%20%22TVshowtitle%22%3a%20%22%22%2c%20%22season%22%3a%200%2c%20%22episode%22%3a%200%2c%20%22OriginalTitle%22%3a%20%22%20%22%2c%20%22rating%22%3a%20%220%22%2c%20%22plot%22%3a%20%224k%22%2c%20%22Tag%22%3a%20%22None%22%2c%20%22id%22%3a%20%22%20%22%7d&amp;sf_options=fanart%3Dhttps%3A%2F%2Fi.imgur.com%2F7xU33K0.jpg%26meta%3Dlabel%253D%25255BCOLOR%252Blime%25255DKodiVerse%252B4K%25255B%25252FCOLOR%25255D%26_options_sf&quot;,return)</favourite>
	<favourite name="[COLOR lime]KodiVerse Odin[/COLOR]" thumb="https://i.imgur.com/FXX1BNA.png">ActivateWindow(10025,&quot;plugin://plugin.video.KodiVerse/?all_w=%7b%7d&amp;data=%20&amp;dates=%20&amp;description=Odin&amp;eng_name=%20&amp;episode=%20&amp;fanart=https%3a%2f%2fi.imgur.com%2fDEDG7Pn.jpg&amp;fav_status=false&amp;heb_name=%20&amp;iconimage=https%3a%2f%2fi.imgur.com%2fFXX1BNA.png&amp;id=%20&amp;image_master&amp;isr=0&amp;last_id&amp;mode=189&amp;mypass&amp;name=%5bCOLOR%20lime%5dKodiVerse%20Odin%5b%2fCOLOR%5d&amp;original_title=%20&amp;search_db&amp;season=%20&amp;show_original_year=%20&amp;tmdbid=%20&amp;url=https%3a%2f%2fnarcacist.com%2fJen4k%2f4ksection.json&amp;video_data=%7b%22title%22%3a%20%22%5bCOLOR%20lime%5dKodiVerse%20Odin%5b%2fCOLOR%5d%22%2c%20%22mediatype%22%3a%20%22movie%22%2c%20%22TVshowtitle%22%3a%20%22%22%2c%20%22season%22%3a%200%2c%20%22episode%22%3a%200%2c%20%22OriginalTitle%22%3a%20%22%20%22%2c%20%22rating%22%3a%20%220%22%2c%20%22plot%22%3a%20%22Odin%22%2c%20%22Tag%22%3a%20%22None%22%2c%20%22id%22%3a%20%22%20%22%7d&amp;sf_options=fanart%3Dhttps%3A%2F%2Fi.imgur.com%2FDEDG7Pn.jpg%26meta%3Dlabel%253D%25255BCOLOR%252Blime%25255DKodiVerse%252BOdin%25255B%25252FCOLOR%25255D%26_options_sf&quot;,return)</favourite>
	<favourite name="[COLOR crimson][B]Patriot [COLOR white][B]Movie[COLOR dodgerblue][B]s[/B][/COLOR]" thumb="special://home/addons/resource.images.skinicons.wide/resources/icons/patriot.png">ActivateWindow(10025,&quot;plugin://plugin.video.KodiVerse/?all_w=%7b%7d&amp;data=%20&amp;dates=%20&amp;description=%20&amp;eng_name=%20&amp;episode=%20&amp;fanart=http%3a%2f%2fdjaythemes.xyz%2fPatriot%2fPatriot%20icons%2ffanart.jpg&amp;fav_status=false&amp;heb_name=%20&amp;iconimage=http%3a%2f%2fdjaythemes.xyz%2fPatriot%2fPatriot%20icons%2fMovies%2fmovies.png&amp;id&amp;image_master&amp;isr=0&amp;last_id&amp;mode=189&amp;mypass&amp;name=%5bCOLOR%20crimson%5d%5bB%5dPatriot%20%5bCOLOR%20white%5d%5bB%5dMovies%20%5bCOLOR%20dodgerblue%5d%5bB%5dSection%20%5b%2fB%5d%5b%2fCOLOR%5d&amp;original_title=%20&amp;search_db&amp;season=%20&amp;show_original_year=%20&amp;tmdbid=%20&amp;url=http%3a%2f%2fdjaythemes.xyz%2fPatriot%2fjson%2fMovies%2fmoviemain.json&amp;video_data=%7b%22title%22%3a%20%22%5bCOLOR%20crimson%5d%5bB%5dPatriot%20%5bCOLOR%20white%5d%5bB%5dMovies%20%5bCOLOR%20dodgerblue%5d%5bB%5dSection%20%5b%2fB%5d%5b%2fCOLOR%5d%22%2c%20%22mediatype%22%3a%20%22movie%22%2c%20%22TVshowtitle%22%3a%20%22%22%2c%20%22season%22%3a%200%2c%20%22episode%22%3a%200%2c%20%22OriginalTitle%22%3a%20%22%20%22%2c%20%22rating%22%3a%20%220%22%2c%20%22plot%22%3a%20%22%20%22%2c%20%22Tag%22%3a%20%22189%22%2c%20%22trailer%22%3a%20%22%22%2c%20%22id%22%3a%20%22%22%7d&amp;sf_options=fanart%3Dhttp%3A%2F%2Fdjaythemes.xyz%2FPatriot%2FPatriot+icons%2Ffanart.jpg%26meta%3Dlabel%253D%25255BCOLOR%252Bcrimson%25255D%25255BB%25255DPatriot%252B%25255BCOLOR%252Bwhite%25255D%25255BB%25255DMovies%252B%25255BCOLOR%252Bdodgerblue%25255D%25255BB%25255DSection%252B%25255B%25252FB%25255D%25255B%25252FCOLOR%25255D%26_options_sf&quot;,return)</favourite>
	<favourite name="Chains Reaction Lite" thumb="special://home/addons/resource.images.skinicons.wide/resources/icons/chains.png">ActivateWindow(10025,&quot;plugin://plugin.video.thechains/?sf_options=fanart%3Dspecial%3A%2F%2Fhome%2Faddons%5Cplugin.video.thechains%5Cfanart.jpg%26desc%3DFaster+Than+A+Speeding+Bullet%26meta%3Dlabel%253DChains%252BReaction%252BLite%26_options_sf&quot;,return)</favourite>
	<favourite name="Carnival Of Screams" thumb="special://home/addons/resource.images.skinicons.wide/resources/icons/horrorvault.jpg">ActivateWindow(10025,&quot;plugin://plugin.video.thechains/?all_w=%7b%7d&amp;data=%20&amp;dates=%20&amp;description=Carnival%20Of%20Screams&amp;eng_name=%20&amp;episode=%20&amp;fanart=https%3a%2f%2fi.imgur.com%2f6YZ1QkM.jpg&amp;fav_status=false&amp;heb_name=%20&amp;iconimage=https%3a%2f%2fi.imgur.com%2fpYeHsHu.png&amp;id=%20&amp;image_master&amp;isr=0&amp;last_id&amp;mode=189&amp;mypass&amp;name=Carnival%20Of%20Screams&amp;original_title=%20&amp;search_db&amp;season=%20&amp;show_original_year=%20&amp;tmdbid=%20&amp;url=http%3a%2f%2fthechains24.com%2fTHE%2520CRYPT%2fHORROR%2520MAIN.txt&amp;video_data=%7b%22title%22%3a%20%22Carnival%20Of%20Screams%22%2c%20%22mediatype%22%3a%20%22movie%22%2c%20%22TVshowtitle%22%3a%20%22%22%2c%20%22season%22%3a%200%2c%20%22episode%22%3a%200%2c%20%22OriginalTitle%22%3a%20%22%20%22%2c%20%22rating%22%3a%20%220%22%2c%20%22plot%22%3a%20%22Carnival%20Of%20Screams%22%2c%20%22Tag%22%3a%20%22None%22%2c%20%22id%22%3a%20%22%20%22%7d&amp;sf_options=fanart%3Dhttps%3A%2F%2Fi.imgur.com%2F6YZ1QkM.jpg%26meta%3Dlabel%253DCarnival%252BOf%252BScreams%26_options_sf&quot;,return)</favourite>
	<favourite name="Shadow" thumb="special://home/addons/resource.images.skinicons.wide/resources/icons/shadow.jpg">ActivateWindow(10025,&quot;plugin://plugin.video.shadow/?sf_options=fanart%3Dspecial%3A%2F%2Fhome%2Faddons%5Cplugin.video.shadow%5Cfanart.jpg%26desc%3DAll+the+media+as+fast+as+possible%26meta%3Dlabel%253DShadow%26_options_sf&quot;,return)</favourite>
</favourites>