<favourites>
	<favourite name="TV Shows" thumb="special://home/addons\script.scrubsv2.artwork\resources\media\purple\tvshows.png">ActivateWindow(10025,&quot;plugin://plugin.video.scrubsv2/?action=tvshows_menu&amp;sf_options=fanart%3Dspecial%3A%2F%2Fhome%2Faddons%5Cscript.scrubsv2.artwork%5Cresources%5Cmedia%5Cpurple%5Cfanart.jpg%26meta%3Dlabel%253DTV%252BShows%26_options_sf&quot;,return)</favourite>
	<favourite name="Episodes (Widget) [I]- TVmaze Episodes[/I]" thumb="special://home/addons\script.scrubsv2.artwork\resources\media\purple\latest-episodes.png">ActivateWindow(10025,&quot;plugin://plugin.video.scrubsv2/?action=episode_widget&amp;sf_options=fanart%3Dspecial%3A%2F%2Fhome%2Faddons%5Cscript.scrubsv2.artwork%5Cresources%5Cmedia%5Cpurple%5Cfanart.jpg%26meta%3Dlabel%253DEpisodes%252B%252528Widget%252529%252B%25255BI%25255D-%252BTVmaze%252BEpisodes%25255B%25252FI%25255D%26_options_sf&quot;,return)</favourite>
	<favourite name="My Stuff" thumb="special://home/addons\script.scrubsv2.artwork\resources\media\purple\mymovies.png">ActivateWindow(10025,&quot;plugin://plugin.video.scrubsv2/?action=mylists_menu&amp;sf_options=fanart%3Dspecial%3A%2F%2Fhome%2Faddons%5Cscript.scrubsv2.artwork%5Cresources%5Cmedia%5Cpurple%5Cfanart.jpg%26meta%3Dlabel%253DMy%252BStuff%26_options_sf&quot;,return)</favourite>
	<favourite name="Tools" thumb="special://home/addons\script.scrubsv2.artwork\resources\media\purple\tools.png">ActivateWindow(10025,&quot;plugin://plugin.video.scrubsv2/?action=tools_menu&amp;sf_options=fanart%3Dspecial%3A%2F%2Fhome%2Faddons%5Cscript.scrubsv2.artwork%5Cresources%5Cmedia%5Cpurple%5Cfanart.jpg%26meta%3Dlabel%253DTools%26_options_sf&quot;,return)</favourite>
</favourites>