<favourites>
	<favourite name="Fluxus Reality" thumb="special://home/addons\plugin.video.fidoK19\icon.png">ActivateWindow(10025,&quot;plugin://plugin.video.fidoK19/get_list/m3ucat|https://bitbucket.org/!api/2.0/snippets/fluxustv/KpaEKX/40b16ee3c4bde59e7ebb0f241474f57158121455/files/FTV-ENG|Reality?sf_options=fanart%3Dspecial%3A%2F%2Fhome%2Faddons%5Cplugin.video.fidoK19%5Cfanart.jpg%26meta%3Dlabel%253DReality%26_options_sf&quot;,return)</favourite>
	<favourite name="Pluto Reality" thumb="https://s3.amazonaws.com/pluto.tv/channelcategory/5f19a84079572700079d28e0/Reality-1595537464844.png">ActivateWindow(10025,&quot;plugin://plugin.video.plutotv/categories/Reality?sf_options=fanart%3Dhttps%3A%2F%2Fs3.amazonaws.com%2Fpluto.tv%2Fchannelcategory%2F5f19a84079572700079d28e0%2FReality-1595537443581.svg%26meta%3Dvotes%253D0%2526title%253DReality%2526label%253DReality%26_options_sf&quot;,return)</favourite>
	<favourite name="Stirr Reality TV" thumb="special://home/addons\slyguy.stirr.provider\icon.png">ActivateWindow(10025,&quot;plugin://slyguy.stirr.provider/?_=live_tv&amp;code=all&amp;group=Reality%20TV&amp;sf_options=fanart%3Dspecial%3A%2F%2Fhome%2Faddons%5Cslyguy.stirr.provider%5Cfanart.jpg%26desc%3DReality+TV%0A%0A10+Channels%26meta%3Dvotes%253D0%2526plot%253DReality%252BTV%25255Cn%25255Cn10%252BChannels%2526title%253DReality%252BTV%252B%25252810%252529%2526label%253DReality%252BTV%252B%25252810%252529%26_options_sf&quot;,return)</favourite>
	<favourite name="TubiTV Reality TV" thumb="http://images.adrise.tv/TMJCxjjYFTNsuF0EzSeyPE-eOKU=/640x360/smart/img.adrise.tv/b13ed2be-fd14-47cf-97e1-94f6ec1fbfde.jpg">ActivateWindow(10025,&quot;plugin://plugin.video.tubi.m7/?mode=reality_tvtubitv-content&amp;rand=YYLIUO&amp;sf_options=fanart%3Dspecial%3A%2F%2Fhome%2Faddons%5Cplugin.video.tubi.m7%5Cicon.png%26meta%3Dvotes%253D0%2526title%253DReality%252BTV%2526label%253DReality%252BTV%26_options_sf&quot;,return)</favourite>
	<favourite name="So...Real" thumb="http://images.adrise.tv/rMv2JByHRL2gS9EGmHqUO4rjlY0=/640x360/smart/img.adrise.tv/2d261c29-8125-4dce-9ae9-6a435f915de0.jpg">ActivateWindow(10025,&quot;plugin://plugin.video.tubi.m7/?mode=so_realtubitv-content&amp;rand=ZOUI9O&amp;sf_options=fanart%3Dspecial%3A%2F%2Fhome%2Faddons%5Cplugin.video.tubi.m7%5Cicon.png%26meta%3Dvotes%253D0%2526title%253DSo...Real%2526label%253DSo...Real%26_options_sf&quot;,return)</favourite>
	<favourite name="TubiTV Reality TV" thumb="http://images.adrise.tv/TMJCxjjYFTNsuF0EzSeyPE-eOKU=/640x360/smart/img.adrise.tv/b13ed2be-fd14-47cf-97e1-94f6ec1fbfde.jpg">ActivateWindow(10025,&quot;plugin://plugin.video.tubi.m7/?mode=reality_tvtubitv-content&amp;rand=KRYIY9&amp;sf_options=fanart%3Dspecial%3A%2F%2Fhome%2Faddons%5Cplugin.video.tubi.m7%5Cicon.png%26meta%3Dvotes%253D0%2526title%253DReality%252BTV%2526label%253DReality%252BTV%26_options_sf&quot;,return)</favourite>
	<favourite name="So...Real" thumb="http://images.adrise.tv/rMv2JByHRL2gS9EGmHqUO4rjlY0=/640x360/smart/img.adrise.tv/2d261c29-8125-4dce-9ae9-6a435f915de0.jpg">ActivateWindow(10025,&quot;plugin://plugin.video.tubi.m7/?mode=so_realtubitv-content&amp;rand=P0FXUP&amp;sf_options=fanart%3Dspecial%3A%2F%2Fhome%2Faddons%5Cplugin.video.tubi.m7%5Cicon.png%26meta%3Dvotes%253D0%2526title%253DSo...Real%2526label%253DSo...Real%26_options_sf&quot;,return)</favourite>
</favourites>