{
    "items": [
        {
            "server_name": "x-server.vip:8080",
            "server_url": "http://x-server.vip:8080/c/",
            "macs": [
                "00:1A:79:40:54:1E",
                "00:1A:79:F1:B8:05",
                "00:1A:79:3C:78:56",
                "00:1a:79:43:80:7E",
                "00:1A:79:A2:C7:C4",
                "00:1A:79:A2:91:F0",
                "00:1A:79:A2:B4:FC",
                "00:1A:79:AA:C9:7D",
                "00:1A:79:F1:B8:05"
            ]
        },
        {
            "server_name": "smartfhd.com:8080",
            "server_url": "http://smartfhd.com:8080/c/",
            "macs": [
                "00:1A:79:3A:AD:91",
                "00:1A:79:3A:23:DC",
                "00:1A:79:3C:93:DF",
                "00:1A:79:3D:8C:84",
                "00:1a:79:47:73:56",
                "00:1A:79:4A:65:17",
                "00:1a:79:4e:72:0b",
                "00:1A:79:53:E8:02",
                "00:1a:79:d6:a8:6a",
                "00:1A:79:27:BD:9E",
                "00:1A:79:32:58:1B",
                "00:1a:79:3a:23:dc",
                "00:1A:79:3A:AD:91",
                "00:1a:79:3c:93:df",
                "00:1A:79:3F:50:AF",
                "00:1A:79:40:63:4B",
                "00:1A:79:40:9C:1C",
                "00:1A:79:46:71:33",
                "00:1A:79:47:7B:1F",
                "00:1a:79:47:73:56"
            ]
        },
        {
            "server_name": "ultra-box.club:80",
            "server_url": "http://ultra-box.club:80/c/",
            "macs": [
                "00:1A:79:A4:C6:74"
            ]
        },
        {
            "server_name": "20tv.nl:88",
            "server_url": "http://20tv.nl:88/c/",
            "macs": [
                "00:1A:79:23:02:BB"
            ]
        },
        {
            "server_name": "qqtv.nl",
            "server_url": "http://qqtv.nl/c/",
            "macs": [
                "00:1A:79:00:2D:A3",
                "00:1A:79:00:2F:50",
                "00:1A:79:00:2F:85",
                "00:1A:79:00:2F:C9",
                "00:1A:79:00:3F:28",
                "00:1A:79:00:3F:2E",
                "00:1A:79:00:3F:33",
                "00:1A:79:00:3F:5D",
                "00:1A:79:00:3F:7D"
            ]
        },
        {
            "server_name": "s1.urhdiptv.net:8080",
            "server_url": "http://s1.urhdiptv.net:8080/c/",
            "macs": [
                "00:1A:79:54:AB:6C",
                "00:1A:79:54:49:9C",
                "00:1A:79:54:7C:DB",
                "00:1A:79:54:37:83",
                "00:1A:79:54:18:22",
                "00:1A:79:54:52:2B"
            ]
        },
        {
            "server_name": "www.matrixhd.club:15000",
            "server_url": "http://www.matrixhd.club:15000/c/",
            "macs": [
                "00:1A:79:04:13:30"
            ]
        },
        {
            "server_name": "kapalikale.xyz:8080",
            "server_url": "http://kapalikale.xyz:8080/c/",
            "macs": [
                "00:1A:79:42:49:96",
                "00:1A:79:43:C4:19",
                "00:1A:79:44:AF:0B",
                "00:1a:79:4c:db:a4",
                "00:1A:79:90:74:14"
            ]
        },
        {
            "server_name": "ky-iptv.com:25461",
            "server_url": "http://ky-iptv.com:25461/c/",
            "macs": [
                "00:1A:79:E9:30:5A"
            ]
        },
        {
            "server_name": "placa.work:5115",
            "server_url": "http://placa.work:5115/c/",
            "macs": [
                "00:1A:79:88:F4:CB"
            ]
        },
        {
            "server_name": "azamtv.xyz:80",
            "server_url": "http://azamtv.xyz:80/c/",
            "macs": [
                "00:1A:79:00:85:3E",
                "00:1A:79:00:01:23",
                "00:1A:79:00:7D:B2",
                "00:1A:79:22:33:44",
                "00:1A:79:2A:52:DA",
                "00:1A:79:2A:6B:4E",
                "00:1A:79:2A:52:7A",
                "00:1A:79:2E:E8:F7",
                "00:1A:79:31:8C:DA",
                "00:1A:79:39:B6:F4",
                "00:1a:79:40:7a:b3",
                "00:1A:79:45:D9:60",
                "00:1A:79:42:CD:06",
                "00:1A:79:46:27:C1",
                "00:1A:79:46:38:EF",
                "00:1A:79:46:6A:66",
                "00:1A:79:4F:F3:DA",
                "00:1A:79:4F:EF:97",
                "00:1A:79:55:CE:1B",
                "00:1A:79:57:16:A4",
                "00:1A:79:57:90:38",
                "00:1A:79:5A:69:33"
            ]
        },
        {
            "server_name": "techking.uk:2095",
            "server_url": "http://techking.uk:2095/c/",
            "macs": [
                "00:1A:79:10:7B:9F",
                "00:1A:79:13:AD:2F",
                "00:1A:79:75:EC:B5",
                "00:1A:79:24:28:16",
                "00:1A:79:14:04:4F",
                "00:1A:79:5F:E9:F9"
            ]
        },
        {
            "server_name": "ipro.tv:80",
            "server_url": "http://ipro.tv:80/c/",
            "macs": [
                "00:1A:79:6C:F9:17",
                "00:1A:79:FB:57:73",
                "00:1A:79:5D:16:6A",
                "00:1A:79:66:8F:1E",
                "00:1A:79:57:5C:BB",
                "00:1A:79:7C:A3:5E",
                "00:1A:79:4E:9A:11",
                "00:1A:79:CD:6C:55",
                "00:1A:79:B5:94:55",
                "00:1A:79:E4:F9:93",
                "00:1A:79:70:01:6F",
                "00:1A:79:75:66:46",
                "00:1A:79:63:DF:91",
                "00:1A:79:42:51:7D",
                "00:1A:79:5B:A2:5E",
                "00:1A:79:72:A8:FE",
                "00:1A:79:BC:92:2C",
                "00:1A:79:00:86:20",
                "00:1A:79:24:70:52",
                "00:1A:79:2A:3F:08",
                "00:1a:79:30:83:54",
                "00:1A:79:37:18:6C",
                "00:1A:79:3C:C0:40",
                "00:1A:79:3B:88:3C",
                "00:1A:79:3C:C1:0A",
                "00:1A:79:3D:21:6A",
                "00:1A:79:3F:21:44",
                "00:1A:79:3F:63:F2",
                "00:1A:79:40:92:3E",
                "00:1A:79:40:F1:08",
                "00:1A:79:46:6F:88",
                "00:1A:79:47:60:C6",
                "00:1A:79:4A:13:5C",
                "00:1A:79:49:C8:4A",
                "00:1A:79:4A:18:5C",
                "00:1A:79:4A:E0:4A",
                "00:1A:79:4D:A0:D8",
                "00:1A:79:50:4B:4B",
                "00:1A:79:4F:16:6A",
                "00:1A:79:53:62:0E",
                "00:1A:79:58:28:87",
                "00:1A:79:59:7F:D0",
                "00:1A:79:57:DC:1E",
                "00:1A:79:63:73:11",
                "00:1A:79:67:31:B1",
                "00:1A:79:B8:E4:27",
                "00:1A:79:c0:17:10",
                "00:1a:79:e8:46:5e",
                "00:1A:79:F9:1F:9A"
            ]
        }
    ]
}