{
    "items": [
        {
            "server_name": "sharkiptv.vip:80",
            "server_url": "http://sharkiptv.vip:80/c/",
            "macs": [
                "00:1A:79:10:82:30",
                "00:1A:79:10:25:01",
                "00:1A:79:10:25:01",
                "00:1A:79:10:6a:a6",
                "00:1A:79:10:cb:9e",
                "00:1A:79:10:cb:9e",
                "00:1A:79:10:0b:57",
                "00:1A:79:10:88:c2"
            ]
        },
        {
            "server_name": "51.222.82.89:25561",
            "server_url": "http://51.222.82.89:25561/c/",
            "macs": [
                "00:1a:79:56:8f:b0",
                "00:1A:79:00:24:2b",
                "00:1A:79:A1:6F:F5",
                "00:1A:79:98:2D:D4",
                "00:1A:79:57:0F:50",
                "00:1A:79:25:0F:A1",
                "00:1A:79:68:05:48"
            ]
        },
        {
            "server_name": "fortheselect.uk",
            "server_url": "http://fortheselect.uk/c/",
            "macs": [
                "00:1A:79:49:44:BF",
                "00:1A:79:57:A4:C2",
                "00:1a:79:9f:00:53"
            ]
        },
        {
            "server_name": "w.bs-share.com:8000",
            "server_url": "http://w.bs-share.com:8000/c/",
            "macs": [
                "00:1a:79:25:6f:96"
            ]
        },
        {
            "server_name": "izipizi1.info",
            "server_url": "http://izipizi1.info/c/",
            "macs": [
                "00:1A:79:85:EA:F3"
            ]
        },
        {
            "server_name": "bang.sytes.net:25461",
            "server_url": "http://bang.sytes.net:25461/c/",
            "macs": [
                "00:1A:79:00:00:00"
            ]
        },
        {
            "server_name": "live.darkside-iptv.com:8080",
            "server_url": "http://live.darkside-iptv.com:8080/c/",
            "macs": [
                "00:1a:79:24:3c:34"
            ]
        },
        {
            "server_name": "kodax.is:88",
            "server_url": "http://kodax.is:88/c/",
            "macs": [
                "00:1a:79:25:2f:b0",
                "00:1a:79:35:e1:18",
                "00:1a:79:c2:7d:57"
            ]
        },
        {
            "server_name": "jovi.poio.pw:8080",
            "server_url": "http://jovi.poio.pw:8080/c/",
            "macs": [
                "00:1a:79:50:83:a7"
            ]
        },
        {
            "server_name": "mtda.bluefish1.xyz:43666",
            "server_url": "http://mtda.bluefish1.xyz:43666/c/",
            "macs": [
                "00:1a:79:67:f8:58"
            ]
        },
        {
            "server_name": "vip.ultrach.com:8080",
            "server_url": "http://vip.ultrach.com:8080/c/",
            "macs": [
                "00:1A:79:42:49:96",
                "00:1A:79:43:C4:19",
                "00:1A:79:90:74:14"
            ]
        },
        {
            "server_name": "resellers.clientbox.tv",
            "server_url": "http://resellers.clientbox.tv/c/",
            "macs": [
                "00:1A:79:2D:9F:D2",
                "00:1A:79:48:EA:8D",
                "00:1A:79:14:DB:FB",
                "00:1A:79:BD:0C:98",
                "00:1A:79:8D:61:4E",
                "00:1A:79:6B:5B:D5",
                "00:1A:79:1B:90:99",
                "00:1A:79:3D:62:5B",
                "00:1A:79:DE:B4:EC",
                "00:1A:79:5D:99:5C",
                "00:1A:79:B4:E0:82",
                "00:1A:79:B0:43:96",
                "00:1A:79:5C:7D:24",
                "00:1A:79:51:20:59",
                "00:1A:79:53:D7:7A",
                "00:1A:79:B5:0D:49",
                "00:1A:79:40:CF:5A",
                "00:1A:79:77:F6:D3",
                "00:1A:79:74:CA:CB",
                "00:1A:79:A6:58:0A",
                "00:1A:79:71:28:8B",
                "00:1A:79:6B:DB:F1",
                "00:1A:79:DA:B3:D3",
                "00:1A:79:1A:03:58",
                "00:1A:79:A6:4C:28",
                "00:1A:79:4D:10:CE",
                "00:1A:79:1C:10:9D",
                "00:1A:79:B7:52:13"
            ]
        },
        {
            "server_name": "ipro.tv:80",
            "server_url": "http://ipro.tv:80/c/",
            "macs": [
                "00:1A:79:2D:9F:D2",
                "00:1A:79:48:EA:8D",
                "00:1A:79:14:DB:FB",
                "00:1A:79:BD:0C:98",
                "00:1A:79:8D:61:4E",
                "00:1A:79:6B:5B:D5",
                "00:1A:79:1B:90:99",
                "00:1A:79:3D:62:5B",
                "00:1A:79:DE:B4:EC",
                "00:1A:79:5D:99:5C",
                "00:1A:79:B4:E0:82",
                "00:1A:79:B0:43:96",
                "00:1A:79:5C:7D:24",
                "00:1A:79:51:20:59",
                "00:1A:79:53:D7:7A",
                "00:1A:79:B5:0D:49",
                "00:1A:79:40:CF:5A",
                "00:1A:79:77:F6:D3",
                "00:1A:79:74:CA:CB",
                "00:1A:79:A6:58:0A",
                "00:1A:79:71:28:8B",
                "00:1A:79:6B:DB:F1",
                "00:1A:79:DA:B3:D3",
                "00:1A:79:1A:03:58",
                "00:1A:79:A6:4C:28",
                "00:1A:79:4D:10:CE",
                "00:1A:79:1C:10:9D",
                "00:1A:79:B7:52:13"
            ]
        },
        {
            "server_name": "sansat.net:25461",
            "server_url": "http://sansat.net:25461/c/",
            "macs": [
                "00:1A:79:00:4B:7F"
            ]
        },
        {
            "server_name": "garaveli.123tv.to:8080",
            "server_url": "http://garaveli.123tv.to:8080/c/",
            "macs": [
                "00:1A:79:CD:D7:1C",
                "00:1A:79:B2:2A:CC",
                "00:1A:79:64:B2:F4",
                "00:1A:79:A5:A7:EA",
                "00:1A:79:B9:A3:44",
                "00:1A:79:67:59:97",
                "00:1A:79:73:07:08",
                "00:1A:79:AB:3F:49",
                "00:1A:79:AE:B0:40"
            ]
        },
        {
            "server_name": "world.marvelhd.eu:8000",
            "server_url": "http://world.marvelhd.eu:8000/c/",
            "macs": [
                "00:1A:79:66:19:BD",
                "00:1A:79:D6:E1:4F",
                "00:1A:79:94:FE:2C",
                "00:1A:79:2D:85:56",
                "00:1A:79:B0:C5:4A"
            ]
        },
        {
            "server_name": "sinal.live:8000",
            "server_url": "http://sinal.live:8000/c/",
            "macs": [
                "00:1A:79:66:19:BD",
                "00:1A:79:D6:E1:4F",
                "00:1A:79:94:FE:2C",
                "00:1A:79:2D:85:56",
                "00:1A:79:B0:C5:4A"
            ]
        },
        {
            "server_name": "live.tvdeutschland.de:8000",
            "server_url": "http://live.tvdeutschland.de:8000/c/",
            "macs": [
                "00:1A:79:55:6C:E4",
                "00:1A:79:B0:E8:F0",
                "00:1A:79:2E:3E:B2",
                "00:1A:79:3B:74:BF",
                "00:1A:79:50:CB:CF",
                "00:1A:79:D6:53:13",
                "00:1A:79:4F:50:79",
                "00:1A:79:46:5C:ED",
                "00:1A:79:22:E5:4A",
                "00:1A:79:BE:DB:AA",
                "00:1A:79:70:15:F5",
                "00:1A:79:2B:F2:B4",
                "00:1A:79:48:E2:C8",
                "00:1A:79:D3:9F:D8",
                "00:1A:79:B0:E1:F7",
                "00:1A:79:64:DF:84",
                "00:1A:79:57:A3:F3",
                "00:1A:79:51:FB:38",
                "00:1A:79:F0:01:E8",
                "00:1A:79:BC:59:EF",
                "00:1A:79:22:D7:81",
                "00:1A:79:0D:77:5B",
                "00:1A:79:2C:7D:EB"
            ]
        }
    ]
}