{
    "items": [
        {
            "server_name": "bggxq.funtogether.xyz:8080",
            "server_url": "http://bggxq.funtogether.xyz:8080/c/",
            "macs": [
                "00:1a:79:2a:2D:7a",
                "00:1a:79:6b:7D:7C",
                "00:1a:79:3f:32:96",
                "00:1a:79:3f:E8:9D",
                "00:1a:79:6b:43:2a",
                "00:1a:79:39:31:41",
                "00:1a:79:32:f2:57",
                "00:1a:79:54:Cb:1b",
                "00:1a:79:4D:75:D4",
                "00:1a:79:53:f5:34",
                "00:1a:79:41:C5:9f",
                "00:1a:79:22:9f:97",
                "00:1a:79:54:D5:b0",
                "00:1a:79:67:f4:8D",
                "00:1a:79:54:E6:58",
                "00:1a:79:20:3f:f4",
                "00:1a:79:4D:11:8D",
                "00:1a:79:4f:f4:77",
                "00:1a:79:5D:04:b7",
                "00:1a:79:58:12:DE",
                "00:1a:79:45:0D:07",
                "00:1a:79:48:a5:95",
                "00:1a:79:57:9E:5f",
                "00:1a:79:52:fb:1a",
                "00:1a:79:2f:49:Df",
                "00:1a:79:Ef:0E:09",
                "00:1a:79:f2:9f:3C",
                "00:1a:79:f7:fC:D7",
                "00:1a:79:f6:4a:87",
                "00:1a:79:E7:85:67"
            ]
        },
        {
            "server_name": "powerip.be:8000",
            "server_url": "http://powerip.be:8000/c/",
            "macs": [
                "00:1A:79:3D:15:6A",
                "00:1A:79:3D:13:8A",
                "00:1A:79:3D:53:B9",
                "00:1a:79:3D:60:53",
                "00:1A:79:3D:15:93",
                "00:1a:79:3d:84:20",
                "00:1A:79:3D:87:AE",
                "00:1a:79:3d:56:cc",
                "00:1A:79:3D:91:9F",
                "00:1A:79:3D:C0:8B",
                "00:1A:79:3D:5F:E3",
                "00:1A:79:3D:F7:63",
                "00:1A:79:3D:C2:C0",
                "00:1A:79:3D:8C:84",
                "00:1A:79:3D:E5:49",
                "00:1A:79:3D:C5:82",
                "00:1A:79:3D:DF:4E",
                "00:1A:79:3D:08:85"
            ]
        },
        {
            "server_name": "atomicserver.co",
            "server_url": "http://atomicserver.co/c/",
            "macs": [
                "00:1A:79:3F:63:A0"
            ]
        },
        {
            "server_name": "amdtv-oficial.vip:8080",
            "server_url": "http://amdtv-oficial.vip:8080/c/",
            "macs": [
                "00:1A:79:a4:9d:2d",
                "00:1A:79:bd:58:6f",
                "00:1A:79:bb:2f:b6",
                "00:1A:79:bb:4b:c4",
                "00:1A:79:bd:30:0d",
                "00:1A:79:bb:34:ea",
                "00:1A:79:a5:a1:95",
                "00:1A:79:4b:38:f5",
                "00:1A:79:a3:f3:aa",
                "00:1A:79:ae:27:49",
                "00:1A:79:4b:38:f5",
                "00:1A:79:bd:40:52",
                "00:1A:79:b1:f3:38",
                "00:1A:79:a5:a8:0e",
                "00:1A:79:4b:37:b9",
                "00:1A:79:b9:a6:70",
                "00:1A:79:ac:ca:cc",
                "00:1A:79:a4:50:1d",
                "00:1A:79:b7:8a:64",
                "00:1A:79:22:15:0e",
                "00:1A:79:a6:70:ac",
                "00:1A:79:a6:70:c7",
                "00:1A:79:b1:f3:8c",
                "00:1A:79:a6:68:cd",
                "00:1A:79:a3:fb:ac",
                "00:1A:79:a1:e5:35",
                "00:1A:79:a5:b9:c5",
                "00:1A:79:ab:6f:9c",
                "00:1A:79:aa:b2:14",
                "00:1A:79:b6:74:0f",
                "00:1A:79:ab:6a:0f",
                "00:1A:79:ac:cb:ce",
                "00:1A:79:4b:37:b9",
                "00:1A:79:a1:e8:7f",
                "00:1A:79:a4:4c:d3",
                "00:1A:79:ad:28:8f",
                "00:1A:79:b6:74:14",
                "00:1A:79:a1:e5:c0",
                "00:1A:79:a3:fe:45",
                "00:1A:79:bc:db:73",
                "00:1A:79:ae:2f:8b",
                "00:1A:79:a1:de:a7",
                "00:1A:79:ab:65:af",
                "00:1A:79:b5:0e:fd",
                "00:1A:79:41:7b:07",
                "00:1A:79:bb:4a:ad",
                "00:1A:79:ad:32:de",
                "00:1A:79:a7:e4:bc",
                "00:1A:79:a6:70:ae",
                "00:1A:79:bb:41:e7",
                "00:1A:79:a3:93:aa",
                "00:1A:79:ac:c4:ff"
            ]
        },
        {
            "server_name": "fastrunner.live:8080",
            "server_url": "http://fastrunner.live:8080/c/",
            "macs": [
                "00:1A:79:34:3C:39",
                "00:1A:79:5C:E5:C7",
                "00:1A:79:45:A9:F2",
                "00:1A:79:AB:6B:29",
                "00:1A:79:A2:F6:3C",
                "00:1A:79:48:14:F0",
                "00:1A:79:AA:E2:E4",
                "00:1A:79:4E:B5:97",
                "00:1A:79:A2:FB:08",
                "00:1A:79:6A:0B:3C",
                "00:1A:79:01:85:88",
                "00:1A:79:91:27:54",
                "00:1A:79:0E:5F:E7",
                "00:1A:79:19:39:A9",
                "00:1A:79:31:2F:86",
                "00:1A:79:45:03:3F",
                "00:1A:79:AD:FB:DE",
                "00:1A:79:B1:F1:4A",
                "00:1A:79:78:2F:96",
                "00:1A:79:AE:2B:8A"
            ]
        }
    ]
}