{
    "items": [
        {
            "server_name": "ip.sltv.be:8080",
            "server_url": "http://ip.sltv.be:8080/c/",
            "macs": [
                "00:1A:79:00:00:00",
                "00:1A:79:00:19:3C",
                "00:1A:79:00:4A:A2",
                "00:1A:79:00:4F:E6",
                "00:1A:79:00:52:B3",
                "00:1A:79:00:5E:01",
                "00:1A:79:00:79:EC",
                "00:1A:79:00:84:a5",
                "00:1A:79:00:91:31",
                "00:1a:79:00:91:d2",
                "00:1A:79:00:CA:E9",
                "00:1A:79:00:F8:E4",
                "00:1A:79:00:FB:12",
                "00:1A:79:01:02:A3",
                "00:1A:79:01:2B:22",
                "00:1A:79:01:2b:51",
                "00:1A:79:01:30:4d",
                "00:1A:79:01:58:5a",
                "00:1A:79:01:75:d0",
                "00:1A:79:01:7b:5c",
                "00:1A:79:01:7E:8F",
                "00:1A:79:01:8B:BD",
                "00:1a:79:01:f3:85",
                "00:1A:79:02:3d:cd",
                "00:1a:79:02:A3:48",
                "00:1A:79:03:39:AA",
                "00:1A:79:03:3C:EF",
                "00:1a:79:03:82:5f",
                "00:1A:79:04:1f:65",
                "00:1A:79:04:7F:E7",
                "00:1a:79:04:91:63",
                "00:1A:79:04:9B:9B",
                "00:1a:79:05:3b:3f",
                "00:1A:79:06:05:2C",
                "00:1a:79:06:9f:6b",
                "00:1a:79:07:85:b9",
                "00:1a:79:08:08:d3",
                "00:1A:79:09:84:96"
            ]
        },
        {
            "server_name": "vip.ultrach.com:8080",
            "server_url": "http://vip.ultrach.com:8080/c/",
            "macs": [
                "00:1A:79:42:49:96",
                "00:1A:79:43:C4:19",
                "00:1A:79:63:88:CE",
                "00:1A:79:90:74:14"
            ]
        },
        {
            "server_name": "rv.imax.re",
            "server_url": "http://rv.imax.re/c/",
            "macs": [
                "00:1A:79:05:50:45",
                "00:1A:79:07:57:FA",
                "00:1A:79:19:97:20",
                "00:1A:79:57:2B:E0"
            ]
        },
        {
            "server_name": "tvstar.live:8880",
            "server_url": "http://tvstar.live:8880/c/",
            "macs": [
                "00:1A:79:3D:F2:78"
            ]
        },
        {
            "server_name": "portal.geniptv.com:8080",
            "server_url": "http://portal.geniptv.com:8080/c/",
            "macs": [
                "00:1A:79:08:A3:C3",
                "00:1A:79:08:A3:C4",
                "00:1A:79:0D:1E:ED",
                "00:1A:79:02:3D:F9",
                "00:1A:79:02:3E:07",
                "00:1A:79:02:3E:08",
                "00:1A:79:02:3E:18",
                "00:1A:79:05:1F:8F",
                "00:1A:79:00:F6:BD",
                "00:1A:79:02:3E:66",
                "00:1A:79:02:3E:BC",
                "00:1A:79:06:B9:70"
            ]
        },
        {
            "server_name": "mediaiptv.tv:8080",
            "server_url": "http://mediaiptv.tv:8080/c/",
            "macs": [
                "00:1A:79:2E:37:E5",
                "00:1A:79:5D:19:3F"
            ]
        },
        {
            "server_name": "tv.iptvone.de:8080",
            "server_url": "http://tv.iptvone.de:8080/c/",
            "macs": [
                "00:1a:79:11:22:33"
            ]
        },
        {
            "server_name": "superonetv.ml:2095",
            "server_url": "http://superonetv.ml:2095/c/",
            "macs": [
                "00:1A:79:28:03:50",
                "00:1A:79:2B:A0:D3",
                "00:1A:79:2B:C9:53",
                "00:1A:79:2F:2F:C2",
                "00:1A:79:32:BE:5C"
            ]
        },
        {
            "server_name": "opro.webvps.de:25443",
            "server_url": "http://opro.webvps.de:25443/c/",
            "macs": [
                "00:1A:79:00:00:12",
                "00:1a:79:34:05:c7",
                "00:1A:79:38:11:97",
                "00:1a:79:49:db:81",
                "00:1A:79:54:3D:9D",
                "00:1a:79:54:fe:80",
                "00:1a:79:58:9d:0a",
                "00:1A:79:5E:E3:34",
                "00:1A:79:66:90:9C",
                "00:1A:79:6B:E2:0E"
            ]
        },
        {
            "server_name": "panels4u.com:8080",
            "server_url": "http://panels4u.com:8080/c/",
            "macs": [
                "00:1A:79:01:53:FF",
                "00:1A:79:01:8F:74",
                "00:1A:79:01:9E:3D",
                "00:1A:79:01:EA:5D",
                "00:1A:79:02:0E:11",
                "00:1A:79:02:14:82",
                "00:1A:79:02:21:A3",
                "00:1A:79:02:7F:E4",
                "00:1A:79:02:93:43",
                "00:1A:79:03:35:11",
                "00:1a:79:04:4b:63",
                "00:1A:79:05:50:2E",
                "00:1A:79:06:2E:84",
                "00:1A:79:09:6f:ae",
                "00:1A:79:0a:15:3e",
                "00:1A:79:0a:60:c6",
                "00:1A:79:0a:75:a1",
                "00:1A:79:0A:EF:22",
                "00:1A:79:1F:0F:2D",
                "00:1A:79:25:76:E6",
                "00:1A:79:25:78:E0",
                "00:1a:79:2a:d6:1e",
                "00:1a:79:2a:fd:f6",
                "00:1A:79:2B:09:FF",
                "00:1A:79:2b:1f:b4",
                "00:1A:79:2b:bd:fe",
                "00:1A:79:2C:57:39",
                "00:1A:79:2D:C4:18",
                "00:1A:79:2e:F3:C9",
                "00:1A:79:31:A9:EE"
            ]
        },
        {
            "server_name": "fortheselect.uk",
            "server_url": "http://fortheselect.uk/c/",
            "macs": [
                "00:1A:79:43:B4:4A",
                ">0:1a:79:45:B6:1D",
                "00:1A:79:4A:28:FF",
                "00:1a:79:4b:a1:da",
                "00:1A:79:A3:9E:64",
                "00:1A:79:A4:5E:52",
                "00:1A:79:A5:27:7B",
                "00:1A:79:A5:CC:4E",
                "00:1A:79:A6:02:9F",
                "00:1A:79:A6:42:14",
                "00:1A:79:A6:59:8B",
                "00:1A:79:A6:5A:1F",
                "00:1A:79:A8:1D:AA",
                "00:1a:79:a9:1f:ea",
                "00:1A:79:A9:E6:6B",
                "00:1A:79:A9:F6:58",
                "00:1a:79:AB:EC:2F",
                "00:1A:79:AD:77:56",
                "00:1A:79:AE:85:95",
                "00:1A:79:B0:3D:E3",
                "00:1a:79:B0:41:27",
                "00:1A:79:C6:61:4D",
                "00:1A:79:F1:B8:05"
            ]
        }
    ]
}