{
    "items": [
        {
            "server_name": "wolftv.me:8080",
            "server_url": "http://wolftv.me:8080/c/",
            "macs": [
                "00:1a:79:37:cc:ba"
            ]
        },
        {
            "server_name": "gaztv.net",
            "server_url": "http://gaztv.net/c/",
            "macs": [
                "00:1A:79:a6:bd:3f",
                "00:1A:79:ad:a9:18",
                "00:1A:79:a4:60:53",
                "00:1A:79:33:8f:70",
                "00:1A:79:af:55:2b",
                "00:1A:79:a6:67:5f",
                "00:1A:79:18:6f:6e",
                "00:1A:79:48:17:89",
                "00:1A:79:18:4f:6a",
                "00:1A:79:a2:85:9a",
                "00:1A:79:bb:d0:50",
                "00:1A:79:76:35:cf",
                "00:1A:79:b7:89:50",
                "00:1A:79:ae:27:63",
                "00:1A:79:ab:3a:1d",
                "00:1A:79:3d:1f:50",
                "00:1A:79:bd:13:fb",
                "00:1A:79:57:5d:b0",
                "00:1A:79:be:72:95",
                "00:1A:79:47:43:dc",
                "00:1A:79:53:9f:26",
                "00:1A:79:ab:6d:3f",
                "00:1A:79:be:9c:34",
                "00:1A:79:be:98:b6",
                "00:1A:79:53:9f:6a",
                "00:1A:79:bc:36:1c",
                "00:1A:79:c1:da:08",
                "00:1A:79:a7:b3:0f",
                "00:1A:79:53:8f:18",
                "00:1A:79:ad:5a:0d",
                "00:1A:79:6b:4f:01",
                "00:1A:79:a6:7c:6e",
                "00:1A:79:51:9c:82",
                "00:1A:79:06:2f:3c",
                "00:1A:79:bb:44:c1",
                "00:1A:79:bd:12:41",
                "00:1A:79:6e:15:1e",
                "00:1A:79:1d:08:58",
                "00:1A:79:62:43:21",
                "00:1A:79:ae:a6:0b",
                "00:1A:79:b0:3b:f0",
                "00:1A:79:ae:d5:3a",
                "00:1A:79:4d:5e:fd",
                "00:1A:79:69:51:50",
                "00:1A:79:b7:9c:51",
                "00:1A:79:ad:af:fa",
                "00:1A:79:2b:7f:11",
                "00:1A:79:ab:45:fa",
                "00:1A:79:6b:4f:5f",
                "00:1A:79:d1:3f:82",
                "00:1A:79:9e:db:10",
                "00:1A:79:ba:22:9d",
                "00:1A:79:2e:7f:c3",
                "00:1A:79:af:77:54",
                "00:1A:79:a3:8f:77",
                "00:1A:79:5e:8f:84"
            ]
        },
        {
            "server_name": "hdlocal.de:8080",
            "server_url": "http://hdlocal.de:8080/c/",
            "macs": [
                "00:1a:79:ef:f9:e3"
            ]
        },
        {
            "server_name": "ultra.4kexclusive.nl:4554",
            "server_url": "http://ultra.4kexclusive.nl:4554/c/",
            "macs": [
                "00:1A:79:09:28:5b"
            ]
        },
        {
            "server_name": "mainsee.sltv.shop:8080",
            "server_url": "http://mainsee.sltv.shop:8080/c/",
            "macs": [
                "00:1A:79:B5:C8:6B",
                "00:1A:79:C0:0C:CE",
                "00:1A:79:FB:23:4A",
                "00:1A:79:B7:9A:B8",
                "00:1A:79:60:53:DD",
                "00:1A:79:46:17:02",
                "00:1A:79:31:5E:D4",
                "00:1A:79:CE:15:5C",
                "00:1A:79:B2:0D:57",
                "00:1A:79:B5:C6:94",
                "00:1A:79:A4:94:08"
            ]
        },
        {
            "server_name": "tptv.cz",
            "server_url": "http://tptv.cz/c/",
            "macs": [
                "00:1a:79:60:c7:5a",
                "00:1a:79:74:ab:9c",
                "00:1a:79:a3:31:72",
                "00:1a:79:40:9c:d3",
                "00:1a:79:b7:7c:df",
                "00:1a:79:5a:1a:1d",
                "00:1a:79:a2:9b:9b"
            ]
        },
        {
            "server_name": "line.spainott.site",
            "server_url": "http://line.spainott.site/c/",
            "macs": [
                "00:1a:79:6d:ac:66",
                "00:1a:79:cd:3a:f5",
                "00:1a:79:57:02:36",
                "00:1a:79:67:c1:2b",
                "00:1a:79:28:64:b8",
                "00:1a:79:54:cc:81"
            ]
        },
        {
            "server_name": "mytv.fun:8080",
            "server_url": "http://mytv.fun:8080/c/",
            "macs": [
                "00:1a:79:1b:e1:9e",
                "00:1a:79:52:b7:61",
                "00:1a:79:3c:ac:59",
                "00:1a:79:55:05:26",
                "00:1a:79:45:a5:be"
            ]
        },
        {
            "server_name": "main.lstv.win:8080",
            "server_url": "http://main.lstv.win:8080/c/",
            "macs": [
                "00:1a:79:ae:07:d0",
                "00:1a:79:a6:7a:b8",
                "00:1a:79:a7:bc:95",
                "00:1a:79:a3:1a:3f",
                "00:1a:79:ae:12:24",
                "00:1a:79:aa:73:44",
                "00:1a:79:a0:e5:d1",
                "00:1a:79:a3:9c:05",
                "00:1a:79:ad:b0:cf",
                "00:1a:79:a9:bd:89",
                "00:1a:79:aa:da:09",
                "00:1a:79:a6:da:c9",
                "00:1a:79:ab:dc:c7",
                "00:1a:79:a5:97:78",
                "00:1a:79:ad:b1:33"
            ]
        },
        {
            "server_name": "semprea100.relaxy.vip:8000",
            "server_url": "http://semprea100.relaxy.vip:8000/c/",
            "macs": [
                "00:1a:79:ae:00:38",
                "00:1a:79:ac:19:e6",
                "00:1a:79:a2:fc:e6",
                "00:1a:79:ab:6a:8c",
                "00:1a:79:ab:f6:01",
                "00:1a:79:a5:5b:b7",
                "00:1a:79:a7:e1:e3",
                "00:1a:79:a6:db:5d",
                "00:1a:79:a1:61:4e",
                "00:1a:79:ab:48:41",
                "00:1a:79:a3:6a:1f",
                "00:1a:79:aa:0d:14",
                "00:1a:79:ab:b4:a9",
                "00:1a:79:a5:a4:c9",
                "00:1a:79:a4:94:44",
                "00:1a:79:aa:58:5e",
                "00:1a:79:aa:f5:c5",
                "00:1a:79:a8:60:9c",
                "00:1a:79:aa:58:39"
            ]
        },
        {
            "server_name": "138.199.51.177:25461",
            "server_url": "http://138.199.51.177:25461/c/",
            "macs": [
                "00:1a:79:53:2c:33",
                "00:1a:79:d6:1c:57",
                "00:1a:79:3b:d6:c7",
                "00:1a:79:f7:76:0d",
                "00:1a:79:b9:79:b5",
                "00:1a:79:52:37:8f"
            ]
        }
    ]
}