{
    "items": [
        {
            "server_name": "qualityoverquantity.site:8880",
            "server_url": "http://qualityoverquantity.site:8880/c/",
            "macs": [
                "00:1A:79:5b:00:4b",
                "00:1A:79:a4:52:34",
                "00:1A:79:21:51:c2",
                "00:1A:79:5a:d2:61",
                "00:1A:79:b7:18:50",
                "00:1A:79:2d:72:86",
                "00:1A:79:96:59:d1",
                "00:1A:79:1b:c0:66",
                "00:1A:79:3d:a7:b1",
                "00:1A:79:6b:ea:0c",
                "00:1A:79:43:1d:ba",
                "00:1A:79:f1:5f:e0",
                "00:1A:79:d2:7f:4c",
                "00:1A:79:49:61:05",
                "00:1A:79:5c:02:47",
                "00:1A:79:39:2d:ce",
                "00:1A:79:0b:1e:fb",
                "00:1A:79:f8:f8:5f",
                "00:1A:79:e5:4f:41",
                "00:1A:79:59:ce:30",
                "00:1A:79:69:d0:d5",
                "00:1A:79:59:d3:3b",
                "00:1A:79:54:53:68",
                "00:1A:79:36:db:b0",
                "00:1A:79:1f:94:51",
                "00:1A:79:32:9e:84",
                "00:1A:79:db:c4:ce",
                "00:1A:79:59:50:d1",
                "00:1A:79:96:b4:5f",
                "00:1A:79:ea:8f:96",
                "00:1A:79:5e:f0:0f",
                "00:1A:79:59:d1:eb",
                "00:1A:79:64:f1:76",
                "00:1A:79:2e:c2:10",
                "00:1A:79:9d:94:4a",
                "00:1A:79:5e:99:81",
                "00:1A:79:6e:f7:73",
                "00:1A:79:48:65:71",
                "00:1A:79:57:64:28",
                "00:1A:79:5a:ff:aa",
                "00:1A:79:06:93:37",
                "00:1A:79:5a:22:2a",
                "00:1A:79:e5:fb:c3",
                "00:1A:79:e7:44:ea",
                "00:1A:79:2d:de:dd",
                "00:1A:79:59:b3:dc",
                "00:1A:79:48:55:7a"
            ]
        },
        {
            "server_name": "yellow-star.info:8000",
            "server_url": "http://yellow-star.info:8000/c/",
            "macs": [
                "00:1a:79:2b:89:d7",
                "00:1a:79:5f:16:70",
                "00:1a:79:a7:7f:ac",
                "00:1a:79:27:0f:99",
                "00:1a:79:1b:e2:59",
                "00:1a:79:1d:21:f6",
                "00:1a:79:97:39:2c",
                "00:1a:79:47:9d:03",
                "00:1a:79:5c:cf:a8",
                "00:1a:79:74:fe:aa",
                "00:1a:79:50:73:f3",
                "00:1a:79:59:36:2d",
                "00:1a:79:37:b5:7e",
                "00:1a:79:6a:26:38",
                "00:1a:79:fc:12:d5",
                "00:1a:79:5f:0f:43",
                "00:1a:79:e0:01:6a",
                "00:1a:79:e9:ba:0b",
                "00:1a:79:4b:6b:c9",
                "00:1a:79:53:4c:c9",
                "00:1a:79:ab:42:05",
                "00:1a:79:01:33:3f",
                "00:1a:79:56:b4:c9",
                "00:1a:79:c1:2e:92",
                "00:1a:79:d9:f2:01",
                "00:1a:79:76:47:82",
                "00:1a:79:72:ac:34",
                "00:1a:79:b6:63:3e",
                "00:1a:79:47:a6:7b",
                "00:1a:79:4f:45:26",
                "00:1a:79:3d:8f:3e",
                "00:1a:79:70:0b:47",
                "00:1a:79:aa:f4:c3",
                "00:1a:79:50:be:b2",
                "00:1a:79:26:6d:c1",
                "00:1a:79:31:80:b9"
            ]
        },
        {
            "server_name": "zamservices.co.uk:2086",
            "server_url": "http://zamservices.co.uk:2086/c/",
            "macs": [
                "00:1A:79:a9:20:1b",
                "00:1A:79:79:3f:ff",
                "00:1A:79:1e:23:4a",
                "00:1A:79:d1:2e:5f",
                "00:1A:79:cf:64:9d",
                "00:1A:79:43:09:84",
                "00:1A:79:41:00:bd",
                "00:1A:79:ee:2d:5b",
                "00:1A:79:91:87:02",
                "00:1A:79:60:e6:f7",
                "00:1A:79:5e:50:d1",
                "00:1A:79:ce:97:8c",
                "00:1A:79:1d:50:3f",
                "00:1A:79:a3:b4:a4",
                "00:1A:79:ef:f8:15",
                "00:1A:79:84:1c:2d",
                "00:1A:79:8c:d3:55",
                "00:1A:79:0d:38:fa",
                "00:1A:79:67:a7:f9",
                "00:1A:79:34:55:b6",
                "00:1A:79:bc:41:f4",
                "00:1A:79:d1:2e:07",
                "00:1A:79:8f:c7:e3",
                "00:1A:79:0a:ca:43",
                "00:1A:79:42:d7:fb",
                "00:1A:79:91:15:aa",
                "00:1A:79:6c:a8:99",
                "00:1A:79:d1:2b:81",
                "00:1A:79:0b:00:36",
                "00:1A:79:0d:e8:db",
                "00:1A:79:4a:2b:7a",
                "00:1A:79:6d:09:50",
                "00:1A:79:06:c8:9c",
                "00:1A:79:6c:6c:a4",
                "00:1A:79:01:e3:73",
                "00:1A:79:56:bf:68",
                "00:1A:79:67:74:31",
                "00:1A:79:f3:e9:02",
                "00:1A:79:a6:cf:44",
                "00:1A:79:29:bc:92",
                "00:1A:79:9c:98:a9",
                "00:1A:79:9b:de:55"
            ]
        },
        {
            "server_name": "cd1.teknoip.xyz",
            "server_url": "http://cd1.teknoip.xyz/c/",
            "macs": [
                "00:1A:79:05:3F:8E",
                "00:1a:79:77:3a:ae",
                "00:1a:79:b9:cc:0d",
                "00:1a:79:bf:4f:11",
                "00:1a:79:bf:56:79",
                "00:1a:79:59:17:29",
                "00:1a:79:30:3b:2d"
            ]
        },
        {
            "server_name": "sultan-iptv.com:80",
            "server_url": "http://sultan-iptv.com:80/c/",
            "macs": [
                "00:1a:79:73:0d:6b",
                "00:1a:79:73:0d:8c",
                "00:1a:79:73:27:f4",
                "00:1a:79:73:27:f0",
                "00:1a:79:73:37:74",
                "00:1a:79:73:37:55",
                "00:1a:79:73:37:c3",
                "00:1a:79:73:0b:74",
                "00:1a:79:73:37:fa"
            ]
        },
        {
            "server_name": "120322.1222908.net:2086",
            "server_url": "http://120322.1222908.net:2086/c/",
            "macs": [
                "00:1A:79:01:02:03",
                "00:1A:79:B2:2F:85",
                "00:1A:79:33:6F:AB",
                "00:1A:79:3E:6F:63",
                "00:1A:79:AF:DF:37",
                "00:1A:79:37:83:FB",
                "00:1A:79:37:83:FB",
                "00:1A:79:39:45:80",
                "00:1A:79:60:7F:DA",
                "00:1A:79:B6:2A:00",
                "00:1A:79:5F:7F:57",
                "00:1A:79:53:5F:9D",
                "00:1A:79:60:2F:8B",
                "00:1A:79:70:D8:E5",
                "00:1A:79:46:92:F3",
                "00:1A:79:25:8E:DA",
                "00:1A:79:B4:88:66",
                "00:1A:79:5B:3F:B4",
                "00:1A:79:A8:2C:B4",
                "00:1A:79:33:5F:57",
                "00:1A:79:C1:16:6D",
                "00:1A:79:31:82:D8",
                "00:1A:79:2E:0F:55",
                "00:1A:79:35:8F:5D",
                "00:1A:79:42:E9:D5",
                "00:1A:79:3E:1F:DA",
                "00:1A:79:1A:5F:7B",
                "00:1A:79:5B:4F:E7",
                "00:1A:79:E1:43:49",
                "00:1A:79:5C:3F:BC",
                "00:1A:79:5E:5F:86",
                "00:1A:79:B3:50:04",
                "00:1A:79:B4:88:CB",
                "00:1A:79:A8:07:38",
                "00:1A:79:2E:2F:7E",
                "00:1A:79:F4:38:A4",
                "00:1A:79:B7:EE:03"
            ]
        },
        {
            "server_name": "yellow-star.info:8000",
            "server_url": "http://yellow-star.info:8000/c/",
            "macs": [
                "00:1a:79:2b:89:d7",
                "00:1a:79:5f:16:70",
                "00:1a:79:a7:7f:ac",
                "00:1a:79:27:0f:99",
                "00:1a:79:1b:e2:59",
                "00:1a:79:1d:21:f6",
                "00:1a:79:97:39:2c",
                "00:1a:79:47:9d:03",
                "00:1a:79:5c:cf:a8",
                "00:1a:79:74:fe:aa",
                "00:1a:79:c1:2e:92",
                "00:1a:79:d9:f2:01",
                "00:1a:79:76:47:82",
                "00:1a:79:72:ac:34",
                "00:1a:79:b6:63:3e",
                "00:1a:79:47:a6:7b",
                "00:1a:79:4f:45:26",
                "00:1a:79:3d:8f:3e",
                "00:1a:79:70:0b:47",
                "00:1a:79:aa:f4:c3",
                "00:1a:79:50:be:b2",
                "00:1a:79:26:6d:c1",
                "00:1a:79:50:73:f3",
                "00:1a:79:59:36:2d",
                "00:1a:79:37:b5:7e",
                "00:1a:79:6a:26:38",
                "00:1a:79:fc:12:d5",
                "00:1a:79:5f:0f:43",
                "00:1a:79:e0:01:6a",
                "00:1a:79:e9:ba:0b",
                "00:1a:79:4b:6b:c9",
                "00:1a:79:53:4c:c9",
                "00:1a:79:ab:42:05",
                "00:1a:79:01:33:3f",
                "00:1a:79:56:b4:c9",
                "00:1a:79:31:80:b9"
            ]
        },
        {
            "server_name": "zam.services.co.uk:2086",
            "server_url": "http://zam.services.co.uk:2086/c/",
            "macs": [
                "00:1A:79:a9:20:1b",
                "00:1A:79:79:3f:ff",
                "00:1A:79:1e:23:4a",
                "00:1A:79:d1:2e:5f",
                "00:1A:79:cf:64:9d",
                "00:1A:79:43:09:84",
                "00:1A:79:41:00:bd",
                "00:1A:79:ee:2d:5b",
                "00:1A:79:91:87:02",
                "00:1A:79:60:e6:f7",
                "00:1A:79:5e:50:d1",
                "00:1A:79:ce:97:8c",
                "00:1A:79:1d:50:3f",
                "00:1A:79:a3:b4:a4",
                "00:1A:79:ef:f8:15",
                "00:1A:79:84:1c:2d",
                "00:1A:79:8c:d3:55",
                "00:1A:79:0d:38:fa",
                "00:1A:79:67:a7:f9",
                "00:1A:79:34:55:b6",
                "00:1A:79:bc:41:f4",
                "00:1A:79:d1:2e:07",
                "00:1A:79:8f:c7:e3",
                "00:1A:79:0a:ca:43",
                "00:1A:79:42:d7:fb",
                "00:1A:79:91:15:aa",
                "00:1A:79:6c:a8:99",
                "00:1A:79:d1:2b:81",
                "00:1A:79:0b:00:36",
                "00:1A:79:0d:e8:db",
                "00:1A:79:4a:2b:7a",
                "00:1A:79:6d:09:50",
                "00:1A:79:06:c8:9c",
                "00:1A:79:6c:6c:a4",
                "00:1A:79:01:e3:73",
                "00:1A:79:56:bf:68",
                "00:1A:79:67:74:31",
                "00:1A:79:f3:e9:02",
                "00:1A:79:a6:cf:44",
                "00:1A:79:29:bc:92",
                "00:1A:79:9c:98:a9",
                "00:1A:79:9b:de:55"
            ]
        },
        {
            "server_name": "120322.1222908.net:2086",
            "server_url": "http://120322.1222908.net:2086/c/",
            "macs": [
                "00:1A:79:01:02:03",
                "00:1A:79:B2:2F:85",
                "00:1A:79:33:6F:AB",
                "00:1A:79:3E:6F:63",
                "00:1A:79:AF:DF:37",
                "00:1A:79:37:83:FB",
                "00:1A:79:37:83:FB",
                "00:1A:79:39:45:80",
                "00:1A:79:60:7F:DA",
                "00:1A:79:B6:2A:00",
                "00:1A:79:5F:7F:57",
                "00:1A:79:53:5F:9D",
                "00:1A:79:60:2F:8B",
                "00:1A:79:31:82:D8",
                "00:1A:79:2E:0F:55",
                "00:1A:79:35:8F:5D",
                "00:1A:79:42:E9:D5",
                "00:1A:79:3E:1F:DA",
                "00:1A:79:1A:5F:7B",
                "00:1A:79:5B:4F:E7",
                "00:1A:79:E1:43:49",
                "00:1A:79:5C:3F:BC",
                "00:1A:79:5E:5F:86",
                "00:1A:79:B3:50:04",
                "00:1A:79:B4:88:CB",
                "00:1A:79:70:D8:E5",
                "00:1A:79:46:92:F3",
                "00:1A:79:25:8E:DA",
                "00:1A:79:B4:88:66",
                "00:1A:79:5B:3F:B4",
                "00:1A:79:A8:2C:B4",
                "00:1A:79:33:5F:57",
                "00:1A:79:C1:16:6D",
                "00:1A:79:A8:07:38",
                "00:1A:79:2E:2F:7E",
                "00:1A:79:F4:38:A4",
                "00:1A:79:B7:EE:03"
            ]
        },
        {
            "server_name": "qualityoverquantity.site:8880",
            "server_url": "http://qualityoverquantity.site:8880/c/",
            "macs": [
                "00:1A:79:5b:00:4b",
                "00:1A:79:a4:52:34",
                "00:1A:79:21:51:c2",
                "00:1A:79:5a:d2:61",
                "00:1A:79:b7:18:50",
                "00:1A:79:2d:72:86",
                "00:1A:79:96:59:d1",
                "00:1A:79:1b:c0:66",
                "00:1A:79:3d:a7:b1",
                "00:1A:79:6b:ea:0c",
                "00:1A:79:43:1d:ba",
                "00:1A:79:f1:5f:e0",
                "00:1A:79:d2:7f:4c",
                "00:1A:79:69:d0:d5",
                "00:1A:79:59:d3:3b",
                "00:1A:79:54:53:68",
                "00:1A:79:36:db:b0",
                "00:1A:79:1f:94:51",
                "00:1A:79:32:9e:84",
                "00:1A:79:db:c4:ce",
                "00:1A:79:59:50:d1",
                "00:1A:79:96:b4:5f",
                "00:1A:79:ea:8f:96",
                "00:1A:79:5e:f0:0f",
                "00:1A:79:59:d1:eb",
                "00:1A:79:64:f1:76",
                "00:1A:79:2e:c2:10",
                "00:1A:79:9d:94:4a",
                "00:1A:79:5e:99:81",
                "00:1A:79:6e:f7:73",
                "00:1A:79:48:65:71",
                "00:1A:79:57:64:28",
                "00:1A:79:49:61:05",
                "00:1A:79:5c:02:47",
                "00:1A:79:39:2d:ce",
                "00:1A:79:0b:1e:fb",
                "00:1A:79:f8:f8:5f",
                "00:1A:79:e5:4f:41",
                "00:1A:79:59:ce:30",
                "00:1A:79:5a:ff:aa",
                "00:1A:79:06:93:37",
                "00:1A:79:5a:22:2a",
                "00:1A:79:e5:fb:c3",
                "00:1A:79:e7:44:ea",
                "00:1A:79:2d:de:dd",
                "00:1A:79:59:b3:dc",
                "00:1A:79:48:55:7a"
            ]
        }
    ]
}