{
    "items": [
        {
            "server_name": "zerocube.co:8000",
            "server_url": "http://zerocube.co:8000/c/",
            "macs": [
                "00:1A:79:00:44:34",
                "00:1A:79:45:57:45",
                "00:1A:79:06:45:de",
                "00:1A:79:a3:98:c9",
                "00:1A:79:a8:e4:d7",
                "00:1A:79:4d:f4:46"
            ]
        },
        {
            "server_name": "sansat.net:25461",
            "server_url": "http://sansat.net:25461/c/",
            "macs": [
                "00:1A:79:40:BF:AA",
                "00:1A:79:47:7D:37",
                "00:1A:79:47:91:2A",
                "00:1A:79:4D:E4:1C",
                "00:1A:79:4F:03:C1",
                "00:1A:79:4F:56:47",
                "00:1A:79:4F:4E:C9",
                "00:1A:79:5F:25:7A",
                "00:1A:79:A1:3A:39",
                "00:1A:79:AB:C2:BA",
                "00:1A:79:58:EA:69",
                "00:1A:79:69:CD:58",
                "00:1A:79:95:5D:1C",
                "00:1A:79:5A:4A:58",
                "00:1A:79:D6:4E:56",
                "00:1A:79:C7:9F:AE"
            ]
        },
        {
            "server_name": "tv.tvzon.tv",
            "server_url": "http://tv.tvzon.tv/stalker_portal/c/",
            "macs": [
                "00:1A:79:b4:c9:09",
                "00:1A:79:a9:03:7f",
                "00:1A:79:a2:c0:86",
                "00:1A:79:73:11:2f",
                "00:1A:79:62:19:88",
                "00:1A:79:47:69:ee",
                "00:1A:79:6b:9c:52",
                "00:1A:79:6c:34:b9",
                "00:1A:79:92:91:d7",
                "00:1A:79:53:91:88",
                "00:1A:79:d5:16:55",
                "00:1A:79:ae:53:25",
                "00:1A:79:b9:06:74",
                "00:1A:79:38:f8:22",
                "00:1A:79:00:00:01"
            ]
        },
        {
            "server_name": "mytvstream.net:8080",
            "server_url": "http://mytvstream.net:8080/c/",
            "macs": [
                "00:1A:79:c1:91:64",
                "00:1A:79:55:2d:02",
                "00:1A:79:ab:42:87",
                "00:1A:79:81:29:96",
                "00:1A:79:b0:17:07",
                "00:1A:79:48:ef:ee",
                "00:1A:79:a4:dd:08",
                "00:1A:79:88:d4:f0",
                "00:1A:79:c5:33:f2",
                "00:1A:79:77:1d:e2",
                "00:1A:79:56:b3:af",
                "00:1A:79:ad:c0:4c",
                "00:1A:79:56:de:f7",
                "00:1A:79:b8:f1:f2",
                "00:1A:79:6a:4f:a9",
                "00:1A:79:a2:5c:49",
                "00:1A:79:44:e4:d6",
                "00:1A:79:10:62:81",
                "00:1A:79:b0:08:f0"
            ]
        },
        {
            "server_name": "sm-newmedia.xyz:8080",
            "server_url": "http://sm-newmedia.xyz:8080/c/",
            "macs": [
                "00:1A:79:ca:54:ff",
                "00:1A:79:65:f3:e3",
                "00:1A:79:c3:27:75",
                "00:1A:79:9b:70:45",
                "00:1A:79:b7:c2:f4",
                "00:1A:79:ba:1e:e4",
                "00:1A:79:00:44:34"
            ]
        },
        {
            "server_name": "caspertv.live:25463",
            "server_url": "http://caspertv.live:25463/c/",
            "macs": [
                "00:1A:79:47:3c:aa",
                "00:1A:79:57:bc:00",
                "00:1A:79:a3:ae:d5",
                "00:1A:79:6b:5d:6f",
                "00:1A:79:ba:77:36",
                "00:1A:79:b2:33:3a",
                "00:1A:79:73:bf:7d"
            ]
        },
        {
            "server_name": "mandarina.freeddns.org:22334",
            "server_url": "http://mandarina.freeddns.org:22334/c/",
            "macs": [
                "00:1A:79:57:ff:67",
                "00:1A:79:26:b3:ad",
                "00:1A:79:2e:30:93",
                "00:1A:79:26:c2:f1",
                "00:1A:79:29:fb:f2",
                "00:1A:79:97:97:66",
                "00:1A:79:39:26:55",
                "00:1A:79:31:5e:69",
                "00:1A:79:4f:c6:da",
                "00:1A:79:2f:62:0a",
                "00:1A:79:26:c2:95",
                "00:1A:79:48:50:f3"
            ]
        },
        {
            "server_name": "zulu1778.server4you.net",
            "server_url": "http://zulu1778.server4you.net/stalker_portal/c/",
            "macs": [
                "00:1A:79:68:83:8c",
                "00:1A:79:e2:ea:cb",
                "00:1A:79:59:fa:57",
                "00:1A:79:6f:cc:bd",
                "00:1A:79:5e:ef:7e",
                "00:1A:79:49:47:01",
                "00:1A:79:5e:f6:3b",
                "00:1A:79:73:ea:ee",
                "00:1A:79:55:08:7a",
                "00:1A:79:72:13:70",
                "00:1A:79:59:9b:42",
                "00:1A:79:4a:59:02",
                "00:1A:79:5d:3a:d8",
                "00:1A:79:68:f8:45"
            ]
        },
        {
            "server_name": "planetospain.dyndns.tv:8080",
            "server_url": "http://planetospain.dyndns.tv:8080/c/",
            "macs": [
                "00:1A:79:b9:73:49",
                "00:1A:79:39:37:b6",
                "00:1A:79:be:0f:97",
                "00:1A:79:36:45:5c",
                "00:1A:79:5d:39:e0"
            ]
        },
        {
            "server_name": "samoprizren.live:2082",
            "server_url": "http://samoprizren.live:2082/c/",
            "macs": [
                "00:1A:79:62:96:30",
                "00:1A:79:68:f5:05",
                "00:1A:79:6f:3e:b0",
                "00:1A:79:74:dc:1c"
            ]
        },
        {
            "server_name": "minnie.tvweb.org:8080",
            "server_url": "http://minnie.tvweb.org:8080/c/",
            "macs": [
                "00:1A:79:4d:e5:c1",
                "00:1A:79:32:83:5a",
                "00:1A:79:b9:83:43",
                "00:1A:79:6a:a6:2f",
                "00:1A:79:56:f2:12",
                "00:1A:79:5f:c5:3c",
                "00:1A:79:96:7a:53",
                "00:1A:79:4f:bd:62",
                "00:1A:79:44:85:0e",
                "00:1A:79:4e:09:d6",
                "00:1A:79:2b:91:50",
                "00:1A:79:2b:8b:57",
                "00:1A:79:bd:6b:5a",
                "00:1A:79:a7:ad:7e",
                "00:1A:79:65:d4:46"
            ]
        },
        {
            "server_name": "line.4k-eu.com:80",
            "server_url": "http://line.4k-eu.com:80/c/",
            "macs": [
                "00:1A:79:aa:d2:92",
                "00:1A:79:6f:f3:6b",
                "00:1A:79:36:fd:22",
                "00:1A:79:ad:86:db",
                "00:1A:79:6f:0f:54",
                "00:1A:79:73:be:02",
                "00:1A:79:b3:11:98",
                "00:1A:79:5e:b7:05"
            ]
        },
        {
            "server_name": "p1.iptvprivateserver.tv",
            "server_url": "http://p1.iptvprivateserver.tv/c/",
            "macs": [
                "00:1A:79:2D:84:10"
            ]
        },
        {
            "server_name": "alblive.org",
            "server_url": "http://alblive.org/c/",
            "macs": [
                "00:1A:79:34:02:BB"
            ]
        },
        {
            "server_name": "iptv.gptv.xyz",
            "server_url": "http://iptv.gptv.xyz/c/",
            "macs": [
                "00:1A:79:12:2C:CC"
            ]
        },
        {
            "server_name": "x4ever.eu:8000",
            "server_url": "http://x4ever.eu:8000/c/",
            "macs": [
                "00:1A:79:38:1D:D9"
            ]
        },
        {
            "server_name": "p4.giffy.be:8080",
            "server_url": "http://p4.giffy.be:8080/c/",
            "macs": [
                "00:1A:79:64:4F:AE"
            ]
        },
        {
            "server_name": "mymag.tv:8080",
            "server_url": "http://mymag.tv:8080/c/",
            "macs": [
                "00:1A:79:4C:83:45",
                "00:1A:79:31:bf:ba",
                "00:1A:79:31:bf:ba",
                "00:1a:79:98:c5:7d",
                "00:1a:79:ab:5f:60",
                "00:1A:79:40:CF:5E",
                "00:1A:79:40:D1:2C",
                "00:1a:79:40:47:a8",
                "00:1A:79:02:50:99",
                "00:1A:79:4C:83:45",
                "00:1A:79:16:cc:d0",
                "00:1A:79:31:bf:ba",
                "00:1A:79:50:04:B3",
                "00:1A:79:16:cc:d0",
                "00:1A:79:31:bf:ba",
                "00:1A:79:16:cc:d0",
                "00:1A:79:50:04:B3"
            ]
        },
        {
            "server_name": "in.lionboxiptv.nl",
            "server_url": "http://in.lionboxiptv.nl/c/",
            "macs": [
                "00:1A:79:ae:a9:7f",
                "00:1A:79:f6:55:3a",
                "00:1A:79:be:91:ad",
                "00:1A:79:19:44:5f",
                "00:1A:79:53:c8:0c",
                "00:1A:79:31:87:e5",
                "00:1A:79:bb:51:fd",
                "00:1A:79:be:9d:e3",
                "00:1A:79:ac:7f:23",
                "00:1A:79:a2:6f:1d",
                "00:1A:79:a5:96:82",
                "00:1A:79:ab:cd:7b",
                "00:1A:79:bb:4b:59",
                "00:1A:79:5d:00:ef",
                "00:1A:79:03:13:d5",
                "00:1A:79:56:b9:25",
                "00:1A:79:2b:c0:69",
                "00:1A:79:31:7e:b2",
                "00:1A:79:b4:2f:74",
                "00:1A:79:8f:f9:3f",
                "00:1A:79:ab:1a:05",
                "00:1A:79:c8:7f:19",
                "00:1A:79:ba:09:58",
                "00:1A:79:b9:be:cc",
                "00:1A:79:b2:12:31",
                "00:1A:79:b7:86:88",
                "00:1A:79:be:9d:e3",
                "00:1A:79:a2:c9:fb",
                "00:1A:79:a6:7c:50",
                "00:1A:79:a9:e2:c6",
                "00:1A:79:b0:e7:51"
            ]
        },
        {
            "server_name": "89.41.179.17:25461",
            "server_url": "http://89.41.179.17:25461/c/",
            "macs": [
                "00:1A:79:cf:67:89",
                "00:1A:79:5c:a9:36",
                "00:1A:79:5c:44:33",
                "00:1A:79:43:69:4c",
                "00:1A:79:ff:af:5d",
                "00:1A:79:65:72:9f"
            ]
        },
        {
            "server_name": "sm12.sunmoney.net",
            "server_url": "http://sm12.sunmoney.net/stalker_portal/c/",
            "macs": [
                "00:1A:79:58:75:a7",
                "00:1A:79:4b:b0:96",
                "00:1A:79:6e:7b:c2",
                "00:1A:79:49:13:04",
                "00:1A:79:fc:54:88",
                "00:1A:79:76:86:4e",
                "00:1A:79:49:1f:76",
                "00:1A:79:47:10:b4",
                "00:1A:79:5e:ed:48",
                "00:1A:79:5b:d8:e7",
                "00:1A:79:ab:fc:99",
                "00:1A:79:5d:ee:ff",
                "00:1A:79:4f:aa:9f",
                "00:1A:79:6d:f1:30",
                "00:1A:79:5f:60:2d",
                "00:1A:79:31:64:61",
                "00:1A:79:5c:03:f0",
                "00:1A:79:5a:0d:d9",
                "00:1A:79:68:14:0c",
                "00:1A:79:68:fe:7e"
            ]
        }
    ]
}