{
    "items": [
        {
            "server_name": "ww.sporiptv.ml:8080",
            "server_url": "http://ww.sporiptv.ml:8080/c/",
            "macs": [
                "00:1a:79:a6:6d:17",
                "00:1a:79:a2:fa:15",
                "00:1a:79:a7:9f:1c",
                "00:1a:79:a1:a0:4d",
                "00:1a:79:ad:79:fc",
                "00:1a:79:ac:de:5f",
                "00:1a:79:ad:98:9b",
                "00:1a:79:a2:f7:64",
                "00:1a:79:a1:99:3d",
                "00:1a:79:a2:6c:f6",
                "00:1a:79:ab:8c:87",
                "00:1a:79:a3:a0:5e",
                "00:1a:79:a4:4f:de",
                "00:1a:79:ae:87:78",
                "00:1a:79:ad:f4:93",
                "00:1a:79:ac:24:fb",
                "00:1a:79:a5:0a:f1",
                "00:1a:79:a1:ad:10",
                "00:1a:79:ab:9a:e7",
                "00:1a:79:a7:d5:9d",
                "00:1a:79:a0:00:be",
                "00:1a:79:a7:a4:62",
                "00:1a:79:aa:6b:41",
                "00:1a:79:ab:5c:7e",
                "00:1a:79:a1:ab:0a",
                "00:1a:79:a6:85:fa",
                "00:1a:79:a5:0c:21",
                "00:1a:79:aa:09:b1",
                "00:1a:79:a2:ca:dc",
                "00:1a:79:a2:fe:86",
                "00:1a:79:a7:48:0a",
                "00:1a:79:a2:d0:76",
                "00:1a:79:a1:5b:ea",
                "00:1a:79:ad:93:63",
                "00:1a:79:ae:2a:7d",
                "00:1a:79:a2:f2:07"
            ]
        },
        {
            "server_name": "main2.crystalott.net",
            "server_url": "http://main2.crystalott.net/c/",
            "macs": [
                "00:1a:79:05:f6:56",
                "00:1a:79:7c:cc:e1",
                "00:1a:79:c1:52:44",
                "00:1a:79:9d:38:38"
            ]
        },
        {
            "server_name": "xtream2.subtv.biz",
            "server_url": "http://xtream2.subtv.biz/c/",
            "macs": [
                "00:1A:79:08:56:44",
                "00:1A:79:05:0E:5C"
            ]
        },
        {
            "server_name": "techmediasolutions.xyz",
            "server_url": "http://techmediasolutions.xyz/c/",
            "macs": [
                "00:1A:79:A8:29:4A",
                "00:1A:79:A8:34:43"
            ]
        },
        {
            "server_name": "jarodtv62000.com:8000",
            "server_url": "http://jarodtv62000.com:8000/c/",
            "macs": [
                "00:1A:79:A8:A3:75"
            ]
        },
        {
            "server_name": "antoniocup.ddns.net:80",
            "server_url": "http://antoniocup.ddns.net:80/c/",
            "macs": [
                "00:1A:79:3F:0D:20"
            ]
        },
        {
            "server_name": "showflix.org:5890",
            "server_url": "http://showflix.org:5890/c/",
            "macs": [
                "00:1a:79:e2:8b:62",
                "00:1a:79:b7:2d:77"
            ]
        },
        {
            "server_name": "netseeny.maxhd.vip:8000",
            "server_url": "http://netseeny.maxhd.vip:8000/c/",
            "macs": [
                "00:1A:79:C9:59:AD"
            ]
        },
        {
            "server_name": "letmein.fun:8080",
            "server_url": "http://letmein.fun:8080/c/",
            "macs": [
                "00:1A:79:b9:c0:fb",
                "00:1A:79:76:54:57",
                "00:1A:79:aa:89:43",
                "00:1A:79:59:52:db",
                "00:1A:79:dd:27:71",
                "00:1A:79:50:bf:82",
                "00:1A:79:b5:04:13",
                "00:1A:79:41:0b:18",
                "00:1A:79:b7:68:dc",
                "00:1A:79:46:ba:de",
                "00:1A:79:d4:5f:eb",
                "00:1A:79:50:34:fa",
                "00:1A:79:38:33:ac",
                "00:1A:79:aa:76:ed",
                "00:1A:79:5f:93:e1",
                "00:1A:79:4e:ef:0c",
                "00:1A:79:b5:2c:7a",
                "00:1A:79:a7:a8:8a",
                "00:1A:79:d4:26:36",
                "00:1A:79:bd:52:e0",
                "00:1A:79:ad:3b:7e",
                "00:1A:79:4f:0a:4f",
                "00:1A:79:a9:f2:65",
                "00:1A:79:a9:c1:80",
                "00:1A:79:19:09:58",
                "00:1A:79:47:08:02",
                "00:1A:79:56:bb:53",
                "00:1A:79:5e:0c:b4",
                "00:1A:79:ad:85:f3",
                "00:1A:79:b0:3f:3b",
                "00:1A:79:71:1a:58",
                "00:1A:79:ae:bb:12",
                "00:1A:79:b4:18:f1",
                "00:1A:79:ae:b6:26",
                "00:1A:79:bd:0e:8b",
                "00:1A:79:ae:a8:04",
                "00:1A:79:bd:46:a6",
                "00:1A:79:5e:8f:58",
                "00:1A:79:82:15:cf",
                "00:1A:79:21:1f:91",
                "00:1A:79:b2:2b:b4",
                "00:1A:79:d0:07:a4",
                "00:1A:79:d7:2b:e0",
                "00:1A:79:bf:b0:c7",
                "00:1A:79:3a:07:cc",
                "00:1A:79:3a:4f:77",
                "00:1A:79:aa:de:34",
                "00:1A:79:a0:e6:71",
                "00:1A:79:e0:5f:a2",
                "00:1A:79:ba:59:14",
                "00:1A:79:76:24:a5",
                "00:1A:79:07:5f:4e",
                "00:1A:79:4f:ac:bc",
                "00:1A:79:ae:77:02",
                "00:1A:79:19:38:27",
                "00:1A:79:b1:fe:87",
                "00:1A:79:ad:a5:e7",
                "00:1A:79:49:2d:9e",
                "00:1A:79:a2:e7:94",
                "00:1A:79:bf:f2:63",
                "00:1A:79:aa:83:94",
                "00:1A:79:b4:45:92",
                "00:1A:79:6d:c5:b4",
                "00:1A:79:4a:48:5b",
                "00:1A:79:4c:a6:9f",
                "00:1A:79:01:e0:e4",
                "00:1A:79:5d:fd:ca",
                "00:1A:79:a6:6e:a9",
                "00:1A:79:63:56:a9",
                "00:1A:79:ad:f2:91",
                "00:1A:79:54:d4:17",
                "00:1A:79:ae:4b:1b",
                "00:1A:79:a6:82:06",
                "00:1A:79:67:94:10",
                "00:1A:79:bf:c3:06",
                "00:1A:79:c3:1b:97",
                "00:1A:79:b9:8a:fd",
                "00:1A:79:a9:2f:b9"
            ]
        },
        {
            "server_name": "maisdois.xyz",
            "server_url": "http://maisdois.xyz/c/",
            "macs": [
                "00:1a:79:c8:05:0d",
                "00:1a:79:50:ad:e1",
                "00:1a:79:40:45:ef",
                "00:1a:79:ea:0d:3d",
                "00:1a:79:52:8f:d5",
                "00:1a:79:bc:26:6f",
                "00:1a:79:bc:18:b2",
                "00:1a:79:bd:19:3f",
                "00:1a:79:c1:aa:eb"
            ]
        }
    ]
}