{
    "items": [
        {
            "server_name": "fans4me.com:8080",
            "server_url": "http://fans4me.com:8080/c/",
            "macs": [
                "00:1a:79:44:fe:6a",
                "00:1a:79:a5:e6:ef",
                "00:1a:79:35:f8:df",
                "00:1a:79:5f:20:d2",
                "00:1a:79:b0:e1:61",
                "00:1a:79:4f:c7:ee",
                "00:1a:79:8c:58:73",
                "00:1a:79:20:9f:e2",
                "00:1a:79:ac:ca:aa",
                "00:1a:79:20:6f:a3",
                "00:1a:79:2c:67:86",
                "00:1a:79:ad:5f:ba",
                "00:1a:79:b0:ba:40",
                "00:1a:79:bd:47:1e",
                "00:1a:79:50:25:bd",
                "00:1a:79:a4:5c:3c",
                "00:1a:79:a7:88:50",
                "00:1a:79:42:90:51",
                "00:1a:79:b7:92:fc",
                "00:1a:79:ad:ec:8e",
                "00:1a:79:ab:bc:3b",
                "00:1a:79:1d:0e:87",
                "00:1a:79:a2:0b:f4",
                "00:1a:79:a9:2e:e7",
                "00:1a:79:c0:05:27",
                "00:1a:79:ad:e8:b5",
                "00:1a:79:5e:83:b6",
                "00:1a:79:1d:38:56",
                "00:1a:79:bf:25:78",
                "00:1a:79:b7:3f:42"
            ]
        },
        {
            "server_name": "smartgo.site:8080",
            "server_url": "http://smartgo.site:8080/c/",
            "macs": [
                "00:1a:79:a9:fa:9e"
            ]
        },
        {
            "server_name": "p1.iptvprivateserver.tv",
            "server_url": "http://p1.iptvprivateserver.tv/c/",
            "macs": [
                "00:1a:79:f3:1f:b2",
                "00:1a:79:57:cf:99",
                "00:1a:79:2d:5f:3e",
                "00:1a:79:e8:18:0d",
                "00:1a:79:48:d6:85",
                "00:1a:79:d5:56:d0",
                "00:1a:79:b8:0f:9b",
                "00:1a:79:56:49:02",
                "00:1a:79:31:37:6d",
                "00:1a:79:38:f5:2e",
                "00:1a:79:33:1f:6a",
                "00:1a:79:b4:6e:39",
                "00:1a:79:5a:55:e3",
                "00:1a:79:a4:bf:86",
                "00:1a:79:4b:46:f7",
                "00:1a:79:cb:11:0b",
                "00:1a:79:38:eb:a2"
            ]
        },
        {
            "server_name": "1tv1.net:8080",
            "server_url": "http://1tv1.net:8080/c/",
            "macs": [
                "00:1a:79:39:02:5e"
            ]
        },
        {
            "server_name": "host.xtream.host.top",
            "server_url": "http://host.xtream.host.top/c/",
            "macs": [
                "00:1a:79:76:29:e8",
                "00:1a:79:69:5f:1b",
                "00:1a:79:6d:61:51",
                "00:1a:79:6e:1d:bd",
                "00:1a:79:46:34:4c",
                "00:1a:79:52:3a:c9",
                "00:1a:79:40:d7:ca",
                "00:1a:79:5d:8b:5c",
                "00:1a:79:b0:bb:0a",
                "00:1a:79:58:0b:f3",
                "00:1a:79:6a:a2:2d",
                "00:1a:79:53:c1:6c",
                "00:1a:79:46:6e:f6"
            ]
        },
        {
            "server_name": "mag.diam.ondma.club",
            "server_url": "http://mag.diam.ondma.club/c/",
            "macs": [
                "00:1a:79:19:6f:21",
                "00:1a:79:a2:c1:2a",
                "00:1a:79:c1:72:aa",
                "00:1a:79:20:9f:6b",
                "00:1a:79:cb:de:07",
                "00:1a:79:c0:3f:ae",
                "00:1a:79:b5:aa:55",
                "00:1a:79:00:01:05",
                "00:1a:79:41:e5:fc",
                "00:1a:79:1c:11:e9",
                "00:1a:79:b2:08:49",
                "00:1a:79:3d:97:d7",
                "00:1a:79:1e:0b:15",
                "00:1a:79:3d:21:3f",
                "00:1a:79:20:8f:c6",
                "00:1a:79:19:6f:4c"
            ]
        },
        {
            "server_name": "spectretv.com",
            "server_url": "http://spectretv.com/c/",
            "macs": [
                "00:1a:79:b1:91:f9",
                "00:1a:79:48:52:b1",
                "00:1a:79:b5:78:8c"
            ]
        },
        {
            "server_name": "in.lionboxiptv.nl",
            "server_url": "http://in.lionboxiptv.nl/c/",
            "macs": [
                "00:1a:79:85:db:39",
                "00:1a:79:ab:c8:62",
                "00:1a:79:a6:ee:93"
            ]
        },
        {
            "server_name": "ultra-box.club",
            "server_url": "http://ultra-box.club/c/",
            "macs": [
                "00:1a:79:a3:6b:ab",
                "00:1a:79:73:7d:04",
                "00:1a:79:49:16:ed",
                "00:1a:79:b7:74:d8",
                "00:1a:79:b7:58:96",
                "00:1a:79:b7:6e:f8",
                "00:1a:79:6d:7e:9b",
                "00:1a:79:28:b7:f2",
                "00:1a:79:ab:02:89",
                "00:1a:79:4c:d3:01",
                "00:1a:79:f6:4b:8a",
                "00:1a:79:53:fe:1e",
                "00:1a:79:8f:60:02",
                "00:1a:79:c3:f0:c7",
                "00:1a:79:7e:1f:7b",
                "00:1a:79:32:6e:03"
            ]
        },
        {
            "server_name": "p1.iptvrocket.tv:80",
            "server_url": "http://p1.iptvrocket.tv:80/c/",
            "macs": [
                "00:1a:79:2b:f7:2a",
                "00:1a:79:60:3d:df",
                "00:1a:79:6d:50:46",
                "00:1a:79:11:04:21",
                "00:1a:79:38:da:f1",
                "00:1a:79:bb:63:57",
                "00:1a:79:45:d1:18"
            ]
        },
        {
            "server_name": "hdhd.tk:80",
            "server_url": "http://hdhd.tk:80/c/",
            "macs": [
                "00:1a:79:24:f5:bc",
                "00:1a:79:55:1d:ac"
            ]
        },
        {
            "server_name": "vpro.millenium-ott.com:25443",
            "server_url": "http://vpro.millenium-ott.com:25443/c/",
            "macs": [
                "00:1a:79:70:d6:d0"
            ]
        },
        {
            "server_name": "bestplay.tv:8080",
            "server_url": "http://bestplay.tv:8080/c/",
            "macs": [
                "00:1a:79:6b:b1:0d",
                "00:1a:79:ae:87:85"
            ]
        },
        {
            "server_name": "178.132.78.40:8080",
            "server_url": "http://178.132.78.40:8080/c/",
            "macs": [
                "00:1a:79:b0:63:88",
                "00:1a:79:aa:ad:d0",
                "00:1a:79:60:0e:ee"
            ]
        },
        {
            "server_name": "x4ever.eu:8000",
            "server_url": "http://x4ever.eu:8000/c/",
            "macs": [
                "00:1a:79:53:74:b3",
                "00:1a:79:53:5e:87",
                "00:1a:79:63:96:a5",
                "00:1a:79:41:cb:84",
                "00:1a:79:53:5e:56"
            ]
        },
        {
            "server_name": "portal.spacepanel.live:8080",
            "server_url": "http://portal.spacepanel.live:8080/c/",
            "macs": [
                "00:1a:79:a6:73:78",
                "00:1a:79:b0:20:3c",
                "00:1a:79:af:6d:8d",
                "00:1a:79:f8:d2:f8",
                "00:1a:79:2c:60:8c",
                "00:1a:79:4b:b5:c9",
                "00:1a:79:b7:14:83",
                "00:1a:79:b5:b2:d0",
                "00:1a:79:4a:f3:6b",
                "00:1a:79:b4:47:c4",
                "00:1a:79:bf:1f:35",
                "00:1a:79:04:56:58",
                "00:1a:79:38:21:80",
                "00:1a:79:b4:e7:c3",
                "00:1a:79:b5:a9:23",
                "00:1a:79:a5:ab:ea",
                "00:1a:79:a9:c7:db",
                "00:1a:79:b2:0e:43",
                "00:1a:79:62:34:bf",
                "00:1a:79:a5:db:31",
                "00:1a:79:e9:3a:15",
                "00:1a:79:74:af:37"
            ]
        },
        {
            "server_name": "powerip.be:8000",
            "server_url": "http://powerip.be:8000/c/",
            "macs": [
                "00:1a:79:57:a5:09",
                "00:1a:79:b5:21:0f",
                "00:1a:79:a6:52:0e",
                "00:1a:79:45:f5:4f",
                "00:1a:79:54:f8:bd",
                "00:1a:79:a1:ca:1b",
                "00:1a:79:ae:6f:b4",
                "00:1a:79:25:8b:c2",
                "00:1a:79:55:76:a9",
                "00:1a:79:e9:79:4f",
                "00:1a:79:ae:90:26",
                "00:1a:79:0c:00:69",
                "00:1a:79:3f:4f:d6",
                "00:1a:79:bf:be:ec",
                "00:1a:79:a5:d2:b9",
                "00:1a:79:ac:d5:9c",
                "00:1a:79:ae:53:68",
                "00:1a:79:5f:18:06",
                "00:1a:79:b9:09:2d",
                "00:1a:79:2a:d3:15",
                "00:1a:79:b4:e6:57",
                "00:1a:79:ab:58:d4",
                "00:1a:79:ba:a3:e7",
                "00:1a:79:8c:1a:c2",
                "00:1a:79:ad:10:ec",
                "00:1a:79:8c:7b:fe",
                "00:1a:79:2c:8f:34",
                "00:1a:79:90:32:56",
                "00:1a:79:18:05:21",
                "00:1a:79:71:eb:7a",
                "00:1a:79:a1:ac:bb",
                "00:1a:79:0d:39:b8",
                "00:1a:79:63:be:54",
                "00:1a:79:c6:2f:ec",
                "00:1a:79:d8:8e:17",
                "00:1a:79:3f:bb:e6",
                "00:1a:79:ac:c5:1e",
                "00:1a:79:75:4c:64",
                "00:1a:79:15:78:98",
                "00:1a:79:b1:6c:5b",
                "00:1a:79:ba:6a:75",
                "00:1a:79:46:65:35",
                "00:1a:79:3f:05:99",
                "00:1a:79:85:df:fa",
                "00:1a:79:f1:21:97",
                "00:1a:79:b0:c0:c9",
                "00:1a:79:13:02:c6",
                "00:1a:79:71:6b:f2"
            ]
        },
        {
            "server_name": "iptveuro7.club",
            "server_url": "http://iptveuro7.club/c/",
            "macs": [
                "00:1a:79:a6:dc:28",
                "00:1a:79:6c:5a:53",
                "00:1a:79:bc:f2:53",
                "00:1a:79:16:be:57",
                "00:1a:79:75:1c:88",
                "00:1a:79:5d:7f:d6",
                "00:1a:79:f0:5a:5e",
                "00:1a:79:5e:f2:fd",
                "00:1a:79:4d:fb:90",
                "00:1a:79:b5:1a:16",
                "00:1a:79:80:51:af",
                "00:1a:79:ba:35:55",
                "00:1a:79:a6:06:13",
                "00:1a:79:51:e3:43",
                "00:1a:79:8d:6b:2e",
                "00:1a:79:e7:7e:41",
                "00:1a:79:6d:8d:bb",
                "00:1a:79:28:30:3f",
                "00:1a:79:54:4c:49",
                "00:1a:79:45:1a:9f",
                "00:1a:79:b9:e7:7d",
                "00:1a:79:58:5f:4c",
                "00:1a:79:b7:72:be",
                "00:1a:79:63:ae:20",
                "00:1a:79:51:45:a3"
            ]
        },
        {
            "server_name": "albanica.online:1557",
            "server_url": "http://albanica.online:1557/c/",
            "macs": [
                "00:1a:79:9d:be:d9",
                "00:1a:79:54:fa:f3",
                "00:1a:79:97:3e:ef"
            ]
        },
        {
            "server_name": "live.lynxiptv.xyz",
            "server_url": "http://live.lynxiptv.xyz/c/",
            "macs": [
                "00:1a:79:52:02:68",
                "00:1a:79:08:3d:1b",
                "00:1a:79:a5:60:c6",
                "00:1a:79:a9:79:94"
            ]
        },
        {
            "server_name": "ds20.cc",
            "server_url": "http://ds20.cc/c/",
            "macs": [
                "00:1a:79:42:2d:92"
            ]
        },
        {
            "server_name": "watch.4kbest.com",
            "server_url": "http://watch.4kbest.com/c/",
            "macs": [
                "00:1a:79:e0:03:58",
                "00:1a:79:bd:68:45",
                "00:1a:79:71:fd:b3"
            ]
        },
        {
            "server_name": "premium-x.net:6453",
            "server_url": "http://premium-x.net:6453/c/",
            "macs": [
                "00:1a:79:42:d6:8c",
                "00:1a:79:55:85:14"
            ]
        },
        {
            "server_name": "yooooobin.space",
            "server_url": "http://yooooobin.space/c/",
            "macs": [
                "00:1a:79:df:c9:5a",
                "00:1a:79:c0:13:e3"
            ]
        },
        {
            "server_name": "seilanada.top",
            "server_url": "http://seilanada.top/c/",
            "macs": [
                "00:1a:79:a6:e2:ae",
                "00:1a:79:a7:da:e6",
                "00:1a:79:2a:ad:d0",
                "00:1a:79:a4:45:9b",
                "00:1a:79:bd:7b:20",
                "00:1a:79:a9:30:0e",
                "00:1a:79:ad:46:e2",
                "00:1a:79:4e:a0:c2",
                "00:1a:79:a1:5c:06",
                "00:1a:79:5e:28:cc",
                "00:1a:79:b9:0a:2b",
                "00:1a:79:ad:98:99",
                "00:1a:79:bd:2e:6d",
                "00:1a:79:19:02:78"
            ]
        },
        {
            "server_name": "ipc.proipciptv.com:8000",
            "server_url": "http://ipc.proipciptv.com:8000/c/",
            "macs": [
                "00:1a:79:c6:09:b3",
                "00:1a:79:2a:39:be",
                "00:1a:79:1c:52:09",
                "00:1a:79:b1:41:23"
            ]
        },
        {
            "server_name": "m.e27948.com",
            "server_url": "http://m.e27948.com/c/",
            "macs": [
                "00:1a:79:58:8d:6e",
                "00:1a:79:45:2f:2e",
                "00:1a:79:f6:45:0a",
                "00:1a:79:51:73:d7",
                "00:1a:79:bc:30:a9",
                "00:1a:79:48:5d:14",
                "00:1a:79:b3:9f:c2",
                "00:1a:79:60:f2:fb"
            ]
        },
        {
            "server_name": "dj.webhop.org:8080",
            "server_url": "http://dj.webhop.org:8080/c/",
            "macs": [
                "00:1a:79:21:0d:8f",
                "00:1a:79:4c:ac:30",
                "00:1a:79:6c:d7:46",
                "00:1a:79:be:13:0d",
                "00:1a:79:68:c3:71"
            ]
        },
        {
            "server_name": "nitrotv.biz:25750",
            "server_url": "http://nitrotv.biz:25750/c/",
            "macs": [
                "00:1a:79:ab:a3:92",
                "00:1a:79:bb:c4:84"
            ]
        },
        {
            "server_name": "167.172.182.100:999",
            "server_url": "http://167.172.182.100:999/c/",
            "macs": [
                "00:1a:79:6d:ba:92",
                "00:1a:79:6e:31:a2",
                "00:1a:79:71:59:56",
                "00:1a:79:b5:1a:c0",
                "00:1a:79:6b:0a:2d",
                "00:1a:79:b1:f7:28",
                "00:1a:79:5e:82:5a",
                "00:1a:79:56:a7:8b"
            ]
        },
        {
            "server_name": "swissiptv.us:8080",
            "server_url": "http://swissiptv.us:8080/c/",
            "macs": [
                "00:1a:79:32:64:94",
                "00:1a:79:bc:5a:57",
                "00:1a:79:a6:70:e6",
                "00:1a:79:b4:94:09",
                "00:1a:79:c2:92:64",
                "00:1a:79:94:53:77",
                "00:1a:79:e3:cc:fe",
                "00:1a:79:61:a7:a1",
                "00:1a:79:c9:0f:dc",
                "00:1a:79:b0:c3:e8",
                "00:1a:79:2f:8a:2f",
                "00:1a:79:9c:2c:03",
                "00:1a:79:af:7e:6e",
                "00:1a:79:b0:db:83",
                "00:1a:79:40:9e:42",
                "00:1a:79:67:8c:c8",
                "00:1a:79:ba:38:2f",
                "00:1a:79:36:94:fa",
                "00:1a:79:c0:91:dd",
                "00:1a:79:ba:3c:46"
            ]
        },
        {
            "server_name": "predator-ott.com:8000",
            "server_url": "http://predator-ott.com:8000/c/",
            "macs": [
                "00:1a:79:00:45:97",
                "00:1a:79:81:a9:44",
                "00:1a:79:0a:b3:d5"
            ]
        },
        {
            "server_name": "yellow-star.info:8000",
            "server_url": "http://yellow-star.info:8000/c/",
            "macs": [
                "00:1a:79:71:f9:e2",
                "00:1a:79:83:a2:bf",
                "00:1a:79:4c:89:d9",
                "00:1a:79:1d:52:91",
                "00:1a:79:3f:32:a9",
                "00:1a:79:f0:2f:cf",
                "00:1a:79:60:5e:29",
                "00:1a:79:26:69:ab",
                "00:1a:79:a9:4a:47",
                "00:1a:79:41:e9:0c",
                "00:1a:79:2c:d4:dd",
                "00:1a:79:ae:58:fc",
                "00:1a:79:6a:24:0c",
                "00:1a:79:e9:cc:99",
                "00:1a:79:d0:9f:e6",
                "00:1a:79:45:d3:5d",
                "00:1a:79:03:1f:0d",
                "00:1a:79:5e:e5:84",
                "00:1a:79:85:f8:26",
                "00:1a:79:56:29:2c",
                "00:1a:79:3e:42:95",
                "00:1a:79:27:9f:62",
                "00:1a:79:7a:2c:f4",
                "00:1a:79:ad:34:7d",
                "00:1a:79:c0:f1:9b",
                "00:1a:79:00:46:3c",
                "00:1a:79:23:ea:50",
                "00:1a:79:83:94:92",
                "00:1a:79:8e:a7:36",
                "00:1a:79:8d:67:e0",
                "00:1a:79:a3:b3:c6",
                "00:1a:79:31:f6:79",
                "00:1a:79:b7:40:b7",
                "00:1a:79:75:28:1c",
                "00:1a:79:73:6f:53"
            ]
        },
        {
            "server_name": "snowdark.xyz:7575",
            "server_url": "http://snowdark.xyz:7575/c/",
            "macs": [
                "00:1a:79:58:c4:e0",
                "00:1a:79:11:9f:34",
                "00:1a:79:ca:8f:71",
                "00:1a:79:ad:0d:93",
                "00:1a:79:3d:08:2f",
                "00:1a:79:a4:3f:f2"
            ]
        },
        {
            "server_name": "naousar.top",
            "server_url": "http://naousar.top/c/",
            "macs": [
                "00:1a:79:bd:2f:e3",
                "00:1a:79:3f:2c:63",
                "00:1a:79:bb:c1:71",
                "00:1a:79:a7:d0:46",
                "00:1a:79:bd:2d:9e",
                "00:1a:79:ad:12:a0",
                "00:1a:79:32:44:7a",
                "00:1a:79:ae:11:b5",
                "00:1a:79:a1:cb:df",
                "00:1a:79:3f:28:90",
                "00:1a:79:bd:4d:e2",
                "00:1a:79:af:57:90",
                "00:1a:79:bd:48:35",
                "00:1a:79:3b:c5:0c",
                "00:1a:79:ab:c3:cb",
                "00:1a:79:b5:55:f6",
                "00:1a:79:ad:78:b2",
                "00:1a:79:b9:db:95",
                "00:1a:79:ae:00:5f",
                "00:1a:79:bb:c6:c4",
                "00:1a:79:a3:16:57"
            ]
        },
        {
            "server_name": "mag.abcdxyz.one",
            "server_url": "http://mag.abcdxyz.one/c/",
            "macs": [
                "00:1a:79:91:02:64",
                "00:1a:79:46:43:22",
                "00:1a:79:90:ad:b6",
                "00:1a:79:1c:2f:d1",
                "00:1a:79:2d:68:e7",
                "00:1a:79:18:0f:c8",
                "00:1a:79:3e:15:09",
                "00:1a:79:bf:14:72",
                "00:1a:79:c7:6f:1f"
            ]
        },
        {
            "server_name": "ott.topstb.net:8000",
            "server_url": "http://ott.topstb.net:8000/c/",
            "macs": [
                "00:1a:79:1a:9e:e3"
            ]
        }
    ]
}