{
    "items": [
        {
            "server_name": "hellas.sltv.pw:8080",
            "server_url": "http://hellas.sltv.pw:8080/c/",
            "macs": [
                "00:1a:79:17:cc:f1",
                "00:1a:79:c7:0f:1f",
                "00:1a:79:bf:e0:17",
                "00:1a:79:b4:44:53",
                "00:1a:79:b9:60:d5",
                "00:1a:79:5e:5f:35",
                "00:1a:79:01:02:46",
                "00:1a:79:90:a5:5e",
                "00:1a:79:4e:d2:b7",
                "00:1a:79:a4:4c:d6",
                "00:1a:79:b8:56:51",
                "00:1a:79:b1:e8:c5",
                "00:1a:79:88:63:62"
            ]
        },
        {
            "server_name": "kena.tk:8080",
            "server_url": "http://kena.tk:8080/c/",
            "macs": [
                "00:1a:79:bd:45:e3",
                "00:1a:79:c0:0f:97",
                "00:1a:79:a6:68:19",
                "00:1a:79:6b:d7:b6",
                "00:1a:79:09:a3:80",
                "00:1a:79:a9:25:69",
                "00:1a:79:43:a8:1d",
                "00:1a:79:bb:4f:da",
                "00:1a:79:bf:86:27",
                "00:1a:79:aa:b1:af",
                "00:1a:79:a6:4a:be",
                "00:1a:79:94:36:3e",
                "00:1a:79:ae:0c:40",
                "00:1a:79:36:6d:84",
                "00:1a:79:68:e7:a2",
                "00:1a:79:40:2c:6a",
                "00:1a:79:44:5e:f0",
                "00:1a:79:b4:ea:20"
            ]
        },
        {
            "server_name": "matrix-ott.tv:8080",
            "server_url": "http://matrix-ott.tv:8080/c/",
            "macs": [
                "00:1a:79:ac:12:96",
                "00:1a:79:1e:4e:08",
                "00:1a:79:c0:e1:7b",
                "00:1a:79:c0:94:c1",
                "00:1a:79:27:5d:f4",
                "00:1a:79:59:f7:cb",
                "00:1a:79:d6:80:62",
                "00:1a:79:3f:e0:7e",
                "00:1a:79:04:d3:bc"
            ]
        },
        {
            "server_name": "ultra-box.club",
            "server_url": "http://ultra-box.club/c/",
            "macs": [
                "00:1a:79:76:b6:80",
                "00:1a:79:aa:de:a4",
                "00:1a:79:b5:5f:52",
                "00:1a:79:73:c9:63",
                "00:1a:79:cf:38:06",
                "00:1a:79:b8:8d:f4",
                "00:1a:79:b4:f4:a9",
                "00:1a:79:c0:2b:84",
                "00:1a:79:57:bd:91",
                "00:1a:79:62:de:62",
                "00:1a:79:71:36:64",
                "00:1a:79:5d:e1:ed"
            ]
        },
        {
            "server_name": "clientsportals.net:8080",
            "server_url": "http://clientsportals.net:8080/c/",
            "macs": [
                "00:1a:79:35:bf:f4",
                "00:1a:79:44:60:13",
                "00:1a:79:ad:12:1d",
                "00:1a:79:ba:1e:58",
                "00:1a:79:a9:30:15",
                "00:1a:79:3a:ec:cf",
                "00:1a:79:ab:a7:55",
                "00:1a:79:45:04:45",
                "00:1a:79:22:9f:56",
                "00:1a:79:af:80:be",
                "00:1a:79:43:5a:42",
                "00:1a:79:3b:6b:0c",
                "00:1a:79:40:8f:22",
                "00:1a:79:a9:30:6c",
                "00:1a:79:dd:4a:98"
            ]
        },
        {
            "server_name": "powerip.be:8000",
            "server_url": "http://powerip.be:8000/c/",
            "macs": [
                "00:1a:79:43:25:00",
                "00:1a:79:6e:00:80",
                "00:1a:79:46:5d:52",
                "00:1a:79:66:8c:f2",
                "00:1a:79:49:ce:ab",
                "00:1a:79:6b:3c:c3",
                "00:1a:79:0d:7c:ec",
                "00:1a:79:64:a9:c8",
                "00:1a:79:44:cf:45",
                "00:1a:79:4f:eb:b5",
                "00:1a:79:6d:ba:4d",
                "00:1a:79:43:95:14",
                "00:1a:79:64:ec:bb",
                "00:1a:79:6a:ce:f4",
                "00:1a:79:4b:b4:be",
                "00:1a:79:3a:b6:f2",
                "00:1a:79:6a:23:fe",
                "00:1a:79:58:30:57",
                "00:1a:79:00:08:ce",
                "00:1a:79:c1:b1:c9",
                "00:1a:79:44:6d:10",
                "00:1a:79:4b:7a:98",
                "00:1a:79:59:ab:47",
                "00:1a:79:04:9a:fb"
            ]
        },
        {
            "server_name": "foreverfuntv.de:8080",
            "server_url": "http://foreverfuntv.de:8080/c/",
            "macs": [
                "00:1A:79:AB:58:97",
                "00:1A:79:AA:59:FB",
                "00:1A:79:AA:5B:86",
                "00:1A:79:AB:53:85",
                "00:1A:79:AF:38:42",
                "00:1A:79:AB:5A:91",
                "00:1A:79:AF:3B:A6",
                "00:1A:79:AB:59:16",
                "00:1A:79:AF:F7:FD",
                "00:1A:79:AF:36:97",
                "00:1A:79:A0:E7:2A",
                "00:1A:79:AF:F7:35",
                "00:1A:79:AB:61:31",
                "00:1A:79:AB:56:D8",
                "00:1A:79:AB:5F:DC",
                "00:1A:79:AF:F7:1F",
                "00:1A:79:AB:59:E6",
                "00:1A:79:AF:F8:C6",
                "00:1A:79:AB:5C:44",
                "00:1A:79:AA:58:9C",
                "00:1A:79:AB:5C:94",
                "00:1A:79:AF:3B:37",
                "00:1A:79:AF:F9:B1",
                "00:1A:79:AB:5F:66",
                "00:1A:79:AF:3C:18",
                "00:1A:79:AB:5B:F9",
                "00:1A:79:AF:F9:E5",
                "00:1A:79:AF:38:15",
                "00:1A:79:AF:36:1D",
                "00:1A:79:00:50:A9",
                "00:1A:79:AA:59:23",
                "00:1A:79:AB:5C:A6",
                "00:1A:79:AB:53:21",
                "00:1A:79:AB:5A:3A",
                "00:1A:79:D5:9F:C3",
                "00:1A:79:AF:39:28",
                "00:1A:79:AF:3B:DB",
                "00:1A:79:FC:6F:4C",
                "00:1a:79:aa:57:db",
                "00:1a:79:ab:5c:c7",
                "00:1a:79:00:00:08",
                "00:1A:79:AA:58:0A",
                "00:1A:79:AB:5F:D2",
                "00:1A:79:FC:6F:4C",
                "00:1A:79:40:59:78",
                "00:1A:79:AF:39:53",
                "00:1A:79:AB:63:53",
                "00:1A:79:AB:61:B7",
                "00:1A:79:AB:5E:CD",
                "00:1A:79:AF:3A:13",
                "00:1A:79:00:58:D8",
                "00:1A:79:1C:0D:01",
                "00:1A:79:AF:FA:51",
                "00:1A:79:AB:5B:14",
                "00:1A:79:42:CD:CC",
                "00:1A:79:AF:36:CE",
                "00:1A:79:00:50:A9",
                "00:1A:79:0A:8F:0C",
                "00:1A:79:90:0F:9B",
                "00:1A:79:AB:5C:ED",
                "00:1A:79:AA:58:84",
                "00:1A:79:C2:7A:4A",
                "00:1A:79:40:59:7D",
                "00:1A:79:AF:38:70",
                "00:1A:79:18:0F:B9",
                "00:1A:79:90:14:08",
                "00:1A:79:B6:4C:9D",
                "00:1A:79:AA:59:4E",
                "00:1A:79:15:A7:B7",
                "00:1A:79:58:8D:9C",
                "00:1A:79:1C:0B:D5",
                "00:1A:79:AA:5B:6B",
                "00:1A:79:1A:03:08",
                "00:1A:79:1A:01:21",
                "00:1A:79:17:22:D4",
                "00:1A:79:C2:8C:54",
                "00:1A:79:AB:55:15",
                "00:1A:79:C2:78:24",
                "00:1A:79:17:E0:7E",
                "00:1A:79:AB:5F:D6",
                "00:1A:79:AA:5B:1E",
                "00:1A:79:4C:A3:44",
                "00:1A:79:1D:1A:01",
                "00:1A:79:00:5E:24",
                "00:1A:79:AB:60:52",
                "00:1A:79:72:2B:31",
                "00:1A:79:AB:5C:E8",
                "00:1A:79:AB:60:8D",
                "00:1A:79:AA:58:91",
                "00:1A:79:AF:37:45",
                "00:1A:79:AF:F9:7B",
                "00:1A:79:AF:F9:DF",
                "00:1A:79:AB:5B:F8",
                "00:1A:79:AF:38:70",
                "00:1A:79:AF:35:11",
                "00:1A:79:AB:5D:0A",
                "00:1A:79:A8:6F:5C",
                "00:1a:79:51:2f:78",
                "00:1a:79:aa:59:4e",
                "00:1a:79:af:37:cd",
                "00:1a:79:ad:90:d3",
                "00:1a:79:0b:1c:01",
                "00:1a:79:ab:5f:76",
                "00:1a:79:ab:5c:fa"
            ]
        }
    ]
}