{
    "items": [
        {
            "server_name": "89.248.162.130:80",
            "server_url": "http://89.248.162.130:80/c/",
            "macs": [
                "00:1A:79:3d:00:5f",
                "00:1A:79:43:07:20",
                "00:1A:79:ba:a1:6a",
                "00:1A:79:b9:e8:e4",
                "00:1A:79:b6:80:e2",
                "00:1A:79:66:c8:c3"
            ]
        },
        {
            "server_name": "topgunlux.net:8080",
            "server_url": "http://topgunlux.net:8080/c/",
            "macs": [
                "00:1A:79:C8:07:3A",
                "00:1A:79:58:27:C6",
                "00:1A:79:C3:AB:9A",
                "00:1A:79:BF:53:95",
                "00:1A:79:C2:94:CC"
            ]
        },
        {
            "server_name": "itl.ottplus.biz",
            "server_url": "http://itl.ottplus.biz/c/",
            "macs": [
                "00:1A:79:a1:a0:9a",
                "00:1A:79:52:d2:70",
                "00:1A:79:a1:92:43",
                "00:1A:79:4b:38:4c",
                "00:1A:79:b0:98:d6"
            ]
        },
        {
            "server_name": "sa.magnetukas.lt:8666",
            "server_url": "http://sa.magnetukas.lt:8666/c/",
            "macs": [
                "00:1A:79:A7:B4:59",
                "00:1A:79:D7:83:07",
                "00:1A:79:AF:60:EE",
                "00:1A:79:A7:E5:66",
                "00:1A:79:D6:EA:AA",
                "00:1A:79:D7:73:AA",
                "00:1A:79:A7:A0:66",
                "00:1A:79:AA:A8:EC",
                "00:1A:79:A9:CC:48"
            ]
        },
        {
            "server_name": "kuualas.xyz:8080",
            "server_url": "http://kuualas.xyz:8080/c/",
            "macs": [
                "00:1A:79:3A:06:75"
            ]
        },
        {
            "server_name": "s2.famousiptv.com:8080",
            "server_url": "http://s2.famousiptv.com:8080/c/",
            "macs": [
                "00:1A:79:54:fb:0c"
            ]
        },
        {
            "server_name": "ultra.4kexclusive.nl:4554",
            "server_url": "http://ultra.4kexclusive.nl:4554/c/",
            "macs": [
                "00:1A:79:32:c5:09",
                "00:1A:79:a5:b5:b3",
                "00:1A:79:32:c7:65",
                "00:1A:79:b8:2f:6d",
                "00:1A:79:32:c5:f2"
            ]
        },
        {
            "server_name": "89.187.169.23:9000",
            "server_url": "http://89.187.169.23:9000/c/",
            "macs": [
                "00:1A:79:54:6F:F5",
                "00:1A:79:3A:24:A1",
                "00:1A:79:51:9F:87"
            ]
        },
        {
            "server_name": "danieliptv.ddns.me:8080",
            "server_url": "http://danieliptv.ddns.me:8080/c/",
            "macs": [
                "00:1A:79:bf:d4:f5",
                "00:1A:79:ae:50:1e",
                "00:1A:79:ae:32:f4",
                "00:1A:79:43:42:15",
                "00:1A:79:5d:09:d0",
                "00:1A:79:bd:50:1a"
            ]
        },
        {
            "server_name": "hello.exodus-2.xyz:8080",
            "server_url": "http://hello.exodus-2.xyz:8080/c/",
            "macs": [
                "00:1A:79:01:00:00",
                "00:1A:79:01:13:59"
            ]
        },
        {
            "server_name": "dragon4k.com:8000",
            "server_url": "http://dragon4k.com:8000/c/",
            "macs": [
                "00:1A:79:20:AE:B1",
                "00:1A:79:0E:CC:AB",
                "00:1A:79:54:66:28",
                "00:1A:79:05:E6:F8",
                "00:1A:79:36:24:ED",
                "00:1A:79:46:48:B0",
                "00:1A:79:31:D6:F9",
                "00:1A:79:45:EB:80",
                "00:1A:79:BE:6D:67",
                "00:1A:79:34:2E:8A",
                "00:1A:79:75:B2:7F",
                "00:1A:79:B4:02:B1",
                "00:1A:79:56:28:93",
                "00:1A:79:3A:18:A6",
                "00:1A:79:D4:47:C8",
                "00:1A:79:11:1F:C5",
                "00:1A:79:6F:69:D4",
                "00:1A:79:A3:A5:29",
                "00:1A:79:28:4F:DB",
                "00:1A:79:AE:72:C6",
                "00:1A:79:81:20:64",
                "00:1A:79:5A:39:E4",
                "00:1A:79:55:0B:B9",
                "00:1A:79:A5:DD:0A",
                "00:1A:79:95:63:09",
                "00:1A:79:86:46:F6",
                "00:1A:79:3D:89:07",
                "00:1A:79:23:BB:60",
                "00:1A:79:A7:B8:78",
                "00:1A:79:5E:CA:CB",
                "00:1A:79:AC:3E:A4",
                "00:1A:79:35:F8:F7",
                "00:1A:79:8F:0B:4A",
                "00:1A:79:43:9C:A3",
                "00:1A:79:6D:BB:16",
                "00:1A:79:64:C5:45",
                "00:1A:79:C1:96:78",
                "00:1A:79:6F:0A:68"
            ]
        },
        {
            "server_name": "ultra-box.club",
            "server_url": "http://ultra-box.club/c/",
            "macs": [
                "00:1A:79:AA:3F:C6",
                "00:1A:79:D5:01:E1",
                "00:1A:79:74:7E:C7",
                "00:1A:79:5D:0F:B4",
                "00:1A:79:54:EC:46",
                "00:1A:79:B7:24:ED"
            ]
        },
        {
            "server_name": "matrix-ott.tv:8080",
            "server_url": "http://matrix-ott.tv:8080/c/",
            "macs": [
                "00:1A:79:05:81:73",
                "00:1A:79:32:A0:0D",
                "00:1A:79:3B:0D:17",
                "00:1A:79:C9:E3:AC",
                "00:1A:79:BE:BB:6B",
                "00:1A:79:69:CB:D1",
                "00:1A:79:90:03:82",
                "00:1A:79:B9:AB:9D",
                "00:1A:79:52:80:EE",
                "00:1A:79:54:FC:F5",
                "00:1A:79:EE:66:3A",
                "00:1A:79:77:00:59",
                "00:1A:79:5D:AB:DB",
                "00:1A:79:4B:6B:4B",
                "00:1A:79:45:20:6C",
                "00:1A:79:FC:A4:84",
                "00:1A:79:40:97:E4",
                "00:1A:79:57:C9:54",
                "00:1A:79:66:F6:08",
                "00:1A:79:0F:B0:A7",
                "00:1A:79:3B:17:47",
                "00:1A:79:56:E4:C8",
                "00:1A:79:EC:15:D1",
                "00:1A:79:5A:83:EA",
                "00:1A:79:A4:74:F6",
                "00:1A:79:38:74:72",
                "00:1A:79:BA:72:46",
                "00:1A:79:85:EF:51",
                "00:1A:79:31:E2:D3",
                "00:1A:79:71:EF:44",
                "00:1A:79:DC:11:18",
                "00:1A:79:2B:89:30",
                "00:1A:79:B0:C8:66",
                "00:1A:79:14:10:D7",
                "00:1A:79:D2:62:D2",
                "00:1A:79:74:82:81",
                "00:1A:79:B4:4B:32",
                "00:1A:79:A7:9F:39",
                "00:1A:79:C5:AD:FF",
                "00:1A:79:90:8A:22",
                "00:1A:79:19:6D:0D",
                "00:1A:79:5A:41:65",
                "00:1A:79:79:9E:76",
                "00:1A:79:18:EE:D8",
                "00:1A:79:70:1C:1A",
                "00:1A:79:CE:94:9B",
                "00:1A:79:C3:09:35",
                "00:1A:79:73:94:7B",
                "00:1A:79:48:8A:2F",
                "00:1A:79:8D:9B:0D",
                "00:1A:79:12:F3:1F"
            ]
        }
    ]
}