{
    "items": [
        {
            "server_name": "wagmaott.com:8080",
            "server_url": "http://wagmaott.com:8080/c/",
            "macs": [
                "00:1a:79:ee:d8:90",
                "00:1A:79:54:A0:9C",
                "00:1A:79:AA:F3:CF",
                "00:1A:79:A5:39:35",
                "00:1A:79:A5:41:C0",
                "00:1A:79:A5:42:82",
                "00:1A:79:40:2F:F2",
                "00:1A:79:28:BC:E4",
                "00:1A:79:40:30:E0",
                "00:1A:79:40:31:C9",
                "00:1A:79:40:33:5D",
                "00:1A:79:3A:35:3C",
                "00:1A:79:40:37:7B",
                "00:1A:79:40:37:86",
                "00:1A:79:40:37:87",
                "00:1A:79:40:37:8B",
                "00:1A:79:40:37:8C",
                "00:1A:79:65:28:1F",
                "00:1A:79:40:37:9A",
                "00:1A:79:40:37:9B",
                "00:1A:79:40:37:9C",
                "00:1A:79:E6:A2:D2",
                "00:1A:79:A7:38:CF",
                "00:1A:79:4A:C4:4A",
                "00:1A:79:A7:73:AD",
                "00:1A:79:C7:4C:DF",
                "00:1A:79:C8:05:AB",
                "00:1A:79:C8:06:AA",
                "00:1A:79:09:CB:CC",
                "00:1A:79:C8:0A:A4",
                "00:1A:79:C8:0A:AB",
                "00:1A:79:40:4B:8D",
                "00:1A:79:40:4B:8F",
                "00:1A:79:40:4B:90",
                "00:1A:79:40:4B:91",
                "00:1A:79:40:4B:9A",
                "00:1A:79:11:1B:7F",
                "00:1A:79:40:4B:9D",
                "00:1A:79:66:B8:09",
                "00:1A:79:40:4B:9E",
                "00:1A:79:11:1B:EB",
                "00:1A:79:40:4B:B0",
                "00:1A:79:40:4B:B2",
                "00:1A:79:40:4D:4F",
                "00:1A:79:40:4D:50",
                "00:1A:79:40:4D:51",
                "00:1A:79:40:4D:54",
                "00:1A:79:40:4D:55",
                "00:1A:79:40:4D:58",
                "00:1A:79:40:4D:59",
                "00:1A:79:45:02:71",
                "00:1A:79:40:50:67",
                "00:1A:79:40:50:68",
                "00:1A:79:40:50:74",
                "00:1A:79:EF:14:19",
                "00:1A:79:67:17:96",
                "00:1A:79:33:04:89",
                "00:1A:79:EF:16:F0",
                "00:1A:79:3B:18:BA",
                "00:1A:79:CD:C0:D4",
                "00:1A:79:AC:A2:5B",
                "00:1A:79:11:B8:32",
                "00:1A:79:00:1B:52",
                "00:1A:79:AC:D4:30",
                "00:1A:79:4F:70:F4",
                "00:1A:79:48:0F:E2",
                "00:1A:79:71:4E:16",
                "00:1A:79:AD:03:CA",
                "00:1A:79:CE:FE:DC",
                "00:1A:79:2F:E7:C0",
                "00:1A:79:A2:24:1E",
                "00:1A:79:A2:28:C6",
                "00:1A:79:A2:28:CC",
                "00:1A:79:0E:10:61",
                "00:1A:79:CF:49:3A",
                "00:1A:79:30:16:09",
                "00:1A:79:A2:65:A8",
                "00:1A:79:0E:10:F4",
                "00:1A:79:02:8E:C7",
                "00:1A:79:A2:66:29",
                "00:1A:79:3C:0A:C3",
                "00:1A:79:3C:1C:C7",
                "00:1A:79:30:3E:64",
                "00:1A:79:12:6B:31",
                "00:1A:79:72:51:22",
                "00:1A:79:54:54:B7",
                "00:1A:79:38:13:07",
                "00:1A:79:A3:1B:A9",
                "00:1A:79:A3:35:4C",
                "00:1A:79:FC:00:A2",
                "00:1A:79:5F:AA:4B",
                "00:1A:79:09:44:89",
                "00:1A:79:FC:23:A9",
                "00:1A:79:38:3F:C7",
                "00:1A:79:49:0B:49",
                "00:1A:79:49:0C:BE",
                "00:1A:79:49:0E:8F",
                "00:1A:79:49:0F:00",
                "00:1A:79:49:0F:9C",
                "00:1A:79:0F:15:7F",
                "00:1A:79:49:15:AF",
                "00:1A:79:49:19:AC",
                "00:1A:79:4C:AB:40",
                "00:1A:79:49:1B:9E",
                "00:1A:79:35:66:C0",
                "00:1A:79:C2:8D:A7"
            ]
        },
        {
            "server_name": "worldflix.io:8080",
            "server_url": "http://worldflix.io:8080/c/",
            "macs": [
                "00:1A:79:53:3D:64",
                "00:1A:79:C0:A8:68",
                "00:1A:79:BA:AD:CC",
                "00:1A:79:64:3C:4D",
                "00:1A:79:1B:DF:D7",
                "00:1A:79:A5:28:CD",
                "00:1A:79:55:04:0A",
                "00:1A:79:54:04:13"
            ]
        },
        {
            "server_name": "sa.magnetukas.lt:8666",
            "server_url": "http://sa.magnetukas.lt:8666/c/",
            "macs": [
                "00:1A:79:BD:72:77",
                "00:1A:79:B0:52:47",
                "00:1A:79:A9:E8:B7",
                "00:1A:79:AF:7D:5F",
                "00:1A:79:AA:7D:6F",
                "00:1A:79:AA:A9:3D"
            ]
        },
        {
            "server_name": "random.1ptv.org:2095",
            "server_url": "http://random.1ptv.org:2095/c/",
            "macs": [
                "00:1a:79:78:5b:8f"
            ]
        },
        {
            "server_name": "cooltv.xyz",
            "server_url": "http://cooltv.xyz/stalker_portal/c/",
            "macs": [
                "00:1A:79:9D:1A:B7"
            ]
        },
        {
            "server_name": "smartsw.xyz:8080",
            "server_url": "http://smartsw.xyz:8080/c/",
            "macs": [
                "00:1A:79:23:9F:60",
                "00:1A:79:9A:58:70"
            ]
        },
        {
            "server_name": "sinal.live:8080",
            "server_url": "http://sinal.live:8080/c/",
            "macs": [
                "00:1A:79:2F:20:A2",
                "00:1A:79:3F:C2:F7",
                "00:1A:79:40:35:51",
                "00:1A:79:40:CE:D4",
                "00:1A:79:46:1E:98",
                "00:1A:79:4A:18:55",
                "00:1A:79:4C:50:FB",
                "00:1A:79:4F:31:8D",
                "00:1a:79:5c:f9:23",
                "00:1A:79:60:6B:9B",
                "00:1A:79:73:4B:4D",
                "00:1a:79:62:bc:5d",
                "00:1a:79:59:7b:26",
                "00:1A:79:85:DB:A3",
                "00:1A:79:73:7A:45",
                "00:1A:79:85:F2:E2",
                "00:1A:79:A3:12:82",
                "00:1a:79:a9:30:b3",
                "00:1A:79:A7:E2:49",
                "00:1A:79:AB:3B:07",
                "00:1A:79:AE:C4:48",
                "00:1a:79:d6:6d:d8",
                "00:1A:79:3A:FC:22",
                "00:1A:79:FB:A5:54",
                "00:1A:79:4C:9F:B7",
                "00:1A:79:4E:9E:E4",
                "00:1A:79:67:8B:B1",
                "00:1A:79:E0:0F:CA",
                "00:1A:79:01:1B:7F",
                "00:1A:79:41:F0:57",
                "00:1A:79:40:99:EE",
                "00:1A:79:02:3A:82",
                "00:1A:79:44:2A:11",
                "00:1A:79:44:2B:FB",
                "00:1A:79:44:16:3E",
                "00:1A:79:40:7D:EB",
                "00:1A:79:05:7F:5F",
                "00:1A:79:44:6D:10",
                "00:1A:79:44:15:E0",
                "00:1A:79:44:16:34",
                "00:1A:79:45:16:D1",
                "00:1A:79:44:49:CA",
                "00:1A:79:45:16:B1",
                "00:1A:79:5D:E4:41",
                "00:1A:79:41:4D:86",
                "00:1A:79:64:E4:97",
                "00:1A:79:46:75:35",
                "00:1A:79:57:7E:03",
                "00:1A:79:48:D4:FB",
                "00:1A:79:5D:44:1F",
                "00:1A:79:31:C7:33",
                "00:1A:79:4A:06:74",
                "00:1A:79:4F:BE:44",
                "00:1A:79:2F:20:A2",
                "00:1A:79:47:82:09",
                "00:1A:79:4E:32:89",
                "00:1A:79:31:F9:8B",
                "00:1A:79:31:FB:3B"
            ]
        },
        {
            "server_name": "imajlive.com:8080",
            "server_url": "http://imajlive.com:8080/c/",
            "macs": [
                "00:1a:79:57:a3:Eb",
                "00:1a:79:31:f9:8b",
                "00:1a:79:28:63:6f",
                "00:1a:79:5f:59:6C",
                "00:1a:79:7a:2C:C8",
                "00:1a:79:32:a1:97",
                "00:1a:79:7a:2D:0D",
                "00:1a:79:00:C0:24",
                "00:1a:79:7a:2C:f3",
                "00:1a:79:73:b2:E0",
                "00:1a:79:7a:2C:b4",
                "00:1a:79:7a:2C:ff",
                "00:1a:79:78:7a:6E",
                "00:1a:79:7a:2C:b5",
                "00:1a:79:7a:2C:E3",
                "00:1a:79:7D:4D:0E",
                "00:1a:79:7b:7f:CE",
                "00:1a:79:7f:49:0f",
                "00:1a:79:7E:D9:6D",
                "00:1a:79:23:69:7b",
                "00:1a:79:87:8a:10",
                "00:1a:79:2c:4f:2b",
                "00:1a:79:72:27:30",
                "00:1a:79:31:00:0e",
                "00:1a:79:58:0d:60",
                "00:1a:79:31:71:2f",
                "00:1a:79:3d:14:8a",
                "00:1a:79:6a:26:2b",
                "00:1a:79:43:70:31",
                "00:1a:79:78:1d:56",
                "00:1a:79:43:16:15",
                "00:1a:79:44:16:30",
                "00:1a:79:1f:10:4f",
                "00:1a:79:39:50:88",
                "00:1a:79:46:8f:84",
                "00:1a:79:77:50:64",
                "00:1a:79:29:3d:20",
                "00:1a:79:76:96:19",
                "00:1a:79:67:92:5f"
            ]
        }
    ]
}