{
    "items": [
        {
            "server_name": "kena.tk",
            "server_url": "http://kena.tk/c/",
            "macs": [
                "00:1A:79:5D:1C:68",
                "00:1A:79:7a:02:61",
                "00:1A:79:b6:83:09",
                "00:1A:79:a2:69:ba",
                "00:1A:79:bc:ea:e5",
                "00:1A:79:42:14:92",
                "00:1A:79:bb:32:f2",
                "00:1A:79:3f:32:96",
                "00:1A:79:19:2f:09",
                "00:1A:79:4d:45:6e"
            ]
        },
        {
            "server_name": "jellyiptv.streamtv.to:8080",
            "server_url": "http://jellyiptv.streamtv.to:8080/c/",
            "macs": [
                "00:1a:79:4b:72:c8",
                "00:1a:79:33:53:37"
            ]
        },
        {
            "server_name": "c.overboxtv.com:80",
            "server_url": "http://c.overboxtv.com:80/c/",
            "macs": [
                "00:1A:79:b4:e3:fc",
                "00:1A:79:7a:10:9f",
                "00:1A:79:a9:e8:5a",
                "00:1A:79:5d:96:07",
                "00:1A:79:b1:f1:9c",
                "00:1A:79:b0:47:aa",
                "00:1A:79:ad:5e:e0",
                "00:1A:79:52:b1:3f",
                "00:1A:79:66:25:96",
                "00:1A:79:2c:50:7c",
                "00:1A:79:bd:37:20",
                "00:1A:79:62:db:84",
                "00:1A:79:2e:bd:74",
                "00:1A:79:a9:dc:30",
                "00:1A:79:51:15:62",
                "00:1A:79:ab:57:b5",
                "00:1A:79:5e:f7:c8",
                "00:1A:79:ba:9e:2b",
                "00:1A:79:ba:a1:43",
                "00:1A:79:ea:24:b8",
                "00:1A:79:5b:e7:1f",
                "00:1A:79:37:82:1a",
                "00:1A:79:6b:41:32",
                "00:1A:79:a6:7d:ca",
                "00:1A:79:b6:82:67",
                "00:1A:79:bb:e2:2a",
                "00:1A:79:58:ce:e6",
                "00:1A:79:ae:af:dc",
                "00:1A:79:dd:c6:a3",
                "00:1A:79:ab:b6:4e",
                "00:1A:79:36:d1:f0",
                "00:1A:79:bb:c9:67",
                "00:1A:79:59:78:c1",
                "00:1A:79:20:0f:db",
                "00:1A:79:ae:c7:a0",
                "00:1A:79:eb:3e:ec",
                "00:1A:79:cf:90:45"
            ]
        },
        {
            "server_name": "smartsw.xyz",
            "server_url": "http://smartsw.xyz/c/",
            "macs": [
                "00:1A:79:ea:6b:a0",
                "00:1A:79:6b:96:38",
                "00:1A:79:4c:eb:71",
                "00:1A:79:e8:ee:5e",
                "00:1A:79:fd:82:ba",
                "00:1A:79:8b:2a:69",
                "00:1A:79:72:12:37",
                "00:1A:79:36:55:f4",
                "00:1A:79:68:fa:97",
                "00:1A:79:49:d0:1a",
                "00:1A:79:47:63:07",
                "00:1A:79:18:72:9f",
                "00:1A:79:63:bc:80",
                "00:1A:79:03:20:76",
                "00:1A:79:68:1a:47",
                "00:1A:79:48:4d:bd",
                "00:1A:79:25:50:a3",
                "00:1A:79:40:66:f4",
                "00:1A:79:73:1a:9f",
                "00:1A:79:4d:10:fc",
                "00:1A:79:ea:e1:98",
                "00:1A:79:6a:95:4e",
                "00:1A:79:66:85:78",
                "00:1A:79:4f:ef:c3",
                "00:1A:79:10:dc:5b",
                "00:1A:79:48:e4:bd",
                "00:1A:79:73:70:0f",
                "00:1A:79:19:ea:3e",
                "00:1A:79:5a:a3:0f",
                "00:1A:79:47:fa:6f",
                "00:1A:79:6d:cb:b3",
                "00:1A:79:72:7b:e9",
                "00:1A:79:58:12:e3",
                "00:1A:79:4b:b0:38",
                "00:1A:79:4f:a9:bd",
                "00:1A:79:87:32:5b"
            ]
        },
        {
            "server_name": "pstvprime.watch:8880",
            "server_url": "http://pstvprime.watch:8880/c/",
            "macs": [
                "00:1A:79:4B:27:C6",
                "00:1A:79:4F:EF:31",
                "00:1A:79:43:86:5D",
                "00:1A:79:43:23:FE",
                "00:1A:79:74:A1:A9",
                "00:1A:79:62:E4:87",
                "00:1A:79:BD:B0:A2",
                "00:1A:79:6E:F5:CB",
                "00:1A:79:35:0E:08",
                "00:1A:79:4C:67:2A",
                "00:1A:79:6E:75:93",
                "00:1A:79:25:9D:23",
                "00:1A:79:B4:63:CC",
                "00:1A:79:B4:BA:D5",
                "00:1A:79:04:3C:4E",
                "00:1A:79:59:D1:20",
                "00:1A:79:5D:53:7D",
                "00:1A:79:0E:DC:A8",
                "00:1A:79:5B:15:31",
                "00:1A:79:A3:27:9E",
                "00:1A:79:5B:00:45",
                "00:1A:79:3D:6F:CA",
                "00:1A:79:0B:BF:EA",
                "00:1A:79:21:92:56",
                "00:1A:79:38:3C:E7",
                "00:1A:79:C9:63:FA",
                "00:1A:79:71:00:8B",
                "00:1A:79:AE:71:64",
                "00:1A:79:65:D1:3A",
                "00:1A:79:F6:71:85",
                "00:1A:79:17:E7:01",
                "00:1A:79:59:51:07",
                "00:1A:79:88:B7:55",
                "00:1A:79:FB:62:64",
                "00:1A:79:5C:9F:9C",
                "00:1A:79:54:6B:B0",
                "00:1A:79:43:EA:F8",
                "00:1A:79:DF:A6:50",
                "00:1A:79:A9:86:FF",
                "00:1A:79:33:F9:C0",
                "00:1A:79:5A:A7:20",
                "00:1A:79:D8:13:C1",
                "00:1A:79:B0:38:5F",
                "00:1A:79:57:98:8F"
            ]
        },
        {
            "server_name": "portal.spacepanel.live:8080",
            "server_url": "http://portal.spacepanel.live:8080/c/",
            "macs": [
                "00:1A:79:51:B9:BD",
                "00:1A:79:AE:DD:10",
                "00:1A:79:AA:9C:61",
                "00:1A:79:B4:3E:7A",
                "00:1A:79:42:CE:C0",
                "00:1A:79:67:54:D3",
                "00:1A:79:7A:05:B3",
                "00:1A:79:6E:C4:38",
                "00:1A:79:B7:20:75",
                "00:1A:79:B2:2B:0B",
                "00:1A:79:19:F1:E0",
                "00:1A:79:B0:3D:CF",
                "00:1A:79:33:21:40",
                "00:1A:79:AA:7B:BA",
                "00:1A:79:BA:85:E6",
                "00:1A:79:AA:B5:F3",
                "00:1A:79:57:EC:52",
                "00:1A:79:6B:03:CE",
                "00:1A:79:B0:C6:4B",
                "00:1A:79:A9:C2:B7",
                "00:1A:79:4B:FC:A3"
            ]
        }
    ]
}