{
    "items": [
        {
            "server_name": "ip.canada4k.cc:8000",
            "server_url": "http://ip.canada4k.cc:8000/c/",
            "macs": [
                "00:1a:79:4e:47:96",
                "00:1a:79:a6:fd:7e",
                "00:1a:79:5e:3a:f1",
                "00:1a:79:ab:bd:1b",
                "00:1a:79:2f:12:b1",
                "00:1a:79:b2:03:9c",
                "00:1a:79:d7:30:37",
                "00:1a:79:ab:6b:21",
                "00:1a:79:23:58:17",
                "00:1A:79:0D:10:89",
                "00:1a:79:ab:c7:95",
                "00:1a:79:e0:03:68",
                "00:1A:79:0D:71:83",
                "00:1a:79:9d:71:41",
                "00:1a:79:e0:04:5b",
                "00:1A:79:B5:5E:F1",
                "00:1A:79:4C:12:5B",
                "00:1A:79:50:20:88",
                "00:1A:79:53:EC:B9",
                "00:1A:79:A4:7F:06",
                "00:1A:79:AE:83:F6",
                "00:1A:79:C2:0F:15",
                "00:1A:79:E9:8A:2C"
            ]
        },
        {
            "server_name": "cpanel.lionboxiptv.nl",
            "server_url": "http://cpanel.lionboxiptv.nl/c/",
            "macs": [
                "00:1A:79:A2:00:62",
                "00:1A:79:3A:a1:5D",
                "00:1A:79:3A:fb:41",
                "00:1A:79:ff:3F:A7",
                "00:1A:79:3A:db:9D",
                "00:1a:79:57:03:b7",
                "00:1A:79:3A:ac:6F"
            ]
        },
        {
            "server_name": "a.stroj-bt.com:89",
            "server_url": "http://a.stroj-bt.com:89/c/",
            "macs": [
                "00:1A:79:5E:69:00",
                "00:1A:79:60:69:7A",
                "00:1A:79:E5:E2:55",
                "00:1A:79:AE:65:FE"
            ]
        },
        {
            "server_name": "89.187.174.145:25461",
            "server_url": "http://89.187.174.145:25461/c/",
            "macs": [
                "00:1a:79:39:02:84"
            ]
        },
        {
            "server_name": "proxy.ottoprime.net",
            "server_url": "http://proxy.ottoprime.net/c/",
            "macs": [
                "00:1A:79:B0:3F:4B"
            ]
        },
        {
            "server_name": "str1.isv.net:80",
            "server_url": "http://str1.isv.net:80/stalker_portal/c/",
            "macs": [
                "00:1A:79:BA:38:DF"
            ]
        },
        {
            "server_name": "pro.00387.info",
            "server_url": "http://pro.00387.info/stalker_portal/c/",
            "macs": [
                "00:1A:79:BC:2B:A0",
                "00:1A:79:36:D1:72"
            ]
        },
        {
            "server_name": "s1.dasa.fun",
            "server_url": "http://s1.dasa.fun/stalker_portal/c/",
            "macs": [
                "00:1A:79:54:D2:17"
            ]
        },
        {
            "server_name": "mag.moi-dom.tv",
            "server_url": "http://mag.moi-dom.tv/stalker_portal/c/",
            "macs": [
                "00:1A:79:51:A9:A3"
            ]
        },
        {
            "server_name": "a111.info:80",
            "server_url": "http://a111.info:80/stalker_portal/c/",
            "macs": [
                "00:1A:79:08:F8:DE"
            ]
        },
        {
            "server_name": "123.playip.net:4554",
            "server_url": "http://123.playip.net:4554/c/",
            "macs": [
                "00:1A:79:F1:FB:6C",
                "00:1A:79:AD:46:16",
                "00:1A:79:19:23:79"
            ]
        },
        {
            "server_name": "portal.roshen.live",
            "server_url": "http://portal.roshen.live/stalker_portal/c/",
            "macs": [
                "00:1A:79:84:0C:FD",
                "00:1A:79:73:BD:F2"
            ]
        },
        {
            "server_name": "live.hutv.me:25461",
            "server_url": "http://live.hutv.me:25461/c/",
            "macs": [
                "00:1A:79:DE:FB:56",
                "00:1A:79:3B:22:8A",
                "00:1A:79:C2:D3:93",
                "00:1A:79:D9:CA:A4"
            ]
        },
        {
            "server_name": "se.sltv.pw:8080",
            "server_url": "http://se.sltv.pw:8080/c/",
            "macs": [
                "00:1A:79:5A:4F:50",
                "00:1A:79:90:08:DA",
                "00:1A:79:B4:5C:E2",
                "00:1A:79:B6:39:D4",
                "00:1A:79:1E:62:F9",
                "00:1A:79:F5:53:69"
            ]
        },
        {
            "server_name": "stream1.tvs24.net:25461",
            "server_url": "http://stream1.tvs24.net:25461/c/",
            "macs": [
                "00:1A:79:CF:6C:62"
            ]
        },
        {
            "server_name": "smart.shopcoco.site:8080",
            "server_url": "http://smart.shopcoco.site:8080/c/",
            "macs": [
                "00:1A:79:AA:B2:91",
                "00:1A:79:5F:F3:9A",
                "00:1A:79:AA:B2:91",
                "00:1A:79:40:08:52"
            ]
        }
    ]
}