{
    "items": [
        {
            "server_name": "storm.sphd.co:8080",
            "server_url": "http://storm.sphd.co:8080/c/",
            "macs": [
                "00:1A:79:58:12:01",
                "00:1A:79:c2:4a:c5",
                "00:1A:79:22:57:c7",
                "00:1A:79:2c:7c:80",
                "00:1A:79:32:42:ef",
                "00:1A:79:58:12:98",
                "00:1A:79:58:11:25"
            ]
        },
        {
            "server_name": "bluepanther.live:8080",
            "server_url": "http://bluepanther.live:8080/c/",
            "macs": [
                "00:1A:79:ad:8b:47",
                "00:1A:79:a4:d2:84"
            ]
        },
        {
            "server_name": "tptv.cz:80",
            "server_url": "http://tptv.cz:80/c/",
            "macs": [
                "00:1a:79:fd:9d:b8",
                "00:1a:79:8d:6c:78",
                "00:1a:79:75:99:53",
                "00:1a:79:cd:73:57",
                "00:1a:79:20:ab:52",
                "00:1a:79:4b:f4:c0",
                "00:1a:79:67:21:58",
                "00:1a:79:c4:6e:93",
                "00:1a:79:61:48:db",
                "00:1a:79:0f:89:62",
                "00:1a:79:4c:1a:cb",
                "00:1a:79:3e:3f:38",
                "00:1a:79:17:a1:e2",
                "00:1a:79:2a:45:3f",
                "00:1a:79:48:75:4b",
                "00:1a:79:ac:7f:ef",
                "00:1a:79:4b:6e:cb",
                "00:1a:79:b7:ab:c2",
                "00:1a:79:ae:12:9e",
                "00:1a:79:b5:7c:40",
                "00:1a:79:18:3c:68",
                "00:1a:79:e5:8a:57"
            ]
        },
        {
            "server_name": "main.myprotv.net:80",
            "server_url": "http://main.myprotv.net:80/c/",
            "macs": [
                "00:1A:79:b8:fb:9b",
                "00:1A:79:c7:8f:31",
                "00:1A:79:2c:8f:f1",
                "00:1A:79:c2:7a:0d",
                "00:1A:79:73:0a:66",
                "00:1A:79:43:d6:9c",
                "00:1A:79:07:f4:38"
            ]
        },
        {
            "server_name": "main.habla.shop:80",
            "server_url": "http://main.habla.shop:80/c/",
            "macs": [
                "00:1A:79:0c:7a:67",
                "00:1A:79:9e:42:60",
                "00:1A:79:c0:db:1f",
                "00:1A:79:19:c1:73"
            ]
        },
        {
            "server_name": "zam.services.co.uk:2086",
            "server_url": "http://zam.services.co.uk:2086/c/",
            "macs": [
                "00:1A:79:77:1b:da",
                "00:1A:79:41:00:bd",
                "00:1A:79:5a:7b:65",
                "00:1A:79:78:cd:72",
                "00:1A:79:5d:32:86",
                "00:1A:79:99:19:86",
                "00:1A:79:d2:36:9d",
                "00:1A:79:1a:e2:72",
                "00:1A:79:3c:c2:d5",
                "00:1A:79:5d:b5:13",
                "00:1A:79:62:20:58",
                "00:1A:79:18:0f:57",
                "00:1A:79:30:5c:f9",
                "00:1A:79:4a:3d:9c",
                "00:1A:79:2e:76:91",
                "00:1A:79:77:03:ed",
                "00:1A:79:9d:30:cd"
            ]
        },
        {
            "server_name": "x4ever.eu:8000",
            "server_url": "http://x4ever.eu:8000/c/",
            "macs": [
                "00:1A:79:41:E2:1B",
                "00:1A:79:43:B2:74"
            ]
        },
        {
            "server_name": "mag.diam.ondma.club",
            "server_url": "http://mag.diam.ondma.club/c/",
            "macs": [
                "00:1A:79:bd:db:fc",
                "00:1A:79:a1:82:1a",
                "00:1A:79:27:0f:4b",
                "00:1A:79:bf:c2:03",
                "00:1A:79:b3:c6:40",
                "00:1A:79:6f:12:27",
                "00:1A:79:c4:01:0b"
            ]
        },
        {
            "server_name": "ipc.proipciptv.com:8000",
            "server_url": "http://ipc.proipciptv.com:8000/c/",
            "macs": [
                "00:1A:79:32:ec:84",
                "00:1A:79:8b:3a:05",
                "00:1A:79:c3:09:93",
                "00:1A:79:35:9a:81",
                "00:1A:79:40:3b:5a",
                "00:1A:79:c4:09:21",
                "00:1A:79:43:85:92",
                "00:1A:79:71:1b:8b",
                "00:1A:79:40:3f:ff",
                "00:1A:79:8b:24:d9",
                "00:1A:79:8b:3a:b7",
                "00:1A:79:8b:2b:b0"
            ]
        },
        {
            "server_name": "spectretv.com:80",
            "server_url": "http://spectretv.com:80/c/",
            "macs": [
                "00:1A:79:5c:9c:c1",
                "00:1A:79:2c:6b:7c",
                "00:1A:79:58:cb:d8",
                "00:1A:79:4a:5b:7c",
                "00:1A:79:be:8f:ad",
                "00:1A:79:21:9d:b3",
                "00:1A:79:b9:93:18",
                "00:1A:79:48:54:ed",
                "00:1A:79:6c:4e:53"
            ]
        },
        {
            "server_name": "luka4k.in:80",
            "server_url": "http://luka4k.in:80/c/",
            "macs": [
                "00:1A:79:66:63:72",
                "00:1A:79:be:26:c2",
                "00:1A:79:67:a3:b3"
            ]
        }
    ]
}