{
    "items": [
        {
            "server_name": "c.overboxtv.com:80",
            "server_url": "http://c.overboxtv.com:80/c/",
            "macs": [
                "00:1A:79:9e:c9:7e",
                "00:1A:79:18:0e:b6",
                "00:1A:79:45:a9:6d",
                "00:1A:79:21:0f:6c",
                "00:1A:79:48:9b:89",
                "00:1A:79:a9:f1:d6",
                "00:1A:79:c1:eb:eb",
                "00:1A:79:bd:46:05",
                "00:1A:79:63:94:fb",
                "00:1A:79:ab:f8:b3",
                "00:1A:79:ad:ff:c3",
                "00:1A:79:84:c2:9c",
                "00:1A:79:67:a0:2f",
                "00:1A:79:ba:6b:10",
                "00:1A:79:a7:e5:47",
                "00:1A:79:1d:06:20",
                "00:1A:79:9f:95:64",
                "00:1A:79:b1:49:b5",
                "00:1A:79:ad:8d:3a",
                "00:1A:79:56:90:5c",
                "00:1A:79:bd:4a:da",
                "00:1A:79:b1:1c:de",
                "00:1A:79:de:a8:d9",
                "00:1A:79:68:ed:da",
                "00:1A:79:36:6f:88",
                "00:1A:79:a9:30:5d",
                "00:1A:79:03:26:80",
                "00:1A:79:0b:eb:b3",
                "00:1A:79:33:28:53",
                "00:1A:79:ba:0d:88"
            ]
        },
        {
            "server_name": "poyraz67.com:8080",
            "server_url": "http://poyraz67.com:8080/c/",
            "macs": [
                "00:1a:79:4c:28:1b",
                "00:1a:79:29:65:4d",
                "00:1a:79:b4:35:e0",
                "00:1a:79:52:6e:19",
                "00:1a:79:0f:b0:a7",
                "00:1a:79:dc:cd:a0",
                "00:1a:79:3b:ee:cc",
                "00:1a:79:a3:b7:86",
                "00:1a:79:74:dd:75",
                "00:1a:79:68:fa:c3",
                "00:1a:79:53:ec:25"
            ]
        },
        {
            "server_name": "line.4k-gold.net",
            "server_url": "http://line.4k-gold.net/c/",
            "macs": [
                "00:1a:79:2f:a6:5d",
                "00:1a:79:bb:d1:e0",
                "00:1a:79:5a:2f:37",
                "00:1a:79:17:1b:cf",
                "00:1a:79:1c:08:18",
                "00:1a:79:58:88:a4",
                "00:1a:79:da:c4:d4",
                "00:1a:79:56:51:b7",
                "00:1a:79:bb:12:43",
                "00:1a:79:b6:d8:ab",
                "00:1a:79:cc:d1:22"
            ]
        },
        {
            "server_name": "portal.spacepanel.live:8080",
            "server_url": "http://portal.spacepanel.live:8080/c/",
            "macs": [
                "00:1a:79:b9:8d:a9",
                "00:1a:79:47:34:f0",
                "00:1a:79:18:03:01",
                "00:1a:79:4e:f7:16",
                "00:1a:79:2d:30:95",
                "00:1a:79:bb:4b:41",
                "00:1a:79:b3:06:db",
                "00:1a:79:32:37:a6"
            ]
        },
        {
            "server_name": "178.132.78.40:8080",
            "server_url": "http://178.132.78.40:8080/c/",
            "macs": [
                "00:1a:79:31:60:be",
                "00:1a:79:9b:94:5e",
                "00:1a:79:4c:af:f7",
                "00:1a:79:a3:a6:0a",
                "00:1a:79:bd:66:3b",
                "00:1a:79:b9:98:f2",
                "00:1a:79:2c:22:30",
                "00:1a:79:ac:56:18",
                "00:1a:79:a6:fd:54",
                "00:1a:79:b9:b9:6e",
                "00:1a:79:ad:59:35",
                "00:1a:79:af:65:d6",
                "00:1a:79:aa:71:bd",
                "00:1a:79:b2:0a:29",
                "00:1a:79:43:cd:5e"
            ]
        },
        {
            "server_name": "ultra-box.club",
            "server_url": "http://ultra-box.club/c/",
            "macs": [
                "00:1a:79:57:64:18",
                "00:1a:79:76:26:02",
                "00:1a:79:6b:1d:c9",
                "00:1a:79:51:e4:5a",
                "00:1a:79:5d:26:34",
                "00:1a:79:63:bd:7e",
                "00:1a:79:ec:63:6e",
                "00:1a:79:b0:96:ae",
                "00:1a:79:57:b1:09",
                "00:1a:79:af:65:01"
            ]
        },
        {
            "server_name": "qqtv.nl:8080",
            "server_url": "http://qqtv.nl:8080/c/",
            "macs": [
                "00:1a:79:55:39:28",
                "00:1a:79:dc:2f:64",
                "00:1a:79:be:33:7d",
                "00:1a:79:62:fc:cc",
                "00:1a:79:63:12:57",
                "00:1a:79:e5:95:c6",
                "00:1a:79:07:04:f6",
                "00:1a:79:6b:6f:be",
                "00:1a:79:b1:9c:d0",
                "00:1a:79:b3:fc:ae",
                "00:1a:79:65:02:82",
                "00:1a:79:49:3b:e1"
            ]
        },
        {
            "server_name": "bluestartv.net",
            "server_url": "http://bluestartv.net/c/",
            "macs": [
                "00:1a:79:45:95:29",
                "00:1a:79:ce:a3:f4",
                "00:1a:79:75:75:e4",
                "00:1a:79:35:de:2f",
                "00:1a:79:ba:7c:c1"
            ]
        },
        {
            "server_name": "ip.canada4k.cc:8000",
            "server_url": "http://ip.canada4k.cc:8000/c/",
            "macs": [
                "00:1a:79:a4:a8:df",
                "00:1a:79:df:5d:b0",
                "00:1a:79:c2:99:92",
                "00:1a:79:21:25:af",
                "00:1A:79:02:95:D8",
                "00:1a:79:cb:cd:2e",
                "00:1a:79:43:6a:46",
                "00:1A:79:03:69:24",
                "00:1a:79:33:60:8e",
                "00:1a:79:5b:ec:85",
                "00:1a:79:b0:dd:8c",
                "00:1a:79:40:8c:b3",
                "00:1a:79:1a:1b:34",
                "00:1a:79:52:aa:fe",
                "00:1a:79:b3:c9:af",
                "00:1a:79:e0:03:4c",
                "00:1A:79:04:E8:BA",
                "00:1a:79:26:c4:ce",
                "00:1a:79:6f:0c:e1",
                "00:1a:79:ab:3e:4b",
                "00:1A:79:06:21:D2",
                "00:1A:79:08:A0:CC",
                "00:1a:79:e0:03:6d",
                "00:1a:79:41:20:25",
                "00:1a:79:6d:e9:31",
                "00:1a:79:2b:71:63",
                "00:1a:79:b5:5e:f1",
                "00:1a:79:90:0c:b1",
                "00:1a:79:d5:8f:b7"
            ]
        },
        {
            "server_name": "buxton.tk:8880",
            "server_url": "http://buxton.tk:8880/c/",
            "macs": [
                "00:1A:79:42:62:55",
                "00:1A:79:4c:49:98",
                "00:1A:79:db:8b:ae",
                "00:1A:79:1e:05:7d",
                "00:1A:79:60:c6:95"
            ]
        }
    ]
}