{
    "items": [
        {
            "server_name": "portal.geniptv.com.123tv.to:8080",
            "server_url": "http://portal.geniptv.com.123tv.to:8080/c/",
            "macs": [
                "00:1A:79:4F:F2:F5",
                "00:1A:79:4A:35:A5",
                "00:1A:79:52:23:2D",
                "00:1A:79:4B:36:5B",
                "00:1A:79:4C:0D:08",
                "00:1A:79:50:46:08",
                "00:1A:79:52:29:52",
                "00:1A:79:4D:13:14",
                "00:1A:79:51:B4:F7",
                "00:1A:79:4C:DD:65",
                "00:1A:79:4F:E2:37",
                "00:1A:79:4E:BB:BF",
                "00:1A:79:4C:D7:F3",
                "00:1A:79:4E:AC:04",
                "00:1A:79:4D:03:2C",
                "00:1A:79:52:96:D7",
                "00:1A:79:50:24:94",
                "00:1A:79:4C:57:D8",
                "00:1A:79:51:80:4B",
                "00:1A:79:50:35:01",
                "00:1A:79:57:5F:3C",
                "00:1A:79:50:57:6B",
                "00:1A:79:50:2F:33",
                "00:1A:79:51:B9:BD",
                "00:1A:79:52:B1:98",
                "00:1A:79:4F:EF:E0",
                "00:1A:79:58:F6:FE",
                "00:1A:79:4F:F2:9B",
                "00:1A:79:57:50:0F",
                "00:1A:79:52:1B:4A",
                "00:1A:79:52:15:3A",
                "00:1A:79:52:26:FC",
                "00:1A:79:55:F2:6A",
                "00:1A:79:52:30:62",
                "00:1A:79:56:29:78",
                "00:1A:79:50:BC:32",
                "00:1A:79:55:5E:9A",
                "00:1A:79:57:39:A7",
                "00:1A:79:59:17:79",
                "00:1A:79:59:BE:49",
                "00:1A:79:54:C9:36",
                "00:1A:79:52:2F:4E",
                "00:1A:79:57:E0:96",
                "00:1A:79:5C:A8:37",
                "00:1A:79:56:90:FB",
                "00:1A:79:57:E2:83",
                "00:1A:79:57:3B:C9"
            ]
        },
        {
            "server_name": "dominoiptv.com:2082",
            "server_url": "http://dominoiptv.com:2082/c/",
            "macs": [
                "00:1A:79:BE:BF:69"
            ]
        },
        {
            "server_name": "angeltv.biz:6969",
            "server_url": "http://angeltv.biz:6969/c/",
            "macs": [
                "00:1a:79:fd:0f:18",
                "00:1a:79:8c:10:a5",
                "00:1a:79:8c:10:a7",
                "00:1a:79:8c:10:a9",
                "00:1a:79:8c:10:ad",
                "00:1a:79:8c:10:af",
                "00:1a:79:8c:10:b3",
                "00:1a:79:8c:00:2e",
                "00:1a:79:8c:00:32",
                "00:1a:79:8c:00:37",
                "00:1a:79:8c:00:3a",
                "00:1a:79:8c:07:37",
                "00:1a:79:8c:07:4c",
                "00:1a:79:8c:07:54",
                "00:1a:79:8c:07:aa",
                "00:1a:79:8c:07:ab",
                "00:1a:79:8c:07:b4",
                "00:1a:79:8c:07:b8",
                "00:1a:79:8c:07:b9",
                "00:1a:79:8c:07:ba",
                "00:1a:79:8c:07:bc",
                "00:1a:79:8c:07:e5",
                "00:1a:79:8c:07:ee",
                "00:1a:79:8c:07:f3",
                "00:1a:79:8c:07:f6",
                "00:1a:79:8c:07:f8",
                "00:1a:79:8c:08:0d",
                "00:1a:79:8c:08:17",
                "00:1a:79:8c:08:1d",
                "00:1a:79:8c:08:20",
                "00:1a:79:8c:08:85",
                "00:1a:79:8c:08:ad",
                "00:1a:79:8c:08:b7",
                "00:1a:79:8c:08:c3",
                "00:1a:79:8c:08:c7",
                "00:1a:79:8c:08:ce",
                "00:1a:79:8c:08:d1",
                "00:1a:79:8c:08:d2",
                "00:1a:79:8c:0a:3f",
                "00:1a:79:8c:0a:41",
                "00:1a:79:8c:0a:47",
                "00:1a:79:8c:0a:49",
                "00:1a:79:8c:0a:4b",
                "00:1a:79:8c:0a:4d",
                "00:1a:79:8c:0a:4f",
                "00:1a:79:8c:0a:7b",
                "00:1a:79:8c:0a:7d",
                "00:1a:79:8c:0a:85",
                "00:1a:79:8c:0a:87",
                "00:1a:79:8c:0a:86",
                "00:1a:79:8c:0a:ad",
                "00:1a:79:8c:0b:0c",
                "00:1a:79:8c:0b:23",
                "00:1a:79:8c:0b:2a",
                "00:1a:79:8c:0b:7e",
                "00:1a:79:8c:0b:86",
                "00:1a:79:8c:0b:88",
                "00:1a:79:8c:0b:8c",
                "00:1a:79:8c:0b:8d",
                "00:1a:79:8c:0b:f5",
                "00:1a:79:8c:0b:f6",
                "00:1a:79:8c:0b:fa",
                "00:1a:79:8c:0b:f9",
                "00:1a:79:8c:0b:fb",
                "00:1a:79:8c:0c:00",
                "00:1a:79:8c:0c:04",
                "00:1a:79:8c:0c:22",
                "00:1a:79:8c:0c:2d",
                "00:1a:79:8c:0c:30",
                "00:1a:79:8c:0c:76",
                "00:1a:79:8c:0c:b5",
                "00:1a:79:8c:0c:c8",
                "00:1a:79:8c:0d:0f",
                "00:1a:79:8c:0d:13",
                "00:1a:79:8c:0d:16",
                "00:1a:79:8c:0d:19",
                "00:1a:79:8c:0d:1a",
                "00:1a:79:8c:0d:1c",
                "00:1a:79:8c:0d:1e",
                "00:1a:79:8c:0d:1f",
                "00:1a:79:8c:0d:20",
                "00:1a:79:8c:0d:21",
                "00:1a:79:8c:0d:28",
                "00:1a:79:8c:0d:29",
                "00:1a:79:8c:0d:2d",
                "00:1a:79:8c:0d:32",
                "00:1a:79:8c:0d:33",
                "00:1a:79:8c:0d:37",
                "00:1a:79:8c:0d:4f",
                "00:1a:79:8c:0d:50",
                "00:1a:79:8c:0d:55",
                "00:1a:79:8c:0d:5b",
                "00:1a:79:8c:0d:72",
                "00:1a:79:8c:0d:73",
                "00:1a:79:8c:0d:78",
                "00:1a:79:8c:0d:7c",
                "00:1a:79:8c:0d:7d",
                "00:1a:79:8c:0d:7f",
                "00:1a:79:8c:0d:83",
                "00:1a:79:8c:0e:ce",
                "00:1a:79:8c:0f:cb",
                "00:1a:79:8c:0f:cc",
                "00:1a:79:8c:0f:ce",
                "00:1a:79:8c:0f:cf",
                "00:1a:79:8c:0f:d3",
                "00:1a:79:8c:0f:d5",
                "00:1a:79:8c:0f:d6",
                "00:1a:79:8c:0f:d9",
                "00:1a:79:8c:0f:db",
                "00:1a:79:8c:0f:dc",
                "00:1a:79:8c:10:a5",
                "00:1a:79:8c:10:a7",
                "00:1a:79:8c:10:a9",
                "00:1a:79:8c:10:ad",
                "00:1a:79:8c:10:af",
                "00:1a:79:8c:10:b3",
                "00:1a:79:8c:11:0c",
                "00:1a:79:8c:11:0f",
                "00:1a:79:8c:11:1a",
                "00:1a:79:8c:11:2b"
            ]
        },
        {
            "server_name": "mol-2.com:8080",
            "server_url": "http://mol-2.com:8080/c/",
            "macs": [
                "00:1A:79:B9:C3:B3",
                "00:1A:79:B9:BA:F0",
                "00:1A:79:AD:6B:B8",
                "00:1A:79:BF:3F:15",
                "00:1A:79:4F:EB:A1",
                "00:1A:79:B8:83:CE",
                "00:1A:79:A3:AB:82",
                "00:1A:79:AA:C0:4B",
                "00:1A:79:A5:8F:FA",
                "00:1A:79:A6:E4:A5",
                "00:1A:79:C3:C0:72",
                "00:1A:79:B5:57:3C",
                "00:1A:79:5F:D1:AD",
                "00:1A:79:BF:FB:58",
                "00:1A:79:AC:F7:9A",
                "00:1A:79:B9:1F:93",
                "00:1A:79:BF:29:6D",
                "00:1A:79:B3:CF:CA",
                "00:1A:79:22:1F:9E",
                "00:1A:79:BA:31:04",
                "00:1A:79:6A:C3:01",
                "00:1A:79:73:5C:90",
                "00:1A:79:BF:C4:11",
                "00:1A:79:C3:C8:78",
                "00:1A:79:A3:BD:F8",
                "00:1A:79:3A:B5:53",
                "00:1A:79:5D:44:BA",
                "00:1A:79:5D:8F:56",
                "00:1A:79:BC:CD:8B",
                "00:1A:79:17:2D:81",
                "00:1A:79:B5:A3:24"
            ]
        }
    ]
}