{
    "items": [
        {
            "server_name": "mag.diam.ondma.club",
            "server_url": "http://mag.diam.ondma.club/c/",
            "macs": [
                "00:1a:79:06:1f:92",
                "00:1a:79:bb:35:e0",
                "00:1a:79:25:4f:3d",
                "00:1a:79:0d:4f:19",
                "00:1a:79:ad:7d:e5",
                "00:1a:79:4d:d3:26",
                "00:1a:79:ce:61:22",
                "00:1a:79:47:34:de",
                "00:1a:79:ab:cb:4c",
                "00:1a:79:00:07:86",
                "00:1a:79:d8:ba:f1",
                "00:1a:79:ba:1b:e7",
                "00:1a:79:d5:6f:09",
                "00:1a:79:c3:71:fd"
            ]
        },
        {
            "server_name": "p1.iptvrocket.tv:80",
            "server_url": "http://p1.iptvrocket.tv:80/c/",
            "macs": [
                "00:1a:79:a1:20:ee",
                "00:1a:79:0f:8e:23",
                "00:1a:79:51:46:25",
                "00:1a:79:c0:31:d7",
                "00:1a:79:32:1d:4a",
                "00:1a:79:b5:72:00",
                "00:1a:79:2f:19:f5",
                "00:1a:79:6c:48:b1",
                "00:1a:79:2f:18:ec",
                "00:1a:79:11:35:21",
                "00:1a:79:b8:3b:e1",
                "00:1a:79:35:5f:25"
            ]
        },
        {
            "server_name": "p1.iptvprivateserver.tv",
            "server_url": "http://p1.iptvprivateserver.tv/c/",
            "macs": [
                "00:1a:79:ac:c4:16",
                "00:1a:79:3a:07:90",
                "00:1a:79:34:45:42",
                "00:1a:79:f6:5f:8b",
                "00:1a:79:44:0e:94",
                "00:1a:79:6b:e6:a3",
                "00:1a:79:5e:59:23",
                "00:1a:79:2a:45:2d",
                "00:1a:79:af:e1:63",
                "00:1a:79:19:9f:0a"
            ]
        },
        {
            "server_name": "mercury.131221.net:8880",
            "server_url": "http://mercury.131221.net:8880/c/",
            "macs": [
                "00:1a:79:f9:3f:9a",
                "00:1a:79:b8:11:fb",
                "00:1a:79:62:6f:6b",
                "00:1a:79:2b:5f:65",
                "00:1a:79:67:a3:64",
                "00:1a:79:5b:6f:87",
                "00:1a:79:63:7f:a3",
                "00:1a:79:b7:1f:83",
                "00:1a:79:94:8b:e8",
                "00:1a:79:51:bf:ab",
                "00:1a:79:3e:5f:64",
                "00:1a:79:a9:8f:26",
                "00:1a:79:95:d8:f2",
                "00:1a:79:b5:84:b2",
                "00:1a:79:ad:1c:66",
                "00:1a:79:1e:6f:06",
                "00:1a:79:40:b2:5d",
                "00:1a:79:6e:0e:5c",
                "00:1a:79:7c:df:a2",
                "00:1a:79:5b:77:8f",
                "00:1a:79:62:d7:a0",
                "00:1a:79:0c:2f:0e",
                "00:1a:79:6c:29:5e",
                "00:1a:79:5f:1f:45",
                "00:1a:79:af:e1:79",
                "00:1a:79:af:2c:76",
                "00:1a:79:6d:fc:09",
                "00:1a:79:38:1f:b8",
                "00:1a:79:35:7f:ac",
                "00:1a:79:1e:4f:01",
                "00:1a:79:67:7f:14",
                "00:1a:79:37:0f:1b",
                "00:1a:79:0b:4f:d4",
                "00:1a:79:b8:d2:dc",
                "00:1a:79:db:90:53",
                "00:1a:79:71:ed:67",
                "00:1a:79:cc:d6:99",
                "00:1a:79:a6:ae:da",
                "00:1a:79:ae:5f:74",
                "00:1a:79:b8:1e:4a",
                "00:1a:79:3e:a8:0e",
                "00:1a:79:55:1f:8c",
                "00:1a:79:34:77:31",
                "00:1a:79:b4:70:da",
                "00:1a:79:a9:5f:0b",
                "00:1a:79:53:7f:73",
                "00:1a:79:b9:13:57",
                "00:1a:79:b8:1e:4a",
                "00:1a:79:b8:ca:b8",
                "00:1a:79:31:8f:45",
                "00:1a:79:7b:ec:e7",
                "00:1a:79:37:0f:ae",
                "00:1a:79:bc:2f:d1"
            ]
        },
        {
            "server_name": "piu.kim:8080",
            "server_url": "http://piu.kim:8080/c/",
            "macs": [
                "00:1a:79:ab:37:3c",
                "00:1a:79:2e:aa:78",
                "00:1a:79:48:14:cf",
                "00:1a:79:ad:51:05",
                "00:1a:79:14:7f:c4",
                "00:1a:79:97:76:32",
                "00:1a:79:53:8f:da",
                "00:1a:79:42:31:4b",
                "00:1a:79:a7:d5:75",
                "00:1a:79:ad:af:5b",
                "00:1a:79:b9:db:25",
                "00:1a:79:ad:a0:f1",
                "00:1a:79:2b:7f:37",
                "00:1a:79:b0:c2:35",
                "00:1a:79:62:c3:b7",
                "00:1a:79:56:91:b3",
                "00:1a:79:02:9f:e3"
            ]
        },
        {
            "server_name": "line.4k-gold.net",
            "server_url": "http://line.4k-gold.net/c/",
            "macs": [
                "00:1a:79:57:27:9b",
                "00:1a:79:bf:9c:f8",
                "00:1a:79:b6:53:47",
                "00:1a:79:3f:e7:32",
                "00:1a:79:22:16:d0",
                "00:1a:79:bd:06:41",
                "00:1a:79:c0:6f:28",
                "00:1a:79:22:10:a7",
                "00:1a:79:1d:0c:30",
                "00:1a:79:ad:6d:e0",
                "00:1a:79:bf:78:44",
                "00:1a:79:19:49:89",
                "00:1a:79:19:43:2a",
                "00:1a:79:a1:ae:dd",
                "00:1a:79:bd:95:a3",
                "00:1a:79:db:2c:cc",
                "00:1a:79:22:01:06",
                "00:1a:79:4b:dc:40",
                "00:1a:79:bc:de:27",
                "00:1a:79:73:ac:0d",
                "00:1a:79:76:c1:e2",
                "00:1a:79:d0:31:73",
                "00:1a:79:54:d4:0b",
                "00:1a:79:c0:a3:28",
                "00:1a:79:19:46:e5",
                "00:1a:79:52:35:60",
                "00:1a:79:b0:a7:ab",
                "00:1a:79:74:89:22",
                "00:1a:79:74:00:e6",
                "00:1a:79:48:04:d6",
                "00:1a:79:aa:6e:10",
                "00:1a:79:59:45:2f",
                "00:1a:79:b6:51:3c",
                "00:1a:79:fd:22:d0",
                "00:1a:79:35:f6:4d",
                "00:1a:79:12:bc:8a",
                "00:1a:79:bc:d4:8a",
                "00:1a:79:b7:2b:0c",
                "00:1a:79:57:e5:31",
                "00:1a:79:51:16:ef",
                "00:1a:79:96:05:f6",
                "00:1a:79:c5:ac:c6",
                "00:1a:79:85:d5:3d",
                "00:1a:79:18:2f:25",
                "00:1a:79:70:d6:70",
                "00:1a:79:d8:67:cc",
                "00:1a:79:d5:97:99",
                "00:1a:79:bb:fe:da",
                "00:1a:79:5a:1f:72",
                "00:1a:79:4c:67:de",
                "00:1a:79:73:86:da",
                "00:1a:79:1c:0c:ed",
                "00:1a:79:92:1d:1b",
                "00:1a:79:00:03:27",
                "00:1a:79:64:cd:c3",
                "00:1a:79:a6:59:b6",
                "00:1a:79:ae:6a:b3",
                "00:1a:79:a3:90:d3",
                "00:1a:79:45:ef:d9",
                "00:1a:79:3a:b4:bb",
                "00:1a:79:68:fd:c6",
                "00:1a:79:bf:e3:df",
                "00:1a:79:a2:b3:f3",
                "00:1a:79:5e:3f:b2"
            ]
        },
        {
            "server_name": "portal.spacepanel.live:8080",
            "server_url": "http://portal.spacepanel.live:8080/c/",
            "macs": [
                "00:1a:79:a5:e6:ef",
                "00:1a:79:ae:30:37",
                "00:1a:79:ba:00:53",
                "00:1a:79:58:07:80",
                "00:1a:79:b7:11:6b",
                "00:1a:79:97:33:51",
                "00:1a:79:bb:19:04",
                "00:1a:79:b6:e1:28",
                "00:1a:79:ae:6f:49",
                "00:1a:79:b4:e3:fc",
                "00:1a:79:b8:90:d2",
                "00:1a:79:3a:08:09",
                "00:1a:79:b2:00:4f",
                "00:1a:79:14:eb:8f",
                "00:1a:79:43:17:9f",
                "00:1a:79:b2:0a:2f",
                "00:1a:79:18:95:55",
                "00:1a:79:4a:4a:d8",
                "00:1a:79:ab:42:3c",
                "00:1a:79:b6:de:73"
            ]
        },
        {
            "server_name": "portal.ram.z123.xyz",
            "server_url": "http://portal.ram.z123.xyz/c/",
            "macs": [
                "00:1a:79:b7:14:6b",
                "00:1a:79:ad:f2:91",
                "00:1a:79:d6:89:4c",
                "00:1a:79:09:65:fc",
                "00:1a:79:24:57:a6",
                "00:1a:79:a6:47:b4",
                "00:1a:79:5c:ce:17",
                "00:1a:79:4c:10:87",
                "00:1a:79:21:10:a6",
                "00:1a:79:a9:1b:50",
                "00:1a:79:ad:ad:32",
                "00:1a:79:ba:62:be",
                "00:1a:79:40:82:80",
                "00:1a:79:50:5a:5c",
                "00:1a:79:68:74:29",
                "00:1a:79:59:c9:c7",
                "00:1a:79:4d:7a:c7",
                "00:1a:79:b9:8c:04",
                "00:1a:79:ad:51:ee",
                "00:1a:79:ad:14:27",
                "00:1a:79:79:d2:ef",
                "00:1a:79:ad:9d:9a",
                "00:1a:79:5f:d9:3a",
                "00:1a:79:af:9f:4d",
                "00:1a:79:bd:49:66",
                "00:1a:79:bd:0a:22",
                "00:1a:79:39:5f:3f",
                "00:1a:79:37:3e:58"
            ]
        },
        {
            "server_name": "ip.king-cobra.eu:8080",
            "server_url": "http://ip.king-cobra.eu:8080/c/",
            "macs": [
                "00:1a:79:ae:01:b5",
                "00:1a:79:57:68:09",
                "00:1a:79:2a:d2:55",
                "00:1a:79:2a:94:9c",
                "00:1a:79:69:01:20",
                "00:1a:79:3b:7f:d9",
                "00:1a:79:31:86:a3",
                "00:1a:79:44:84:dc",
                "00:1a:79:42:fd:5f",
                "00:1a:79:45:a4:36",
                "00:1a:79:70:b2:c2",
                "00:1a:79:2a:d2:6a",
                "00:1a:79:85:d6:3f",
                "00:1a:79:0c:07:2f",
                "00:1a:79:2a:d2:1f",
                "00:1a:79:1e:07:2b"
            ]
        },
        {
            "server_name": "ultra-box.club",
            "server_url": "http://ultra-box.club/c/",
            "macs": [
                "00:1a:79:c0:23:0b",
                "00:1a:79:c0:50:4b",
                "00:1a:79:ac:78:84",
                "00:1a:79:2e:7f:5e",
                "00:1a:79:3c:20:15",
                "00:1a:79:1c:12:8c",
                "00:1a:79:5f:e6:02",
                "00:1a:79:62:32:75",
                "00:1a:79:b7:52:87",
                "00:1a:79:66:21:8a",
                "00:1a:79:40:76:be",
                "00:1a:79:b3:1e:d5",
                "00:1a:79:67:3a:d3",
                "00:1a:79:b0:96:f4",
                "00:1a:79:1e:f4:17",
                "00:1a:79:75:7d:66",
                "00:1a:79:71:84:00",
                "00:1a:79:73:78:ba",
                "00:1a:79:e6:a2:3a",
                "00:1a:79:64:81:f2",
                "00:1a:79:60:c6:c3",
                "00:1a:79:4b:b8:7d",
                "00:1a:79:ab:eb:c4"
            ]
        },
        {
            "server_name": "powerip.be:8000",
            "server_url": "http://powerip.be:8000/c/",
            "macs": [
                "00:1a:79:72:2b:68",
                "00:1a:79:46:66:e1",
                "00:1a:79:60:54:b8",
                "00:1a:79:bf:a5:33",
                "00:1a:79:4c:f2:1a",
                "00:1a:79:46:4a:f7",
                "00:1a:79:c8:22:5e",
                "00:1a:79:51:17:9b",
                "00:1a:79:31:fa:bb",
                "00:1a:79:c5:e0:33",
                "00:1a:79:3f:0d:9d",
                "00:1a:79:5e:e5:cc",
                "00:1a:79:a5:7f:87",
                "00:1a:79:43:3d:ae",
                "00:1a:79:6e:b8:a2",
                "00:1a:79:b9:db:e0",
                "00:1a:79:23:94:94",
                "00:1a:79:a7:8f:00",
                "00:1a:79:6b:36:bd",
                "00:1a:79:1e:3d:95",
                "00:1a:79:4b:06:67",
                "00:1a:79:88:57:30",
                "00:1a:79:6c:ee:60",
                "00:1a:79:bf:9c:ef",
                "00:1a:79:5a:c3:8a",
                "00:1a:79:40:25:70",
                "00:1a:79:31:d1:a7",
                "00:1a:79:af:0b:30",
                "00:1a:79:31:eb:14",
                "00:1a:79:6d:a2:c8"
            ]
        }
    ]
}