{
    "items": [
        {
            "server_name": "mag.x-iptv.live:80",
            "server_url": "http://mag.x-iptv.live:80/c/",
            "macs": [
                "00:1A:79:A1:34:FA",
                "00:1A:79:A1:34:FA",
                "00:1A:79:B5:A9:F4",
                "00:1A:79:C2:AE:2B",
                "00:1A:79:50:4E:62",
                "00:1A:79:55:51:C4",
                "00:1A:79:E9:24:0E",
                "00:1A:79:B7:CA:2C",
                "00:1A:79:A5:D2:08",
                "00:1A:79:57:F2:37",
                "00:1A:79:02:57:41",
                "00:1A:79:55:22:45",
                "00:1A:79:13:49:05",
                "00:1A:79:5C:98:6A",
                "00:1A:79:A3:20:CF"
            ]
        },
        {
            "server_name": "epiktv.rocks:8080",
            "server_url": "http://epiktv.rocks:8080/c/",
            "macs": [
                "00:1A:79:00:00:00",
                "00:1A:79:30:68:01",
                "00:1A:79:32:58:04",
                "00:1A:79:38:B9:2B",
                "00:1A:79:3E:74:C0",
                "00:1A:79:3E:95:47",
                "00:1A:79:3F:21:EE",
                "00:1A:79:3F:89:FF",
                "00:1A:79:41:C5:AB",
                "00:1A:79:4A:58:38"
            ]
        },
        {
            "server_name": "webo.asia:80",
            "server_url": "http://webo.asia:80/c/",
            "macs": [
                "00:1A:79:00:01:00",
                "00:1A:79:28:E0:4E",
                "00:1A:79:3C:C7:AE",
                "00:1A:79:3C:C7:B5",
                "00:1A:79:3E:74:31",
                "00:1A:79:3E:95:74",
                "00:1A:79:3F:50:01",
                "00:1A:79:42:C8:43",
                "00:1A:79:42:CA:9D",
                "00:1A:79:48:5E:31",
                "00:1A:79:4A:18:93",
                "00:1A:79:4A:18:01",
                "00:1A:79:50:0E:E8",
                "00:1A:79:73:69:D4"
            ]
        },
        {
            "server_name": "killott.com:8000",
            "server_url": "http://killott.com:8000/c/",
            "macs": [
                "00:1A:79:40:53:B1",
                "00:1A:79:40:55:1D"
            ]
        },
        {
            "server_name": "infusumtv.co.uk",
            "server_url": "http://infusumtv.co.uk/c/",
            "macs": [
                "00:1A:79:59:4F:67",
                "00:1A:79:2C:7B:49",
                "00:1A:79:39:36:33",
                "00:1A:79:9E:AE:30"
            ]
        },
        {
            "server_name": "1.qqtv.nl:8080",
            "server_url": "http://1.qqtv.nl:8080/c/",
            "macs": [
                "00:1A:79:a0:7f:0a",
                "00:1A:79:56:40:57",
                "00:1A:79:42:e0:e0",
                "00:1A:79:55:95:00",
                "00:1A:79:e5:56:79",
                "00:1A:79:de:55:06",
                "00:1A:79:21:7f:d9"
            ]
        },
        {
            "server_name": "mobiltv.xyz:8080",
            "server_url": "http://mobiltv.xyz:8080/c/",
            "macs": [
                "00:1A:79:9F:89:A7"
            ]
        },
        {
            "server_name": "belguimott.net",
            "server_url": "http://belguimott.net/c/",
            "macs": [
                "00:1A:79:A9:0C:78"
            ]
        },
        {
            "server_name": "nordicone.eu:2095",
            "server_url": "http://nordicone.eu:2095/c/",
            "macs": [
                "00:1a:79:B9:55:D6",
                "00:1a:79:AD:0D:73"
            ]
        },
        {
            "server_name": "uhdtv.one:2095",
            "server_url": "http://uhdtv.one:2095/c/",
            "macs": [
                "00:1A:79:A5:DA:D8"
            ]
        },
        {
            "server_name": "diyarbekir21.com:8080",
            "server_url": "http://diyarbekir21.com:8080/c/",
            "macs": [
                "00:1A:79:00:00:10",
                "00:1A:79:00:03:C0",
                "00:1A:79:00:21:37"
            ]
        },
        {
            "server_name": "probox.mio4ever.eu:7575",
            "server_url": "http://probox.mio4ever.eu:7575/c/",
            "macs": [
                "00:1A:79:0E:10:B2",
                "00:1a:79:18:1D:22",
                "00:1a:79:3B:02:9A",
                "00:1a:79:42:D2:09",
                "00:1a:79:42:D2:7E",
                "00:1a:79:58:8a:58",
                "00:1A:79:5C:DA:48",
                "00:1A:79:5F:CB:07",
                "00:1a:79:85:eb:96"
            ]
        },
        {
            "server_name": "ottsansat.com:25461",
            "server_url": "http://ottsansat.com:25461/c/",
            "macs": [
                "00:1A:79:2B:BC:5C",
                "00:1A:79:2E:89:FE",
                "00:1A:79:3A:F8:CC",
                "00:1A:79:44:71:AC",
                "00:1a:79:46:56:f5",
                "00:1a:79:54:67:52",
                "00:1A:79:57:BD:84"
            ]
        },
        {
            "server_name": "eu.majes-line.co",
            "server_url": "http://eu.majes-line.co/c/",
            "macs": [
                "00:1A:79:3D:0F:8A",
                "00:1A:79:48:28:67",
                "00:1A:79:B5:FC:DC",
                "00:1A:79:03:9E:5C"
            ]
        },
        {
            "server_name": "mymag.tv:8080",
            "server_url": "http://mymag.tv:8080/c/",
            "macs": [
                "00:1A:79:01:12:4C",
                "00:1A:79:E5:AA:D7",
                "00:1A:79:E5:AB:D7",
                "00:1A:79:E5:B0:1C",
                "00:1A:79:E5:C4:FD",
                "00:1A:79:E5:CC:76",
                "00:1A:79:c2:81:85",
                "00:1A:79:c2:81:a9",
                "00:1A:79:c2:81:aa",
                "00:1A:79:6e:9f:55",
                "00:1A:79:C6:09:EE"
            ]
        }
    ]
}