{
    "items": [
        {
            "server_name": "neroiptv.xyz:8080",
            "server_url": "http://neroiptv.xyz:8080/c/",
            "macs": [
                "00:1a:79:97:3a:d9",
                "00:1a:79:0d:71:6e",
                "00:1a:79:72:20:83",
                "00:1a:79:44:3c:85",
                "00:1a:79:6a:1b:ce",
                "00:1a:79:d6:64:0b",
                "00:1a:79:40:7d:eb",
                "00:1a:79:5b:dc:86",
                "00:1a:79:8c:a5:4a",
                "00:1a:79:e6:d7:0d",
                "00:1a:79:2e:f3:89",
                "00:1a:79:12:9c:df",
                "00:1a:79:ac:3f:81",
                "00:1a:79:fb:95:68",
                "00:1a:79:c1:9b:6d",
                "00:1a:79:03:56:d1",
                "00:1a:79:b6:3d:e5",
                "00:1a:79:47:63:a2",
                "00:1a:79:63:93:cb",
                "00:1a:79:04:80:0c",
                "00:1a:79:c1:ea:37",
                "00:1a:79:4b:6b:30",
                "00:1a:79:8b:2d:e3"
            ]
        },
        {
            "server_name": "nettv-premium.com:8000",
            "server_url": "http://nettv-premium.com:8000/c/",
            "macs": [
                "00:1A:79:7A:2A:47",
                "00:1A:79:43:FC:F5",
                "00:1A:79:35:8A:A2",
                "00:1A:79:B7:3F:18",
                "00:1A:79:43:AB:E5",
                "00:1A:79:00:41:F8",
                "00:1A:79:00:55:A1",
                "00:1A:79:00:44:DF",
                "00:1A:79:19:05:05",
                "00:1A:79:00:70:D3",
                "00:1A:79:46:6C:A5",
                "00:1A:79:00:44:D6",
                "00:1A:79:43:4F:77",
                "00:1A:79:01:58:C9",
                "00:1A:79:76:79:12",
                "00:1A:79:65:A6:1A",
                "00:1A:79:74:20:F3",
                "00:1A:79:00:21:05",
                "00:1A:79:56:AC:2B",
                "00:1A:79:D8:19:B4",
                "00:1A:79:A1:AE:22",
                "00:1A:79:25:5F:B8",
                "00:1A:79:58:62:87",
                "00:1A:79:79:27:01",
                "00:1A:79:A2:F8:23",
                "00:1A:79:07:96:8A",
                "00:1A:79:54:0D:2F",
                "00:1a:79:a8:67:1E",
                "00:1A:79:0E:1F:F1",
                "00:1A:79:3F:B5:D7",
                "00:1A:79:0D:17:E1",
                "00:1A:79:02:C3:C6",
                "00:1A:79:01:70:9A",
                "00:1A:79:00:B5:B5",
                "00:1A:79:C1:24:20",
                "00:1A:79:00:41:92",
                "00:1A:79:60:5F:65",
                "00:1A:79:27:88:B4",
                "00:1A:79:01:69:2D",
                "00:1A:79:00:3D:D9",
                "00:1A:79:C1:02:67",
                "00:1A:79:40:34:92",
                "00:1A:79:0D:C1:8C",
                "00:1A:79:46:22:D6",
                "00:1A:79:4F:D2:4D"
            ]
        },
        {
            "server_name": "ott.topstb.net:8000",
            "server_url": "http://ott.topstb.net:8000/c/",
            "macs": [
                "00:1A:79:4c:1B:6B",
                "00:1A:79:40:D2:EA",
                "00:1A:79:20:DC:96",
                "00:1A:79:3A:4A:86",
                "00:1A:79:A6:68:0D",
                "00:1A:79:A2:F8:23",
                "00:1A:79:31:5F:A0",
                "00:1A:79:47:79:2C",
                "00:1A:79:66:15:E0",
                "00:1A:79:3D:B4:31",
                "00:1A:79:2F:9B:AF",
                "00:1A:79:24:4A:56",
                "00:1A:79:42:F0:9B",
                "00:1A:79:A2:88:F3",
                "00:1A:79:11:AF:B0",
                "00:1A:79:A4:AB:AA",
                "00:1A:79:51:40:D2",
                "00:1A:79:67:84:2A",
                "00:1A:79:40:FD:2F",
                "00:1A:79:3D:6E:D6",
                "00:1A:79:47:91:2A",
                "00:1A:79:50:BE:1F",
                "00:1A:79:3A:E6:34",
                "00:1A:79:42:9B:9F",
                "00:1A:79:B8:72:83",
                "00:1A:79:50:D7:DD",
                "00:1A:79:36:34:9D",
                "00:1A:79:3A:C6:74",
                "00:1A:79:AB:0D:68",
                "00:1A:79:4F:EA:0E",
                "00:1A:79:2B:87:67",
                "00:1A:79:3B:44:10",
                "00:1A:79:A3:11:D2",
                "00:1A:79:3A:EE:0A",
                "00:1a:79:70:82:13",
                "00:1A:79:D3:28:D1"
            ]
        },
        {
            "server_name": "topiptv.net:5890",
            "server_url": "http://topiptv.net:5890/c/",
            "macs": [
                "00:1a:79:8d:10:b6"
            ]
        },
        {
            "server_name": "poyraz67.com:8080",
            "server_url": "http://poyraz67.com:8080/c/",
            "macs": [
                "00:1a:79:ab:37:97",
                "00:1a:79:a0:be:ab",
                "00:1a:79:a5:30:8d",
                "00:1a:79:a1:b2:7a",
                "00:1a:79:a5:fc:b5",
                "00:1a:79:aa:bf:ac",
                "00:1a:79:a3:28:ae",
                "00:1a:79:a1:f1:04",
                "00:1a:79:aa:6b:fe",
                "00:1a:79:aa:6c:1d",
                "00:1a:79:a1:fe:72",
                "00:1a:79:a5:2e:53",
                "00:1a:79:a3:98:9b",
                "00:1a:79:a3:8a:f9",
                "00:1a:79:a8:b5:4e",
                "00:1a:79:a1:fe:72",
                "00:1a:79:a4:d4:ca",
                "00:1a:79:ac:1e:88",
                "00:1a:79:ab:b4:a9",
                "00:1a:79:aa:84:c3",
                "00:1a:79:ac:c3:0a",
                "00:1a:79:ad:28:21",
                "00:1a:79:a9:f7:c8",
                "00:1a:79:a4:83:68"
            ]
        },
        {
            "server_name": "neomixs.com:8080",
            "server_url": "http://neomixs.com:8080/c/",
            "macs": [
                "00:1a:79:ab:ae:01",
                "00:1a:79:ae:7d:67",
                "00:1a:79:ac:01:73",
                "00:1a:79:a4:7d:4b",
                "00:1a:79:a6:dd:0e",
                "00:1a:79:a1:6d:57",
                "00:1a:79:aa:b0:9d",
                "00:1a:79:ac:6e:ae",
                "00:1a:79:ab:56:de",
                "00:1a:79:a1:74:41",
                "00:1a:79:a6:c5:37",
                "00:1a:79:ad:f0:13",
                "00:1a:79:a4:46:de",
                "00:1a:79:a3:a3:55",
                "00:1a:79:a7:ed:d3",
                "00:1a:79:ac:52:88",
                "00:1a:79:a3:ba:e8",
                "00:1a:79:ac:dc:47",
                "00:1a:79:ac:d3:cf",
                "00:1a:79:a9:c8:a0",
                "00:1a:79:ad:79:fc",
                "00:1a:79:a1:88:b5",
                "00:1a:79:ab:49:29",
                "00:1a:79:ad:85:b7",
                "00:1a:79:ae:07:e5",
                "00:1a:79:a5:bd:31",
                "00:1a:79:a4:67:1f",
                "00:1a:79:aa:3f:8c",
                "00:1a:79:ac:d3:eb",
                "00:1a:79:a7:a1:36",
                "00:1a:79:ac:5f:7e",
                "00:1a:79:ad:c6:d0",
                "00:1a:79:a9:7d:16",
                "00:1a:79:aa:c5:0d",
                "00:1a:79:aa:54:ba"
            ]
        }
    ]
}