{
    "items": [
        {
            "server_name": "youarespecial.uk:80",
            "server_url": "http://youarespecial.uk:80/c/",
            "macs": [
                "00:1A:79:41:1D:3E",
                "00:1A:79:40:B7:FC",
                "00:1A:79:40:e6:08",
                "00:1A:79:42:D4:17",
                "00:1A:79:42:CD:07",
                "00:1A:79:42:2A:88",
                "00:1A:79:42:CD:66",
                "00:1A:79:43:03:00",
                "00:1A:79:43:04:9E",
                "00:1A:79:43:3A:CE",
                "00:1A:79:43:02:AD",
                "00:1A:79:42:1C:72",
                "00:1A:79:43:06:71",
                "00:1A:79:43:08:A5",
                "00:1A:79:43:0B:05",
                "00:1A:79:43:2F:21",
                "00:1A:79:43:0B:8A",
                "00:1A:79:43:49:3A",
                "00:1A:79:42:D4:C7",
                "00:1A:79:43:2F:1A",
                "00:1A:79:43:50:E2",
                "00:1A:79:43:04:8B",
                "00:1A:79:43:3A:5C",
                "00:1A:79:43:2E:CF",
                "00:1A:79:43:47:65",
                "00:1A:79:43:30:1C",
                "00:1A:79:43:3E:43",
                "00:1A:79:43:b0:F3",
                "00:1A:79:43:b4:11",
                "00:1A:79:43:4A:47",
                "00:1A:79:44:14:71"
            ]
        },
        {
            "server_name": "youarespecial.uk:80",
            "server_url": "http://youarespecial.uk:80/c/",
            "macs": [
                "00:1A:79:0C:4F:70",
                "00:1A:79:0E:17:6C",
                "00:1A:79:0E:0E:94",
                "00:1A:79:0D:42:3C",
                "00:1A:79:0E:17:73",
                "00:1A:79:0E:16:F7",
                "00:1A:79:0E:0D:5A",
                "00:1A:79:0F:64:1D",
                "00:1A:79:0F:5E:C8",
                "00:1A:79:17:05:C4",
                "00:1A:79:17:1A:4C",
                "00:1A:79:17:15:37",
                "00:1A:79:17:1A:28",
                "00:1A:79:17:0E:AE",
                "00:1A:79:17:14:FB",
                "00:1A:79:17:0E:B0",
                "00:1A:79:17:26:54",
                "00:1A:79:17:1A:DE",
                "00:1A:79:18:04:01",
                "00:1A:79:17:15:A0",
                "00:1A:79:17:1F:4B",
                "00:1A:79:17:15:3C",
                "00:1A:79:17:0E:B2",
                "00:1A:79:17:06:16",
                "00:1A:79:17:0E:56",
                "00:1A:79:18:7A:57",
                "00:1A:79:1A:01:96",
                "00:1A:79:19:38:F9",
                "00:1A:79:17:08:22",
                "00:1A:79:19:30:EB",
                "00:1A:79:18:12:AA",
                "00:1A:79:18:0A:62",
                "00:1A:79:1B:D0:13",
                "00:1A:79:21:38:59"
            ]
        },
        {
            "server_name": "youarespecial.uk:80",
            "server_url": "http://youarespecial.uk:80/c/",
            "macs": [
                "00:1A:79:23:41:62",
                "00:1A:79:22:41:E3",
                "00:1A:79:29:54:98",
                "00:1A:79:2A:B7:C0",
                "00:1A:79:2E:3F:05",
                "00:1A:79:31:EB:64",
                "00:1A:79:32:33:75",
                "00:1A:79:31:7A:D8",
                "00:1A:79:36:3D:17",
                "00:1A:79:32:90:57",
                "00:1A:79:34:D5:29",
                "00:1A:79:37:1B:B5",
                "00:1A:79:37:18:EF",
                "00:1A:79:37:38:9A",
                "00:1A:79:36:DD:7A",
                "00:1A:79:39:2c:89",
                "00:1A:79:39:5F:34",
                "00:1A:79:39:3F:7E",
                "00:1A:79:3A:27:FC",
                "00:1A:79:3A:D1:53",
                "00:1A:79:3A:B6:4D",
                "00:1A:79:3A:D5:5A",
                "00:1A:79:3B:7D:5F",
                "00:1A:79:3C:C8:B2",
                "00:1A:79:3C:C5:68",
                "00:1A:79:40:62:57",
                "00:1A:79:40:87:EE",
                "00:1A:79:40:a2:0d"
            ]
        },
        {
            "server_name": "v2pro.online:8080",
            "server_url": "http://v2pro.online:8080/c/",
            "macs": [
                "00:1A:79:3F:33:46",
                "00:1A:79:3F:BA:B5",
                "00:1A:79:41:A5:EE",
                "00:1A:79:41:C6:81",
                "00:1A:79:42:D8:CB",
                "00:1A:79:43:15:1E",
                "00:1A:79:43:4A:72",
                "00:1A:79:44:C1:DC",
                "00:1A:79:44:C2:F7",
                "00:1A:79:44:C3:87",
                "00:1A:79:44:C3:BE",
                "00:1A:79:45:51:20"
            ]
        },
        {
            "server_name": "180422.vps-me.com:1804",
            "server_url": "http://180422.vps-me.com:1804/c/",
            "macs": [
                "00:1A:79:5F:1F:56",
                "00:1A:79:69:7F:C8",
                "00:1A:79:4C:8F:63",
                "00:1A:79:CB:1F:73",
                "00:1A:79:33:0F:C3",
                "00:1A:79:65:2F:2D",
                "00:1A:79:EE:B5:BC",
                "00:1A:79:B5:BA:F4",
                "00:1A:79:E4:E4:BD",
                "00:1A:79:5B:BB:26",
                "00:1A:79:CB:2F:4E",
                "00:1A:79:FC:51:59",
                "00:1A:79:0C:0F:39",
                "00:1A:79:70:5F:9B",
                "00:1A:79:B8:C2:DA",
                "00:1A:79:24:8F:10",
                "00:1A:79:54:1F:33",
                "00:1A:79:40:1D:FC",
                "00:1A:79:60:2F:D6",
                "00:1A:79:69:2D:AB",
                "00:1A:79:6A:3F:38",
                "00:1A:79:6A:1F:07",
                "00:1A:79:6C:1F:9B",
                "00:1A:79:6D:4F:56",
                "00:1A:79:6D:5F:65",
                "00:1A:79:6A:6F:57",
                "00:1A:79:6A:9F:A5",
                "00:1A:79:69:8F:E0",
                "00:1A:79:6D:0F:64",
                "00:1A:79:6C:7B:A3",
                "00:1A:79:6A:9F:72",
                "00:1A:79:6D:5F:24",
                "00:1A:79:6A:5F:17",
                "00:1A:79:6F:59:C9",
                "00:1A:79:6D:4F:C6",
                "00:1A:79:6C:8F:15"
            ]
        },
        {
            "server_name": "ip.sltv.xyz:8080",
            "server_url": "http://ip.sltv.xyz:8080/c/",
            "macs": [
                "00:1A:79:95:41:6E"
            ]
        },
        {
            "server_name": "pamporea.xyz:8080",
            "server_url": "http://pamporea.xyz:8080/c/",
            "macs": [
                "00:1A:79:37:1A:D3"
            ]
        },
        {
            "server_name": "foxsatiptv.com:8080",
            "server_url": "http://foxsatiptv.com:8080/c/",
            "macs": [
                "00:1A:79:54:52:6F"
            ]
        },
        {
            "server_name": "152.89.61.181:25443",
            "server_url": "http://152.89.61.181:25443/c/",
            "macs": [
                "00:1A:79:4C:62:BE",
                "00:1A:79:56:B6:BD",
                "00:1A:79:56:D9:34"
            ]
        },
        {
            "server_name": "liveline.at:8080",
            "server_url": "http://liveline.at:8080/c/",
            "macs": [
                "00:1A:79:75:7A:91",
                "00:1A:79:C7:75:7E",
                "00:1A:79:B9:02:74"
            ]
        },
        {
            "server_name": "str1.isv.net:80",
            "server_url": "http://str1.isv.net:80/stalker_portal/c/",
            "macs": [
                "00:1A:79:28:BA:B6"
            ]
        },
        {
            "server_name": "a111.info",
            "server_url": "http://a111.info/stalker_portal/c/",
            "macs": [
                "00:1A:79:70:D6:B0",
                "00:1A:79:42:CF:1E"
            ]
        },
        {
            "server_name": "zio.t-v.io:80",
            "server_url": "http://zio.t-v.io:80/c/",
            "macs": [
                "00:1A:79:2b:7f:bf",
                "00:1A:79:19:39:b3",
                "00:1A:79:b1:f5:52",
                "00:1A:79:ae:1e:67",
                "00:1A:79:44:66:53",
                "00:1A:79:5d:03:f2"
            ]
        },
        {
            "server_name": "365tv.info:999",
            "server_url": "http://365tv.info:999/c/",
            "macs": [
                "00:1a:79:69:70:4d",
                "00:1a:79:4e:92:f5",
                "00:1a:79:56:a9:b3"
            ]
        },
        {
            "server_name": "ip.tvfhd.vip:8000",
            "server_url": "http://ip.tvfhd.vip:8000/c/",
            "macs": [
                "00:1A:79:4C:23:49",
                "00:1A:79:A6:9F:9D",
                "00:1A:79:DE:6F:FA",
                "00:1A:79:3A:C6:26",
                "00:1A:79:5E:D0:53",
                "00:1A:79:65:3C:36",
                "00:1A:79:51:EF:83",
                "00:1A:79:A3:0D:F0",
                "00:1A:79:30:65:62",
                "00:1A:79:4E:44:3E",
                "00:1A:79:71:90:3F",
                "00:1A:79:44:1F:19",
                "00:1A:79:B8:91:0F",
                "00:1A:79:36:FF:68",
                "00:1A:79:27:9F:F9"
            ]
        },
        {
            "server_name": "murphysway.live:80",
            "server_url": "http://murphysway.live:80/c/",
            "macs": [
                "00:1A:79:63:45:42",
                "00:1A:79:63:46:8A",
                "00:1A:79:64:10:C0",
                "00:1A:79:64:12:7F",
                "00:1A:79:64:12:CE",
                "00:1A:79:64:3B:2E",
                "00:1A:79:66:09:50",
                "00:1A:79:66:0B:BE",
                "00:1A:79:66:C2:27",
                "00:1A:79:66:8B:31",
                "00:1A:79:66:C8:81",
                "00:1A:79:66:CB:DE",
                "00:1A:79:66:C8:9C",
                "00:1A:79:66:D9:6A",
                "00:1A:79:66:D4:42",
                "00:1A:79:68:82:77",
                "00:1A:79:6B:7F:48",
                "00:1A:79:6B:CE:2A",
                "00:1A:79:6B:E1:26",
                "00:1A:79:6C:25:D0",
                "00:1A:79:6E:42:71",
                "00:1A:79:71:79:54",
                "00:1A:79:73:9D:94",
                "00:1A:79:73:A3:01",
                "00:1A:79:73:FF:5A",
                "00:1A:79:73:A3:0D",
                "00:1A:79:7D:89:65",
                "00:1A:79:7D:BB:F1",
                "00:1A:79:A2:EB:E4",
                "00:1A:79:A4:C9:90",
                "00:1A:79:A6:52:AA",
                "00:1A:79:AC:79:37",
                "00:1A:79:B0:C7:70",
                "00:1A:79:B4:0B:E8",
                "00:1A:79:B5:FD:53",
                "00:1A:79:B5:F3:D7",
                "00:1A:79:B6:8D:AA",
                "00:1A:79:B9:8F:73",
                "00:1A:79:B9:C8:63",
                "00:1A:79:BA:E2:62",
                "00:1A:79:BA:86:C9",
                "00:1A:79:BA:94:39",
                "00:1A:79:BF:93:2F",
                "00:1A:79:C2:32:E8",
                "00:1A:79:C2:46:60",
                "00:1A:79:C5:0F:3D",
                "00:1A:79:C5:12:38",
                "00:1A:79:E2:7F:D5",
                "00:1A:79:EC:EA:17"
            ]
        }
    ]
}