{
    "items": [
        {
            "server_name": "sinal.live:8080",
            "server_url": "http://sinal.live:8080/c/",
            "macs": [
                "00:1a:79:a5:5f:d6",
                "00:1a:79:a2:8f:a2",
                "00:1a:79:ab:5c:65",
                "00:1a:79:a9:c4:69",
                "00:1a:79:a1:aa:c4",
                "00:1a:79:ab:5e:9b",
                "00:1a:79:ac:31:02",
                "00:1a:79:ab:5f:c3",
                "00:1a:79:aa:6b:24",
                "00:1a:79:a6:63:bb",
                "00:1a:79:a6:b8:81",
                "00:1a:79:ae:a3:0a",
                "00:1a:79:a8:d6:7b",
                "00:1a:79:aa:79:78",
                "00:1a:79:ae:d4:84",
                "00:1a:79:a7:b0:1c",
                "00:1a:79:ab:ae:f3",
                "00:1a:79:a5:bd:31",
                "00:1a:79:ac:3a:e5",
                "00:1a:79:ab:4e:c6",
                "00:1a:79:a5:da:2f",
                "00:1a:79:a1:84:a0",
                "00:1a:79:a5:26:c6",
                "00:1a:79:ac:93:23",
                "00:1a:79:ae:c3:4a",
                "00:1a:79:a3:f0:c3"
            ]
        },
        {
            "server_name": "p1.iptvrocket.tv:80",
            "server_url": "http://p1.iptvrocket.tv:80/c/",
            "macs": [
                "00:1a:79:a3:c5:a7",
                "00:1a:79:08:31:22",
                "00:1a:79:aa:55:7f",
                "00:1a:79:31:34:c7",
                "00:1a:79:58:66:3d",
                "00:1a:79:7a:06:a0",
                "00:1a:79:c5:0f:c9"
            ]
        },
        {
            "server_name": "185.53.90.166:25461",
            "server_url": "http://185.53.90.166:25461/c/",
            "macs": [
                "00:1a:79:31:10:f6",
                "00:1a:79:5c:4c:c3"
            ]
        },
        {
            "server_name": "sharkytv.com:2082",
            "server_url": "http://sharkytv.com:2082/c/",
            "macs": [
                "00:1A:79:76:1B:78",
                "00:1A:79:7B:4C:BE",
                "00:1A:79:34:A5:59"
            ]
        },
        {
            "server_name": "scarnet.xyz:8880",
            "server_url": "http://scarnet.xyz:8880/c/",
            "macs": [
                "00:1A:79:3C:CD:4D",
                "00:1A:79:3E:74:27"
            ]
        },
        {
            "server_name": "evolpro.net:80",
            "server_url": "http://evolpro.net:80/c/",
            "macs": [
                "00:1A:79:00:19:05",
                "00:1A:79:00:1A:C9",
                "00:1A:79:00:1B:59",
                "00:1A:79:00:1B:7D",
                "00:1A:79:00:1C:18",
                "00:1A:79:00:1C:46",
                "00:1A:79:00:1C:DF",
                "00:1A:79:00:1E:3F",
                "00:1A:79:00:1F:C5",
                "00:1A:79:00:21:1A",
                "00:1A:79:00:22:4B",
                "00:1A:79:00:23:22",
                "00:1A:79:00:26:EC",
                "00:1A:79:00:27:40",
                "00:1A:79:00:27:C3",
                "00:1A:79:00:28:86",
                "00:1A:79:00:2A:83",
                "00:1A:79:00:2C:13",
                "00:1A:79:00:2B:73",
                "00:1A:79:00:2F:C3",
                "00:1A:79:00:32:34",
                "00:1A:79:00:35:BA",
                "00:1A:79:00:35:D4",
                "00:1A:79:00:37:E9",
                "00:1A:79:00:39:61",
                "00:1A:79:00:39:ED",
                "00:1A:79:00:3B:56",
                "00:1A:79:00:3B:64",
                "00:1A:79:00:3C:B1",
                "00:1A:79:00:3D:7B",
                "00:1A:79:00:3D:45",
                "00:1A:79:00:3C:CA",
                "00:1A:79:00:3E:5F",
                "00:1A:79:00:3E:93",
                "00:1A:79:00:40:0A"
            ]
        },
        {
            "server_name": "falcon.ac:5000",
            "server_url": "http://falcon.ac:5000/c/",
            "macs": [
                "00:1A:79:00:18:7A"
            ]
        },
        {
            "server_name": "magz.abcdxyz.one:80",
            "server_url": "http://magz.abcdxyz.one:80/c/",
            "macs": [
                "00:1A:79:B6:47:43",
                "00:1A:79:D6:17:AB",
                "00:1A:79:14:6F:9B",
                "00:1A:79:00:0B:48",
                "00:1A:79:4E:26:82",
                "00:1A:79:B7:30:15",
                "00:1A:79:01:99:2A",
                "00:1A:79:00:02:88",
                "00:1A:79:19:1E:B8",
                "00:1A:79:0D:00:97",
                "00:1A:79:8A:56:CF",
                "00:1A:79:27:E4:79",
                "00:1A:79:00:02:CF",
                "00:1A:79:00:06:91",
                "00:1A:79:AF:5F:00",
                "00:1A:79:0E:3F:06",
                "00:1A:79:18:1D:57",
                "00:1A:79:08:8F:84",
                "00:1A:79:47:35:0D",
                "00:1A:79:00:09:61",
                "00:1A:79:01:09:F1",
                "00:1A:79:AF:24:FC",
                "00:1A:79:47:35:BA",
                "00:1A:79:40:9A:EA"
            ]
        },
        {
            "server_name": "mat4k.com:8080",
            "server_url": "http://mat4k.com:8080/c/",
            "macs": [
                "00:1a:79:75:27:b5",
                "00:1a:79:a9:5e:73",
                "00:1a:79:ee:dd:2c"
            ]
        }
    ]
}