{
    "items": [
        {
            "server_name": "zerocube.co:8000",
            "server_url": "http://zerocube.co:8000/c/",
            "macs": [
                "00:1A:79:b5:17:d9",
                "00:1A:79:75:66:54",
                "00:1A:79:01:70:c7",
                "00:1A:79:00:7b:3e",
                "00:1A:79:d5:88:26",
                "00:1A:79:d4:4c:c2",
                "00:1A:79:46:6c:a5",
                "00:1A:79:24:07:75",
                "00:1A:79:27:9f:d7",
                "00:1A:79:87:23:20",
                "00:1A:79:a7:e0:c5",
                "00:1A:79:a2:2a:3c",
                "00:1A:79:67:08:14",
                "00:1A:79:eb:2c:6f",
                "00:1A:79:00:a5:3c",
                "00:1A:79:ad:ac:c8",
                "00:1A:79:12:54:d0",
                "00:1A:79:f0:02:bc",
                "00:1A:79:40:3d:c7",
                "00:1A:79:54:91:07",
                "00:1A:79:0b:51:51",
                "00:1A:79:bd:26:38",
                "00:1A:79:3b:89:d1",
                "00:1A:79:33:84:cd",
                "00:1A:79:00:79:c1"
            ]
        },
        {
            "server_name": "dream.frresh.art",
            "server_url": "http://dream.frresh.art/c/",
            "macs": [
                "00:1A:79:7b:d0:3c"
            ]
        },
        {
            "server_name": "caspertv.live:25463",
            "server_url": "http://caspertv.live:25463/c/",
            "macs": [
                "00:1A:79:a3:05:a6",
                "00:1A:79:03:99:36",
                "00:1A:79:72:f0:25",
                "00:1A:79:76:26:61",
                "00:1A:79:bf:6e:63",
                "00:1A:79:34:0f:c1",
                "00:1A:79:7d:49:2c",
                "00:1A:79:8b:39:85",
                "00:1A:79:5e:9f:8f",
                "00:1A:79:42:76:c6",
                "00:1A:79:48:70:66",
                "00:1A:79:2a:64:45"
            ]
        },
        {
            "server_name": "portal.geniptv.com:8080",
            "server_url": "http://portal.geniptv.com:8080/c/",
            "macs": [
                "00:1A:79:38:0E:38",
                "00:1A:79:49:65:71"
            ]
        },
        {
            "server_name": "sm-newmedia.xyz:8080",
            "server_url": "http://sm-newmedia.xyz:8080/c/",
            "macs": [
                "00:1A:79:e8:e7:ba",
                "00:1A:79:2a:1e:65",
                "00:1A:79:09:36:2e"
            ]
        },
        {
            "server_name": "minnie.tvweb.org:8080",
            "server_url": "http://minnie.tvweb.org:8080/c/",
            "macs": [
                "00:1A:79:bd:6b:5a",
                "00:1A:79:a7:ad:7e",
                "00:1A:79:4d:e5:c1",
                "00:1A:79:32:83:5a",
                "00:1A:79:b9:83:43",
                "00:1A:79:6a:a6:2f",
                "00:1A:79:56:f2:12",
                "00:1A:79:5f:c5:3c",
                "00:1A:79:96:7a:53",
                "00:1A:79:4f:bd:62",
                "00:1A:79:44:85:0e",
                "00:1A:79:4e:09:d6",
                "00:1A:79:2b:91:50",
                "00:1A:79:2b:8b:57",
                "00:1A:79:65:d4:46"
            ]
        },
        {
            "server_name": "portal.geniptv.com:8080",
            "server_url": "http://portal.geniptv.com:8080/c/",
            "macs": [
                "00:1A:79:3d:79:7b",
                "00:1A:79:e5:0c:61",
                "00:1A:79:a3:69:7b",
                "00:1A:79:ba:21:99",
                "00:1A:79:bd:4f:56",
                "00:1A:79:ad:ff:b4",
                "00:1A:79:6b:48:6d",
                "00:1A:79:aa:74:bc",
                "00:1A:79:6f:1a:d6",
                "00:1A:79:56:03:ca",
                "00:1A:79:ab:57:84",
                "00:1A:79:66:24:fc",
                "00:1A:79:bb:c5:1c",
                "00:1A:79:a4:7d:5d",
                "00:1A:79:4e:93:7d",
                "00:1A:79:5f:dd:e6",
                "00:1A:79:e2:7f:46",
                "00:1A:79:dd:d5:ff",
                "00:1A:79:A3:8F:D4",
                "00:1A:79:aa:cc:2e",
                "00:1A:79:a9:f0:e8",
                "00:1A:79:47:9e:56",
                "00:1A:79:15:49:27",
                "00:1A:79:ad:1a:97"
            ]
        }
    ]
}