{
    "items": [
        {
            "server_name": "kage.habla.shop",
            "server_url": "http://kage.habla.shop/c/",
            "macs": [
                "00:1A:79:2A:08:4C",
                "00:1A:79:2A:09:06",
                "00:1A:79:2A:22:3F",
                "00:1A:79:2A:22:40",
                "00:1A:79:2A:2B:59",
                "00:1A:79:2A:2B:5D",
                "00:1A:79:2A:2B:83",
                "00:1A:79:2A:3E:E3",
                "00:1A:79:2A:3E:E9",
                "00:1A:79:2A:3F:6E",
                "00:1A:79:2A:3F:7D",
                "00:1A:79:2A:3F:E3",
                "00:1A:79:2A:47:ED",
                "00:1A:79:2A:4C:EE",
                "00:1A:79:2A:4C:F1",
                "00:1A:79:2A:52:67",
                "00:1A:79:2A:52:AA",
                "00:1A:79:2A:53:25",
                "00:1A:79:2A:53:52",
                "00:1A:79:2A:64:A8",
                "00:1A:79:2A:64:D8",
                "00:1A:79:2A:69:5E",
                "00:1A:79:2A:6B:05",
                "00:1A:79:2A:6B:4E",
                "00:1A:79:2A:79:EA",
                "00:1A:79:2A:79:F3",
                "00:1A:79:2A:8A:60",
                "00:1A:79:31:92:11",
                "00:1A:79:31:92:D8",
                "00:1A:79:31:96:04",
                "00:1A:79:32:91:BD",
                "00:1A:79:37:13:F7",
                "00:1A:79:37:1E:69",
                "00:1A:79:37:22:05",
                "00:1A:79:37:22:1C",
                "00:1A:79:37:22:62",
                "00:1A:79:3A:2D:3A",
                "00:1A:79:3A:6F:03",
                "00:1A:79:3D:28:92",
                "00:1A:79:40:07:1F",
                "00:1A:79:40:3B:09",
                "00:1A:79:40:3C:30",
                "00:1A:79:40:3C:F8",
                "00:1A:79:40:45:38",
                "00:1A:79:40:45:3B",
                "00:1A:79:40:96:8B"
            ]
        },
        {
            "server_name": "monksiptv.biz",
            "server_url": "http://monksiptv.biz/c/",
            "macs": [
                "00:1A:79:B2:08:D8",
                "00:1A:79:30:AE:30",
                "00:1A:79:9A:0F:EC",
                "00:1A:79:4D:92:C4",
                "00:1A:79:A1:A3:EC",
                "00:1A:79:27:42:FE",
                "00:1A:79:09:D2:F7",
                "00:1A:79:43:EC:C7",
                "00:1A:79:0E:D1:C4",
                "00:1A:79:56:29:36",
                "00:1A:79:E6:A5:56",
                "00:1A:79:B8:A4:84",
                "00:1A:79:5C:D1:22",
                "00:1A:79:D2:4F:8D",
                "00:1A:79:35:58:82",
                "00:1A:79:C2:32:2E",
                "00:1A:79:EC:C4:20",
                "00:1A:79:5A:A2:EB",
                "00:1A:79:10:43:34",
                "00:1A:79:18:03:A1",
                "00:1A:79:00:2D:69",
                "00:1A:79:22:76:8F",
                "00:1A:79:AA:2B:23",
                "00:1A:79:B5:08:D2",
                "00:1A:79:1B:7B:D6",
                "00:1A:79:7C:D2:B3",
                "00:1A:79:AB:33:5E",
                "00:1A:79:B3:24:F5",
                "00:1A:79:7F:84:B4",
                "00:1A:79:82:2A:71",
                "00:1A:79:25:85:2C",
                "00:1A:79:AD:95:78",
                "00:1A:79:2B:24:E9",
                "00:1A:79:DB:09:CF",
                "00:1A:79:BC:18:C4",
                "00:1A:79:18:06:52",
                "00:1A:79:18:0A:D9",
                "00:1A:79:47:84:95",
                "00:1A:79:30:C1:7A",
                "00:1A:79:76:48:C3",
                "00:1A:79:83:BC:35",
                "00:1A:79:B8:15:78",
                "00:1A:79:A6:3A:9D",
                "00:1A:79:CB:C9:E5"
            ]
        },
        {
            "server_name": "neomixs.com:8080",
            "server_url": "http://neomixs.com:8080/c/",
            "macs": [
                "00:1A:79:72:AC:C2",
                "00:1A:79:63:D7:F7",
                "00:1A:79:85:D3:F5",
                "00:1A:79:47:F9:3F",
                "00:1A:79:B2:A2:41",
                "00:1A:79:04:78:E1",
                "00:1A:79:BD:47:23",
                "00:1A:79:3B:04:06",
                "00:1A:79:95:41:6E",
                "00:1A:79:85:E6:E3",
                "00:1A:79:4F:50:65",
                "00:1A:79:A9:DA:B7",
                "00:1A:79:CD:77:B8",
                "00:1A:79:76:0C:B6",
                "00:1A:79:C8:25:CD",
                "00:1A:79:0C:DC:D3"
            ]
        },
        {
            "server_name": "88.119.212.24:8666",
            "server_url": "http://88.119.212.24:8666/c/",
            "macs": [
                "00:1A:79:A7:A9:F2",
                "00:1A:79:A7:A7:51"
            ]
        },
        {
            "server_name": "sa.magnetukas.lt:8666",
            "server_url": "http://sa.magnetukas.lt:8666/c/",
            "macs": [
                "00:1A:79:AF:74:02",
                "00:1A:79:AB:D9:39",
                "00:1A:79:A7:A8:6F",
                "00:1A:79:B5:9F:2C"
            ]
        },
        {
            "server_name": "139.162.233.71",
            "server_url": "http://139.162.233.71/stalker_portal/c/",
            "macs": [
                "00:1A:79:00:0A:21",
                "00:1A:79:00:0F:94",
                "00:1A:79:00:17:68",
                "00:1A:79:00:10:2B",
                "00:1A:79:00:41:9E",
                "00:1A:79:00:4E:DB",
                "00:1A:79:00:5F:0F",
                "00:1A:79:00:8A:35",
                "00:1A:79:00:9A:18",
                "00:1A:79:00:E8:43",
                "00:1A:79:00:F9:E6",
                "00:1A:79:00:F5:AF",
                "00:1A:79:01:02:99",
                "00:1A:79:01:23:45",
                "00:1A:79:01:18:FE",
                "00:1A:79:01:3D:CC",
                "00:1A:79:01:96:6A",
                "00:1A:79:01:94:82",
                "00:1A:79:01:D1:78",
                "00:1A:79:01:A4:D9",
                "00:1A:79:02:36:B6",
                "00:1A:79:02:AF:39",
                "00:1A:79:02:C0:2F",
                "00:1A:79:02:4B:B5",
                "00:1A:79:03:0E:70",
                "00:1A:79:03:1f:9d",
                "00:1A:79:03:12:89",
                "00:1A:79:03:7E:9F",
                "00:1A:79:02:FC:DC",
                "00:1A:79:03:B3:28",
                "00:1A:79:03:22:7D",
                "00:1A:79:04:14:34",
                "00:1A:79:04:35:E2",
                "00:1A:79:04:EE:CF",
                "00:1A:79:04:69:41",
                "00:1A:79:04:D5:20",
                "00:1A:79:05:03:13",
                "00:1A:79:05:BD:C2",
                "00:1A:79:05:AE:AD",
                "00:1A:79:05:30:34",
                "00:1A:79:05:3D:BE",
                "00:1A:79:05:DE:C2",
                "00:1A:79:06:A7:21",
                "00:1A:79:07:21:81",
                "00:1A:79:07:75:A7",
                "00:1A:79:06:D2:86",
                "00:1A:79:07:76:7F",
                "00:1A:79:07:E7:D4",
                "00:1A:79:07:DF:14",
                "00:1A:79:07:B1:30",
                "00:1A:79:08:E7:CA",
                "00:1A:79:09:5B:B5",
                "00:1A:79:09:7E:F2",
                "00:1A:79:09:CB:6E",
                "00:1A:79:09:C0:CC",
                "00:1A:79:09:D5:24",
                "00:1A:79:09:D4:E4",
                "00:1A:79:09:C8:99",
                "00:1A:79:09:D3:77",
                "00:1A:79:0B:38:38",
                "00:1A:79:0B:8F:0B",
                "00:1A:79:0C:7D:A7",
                "00:1A:79:0C:E2:EF",
                "00:1A:79:0F:0C:16",
                "00:1A:79:11:8F:D1",
                "00:1A:79:10:EB:12",
                "00:1A:79:19:38:B9",
                "00:1A:79:19:20:E3",
                "00:1A:79:1A:FB:DA",
                "00:1A:79:20:0D:5A",
                "00:1A:79:1E:2F:87",
                "00:1A:79:20:E3:6A",
                "00:1A:79:25:B3:F2",
                "00:1A:79:26:DF:54",
                "00:1A:79:2C:74:C5",
                "00:1A:79:2B:F6:C3",
                "00:1A:79:2F:3D:E9",
                "00:1A:79:30:5D:C8",
                "00:1A:79:30:1F:31",
                "00:1A:79:31:30:31",
                "00:1A:79:31:64:61",
                "00:1A:79:32:27:E8",
                "00:1A:79:31:68:FC",
                "00:1A:79:34:3F:3D",
                "00:1A:79:34:91:D5",
                "00:1A:79:35:49:97",
                "00:1A:79:35:7F:35",
                "00:1A:79:36:23:B5",
                "00:1A:79:36:32:6F",
                "00:1A:79:37:08:CA",
                "00:1A:79:37:12:02",
                "00:1A:79:3A:A9:F4"
            ]
        }
    ]
}