{
    "items": [
        {
            "server_name": "mods.rocks:8080",
            "server_url": "http://mods.rocks:8080/c/",
            "macs": [
                "00:1a:79:a2:e4:92",
                "00:1a:79:e6:77:33",
                "00:1a:79:a3:8d:16",
                "00:1A:79:86:27:50",
                "00:1a:79:11:3e:17",
                "00:1a:79:48:c1:ad",
                "00:1a:79:36:3e:92",
                "00:1a:79:32:71:16",
                "00:1a:79:30:c4:01",
                "00:1a:79:37:6d:64",
                "00:1a:79:31:7b:49",
                "00:1a:79:33:62:c5",
                "00:1a:79:45:00:3d",
                "00:1a:79:47:44:6b"
            ]
        },
        {
            "server_name": "barebudget.h1ott.com:80",
            "server_url": "http://barebudget.h1ott.com:80/c/",
            "macs": [
                "00:1A:79:E5:AC:E7",
                "00:1A:79:0D:DE:72",
                "00:1A:79:D5:2B:02",
                "00:1A:79:03:18:00",
                "00:1A:79:57:C8:E0"
            ]
        },
        {
            "server_name": "mensstan.h1ott.com",
            "server_url": "http://mensstan.h1ott.com/c/",
            "macs": [
                "00:1A:79:4C:2D:53",
                "00:1A:79:B6:D1:2D",
                "00:1A:79:8C:01:19",
                "00:1A:79:3F:0E:CC",
                "00:1A:79:B8:24:9B",
                "00:1A:79:37:2A:CC"
            ]
        },
        {
            "server_name": "dujpral.ddns.me:82",
            "server_url": "http://dujpral.ddns.me:82/c/",
            "macs": [
                "00:1A:79:45:6F:A6"
            ]
        },
        {
            "server_name": "ms.moip.info:18080",
            "server_url": "http://ms.moip.info:18080/c/",
            "macs": [
                "00:1A:79:40:18:7D"
            ]
        },
        {
            "server_name": "bluearmy.xyz:8880",
            "server_url": "http://bluearmy.xyz:8880/c/",
            "macs": [
                "00:1A:79:00:32:00",
                "00:1A:79:00:32:02",
                "00:1A:79:00:5C:F7",
                "00:1A:79:00:64:f1",
                "00:1A:79:00:77:3C",
                "00:1A:79:01:18:6E",
                "00:1A:79:01:57:28",
                "00:1A:79:01:87:1A",
                "00:1A:79:02:4D:9F",
                "00:1A:79:02:4A:45",
                "00:1A:79:02:6B:8C",
                "00:1A:79:02:8E:58",
                "00:1A:79:02:93:00",
                "00:1A:79:03:19:7B",
                "00:1A:79:03:61:53",
                "00:1A:79:03:AB:33",
                "00:1A:79:03:C8:8F",
                "00:1A:79:03:CF:7E",
                "00:1A:79:04:14:34",
                "00:1A:79:04:69:41",
                "00:1A:79:05:08:93",
                "00:1A:79:05:25:31",
                "00:1A:79:05:36:6A",
                "00:1A:79:05:30:34",
                "00:1A:79:05:91:32",
                "00:1A:79:05:DD:C7",
                "00:1A:79:06:B6:93",
                "00:1A:79:06:7F:6E",
                "00:1A:79:07:05:18",
                "00:1A:79:07:04:18",
                "00:1A:79:07:9A:AD",
                "00:1A:79:07:A9:2B",
                "00:1A:79:07:E5:A4",
                "00:1A:79:08:60:CD",
                "00:1A:79:08:60:09",
                "00:1A:79:08:7D:AA",
                "00:1A:79:09:31:80",
                "00:1A:79:09:C9:60"
            ]
        },
        {
            "server_name": "mag.x-iptv.live",
            "server_url": "http://mag.x-iptv.live/c/",
            "macs": [
                "00:1a:79:62:0f:7b",
                "00:1a:79:2f:91:5b",
                "00:1a:79:4c:69:94",
                "00:1a:79:6b:8b:6a",
                "00:1a:79:4c:2d:3d",
                "00:1a:79:97:3c:26",
                "00:1a:79:53:2e:0e",
                "00:1a:79:17:22:6e",
                "00:1a:79:36:66:37",
                "00:1a:79:0e:17:57",
                "00:1a:79:56:4f:5b",
                "00:1a:79:5f:3b:38",
                "00:1a:79:4b:5c:81",
                "00:1a:79:3a:98:0f",
                "00:1a:79:79:89:5d",
                "00:1a:79:94:01:62",
                "00:1a:79:02:2a:76",
                "00:1a:79:6d:5f:68",
                "00:1a:79:51:65:0d",
                "00:1a:79:66:7f:65",
                "00:1a:79:02:51:13",
                "00:1a:79:78:64:62",
                "00:1a:79:00:5e:5f",
                "00:1a:79:94:03:93",
                "00:1a:79:3b:7f:97",
                "00:1a:79:70:0e:45",
                "00:1a:79:4c:2d:63",
                "00:1a:79:04:0f:76",
                "00:1a:79:18:18:72",
                "00:1a:79:79:6d:0e",
                "00:1a:79:76:63:11",
                "00:1a:79:94:62:81",
                "00:1a:79:76:30:34",
                "00:1a:79:24:16:51",
                "00:1a:79:82:73:76"
            ]
        },
        {
            "server_name": "poyraz67.com:8080",
            "server_url": "http://poyraz67.com:8080/c/",
            "macs": [
                "00:1A:79:a9:c8:6e",
                "00:1A:79:71:f4:33",
                "00:1A:79:56:15:27",
                "00:1A:79:47:61:c5",
                "00:1A:79:4b:aa:b3",
                "00:1A:79:50:94:05",
                "00:1A:79:99:24:74",
                "00:1A:79:bd:68:6b",
                "00:1A:79:6f:15:48",
                "00:1A:79:42:30:30",
                "00:1A:79:e8:54:46",
                "00:1A:79:42:4d:67",
                "00:1A:79:6e:16:c0",
                "00:1A:79:ab:b5:2f",
                "00:1A:79:00:ed:e2",
                "00:1A:79:47:70:a8",
                "00:1A:79:4f:ca:63",
                "00:1A:79:1a:96:36",
                "00:1A:79:b6:de:37",
                "00:1A:79:59:7b:26",
                "00:1A:79:79:6f:69",
                "00:1A:79:03:6f:57",
                "00:1A:79:03:2b:7b",
                "00:1A:79:bf:e3:19",
                "00:1A:79:67:71:dd",
                "00:1A:79:04:d8:5b",
                "00:1A:79:d6:78:fd",
                "00:1A:79:8a:de:90",
                "00:1A:79:58:74:7c",
                "00:1A:79:3a:fb:92",
                "00:1A:79:d8:64:39",
                "00:1A:79:29:f2:5a",
                "00:1A:79:4f:07:04",
                "00:1A:79:31:9a:56",
                "00:1A:79:77:eb:91",
                "00:1A:79:a6:2b:aa",
                "00:1A:79:bc:ac:18",
                "00:1A:79:8a:e4:5b",
                "00:1A:79:2a:d2:06",
                "00:1A:79:71:cf:68",
                "00:1A:79:5f:c3:7d",
                "00:1A:79:6f:32:4b",
                "00:1A:79:bc:4f:8b",
                "00:1A:79:c7:0b:5d",
                "00:1A:79:88:61:50",
                "00:1A:79:0f:78:a8",
                "00:1A:79:ee:94:23",
                "00:1A:79:a5:d5:9b",
                "00:1A:79:08:f5:97",
                "00:1A:79:85:80:ee",
                "00:1A:79:44:af:77",
                "00:1A:79:ba:9e:31",
                "00:1A:79:a8:09:87",
                "00:1A:79:7f:8c:1b",
                "00:1A:79:b7:40:4f",
                "00:1A:79:c1:9c:17",
                "00:1A:79:90:21:ca",
                "00:1A:79:d6:9c:07",
                "00:1A:79:e0:0f:30"
            ]
        }
    ]
}