{
    "items": [
        {
            "server_name": "146.19.180.20",
            "server_url": "http://146.19.180.20/c/",
            "macs": [
                "00:1a:79:c1:aa:0e",
                "00:1a:79:bf:c0:1b",
                "00:1a:79:55:82:dc",
                "00:1a:79:21:0b:dc",
                "00:1a:79:ae:76:87",
                "00:1a:79:bf:e6:c0",
                "00:1a:79:4c:5a:c9",
                "00:1a:79:b6:b8:13",
                "00:1a:79:08:97:25",
                "00:1a:79:19:09:97",
                "00:1a:79:74:36:78",
                "00:1a:79:ad:73:c1",
                "00:1a:79:6e:c6:85",
                "00:1a:79:bf:90:97",
                "00:1a:79:ae:b7:bd",
                "00:1a:79:4f:32:f5",
                "00:1a:79:6f:76:04"
            ]
        },
        {
            "server_name": "dragon4k.com:8000",
            "server_url": "http://dragon4k.com:8000/c/",
            "macs": [
                "00:1a:79:a6:44:00",
                "00:1a:79:2b:7d:e6",
                "00:1a:79:98:f2:3c",
                "00:1a:79:0e:6a:0c",
                "00:1a:79:18:16:13",
                "00:1a:79:c3:6c:05",
                "00:1a:79:5d:e3:3d",
                "00:1a:79:2a:d2:45",
                "00:1a:79:f3:b8:9f",
                "00:1a:79:73:f6:26",
                "00:1a:79:5e:e5:8a",
                "00:1a:79:37:2e:a2",
                "00:1a:79:80:61:83",
                "00:1a:79:16:fa:3d",
                "00:1a:79:56:aa:fd",
                "00:1a:79:b7:97:38",
                "00:1a:79:ab:67:4d",
                "00:1a:79:58:08:bc",
                "00:1a:79:64:b4:ea",
                "00:1a:79:a7:07:41",
                "00:1a:79:82:d1:61",
                "00:1a:79:17:cc:f1",
                "00:1a:79:41:4a:55",
                "00:1a:79:3e:02:5e",
                "00:1a:79:45:f8:6b",
                "00:1a:79:85:de:4b",
                "00:1a:79:b2:14:a2",
                "00:1a:79:45:0c:65",
                "00:1a:79:c8:86:b3",
                "00:1a:79:d5:ea:7b",
                "00:1a:79:a7:9f:1c",
                "00:1a:79:42:1b:e7",
                "00:1a:79:2a:d2:e3",
                "00:1a:79:78:1c:b4",
                "00:1a:79:6c:9a:71",
                "00:1a:79:05:b1:a2",
                "00:1a:79:99:74:17",
                "00:1a:79:ad:f9:74",
                "00:1a:79:51:b5:c1",
                "00:1a:79:5f:37:db",
                "00:1a:79:af:89:eb",
                "00:1a:79:2a:dd:f1",
                "00:1a:79:c9:1e:86",
                "00:1a:79:73:d3:f4"
            ]
        },
        {
            "server_name": "heretv.club",
            "server_url": "http://heretv.club/c/",
            "macs": [
                "00:1a:79:3e:65:15",
                "00:1a:79:62:a6:cc",
                "00:1a:79:4b:60:f6",
                "00:1a:79:31:d8:b1",
                "00:1a:79:49:ca:fc",
                "00:1a:79:50:ce:79",
                "00:1a:79:6d:fc:5c",
                "00:1a:79:78:e6:6a",
                "00:1a:79:c0:a1:4d",
                "00:1a:79:ab:be:4c",
                "00:1a:79:a4:5d:e0",
                "00:1a:79:6c:a4:b5",
                "00:1a:79:5b:05:57",
                "00:1a:79:b0:63:32",
                "00:1a:79:ba:a5:d1",
                "00:1a:79:ad:11:3f",
                "00:1a:79:b7:77:ad",
                "00:1a:79:1f:5a:5c",
                "00:1a:79:a6:60:0c",
                "00:1a:79:b0:66:0f",
                "00:1a:79:a8:d5:e0",
                "00:1a:79:3a:7a:3f",
                "00:1a:79:62:c7:8f",
                "00:1a:79:3a:2a:62",
                "00:1a:79:67:c1:ab",
                "00:1a:79:53:11:a5",
                "00:1a:79:aa:4f:1f",
                "00:1a:79:b1:57:b1",
                "00:1a:79:63:bd:80",
                "00:1a:79:b1:f7:f0",
                "00:1a:79:ba:34:b2",
                "00:1a:79:f3:00:5f",
                "00:1a:79:05:05:ce",
                "00:1a:79:a0:20:2e"
            ]
        },
        {
            "server_name": "powerip.be:8000",
            "server_url": "http://powerip.be:8000/c/",
            "macs": [
                "00:1a:79:60:0b:76",
                "00:1a:79:a1:ca:4e",
                "00:1a:79:bf:26:fe",
                "00:1a:79:70:da:83",
                "00:1a:79:74:7e:05",
                "00:1a:79:27:e3:2a",
                "00:1a:79:62:aa:93",
                "00:1a:79:ac:8a:20",
                "00:1a:79:57:a3:a1",
                "00:1a:79:59:09:a1",
                "00:1a:79:43:9c:2a",
                "00:1a:79:64:01:12",
                "00:1a:79:42:a3:eb",
                "00:1a:79:03:77:4f",
                "00:1a:79:68:f8:6a",
                "00:1a:79:06:ae:75",
                "00:1a:79:8b:dd:39",
                "00:1a:79:44:84:ba",
                "00:1a:79:3d:74:17",
                "00:1a:79:bc:21:a1",
                "00:1a:79:2a:d2:b3",
                "00:1a:79:40:93:f0",
                "00:1a:79:b0:4e:99",
                "00:1a:79:6f:9a:cb",
                "00:1a:79:ba:a0:e6",
                "00:1a:79:5a:3c:fe",
                "00:1a:79:2a:d3:70",
                "00:1a:79:6b:11:4a",
                "00:1a:79:bf:84:2a",
                "00:1a:79:01:43:d6",
                "00:1a:79:aa:59:32",
                "00:1a:79:98:22:84",
                "00:1a:79:3e:7b:da",
                "00:1a:79:e9:72:1d",
                "00:1a:79:23:ac:2e",
                "00:1a:79:a0:3d:ba",
                "00:1a:79:4b:69:cc",
                "00:1a:79:41:c8:e3",
                "00:1a:79:12:f3:1f",
                "00:1a:79:ca:00:34",
                "00:1a:79:5d:0c:47",
                "00:1a:79:54:24:d7",
                "00:1a:79:75:4e:b5",
                "00:1a:79:93:15:02",
                "00:1a:79:26:92:62",
                "00:1a:79:58:75:57",
                "00:1a:79:d2:a9:46"
            ]
        },
        {
            "server_name": "enndy75.com:8080",
            "server_url": "http://enndy75.com:8080/c/",
            "macs": [
                "00:1a:79:34:c4:ec"
            ]
        },
        {
            "server_name": "esv5.net:80",
            "server_url": "http://esv5.net:80/c/",
            "macs": [
                "00:1a:79:6c:b8:59",
                "00:1a:79:af:2d:cd"
            ]
        },
        {
            "server_name": "line.premiumpowers.net",
            "server_url": "http://line.premiumpowers.net/c/",
            "macs": [
                "00:1a:79:8a:33:8d",
                "00:1a:79:be:96:85",
                "00:1a:79:70:b9:d8",
                "00:1a:79:1d:22:a2",
                "00:1a:79:c9:01:c1",
                "00:1a:79:f7:6e:69",
                "00:1a:79:d8:f3:2f"
            ]
        },
        {
            "server_name": "en.softiptv.com:88",
            "server_url": "http://en.softiptv.com:88/c/",
            "macs": [
                "00:1a:79:8a:80:ba"
            ]
        },
        {
            "server_name": "zio.t-v.io",
            "server_url": "http://zio.t-v.io/c/",
            "macs": [
                "00:1a:79:c0:7c:b5",
                "00:1a:79:44:ac:e6",
                "00:1a:79:ae:36:2a",
                "00:1a:79:ae:13:b3",
                "00:1a:79:6b:5f:8f",
                "00:1a:79:bb:bf:a1"
            ]
        },
        {
            "server_name": "bossco.pro",
            "server_url": "http://bossco.pro/c/",
            "macs": [
                "00:1a:79:22:4b:10"
            ]
        },
        {
            "server_name": "toptentv.xyz:8080",
            "server_url": "http://toptentv.xyz:8080/c/",
            "macs": [
                "00:1a:79:5c:e8:2b",
                "00:1a:79:63:e3:a5",
                "00:1a:79:6d:64:40",
                "00:1a:79:51:ad:39",
                "00:1a:79:52:fe:5f",
                "00:1a:79:a3:32:e5",
                "00:1a:79:34:ee:ec"
            ]
        },
        {
            "server_name": "mag.diamondma.club",
            "server_url": "http://mag.diamondma.club/c/",
            "macs": [
                "00:1a:79:b4:56:be",
                "00:1a:79:a1:f2:a3",
                "00:1a:79:49:66:f6",
                "00:1a:79:bd:2f:a3",
                "00:1a:79:90:6c:36",
                "00:1a:79:4f:36:34",
                "00:1a:79:b6:3a:20",
                "00:1a:79:2b:c0:4d",
                "00:1a:79:8e:32:88",
                "00:1a:79:c0:40:34",
                "00:1a:79:bc:5f:7c",
                "00:1a:79:f1:82:df",
                "00:1a:79:a3:d7:70",
                "00:1a:79:ad:0d:23"
            ]
        },
        {
            "server_name": "f1.millenium-ott.com:25443",
            "server_url": "http://f1.millenium-ott.com:25443/c/",
            "macs": [
                "00:1a:79:6a:64:ee",
                "00:1a:79:bd:09:2a"
            ]
        },
        {
            "server_name": "bozhd.eu:7575",
            "server_url": "http://bozhd.eu:7575/c/",
            "macs": [
                "00:1a:79:44:6d:93",
                "00:1a:79:51:b5:1f",
                "00:1a:79:40:68:b5",
                "00:1a:79:a7:8f:83",
                "00:1a:79:2c:42:80",
                "00:1a:79:a2:6e:db",
                "00:1a:79:40:31:92",
                "00:1a:79:47:81:01",
                "00:1a:79:18:03:b4",
                "00:1a:79:1b:ce:74",
                "00:1a:79:3a:51:bd",
                "00:1a:79:17:32:0a",
                "00:1a:79:34:96:9a"
            ]
        },
        {
            "server_name": "feenyx.xyz",
            "server_url": "http://feenyx.xyz/c/",
            "macs": [
                "00:1a:79:b8:0d:de",
                "00:1a:79:b3:58:c5"
            ]
        },
        {
            "server_name": "ip.web-splayer.com:8080",
            "server_url": "http://ip.web-splayer.com:8080/c/",
            "macs": [
                "00:1a:79:31:eb:d3",
                "00:1a:79:43:7e:8d",
                "00:1a:79:ab:ca:df",
                "00:1a:79:fc:7b:b7",
                "00:1a:79:b3:1a:e6",
                "00:1a:79:5d:e3:11",
                "00:1a:79:2a:d2:2b",
                "00:1a:79:47:d1:be",
                "00:1a:79:81:c2:43",
                "00:1a:79:bd:58:88",
                "00:1a:79:8e:8e:6e",
                "00:1a:79:84:71:bd",
                "00:1a:79:3a:a0:f4",
                "00:1a:79:73:09:f9",
                "00:1a:79:8a:94:ae",
                "00:1a:79:26:b4:d0"
            ]
        }
    ]
}