{
    "items": [
        {
            "server_name": "live.redfhd.com:8000",
            "server_url": "http://live.redfhd.com:8000/c/",
            "macs": [
                "00:1A:79:c8:e4:05",
                "00:1A:79:53:c7:5e",
                "00:1A:79:00:32:45",
                "00:1A:79:4e:fa:17",
                "00:1A:79:ab:5d:83",
                "00:1A:79:ac:6f:07",
                "00:1A:79:03:b0:03",
                "00:1A:79:29:cd:0f",
                "00:1A:79:50:01:21",
                "00:1A:79:4d:7a:48",
                "00:1A:79:11:f4:7a",
                "00:1A:79:51:e5:df",
                "00:1A:79:6f:15:67",
                "00:1A:79:ad:3d:38"
            ]
        },
        {
            "server_name": "old.russoreal.com",
            "server_url": "http://old.russoreal.com/stalker_portal/c/",
            "macs": [
                "00:1A:79:5F:BC:0A",
                "00:1a:79:ce:8a:3f"
            ]
        },
        {
            "server_name": "myf-tv.com:8080",
            "server_url": "http://myf-tv.com:8080/c/",
            "macs": [
                "00:1A:79:B9:FC:80",
                "00:1A:79:C0:C8:1E"
            ]
        },
        {
            "server_name": "otn20.com:8000",
            "server_url": "http://otn20.com:8000/c/",
            "macs": [
                "00:1A:79:64:EB:42"
            ]
        },
        {
            "server_name": "tv.tvzon.tv",
            "server_url": "http://tv.tvzon.tv/stalker_portal/c/",
            "macs": [
                "00:1A:79:66:d9:7a",
                "00:1A:79:66:28:a2",
                "00:1A:79:70:66:dc"
            ]
        },
        {
            "server_name": "proxy.ottoprime.net:80",
            "server_url": "http://proxy.ottoprime.net:80/c/",
            "macs": [
                "00:1a:79:ab:3e:4b",
                "00:1a:79:c0:37:99",
                "00:1a:79:6a:c6:6e",
                "00:1a:79:53:ea:8c",
                "00:1a:79:bd:3f:b1",
                "00:1a:79:b5:2b:25",
                "00:1a:79:7a:af:ca",
                "00:1a:79:59:17:29",
                "00:1a:79:95:3c:45",
                "00:1a:79:c7:9f:60",
                "00:1a:79:fb:7f:d3",
                "00:1a:79:5c:55:03",
                "00:1a:79:c2:7c:ab",
                "00:1a:79:b0:cf:0e"
            ]
        },
        {
            "server_name": "p1.reborntech.ch:25461",
            "server_url": "http://p1.reborntech.ch:25461/c/",
            "macs": [
                "00:1A:79:1D:38:4F",
                "00:1A:79:1D:38:5A",
                "00:1A:79:1E:5A:3A",
                "00:1A:79:1E:CA:EB",
                "00:1A:79:1E:CA:B6",
                "00:1A:79:1E:CA:F4",
                "00:1A:79:1E:CA:B7",
                "00:1A:79:25:5D:68",
                "00:1A:79:27:9E:AB",
                "00:1A:79:27:9E:AF",
                "00:1A:79:27:9E:D1",
                "00:1A:79:27:9E:E6",
                "00:1A:79:27:E4:76",
                "00:1A:79:27:E4:94",
                "00:1A:79:27:E4:89",
                "00:1A:79:27:E4:AD",
                "00:1A:79:27:E4:A9",
                "00:1A:79:28:A5:D3",
                "00:1A:79:29:0F:BF",
                "00:1A:79:2A:1B:5E",
                "00:1A:79:2A:1C:5D",
                "00:1A:79:2D:03:10",
                "00:1A:79:2E:2A:2C",
                "00:1A:79:2E:38:5C",
                "00:1A:79:2F:1A:F2",
                "00:1A:79:1D:38:4F",
                "00:1A:79:1D:38:5A",
                "00:1A:79:1E:5A:3A",
                "00:1A:79:1E:CA:EB",
                "00:1A:79:1E:CA:B6",
                "00:1A:79:1E:CA:F4",
                "00:1A:79:1E:CA:B7",
                "00:1A:79:25:5D:68",
                "00:1A:79:27:9E:AB",
                "00:1A:79:27:9E:AF",
                "00:1A:79:27:9E:D1",
                "00:1A:79:27:9E:E6",
                "00:1A:79:27:E4:76"
            ]
        },
        {
            "server_name": "ip.sltv.xyz:8080",
            "server_url": "http://ip.sltv.xyz:8080/c/",
            "macs": [
                "00:1A:79:bb:2e:84",
                "00:1A:79:0d:2d:03",
                "00:1A:79:38:7c:ac",
                "00:1A:79:3d:7b:48",
                "00:1A:79:74:b5:a8",
                "00:1A:79:44:b1:26",
                "00:1A:79:de:1d:6e",
                "00:1A:79:3a:d7:ca",
                "00:1A:79:49:db:72",
                "00:1A:79:73:da:72",
                "00:1A:79:69:f8:08"
            ]
        },
        {
            "server_name": "static.4.megatv.ws:7000",
            "server_url": "http://static.4.megatv.ws:7000/c/",
            "macs": [
                "00:1A:79:3F:23:5B"
            ]
        },
        {
            "server_name": "vipertv.vip:8080",
            "server_url": "http://vipertv.vip:8080/c/",
            "macs": [
                "00:1A:79:01:6D:50",
                "00:1A:79:02:20:F5",
                "00:1A:79:04:6C:33",
                "00:1A:79:05:AF:38",
                "00:1A:79:05:B5:F2",
                "00:1A:79:05:BD:DE",
                "00:1A:79:BA:31:83"
            ]
        },
        {
            "server_name": "live.hutv.me:25461",
            "server_url": "http://live.hutv.me:25461/c/",
            "macs": [
                "00:1A:79:D0:2A:05"
            ]
        },
        {
            "server_name": "ip.king-cobra.eu:8000",
            "server_url": "http://ip.king-cobra.eu:8000/c/",
            "macs": [
                "00:1A:79:C7:75:7E"
            ]
        },
        {
            "server_name": "wagmaott.com:8080",
            "server_url": "http://wagmaott.com:8080/c/",
            "macs": [
                "00:1A:79:40:4D:5C",
                "00:1A:79:A9:70:A0"
            ]
        },
        {
            "server_name": "npro.one-iptv.com:25443",
            "server_url": "http://npro.one-iptv.com:25443/c/",
            "macs": [
                "00:1A:79:4C:62:BE",
                "00:1A:79:B0:62:BB"
            ]
        },
        {
            "server_name": "proxy.iptivihd.store",
            "server_url": "http://proxy.iptivihd.store/c/",
            "macs": [
                "00:1a:79:fc:37:95",
                "00:1a:79:3b:ef:f2",
                "00:1a:79:b0:e2:d9",
                "00:1a:79:41:2b:f1",
                "00:1a:79:3a:22:60",
                "00:1a:79:b4:45:fe"
            ]
        },
        {
            "server_name": "storm.sphd.co:8080",
            "server_url": "http://storm.sphd.co:8080/c/",
            "macs": [
                "00:1A:79:2C:7C:80",
                "00:1A:79:29:60:82",
                "00:1A:79:2C:82:4C",
                "00:1A:79:29:25:2B",
                "00:1A:79:2C:82:53",
                "00:1A:79:2C:82:5A"
            ]
        },
        {
            "server_name": "xpro.xviptv.com:25443",
            "server_url": "http://xpro.xviptv.com:25443/c/",
            "macs": [
                "00:1A:79:00:00:00",
                "00:1A:79:00:41:78"
            ]
        }
    ]
}