{
    "items": [
        {
            "server_name": "storm.sphd.co:8080",
            "server_url": "http://storm.sphd.co:8080/c/",
            "macs": [
                "00:1A:79:2C:7C:80",
                "00:1A:79:29:60:82",
                "00:1A:79:2C:82:4C",
                "00:1A:79:29:25:2B"
            ]
        },
        {
            "server_name": "cms.shooters.cc:8080",
            "server_url": "http://cms.shooters.cc:8080/c/",
            "macs": [
                "00:1A:79:a5:48:4b",
                "00:1A:79:ba:54:f9",
                "00:1A:79:31:ca:59",
                "00:1A:79:5c:87:7b",
                "00:1A:79:73:d2:b5"
            ]
        },
        {
            "server_name": "o2iptv.com:8080",
            "server_url": "http://o2iptv.com:8080/c/",
            "macs": [
                "00:1A:79:b2:f1:d6",
                "00:1A:79:b0:29:e1",
                "00:1A:79:ac:9f:eb",
                "00:1A:79:55:09:96",
                "00:1A:79:30:3d:f2",
                "00:1A:79:a8:89:a1",
                "00:1A:79:b1:00:2e",
                "00:1A:79:a7:60:45",
                "00:1A:79:b1:31:5d",
                "00:1A:79:49:10:63",
                "00:1A:79:b0:e9:00",
                "00:1A:79:38:15:37"
            ]
        },
        {
            "server_name": "bingo4k.me",
            "server_url": "http://bingo4k.me/stalker_portal/c/",
            "macs": [
                "00:1A:79:21:8F:50",
                "00:1A:79:70:6C:95",
                "00:1A:79:AF:88:34",
                "00:1A:79:F0:31:94",
                "00:1A:79:D5:62:F1",
                "00:1A:79:F0:23:98",
                "00:1A:79:AD:BD:AC",
                "00:1A:79:AF:3C:EE",
                "00:1A:79:71:6E:3E",
                "00:1A:79:77:6F:37",
                "00:1A:79:74:EE:8F",
                "00:1A:79:B3:F0:1B",
                "00:1A:79:6C:2F:1A",
                "00:1A:79:C0:36:C8",
                "00:1A:79:F0:01:76",
                "00:1A:79:C2:FD:91",
                "00:1A:79:EB:31:59",
                "00:1A:79:38:48:FC",
                "00:1A:79:44:4B:8B",
                "00:1A:79:6F:A1:75"
            ]
        },
        {
            "server_name": "npro.one-iptv.com:25443",
            "server_url": "http://npro.one-iptv.com:25443/c/",
            "macs": [
                "00:1A:79:02:FE:01",
                "00:1a:79:34:05:c7",
                "00:1A:79:38:11:97"
            ]
        },
        {
            "server_name": "p1.iptvrocket.tv:80",
            "server_url": "http://p1.iptvrocket.tv:80/c/",
            "macs": [
                "00:1A:79:00:00:11",
                "00:1A:79:00:09:70",
                "00:1A:79:06:26:21",
                "00:1A:79:1A:50:03",
                "00:1A:79:2B:2F:5B",
                "00:1A:79:2B:41:9A",
                "00:1A:79:2B:5C:AF",
                "00:1A:79:2B:A9:31",
                "00:1A:79:2B:C0:E9",
                "00:1A:79:2B:EB:48",
                "00:1a:79:2c:6c:19",
                "00:1A:79:2D:9D:73",
                "00:1A:79:2E:71:44",
                "00:1A:79:2F:19:EF",
                "00:1A:79:2F:A3:EF",
                "00:1A:79:2F:E6:96",
                "00:1A:79:3A:A0:7C",
                "00:1A:79:3A:FB:1E",
                "00:1A:79:3B:38:6B",
                "00:1A:79:40:1A:09",
                "00:1A:79:40:1F:70"
            ]
        },
        {
            "server_name": "xtream.chtvmedia.com:8080",
            "server_url": "http://xtream.chtvmedia.com:8080/c/",
            "macs": [
                "00:1a:79:80:bb:24",
                "00:1a:79:b5:60:57"
            ]
        },
        {
            "server_name": "pprotv.com:80",
            "server_url": "http://pprotv.com:80/c/",
            "macs": [
                "00:1A:79:5C:FD:7A"
            ]
        },
        {
            "server_name": "magnum-ott.net",
            "server_url": "http://magnum-ott.net/c/",
            "macs": [
                "00:1a:79:d9:21:b4",
                "00:1a:79:8e:2d:46",
                "00:1a:79:09:f2:cc",
                "00:1a:79:f1:82:b4",
                "00:1a:79:b8:02:08",
                "00:1a:79:66:95:d2",
                "00:1a:79:8d:57:1a",
                "00:1a:79:0a:c1:42",
                "00:1a:79:6c:39:bb",
                "00:1a:79:b5:97:92",
                "00:1a:79:a4:c5:f0",
                "00:1a:79:cb:c2:a4",
                "00:1a:79:a0:e4:3c",
                "00:1a:79:56:64:24",
                "00:1a:79:b8:37:6b",
                "00:1a:79:4e:11:6e",
                "00:1a:79:b4:2c:14",
                "00:1a:79:68:4f:f4",
                "00:1a:79:d3:5f:62",
                "00:1a:79:53:67:c0"
            ]
        },
        {
            "server_name": "matrixtop.com:25461",
            "server_url": "http://matrixtop.com:25461/c/",
            "macs": [
                "00:1A:79:96:EE:45"
            ]
        },
        {
            "server_name": "iptv.ndasat.xyz:88",
            "server_url": "http://iptv.ndasat.xyz:88/c/",
            "macs": [
                "00:1A:79:20:00:24",
                "00:1A:79:82:C9:30",
                "00:1A:79:CD:6B:85"
            ]
        },
        {
            "server_name": "iptvfortv.online:8880",
            "server_url": "http://iptvfortv.online:8880/c/",
            "macs": [
                "00:1A:79:70:1f:69",
                "00:1A:79:54:b2:b2"
            ]
        }
    ]
}