{
    "items": [
        {
            "server_name": "hd-max.org:8080",
            "server_url": "http://hd-max.org:8080/c/",
            "macs": [
                "00:1A:79:55:12:5A",
                "00:1A:79:71:4F:52",
                "00:1A:79:67:86:58",
                "00:1A:79:A7:09:7C",
                "00:1A:79:39:21:34",
                "00:1A:79:47:56:1C",
                "00:1A:79:A6:DF:78",
                "00:1A:79:23:C7:20",
                "00:1A:79:57:18:DB",
                "00:1A:79:5C:CF:27",
                "00:1A:79:B5:19:FB",
                "00:1A:79:AD:78:41",
                "00:1A:79:69:FD:BE",
                "00:1A:79:44:2A:B7",
                "00:1A:79:05:F4:EF",
                "00:1A:79:BF:A3:1A",
                "00:1A:79:40:92:16",
                "00:1A:79:6A:C3:85",
                "00:1A:79:9E:E4:4B",
                "00:1A:79:BA:98:FD",
                "00:1A:79:5F:0F:43",
                "00:1A:79:56:AA:27",
                "00:1A:79:85:12:55",
                "00:1A:79:FB:18:FA",
                "00:1A:79:52:FB:71",
                "00:1A:79:A8:D6:FC",
                "00:1A:79:44:16:34",
                "00:1A:79:52:BB:69",
                "00:1A:79:55:6C:AB",
                "00:1A:79:A4:4F:01",
                "00:1A:79:10:37:62",
                "00:1A:79:53:C9:33",
                "00:1A:79:18:1F:A0",
                "00:1A:79:11:7F:8B",
                "00:1A:79:34:AF:49",
                "00:1A:79:AC:DC:7B",
                "00:1A:79:4A:23:5C",
                "00:1A:79:2A:A8:BD",
                "00:1A:79:56:13:65",
                "00:1A:79:6D:CD:44",
                "00:1A:79:44:7B:AA",
                "00:1A:79:66:20:92",
                "00:1A:79:51:42:16",
                "00:1A:79:01:09:B3",
                "00:1A:79:88:48:DF",
                "00:1A:79:54:09:1A",
                "00:1A:79:70:6E:69",
                "00:1A:79:9F:89:A7",
                "00:1A:79:40:7C:54",
                "00:1A:79:28:63:BF"
            ]
        },
        {
            "server_name": "bluepanther.live:8080",
            "server_url": "http://bluepanther.live:8080/c/",
            "macs": [
                "00:1A:79:b2:52:8a",
                "00:1A:79:bc:07:8c",
                "00:1A:79:b5:1e:85",
                "00:1A:79:bc:40:f0",
                "00:1A:79:bc:07:40",
                "00:1A:79:b9:76:20"
            ]
        },
        {
            "server_name": "westviewrent.xyz:8080",
            "server_url": "http://westviewrent.xyz:8080/c/",
            "macs": [
                "00:1A:79:bc:d9:b5",
                "00:1A:79:b5:0b:36",
                "00:1A:79:c1:a3:16",
                "00:1A:79:b0:4c:ad",
                "00:1A:79:b3:d3:75",
                "00:1A:79:a4:3a:e2",
                "00:1A:79:9a:41:07",
                "00:1A:79:b9:ee:b4",
                "00:1A:79:5b:de:dc",
                "00:1A:79:3c:85:57",
                "00:1A:79:bd:31:aa",
                "00:1A:79:ca:e1:b2",
                "00:1A:79:bd:98:8a",
                "00:1A:79:b7:58:d1",
                "00:1A:79:bf:8e:f3",
                "00:1A:79:ae:c8:4b",
                "00:1A:79:b0:46:c5",
                "00:1A:79:b3:b2:06",
                "00:1A:79:dc:10:6c",
                "00:1A:79:ad:c3:4e",
                "00:1A:79:b2:46:d1",
                "00:1A:79:bc:d9:b5",
                "00:1A:79:b5:0b:36",
                "00:1A:79:c1:a3:16",
                "00:1A:79:b0:4c:ad",
                "00:1A:79:b3:d3:75",
                "00:1A:79:a4:3a:e2"
            ]
        },
        {
            "server_name": "m1.redirect-4k.com:80",
            "server_url": "http://m1.redirect-4k.com:80/c/",
            "macs": [
                "00:1A:79:d8:9f:ad",
                "00:1A:79:ea:8f:82",
                "00:1A:79:59:d2:9f"
            ]
        },
        {
            "server_name": "iptv.bestchoicetv.vip:8080",
            "server_url": "http://iptv.bestchoicetv.vip:8080/c/",
            "macs": [
                "00:1a:79:c1:5d:1c",
                "00:1a:79:bb:42:c8",
                "00:1a:79:97:42:72",
                "00:1a:79:31:da:21",
                "00:1a:79:37:c7:a8",
                "00:1a:79:56:ad:70",
                "00:1a:79:e0:3f:ee",
                "00:1a:79:6e:4a:81",
                "00:1a:79:b4:e1:ba",
                "00:1a:79:ce:94:b3",
                "00:1a:79:6a:f9:f0",
                "00:1a:79:59:4c:b2",
                "00:1a:79:50:e9:08",
                "00:1a:79:37:8a:35",
                "00:1a:79:ab:5e:8b",
                "00:1a:79:34:e4:ec",
                "00:1a:79:49:42:2d",
                "00:1a:79:42:67:ce",
                "00:1a:79:4c:ca:70",
                "00:1a:79:47:40:70",
                "00:1a:79:a3:9f:34",
                "00:1a:79:1f:1a:a9",
                "00:1a:79:23:76:54",
                "00:1a:79:2d:b4:97",
                "00:1a:79:54:9c:58",
                "00:1a:79:ce:43:ac",
                "00:1a:79:ba:a6:df"
            ]
        },
        {
            "server_name": "myzamdl.co.uk:2086",
            "server_url": "http://myzamdl.co.uk:2086/c/",
            "macs": [
                "00:1A:79:24:3e:83",
                "00:1A:79:43:a6:ba",
                "00:1A:79:4c:36:2b",
                "00:1A:79:a7:bd:14",
                "00:1A:79:8a:97:10",
                "00:1A:79:b7:4d:bb",
                "00:1A:79:3f:fc:14",
                "00:1A:79:bd:6d:89",
                "00:1A:79:61:4c:34",
                "00:1A:79:b6:bf:9e",
                "00:1A:79:e4:88:4c"
            ]
        },
        {
            "server_name": "hostengine.live:80",
            "server_url": "http://hostengine.live:80/c/",
            "macs": [
                "00:1A:79:b3:3b:fb",
                "00:1A:79:5b:7b:37",
                "00:1A:79:b8:0f:80",
                "00:1A:79:b8:10:00",
                "00:1A:79:b6:c5:ad",
                "00:1A:79:25:58:26",
                "00:1A:79:c1:11:f8",
                "00:1A:79:c5:20:94",
                "00:1A:79:b7:00:d6",
                "00:1A:79:c0:52:52"
            ]
        },
        {
            "server_name": "p5.giffy.be:8080",
            "server_url": "http://p5.giffy.be:8080/c/",
            "macs": [
                "00:1A:79:00:8F:E2",
                "00:1A:79:01:5F:5B",
                "00:1A:79:08:2F:F6",
                "00:1A:79:11:25:02",
                "00:1A:79:12:0F:48",
                "00:1A:79:12:2F:57",
                "00:1A:79:15:0F:18",
                "00:1A:79:15:2F:08",
                "00:1A:79:15:2F:B4",
                "00:1A:79:16:6F:1B",
                "00:1A:79:27:33:05",
                "00:1A:79:29:1F:29",
                "00:1A:79:29:1F:2C",
                "00:1A:79:29:3F:EE",
                "00:1A:79:30:0F:2E",
                "00:1A:79:30:0F:44",
                "00:1A:79:30:0F:5A",
                "00:1A:79:31:83:F6"
            ]
        },
        {
            "server_name": "178.132.78.40:8080",
            "server_url": "http://178.132.78.40:8080/c/",
            "macs": [
                "00:1a:79:d4:5f:dc",
                "00:1a:79:b2:0a:29",
                "00:1a:79:b0:3c:af",
                "00:1a:79:73:77:93",
                "00:1a:79:5c:81:3b",
                "00:1a:79:a6:e8:55",
                "00:1a:79:61:82:52",
                "00:1a:79:ba:1f:c1",
                "00:1a:79:b7:33:fa",
                "00:1a:79:51:3e:e7",
                "00:1a:79:67:ef:f8",
                "00:1a:79:59:be:49",
                "00:1a:79:ab:9b:e4",
                "00:1a:79:b4:94:c7",
                "00:1a:79:a5:99:1b",
                "00:1a:79:b5:05:68",
                "00:1a:79:af:8a:56",
                "00:1a:79:40:83:fc",
                "00:1a:79:a9:1d:e9",
                "00:1a:79:b5:2c:7a",
                "00:1a:79:68:ef:75",
                "00:1a:79:b6:3f:c6",
                "00:1a:79:b8:1f:a0",
                "00:1a:79:bd:67:17",
                "00:1a:79:53:3d:a9"
            ]
        },
        {
            "server_name": "alfatv.life:8080",
            "server_url": "http://alfatv.life:8080/c/",
            "macs": [
                "00:1a:79:5d:e9:02",
                "00:1a:79:aa:20:a1",
                "00:1a:79:be:99:17",
                "00:1a:79:58:35:7a",
                "00:1a:79:c0:04:5f",
                "00:1a:79:d5:ea:80",
                "00:1a:79:04:5b:aa",
                "00:1a:79:c9:1e:86",
                "00:1a:79:ac:d6:56",
                "00:1a:79:25:65:c4",
                "00:1a:79:d5:ea:18",
                "00:1a:79:2c:8a:15",
                "00:1a:79:99:df:57",
                "00:1a:79:ce:83:26",
                "00:1a:79:b6:cd:34",
                "00:1a:79:73:cf:ec",
                "00:1a:79:66:22:d5",
                "00:1a:79:ab:59:c4",
                "00:1a:79:22:4a:c0",
                "00:1a:79:2b:7d:e6",
                "00:1a:79:ae:26:8a",
                "00:1a:79:00:93:11",
                "00:1a:79:4c:54:47",
                "00:1a:79:6f:89:b9",
                "00:1a:79:ba:27:cb",
                "00:1a:79:ee:50:e2",
                "00:1a:79:e2:e1:b3",
                "00:1a:79:5f:13:d6",
                "00:1a:79:b7:e2:b8",
                "00:1a:79:90:9d:95",
                "00:1a:79:14:85:96",
                "00:1a:79:a7:a4:62",
                "00:1a:79:38:1f:dd",
                "00:1a:79:63:4a:88",
                "00:1a:79:5f:75:a2",
                "00:1a:79:44:13:fc",
                "00:1a:79:12:47:2b",
                "00:1a:79:39:3f:5b",
                "00:1a:79:dd:78:55",
                "00:1a:79:a1:e6:cf",
                "00:1a:79:e0:7f:bd",
                "00:1a:79:b2:47:d4",
                "00:1a:79:56:a7:60",
                "00:1a:79:c4:53:d6",
                "00:1a:79:d8:82:88",
                "00:1a:79:e9:9e:20",
                "00:1a:79:40:0f:f2",
                "00:1a:79:b4:30:ef",
                "00:1a:79:a6:06:2a",
                "00:1a:79:85:f3:5e",
                "00:1a:79:c4:28:a7",
                "00:1a:79:a1:b8:2d",
                "00:1a:79:2a:0b:bc"
            ]
        },
        {
            "server_name": "mag.abcdxyz.one",
            "server_url": "http://mag.abcdxyz.one/c/",
            "macs": [
                "00:1a:79:14:4f:13",
                "00:1a:79:af:6f:2c",
                "00:1a:79:dd:5f:2d",
                "00:1a:79:80:03:78",
                "00:1a:79:ad:8d:1e",
                "00:1a:79:20:8f:12",
                "00:1a:79:ab:4f:5b",
                "00:1a:79:ee:f0:f5",
                "00:1a:79:05:d7:f8",
                "00:1a:79:ba:17:e5",
                "00:1a:79:66:03:ce",
                "00:1a:79:32:5d:9d",
                "00:1a:79:05:2f:1b"
            ]
        },
        {
            "server_name": "ntv3.net:8000",
            "server_url": "http://ntv3.net:8000/c/",
            "macs": [
                "00:1a:79:c0:4d:41",
                "00:1a:79:be:ab:cc",
                "00:1a:79:d7:0b:77"
            ]
        },
        {
            "server_name": "showflix.org:5890",
            "server_url": "http://showflix.org:5890/c/",
            "macs": [
                "00:1a:79:39:25:fd"
            ]
        },
        {
            "server_name": "shooters.live",
            "server_url": "http://shooters.live/c/",
            "macs": [
                "00:1a:79:8b:52:58"
            ]
        },
        {
            "server_name": "1453.eu",
            "server_url": "http://1453.eu/c/",
            "macs": [
                "00:1a:79:ac:82:3c"
            ]
        },
        {
            "server_name": "linkme.team",
            "server_url": "http://linkme.team/c/",
            "macs": [
                "00:1a:79:33:b7:97"
            ]
        },
        {
            "server_name": "germanydns.vip:8000",
            "server_url": "http://germanydns.vip:8000/c/",
            "macs": [
                "00:1a:79:28:d4:44",
                "00:1a:79:02:a8:0c"
            ]
        },
        {
            "server_name": "p1.iptvrocket.tv:80",
            "server_url": "http://p1.iptvrocket.tv:80/c/",
            "macs": [
                "00:1a:79:36:27:61",
                "00:1a:79:85:52:37",
                "00:1a:79:a5:80:b2",
                "00:1a:79:42:ae:7f",
                "00:1a:79:ae:f3:31",
                "00:1a:79:08:05:21",
                "00:1a:79:b6:c7:1b"
            ]
        },
        {
            "server_name": "ottshow.net:80",
            "server_url": "http://ottshow.net:80/c/",
            "macs": [
                "00:1a:79:b5:af:f7",
                "00:1a:79:68:c8:52",
                "00:1a:79:2d:3a:8e"
            ]
        },
        {
            "server_name": "sofatv.live:8080",
            "server_url": "http://sofatv.live:8080/c/",
            "macs": [
                "00:1a:79:af:5d:2c",
                "00:1a:79:b2:08:25"
            ]
        },
        {
            "server_name": "146.19.16.7",
            "server_url": "http://146.19.16.7/c/",
            "macs": [
                "00:1a:79:15:42:62",
                "00:1a:79:b2:e0:5a",
                "00:1a:79:5a:0d:96",
                "00:1a:79:5a:c3:77",
                "00:1a:79:7b:dd:0f",
                "00:1a:79:4b:63:fd",
                "00:1a:79:2f:2d:26",
                "00:1a:79:c4:e3:a5",
                "00:1a:79:4f:54:db",
                "00:1a:79:51:eb:87",
                "00:1a:79:42:5c:7e",
                "00:1a:79:b7:6f:10",
                "00:1a:79:77:71:64"
            ]
        },
        {
            "server_name": "otn20.com:8000",
            "server_url": "http://otn20.com:8000/c/",
            "macs": [
                "00:1a:79:46:27:d5",
                "00:1a:79:9c:9e:27",
                "00:1a:79:57:ce:fd",
                "00:1a:79:58:88:7d",
                "00:1a:79:23:53:e9",
                "00:1a:79:4c:c5:f8",
                "00:1a:79:b0:b9:f6",
                "00:1a:79:ad:a1:de",
                "00:1a:79:45:09:54",
                "00:1a:79:8f:00:f5",
                "00:1a:79:ae:2e:ee",
                "00:1a:79:80:73:6c",
                "00:1a:79:78:1f:5d",
                "00:1a:79:c7:75:7e",
                "00:1a:79:26:73:73",
                "00:1a:79:3a:fb:66",
                "00:1a:79:b2:2f:be",
                "00:1a:79:d6:14:8a"
            ]
        }
    ]
}