{
    "items": [
        {
            "server_name": "180422.vps-me.com:1804",
            "server_url": "http://180422.vps-me.com:1804/c/",
            "macs": [
                "00:1A:79:5F:1F:56",
                "00:1A:79:69:7F:C8",
                "00:1A:79:4C:8F:63",
                "00:1A:79:CB:1F:73",
                "00:1A:79:33:0F:C3",
                "00:1A:79:65:2F:2D",
                "00:1A:79:EE:B5:BC",
                "00:1A:79:6A:9F:72",
                "00:1A:79:6D:5F:24",
                "00:1A:79:6A:5F:17",
                "00:1A:79:6F:59:C9",
                "00:1A:79:6D:4F:C6",
                "00:1A:79:6C:8F:15",
                "00:1A:79:60:2F:D6",
                "00:1A:79:69:2D:AB",
                "00:1A:79:6A:3F:38",
                "00:1A:79:6A:1F:07",
                "00:1A:79:6C:1F:9B",
                "00:1A:79:B5:BA:F4",
                "00:1A:79:E4:E4:BD",
                "00:1A:79:5B:BB:26",
                "00:1A:79:CB:2F:4E",
                "00:1A:79:FC:51:59",
                "00:1A:79:0C:0F:39",
                "00:1A:79:70:5F:9B",
                "00:1A:79:B8:C2:DA",
                "00:1A:79:24:8F:10",
                "00:1A:79:54:1F:33",
                "00:1A:79:40:1D:FC",
                "00:1A:79:69:8F:E0",
                "00:1A:79:6D:0F:64",
                "00:1A:79:6C:7B:A3",
                "00:1A:79:6D:4F:56",
                "00:1A:79:6D:5F:65",
                "00:1A:79:6A:6F:57",
                "00:1A:79:6A:9F:A5"
            ]
        },
        {
            "server_name": "ip.sltv.xyz:8080",
            "server_url": "http://ip.sltv.xyz:8080/c/",
            "macs": [
                "00:1A:79:95:41:6E"
            ]
        },
        {
            "server_name": "pamporea.xyz:8080",
            "server_url": "http://pamporea.xyz:8080/c/",
            "macs": [
                "00:1A:79:37:1A:D3"
            ]
        },
        {
            "server_name": "foxsatiptv.com:8080",
            "server_url": "http://foxsatiptv.com:8080/c/",
            "macs": [
                "00:1A:79:54:52:6F"
            ]
        },
        {
            "server_name": "152.89.61.181:25443",
            "server_url": "http://152.89.61.181:25443/c/",
            "macs": [
                "00:1A:79:4C:62:BE",
                "00:1A:79:56:B6:BD",
                "00:1A:79:56:D9:34"
            ]
        },
        {
            "server_name": "liveline.at:8080",
            "server_url": "http://liveline.at:8080/c/",
            "macs": [
                "00:1A:79:75:7A:91",
                "00:1A:79:C7:75:7E",
                "00:1A:79:B9:02:74"
            ]
        },
        {
            "server_name": "str1.isv.net:80",
            "server_url": "http://str1.isv.net:80/stalker_portal/c/",
            "macs": [
                "00:1A:79:28:BA:B6"
            ]
        },
        {
            "server_name": "a111.info",
            "server_url": "http://a111.info/stalker_portal/c/",
            "macs": [
                "00:1A:79:70:D6:B0",
                "00:1A:79:42:CF:1E"
            ]
        },
        {
            "server_name": "zio.t-v.io:80",
            "server_url": "http://zio.t-v.io:80/c/",
            "macs": [
                "00:1A:79:2b:7f:bf",
                "00:1A:79:19:39:b3",
                "00:1A:79:b1:f5:52",
                "00:1A:79:ae:1e:67",
                "00:1A:79:44:66:53",
                "00:1A:79:5d:03:f2"
            ]
        },
        {
            "server_name": "365tv.info:999",
            "server_url": "http://365tv.info:999/c/",
            "macs": [
                "00:1a:79:69:70:4d",
                "00:1a:79:4e:92:f5",
                "00:1a:79:56:a9:b3"
            ]
        },
        {
            "server_name": "ip.tvfhd.vip:8000",
            "server_url": "http://ip.tvfhd.vip:8000/c/",
            "macs": [
                "00:1A:79:4C:23:49",
                "00:1A:79:4E:44:3E",
                "00:1A:79:71:90:3F",
                "00:1A:79:44:1F:19",
                "00:1A:79:B8:91:0F",
                "00:1A:79:36:FF:68",
                "00:1A:79:27:9F:F9",
                "00:1A:79:A6:9F:9D",
                "00:1A:79:DE:6F:FA",
                "00:1A:79:3A:C6:26",
                "00:1A:79:5E:D0:53",
                "00:1A:79:65:3C:36",
                "00:1A:79:51:EF:83",
                "00:1A:79:A3:0D:F0",
                "00:1A:79:30:65:62"
            ]
        },
        {
            "server_name": "murphysway.live:80",
            "server_url": "http://murphysway.live:80/c/",
            "macs": [
                "00:1A:79:63:45:42",
                "00:1A:79:63:46:8A",
                "00:1A:79:EC:EA:17",
                "00:1A:79:B0:C7:70",
                "00:1A:79:B4:0B:E8",
                "00:1A:79:B5:FD:53",
                "00:1A:79:B5:F3:D7",
                "00:1A:79:66:CB:DE",
                "00:1A:79:66:C8:9C",
                "00:1A:79:66:D9:6A",
                "00:1A:79:66:D4:42",
                "00:1A:79:68:82:77",
                "00:1A:79:6B:7F:48",
                "00:1A:79:6B:CE:2A",
                "00:1A:79:6B:E1:26",
                "00:1A:79:6C:25:D0",
                "00:1A:79:6E:42:71",
                "00:1A:79:64:10:C0",
                "00:1A:79:64:12:7F",
                "00:1A:79:64:12:CE",
                "00:1A:79:64:3B:2E",
                "00:1A:79:66:09:50",
                "00:1A:79:66:0B:BE",
                "00:1A:79:66:C2:27",
                "00:1A:79:66:8B:31",
                "00:1A:79:66:C8:81",
                "00:1A:79:C2:46:60",
                "00:1A:79:C5:0F:3D",
                "00:1A:79:C5:12:38",
                "00:1A:79:E2:7F:D5",
                "00:1A:79:71:79:54",
                "00:1A:79:73:9D:94",
                "00:1A:79:73:A3:01",
                "00:1A:79:73:FF:5A",
                "00:1A:79:73:A3:0D",
                "00:1A:79:7D:89:65",
                "00:1A:79:7D:BB:F1",
                "00:1A:79:A2:EB:E4",
                "00:1A:79:A4:C9:90",
                "00:1A:79:A6:52:AA",
                "00:1A:79:AC:79:37",
                "00:1A:79:BA:94:39",
                "00:1A:79:BF:93:2F",
                "00:1A:79:C2:32:E8",
                "00:1A:79:B6:8D:AA",
                "00:1A:79:B9:8F:73",
                "00:1A:79:B9:C8:63",
                "00:1A:79:BA:E2:62",
                "00:1A:79:BA:86:C9"
            ]
        },
        {
            "server_name": "v2pro.online:8080",
            "server_url": "http://v2pro.online:8080/c/",
            "macs": [
                "00:1A:79:41:A5:EE",
                "00:1A:79:41:C6:81",
                "00:1A:79:42:D8:CB",
                "00:1A:79:43:15:1E",
                "00:1A:79:43:4A:72",
                "00:1A:79:44:C2:F7",
                "00:1A:79:44:C3:87",
                "00:1A:79:44:C3:BE",
                "00:1A:79:45:51:20",
                "00:1A:79:3F:33:46",
                "00:1A:79:3F:BA:B5",
                "00:1A:79:44:C1:DC"
            ]
        },
        {
            "server_name": "alfatv.life:8080",
            "server_url": "http://alfatv.life:8080/c/",
            "macs": [
                "00:1a:79:85:fa:d9",
                "00:1a:79:c0:a5:35",
                "00:1a:79:05:b6:3f",
                "00:1a:79:3f:64:88",
                "00:1a:79:4b:7d:3b",
                "00:1a:79:99:3a:bf",
                "00:1a:79:ab:42:06",
                "00:1a:79:54:4e:98",
                "00:1a:79:51:1c:ce",
                "00:1a:79:4c:f0:b6",
                "00:1a:79:6e:ca:5a",
                "00:1a:79:6e:31:fa",
                "00:1a:79:75:74:08",
                "00:1a:79:72:ca:e1",
                "00:1a:79:53:c9:33",
                "00:1a:79:19:6f:0b",
                "00:1a:79:52:3b:da",
                "00:1a:79:24:5b:7e",
                "00:1a:79:58:09:e4",
                "00:1a:79:6d:bb:16",
                "00:1a:79:73:3f:5b",
                "00:1a:79:ab:85:41",
                "00:1a:79:46:1c:7f",
                "00:1a:79:e9:7f:82",
                "00:1a:79:b7:83:24",
                "00:1a:79:63:2b:77",
                "00:1a:79:2b:db:96",
                "00:1a:79:a7:7f:0e",
                "00:1a:79:0d:c7:9f",
                "00:1a:79:6c:de:cc",
                "00:1a:79:76:dc:b8",
                "00:1a:79:7e:14:78",
                "00:1a:79:08:eb:51",
                "00:1a:79:40:c8:4c",
                "00:1a:79:4d:85:8b"
            ]
        },
        {
            "server_name": "iboxs.club",
            "server_url": "http://iboxs.club/c/",
            "macs": [
                "00:1a:79:ba:39:03",
                "00:1a:79:c3:28:4b",
                "00:1a:79:92:d1:2c",
                "00:1a:79:b7:77:e2",
                "00:1a:79:1a:02:96",
                "00:1a:79:2e:db:7c",
                "00:1a:79:4c:01:41",
                "00:1a:79:3e:40:de",
                "00:1a:79:04:d0:2d",
                "00:1a:79:6c:30:bb",
                "00:1a:79:8d:49:f7",
                "00:1a:79:8d:26:6c",
                "00:1a:79:48:66:47",
                "00:1a:79:c9:8b:c0",
                "00:1a:79:55:df:90",
                "00:1a:79:76:c6:74"
            ]
        },
        {
            "server_name": "ip.sltv.xyz:8080",
            "server_url": "http://ip.sltv.xyz:8080/c/",
            "macs": [
                "00:1a:79:7a:0c:21"
            ]
        },
        {
            "server_name": "123.playip.net:4554",
            "server_url": "http://123.playip.net:4554/c/",
            "macs": [
                "00:1A:79:a1:f3:f6"
            ]
        },
        {
            "server_name": "178.132.78.40:8080",
            "server_url": "http://178.132.78.40:8080/c/",
            "macs": [
                "00:1a:79:06:70:4a",
                "00:1a:79:3f:16:15",
                "00:1a:79:3d:17:eb",
                "00:1a:79:b9:9b:05",
                "00:1a:79:b5:0f:d9",
                "00:1a:79:e3:cc:fe",
                "00:1a:79:a5:28:f9",
                "00:1a:79:54:f7:dd",
                "00:1a:79:b7:aa:8e",
                "00:1a:79:9f:91:01",
                "00:1a:79:45:03:8f",
                "00:1a:79:57:ae:4d",
                "00:1a:79:dd:9c:74",
                "00:1a:79:e2:c0:5e",
                "00:1a:79:bf:e7:65",
                "00:1a:79:54:3d:17",
                "00:1a:79:bd:46:3f",
                "00:1a:79:b9:98:f2",
                "00:1a:79:5a:26:ac",
                "00:1a:79:ad:84:dc",
                "00:1a:79:ad:6e:fc"
            ]
        },
        {
            "server_name": "swissiptv.us:8080",
            "server_url": "http://swissiptv.us:8080/c/",
            "macs": [
                "00:1a:79:03:6f:d5",
                "00:1a:79:5c:e5:c0",
                "00:1a:79:ae:3f:56",
                "00:1a:79:57:2d:fe",
                "00:1a:79:a6:e1:e6",
                "00:1a:79:57:c1:e9",
                "00:1a:79:18:0e:54",
                "00:1a:79:bd:85:55",
                "00:1a:79:38:22:a4",
                "00:1a:79:ad:de:96",
                "00:1a:79:74:ec:2a",
                "00:1a:79:bd:4f:88",
                "00:1a:79:19:36:6c",
                "00:1a:79:43:75:2e",
                "00:1a:79:bb:62:62",
                "00:1a:79:b2:29:10",
                "00:1a:79:62:d1:90",
                "00:1a:79:53:74:72",
                "00:1a:79:49:ca:a0",
                "00:1a:79:3b:6e:96",
                "00:1a:79:84:2d:24",
                "00:1a:79:5e:90:4d",
                "00:1a:79:bd:0d:dc",
                "00:1a:79:6b:0b:2a",
                "00:1a:79:57:e2:e4",
                "00:1a:79:3f:0e:c9",
                "00:1a:79:bc:eb:7f",
                "00:1a:79:a9:dc:30",
                "00:1a:79:19:38:59",
                "00:1a:79:43:17:9f",
                "00:1a:79:ab:5a:14",
                "00:1a:79:ad:e9:f1",
                "00:1a:79:51:4d:04"
            ]
        },
        {
            "server_name": "dragon4k.com:8000",
            "server_url": "http://dragon4k.com:8000/c/",
            "macs": [
                "00:1a:79:26:75:a1",
                "00:1a:79:e1:9f:7a",
                "00:1a:79:31:e3:b1",
                "00:1a:79:38:68:c9",
                "00:1a:79:26:b4:d0",
                "00:1a:79:ae:80:06",
                "00:1a:79:1f:21:be",
                "00:1a:79:ae:c1:32",
                "00:1a:79:6d:62:ea",
                "00:1a:79:b3:23:88",
                "00:1a:79:26:65:40",
                "00:1a:79:1a:00:60",
                "00:1a:79:b4:30:ef",
                "00:1a:79:6f:1d:ab",
                "00:1a:79:74:33:a3",
                "00:1a:79:b9:a0:88",
                "00:1a:79:55:c3:cc",
                "00:1a:79:3d:13:7f",
                "00:1a:79:58:5f:46",
                "00:1a:79:5b:ef:b5",
                "00:1a:79:bd:66:bb"
            ]
        },
        {
            "server_name": "localhd.tv:8081",
            "server_url": "http://localhd.tv:8081/c/",
            "macs": [
                "00:1a:79:49:67:80",
                "00:1a:79:47:9b:a2"
            ]
        },
        {
            "server_name": "e7pgyt.entrada.top:8080",
            "server_url": "http://e7pgyt.entrada.top:8080/c/",
            "macs": [
                "00:1a:79:56:9b:41",
                "00:1a:79:d3:80:d1",
                "00:1a:79:56:17:87"
            ]
        },
        {
            "server_name": "powerip.be:8000",
            "server_url": "http://powerip.be:8000/c/",
            "macs": [
                "00:1a:79:5a:3c:fe",
                "00:1a:79:c7:56:fb",
                "00:1a:79:c9:34:ce",
                "00:1a:79:1f:82:9a",
                "00:1a:79:1c:14:0f",
                "00:1a:79:70:75:6e",
                "00:1a:79:0a:5c:64",
                "00:1a:79:bd:3a:51",
                "00:1a:79:ad:6c:f1",
                "00:1a:79:27:f1:ac",
                "00:1a:79:ad:d5:41",
                "00:1a:79:01:02:d7",
                "00:1a:79:5c:cf:a8",
                "00:1a:79:a5:22:09",
                "00:1a:79:31:e0:25",
                "00:1a:79:5d:bf:21",
                "00:1a:79:63:33:38",
                "00:1a:79:08:01:ac",
                "00:1a:79:5b:d4:d6"
            ]
        }
    ]
}