{
    "items": [
        {
            "server_name": "poyraz67.com:8080",
            "server_url": "http://poyraz67.com:8080/c/",
            "macs": [
                "00:1A:79:5d:30:04",
                "00:1A:79:e7:98:fa",
                "00:1A:79:b2:51:59",
                "00:1A:79:34:e2:4b",
                "00:1A:79:b1:fb:0a",
                "00:1A:79:0d:fd:24",
                "00:1A:79:93:06:61",
                "00:1A:79:22:10:17",
                "00:1A:79:fc:12:ec",
                "00:1A:79:a2:f2:07",
                "00:1A:79:9b:56:b9",
                "00:1A:79:bc:e9:2a",
                "00:1A:79:53:9c:31",
                "00:1A:79:2e:69:30",
                "00:1A:79:b3:c5:a7",
                "00:1A:79:42:c7:3a",
                "00:1A:79:d3:9b:4f",
                "00:1A:79:23:c5:be",
                "00:1A:79:03:0b:db",
                "00:1A:79:a2:27:44",
                "00:1A:79:63:e3:72",
                "00:1A:79:1d:9f:34",
                "00:1A:79:40:41:df",
                "00:1A:79:3e:cd:8c",
                "00:1A:79:a9:a6:d1",
                "00:1A:79:ae:2a:7d",
                "00:1A:79:f0:07:b6",
                "00:1A:79:54:3a:f0",
                "00:1A:79:1f:1f:9f",
                "00:1A:79:ad:06:db",
                "00:1A:79:4f:33:2c",
                "00:1A:79:bf:1e:42",
                "00:1A:79:ae:02:c2",
                "00:1A:79:94:8c:a4",
                "00:1A:79:32:61:a8",
                "00:1A:79:5d:e3:11",
                "00:1A:79:90:02:fa",
                "00:1A:79:d2:9f:9d",
                "00:1A:79:4c:8a:5c",
                "00:1A:79:72:7b:59",
                "00:1A:79:90:30:c2",
                "00:1A:79:6a:5a:35",
                "00:1A:79:46:18:c7",
                "00:1A:79:73:db:0a",
                "00:1A:79:8e:79:e2",
                "00:1A:79:bb:0b:36",
                "00:1A:79:b5:02:7c",
                "00:1A:79:c3:ae:30",
                "00:1A:79:55:75:cd",
                "00:1A:79:43:86:28",
                "00:1A:79:37:11:ea",
                "00:1A:79:54:c3:0a",
                "00:1A:79:2f:0e:bd"
            ]
        },
        {
            "server_name": "mainserver.hittv.nl:8000",
            "server_url": "http://mainserver.hittv.nl:8000/c/",
            "macs": [
                "00:1A:79:28:3F:E1"
            ]
        },
        {
            "server_name": "worldiptv.in",
            "server_url": "http://worldiptv.in/stalker_portal/c/",
            "macs": [
                "00:1A:79:9B:7A:9D"
            ]
        },
        {
            "server_name": "elecsmart.xyz:8080",
            "server_url": "http://elecsmart.xyz:8080/c/",
            "macs": [
                "00:1A:79:41:FF:21",
                "00:1A:79:70:23:C9",
                "00:1A:79:2B:9E:03",
                "00:1A:79:85:D6:23",
                "00:1A:79:A2:69:A5",
                "00:1A:79:11:37:D8",
                "00:1A:79:B2:8D:16",
                "00:1A:79:31:81:4B",
                "00:1A:79:55:6A:22",
                "00:1A:79:54:F1:D0",
                "00:1A:79:8A:58:6C",
                "00:1A:79:54:64:65",
                "00:1A:79:58:1C:F8",
                "00:1A:79:38:10:3C",
                "00:1A:79:38:37:17",
                "00:1A:79:54:B1:EB",
                "00:1A:79:5C:D0:4B",
                "00:1A:79:90:46:7F",
                "00:1A:79:64:D9:E3",
                "00:1A:79:5E:D2:EB",
                "00:1A:79:66:8C:18",
                "00:1A:79:66:18:BC",
                "00:1A:79:47:79:71",
                "00:1A:79:3D:25:56",
                "00:1A:79:40:86:A9",
                "00:1A:79:97:38:E2",
                "00:1A:79:5E:03:93",
                "00:1A:79:3C:42:B1",
                "00:1A:79:36:F5:47",
                "00:1A:79:81:D3:5E",
                "00:1A:79:5B:56:91",
                "00:1A:79:54:E1:66",
                "00:1A:79:52:9B:57",
                "00:1A:79:B1:41:D7",
                "00:1A:79:1A:01:59",
                "00:1A:79:28:37:A3",
                "00:1A:79:44:AB:0B",
                "00:1A:79:9D:84:ED",
                "00:1A:79:AD:6A:E9"
            ]
        },
        {
            "server_name": "proxy.iptivihd.store:80",
            "server_url": "http://proxy.iptivihd.store:80/c/",
            "macs": [
                "00:1A:79:A8:8B:F4"
            ]
        },
        {
            "server_name": "hdlocal.de:8080",
            "server_url": "http://hdlocal.de:8080/c/",
            "macs": [
                "00:1a:79:b0:ad:33"
            ]
        },
        {
            "server_name": "trsat.nl:80",
            "server_url": "http://trsat.nl:80/c/",
            "macs": [
                "00:1A:79:45:97:c2",
                "00:1A:79:ee:47:a3",
                "00:1A:79:45:97:c2",
                "00:1A:79:ee:47:a3",
                "00:1A:79:42:6b:e7"
            ]
        },
        {
            "server_name": "belguimott.net",
            "server_url": "http://belguimott.net/c/",
            "macs": [
                "00:1A:79:40:56:09"
            ]
        },
        {
            "server_name": "185.135.157.83:3800",
            "server_url": "http://185.135.157.83:3800/c/",
            "macs": [
                "00:1A:79:C4:2F:60"
            ]
        },
        {
            "server_name": "dcsport.xyz:8080",
            "server_url": "http://dcsport.xyz:8080/c/",
            "macs": [
                "00:1A:79:01:31:06"
            ]
        },
        {
            "server_name": "noob-iptv.cc:8000",
            "server_url": "http://noob-iptv.cc:8000/c/",
            "macs": [
                "00:1A:79:00:00:11",
                "00:1A:79:00:01:04"
            ]
        },
        {
            "server_name": "mol-2.com:8080",
            "server_url": "http://mol-2.com:8080/c/",
            "macs": [
                "00:1A:79:00:00:00",
                "00:1A:79:02:56:43"
            ]
        },
        {
            "server_name": "mag.scottishcctv.com",
            "server_url": "http://mag.scottishcctv.com/c/",
            "macs": [
                "00:1A:79:31:9F:C7"
            ]
        },
        {
            "server_name": "testdi1.proxytx.cloud:80",
            "server_url": "http://testdi1.proxytx.cloud:80/c/",
            "macs": [
                "00:1A:79:05:ED:09",
                "00:1a:79:0c:14:c1"
            ]
        },
        {
            "server_name": "185.135.157.83:3800",
            "server_url": "http://185.135.157.83:3800/c/",
            "macs": [
                "00:1A:79:5B:10:51"
            ]
        },
        {
            "server_name": "92.204.40.153",
            "server_url": "http://92.204.40.153/stalker_portal/c/",
            "macs": [
                "00:1a:79:fb:1d:6c",
                "00:1A:79:4E:94:54"
            ]
        },
        {
            "server_name": "noob-iptv.cc:8000",
            "server_url": "http://noob-iptv.cc:8000/c/",
            "macs": [
                "00:1A:79:2E:91:9B"
            ]
        },
        {
            "server_name": "c2z.me:8000",
            "server_url": "http://c2z.me:8000/c/",
            "macs": [
                "00:1A:79:A3:16:35"
            ]
        },
        {
            "server_name": "live.lynxiptv.xyz:80",
            "server_url": "http://live.lynxiptv.xyz:80/c/",
            "macs": [
                "00:1A:79:A5:5F:84"
            ]
        },
        {
            "server_name": "vipertv.vip:8080",
            "server_url": "http://vipertv.vip:8080/c/",
            "macs": [
                "00:1a:79:00:46:3c"
            ]
        },
        {
            "server_name": "mat4k.com:8080",
            "server_url": "http://mat4k.com:8080/c/",
            "macs": [
                "00:1a:79:04:b4:52",
                "00:1a:79:04:a7:38",
                "00:1A:79:0B:83:99",
                "00:1A:79:11:C1:0B"
            ]
        }
    ]
}