{
    "items": [
        {
            "server_name": "monksiptv.biz",
            "server_url": "http://monksiptv.biz/c/",
            "macs": [
                "00:1A:79:D5:AA:D7",
                "00:1A:79:AA:D6:31",
                "00:1A:79:8C:75:3B",
                "00:1A:79:AA:D6:59",
                "00:1A:79:26:EA:FC",
                "00:1A:79:57:EC:A1",
                "00:1A:79:BC:19:2C",
                "00:1A:79:BB:C6:28",
                "00:1A:79:AE:BD:12",
                "00:1A:79:78:98:63",
                "00:1A:79:BA:A6:C9",
                "00:1A:79:5A:9A:E9",
                "00:1A:79:CB:C9:E5",
                "00:1A:79:18:04:48",
                "00:1A:79:87:32:78",
                "00:1A:79:93:B4:64",
                "00:1A:79:21:C8:EA",
                "00:1A:79:B7:57:8D",
                "00:1A:79:62:28:B9",
                "00:1A:79:FD:A6:84",
                "00:1A:79:46:8C:5C",
                "00:1A:79:7A:B7:3A",
                "00:1A:79:18:08:9D",
                "00:1A:79:1E:94:1F",
                "00:1A:79:46:60:6A",
                "00:1A:79:FF:A7:76",
                "00:1A:79:C2:E6:7C",
                "00:1A:79:3F:E6:0E",
                "00:1A:79:07:EC:3A",
                "00:1A:79:56:A8:06",
                "00:1A:79:DA:4A:42",
                "00:1A:79:8B:40:51",
                "00:1A:79:B0:97:00",
                "00:1A:79:B7:51:04"
            ]
        },
        {
            "server_name": "31.43.191.168:8080",
            "server_url": "http://31.43.191.168:8080/c/",
            "macs": [
                "00:1A:79:5E:44:4B",
                "00:1A:79:a6:66:f8",
                "00:1A:79:44:1D:2D",
                "00:1A:79:F9:6F:AD",
                "00:1A:79:AD:F3:91",
                "00:1A:79:5E:3D:4D",
                "00:1A:79:64:4D:CC",
                "00:1A:79:AE:25:04",
                "00:1A:79:78:0F:A0",
                "00:1A:79:60:0E:DF",
                "00:1A:79:5E:FD:C4",
                "00:1A:79:5F:28:D7",
                "00:1A:79:B5:0F:8E",
                "00:1A:79:A9:C1:80",
                "00:1A:79:36:DC:CF",
                "00:1A:79:a6:68:1b",
                "00:1A:79:BB:1F:B8",
                "00:1A:79:A9:1D:EB",
                "00:1A:79:74:DB:A0",
                "00:1A:79:42:81:9E",
                "00:1A:79:4C:0D:08",
                "00:1A:79:4d:0c:a3",
                "00:1a:79:19:0f:6e",
                "00:1A:79:55:5E:9A",
                "00:1A:79:a6:fa:3a",
                "00:1A:79:60:5F:91",
                "00:1A:79:5F:2C:81",
                "00:1A:79:50:57:6B",
                "00:1A:79:60:64:C4",
                "00:1A:79:AB:6B:3D"
            ]
        },
        {
            "server_name": "matrix-ott.tv:8080",
            "server_url": "http://matrix-ott.tv:8080/c/",
            "macs": [
                "00:1a:79:ab:a0:d5",
                "00:1a:79:a2:65:5b",
                "00:1a:79:a3:d7:dc",
                "00:1a:79:a0:69:af",
                "00:1a:79:a7:b6:e2",
                "00:1a:79:ab:8e:14",
                "00:1a:79:ad:44:35",
                "00:1a:79:a0:00:be",
                "00:1a:79:ab:9b:87",
                "00:1a:79:a7:c2:f8",
                "00:1a:79:a6:9b:07",
                "00:1a:79:a4:7e:79",
                "00:1a:79:ac:55:89",
                "00:1a:79:ad:ab:14",
                "00:1a:79:ab:45:05",
                "00:1a:79:a7:a0:f4",
                "00:1a:79:a5:e3:ca",
                "00:1a:79:ad:fc:6c",
                "00:1a:79:a8:2d:7e",
                "00:1a:79:ae:57:1b",
                "00:1a:79:a3:14:a2",
                "00:1a:79:aa:d4:83",
                "00:1a:79:ae:f9:ad",
                "00:1a:79:ab:48:49",
                "00:1a:79:ad:df:af",
                "00:1a:79:a4:95:6f",
                "00:1a:79:a9:e0:27",
                "00:1a:79:a2:f1:bd",
                "00:1a:79:a5:9a:82",
                "00:1a:79:a0:05:f7",
                "00:1a:79:a9:c6:ce",
                "00:1a:79:a4:7c:73",
                "00:1a:79:a1:2f:ea",
                "00:1a:79:a2:84:53",
                "00:1a:79:a1:62:7e",
                "00:1a:79:ac:d1:6e",
                "00:1a:79:a9:d5:ba",
                "00:1a:79:ab:31:b4",
                "00:1a:79:ab:2d:4a",
                "00:1a:79:a3:99:59",
                "00:1a:79:ad:97:75"
            ]
        },
        {
            "server_name": "abiptv.com:8000",
            "server_url": "http://abiptv.com:8000/c/",
            "macs": [
                "00:1a:79:52:de:2e",
                "00:1a:79:ae:5b:4b"
            ]
        },
        {
            "server_name": "sa.magnetukas.lt:8666",
            "server_url": "http://sa.magnetukas.lt:8666/c/",
            "macs": [
                "00:1A:79:AF:60:BE"
            ]
        },
        {
            "server_name": "robsrewards.xyz:8880",
            "server_url": "http://robsrewards.xyz:8880/c/",
            "macs": [
                "00:1A:79:00:10:2B",
                "00:1A:79:00:32:02",
                "00:1A:79:00:32:00",
                "00:1A:79:00:4E:E9",
                "00:1A:79:00:77:3C",
                "00:1A:79:00:8E:C1",
                "00:1A:79:00:8E:E0",
                "00:1A:79:00:99:FD",
                "00:1A:79:00:EF:51",
                "00:1A:79:01:1F:0D",
                "00:1A:79:01:35:C0",
                "00:1A:79:01:4D:28",
                "00:1A:79:01:87:1A",
                "00:1A:79:01:9E:F8",
                "00:1A:79:02:1E:A3",
                "00:1A:79:02:44:8F",
                "00:1A:79:02:6B:8C",
                "00:1A:79:02:4A:45",
                "00:1A:79:02:93:00",
                "00:1A:79:02:D8:92",
                "00:1A:79:02:F5:6B",
                "00:1A:79:03:04:80",
                "00:1A:79:03:19:7B",
                "00:1A:79:03:45:69",
                "00:1A:79:03:61:53",
                "00:1A:79:03:D0:69",
                "00:1A:79:03:F4:8E",
                "00:1A:79:03:CF:7E",
                "00:1A:79:04:05:08",
                "00:1A:79:04:3B:99",
                "00:1A:79:04:69:41",
                "00:1A:79:04:8D:30",
                "00:1A:79:05:08:93",
                "00:1A:79:05:30:34",
                "00:1A:79:05:25:31",
                "00:1A:79:05:44:DB",
                "00:1A:79:05:8E:CF",
                "00:1A:79:05:91:32",
                "00:1A:79:05:DD:C7",
                "00:1A:79:06:0F:98",
                "00:1A:79:06:7F:6E",
                "00:1A:79:06:7C:8B",
                "00:1A:79:06:A7:4E",
                "00:1A:79:06:B6:93",
                "00:1A:79:06:DE:75",
                "00:1A:79:07:0E:92",
                "00:1A:79:07:04:18",
                "00:1A:79:06:FB:EB",
                "00:1A:79:07:05:18",
                "00:1A:79:07:2C:8F",
                "00:1A:79:07:38:E1",
                "00:1A:79:07:49:E0",
                "00:1A:79:07:9A:AD",
                "00:1A:79:07:8C:05",
                "00:1A:79:07:B5:A1",
                "00:1A:79:07:A9:2B",
                "00:1A:79:07:E8:5A",
                "00:1A:79:07:E5:A4",
                "00:1A:79:08:60:CD",
                "00:1A:79:08:60:09",
                "00:1A:79:08:7D:AA",
                "00:1A:79:08:9F:66",
                "00:1A:79:09:31:80",
                "00:1A:79:09:44:90"
            ]
        },
        {
            "server_name": "sideriodomi.ottc.pro",
            "server_url": "http://sideriodomi.ottc.pro/c/",
            "macs": [
                "00:1a:79:32:2b:0f",
                "00:1a:79:b7:a0:50",
                "00:1a:79:f0:05:95",
                "00:1a:79:63:52:d8",
                "00:1a:79:4d:3a:71",
                "00:1a:79:c2:9f:1e",
                "00:1a:79:8c:0b:a5",
                "00:1a:79:4a:1b:cc",
                "00:1a:79:a6:81:99",
                "00:1a:79:b8:c2:86",
                "00:1a:79:99:47:a7",
                "00:1a:79:40:56:09",
                "00:1a:79:1f:10:2e",
                "00:1a:79:45:d4:ea",
                "00:1a:79:62:87:9a",
                "00:1a:79:36:6a:7d",
                "00:1a:79:57:80:71",
                "00:1a:79:0c:7e:55",
                "00:1a:79:90:b7:6f"
            ]
        }
    ]
}