{
    "items": [
        {
            "server_name": "geckoservers.com:8080",
            "server_url": "http://geckoservers.com:8080/c/",
            "macs": [
                "00:1A:79:00:09:C5",
                "00:1A:79:3F:1E:F2",
                "00:1A:79:3F:1E:E7",
                "00:1A:79:42:EE:DB",
                "00:1A:79:43:72:E3",
                "00:1A:79:4A:19:E6",
                "00:1A:79:4B:BB:43",
                "00:1A:79:4D:C9:E6",
                "00:1A:79:4E:AF:68",
                "00:1A:79:50:4D:0D",
                "00:1A:79:50:D1:54",
                "00:1A:79:51:6D:82",
                "00:1A:79:51:3B:58",
                "00:1A:79:00:17:30",
                "00:1A:79:00:24:26",
                "00:1A:79:00:24:74",
                "00:1A:79:00:50:15",
                "00:1A:79:00:7A:19",
                "00:1A:79:00:BB:4F",
                "00:1A:79:00:FA:EA",
                "00:1A:79:02:1F:F6",
                "00:1A:79:03:3D:1C",
                "00:1A:79:07:C2:2F",
                "00:1A:79:09:AF:39",
                "00:1A:79:09:C8:25",
                "00:1A:79:0B:27:39",
                "00:1A:79:0E:40:BA",
                "00:1A:79:11:1F:1F",
                "00:1A:79:11:50:B9",
                "00:1A:79:1D:64:53",
                "00:1A:79:20:91:4C",
                "00:1A:79:22:DD:EB",
                "00:1A:79:25:7F:7D",
                "00:1A:79:25:11:01",
                "00:1A:79:25:D3:55",
                "00:1A:79:2B:C0:92",
                "00:1A:79:2D:3C:7E",
                "00:1A:79:30:2A:01",
                "00:1A:79:34:9A:A1",
                "00:1A:79:36:BE:38",
                "00:1A:79:36:D9:0C",
                "00:1A:79:3C:C5:4B",
                "00:1A:79:51:7D:66",
                "00:1A:79:55:78:3D",
                "00:1A:79:55:86:B2",
                "00:1A:79:57:B6:9C",
                "00:1A:79:58:17:E0",
                "00:1A:79:58:72:B3",
                "00:1A:79:5A:9B:54",
                "00:1A:79:5A:C3:77",
                "00:1A:79:5C:28:FE",
                "00:1A:79:5B:D5:C1",
                "00:1A:79:5B:00:5B",
                "00:1A:79:5C:0F:28",
                "00:1A:79:5C:E1:52",
                "00:1A:79:5D:39:DC",
                "00:1A:79:5E:26:0C",
                "00:1A:79:5D:FD:61",
                "00:1A:79:5E:EE:56",
                "00:1A:79:60:05:68",
                "00:1A:79:64:01:EE",
                "00:1A:79:64:02:A4",
                "00:1A:79:9E:32:8C",
                "00:1A:79:A1:A2:A3",
                "00:1A:79:A5:E1:C3",
                "00:1A:79:AB:FA:F8",
                "00:1A:79:AE:5F:9A",
                "00:1A:79:AE:CC:D6",
                "00:1A:79:B3:75:66",
                "00:1A:79:B4:43:1A",
                "00:1A:79:B5:95:1A",
                "00:1A:79:B7:EB:0A",
                "00:1A:79:b7:51:9D",
                "00:1A:79:C0:28:95",
                "00:1A:79:C0:99:37",
                "00:1A:79:C1:62:66",
                "00:1A:79:C3:0A:59",
                "00:1A:79:64:01:92",
                "00:1A:79:66:E8:DC",
                "00:1A:79:68:FF:0E",
                "00:1A:79:68:06:97",
                "00:1A:79:6B:E4:7C",
                "00:1A:79:6B:D9:7B",
                "00:1A:79:6B:95:B0",
                "00:1A:79:6C:DD:00",
                "00:1A:79:6D:B9:FB",
                "00:1A:79:6D:F7:DD",
                "00:1A:79:71:C4:54",
                "00:1A:79:73:11:79",
                "00:1A:79:71:44:11",
                "00:1A:79:73:38:0C",
                "00:1A:79:74:5B:BF",
                "00:1A:79:73:12:B6",
                "00:1A:79:73:38:0B",
                "00:1A:79:73:6A:59",
                "00:1A:79:76:28:51",
                "00:1A:79:73:7B:07",
                "00:1A:79:73:76:DD",
                "00:1A:79:90:0D:CD"
            ]
        },
        {
            "server_name": "hd-max.org:8080",
            "server_url": "http://hd-max.org:8080/c/",
            "macs": [
                "00:1A:79:36:E8:68",
                "00:1A:79:89:F0:D9",
                "00:1A:79:48:03:DB",
                "00:1A:79:4E:E3:96",
                "00:1A:79:54:03:2D",
                "00:1A:79:80:FA:5D",
                "00:1A:79:30:4D:D5",
                "00:1A:79:08:84:10",
                "00:1A:79:15:54:DA",
                "00:1A:79:A3:9E:A9",
                "00:1A:79:88:C6:B6",
                "00:1A:79:0D:C3:4E",
                "00:1A:79:A7:AD:95",
                "00:1A:79:05:D5:26",
                "00:1A:79:62:02:5F",
                "00:1A:79:43:6A:EA",
                "00:1A:79:01:31:06",
                "00:1A:79:00:16:2E",
                "00:1A:79:44:2B:E6",
                "00:1A:79:AD:E2:B1",
                "00:1A:79:31:FA:69",
                "00:1A:79:2E:E1:FA",
                "00:1A:79:22:33:44"
            ]
        },
        {
            "server_name": "live.hutv.me:25461",
            "server_url": "http://live.hutv.me:25461/c/",
            "macs": [
                "00:1A:79:47:C2:E8"
            ]
        },
        {
            "server_name": "mag.dmtn.tv:8080",
            "server_url": "http://mag.dmtn.tv:8080/c/",
            "macs": [
                "00:1A:79:46:B6:E4"
            ]
        },
        {
            "server_name": "murphysway.live:80",
            "server_url": "http://murphysway.live:80/c/",
            "macs": [
                "00:1A:79:00:15:1D",
                "00:1A:79:00:21:33",
                "00:1A:79:16:A3:A9",
                "00:1A:79:1E:2F:FC",
                "00:1A:79:24:1B:56",
                "00:1A:79:2D:C2:84",
                "00:1A:79:34:63:50",
                "00:1A:79:3C:C5:42",
                "00:1A:79:3C:C7:AA",
                "00:1A:79:3C:C6:F8",
                "00:1A:79:3C:C7:5B",
                "00:1A:79:40:03:5E",
                "00:1A:79:40:02:80",
                "00:1A:79:40:3D:E7",
                "00:1A:79:40:44:18",
                "00:1A:79:40:45:C9",
                "00:1A:79:40:D6:44",
                "00:1A:79:00:34:7C",
                "00:1A:79:01:5C:73",
                "00:1A:79:01:AF:F7",
                "00:1A:79:01:E4:2F",
                "00:1A:79:01:FE:29",
                "00:1A:79:02:66:9D",
                "00:1A:79:02:AF:0E",
                "00:1A:79:02:D8:46",
                "00:1A:79:03:43:82",
                "00:1A:79:03:63:21",
                "00:1A:79:03:87:57",
                "00:1A:79:03:8D:79",
                "00:1A:79:03:93:56",
                "00:1A:79:03:AB:A6",
                "00:1A:79:03:FB:EF",
                "00:1A:79:04:29:07",
                "00:1A:79:04:C5:48",
                "00:1A:79:05:29:00",
                "00:1A:79:05:2D:51",
                "00:1A:79:05:6B:67",
                "00:1A:79:05:C8:2C",
                "00:1A:79:05:FD:6B",
                "00:1A:79:06:DB:81",
                "00:1A:79:06:C2:5F",
                "00:1A:79:06:C9:B5",
                "00:1A:79:07:39:89",
                "00:1A:79:07:E3:09",
                "00:1A:79:09:99:04",
                "00:1A:79:09:9E:46",
                "00:1A:79:0C:B5:8B",
                "00:1A:79:10:EF:33",
                "00:1A:79:12:4D:8C",
                "00:1A:79:40:D6:75",
                "00:1A:79:44:B1:9D",
                "00:1A:79:45:32:7B",
                "00:1A:79:45:7B:5A",
                "00:1A:79:47:97:C4",
                "00:1A:79:47:B2:F4",
                "00:1A:79:48:A4:39",
                "00:1A:79:49:1A:E4",
                "00:1A:79:49:2D:10",
                "00:1A:79:49:45:E9",
                "00:1A:79:49:2F:67",
                "00:1A:79:49:60:BF",
                "00:1A:79:49:60:BA",
                "00:1A:79:49:45:F6",
                "00:1A:79:49:82:30",
                "00:1A:79:49:4C:05",
                "00:1A:79:49:83:41",
                "00:1A:79:49:A5:5E",
                "00:1A:79:49:C9:B6",
                "00:1A:79:49:81:14",
                "00:1A:79:49:CC:F9",
                "00:1A:79:49:9D:7A",
                "00:1A:79:49:A3:F6",
                "00:1A:79:4B:5D:D2",
                "00:1A:79:4B:FB:F9",
                "00:1A:79:4C:ED:00",
                "00:1A:79:4E:38:BF",
                "00:1A:79:4F:66:5C",
                "00:1A:79:50:15:DE",
                "00:1A:79:50:5F:CA",
                "00:1A:79:50:BC:58",
                "00:1A:79:50:DF:BA",
                "00:1A:79:51:44:85",
                "00:1A:79:51:43:CC",
                "00:1A:79:51:72:82",
                "00:1A:79:52:3D:86",
                "00:1A:79:53:F0:80",
                "00:1A:79:55:9C:12",
                "00:1A:79:55:99:57",
                "00:1A:79:55:D8:21"
            ]
        },
        {
            "server_name": "m1.redirect-4k.com:80",
            "server_url": "http://m1.redirect-4k.com:80/c/",
            "macs": [
                "00:1A:79:44:c2:44",
                "00:1A:79:24:83:43",
                "00:1A:79:56:2f:02",
                "00:1A:79:5c:46:6b",
                "00:1A:79:22:20:f7",
                "00:1A:79:57:a4:a2",
                "00:1A:79:c3:b9:0b",
                "00:1A:79:bb:1f:01"
            ]
        },
        {
            "server_name": "magnum-ott.net:80",
            "server_url": "http://magnum-ott.net:80/c/",
            "macs": [
                "00:1a:79:67:85:0a",
                "00:1a:79:6b:0f:53",
                "00:1a:79:40:bf:fb",
                "00:1a:79:71:68:ba",
                "00:1a:79:4e:e8:5a",
                "00:1a:79:b5:7d:70",
                "00:1a:79:67:de:22",
                "00:1a:79:3d:3b:a3",
                "00:1a:79:a3:d7:6f",
                "00:1a:79:09:18:27",
                "00:1a:79:18:10:cf",
                "00:1a:79:77:38:ca",
                "00:1a:79:2a:9b:fc",
                "00:1a:79:55:7f:7b",
                "00:1a:79:e9:0f:05",
                "00:1a:79:17:12:59",
                "00:1a:79:6c:39:0f",
                "00:1a:79:26:40:5b",
                "00:1a:79:95:49:06",
                "00:1a:79:ba:9d:ed",
                "00:1a:79:a3:43:19",
                "00:1a:79:fd:07:ce",
                "00:1a:79:70:21:14",
                "00:1a:79:31:71:c8",
                "00:1a:79:7a:ce:44",
                "00:1a:79:b0:b8:d9",
                "00:1a:79:d2:0f:0a",
                "00:1a:79:b0:5f:92",
                "00:1a:79:67:3e:01",
                "00:1a:79:b0:37:8b",
                "00:1a:79:78:25:7a",
                "00:1a:79:b2:00:ca",
                "00:1a:79:44:f1:d6",
                "00:1a:79:6e:0f:8c",
                "00:1a:79:73:f6:13",
                "00:1a:79:68:81:25",
                "00:1a:79:a1:8c:7e",
                "00:1a:79:53:d5:7a",
                "00:1a:79:e6:46:e1",
                "00:1a:79:ca:b9:5a",
                "00:1a:79:94:60:4e",
                "00:1a:79:a4:89:03",
                "00:1a:79:b5:b9:15",
                "00:1a:79:40:4f:10",
                "00:1a:79:fd:36:98",
                "00:1a:79:78:ac:a4",
                "00:1a:79:6f:c4:c9",
                "00:1a:79:a6:b1:08",
                "00:1a:79:77:ca:5b",
                "00:1a:79:af:84:3c",
                "00:1a:79:1f:ae:ad",
                "00:1a:79:01:61:a5",
                "00:1a:79:78:53:5c",
                "00:1a:79:b7:0c:8e",
                "00:1a:79:c8:01:de",
                "00:1a:79:bb:5f:15",
                "00:1a:79:99:1c:ce",
                "00:1a:79:46:7c:8b",
                "00:1a:79:56:f2:b0",
                "00:1a:79:5f:7e:c5",
                "00:1a:79:c0:5e:89",
                "00:1a:79:b7:eb:de",
                "00:1a:79:59:99:f3",
                "00:1a:79:a6:45:a3",
                "00:1a:79:c6:29:1c",
                "00:1a:79:d4:01:7a",
                "00:1a:79:51:19:7d",
                "00:1a:79:6f:bc:7e",
                "00:1a:79:f8:f1:18"
            ]
        },
        {
            "server_name": "host.xtreamhost.top",
            "server_url": "http://host.xtreamhost.top/c/",
            "macs": [
                "00:1a:79:a9:d8:3b",
                "00:1a:79:4d:15:7a",
                "00:1a:79:76:af:91",
                "00:1a:79:77:35:bd",
                "00:1a:79:ca:53:ba",
                "00:1a:79:a3:a4:a4",
                "00:1a:79:5d:37:e2",
                "00:1a:79:a7:a0:5d",
                "00:1a:79:75:41:2a",
                "00:1a:79:6d:87:d7",
                "00:1a:79:b4:55:27"
            ]
        },
        {
            "server_name": "snowdark.xyz:7575",
            "server_url": "http://snowdark.xyz:7575/c/",
            "macs": [
                "00:1a:79:5f:64:1c",
                "00:1a:79:18:16:2d",
                "00:1a:79:74:bb:a8",
                "00:1a:79:44:25:10",
                "00:1a:79:56:a5:7d",
                "00:1a:79:53:75:8c"
            ]
        },
        {
            "server_name": "heretv.club",
            "server_url": "http://heretv.club/c/",
            "macs": [
                "00:1a:79:57:3c:48",
                "00:1a:79:cf:05:26",
                "00:1a:79:e4:1e:01",
                "00:1a:79:90:43:be",
                "00:1a:79:4d:e2:7a",
                "00:1a:79:11:95:df",
                "00:1a:79:68:98:07",
                "00:1a:79:97:d0:ad",
                "00:1a:79:53:4f:26",
                "00:1a:79:d4:5a:78",
                "00:1a:79:b7:ec:06",
                "00:1a:79:22:8f:0e",
                "00:1a:79:57:47:1c",
                "00:1a:79:6b:92:e4",
                "00:1a:79:77:43:2c",
                "00:1a:79:1b:a9:58",
                "00:1a:79:6f:68:e3",
                "00:1a:79:67:94:94",
                "00:1a:79:57:83:25",
                "00:1a:79:71:3b:a6",
                "00:1a:79:5f:e5:54",
                "00:1a:79:43:3a:8f",
                "00:1a:79:22:01:4a",
                "00:1a:79:79:3f:02",
                "00:1a:79:a5:d4:d5",
                "00:1a:79:6d:01:0c",
                "00:1a:79:fc:09:96",
                "00:1a:79:4a:0b:2c",
                "00:1a:79:73:17:59"
            ]
        },
        {
            "server_name": "swissiptv.us:8080",
            "server_url": "http://swissiptv.us:8080/c/",
            "macs": [
                "00:1a:79:be:2f:c9",
                "00:1a:79:a7:01:0d",
                "00:1a:79:5f:23:6e",
                "00:1a:79:50:5c:ba",
                "00:1a:79:74:13:93",
                "00:1a:79:46:48:1d",
                "00:1a:79:19:3c:0a",
                "00:1a:79:54:b6:e4",
                "00:1a:79:d6:9a:63",
                "00:1a:79:6b:66:61",
                "00:1a:79:50:58:19",
                "00:1a:79:41:cd:ab",
                "00:1a:79:ab:51:2d",
                "00:1a:79:bf:d1:fa",
                "00:1a:79:bb:e0:66",
                "00:1a:79:5e:d8:20",
                "00:1a:79:5f:c2:33",
                "00:1a:79:b5:5a:c1",
                "00:1a:79:bd:4f:88",
                "00:1a:79:5d:4a:75",
                "00:1a:79:c0:89:5d",
                "00:1a:79:2e:92:d4",
                "00:1a:79:a9:d6:54",
                "00:1a:79:3f:de:38",
                "00:1a:79:39:b8:7b",
                "00:1a:79:ba:aa:c2",
                "00:1a:79:ad:e8:d8",
                "00:1a:79:ae:cb:6a",
                "00:1a:79:b8:8f:6e"
            ]
        },
        {
            "server_name": "matrix-ott.tv:8080",
            "server_url": "http://matrix-ott.tv:8080/c/",
            "macs": [
                "00:1a:79:4e:89:f9",
                "00:1a:79:4f:40:c5",
                "00:1a:79:57:a4:0e",
                "00:1a:79:3a:bb:15",
                "00:1a:79:83:a9:a4",
                "00:1a:79:3c:03:b9",
                "00:1a:79:54:66:28",
                "00:1a:79:f9:d0:55",
                "00:1a:79:63:ec:12",
                "00:1a:79:31:fc:c9",
                "00:1a:79:bd:24:90",
                "00:1a:79:c9:65:45",
                "00:1a:79:6b:68:c7",
                "00:1a:79:ca:a5:97",
                "00:1a:79:ae:fc:cd",
                "00:1a:79:4b:33:35",
                "00:1a:79:26:bf:39",
                "00:1a:79:d0:46:1d",
                "00:1a:79:e9:8a:9f",
                "00:1a:79:ab:54:b6",
                "00:1a:79:6b:35:7e"
            ]
        },
        {
            "server_name": "mag.abcdxyz.one",
            "server_url": "http://mag.abcdxyz.one/c/",
            "macs": [
                "00:1a:79:05:d8:0f",
                "00:1a:79:14:6f:65",
                "00:1a:79:64:e0:e6",
                "00:1a:79:43:ae:81",
                "00:1a:79:b6:3c:9f",
                "00:1a:79:13:62:5f",
                "00:1a:79:ac:9f:6f",
                "00:1a:79:aa:c3:a6",
                "00:1a:79:b6:3c:9f",
                "00:1a:79:e0:4f:e9"
            ]
        },
        {
            "server_name": "s1.pixel4k.vision",
            "server_url": "http://s1.pixel4k.vision/c/",
            "macs": [
                "00:1a:79:44:04:f1"
            ]
        },
        {
            "server_name": "r.germanyservers.de:8000",
            "server_url": "http://r.germanyservers.de:8000/c/",
            "macs": [
                "00:1a:79:db:ab:3d",
                "00:1a:79:f2:e6:74",
                "00:1a:79:55:e3:6e"
            ]
        },
        {
            "server_name": "monerotv.net:8080",
            "server_url": "http://monerotv.net:8080/c/",
            "macs": [
                "00:1a:79:5d:3c:a0"
            ]
        },
        {
            "server_name": "tivixs.com",
            "server_url": "http://tivixs.com/c/",
            "macs": [
                "00:1a:79:4f:c0:cb"
            ]
        },
        {
            "server_name": "bigotvpro.com:8080",
            "server_url": "http://bigotvpro.com:8080/c/",
            "macs": [
                "00:1a:79:59:b1:a4"
            ]
        },
        {
            "server_name": "webtv360.org:2578",
            "server_url": "http://webtv360.org:2578/c/",
            "macs": [
                "00:1a:79:5f:d1:be"
            ]
        },
        {
            "server_name": "premium-x.net:6453",
            "server_url": "http://premium-x.net:6453/c/",
            "macs": [
                "00:1a:79:16:a9:81",
                "00:1a:79:4c:45:ef",
                "00:1a:79:0e:dd:25",
                "00:1a:79:00:40:38",
                "00:1a:79:78:53:3a",
                "00:1a:79:a3:42:e3",
                "00:1a:79:75:66:54"
            ]
        },
        {
            "server_name": "8donq.top:8000",
            "server_url": "http://8donq.top:8000/c/",
            "macs": [
                "00:1a:79:c2:87:0e"
            ]
        },
        {
            "server_name": "elboxtv.com:1985",
            "server_url": "http://elboxtv.com:1985/c/",
            "macs": [
                "00:1a:79:44:83:ad",
                "00:1a:79:62:01:ee",
                "00:1a:79:bb:01:37",
                "00:1a:79:00:7c:80"
            ]
        }
    ]
}