{
    "items": [
        {
            "server_name": "nextlevelmedia.xyz:8880",
            "server_url": "http://nextlevelmedia.xyz:8880/c/",
            "macs": [
                "00:1A:79:00:4E:E9",
                "00:1A:79:00:77:3C",
                "00:1A:79:01:1F:0D",
                "00:1A:79:01:57:28",
                "00:1A:79:01:87:1A",
                "00:1A:79:01:89:33",
                "00:1A:79:02:4D:9F",
                "00:1A:79:02:4A:45",
                "00:1A:79:02:6B:8C",
                "00:1A:79:02:D8:92",
                "00:1A:79:03:19:7B",
                "00:1A:79:03:61:53",
                "00:1A:79:03:AB:33",
                "00:1A:79:04:05:08",
                "00:1A:79:03:CF:7E",
                "00:1A:79:04:14:34",
                "00:1A:79:04:3B:99",
                "00:1A:79:04:69:41",
                "00:1A:79:05:08:93",
                "00:1A:79:05:25:31",
                "00:1A:79:05:36:6A",
                "00:1A:79:05:30:34",
                "00:1A:79:05:44:DB",
                "00:1A:79:05:91:32",
                "00:1A:79:05:8E:CF",
                "00:1A:79:05:DD:C7",
                "00:1A:79:06:0F:98",
                "00:1A:79:07:9A:AD",
                "00:1A:79:07:A9:2B",
                "00:1A:79:07:E5:A4",
                "00:1A:79:08:60:CD",
                "00:1A:79:08:60:09",
                "00:1A:79:09:C9:60",
                "00:1A:79:09:F0:96",
                "00:1A:79:0A:08:8C",
                "00:1A:79:0A:08:88",
                "00:1A:79:0A:52:AA",
                "00:1A:79:0A:C1:CD",
                "00:1A:79:0B:EE:9C",
                "00:1A:79:0C:08:03",
                "00:1A:79:0C:20:9F",
                "00:1A:79:0C:15:E0",
                "00:1A:79:0C:26:9D",
                "00:1A:79:0C:74:94",
                "00:1A:79:0C:6B:21",
                "00:1A:79:0C:D9:4C",
                "00:1A:79:0C:49:2D",
                "00:1A:79:0D:46:1B",
                "00:1A:79:0D:7A:AB",
                "00:1A:79:0E:13:2F",
                "00:1A:79:0E:12:FA",
                "00:1A:79:0E:14:2B",
                "00:1A:79:0E:49:AB",
                "00:1A:79:0E:8E:55",
                "00:1A:79:0E:D7:F4",
                "00:1A:79:0E:8E:5F",
                "00:1A:79:0E:E0:9D",
                "00:1A:79:0F:1E:44",
                "00:1A:79:0F:89:BC",
                "00:1A:79:0F:D0:A9",
                "00:1A:79:16:25:4D",
                "00:1A:79:16:47:9E",
                "00:1A:79:18:3D:D3",
                "00:1A:79:18:93:DC",
                "00:1A:79:19:33:DC",
                "00:1A:79:1A:AC:B8",
                "00:1A:79:1A:FD:2D",
                "00:1A:79:1B:4A:A8",
                "00:1A:79:1B:BC:54",
                "00:1A:79:1B:D8:33",
                "00:1A:79:1C:5C:8F",
                "00:1A:79:1C:66:B1",
                "00:1A:79:1C:77:95",
                "00:1A:79:1E:EB:BB",
                "00:1A:79:1f:94:51",
                "00:1A:79:1F:8C:55",
                "00:1A:79:20:0D:5A"
            ]
        },
        {
            "server_name": "kungtv.net:25461",
            "server_url": "http://kungtv.net:25461/c/",
            "macs": [
                "10:27:BE:2e:46:c2",
                "10:27:BE:0d:e9:a1",
                "10:27:BE:2d:a7:34",
                "10:27:BE:2e:54:51",
                "10:27:BE:15:44:96",
                "10:27:BE:2d:ac:22",
                "10:27:BE:16:4e:e9",
                "10:27:BE:2d:2c:fb",
                "10:27:BE:2e:cf:91",
                "10:27:BE:2f:52:36",
                "10:27:BE:0d:54:be",
                "10:27:BE:05:ba:09",
                "10:27:BE:0b:59:63",
                "10:27:BE:2e:d3:e9",
                "10:27:BE:04:9b:15",
                "10:27:BE:15:41:67",
                "10:27:BE:12:67:a0",
                "10:27:BE:05:5e:73",
                "10:27:BE:2e:13:cb",
                "10:27:BE:05:82:d4",
                "10:27:BE:2e:25:c3",
                "10:27:BE:15:f3:c4",
                "10:27:BE:15:34:79",
                "10:27:BE:2f:0d:29",
                "10:27:BE:0d:ee:9b",
                "10:27:BE:3d:1a:a1",
                "10:27:BE:15:a6:f0",
                "10:27:BE:0b:62:fa",
                "10:27:BE:15:60:cb",
                "10:27:BE:0d:41:5a",
                "10:27:BE:15:b8:50",
                "10:27:BE:2d:60:bb",
                "10:27:BE:2e:d3:41",
                "10:27:BE:2e:d1:10",
                "10:27:BE:0b:45:c2",
                "10:27:BE:15:f0:ce",
                "10:27:BE:2f:cc:ea",
                "10:27:BE:2d:55:4c",
                "10:27:BE:15:fb:cc",
                "10:27:BE:15:4e:bc",
                "10:27:BE:15:ab:2c",
                "10:27:BE:15:a6:d5",
                "10:27:BE:2d:a9:88",
                "10:27:BE:15:b6:3b",
                "10:27:BE:2e:4f:cf",
                "10:27:BE:15:70:d5",
                "10:27:BE:0b:24:5c",
                "10:27:BE:3a:1c:ac",
                "10:27:BE:2e:a0:16",
                "10:27:BE:15:c4:87",
                "10:27:BE:15:dc:53",
                "10:27:BE:15:44:4b",
                "10:27:BE:2e:1a:3b",
                "10:27:BE:15:de:5c",
                "10:27:BE:15:34:e3",
                "10:27:BE:2d:b9:d4",
                "10:27:BE:05:a5:33",
                "10:27:BE:2d:ae:a6",
                "10:27:BE:0d:96:28",
                "10:27:BE:2d:63:a1",
                "10:27:BE:2d:a4:76",
                "10:27:BE:15:ed:81",
                "10:27:BE:0d:e5:db",
                "10:27:BE:05:73:2d",
                "10:27:BE:2d:c0:92",
                "10:27:BE:0b:2c:0a",
                "10:27:BE:2f:03:0e",
                "10:27:BE:15:bd:ac",
                "10:27:BE:12:11:ca",
                "10:27:BE:15:3e:9b",
                "10:27:BE:0d:a0:f9",
                "10:27:BE:2e:db:fa",
                "10:27:BE:2d:af:6d",
                "10:27:BE:15:ae:4c",
                "10:27:BE:2f:73:07",
                "10:27:BE:15:5b:68",
                "10:27:BE:15:51:31",
                "10:27:BE:15:af:6b",
                "10:27:BE:3d:00:fa",
                "10:27:BE:15:e2:1b",
                "10:27:BE:2f:16:67",
                "10:27:BE:15:bd:4f",
                "10:27:BE:0b:0a:4b",
                "10:27:BE:0d:3f:b7",
                "10:27:BE:2d:c2:93",
                "10:27:BE:2f:6f:a8",
                "10:27:BE:2f:50:ed"
            ]
        },
        {
            "server_name": "4kmedia.watch:8880",
            "server_url": "http://4kmedia.watch:8880/c/",
            "macs": [
                "00:1A:79:00:32:00",
                "00:1A:79:00:77:3C",
                "00:1A:79:01:1F:0D",
                "00:1A:79:01:57:28",
                "00:1A:79:01:89:33",
                "00:1A:79:02:4A:45",
                "00:1A:79:02:4D:9F",
                "00:1A:79:02:6B:8C",
                "00:1A:79:02:93:00",
                "00:1A:79:02:D8:92",
                "00:1A:79:03:19:7B",
                "00:1A:79:03:61:53",
                "00:1A:79:03:AB:33",
                "00:1A:79:03:CF:7E",
                "00:1A:79:04:05:08",
                "00:1A:79:04:14:34",
                "00:1A:79:04:3B:99",
                "00:1A:79:04:69:41",
                "00:1A:79:04:8D:30",
                "00:1A:79:05:08:93",
                "00:1A:79:05:30:34",
                "00:1A:79:05:25:31",
                "00:1A:79:05:36:6A",
                "00:1A:79:05:44:DB",
                "00:1A:79:05:8E:CF",
                "00:1A:79:05:91:32",
                "00:1A:79:05:DD:C7",
                "00:1A:79:06:0F:98",
                "00:1A:79:06:A7:4E",
                "00:1A:79:06:7F:6E",
                "00:1A:79:07:04:18",
                "00:1A:79:07:07:07",
                "00:1A:79:06:B6:93",
                "00:1A:79:07:05:18",
                "00:1A:79:07:2C:8F",
                "00:1A:79:07:A9:2B",
                "00:1A:79:07:B5:A1",
                "00:1A:79:07:9A:AD",
                "00:1A:79:07:8C:05",
                "00:1A:79:07:E5:A4",
                "00:1A:79:08:60:09",
                "00:1A:79:08:60:CD",
                "00:1A:79:08:7D:AA",
                "00:1A:79:08:9F:66",
                "00:1A:79:09:31:80",
                "00:1A:79:09:F0:96",
                "00:1A:79:0A:08:88",
                "00:1A:79:0A:08:8C",
                "00:1A:79:0A:C1:CD",
                "00:1A:79:0A:52:AA",
                "00:1A:79:0B:0E:02",
                "00:1A:79:0B:EE:9C",
                "00:1A:79:0C:20:9F",
                "00:1A:79:0C:26:9D",
                "00:1A:79:0C:15:E0",
                "00:1A:79:0C:08:03",
                "00:1A:79:0C:74:94",
                "00:1A:79:0C:6B:21",
                "00:1A:79:0C:49:2D",
                "00:1A:79:0C:D9:4C",
                "00:1A:79:0D:0A:B4",
                "00:1A:79:0D:1C:52",
                "00:1A:79:0D:46:1B",
                "00:1A:79:0D:0F:89",
                "00:1A:79:0D:0A:B5",
                "00:1A:79:0D:4A:95",
                "00:1A:79:0D:7A:AB",
                "00:1A:79:0E:13:2F",
                "00:1A:79:0E:12:FA",
                "00:1A:79:0E:14:2B",
                "00:1A:79:0E:49:AB",
                "00:1A:79:0E:8E:55",
                "00:1A:79:0E:D7:F4",
                "00:1A:79:0F:1E:44",
                "00:1A:79:0E:8E:5F",
                "00:1A:79:0F:D0:A9",
                "00:1A:79:0F:89:BC",
                "00:1A:79:13:32:96",
                "00:1A:79:13:44:77",
                "00:1A:79:13:74:FF"
            ]
        },
        {
            "server_name": "pro.00387.info:80",
            "server_url": "http://pro.00387.info:80/c/",
            "macs": [
                "00:1A:79:6A:A8:15"
            ]
        },
        {
            "server_name": "pro.00387.info:80",
            "server_url": "http://pro.00387.info:80/stalker_portal/c/",
            "macs": [
                "00:1A:79:6A:A8:15"
            ]
        },
        {
            "server_name": "balkan-x.net:80",
            "server_url": "http://balkan-x.net:80/c/",
            "macs": [
                "00:1A:79:02:CE:69",
                "00:1A:79:2D:7D:23",
                "00:1A:79:3F:63:7D",
                "00:1A:79:4D:09:F0",
                "00:1A:79:53:EF:24",
                "00:1A:79:57:5D:2B",
                "00:1A:79:5D:D5:00",
                "00:1A:79:5F:C6:2F",
                "00:1A:79:60:08:84",
                "00:1A:79:60:6A:36",
                "00:1A:79:30:69:D9"
            ]
        }
    ]
}