{
    "items": [
        {
            "server_name": "mercury.deskanet.com:8880",
            "server_url": "http://mercury.deskanet.com:8880/c/",
            "macs": [
                "00:1A:79:f8:d1:a5",
                "00:1A:79:0c:1f:24",
                "00:1A:79:b4:19:58"
            ]
        },
        {
            "server_name": "ip.opentv.ma:8000",
            "server_url": "http://ip.opentv.ma:8000/c/",
            "macs": [
                "00:1A:79:03:9A:1C"
            ]
        },
        {
            "server_name": "test456.space:8080",
            "server_url": "http://test456.space:8080/c/",
            "macs": [
                "00:1A:79:40:04:78",
                "00:1A:79:40:56:8d",
                "00:1a:79:4a:27:37",
                "00:1A:79:4F:A2:7A",
                "00:1A:79:4F:3F:8B",
                "00:1A:79:57:56:8A",
                "00:1a:79:60:5b:ed"
            ]
        },
        {
            "server_name": "jrobs.xyz:8880",
            "server_url": "http://jrobs.xyz:8880/c/",
            "macs": [
                "00:1a:79:00:00:05",
                "00:1a:79:57:30:d8",
                "00:1a:79:03:45:01",
                "00:1A:79:0B:52:AA",
                "00:1A:79:0B:EE:9C",
                "00:1A:79:0D:22:36",
                "00:1a:79:0e:18:79",
                "00:1A:79:17:76:37",
                "00:1A:79:2A:23:EC",
                "00:1a:79:2b:d6:3f"
            ]
        },
        {
            "server_name": "world-panel.co:6969",
            "server_url": "http://world-panel.co:6969/c/",
            "macs": [
                "00:1A:79:50:64:AF",
                "00:1A:79:94:22:93"
            ]
        },
        {
            "server_name": "65.21.99.47:8080",
            "server_url": "http://65.21.99.47:8080/c/",
            "macs": [
                "00:1A:79:AF:53:D0",
                "00:1A:79:AA:A7:7A",
                "00:1A:79:B8:7A:CA",
                "00:1A:79:A4:40:9D",
                "00:1A:79:A4:41:4E"
            ]
        },
        {
            "server_name": "bazaruto.top:8000",
            "server_url": "http://bazaruto.top:8000/c/",
            "macs": [
                "00:1A:79:60:6C:0E"
            ]
        },
        {
            "server_name": "starshare.live:8080",
            "server_url": "http://starshare.live:8080/c/",
            "macs": [
                "00:1A:79:29:28:B4"
            ]
        },
        {
            "server_name": "89francs.tv:80",
            "server_url": "http://89francs.tv:80/c/",
            "macs": [
                "00:1A:79:ab:dc:2c"
            ]
        },
        {
            "server_name": "tv.pro-ott.com:25443",
            "server_url": "http://tv.pro-ott.com:25443/c/",
            "macs": [
                "00:1A:79:97:1a:92",
                "00:1A:79:6e:a7:a2"
            ]
        },
        {
            "server_name": "hxplos100.xyz:80",
            "server_url": "http://hxplos100.xyz:80/c/",
            "macs": [
                "00:1A:79:ad:a7:aa",
                "00:1A:79:a3:f5:8d",
                "00:1A:79:c8:05:98",
                "00:1A:79:45:8c:8a"
            ]
        },
        {
            "server_name": "tvtime.ddns.net:8080",
            "server_url": "http://tvtime.ddns.net:8080/c/",
            "macs": [
                "00:1A:79:18:11:BB"
            ]
        },
        {
            "server_name": "145.239.255.38:8080",
            "server_url": "http://145.239.255.38:8080/c/",
            "macs": [
                "00:1A:79:01:CD:81"
            ]
        },
        {
            "server_name": "newmagicbox.entrydns.org",
            "server_url": "http://newmagicbox.entrydns.org/c/",
            "macs": [
                "00:1A:79:94:22:93"
            ]
        },
        {
            "server_name": "arenastudio.xyz:8080",
            "server_url": "http://arenastudio.xyz:8080/c/",
            "macs": [
                "00:1A:79:C1:98:B0",
                "00:1A:79:A6:DE:9E",
                "00:1A:79:A1:32:46",
                "00:1A:79:4A:13:B4",
                "00:1A:79:A3:1B:1C",
                "00:1A:79:56:66:A1",
                "00:1A:79:AF:53:90",
                "00:1A:79:A2:6E:72",
                "00:1A:79:BF:99:31",
                "00:1A:79:A3:1B:24",
                "00:1A:79:3D:92:07",
                "00:1A:79:AE:01:24",
                "00:1A:79:A1:A5:77",
                "00:1A:79:56:66:A1",
                "00:1A:79:A2:6E:72",
                "00:1A:79:AF:53:90",
                "00:1A:79:A6:DE:9E",
                "00:1A:79:A6:7D:A7"
            ]
        },
        {
            "server_name": "universesat.net:8000",
            "server_url": "http://universesat.net:8000/c/",
            "macs": [
                "00:1A:79:AB:C8:38",
                "00:1A:79:BA:5B:8A",
                "00:1A:79:BD:28:9F",
                "00:1A:79:AB:C8:9F",
                "00:1A:79:B0:9F:AD",
                "00:1A:79:32:AB:5F",
                "00:1A:79:A1:38:83"
            ]
        },
        {
            "server_name": "meon-pro.com",
            "server_url": "http://meon-pro.com/c/",
            "macs": [
                "00:1A:79:AC:DA:44"
            ]
        },
        {
            "server_name": "fortv.cc:8080",
            "server_url": "http://fortv.cc:8080/c/",
            "macs": [
                "00:1A:79:88:D4:F0",
                "00:1A:79:55:47:E7",
                "00:1A:79:2C:F9:16",
                "00:1A:79:AF:11:C2"
            ]
        },
        {
            "server_name": "ip.ninja21.xyz:8080",
            "server_url": "http://ip.ninja21.xyz:8080/c/",
            "macs": [
                "00:1A:79:A8:D7:79",
                "00:1A:79:BE:8D:3F",
                "00:1A:79:BE:9B:D2"
            ]
        },
        {
            "server_name": "1sc33n.com:8000",
            "server_url": "http://1sc33n.com:8000/c/",
            "macs": [
                "00:1a:79:ac:53:07",
                "00:1a:79:ab:98:95",
                "00:1a:79:b2:86:48"
            ]
        },
        {
            "server_name": "www.one2.club:8000",
            "server_url": "http://www.one2.club:8000/c/",
            "macs": [
                "00:1a:79:4f:56:89",
                "00:1a:79:3f:13:12"
            ]
        },
        {
            "server_name": "heretv.club",
            "server_url": "http://heretv.club/c/",
            "macs": [
                "00:1a:79:f2:d0:48",
                "00:1a:79:21:94:85",
                "00:1a:79:67:3a:d3",
                "00:1a:79:41:a0:5d",
                "00:1a:79:c3:c3:43",
                "00:1a:79:b6:74:25",
                "00:1a:79:3e:56:26",
                "00:1a:79:aa:3f:c6"
            ]
        },
        {
            "server_name": "vipavrasya.tv:15000",
            "server_url": "http://vipavrasya.tv:15000/c/",
            "macs": [
                "00:1a:79:36:e4:5b",
                "00:1a:79:bd:2f:44"
            ]
        },
        {
            "server_name": "onbento.xyz:8080",
            "server_url": "http://onbento.xyz:8080/c/",
            "macs": [
                "00:1a:79:aa:b1:89",
                "00:1a:79:a5:9c:7d",
                "00:1a:79:b7:25:d0",
                "00:1a:79:df:20:59",
                "00:1a:79:ae:06:b9"
            ]
        },
        {
            "server_name": "turkiyetv.live:8000",
            "server_url": "http://turkiyetv.live:8000/c/",
            "macs": [
                "00:1a:79:c4:4d:69",
                "00:1a:79:65:11:e6",
                "00:1a:79:6d:67:e3",
                "00:1a:79:59:4c:b2",
                "00:1a:79:6f:2d:78",
                "00:1a:79:be:2f:ee",
                "00:1a:79:b4:31:b9"
            ]
        },
        {
            "server_name": "1plustv.org:8080",
            "server_url": "http://1plustv.org:8080/c/",
            "macs": [
                "00:1a:79:6e:22:f0"
            ]
        },
        {
            "server_name": "m.speedtestmt.com",
            "server_url": "http://m.speedtestmt.com/c/",
            "macs": [
                "00:1a:79:00:00:93"
            ]
        },
        {
            "server_name": "powerip.be:8000",
            "server_url": "http://powerip.be:8000/c/",
            "macs": [
                "00:1a:79:bb:42:01",
                "00:1a:79:c4:91:18",
                "00:1a:79:1d:21:f6",
                "00:1a:79:76:4e:aa",
                "00:1a:79:2e:7c:65",
                "00:1a:79:38:b4:0f",
                "00:1a:79:58:8d:0d",
                "00:1a:79:4c:0c:26",
                "00:1a:79:30:5a:fc",
                "00:1a:79:1d:38:22",
                "00:1a:79:31:dc:96",
                "00:1a:79:b9:3a:50",
                "00:1a:79:31:e9:f3",
                "00:1a:79:ae:73:40",
                "00:1a:79:75:29:d5"
            ]
        },
        {
            "server_name": "semprea100.relaxy.vip:8000",
            "server_url": "http://semprea100.relaxy.vip:8000/c/",
            "macs": [
                "00:1a:79:b4:f9:bd",
                "00:1a:79:39:23:48",
                "00:1a:79:95:20:7e",
                "00:1a:79:46:f4:f5",
                "00:1a:79:57:ca:cf",
                "00:1a:79:66:f7:03",
                "00:1a:79:3d:17:04",
                "00:1a:79:95:d4:06",
                "00:1a:79:02:3d:fd",
                "00:1a:79:a2:28:08",
                "00:1a:79:2d:e5:34"
            ]
        },
        {
            "server_name": "magmegiill2mig4zil.funtogether.xyz:8080",
            "server_url": "http://magmegiill2mig4zil.funtogether.xyz:8080/c/",
            "macs": [
                "00:1a:79:19:1f:e7",
                "00:1a:79:5b:e4:e0",
                "00:1a:79:b4:97:44",
                "00:1a:79:bf:97:3a",
                "00:1a:79:5e:de:15",
                "00:1a:79:ab:42:99",
                "00:1a:79:ae:b5:0e",
                "00:1a:79:bd:85:50",
                "00:1a:79:ab:e8:0d",
                "00:1a:79:21:1f:d6",
                "00:1a:79:c3:ad:0d",
                "00:1a:79:45:97:75",
                "00:1a:79:57:5c:3a"
            ]
        }
    ]
}