{
    "items": [
        {
            "server_name": "yasar.club:6464",
            "server_url": "http://yasar.club:6464/c/",
            "macs": [
                "00:1A:79:B5:19:A6",
                "00:1A:79:B1:6C:E1"
            ]
        },
        {
            "server_name": "login.boxlion.nl",
            "server_url": "http://login.boxlion.nl/c/",
            "macs": [
                "00:1a:79:b0:df:d1",
                "00:1a:79:ad:7f:bc",
                "00:1a:79:b7:9e:69",
                "00:1a:79:ab:3d:ec"
            ]
        },
        {
            "server_name": "matrix-ott.tv:8080",
            "server_url": "http://matrix-ott.tv:8080/c/",
            "macs": [
                "00:1a:79:6c:08:52",
                "00:1a:79:b7:0d:a8",
                "00:1a:79:45:db:7e",
                "00:1a:79:56:28:79",
                "00:1a:79:f1:17:10",
                "00:1a:79:b2:81:7d",
                "00:1a:79:1a:79:d7",
                "00:1a:79:ec:30:25",
                "00:1a:79:5f:dd:09",
                "00:1a:79:af:71:82",
                "00:1a:79:b6:45:c6",
                "00:1a:79:26:14:07",
                "00:1a:79:5b:e8:cd",
                "00:1a:79:42:a0:c4",
                "00:1a:79:72:e2:8e",
                "00:1a:79:59:b2:5e",
                "00:1a:79:69:68:13",
                "00:1a:79:b2:71:ca",
                "00:1a:79:1d:42:06",
                "00:1a:79:3b:3e:8b",
                "00:1a:79:b5:16:90",
                "00:1a:79:bb:cf:2c",
                "00:1a:79:a7:a8:94",
                "00:1a:79:47:56:4b",
                "00:1a:79:b9:c1:e7",
                "00:1a:79:43:f5:c5",
                "00:1a:79:21:1f:55",
                "00:1a:79:b1:7d:45",
                "00:1a:79:bf:77:62"
            ]
        },
        {
            "server_name": "forza-acmilan.streamtv.to:8080",
            "server_url": "http://forza-acmilan.streamtv.to:8080/c/",
            "macs": [
                "00:1a:79:b7:3d:cb",
                "00:1a:79:5c:3b:d1"
            ]
        },
        {
            "server_name": "lozanostv.com:25461",
            "server_url": "http://lozanostv.com:25461/c/",
            "macs": [
                "00:1a:79:5a:9f:3f"
            ]
        },
        {
            "server_name": "line.sohakiller.net:80",
            "server_url": "http://line.sohakiller.net:80/c/",
            "macs": [
                "00:1A:79:c3:6f:57",
                "00:1A:79:c3:a6:68"
            ]
        },
        {
            "server_name": "mhiptv.com:8080",
            "server_url": "http://mhiptv.com:8080/c/",
            "macs": [
                "00:1A:79:58:d8:06"
            ]
        },
        {
            "server_name": "hdhd.tk:80",
            "server_url": "http://hdhd.tk:80/c/",
            "macs": [
                "00:1a:79:7d:18:66"
            ]
        },
        {
            "server_name": "showflix.art:5890",
            "server_url": "http://showflix.art:5890/c/",
            "macs": [
                "00:1A:79:7b:61:4c",
                "00:1A:79:e2:8e:18",
                "00:1A:79:63:50:4e"
            ]
        },
        {
            "server_name": "ott-4k.com:8000",
            "server_url": "http://ott-4k.com:8000/c/",
            "macs": [
                "00:1A:79:cb:45:59"
            ]
        },
        {
            "server_name": "netseeny.maxhd.vip:8000",
            "server_url": "http://netseeny.maxhd.vip:8000/c/",
            "macs": [
                "00:1a:79:d7:7f:7c",
                "00:1a:79:86:a0:dc",
                "00:1a:79:bf:cb:2e",
                "00:1a:79:75:28:1c",
                "00:1a:79:26:03:8f",
                "00:1a:79:91:39:4b",
                "00:1a:79:79:e0:55",
                "00:1a:79:bc:21:a1",
                "00:1a:79:31:62:08",
                "00:1a:79:d8:2b:69",
                "00:1a:79:73:c8:71",
                "00:1a:79:72:6c:58",
                "00:1a:79:4e:b1:a1",
                "00:1a:79:55:81:1e",
                "00:1a:79:4d:02:66",
                "00:1a:79:58:0d:60",
                "00:1a:79:34:ba:f7",
                "00:1a:79:3c:5b:5b",
                "00:1a:79:b4:75:63",
                "00:1a:79:89:1e:e5",
                "00:1a:79:2a:d2:70",
                "00:1a:79:2a:d2:fa",
                "00:1a:79:31:ef:4c",
                "00:1a:79:f0:50:38",
                "00:1a:79:26:b3:8d",
                "00:1a:79:6e:10:12",
                "00:1a:79:45:db:7e",
                "00:1a:79:4d:40:7e",
                "00:1a:79:5a:40:8e",
                "00:1a:79:5c:3a:b1",
                "00:1a:79:b2:7a:fa",
                "00:1a:79:22:16:96",
                "00:1a:79:d4:0f:28",
                "00:1a:79:d1:54:df"
            ]
        },
        {
            "server_name": "starshare.live:8080",
            "server_url": "http://starshare.live:8080/c/",
            "macs": [
                "00:1A:79:05:d4:89",
                "00:1A:79:ec:8e:a9"
            ]
        },
        {
            "server_name": "goldeniptv.eu",
            "server_url": "http://goldeniptv.eu/c/",
            "macs": [
                "00:1a:79:a0:1f:f4",
                "00:1a:79:b9:a4:c5",
                "00:1a:79:90:32:23",
                "00:1a:79:ba:8c:4b",
                "00:1a:79:a4:82:49"
            ]
        },
        {
            "server_name": "tv.eoiptv.mydns.live",
            "server_url": "http://tv.eoiptv.mydns.live/c/",
            "macs": [
                "00:1a:79:39:3f:3c",
                "00:1a:79:5d:e1:7f",
                "00:1a:79:4d:13:d3",
                "00:1a:79:50:de:36"
            ]
        },
        {
            "server_name": "stariptv1.com:8080",
            "server_url": "http://stariptv1.com:8080/c/",
            "macs": [
                "00:1a:79:35:b3:35",
                "00:1a:79:c0:16:7a",
                "00:1a:79:12:7a:96",
                "00:1a:79:49:1f:84",
                "00:1a:79:c2:90:b0",
                "00:1a:79:57:9f:b8"
            ]
        }
    ]
}