{
    "items": [
        {
            "server_name": "ultra-box.club",
            "server_url": "http://ultra-box.club/c/",
            "macs": [
                "00:1A:79:5F:ED:51",
                "00:1A:79:3E:E9:5D",
                "00:1A:79:A9:AC:F5",
                "00:1A:79:9D:C9:EA",
                "00:1A:79:A6:60:0C",
                "00:1A:79:44:F7:E4",
                "00:1A:79:52:77:C7",
                "00:1A:79:BA:54:51",
                "00:1A:79:ED:68:BA",
                "00:1A:79:E7:72:4D",
                "00:1A:79:4B:60:CF",
                "00:1A:79:45:A6:14",
                "00:1A:79:AD:0E:83",
                "00:1A:79:5D:06:87",
                "00:1A:79:AE:B8:78",
                "00:1A:79:59:8E:7A",
                "00:1A:79:1D:A6:15",
                "00:1A:79:C6:4B:38",
                "00:1A:79:3E:44:5A",
                "00:1A:79:46:0F:61",
                "00:1A:79:67:C1:AB",
                "00:1A:79:5C:CE:B7",
                "00:1A:79:BF:D5:63",
                "00:1A:79:05:CD:FA",
                "00:1A:79:A9:EF:98",
                "00:1A:79:87:79:88",
                "00:1A:79:BD:0C:0A",
                "00:1A:79:3F:2B:0B",
                "00:1A:79:B5:3C:00",
                "00:1A:79:B7:53:B1",
                "00:1A:79:B9:CD:28",
                "00:1A:79:B4:3D:DA",
                "00:1A:79:6D:D5:6F",
                "00:1A:79:A2:15:5C",
                "00:1A:79:4A:17:3D",
                "00:1A:79:54:2A:0F",
                "00:1A:79:9C:22:77",
                "00:1A:79:64:DE:FE",
                "00:1A:79:F4:F7:7C",
                "00:1A:79:3F:B7:38",
                "00:1A:79:53:FE:02",
                "00:1A:79:68:C3:D5",
                "00:1A:79:3D:27:48",
                "00:1A:79:62:BA:B3",
                "00:1A:79:2F:88:9D",
                "00:1A:79:AF:18:E1",
                "00:1A:79:5A:0B:E0",
                "00:1A:79:54:DD:2B",
                "00:1A:79:C6:D1:2F",
                "00:1A:79:46:39:25",
                "00:1A:79:B8:11:56",
                "00:1A:79:35:DE:E3",
                "00:1A:79:BC:46:01",
                "00:1A:79:62:54:E4"
            ]
        },
        {
            "server_name": "sa.magnetukas.lt:8666",
            "server_url": "http://sa.magnetukas.lt:8666/c/",
            "macs": [
                "00:1A:79:C1:D4:C2",
                "00:1A:79:40:3B:F8"
            ]
        },
        {
            "server_name": "robsrewards.xyz:8880",
            "server_url": "http://robsrewards.xyz:8880/c/",
            "macs": [
                "00:1A:79:31:68:FC"
            ]
        },
        {
            "server_name": "matrix-ott.tv:8080",
            "server_url": "http://matrix-ott.tv:8080/c/",
            "macs": [
                "00:1A:79:AC:5F:6E",
                "00:1A:79:A6:7F:C7",
                "00:1A:79:5D:95:77",
                "00:1A:79:25:84:62",
                "00:1A:79:47:E7:AD",
                "00:1A:79:BC:DD:62",
                "00:1A:79:C2:81:9B",
                "00:1A:79:60:07:ED",
                "00:1A:79:00:2B:7A",
                "00:1A:79:3A:D7:75",
                "00:1A:79:AB:0F:9A",
                "00:1A:79:25:FA:BD",
                "00:1A:79:CE:C4:C9",
                "00:1A:79:6F:74:E2",
                "00:1A:79:29:EE:16",
                "00:1A:79:C2:5F:F2",
                "00:1A:79:71:95:71",
                "00:1A:79:48:E1:C4",
                "00:1A:79:2D:7A:32",
                "00:1A:79:B7:E5:9F",
                "00:1A:79:31:C1:B1",
                "00:1A:79:DA:87:21",
                "00:1A:79:4C:92:48",
                "00:1A:79:DA:8A:E9",
                "00:1A:79:1D:5A:38",
                "00:1A:79:5E:F3:7B",
                "00:1A:79:43:72:59",
                "00:1A:79:AE:6D:71",
                "00:1A:79:B5:C4:9A",
                "00:1A:79:C1:9B:64",
                "00:1A:79:4E:EA:70",
                "00:1A:79:6E:1C:7A",
                "00:1A:79:AE:4C:5A",
                "00:1A:79:5D:0B:45",
                "00:1A:79:40:7C:CB",
                "00:1A:79:A4:95:A4",
                "00:1A:79:73:39:22",
                "00:1A:79:D5:41:DC",
                "00:1A:79:B7:D7:B4",
                "00:1A:79:3A:B9:2E",
                "00:1A:79:2A:D2:AA",
                "00:1A:79:2E:2B:79",
                "00:1A:79:8B:03:5A",
                "00:1A:79:6D:83:76",
                "00:1A:79:6A:6B:62",
                "00:1A:79:36:C1:6F",
                "00:1A:79:2C:94:92",
                "00:1A:79:8D:EA:A1",
                "00:1A:79:AC:37:1C"
            ]
        },
        {
            "server_name": "dragon4k.com:8000",
            "server_url": "http://dragon4k.com:8000/c/",
            "macs": [
                "00:1A:79:45:20:6C",
                "00:1A:79:22:5C:D9",
                "00:1A:79:AF:AD:C6",
                "00:1A:79:FC:A4:84",
                "00:1A:79:40:97:E4",
                "00:1A:79:57:C9:54",
                "00:1A:79:66:F6:08",
                "00:1A:79:0F:B0:A7",
                "00:1A:79:3B:17:47",
                "00:1A:79:56:E4:C8",
                "00:1A:79:EC:15:D1",
                "00:1A:79:A4:89:A7",
                "00:1A:79:5A:83:EA",
                "00:1A:79:A4:74:F6",
                "00:1A:79:38:74:72",
                "00:1A:79:BA:72:46",
                "00:1A:79:85:EF:51",
                "00:1A:79:71:EF:44",
                "00:1A:79:DC:11:18",
                "00:1A:79:2B:89:30",
                "00:1A:79:B0:C8:66",
                "00:1A:79:D2:62:D2",
                "00:1A:79:74:82:81",
                "00:1A:79:B4:4B:32",
                "00:1A:79:A7:9F:39",
                "00:1A:79:C5:AD:FF",
                "00:1A:79:90:8A:22",
                "00:1A:79:19:6D:0D",
                "00:1A:79:5A:41:65",
                "00:1A:79:79:9E:76",
                "00:1A:79:18:EE:D8",
                "00:1A:79:70:1C:1A",
                "00:1A:79:CE:94:9B",
                "00:1A:79:C3:09:35",
                "00:1A:79:73:94:7B",
                "00:1A:79:8D:9B:0D",
                "00:1A:79:12:F3:1F",
                "00:1A:79:3A:47:7D",
                "00:1A:79:50:C3:36",
                "00:1A:79:A4:85:BC",
                "00:1A:79:81:D7:4C",
                "00:1A:79:4D:07:49",
                "00:1A:79:73:56:E9",
                "00:1A:79:19:3F:9E",
                "00:1A:79:2C:F6:20",
                "00:1A:79:1D:A0:D3",
                "00:1A:79:28:82:AF",
                "00:1A:79:BA:42:59",
                "00:1A:79:5A:4A:8F",
                "00:1A:79:13:29:87",
                "00:1A:79:11:0D:0D",
                "00:1A:79:BF:3E:C1",
                "00:1A:79:14:9E:E3",
                "00:1A:79:6D:21:85",
                "00:1A:79:1D:24:AB",
                "00:1A:79:43:0F:D8",
                "00:1A:79:0B:3B:2F",
                "00:1A:79:14:7E:85",
                "00:1A:79:85:EF:F1",
                "00:1A:79:D9:D5:00",
                "00:1A:79:C9:A4:B0",
                "00:1A:79:ED:2B:93",
                "00:1A:79:6A:A7:80",
                "00:1A:79:E1:6F:44",
                "00:1A:79:B3:21:95",
                "00:1A:79:31:60:59",
                "00:1A:79:47:77:33",
                "00:1A:79:8F:4E:23",
                "00:1A:79:77:22:0B",
                "00:1A:79:DE:70:89",
                "00:1A:79:67:3B:67",
                "00:1A:79:43:EB:88",
                "00:1A:79:68:A4:43",
                "00:1A:79:D6:F3:00",
                "00:1A:79:44:29:F8",
                "00:1A:79:A1:FF:7A"
            ]
        },
        {
            "server_name": "serverswe1.tv:8080",
            "server_url": "http://serverswe1.tv:8080/c/",
            "macs": [
                "00:1A:79:B4:5A:BD",
                "00:1A:79:AD:7B:1F",
                "00:1A:79:B7:27:7E",
                "00:1A:79:44:C3:6E",
                "00:1A:79:AE:C4:BD",
                "00:1a:79:54:db:25",
                "00:1A:79:A3:93:19",
                "00:1A:79:B9:FE:A0",
                "00:1A:79:B7:46:3C",
                "00:1A:79:B6:DA:71",
                "00:1A:79:B6:E0:6B",
                "00:1A:79:B7:26:78",
                "00:1A:79:A5:2E:7E",
                "00:1A:79:B4:5B:68",
                "00:1A:79:AE:5C:E3",
                "00:1A:79:B0:A1:F6",
                "00:1A:79:A4:5F:54",
                "00:1A:79:A6:82:6A",
                "00:1A:79:D6:CE:56",
                "00:1A:79:A3:B2:F9",
                "00:1A:79:AD:78:0D",
                "00:1A:79:B0:A3:AC",
                "00:1A:79:BA:95:05",
                "00:1a:79:aa:dc:07",
                "00:1A:79:A9:D7:5E",
                "00:1A:79:A7:D2:15",
                "00:1A:79:B0:8E:A7",
                "00:1A:79:B5:99:86",
                "00:1A:79:AE:CF:82",
                "00:1A:79:C0:8E:2F",
                "00:1a:79:b6:4e:c4",
                "00:1A:79:4C:F8:17",
                "00:1A:79:C0:8F:03",
                "00:1A:79:B7:20:7D",
                "00:1A:79:AF:79:7B",
                "00:1A:79:B5:D2:BB",
                "00:1A:79:C1:E2:23",
                "00:1A:79:AB:B5:50",
                "00:1A:79:AE:B5:B3",
                "00:1A:79:46:55:D1",
                "00:1A:79:A4:57:A9"
            ]
        }
    ]
}