{
    "items": [
        {
            "server_name": "letmein.fun:8080",
            "server_url": "http://letmein.fun:8080/c/",
            "macs": [
                "00:1a:79:ae:bb:12",
                "00:1a:79:a6:d6:2b",
                "00:1a:79:ae:67:1c",
                "00:1a:79:a9:fe:24",
                "00:1a:79:a9:d6:55",
                "00:1a:79:ae:00:2d",
                "00:1a:79:a8:d3:b2",
                "00:1a:79:ae:b6:c5",
                "00:1a:79:ac:d3:c0",
                "00:1a:79:ab:c0:e5",
                "00:1a:79:ab:4f:44",
                "00:1a:79:a2:96:d7",
                "00:1a:79:ad:5b:ca",
                "00:1a:79:a9:a4:36",
                "00:1a:79:a4:3e:c4",
                "00:1a:79:ab:4c:96",
                "00:1a:79:ab:3e:67",
                "00:1a:79:ad:41:fd",
                "00:1a:79:a0:1f:29",
                "00:1a:79:ab:4c:96",
                "00:1a:79:a7:eb:3d",
                "00:1a:79:ae:a5:cf",
                "00:1a:79:ae:4c:e8",
                "00:1a:79:ab:4e:30",
                "00:1a:79:a6:e2:30",
                "00:1a:79:a0:cf:5d",
                "00:1a:79:ae:4f:6a",
                "00:1a:79:a9:29:06",
                "00:1a:79:ad:10:d8",
                "00:1a:79:a7:05:7a",
                "00:1a:79:ab:47:4f",
                "00:1a:79:a6:7a:2d",
                "00:1a:79:ad:e4:26",
                "00:1a:79:ae:b1:d3",
                "00:1a:79:ae:1a:fc",
                "00:1a:79:aa:e6:e0",
                "00:1a:79:a6:ea:89",
                "00:1a:79:a6:4b:c8",
                "00:1a:79:aa:c4:f0",
                "00:1a:79:ae:d5:76",
                "00:1a:79:ad:7c:87",
                "00:1a:79:ad:48:f0",
                "00:1a:79:ab:6f:ad",
                "00:1a:79:aa:5a:94",
                "00:1a:79:a5:d3:86",
                "00:1a:79:a5:e2:2b",
                "00:1a:79:ad:7c:e4",
                "00:1a:79:ad:59:bd",
                "00:1a:79:a7:bb:d2",
                "00:1a:79:ab:b3:5d",
                "00:1a:79:a8:d5:60",
                "00:1a:79:ae:2d:b0",
                "00:1a:79:ab:9a:70",
                "00:1a:79:a2:93:7d"
            ]
        },
        {
            "server_name": "nettv-xcruiser.com:8000",
            "server_url": "http://nettv-xcruiser.com:8000/c/",
            "macs": [
                "00:1A:79:43:20:D0",
                "00:1A:79:C0:06:18"
            ]
        },
        {
            "server_name": "line.4k-ott.com",
            "server_url": "http://line.4k-ott.com/c/",
            "macs": [
                "00:1A:79:5B:EA:49"
            ]
        },
        {
            "server_name": "nettv.cx",
            "server_url": "http://nettv.cx/c/",
            "macs": [
                "00:1a:79:70:98:71",
                "00:1A:79:08:DD:FA",
                "00:1A:79:02:1F:CB"
            ]
        },
        {
            "server_name": "mods.rocks:8080",
            "server_url": "http://mods.rocks:8080/c/",
            "macs": [
                "00:1A:79:86:27:50"
            ]
        },
        {
            "server_name": "fermaniptv.eu:8080",
            "server_url": "http://fermaniptv.eu:8080/c/",
            "macs": [
                "00:1a:79:48:08:03",
                "00:1a:79:4a:b5:12",
                "00:1a:79:5c:aa:22",
                "00:1a:79:90:32:23",
                "00:1a:79:90:55:f1"
            ]
        },
        {
            "server_name": "1.qqtv.nl:8080",
            "server_url": "http://1.qqtv.nl:8080/c/",
            "macs": [
                "00:1A:79:62:6B:AB",
                "00:1A:79:5F:83:60",
                "00:1A:79:66:11:27",
                "00:1A:79:26:E5:BA",
                "00:1A:79:AD:B2:F9",
                "00:1A:79:B6:AB:E4",
                "00:1A:79:64:8F:37",
                "00:1A:79:2F:1F:4A",
                "00:1A:79:22:62:4B",
                "00:1A:79:FC:B1:F7",
                "00:1A:79:4C:0A:7A",
                "00:1A:79:25:D2:0F",
                "00:1A:79:E6:86:6F",
                "00:1A:79:C0:4B:9C",
                "00:1A:79:af:0a:2d",
                "00:1A:79:c9:7f:43",
                "00:1A:79:48:ef:c7",
                "00:1A:79:62:1a:52",
                "00:1A:79:66:3f:b4",
                "00:1A:79:d0:01:73",
                "00:1A:79:33:9f:4a",
                "00:1A:79:fd:6f:66",
                "00:1A:79:ae:ff:ce",
                "00:1A:79:2a:5f:b8",
                "00:1A:79:be:23:ee",
                "00:1A:79:8e:83:b5",
                "00:1A:79:01:9f:ab",
                "00:1A:79:36:A3:68",
                "00:1A:79:C1:32:C6",
                "00:1A:79:68:FD:1E",
                "00:1A:79:C1:93:50",
                "00:1A:79:17:0E:CD",
                "00:1A:79:AA:36:87",
                "00:1A:79:66:7F:1D",
                "00:1A:79:CC:0F:13",
                "00:1A:79:56:E9:D1",
                "00:1A:79:B6:F6:9E",
                "00:1A:79:72:C0:C7",
                "00:1A:79:88:A5:3D",
                "00:1A:79:a2:7c:28"
            ]
        },
        {
            "server_name": "dont.t-v.io",
            "server_url": "http://dont.t-v.io/c/",
            "macs": [
                "00:1A:79:18:7f:22"
            ]
        },
        {
            "server_name": "line.premiumpowers.net:8000",
            "server_url": "http://line.premiumpowers.net:8000/c/",
            "macs": [
                "00:1A:79:00:00:00",
                "00:1A:79:00:04:37"
            ]
        },
        {
            "server_name": "gencosman.xyz:8000",
            "server_url": "http://gencosman.xyz:8000/c/",
            "macs": [
                "00:1a:79:02:fe:01",
                "00:1a:79:04:29:14"
            ]
        },
        {
            "server_name": "line.sohakiller.net:8000",
            "server_url": "http://line.sohakiller.net:8000/c/",
            "macs": [
                "00:1A:79:00:04:37"
            ]
        },
        {
            "server_name": "gaztv.net",
            "server_url": "http://gaztv.net/c/",
            "macs": [
                "00:1A:79:6e:12:47",
                "00:1A:79:c3:14:25",
                "00:1A:79:2b:7f:94",
                "00:1A:79:b6:7f:db",
                "00:1A:79:c0:8f:24",
                "00:1A:79:a7:a8:cb",
                "00:1A:79:52:12:59",
                "00:1A:79:aa:8e:b8",
                "00:1A:79:c8:2f:bb",
                "00:1A:79:a7:ab:ff",
                "00:1A:79:c1:ce:2a",
                "00:1A:79:43:78:fa",
                "00:1A:79:18:7f:8d",
                "00:1A:79:a5:32:9c",
                "00:1A:79:18:09:77",
                "00:1A:79:c3:68:3c",
                "00:1A:79:b8:8d:89",
                "00:1A:79:bb:34:f8",
                "00:1A:79:a6:7e:f5",
                "00:1A:79:18:02:33",
                "00:1A:79:b5:5d:58",
                "00:1A:79:c4:0c:f1",
                "00:1A:79:b4:e5:10",
                "00:1A:79:a3:a4:85",
                "00:1A:79:aa:84:bd",
                "00:1A:79:b7:91:4b",
                "00:1A:79:6c:a8:b5",
                "00:1A:79:b8:7f:83",
                "00:1A:79:ad:10:9a",
                "00:1A:79:33:57:30",
                "00:1A:79:b9:d0:03",
                "00:1A:79:bd:38:ad",
                "00:1A:79:b9:7b:13",
                "00:1A:79:58:1f:c0",
                "00:1A:79:33:7f:a0",
                "00:1A:79:a7:b8:08",
                "00:1A:79:a6:65:7d",
                "00:1A:79:49:52:e9",
                "00:1A:79:46:66:1c",
                "00:1A:79:b1:f3:88",
                "00:1A:79:ab:4d:ad",
                "00:1A:79:5a:81:5c",
                "00:1A:79:ae:42:23",
                "00:1A:79:5e:8f:00",
                "00:1A:79:ba:11:c1",
                "00:1A:79:18:6f:76",
                "00:1A:79:18:1a:c9",
                "00:1A:79:a3:b8:41",
                "00:1A:79:c6:2f:1e",
                "00:1A:79:5a:79:9d",
                "00:1A:79:a7:e4:03",
                "00:1A:79:19:3b:35",
                "00:1A:79:ae:2c:f1",
                "00:1A:79:b7:93:1f",
                "00:1A:79:b6:6f:88",
                "00:1A:79:43:16:de",
                "00:1A:79:ad:91:15"
            ]
        }
    ]
}