{
    "items": [
        {
            "server_name": "pro.webvps.de:25443",
            "server_url": "http://pro.webvps.de:25443/c/",
            "macs": [
                "00:1A:79:30:86:7c",
                "00:1A:79:6e:a3:d6",
                "00:1A:79:58:1c:8f",
                "00:1A:79:6b:49:cc",
                "00:1A:79:5d:34:12",
                "00:1A:79:5b:ec:67",
                "00:1A:79:70:ff:d8",
                "00:1A:79:5d:34:12",
                "00:1A:79:5b:ec:67",
                "00:1A:79:70:ff:d8"
            ]
        },
        {
            "server_name": "cm1.portaltv.info:777",
            "server_url": "http://cm1.portaltv.info:777/c/",
            "macs": [
                "00:1A:79:28:03:DB"
            ]
        },
        {
            "server_name": "techmediasolutions.xyz",
            "server_url": "http://techmediasolutions.xyz/c/",
            "macs": [
                "00:1A:79:1C:A4:C5"
            ]
        },
        {
            "server_name": "matrix-ott.tv:8080",
            "server_url": "http://matrix-ott.tv:8080/c/",
            "macs": [
                "00:1A:79:03:D7:13"
            ]
        },
        {
            "server_name": "sa.magnetukas.lt:8666",
            "server_url": "http://sa.magnetukas.lt:8666/c/",
            "macs": [
                "00:1A:79:89:88:09",
                "00:1A:79:B0:E6:A0",
                "00:1A:79:D7:84:0A",
                "00:1A:79:2C:1D:1A",
                "00:1A:79:C1:D4:C6",
                "00:1A:79:A7:A8:0A",
                "00:1A:79:BB:34:4B"
            ]
        },
        {
            "server_name": "thejoker-flashtv.dnsfor.me:80",
            "server_url": "http://thejoker-flashtv.dnsfor.me:80/c/",
            "macs": [
                "00:1A:79:67:91:FA",
                "00:1A:79:3D:96:04"
            ]
        },
        {
            "server_name": "iptvfortv.online:8880",
            "server_url": "http://iptvfortv.online:8880/c/",
            "macs": [
                "00:1A:79:3E:74:27"
            ]
        },
        {
            "server_name": "anonymoustv.club",
            "server_url": "http://anonymoustv.club/c/",
            "macs": [
                "00:1a:79:aa:4e:87",
                "00:1a:79:ae:a4:c5",
                "00:1a:79:a2:e3:0a",
                "00:1a:79:aa:35:52",
                "00:1a:79:a5:14:d6",
                "00:1a:79:a5:22:70",
                "00:1a:79:a9:63:48",
                "00:1a:79:aa:4e:7f",
                "00:1a:79:a5:ed:63",
                "00:1a:79:aa:c4:1c",
                "00:1a:79:a4:74:e6",
                "00:1a:79:aa:c2:0c",
                "00:1a:79:ad:79:dc",
                "00:1a:79:a0:d2:b8",
                "00:1a:79:a9:2f:12",
                "00:1a:79:aa:b3:3f",
                "00:1a:79:a1:ac:0b",
                "00:1a:79:aa:73:ec"
            ]
        },
        {
            "server_name": "neomixs.com:8080",
            "server_url": "http://neomixs.com:8080/c/",
            "macs": [
                "00:1A:79:03:D7:13",
                "00:1A:79:02:3D:FD",
                "00:1A:79:AE:00:38"
            ]
        },
        {
            "server_name": "myf-tv.com:8080",
            "server_url": "http://myf-tv.com:8080/c/",
            "macs": [
                "00:1A:79:00:00:00",
                "00:1A:79:00:00:0E",
                "00:1A:79:00:00:12",
                "00:1A:79:00:00:52",
                "00:1A:79:00:01:56",
                "00:1A:79:00:00:99",
                "00:1A:79:00:01:02",
                "00:1A:79:00:00:E3",
                "00:1A:79:00:01:47",
                "00:1A:79:00:03:03",
                "00:1A:79:00:01:58",
                "00:1A:79:00:01:57",
                "00:1A:79:00:01:55",
                "00:1A:79:00:03:11",
                "00:1A:79:00:03:04",
                "00:1A:79:00:03:59",
                "00:1A:79:00:03:02",
                "00:1A:79:00:03:10",
                "00:1A:79:00:47:8F",
                "00:1A:79:00:4D:59",
                "00:1A:79:00:57:D0",
                "00:1A:79:00:5C:0B",
                "00:1A:79:00:7F:6A",
                "00:1A:79:00:7E:EC",
                "00:1A:79:00:C4:5A",
                "00:1A:79:01:00:AA",
                "00:1A:79:01:01:21",
                "00:1A:79:01:01:19",
                "00:1A:79:01:01:3B",
                "00:1A:79:01:01:01",
                "00:1A:79:01:22:33",
                "00:1A:79:01:10:10",
                "00:1A:79:01:45:DF",
                "00:1A:79:01:49:AD",
                "00:1A:79:01:50:53",
                "00:1A:79:01:AB:02",
                "00:1A:79:01:D7:10",
                "00:1A:79:01:F2:11",
                "00:1A:79:02:22:20",
                "00:1A:79:02:0F:57",
                "00:1A:79:02:1A:3B",
                "00:1A:79:02:4F:D5",
                "00:1A:79:02:43:09",
                "00:1A:79:02:6F:60",
                "00:1A:79:02:7F:01",
                "00:1A:79:02:56:43",
                "00:1A:79:02:8F:80",
                "00:1A:79:02:6F:67",
                "00:1A:79:02:8F:CB",
                "00:1A:79:02:7A:A3",
                "00:1A:79:02:8F:11",
                "00:1A:79:02:7F:65",
                "00:1A:79:02:9A:B3",
                "00:1A:79:02:8F:20",
                "00:1A:79:02:8F:A2",
                "00:1A:79:02:93:23",
                "00:1A:79:02:9F:D4",
                "00:1A:79:02:FE:01",
                "00:1A:79:02:FE:02",
                "00:1A:79:03:2F:A8",
                "00:1A:79:03:33:F3",
                "00:1A:79:03:1F:FB",
                "00:1A:79:03:1F:C6",
                "00:1A:79:03:4F:43",
                "00:1A:79:03:4F:60",
                "00:1A:79:03:2F:44",
                "00:1A:79:03:2B:01",
                "00:1A:79:03:2F:11"
            ]
        },
        {
            "server_name": "7.iptvon.tv.123tv.to",
            "server_url": "http://7.iptvon.tv.123tv.to/c/",
            "macs": [
                "A0:BB:3E:40:49:40",
                "A0:BB:3E:40:6A:90",
                "A0:BB:3E:40:56:90",
                "A0:BB:3E:40:30:E0",
                "A0:BB:3E:40:42:90",
                "A0:BB:3E:40:51:80",
                "A0:BB:3E:00:37:C5",
                "A0:BB:3E:40:14:40",
                "00:1A:79:00:01:E9",
                "A0:BB:3E:40:0C:81",
                "A0:BB:3E:40:06:81",
                "00:1A:79:AE:6D:E5",
                "00:1A:79:01:59:1C",
                "00:1A:79:00:00:00",
                "00:1A:79:01:6e:61",
                "00:1A:79:00:b8:83",
                "00:1A:79:01:d5:ce",
                "00:1A:79:01:73:6B",
                "00:1A:79:01:32:D2",
                "00:1A:79:01:94:1a",
                "00:1A:79:01:9e:62",
                "00:1A:79:01:5B:D1",
                "00:1A:79:03:6F:A3",
                "00:1A:79:02:45:e1",
                "00:1A:79:01:6d:fa",
                "00:1A:79:02:5F:D1"
            ]
        }
    ]
}