{
    "items": [
        {
            "server_name": "besttv.club:8080",
            "server_url": "http://besttv.club:8080/c/",
            "macs": [
                "00:1a:79:7a:0b:72",
                "00:1a:79:01:a0:51",
                "00:1a:79:bb:c7:0a",
                "00:1a:79:79:f5:40",
                "00:1a:79:88:70:89",
                "00:1a:79:ab:5c:7e",
                "00:1a:79:75:84:cb",
                "00:1a:79:ab:30:84",
                "00:1a:79:b4:e0:cd",
                "00:1a:79:4a:28:6f",
                "00:1a:79:78:92:a1",
                "00:1a:79:01:c0:0d",
                "00:1a:79:3b:3f:7f",
                "00:1a:79:54:92:31",
                "00:1a:79:78:ba:a3",
                "00:1a:79:36:38:d0",
                "00:1a:79:ee:ad:2e",
                "00:1a:79:31:9a:56",
                "00:1a:79:4f:33:e6",
                "00:1a:79:92:56:64",
                "00:1a:79:41:c8:ad",
                "00:1a:79:56:2c:55",
                "00:1a:79:6d:bc:53",
                "00:1a:79:db:b3:f9"
            ]
        },
        {
            "server_name": "dcgate.org:8080",
            "server_url": "http://dcgate.org:8080/c/",
            "macs": [
                "00:1a:79:6e:ba:69",
                "00:1a:79:b7:18:cd",
                "00:1a:79:52:fe:a4",
                "00:1a:79:b9:a6:ab",
                "00:1a:79:2a:d3:5b",
                "00:1a:79:18:12:b7",
                "00:1a:79:7a:2d:07",
                "00:1a:79:79:e3:77",
                "00:1a:79:bd:66:a3",
                "00:1a:79:58:18:b3",
                "00:1a:79:0e:78:5e",
                "00:1a:79:b0:e6:f3",
                "00:1a:79:4f:cb:e6",
                "00:1a:79:ae:99:93",
                "00:1a:79:70:38:d7",
                "00:1a:79:24:da:10",
                "00:1a:79:77:39:6b",
                "00:1a:79:82:aa:40"
            ]
        },
        {
            "server_name": "sanaldunya34.com:8080",
            "server_url": "http://sanaldunya34.com:8080/c/",
            "macs": []
        },
        {
            "server_name": "laxvtpi.gleeze.com:80",
            "server_url": "http://laxvtpi.gleeze.com:80/c/",
            "macs": [
                "00:1A:79:36:F9:D3"
            ]
        },
        {
            "server_name": "ludzbunjennormalan.xyz:12974",
            "server_url": "http://ludzbunjennormalan.xyz:12974/c/",
            "macs": [
                "00:1a:79:5e:3d:3f"
            ]
        },
        {
            "server_name": "tvservice.pro:80",
            "server_url": "http://tvservice.pro:80/c/",
            "macs": [
                "00:1a:79:56:75:66"
            ]
        },
        {
            "server_name": "tv.cloudcdn.online",
            "server_url": "http://tv.cloudcdn.online/c/",
            "macs": [
                "00:1a:79:67:a9:b3",
                "00:1a:79:08:40:14",
                "00:1a:79:17:d4:76",
                "00:1a:79:41:29:6b",
                "00:1a:79:0e:f7:d1",
                "00:1a:79:81:81:95",
                "00:1a:79:82:85:f0"
            ]
        },
        {
            "server_name": "ontvbox.net:8000",
            "server_url": "http://ontvbox.net:8000/c/",
            "macs": [
                "00:1A:79:00:22:5C",
                "00:1A:79:00:78:03",
                "00:1A:79:00:78:BC",
                "00:1A:79:2E:89:FE",
                "00:1A:79:00:46:28",
                "00:1A:79:43:2A:36",
                "00:1A:79:1E:98:79",
                "00:1A:79:A1:1A:00",
                "00:1A:79:00:40:4A",
                "00:1A:79:D6:F9:6C",
                "00:1A:79:46:46:23",
                "00:1A:79:18:3C:53",
                "00:1A:79:6C:ED:D5",
                "00:1A:79:AE:85:BB",
                "00:1A:79:A4:7E:17",
                "00:1A:79:3B:28:9F",
                "00:1A:79:5C:C5:89",
                "00:1A:79:02:12:F3",
                "00:1A:79:AE:0F:C7",
                "00:1A:79:66:95:D2",
                "00:1A:79:3F:7D:5D",
                "00:1A:79:08:DD:FA",
                "00:1A:79:02:71:B6",
                "00:1A:79:01:25:CA",
                "00:1A:79:02:68:CA",
                "00:1A:79:02:63:53",
                "00:1A:79:02:61:9D",
                "00:1A:79:02:3A:CB",
                "00:1A:79:02:03:AA",
                "00:1A:79:02:21:4A",
                "00:1A:79:02:1F:CB",
                "00:1A:79:02:03:4D",
                "00:1A:79:02:03:E6",
                "00:1A:79:02:03:38",
                "00:1A:79:02:02:77",
                "00:1A:79:02:02:1C",
                "00:1A:79:02:00:87",
                "00:1A:79:02:00:80",
                "00:1A:79:01:B5:46",
                "00:1A:79:01:C3:14",
                "00:1A:79:01:AA:52",
                "00:1A:79:01:70:AE",
                "00:1A:79:01:66:7F"
            ]
        }
    ]
}