{
    "items": [
        {
            "server_name": "neczbm.to",
            "server_url": "http://neczbm.to/c/",
            "macs": [
                "00:1A:79:96:D7:C4",
                "00:1a:79:88:43:D7"
            ]
        },
        {
            "server_name": "tptv.cz:80",
            "server_url": "http://tptv.cz:80/c/",
            "macs": [
                "00:1A:79:59:47:B9",
                "00:1a:79:c5:12:38",
                "00:1A:79:00:43:65",
                "00:1A:79:6B:8F:F6"
            ]
        },
        {
            "server_name": "gfr5.mi20.cc",
            "server_url": "http://gfr5.mi20.cc/stalker_portal/c/",
            "macs": [
                "00:1A:79:33:E5:5B",
                "00:1A:79:78:C7:6F",
                "00:1A:79:E5:29:3B"
            ]
        },
        {
            "server_name": "light4tv.com",
            "server_url": "http://light4tv.com/stalker_portal/c/",
            "macs": [
                "00:1A:79:00:00:88",
                "00:1a:79:c0:83:19",
                "00:1a:79:50:B4:88"
            ]
        },
        {
            "server_name": "onetvservice.ottc.pro",
            "server_url": "http://onetvservice.ottc.pro/c/",
            "macs": [
                "00:1A:79:12:30:70"
            ]
        },
        {
            "server_name": "ultratv.one:2095",
            "server_url": "http://ultratv.one:2095/c/",
            "macs": [
                "00:1A:79:BA:50:08",
                "00:1A:79:49:4C:34",
                "00:1A:79:B7:14:E0",
                "00:1A:79:52:08:6D",
                "00:1a:79:4e:a3:ef"
            ]
        },
        {
            "server_name": "bestiptv.ottc.pro",
            "server_url": "http://bestiptv.ottc.pro/c/",
            "macs": [
                "00:1a:79:2d:1c:70",
                "00:1a:79:63:3c:4b",
                "00:1a:79:63:30:55",
                "00:1a:79:41:7e:57",
                "00:1a:79:75:94:88",
                "00:1a:79:22:17:25",
                "00:1a:79:10:88:4c",
                "00:1a:79:26:63:97",
                "00:1a:79:5a:88:62",
                "00:1a:79:8c:56:5c",
                "00:1a:79:37:1b:0a",
                "00:1a:79:7b:51:88",
                "00:1a:79:78:6f:92",
                "00:1a:79:6b:55:0d",
                "00:1a:79:5d:68:7c",
                "00:1a:79:5a:73:90",
                "00:1a:79:46:65:38",
                "00:1a:79:56:94:03",
                "00:1a:79:66:88:8c",
                "00:1a:79:7b:1e:33",
                "00:1a:79:54:83:4f",
                "00:1a:79:8f:02:35",
                "00:1a:79:4f:16:04",
                "00:1a:79:46:41:29",
                "00:1a:79:52:31:4e",
                "00:1a:79:5a:73:90",
                "00:1a:79:7c:08:33",
                "00:1a:79:43:46:56",
                "00:1a:79:3d:8c:61",
                "00:1a:79:79:6e:3f",
                "00:1a:79:40:3d:6b",
                "00:1a:79:4f:65:85",
                "00:1a:79:50:18:7a",
                "00:1a:79:4c:43:68",
                "00:1a:79:75:23:4a",
                "00:1a:79:5f:58:8e",
                "00:1a:79:0f:07:50",
                "00:1a:79:3a:0f:7c",
                "00:1a:79:72:26:44",
                "00:1a:79:68:21:78",
                "00:1a:79:77:5d:10",
                "00:1a:79:02:84:01",
                "00:1a:79:02:84:2a",
                "00:1a:79:59:4d:6f",
                "00:1a:79:5c:5d:5d",
                "00:1a:79:02:76:0e",
                "00:1a:79:4e:8b:74",
                "00:1a:79:02:83:95",
                "00:1a:79:4f:5c:7b",
                "00:1a:79:3e:67:63",
                "00:1a:79:75:72:93",
                "00:1a:79:36:1e:3f",
                "00:1a:79:4f:6d:4d",
                "00:1a:79:70:6e:8d",
                "00:1a:79:4f:6c:05",
                "00:1a:79:11:30:65",
                "00:1a:79:79:70:74",
                "00:1a:79:78:63:48",
                "00:1a:79:2c:97:06",
                "00:1a:79:7a:6c:64",
                "00:1a:79:98:37:95",
                "00:1a:79:6b:2c:75",
                "00:1a:79:53:93:64",
                "00:1a:79:73:02:79",
                "00:1a:79:59:8f:4c",
                "00:1a:79:72:6e:7c",
                "00:1a:79:78:89:7a",
                "00:1a:79:79:27:1d",
                "00:1a:79:00:61:5a",
                "00:1a:79:77:4c:0a",
                "00:1a:79:59:6c:3a",
                "00:1a:79:46:2f:4e",
                "00:1a:79:31:19:6a",
                "00:1a:79:51:7b:37",
                "00:1a:79:64:62:50",
                "00:1a:79:37:10:77"
            ]
        },
        {
            "server_name": "fastrunner.live:8080",
            "server_url": "http://fastrunner.live:8080/c/",
            "macs": [
                "00:1A:79:37:6B:87",
                "00:1A:79:5E:39:ED",
                "00:1A:79:BC:F0:50",
                "00:1A:79:AB:68:56",
                "00:1A:79:AB:E1:5E",
                "00:1A:79:AB:A8:95",
                "00:1A:79:C0:F6:4D",
                "00:1A:79:AD:6B:F8",
                "00:1A:79:47:82:01",
                "00:1A:79:5E:D8:8B",
                "00:1A:79:4B:F9:24",
                "00:1A:79:5F:EA:CB",
                "00:1A:79:20:6F:79",
                "00:1A:79:A6:00:5E",
                "00:1A:79:0C:73:CC",
                "00:1A:79:A5:29:BA",
                "00:1a:79:37:12:5f",
                "00:1A:79:a6:55:81",
                "00:1A:79:4D:77:FC",
                "00:1A:79:41:CF:4B",
                "00:1A:79:62:60:57",
                "00:1A:79:5F:B9:DF",
                "00:1A:79:41:69:B1",
                "00:1A:79:40:6A:35",
                "00:1a:79:f0:6f:c0",
                "00:1A:79:5F:27:96",
                "00:1A:79:B4:73:1E",
                "00:1A:79:4c:d7:f3",
                "00:1A:79:1D:0C:E8",
                "00:1A:79:52:28:84",
                "00:1A:79:AB:55:48",
                "00:1A:79:42:81:D2",
                "00:1A:79:AB:56:5D",
                "00:1A:79:9F:4C:50",
                "00:1A:79:C6:FA:4B",
                "00:1A:79:AD:FF:F5",
                "00:1A:79:0D:78:49",
                "00:1A:79:07:D2:AA",
                "00:1a:79:c0:d7:ca",
                "00:1A:79:4B:84:7D",
                "00:1A:79:5F:D0:84",
                "00:1A:79:3F:B9:BF",
                "00:1A:79:5F:ED:04",
                "00:1A:79:AE:22:16",
                "00:1A:79:3B:10:CC"
            ]
        }
    ]
}