<favourites>
	<favourite name="Cooking" thumb="special://home/addons\plugin.video.fidoK19\icon.png">ActivateWindow(10025,&quot;plugin://plugin.video.fidoK19/get_list/m3ucat|https://bitbucket.org/!api/2.0/snippets/fluxustv/KpaEKX/40b16ee3c4bde59e7ebb0f241474f57158121455/files/FTV-ENG|Cooking?sf_options=fanart%3Dspecial%3A%2F%2Fhome%2Faddons%5Cplugin.video.fidoK19%5Cfanart.jpg%26meta%3Dlabel%253DCooking%26_options_sf&quot;,return)</favourite>
	<favourite name="Food 24/7" thumb="https://s3.amazonaws.com/pluto.tv/channelcategory/628d4c5414723400079f0353/Food-1653427337564.png">ActivateWindow(10025,&quot;plugin://plugin.video.plutotv/categories/Food?sf_options=fanart%3Dhttps%3A%2F%2Fs3.amazonaws.com%2Fpluto.tv%2Fchannelcategory%2F628d4c5414723400079f0353%2FFood-1653427364174.svg%26meta%3Dvotes%253D0%2526title%253DFood%2526label%253DFood%26_options_sf&quot;,return)</favourite>
	<favourite name="Stirr Food &amp; Travel" thumb="special://home/addons\slyguy.stirr.provider\icon.png">ActivateWindow(10025,&quot;plugin://slyguy.stirr.provider/?_=live_tv&amp;code=all&amp;group=Food%20%26%20Travel&amp;sf_options=fanart%3Dspecial%3A%2F%2Fhome%2Faddons%5Cslyguy.stirr.provider%5Cfanart.jpg%26desc%3DFood+%26meta%3Dvotes%253D0%2526plot%253DFood%252B%252526%252BTravel%25255Cn%25255Cn5%252BChannels%2526title%253DFood%252B%252526%252BTravel%252B%2525285%252529%2526label%253DFood%252B%252526%252BTravel%252B%2525285%252529%26_options_sf&quot;,return)</favourite>
	<favourite name="Good Eats" thumb="DefaultFolder.png">ActivateWindow(10025,&quot;plugin://plugin.video.tubi.m7/?mode=good_eatstubitv-content&amp;rand=RQKRD7&amp;sf_options=fanart%3Dspecial%3A%2F%2Fhome%2Faddons%5Cplugin.video.tubi.m7%5Cicon.png%26meta%3Dvotes%253D0%2526title%253DGood%252BEats%2526label%253DGood%252BEats%26_options_sf&quot;,return)</favourite>
	<favourite name="Good Eats" thumb="DefaultFolder.png">ActivateWindow(10025,&quot;plugin://plugin.video.tubi.m7/?mode=good_eatstubitv-content&amp;rand=UVGMB9&amp;sf_options=fanart%3Dspecial%3A%2F%2Fhome%2Faddons%5Cplugin.video.tubi.m7%5Cicon.png%26meta%3Dvotes%253D0%2526title%253DGood%252BEats%2526label%253DGood%252BEats%26_options_sf&quot;,return)</favourite>
</favourites>