<favourites>
	<favourite name="Sports" thumb="http://twistednutz.xyz/XML/Icons/Main/Sports.png">ActivateWindow(10025,&quot;plugin://plugin.video.twisted/?all_w=%7b%7d&amp;data&amp;dates=%20&amp;description=%20&amp;eng_name=%20&amp;episode=%20&amp;fanart=http%3a%2f%2ftwistednutz.xyz%2fXML%2fIcons%2fMain%2ffanart.jpg&amp;fav_status=false&amp;heb_name=%20&amp;iconimage=http%3a%2f%2ftwistednutz.xyz%2fXML%2fIcons%2fMain%2fSports.png&amp;id=%20&amp;image_master&amp;isr=0&amp;last_id&amp;mode=189&amp;name=Sports&amp;original_title=Sports&amp;search_db&amp;season=%20&amp;show_original_year=%20&amp;tmdbid=%20&amp;url=http%3a%2f%2ftwistednutz.xyz%2fXML%2fSports%2fSports.xml&amp;video_data=%7b%22title%22%3a%20%22Sports%22%2c%20%22mediatype%22%3a%20%22movie%22%2c%20%22TVshowtitle%22%3a%20%22%22%2c%20%22season%22%3a%200%2c%20%22episode%22%3a%200%2c%20%22OriginalTitle%22%3a%20%22Sports%22%2c%20%22year%22%3a%20%22%22%2c%20%22rating%22%3a%20%220%22%2c%20%22plot%22%3a%20%22%20%22%2c%20%22Tag%22%3a%20%22189%22%2c%20%22id%22%3a%20%22%20%22%7d&amp;sf_options=fanart%3Dhttp%3A%2F%2Ftwistednutz.xyz%2FXML%2FIcons%2FMain%2Ffanart.jpg%26meta%3Dlabel%253DSports%26_options_sf&quot;,return)</favourite>
	<favourite name="Sling" thumb="special://home/addons\plugin.video.sling\resources\images\icon.png">ActivateWindow(10025,&quot;plugin://plugin.video.sling/?sf_options=fanart%3Dspecial%3A%2F%2Fhome%2Faddons%5Cplugin.video.sling%5Cresources%5Cimages%5Cfanart.png%26desc%3DA+database+driven+SlingTV+Kodi+add-on.+Providing+many+of+the+offered+features%2Fservices+you%27ve+come+to+expect+from+the+official+SlingTV+interface.+Choose+anything+from+Live+Channels%2C+to+On+Demand%2C+to+binge+watching+shows.+It%27s+all+there.%26meta%3Dlabel%253DSling%26_options_sf&quot;,return)</favourite>
	<favourite name="[B]Playlists[/B]" thumb="special://home/addons\plugin.video.youtube\resources\media\playlist.png">ActivateWindow(10025,&quot;plugin://plugin.video.youtube/kodion/search/query/?q=relaxing&amp;search_type=playlist&amp;sf_options=fanart%3Dspecial%3A%2F%2Fhome%2Faddons%5Cplugin.video.youtube%5Cresources%5Cmedia%5Cfanart.jpg%26desc%3D%5BB%5DPlaylists%5B%2FB%5D%26meta%3Dvotes%253D0%2526plot%253D%25255BB%25255DPlaylists%25255B%25252FB%25255D%2526label%253D%25255BB%25255DPlaylists%25255B%25252FB%25255D%26_options_sf&quot;,return)</favourite>
	<favourite name="Settings" thumb="special://home/addons\plugin.video.shadow\resources\artwork/setting.png">PlayMedia(&quot;plugin://plugin.video.shadow/?&amp;mode=151&amp;name=Settings&amp;iconimage=C%3A%5CUsers%5CJay%5CAppData%5CRoaming%5CKodi%5Caddons%5Cplugin.video.shadow%5Cresources%5Cartwork%2Fsetting.png&amp;fanart=https%3A%2F%2Fonline.alvernia.edu%2Fwp-content%2Fuploads%2F2019%2F02%2FAgenda-Setting-Theory.jpg&amp;description=&amp;url=%3Cbuilt-in+function+id%3E&amp;data=+&amp;original_title=+&amp;id=+&amp;heb_name=+&amp;season=+&amp;episode=+&amp;eng_name=+&amp;show_original_year=+&amp;dates=+&amp;dd=+&amp;all_w=%7B%7D&amp;name=Settings&amp;iconimage=C%3A%5CUsers%5CJay%5CAppData%5CRoaming%5CKodi%5Caddons%5Cplugin.video.shadow%5Cresources%5Cartwork%2Fsetting.png&amp;fanart=https%3A%2F%2Fonline.alvernia.edu%2Fwp-content%2Fuploads%2F2019%2F02%2FAgenda-Setting-Theory.jpg&amp;description=&amp;data=+&amp;original_title=+&amp;id=+&amp;heb_name=+&amp;season=+&amp;episode=+&amp;eng_name=+&amp;show_original_year=+&amp;dates=+&amp;dd=+&amp;all_w=%7B%7D&amp;sf_options=winID%3D10025%26fanart%3Dhttps%3A%2F%2Fonline.alvernia.edu%2Fwp-content%2Fuploads%2F2019%2F02%2FAgenda-Setting-Theory.jpg%26meta%3Dvotes%253D0%2526title%253DSettings%2526label%253DSettings%26_options_sf&quot;)</favourite>
	<favourite name="Trending Lists" thumb="special://home/addons\plugin.video.themoviedb.helper\/resources/icons/trakt/trendinglist.png">ActivateWindow(10025,&quot;plugin://plugin.video.themoviedb.helper/?info=trakt_trendinglists&amp;tmdb_type=both&amp;sf_options=fanart%3Dspecial%3A%2F%2Fhome%2Faddons%5Cplugin.video.themoviedb.helper%5C%2Fresources%2Ficons%2Fthemoviedb%2Ffanart.jpg%26meta%3Dvotes%253D0%2526label%253DTrending%252BLists%26_options_sf&quot;,return)</favourite>
	<favourite name="All Channels" thumb="DefaultVideo.png">ActivateWindow(10025,&quot;plugin://plugin.video.scrubsv2/?action=ustv247_scrape_category&amp;url=all_channels&amp;sf_options=fanart%3Dspecial%3A%2F%2Fhome%2Faddons%5Cscript.scrubsv2.artwork%5Cresources%5Cmedia%5Cpurple%5Cfanart.jpg%26meta%3Dlabel%253DAll%252BChannels%26_options_sf&quot;,return)</favourite>
	<favourite name="[COLOR=white]Sport Replays[/COLOR]" thumb="https://i.imgur.com/fdQEkTb.png">ActivateWindow(10025,&quot;plugin://plugin.video.KodiVerse/?all_w=%7b%7d&amp;data=%20&amp;dates=%20&amp;description=%20&amp;eng_name=%20&amp;episode=%20&amp;fanart=https%3a%2f%2fi.imgur.com%2f7b9zCGD.jpg&amp;fav_status=false&amp;heb_name=%20&amp;iconimage=https%3a%2f%2fi.imgur.com%2ffdQEkTb.png&amp;id&amp;image_master&amp;isr=0&amp;last_id&amp;mode=189&amp;mypass&amp;name=%5bCOLOR%3dwhite%5dSport%20Replays%5b%2fCOLOR%5d&amp;original_title=%20&amp;search_db&amp;season=%20&amp;show_original_year=%20&amp;tmdbid=%20&amp;url=https%3a%2f%2fnarcacist.com%2fAddon%2ftext%2fsport.xml&amp;video_data=%7b%22title%22%3a%20%22%5bCOLOR%3dwhite%5dSport%20Replays%5b%2fCOLOR%5d%22%2c%20%22mediatype%22%3a%20%22movie%22%2c%20%22TVshowtitle%22%3a%20%22%22%2c%20%22season%22%3a%200%2c%20%22episode%22%3a%200%2c%20%22OriginalTitle%22%3a%20%22%20%22%2c%20%22rating%22%3a%20%220%22%2c%20%22plot%22%3a%20%22%20%22%2c%20%22Tag%22%3a%20%22189%22%2c%20%22trailer%22%3a%20%22%22%2c%20%22id%22%3a%20%22%22%7d&amp;sf_options=fanart%3Dhttps%3A%2F%2Fi.imgur.com%2F7b9zCGD.jpg%26meta%3Dlabel%253D%25255BCOLOR%25253Dwhite%25255DSport%252BReplays%25255B%25252FCOLOR%25255D%26_options_sf&quot;,return)</favourite>
	<favourite name="Fox News Channel" thumb="special://home/addons\plugin.video.daddylive\/resources/media/icon.png">PlayMedia(&quot;plugin://plugin.video.daddylive/?mode=play&amp;url=https%3A%2F%2Fdaddylive.eu%2Fstream%2Fstream-382.php&amp;sf_options=winID%3D10025%26fanart%3Dspecial%3A%2F%2Fhome%2Faddons%5Cplugin.video.daddylive%5C%2Fresources%2Fmedia%2Ffanart.jpg%26meta%3Dvotes%253D0%2526title%253DFox%252BNews%252BChannel%2526label%253DFox%252BNews%252BChannel%26_options_sf&quot;)</favourite>
	<favourite name="Game Show Network" thumb="special://home/addons\plugin.video.daddylive\/resources/media/icon.png">PlayMedia(&quot;plugin://plugin.program.super.favourites/?label=Game+Show+Network&amp;mode=600&amp;cmd=PlayMedia%28%22plugin%3A%2F%2Fplugin.video.daddylive%2F%3Fmode%3Dplay%26url%3Dhttps%253A%252F%252Fdaddylive.eu%252Fstream%252Fstream-319.php%26sf_options%3DwinID%253D10025%2526fanart%253Dspecial%253A%252F%252Fhome%252Faddons%255Cplugin.video.daddylive%255C%252Fresources%252Fmedia%252Ffanart.jpg%2526meta%253Dvotes%25253D0%252526title%25253DGame%25252BShow%25252BNetwork%252526label%25253DGame%25252BShow%25252BNetwork%2526_options_sf%22%29&amp;image=special%3A%2F%2Fhome%2Faddons%5Cplugin.video.daddylive%5C%2Fresources%2Fmedia%2Ficon.png&amp;fanart=special%3A%2F%2Fhome%2Faddons%5Cplugin.video.daddylive%5C%2Fresources%2Fmedia%2Ffanart.jpg&amp;content_type=video&amp;sf_options=winID%3D10025%26fanart%3Dspecial%3A%2F%2Fhome%2Faddons%5Cplugin.video.daddylive%5C%2Fresources%2Fmedia%2Ffanart.jpg%26meta%3Dvotes%253D0%2526title%253DGame%252BShow%252BNetwork%2526label%253DGame%252BShow%252BNetwork%26_options_sf&quot;)</favourite>
	<favourite name="-Install Umbrella" thumb="special://home/addons/resource.images.skinicons.wide/resources/icons/Install.png">ActivateWindow(10025,&quot;plugin://plugin.program.super.favourites/?cmd=ExecuteBuiltin(%22installaddon(plugin.video.umbrella)%3fsf_options%3dfanart%253Dspecial%253A%252F%252Fhome%252Faddons%252Fplugin.video.umbrella%252Ffanart.jpg%2526_options_sf%22)&amp;content_type=video&amp;fanart=special%3a%2f%2fhome%2faddons%2fplugin.video.umbrella%2ffanart.jpg&amp;image=special%3a%2f%2fhome%2faddons%2fresource.images.skinicons.wide%2fresources%2ficons%2fInstall.png&amp;label=-Install%20Umbrella&amp;mode=650&amp;sf_options=fanart%3Dspecial%3A%2F%2Fhome%2Faddons%2Fplugin.video.umbrella%2Ffanart.jpg%26meta%3Dlabel%253D-Install%252BUmbrella%26_options_sf&quot;,return)</favourite>
	<favourite name="UK SPORTS CHANNELS" thumb="-">ActivateWindow(10025,&quot;plugin://plugin.video.madtitansports/get_list/https://magnetic1.ratpack.appboxes.co/jet/UKSPORTS_SERVER_channels.json?sf_options=fanart%3D-%26desc%3D-%26meta%3Dvotes%253D0%2526plot%253D-%2526plotoutline%253D-%2526label%253DUK%252BSPORTS%252BCHANNELS%26_options_sf&quot;,return)</favourite>
	<favourite name="[COLOR goldenrod]Asgard Non Debrid Section[/COLOR]" thumb="http://narcacist.com/images/asg/icon.png">ActivateWindow(10025,&quot;plugin://plugin.video.asgard/?all_w=%7b%7d&amp;data=%20&amp;dates=%20&amp;description=Non%20Debrid%20Section&amp;eng_name=%20&amp;episode=%20&amp;fanart=http%3a%2f%2fnarcacist.com%2fimages%2fasg%2ffanart.jpg&amp;fav_status=false&amp;heb_name=%20&amp;iconimage=http%3a%2f%2fnarcacist.com%2fimages%2fasg%2ficon.png&amp;id=%20&amp;image_master&amp;isr=0&amp;last_id&amp;mode=189&amp;mypass&amp;name=%5bCOLOR%20goldenrod%5dAsgard%20Non%20Debrid%20Section%5b%2fCOLOR%5d&amp;original_title=%20&amp;search_db&amp;season=%20&amp;show_original_year=%20&amp;tmdbid=%20&amp;url=http%3a%2f%2fnarcacist.com%2fAddon%2ftext%2frd%2ffree.xml&amp;video_data=%7b%22title%22%3a%20%22%5bCOLOR%20goldenrod%5dAsgard%20Non%20Debrid%20Section%5b%2fCOLOR%5d%22%2c%20%22mediatype%22%3a%20%22movie%22%2c%20%22TVshowtitle%22%3a%20%22%22%2c%20%22season%22%3a%200%2c%20%22episode%22%3a%200%2c%20%22OriginalTitle%22%3a%20%22%20%22%2c%20%22rating%22%3a%20%220%22%2c%20%22plot%22%3a%20%22Non%20Debrid%20Section%22%2c%20%22Tag%22%3a%20%22None%22%2c%20%22id%22%3a%20%22%20%22%7d&amp;sf_options=fanart%3Dhttp%3A%2F%2Fnarcacist.com%2Fimages%2Fasg%2Ffanart.jpg%26meta%3Dlabel%253D%25255BCOLOR%252Bgoldenrod%25255DAsgard%252BNon%252BDebrid%252BSection%25255B%25252FCOLOR%25255D%26_options_sf&quot;,return)</favourite>
	<favourite name="[COLOR ghostwhite][B]Live TV[/B][/COLOR]" thumb="http://fantazyrepo.uk/addonimages/livetv/livetv1.png">ActivateWindow(10025,&quot;plugin://plugin.video.fidoK19/get_list/http://fantazyrepo.uk/addonimages/fido.addon/Livetv/livetv.k19.json?sf_options=fanart%3Dhttp%3A%2F%2Ffantazyrepo.uk%2Faddonimages%2Fnewmovies%2Fnewmovies.jpg%26meta%3Dlabel%253D%25255BCOLOR%252Bghostwhite%25255D%25255BB%25255DLive%252BTV%25255B%25252FB%25255D%25255B%25252FCOLOR%25255D%26_options_sf&quot;,return)</favourite>
</favourites>