<?xml version="1.0" encoding="UTF-8" standalone="yes"?>
<addon id="repository.oliver" name="OLIVER Repository" version="1.0.0.1" provider-name="Sir Oliver">
    <extension point="xbmc.addon.repository" name="Oliver Repository">
        <dir>
            <info compressed="false">http://superhik.broke-it.net/repo/zips/addons.xml</info>
            <checksum>http://superhik.broke-it.net/repo/zips/addons.xml.md5</checksum>
            <datadir zip="true">http://superhik.broke-it.net/repo/zips/</datadir>
        </dir>
    </extension>
    <extension point="xbmc.addon.metadata">
        <summary>OLIVER REPOSITORY</summary>
        <description>This is Sir Oliver repo</description>
        <disclaimer></disclaimer>
        <platform>all</platform>
        <assets>
            <icon>icon.png</icon>
            <fanart>fanart.jpg</fanart>
        </assets>
    </extension>
</addon>