<?xml version="1.0" encoding="UTF-8"?>
<addon id="plugin.video.vidembed" version="111.1.1.com" name="[COLOR cyan]Vidembed[/COLOR].[COLOR yellow]io[/COLOR]" provider-name="[COLOR cyan]Parrot[/COLOR] [COLOR yellow]Developers[/COLOR]">
<requires>
  <import addon="xbmc.python" version="3.0.0"/>
  <import addon="script.module.requests" version="2.25.1"/>
  <import addon="script.module.beautifulsoup4" version="2.9.9"/>
  <import addon="script.module.resolveurl" version="5.1.00"/>
  <import addon="script.module.parrot" version="1.0.0"/>
  <import addon="script.module.routing"/>
</requires>
<extension point="xbmc.python.pluginsource" library="addon.py">
  <provides>video</provides>
</extension>
<extension point="xbmc.addon.metadata">
  <summary>Watch movies and series from vidembed.io</summary>
  <disclaimer>I'm not affiliated with vidembed.io.</disclaimer>
  <assets>
    <icon>icon.jpg</icon>
    <fanart>fanart.jpg</fanart> 
  </assets>
</extension>
</addon>