<favourites>
	<favourite name="Turn Intro video ON or OFF (Just press once to toggle)" thumb="special://home/addons/resource.images.skinicons.wide/resources/intro.png">ExecuteBuiltin(&quot;skin.togglesetting(hidekodiintro)&quot;)</favourite>
	<favourite name="Choose a screensaver" thumb="DefaultAddonScreensaver.png">ExecuteBuiltin(&quot;ActivateWindow(interfacesettings,screensaver)?sf_options=meta%3Dlabel%253DScreensaver%26_options_sf)&quot;)</favourite>
	<favourite name="Change Weather Icons" thumb="special://home/addons/weather.multi/resources/icon.png">ExecuteBuiltin(&quot;RunScript(script.image.resource.select,property=WeatherIcons&amp;amp;type=resource.images.weathericons)&quot;)</favourite>
	<favourite name="Enable Black Bars Remover" thumb="special://home/addons/resource.images.skinicons.wide/resources/icons/blackbars.png">ExecuteBuiltin(&quot;enableaddon(service.blackbarsremover)&quot;)</favourite>
	<favourite name="Audio Settings" thumb="special://home/addons/resource.images.skinicons.wide/resources/icons/musicaddons.png">ExecuteBuiltin(&quot;ActivateWindow(systemsettings,audio)&quot;)</favourite>
	<favourite name="Change Order of Kodi Favorites. Must restart Kodi after." thumb="special://home/addons\plugin.program.orderfavourites\icon.png">ActivateWindow(10001,&quot;plugin://plugin.program.orderfavourites/?sf_options=desc%3D%0ALets+you+reorder+the+entries+in+your+Favourites.%0AUse+this+to+organize+your+Favourites.%0A++++%26meta%3Dlabel%253DOrder%252BFavourites%26_options_sf&quot;,return)</favourite>
	<favourite name="Skin Debug" thumb="special://home/addons/resource.images.skinicons.wide/resources/icons/debug.png">ExecuteBuiltin(&quot;skin.toggledebug&quot;)</favourite>
</favourites>