{
    "name" : "[B][COLOR orange]ΑΤΛΑΣ[/COLOR][/B]",
    "plugin"            : "plugin.video.atlas",
    "priority"          : 5,
    "is_resolvable"     : "true",
    "play_movie"      : [
                            "plugin://plugin.video.atlas/?description&amp;mode=266",
                            {"keyboard": "{clearname}"},
                            {"dialog": "clearname"}
                          ],
    "play_episode"    : [
                            "plugin://plugin.video.atlas/?description&amp;mode=266",
                            {"keyboard": "{clearname}"},
                            {"dialog": "clearname"}
                          ]
}
