<?xml version="1.0" encoding="UTF-8" standalone="yes"?>
<addon id="plugin.video.chaturbate" name="Chaturbate" version="2.4.4" provider-name="LivingOn,HSK Fix">
  <requires>
    <import addon="xbmc.python" version="3.0.0" targetversion="3.0.0"/>
  </requires>
  <extension point="xbmc.python.pluginsource" library="addon.py">
        <provides>video</provides>
  </extension>
  <extension point="xbmc.addon.metadata">
    <summary lang="de">Chaturbate</summary>
    <description lang="de">Der Name sagt alles!</description>
    <disclaimer lang="de">Diese Software steht unter der GNU General Public License version 2[CR][CR]Copyright (c) 2014-2017 by LivingOn &lt;LivingOn@xmail.net&gt;</disclaimer>
    <description lang="en">The name says it all!</description>
    <disclaimer lang="en">This software is licensed under the GNU General Public License version 2[CR][CR]Copyright (c) 2014-2017 by &lt;LivingOn@xmail.net&gt;</disclaimer>
    <platform>all</platform>
	<language></language>
	<license></license>
	<forum></forum>
	<website></website>
	<email></email>
	<source></source>
	<news></news>
	<assets>
		<icon>resources/icon.png</icon>
		<fanart>resources/fanart.jpg</fanart>
		<banner></banner>
		<clearlogo></clearlogo>
		<screenshot></screenshot>
	</assets>
  </extension>
</addon>
