<?xml version="1.0" encoding="UTF-8" standalone="yes"?>
<addon id="repository.manalab19" name="[B]ManaLaB Repository[/B]" version="21.0.3" provider-name="ManaLAB">
    <extension point="xbmc.addon.repository" name="ManaLAB repository">
        <dir minversion="19.0.0">
            <info compressed="false">http://test.manalab.net/repo19/addons.xml</info>
            <checksum>http://test.manalab.net/repo19/addons.xml.md5</checksum>
            <datadir zip="true">http://test.manalab.net/repo19/</datadir>
        </dir>
		<dir minversion="20.0.0" maxversion="20.9.8">
            <info compressed="false">http://test.manalab.net/repo20/addons.xml</info>
            <checksum>http://test.manalab.net/repo20/addons.xml.md5</checksum>
            <datadir zip="true">http://test.manalab.net/repo20/</datadir>
        </dir>
		<dir minversion="20.9.9">
            <info compressed="false">http://test.manalab.net/repo21/addons.xml</info>
            <checksum>http://test.manalab.net/repo21/addons.xml.md5</checksum>
            <datadir zip="true">http://test.manalab.net/repo21/</datadir>
        </dir>
		
    </extension>
    <extension point="xbmc.addon.metadata">
        <assets>
            <icon>icon.png</icon>        
        </assets>
        <summary lang="en">ManaLAB NEXUS-OMEGA Repository</summary>
        <description lang="en">ManaLAB NEXUS-OMEGA Repository</description>
        <genre></genre>
    </extension>
</addon>