<?xml version="1.0" encoding="UTF-8" standalone="yes"?>
<addon id="script.radioparadise" name="Radio Paradise" version="2.2.0" provider-name="Alexander Dietrich">
    <requires>
        <import addon="xbmc.python" version="3.0.1"/>
        <import addon="script.module.requests" version="2.0.0"/>
    </requires>
    <extension point="xbmc.python.script" library="script.py">
        <provides>audio</provides>
    </extension>
    <extension point="xbmc.service" library="service.py"/>
    <extension point="xbmc.addon.metadata">
        <summary lang="en_GB">Radio Paradise music and slideshows</summary>
        <description lang="en_GB">An eclectic DJ-mixed blend of rock, indie, electronica, world music, and more. Listener supported &amp; always 100% commercial free.</description>
        <website>https://radioparadise.com/</website>
        <source>https://codeberg.org/alxndr42/script.radioparadise</source>
        <license>GPL-3.0-or-later</license>
        <platform>all</platform>
        <assets>
            <icon>resources/icon.png</icon>
            <fanart>resources/fanart.jpg</fanart>
            <clearlogo>resources/clearlogo.png</clearlogo>
        </assets>
    </extension>
</addon>
