<shortcuts>
	<shortcut>
		<defaultID>service.gkobu.updater.extendedinfotv</defaultID>
		<label>Extended Info Mod</label>
		<label2>Favourite</label2>
		<icon>https://raw.githubusercontent.com/henryjfry/repository.thenewdiamond/main/script.diamondinfo/resources/skins/Default/media/tmdb/thumb.png</icon>
		<thumb>special://home/addons/script.extendedinfo/resources/skins/Default/media/tmdb/thumb.png</thumb>
		<action>ActivateWindow(10025,"plugin://script.extendedinfo/")</action>
	</shortcut>
	<shortcut>
		<defaultID>service.gkobu.updater.anazetese-tel-seira</defaultID>
		<label>137</label>
		<label2>Αναζήτηση Σειράς</label2>
		<icon>DefaultFolder.png</icon>
		<thumb>https://raw.githubusercontent.com/OpenELEQ/Style/master/MetalliQ/default/search.png</thumb>
		<action>ActivateWindow(10025,"plugin://plugin.video.live.streamspro/?fanart=none&amp;mode=1&amp;name=none&amp;url=http://gknwizard.eu/repo/Builds/GKoBu/xmls/searchseries.xml")</action>
		<disabled>True</disabled>
	</shortcut>
	<shortcut>
		<defaultID>service.gkobu.updater.anazetese-tmdbseries</defaultID>
		<label>137</label>
		<label2>Αναζήτηση Σειράς</label2>
		<icon>https://raw.githubusercontent.com/jurialmunkey/plugin.video.themoviedb.helper/a3cf108a43d55890598b954529666b747391d4d7/resources/icons/themoviedb/search.png</icon>
		<thumb>special://home/addons/plugin.video.themoviedb.helper/resources/icons/themoviedb/search.png</thumb>
		<action>ActivateWindow(10025,"plugin://plugin.video.themoviedb.helper/?info=search&amp;tmdb_type=tv")</action>
	</shortcut>
	<shortcut>
		<defaultID>service.gkobu.updater.tel-seires</defaultID>
		<label>TMDB Helper</label>
		<label2>Αγαπημένο</label2>
		<icon>https://raw.githubusercontent.com/jurialmunkey/plugin.video.themoviedb.helper/a3cf108a43d55890598b954529666b747391d4d7/resources/icons/themoviedb/tv.png</icon>
		<thumb>special://home/addons/plugin.video.themoviedb.helper/resources/icons/themoviedb/tv.png</thumb>
		<action>ActivateWindow(10025,"plugin://plugin.video.themoviedb.helper/?info=dir_tv&amp;tmdb_type=None")</action>
	</shortcut>
	<shortcut>
		<defaultID>service.gkobu.updater.blacklodgeseries</defaultID>
		<label>Blacklodge TV Shows</label>
		<label2>Αγαπημένο</label2>
		<icon>https://gknwizard.eu/repo/Builds/GKoBu/Plugins/matrix/plugin.video.blacklodge/icon.png</icon>
		<thumb>special://home/addons\resource.images.blacklodge.artwork\resources\media\exuary\tvshows.png</thumb>
		<action>ActivateWindow(10025,"plugin://plugin.video.blacklodge/?action=tvNavigator")</action>
	</shortcut>
	<shortcut>
		<defaultID>service.gkobu.updater.discovertvshows</defaultID>
		<label>[B]Seren[/B] - Discover TV Shows</label>
		<label2>Favourite</label2>
		<icon>DefaultShortcut.png</icon>
		<thumb>special://home/addons/plugin.video.seren/resources/images/ico-seren-3.png</thumb>
		<action>ActivateWindow(10025,"plugin://plugin.video.seren/?action=showsHome")</action>
	</shortcut>
	<shortcut>
		<defaultID>service.gkobu.updater.fmoviestoseries</defaultID>
		<label>Fmoviesto TV-Series</label>
		<label2>Favourite</label2>
		<icon>DefaultShortcut.png</icon>
		<thumb>special://home/addons\plugin.video.fmoviesto\icon.png</thumb>
		<action>ActivateWindow(10025,"plugin://plugin.video.fmoviesto/?image=DefaultMovies.png&amp;mode=menutvs&amp;movie=True&amp;moviescount=0&amp;page=1&amp;title=TV-Series&amp;url=https%3a%2f%2ffmovies.to%2fmovies")</action>
	</shortcut>
	<shortcut>
		<defaultID>service.gkobu.updater.ellinikawebsites</defaultID>
		<label>Ελληνικά sites</label>
		<label2>Favourite</label2>
		<icon>DefaultShortcut.png</icon>
		<thumb>http://gknwizard.eu/repo/Builds/GKoBu/xmls/all_gr_sites.png</thumb>
		<action>ActivateWindow(10025,"plugin://plugin.video.microjen/get_list/http://gknwizard.eu/repo/Builds/GKoBu/xmls/all_gr_sites.json")</action>
	</shortcut>
	<shortcut>
		<defaultID>service.gkobu.updater.fentvshows</defaultID>
		<label>Fen TV Shows</label>
		<label2>Favourite</label2>
		<icon>DefaultShortcut.png</icon>
		<thumb>https://i.imgur.com/R3NEEJl.png</thumb>
		<action>ActivateWindow(10025,"plugin://plugin.video.fen/?action=TVShowList&amp;iconImage=tv&amp;mode=navigator.main&amp;name=32029")</action>
	</shortcut>
	<shortcut>
		<defaultID>service.gkobu.updater.scrubstvshows</defaultID>
		<label>Scrubs V2 TV Shows</label>
		<label2>Favourite</label2>
		<icon>DefaultShortcut.png</icon>
		<thumb>https://raw.githubusercontent.com/jewbmx/repo/master/zips/plugin.video.scrubsv2/resources/images/icon.png</thumb>
		<action>ActivateWindow(10025,"plugin://plugin.video.scrubsv2/?action=tvshows_menu")</action>
	</shortcut>
	<shortcut>
		<defaultID>service.gkobu.updater.tvseriesvideo</defaultID>
		<label>TVseries.video</label>
		<label2>Favourite</label2>
		<icon>DefaultShortcut.png</icon>
		<thumb>https://raw.githubusercontent.com/mbebe/blomqvist/master/zips/plugin.video.tvseriesvideo/icon.png</thumb>
		<action>ActivateWindow(10025,"plugin://plugin.video.tvseriesvideo/")</action>
	</shortcut>
	<shortcut>
		<defaultID>service.gkobu.updater.tvworld</defaultID>
		<label>Shadow TV World</label>
		<label2>Favourite</label2>
		<icon>DefaultShortcut.png</icon>
		<thumb>special://home/addons\plugin.video.shadow\resources\artwork/tv.png</thumb>
		<action>ActivateWindow(10025,"plugin://plugin.video.shadow/?data=%20&amp;dates=%20&amp;description=TV&amp;eng_name=%20&amp;episode=%20&amp;fanart=https%3a%2f%2fcdn.mos.cms.futurecdn.net%2fqCD39X4DjbpgxD7ZFW63eG.jpg&amp;fav_status=false&amp;heb_name=%20&amp;iconimage=G%3a%5cKodi.17.6%5cportable_data%5caddons%5cplugin.video.shadow%5cresources%5cartwork%2ftv.png&amp;id=%20&amp;image_master&amp;isr=0&amp;last_id&amp;mode=3&amp;name=TV%20World&amp;original_title=%20&amp;season=%20&amp;show_original_year=%20&amp;tmdbid=%20&amp;url=www")</action>
	</shortcut>
	<shortcut>
		<defaultID>service.gkobu.updater.blinkseries</defaultID>
		<label>Blink [COLOR lightblue]Series[/COLOR]</label>
		<label2>Favourite</label2>
		<icon>DefaultShortcut.png</icon>
		<thumb>https://gknwizard.eu/repo/Builds/GKoBu/Plugins/matrix/plugin.video.blink/icon.png</thumb>
		<action>ActivateWindow(10025,"plugin://plugin.video.blink/?description=Series&amp;episode&amp;fanart=https%3a%2f%2fi.ytimg.com%2fvi%2fLpKBMywiEjw%2fhqdefault.jpg&amp;iconimage=https%3a%2f%2fdbdzm869oupei.cloudfront.net%2fimg%2fsticker%2fpreview%2f8058.png&amp;imdb_id&amp;mode=2&amp;name=%5bCOLOR%20lightblue%5dSeries%5b%2fCOLOR%5d&amp;page=0&amp;season&amp;url=series&amp;video_data=%7b%7d")</action>
	</shortcut>
	<shortcut>
		<defaultID>service.gkobu.updater.coloryellow-b-tvshows-b-color</defaultID>
		<label>[COLOR yellow][B]NemesisAIO Tv Shows[/B][/COLOR]</label>
		<label2>Favourite</label2>
		<icon>DefaultFolder.png</icon>
		<thumb>https://koditips.com/wp-content/uploads/nemesisaio-kodi-300x297.png</thumb>
		<action>RunScript(special://home/addons/plugin.program.downloader/resources/okpn.py, ActivateWindow(10025,"plugin://plugin.video.nemesisaio/?description=Lets%20Watch%20Our%20Fav%20Tv%20Show&amp;fanart=0&amp;iconimage=G%3a%5cKodi.19%5cportable_data%5caddons%5cplugin.video.nemesisaio%5cresources%5cImages%5cTv-Shows.gif&amp;mode=1&amp;name=%5bCOLOR%20yellow%5d%5bB%5dTv%20Shows%5b%2fB%5d%5b%2fCOLOR%5d&amp;url=TVSHOWS"))</action>
	</shortcut>
	<shortcut>
		<defaultID>service.gkobu.updater.gratis</defaultID>
		<label>Gratis</label>
		<label2>Favourite</label2>
		<icon>DefaultShortcut.png</icon>
		<thumb>https://gknwizard.eu/repo/Builds/GKoBu/Plugins/matrix/plugin.video.gratis/icon.png</thumb>
		<action>ActivateWindow(10025,plugin://plugin.video.gratis/)</action>
	</shortcut>
	<shortcut>
		<defaultID>service.gkobu.updater.ukturktvshows</defaultID>
		<label>UK Turk TV Shows</label>
		<label2>Favourite</label2>
		<icon>DefaultShortcut.png</icon>
		<thumb>https://ukturks.app/api/Addon/thumbs/new/Uk%20turk%20thumbnails%20tv%20shows.jpg</thumb>
		<action>RunScript(special://home/addons/plugin.program.downloader/resources/okpn.py, ActivateWindow(10025,"plugin://plugin.video.ukturk19/?description=TV%20Shows&amp;fanart=%2fstorage%2femulated%2f0%2fAndroid%2fdata%2forg.xbmc.kodi%2ffiles%2f.kodi%2faddons%2fplugin.video.ukturk19%2ffanart.jpg&amp;icon=https%3a%2f%2fukturks.app%2fapi%2fAddon%2fthumbs%2fnew%2fUk%2520turk%2520thumbnails%2520tv%2520shows.jpg&amp;mode=1&amp;name=TV%20Shows&amp;url=https%3a%2f%2fukturks.app%2fapi%2fAddon%2fAddon%2ftvshows%2fIndexx.txt"))</action>
	</shortcut>
	<shortcut>
		<defaultID>service.gkobu.updater.shows</defaultID>
		<label>Gaia Shows</label>
		<label2>Favourite</label2>
		<icon>DefaultFolder.png</icon>
		<thumb>special://home/addons\script.gaia.resources\resources\media\icons\white\large\shows.png</thumb>
		<action>ActivateWindow(10025,"plugin://plugin.video.gaia/?action=tvNavigator&amp;kids=0&amp;type=show")</action>
		<visible>System.AddonIsEnabled(plugin.video.gaia)</visible>
	</shortcut>
	<shortcut>
		<defaultID>service.gkobu.updater.fmoviestoseries</defaultID>
		<label>Fmoviesto TV-Series</label>
		<label2>Favourite</label2>
		<icon>DefaultShortcut.png</icon>
		<thumb>special://home/addons\plugin.video.fmoviesto\icon.png</thumb>
		<action>RunScript(special://home/addons/plugin.program.downloader/resources/okpn.py, ActivateWindow(10025,"plugin://plugin.video.fmoviesto/?image=DefaultMovies.png&amp;mode=menutvs&amp;movie=True&amp;moviescount=0&amp;page=1&amp;title=TV-Series&amp;url=https%3a%2f%2ffmovies.to%2fmovies"))</action>
	</shortcut>
	<shortcut>
		<defaultID>service.gkobu.updater.thecrew_tvshows</defaultID>
		<label>[COLOR orchid]THE CREW[/COLOR] [B][COLOR white]TV Shows[/COLOR][/B]</label>
		<label2>Favourite</label2>
		<icon>DefaultShortcut.png</icon>
		<thumb>https://raw.githubusercontent.com/thecrewwh/zips/master/matrix/_zip/plugin.video.thecrew/icon.png</thumb>
		<action>ActivateWindow(10025,"plugin://plugin.video.thecrew/?action=tvNavigator")</action>
	</shortcut>
	<shortcut>
		<defaultID>service.gkobu.updater.colororange-b-releasebb-colorblue-tvshows-color-b</defaultID>
		<label>[COLOR orange][B]Release BB [COLOR blue]Tv Shows [/COLOR][/B]</label>
		<label2>Favourite</label2>
		<icon>DefaultFolder.png</icon>
		<thumb>special://home/addons/plugin.video.releaseBB/icon.png</thumb>
		<action>ActivateWindow(10025,"plugin://plugin.video.releaseBB/?mode=Categories&amp;section=tv-shows")</action>
	</shortcut>
	<shortcut>
		<defaultID>service.gkobu.updater.ertflixseires</defaultID>
		<label>ERTflix Σειρές</label>
		<label2>Favourite</label2>
		<icon>DefaultShortcut.png</icon>
		<thumb>special://home/addons\plugin.video.ert.gr\resources\media\series.jpg</thumb>
		<action>ActivateWindow(10025,"plugin://plugin.video.ert.gr/?action=categories&amp;title=%ce%a3%ce%b5%ce%b9%cf%81%ce%ad%cf%82&amp;url=https%3a%2f%2fwww.ertflix.gr%2fshow%2fseries")</action>
	</shortcut>
	<shortcut>
		<defaultID>service.gkobu.updater.acestreamfav</defaultID>
		<label>My TVshows Shortcuts</label>
		<label2>Favourite</label2>
		<icon>DefaultFolder.png</icon>
		<thumb>special://home/addons\plugin.program.super.favourites\icon.png</thumb>
		<action>ActivateWindow(10025,"plugin://plugin.program.super.favourites/?content_type=video&amp;fanart=special%3a%2f%2fhome%2fuserdata%2fmedia%2fbackgrounds%2ftvshows.jpg&amp;image=special%3a%2f%2fhome%2fuserdata%2fmedia%2fbackgrounds%2ftvshows.jpg&amp;label=%ce%a4%ce%b7%ce%bb.%ce%a3%ce%b5%ce%b9%cf%81%ce%ad%cf%82%20-%20TV%20Shows&amp;mode=400&amp;path=special%3a%2f%2fprofile%2faddon_data%2fplugin.program.super.favourites%2fSuper%20Favourites%5cTVShows")</action>
	</shortcut>
	<shortcut>
		<defaultID>service.gkobu.updater.4</defaultID>
		<label>4</label>
		<label2>Οδηγός TV (TV guide)</label2>
		<icon>DefaultShortcut.png</icon>
		<thumb>DefaultTVShowTitle.png</thumb>
		<action>RunAddon(script.tv.show.next.aired)</action>
		<visible>System.AddonIsEnabled(script.tv.show.next.aired)</visible>
	</shortcut>
	<shortcut>
		<defaultID>service.gkobu.updater.575</defaultID>
		<label>575</label>
		<label2>Σε εξέλιξη(In progress)</label2>
		<icon>DefaultShortcut.png</icon>
		<thumb>DefaultInProgressShows.png</thumb>
		<action>ActivateWindow(Videos,videodb://inprogresstvshows/)</action>
	</shortcut>
	<shortcut>
		<defaultID>service.gkobu.updater.20387</defaultID>
		<label>20387</label>
		<label2>Πρόσφατα επεισόδια(Recently added episodes)</label2>
		<icon>DefaultShortcut.png</icon>
		<thumb>DefaultRecentlyAddedEpisodes.png</thumb>
		<action>ActivateWindow(Videos,videodb://recentlyaddedepisodes/)</action>
	</shortcut>
	<shortcut>
		<defaultID>service.gkobu.updater.135</defaultID>
		<label>135</label>
		<label2>Είδη (Genres)</label2>
		<icon>DefaultShortcut.png</icon>
		<thumb>DefaultGenre.png</thumb>
		<action>ActivateWindow(Videos,videodb://tvshows/genres/)</action>
	</shortcut>
	<shortcut>
		<defaultID>service.gkobu.updater.652</defaultID>
		<label>652</label>
		<label2>Έτος (Years)</label2>
		<icon>DefaultShortcut.png</icon>
		<thumb>DefaultYear.png</thumb>
		<action>ActivateWindow(Videos,videodb://tvshows/years/)</action>
	</shortcut>
	<shortcut>
		<defaultID>service.gkobu.updater.344</defaultID>
		<label>344</label>
		<label2>Ηθοποιοί (Actors)</label2>
		<icon>DefaultShortcut.png</icon>
		<thumb>DefaultActor.png</thumb>
		<action>ActivateWindow(Videos,videodb://tvshows/actors/)</action>
	</shortcut>
</shortcuts>
