{
    "name"              : "[COLOR FF00BFFF]Fmovies[/COLOR]",
    "api_language"      : "en-US",
    "plugin"            : "plugin.video.fmoviesto",
    "priority"          : 101,
    "play_movie"        : [
                            "plugin://plugin.video.fmoviesto/?mode=gkobuplayer",
                            {"keyboard": "{clearname}"},
                            {"dialog": "true", "label": "(?i)^{clearname} \\({year}\\)$", "file": "(?i).*%2fmovie%2f.*", "strict": "true"}
                          ],
    "play_episode"      : [
                            "plugin://plugin.video.fmoviesto/?mode=gkobuplayer",
                            {"keyboard": "{clearname}"},
                            {"dialog": "true", "label": "(?i)^{clearname}$", "file": "(?i).*%2Fseries%2F.*", "strict": "true"},
                            {"dialog": "true", "label": "(?i).*Season {season}.*", "strict": "true"},
                            {"dialog": "true", "label": "(?i).*S(?:0{season}|{season})E(?:0{episode}|{episode})[^0-9]", "strict": "true"}
                          ],
    "is_resolvable"     : "false"
}