{
    "name"              : "[COLOR grey]Gra[COLOR red]tis[/COLOR]",
    "api_language"      : "en-US",
    "icon"              : "https://gknwizard.eu/repo/Builds/GKoBu/Plugins/matrix/plugin.video.gratis/icon.png",
    "plugin"            : "plugin.video.themoviedb.helper",
    "priority"          : 102,
    "fallback"          : {"play_movie": "gratis.json search_movie"},
    "play_movie"        : [
                            "plugin://plugin.video.gratis/?mode=vc_search",
                            {"keyboard": "{clearname}"},
                            {"dialog": "true", "label": "(?i)^{clearname}($| HD| \\({year}\\)|{year})", "strict": "true"}
                          ],
    "play_episode"      : [
                            "plugin://plugin.video.gratis/?mode=vc_search",
                            {"keyboard": "{clearname}"},
                            {"dialog": "true", "label": "(?i)^{clearname}.+?Season {season}", "strict": "true"},
                            {"dialog": "true", "label": "(?i).*Season {season}.+?Episode (?:0{episode}|{episode})(?:[^0-9]|$)", "strict": "true"}
                          ],
    "is_resolvable"     : "false"
}