<?xml version='1.0' encoding='UTF-8'?>
<shortcuts>
	<shortcut>
		<defaultID>service.gkobu.updater.highlights</defaultID>
		<label>Highlights</label>
		<label2>Custom item</label2>
		<icon>DefaultFolder.png</icon>
		<thumb>https://cdn3.iconfinder.com/data/icons/Iconshock_Folders/png/NORMAL/256/sports.png</thumb>
		<action>ActivateWindow(10025,"plugin://plugin.video.microjen/get_list/http://gknwizard.eu/repo/Builds/GKoBu/xmls/highlights.json")</action>
	</shortcut>
	<shortcut>
		<defaultID>service.gkobu.updater.athletika</defaultID>
		<label>ERTflix Αθλητικά</label>
		<label2>Favourite</label2>
		<icon>https://raw.githubusercontent.com/Twilight0/plugin.video.ert.gr/master/resources/media/sports.jpg</icon>
		<thumb>special://home/addons\plugin.video.ert.gr\resources\media\sports.jpg</thumb>
		<action>ActivateWindow(10025,"plugin://plugin.video.ert.gr/?action=categories&amp;title=%ce%91%ce%b8%ce%bb%ce%b7%cf%84%ce%b9%ce%ba%ce%ac&amp;url=https%3a%2f%2fwww.ertflix.gr%2fshow%2fsport")</action>
	</shortcut>
	<shortcut>
		<defaultID>service.gkobu.updater.novasports</defaultID>
		<label>NOVASPORTS</label>
		<label2>Favourite</label2>
		<icon>DefaultFolder.png</icon>
		<thumb>special://home/addons\resource.images.alivegr.artwork\resources\networks\nova_icon.png</thumb>
		<action>ActivateWindow(10025,"plugin://plugin.video.novasports.gr/?sf_options=fanart%3Dspecial%3A%2F%2Fhome%2Faddons%5Cscript.AliveGR.artwork%5Cresources%5Cmedia%5Cnetworks%5Cnova_fanart.jpg%26meta%3Dlabel%253DNOVASPORTS%26_options_sf")</action>
	</shortcut>
	<shortcut>
		<defaultID>service.gkobu.updater.apex_sportshighlights</defaultID>
		<label>Apex Replays/Highlights</label>
		<label2>Favourite</label2>
		<icon>https://raw.githubusercontent.com/arxtic-ape/plugin.video.apex_sports/main/icon.jpg</icon>
		<thumb>special://home/addons/plugin.video.apex_sports/resources/media/sport_on_demand.jpg</thumb>
		<action>ActivateWindow(10025,"plugin://plugin.video.apex_sports/?category=replays&amp;mode=open_category")</action>
	</shortcut>
	<shortcut>
		<defaultID>service.gkobu.updater.torque</defaultID>
		<label>[B][COLORlime]Torque[/COLOR][/B]</label>
		<label2>Favourite</label2>
		<icon>DefaultFolder.png</icon>
		<thumb>https://i.imgur.com/22vkOQM.png</thumb>
		<action>ActivateWindow(10025,"plugin://plugin.video.microjen/get_list/http://racingondemand.xyz/noneofyourebusiness/microracing.json")</action>
	</shortcut>
	<shortcut>
		<defaultID>service.gkobu.updater.gratissports</defaultID>
		<label>Gratis Sports Replays</label>
		<label2>Favourite</label2>
		<icon>DefaultFolder.png</icon>
		<thumb>https://gknwizard.eu/repo/Builds/GKoBu/Plugins/matrix/plugin.video.gratis/icon.png</thumb>
		<action>ActivateWindow(10025,"plugin://plugin.video.gratis/?mode=replays_main")</action>
	</shortcut>
	<shortcut>
		<defaultID>service.gkobu.updater.fifa_world_cup</defaultID>
		<label>FIFA World Cup Highlights</label>
		<label2>Favourite</label2>
		<icon>DefaultFolder.png</icon>
		<thumb>https://yt3.ggpht.com/-25hzJFjw4Uw/AAAAAAAAAAI/AAAAAAAAAAA/nJBMF0C5xT8/s288-mo-c-c0xffffffff-rj-k-no/photo.jpg</thumb>
		<action>ActivateWindow(10025,"plugin://plugin.video.microjen/get_list/http://gknwizard.eu/repo/Builds/GKoBu/xmls/fifaWChighlights.json")</action>
	</shortcut>
	<shortcut>
		<defaultID>service.gkobu.updater.replaysfav</defaultID>
		<label>My Replays Shortcuts</label>
		<label2>Favourite</label2>
		<icon>DefaultFolder.png</icon>
		<thumb>special://home/addons\plugin.program.super.favourites\icon.png</thumb>
		<action>ActivateWindow(10025,"plugin://plugin.program.super.favourites/?content_type=video&amp;fanart=special%3a%2f%2fhome%2fuserdata%2fmedia%2fbackgrounds%2freplays.jpg&amp;image=special%3a%2f%2fhome%2fuserdata%2fmedia%2fbackgrounds%2freplays.jpg&amp;label=Replays&amp;mode=400&amp;path=special%3a%2f%2fprofile%2faddon_data%2fplugin.program.super.favourites%2fSuper%20Favourites%5cReplays")</action>
	</shortcut>
</shortcuts>
