<?xml version="1.0" encoding="UTF-8" standalone="yes"?>
<addon id="service.audio.tmdb.sync" name="Original Audio Lang. Auto Selector" version="1.0.10" provider-name="ManaLAB,BADROBOT">
	<requires>
		<import addon="xbmc.python" version="3.0.0"/>
	</requires>
	<extension point="xbmc.service" library="service.py" start="login"/>
	<extension point="xbmc.addon.metadata">
		<summary lang="el">Αυτόματη επιλογή γλώσσας ήχου βάσει TMDb original language.</summary>
		<description lang="el">Συγχρονίζει το audio track με την αρχική γλώσσα της ταινίας όπως ορίζεται στο TMDb.</description>
		<platform>all</platform>
		<license>GPL-3.0-or-later</license>
		<disclaimer lang="el_GR">Αυτό το πρόσθετο δεν σχετίζεται με το επίσημο Kodi ή το TMDb. Παρέχεται "ως έχει" και βασίζεται στις πληροφορίες που παρέχει το TMDb Helper.</disclaimer>
		<disclaimer lang="en_GB">This add-on is not affiliated with official Kodi or TMDb. It is provided "as is" and relies on information provided by TMDb Helper.</disclaimer>
		<assets>
			<icon>icon.png</icon>
			<fanart>fanart.jpg</fanart>
			<screenshot/>
		</assets>
		<news lang="el_GR">
v1.0.10
- JSON-RPC Integration: Μετάβαση σε JSON-RPC calls για μέγιστη σταθερότητα και συμβατότητα με όλους τους Player τύπους (Seren, Fen, κτλ).
- Smart Sync Logic: Το πρόσθετο ελέγχει αν η γλώσσα είναι ήδη σωστή πριν επέμβει, αποφεύγοντας περιττά switches.
- Advanced Mapping Table: Διευρυμένη λίστα αναγνώρισης γλωσσών (EN, EL, IT, RU, ES, FR, DE, JA, KO, ZH, TR) με υποστήριξη και για tags στη μητρική γλώσσα.
- Real-time UI Notifications: Προσθήκη popups για την ενημέρωση του χρήστη (Target Language, Switch Success, Already Set, Track Not Found).
- Persistent Memory System: Χρήση Home Window Properties για τον συνεχή συγχρονισμό της πληροφορίας από το TMDbHelper προς το Service.
- Optimized Performance: Ελαχιστοποίηση κατανάλωσης πόρων (CPU/RAM) με χρήση native Kodi functions.
- Διόρθωση εμφάνισης ρυθμίσεων.
- Βελτίωση σταθερότητας κατά την αυτόματη αλλαγή γλώσσας.
</news>
		<news lang="en_GB">
v1.0.10
- Engine Upgrade: Migrated to JSON-RPC for better stability across various playback engines.
- Smart Check: Added logic to detect if the current audio track already matches the target language.
- Japanese and Asian Language Support: Improved mapping for Japanese, Korean, and Chinese tracks.
- Improved UI: Clearer notifications regarding the sync process.
- Increased Compatibility: Stable performance on low-end devices with optimized polling rates.
- Fixed settings UI visibility.
- Stability improvements for the auto-sync service.
</news>
	</extension>
</addon>