<favourites>
    <favourite name="Αναζήτηση [B][COLOR=white]Gamato[/COLOR][/B]" thumb="https://rebrand.ly/search_mov">PlayMedia(&quot;plugin://plugin.video.microjen/run_plug/plugin.video.cartoonsgr%2F%3Fdescription%26amp%3Biconimage%3Dnone%26amp%3Bmode%3Dgamatosearch%26amp%3Bname%3D%2520%26amp%3Burl%3Dhttp%3A%2F%2Fgamatotv.info%2F&quot;)</favourite>
    <favourite name="Αναζήτηση [B][COLOR=green]Tainies-online[/COLOR][/B]" thumb="https://icon-library.com/images/negative-search-cinema-movies-photography-512.png">PlayMedia(&quot;plugin://plugin.video.microjen/run_plug/plugin.video.cartoonsgr%2F%3Fdescription%26amp%3Biconimage%3Dnone%26amp%3Bmode%3Dsearchtenies2%26amp%3Bname%3D%2520%26amp%3Burl%3Dhttps%3A%2F%2Ftenies-online.best%2F&quot;)</favourite>
    <favourite name="Αναζήτηση [B][COLOR=gold]Xrysoi[/COLOR][/B]" thumb="https://icon-library.com/images/negative-search-cinema-movies-photography-512.png">PlayMedia(&quot;plugin://plugin.video.microjen/run_plug/plugin.video.cartoonsgr%2F%3Fdescription%26amp%3Biconimage%3Dnone%26amp%3Bmode%3Dxrysoisearch%26amp%3Bname%3D%2520%26amp%3Burl%3Dhttps%3A%2F%2Fxrysoi.pro%2F&quot;)</favourite>
    <favourite name="Αναζήτηση [B][COLOR=darkmagenta]Gamatomovies[/COLOR][/B]" thumb="https://icon-library.com/images/negative-search-cinema-movies-photography-512.png">PlayMedia(&quot;plugin://plugin.video.microjen/run_plug/plugin.video.cartoonsgr%2F%3Fdescription%26amp%3Biconimage%3Dnone%26amp%3Bmode%3Dgmoviessearch%26amp%3Bname%3D%2520%26amp%3Burl%3Dhttps%3A%2F%2Fgamatomovies1.gr%2F&quot;)</favourite>
    <favourite name="Αναζήτηση [B][COLOR=orange]Tainiomania[/COLOR][/B]" thumb="https://icon-library.com/images/negative-search-cinema-movies-photography-512.png">PlayMedia(&quot;plugin://plugin.video.microjen/run_plug/plugin.video.cartoonsgr%2F%3Fdescription%26amp%3Biconimage%3Dnone%26amp%3Bmode%3Dsearchtmania%26amp%3Bname%3D%2520%26amp%3Burl%3Dhttps%3A%2F%2Ftainio-mania.online%2F&quot;)</favourite>
    <favourite name="Αναζήτηση [B][COLOR=darkviolet]An1me[/COLOR][/B]" thumb="https://icon-library.com/images/negative-search-cinema-movies-photography-512.png">PlayMedia(&quot;plugin://plugin.video.microjen/run_plug/plugin.video.cartoonsgr%2F%3Fdescription%26amp%3Biconimage%3Dnone%26amp%3Bmode%3Danimsearch%26amp%3Bname%3D%2520%26amp%3Burl%3Dhttps%3A%2F%2Fan1me.to%2F&quot;)</favourite>
</favourites>
