<favourites>
	<favourite name="Fido 24/7 Channels" thumb="special://home/addons\plugin.video.fidoK19\icon.png">ActivateWindow(10025,&quot;plugin://plugin.video.fidoK19/get_list/m3ucat|https://bitbucket.org/!api/2.0/snippets/fluxustv/KpaEKX/40b16ee3c4bde59e7ebb0f241474f57158121455/files/FTV-ENG|24/7 Channels?sf_options=fanart%3Dspecial%3A%2F%2Fhome%2Faddons%5Cplugin.video.fidoK19%5Cfanart.jpg%26meta%3Dlabel%253D24%25252F7%252BChannels%26_options_sf&quot;,return)</favourite>
	<favourite name="24/7 Adult Swim" thumb="special://home/addons\plugin.video.fidoK19\icon.png">ActivateWindow(10025,&quot;plugin://plugin.video.fidoK19/get_list/m3ucat|https://bitbucket.org/!api/2.0/snippets/fluxustv/KpaEKX/40b16ee3c4bde59e7ebb0f241474f57158121455/files/FTV-ENG|24/7 Adult Swim?sf_options=fanart%3Dspecial%3A%2F%2Fhome%2Faddons%5Cplugin.video.fidoK19%5Cfanart.jpg%26meta%3Dlabel%253D24%25252F7%252BAdult%252BSwim%26_options_sf&quot;,return)</favourite>
	<favourite name="24 Hour Free Movies" thumb="special://home/addons/resource.images.skinicons.wide/resources/icons/247.png">PlayMedia(&quot;plugin://slyguy.plex.live/?_=play&amp;_play=1&amp;id=5e20b730f2f8d5003d739db7-5fd115bab7ef8d002dcf181d&amp;_is_live=1&amp;_noresume=.pvr&amp;sf_options=winID%3D10025%26fanart%3Dspecial%3A%2F%2Fhome%2Faddons%5Cslyguy.plex.live%5Cfanart.jpg%26desc%3D%5B9%3A48am%5D+24+Hour+Free+Movies%0A%5B9%3A48am%5D+24+Hour+Free+Movies%0A%5B7%3A05pm%5D+The+Drifter%0A%5B9%3A02pm%5D+Bartleby+Promo%0A%5B9%3A02pm%5D+Antidote%26meta%3Dvotes%253D0%2526plot%253D%25255B9%25253A48am%25255D%252B24%252BHour%252BFree%252BMovies%25255Cn%25255B9%25253A48am%25255D%252B24%252BHour%252BFree%252BMovies%25255Cn%25255B7%25253A05pm%25255D%252BThe%252BDrifter%25255Cn%25255B9%25253A02pm%25255D%252BBartleby%252BPromo%25255Cn%25255B9%25253A02pm%25255D%252BAntidote%2526title%253D24%252BHour%252BFree%252BMovies%2526label%253D24%252BHour%252BFree%252BMovies%26_options_sf&quot;)</favourite>
	<favourite name="Plex 24/7" thumb="special://home/addons/resource.images.skinicons.wide/resources/icons/plex.png">ActivateWindow(10025,&quot;plugin://slyguy.plex.live/?_=live_tv&amp;code=us&amp;sf_options=fanart%3Dspecial%3A%2F%2Fhome%2Faddons%5Cslyguy.plex.live%5Cfanart.jpg%26desc%3DUSA%0A%0A267+Channels%26meta%3Dvotes%253D0%2526plot%253DUSA%25255Cn%25255Cn267%252BChannels%2526title%253DUSA%252B%252528267%252529%2526label%253DUSA%252B%252528267%252529%26_options_sf&quot;,return)</favourite>
	<favourite name="Pluto 24/7" thumb="special://home/addons/resource.images.skinicons.wide/resources/icons/pluto.png">ActivateWindow(10025,&quot;plugin://plugin.video.plutotv/categories?sf_options=fanart%3Dspecial%3A%2F%2Fhome%2Faddons%5Cplugin.video.plutotv%5Cresources%5Cimages%5Cfanart.jpg%26meta%3Dvotes%253D0%2526title%253DCategories%2526label%253DCategories%26_options_sf&quot;,return)</favourite>
	<favourite name="Samsung TV[B]Live TV 24/7[/B]" thumb="special://home/addons/resource.images.skinicons.wide/resources/icons/samsungtv.png">ActivateWindow(10025,&quot;plugin://slyguy.samsung.tv.plus/?_=live_tv&amp;sf_options=fanart%3Dspecial%3A%2F%2Fhome%2Faddons%5Cslyguy.samsung.tv.plus%5Cfanart.jpg%26desc%3D%5BB%5D%5B%2FB%5D%26meta%3Dvotes%253D0%2526plot%253D%25255BB%25255D%25255B%25252FB%25255D%2526title%253D%25255BB%25255DLive%252BTV%25255B%25252FB%25255D%2526label%253D%25255BB%25255DLive%252BTV%25255B%25252FB%25255D%26_options_sf&quot;,return)</favourite>
	<favourite name="True Crime Network" thumb="special://home/addons/resource.images.skinicons.wide/resources/icons/truecrime.png">ActivateWindow(10025,&quot;plugin://plugin.video.truecrime/?sf_options=fanart%3Dspecial%3A%2F%2Fhome%2Faddons%5Cplugin.video.truecrime%5Cresources%5Cmedia%5Cfanart.jpg%26desc%3DTrue+Crime+Network+is+a+24%2F7+broadcast+television+network+that+entertains+and+informs+its+viewers+with+gripping+crime+and+investigation+programming+while+making+communities+safer.++This+add-on+provides+access+to+the+True+Crime+Network+video+on+demand+library.+%2AMatrix+Version%2A%26meta%3Dlabel%253DTrue%252BCrime%252BNetwork%26_options_sf&quot;,return)</favourite>
	<favourite name="[COLOR yellow][B]NEW 247[/COLOR][/B] CHANNELS" thumb="DefaultFolder.png">ActivateWindow(10025,&quot;plugin://plugin.video.madtitansports/get_list/https://magnetic1.ratpack.appboxes.co/jet/LOCALCABLE.json?sf_options=meta%3Dlabel%253D%252B%25255BCOLOR%252Byellow%25255D%25255BB%25255DNEW%252B%25255B%25252FCOLOR%25255D%25255B%25252FB%25255D%252BCHANNELS%26_options_sf&quot;,return)</favourite>
</favourites>