<?xml version="1.0" encoding="UTF-8"?>
<addon id="plugin.video.GoldVault"
       version="1.0.1"
       name="[COLOR gold]GoldVault[/COLOR]"
       provider-name="GOLDREPO">
    <requires>
        <import addon="xbmc.python" version="3.0.1"/>
        <import addon="script.module.requests"/>
        <import addon="plugin.video.themoviedb.helper" optional="true"/>
        <import addon="script.module.youraccounts" optional="true"/>
        <import addon="script.module.yourscrapers" optional="true"/>
        <import addon="script.module.beautifulsoup4" optional="true"/>
        <import addon="script.module.kodi-six" optional="true"/>
        <import addon="script.module.resolveurl" optional="true"/>
        <import addon="script.module.audrey" optional="true" />
        <import addon="script.module.metahandler" optional="true" />
    </requires>
    <extension point="xbmc.python.pluginsource" library="main.py">
        <provides>video</provides>
    </extension>
    <extension point="xbmc.addon.metadata">
  <summary lang="en_GB">Example Kodi Video Plugin</summary>
  <description lang="en_GB">Gold Vault provides OneClick Movies and Live TV streaming.
Please be patient, as movie listings may take some time to load 
[COLOR gold][B]Disclaimer:[/B][/COLOR]  To ensure proper functionality, 
it is essential to keep this addon updated to the latest version.
             </description>
  <disclaimer lang="en_GB">STAY UPDATE EVERYTIME</disclaimer>
  <license>GPL-3.0-only	</license>
  <assets>
    <icon>resources/images/icon.png</icon>
    <fanart>resources/images/fanart.jpg</fanart>
  </assets>
  <news>Updated with More Movies</news>
</extension>
</addon>