<?xml version="1.0" encoding="UTF-8" standalone="yes"?>
<addon id="repository.twistednutz" name="[COLOR orange]Twisted Nutz Repo[/COLOR]" version="1.4" provider-name="[COLOR orange]Twisted Nutz[/COLOR]">
	<extension point="xbmc.addon.repository" name="[COLOR orange]Twisted Nutz[/COLOR]">
		<dir>
			<info compressed="false">http://twistednutz.xyz/twisted/repo/addons.xml</info>
			<checksum>http://twistednutz.xyz/twisted/repo/addonsmd5.txt</checksum>
			<datadir zip="true">http://twistednutz.xyz/twisted/repo/</datadir>
		</dir>
		<dir>
			<info compressed="false">https://raw.githubusercontent.com/totalrevolution/python-koding/master/zips/addons.xml</info>	
			<checksum>https://raw.githubusercontent.com/totalrevolution/python-koding/master/zips/addons.xml.md5</checksum>
			<datadir zip="true">https://raw.githubusercontent.com/totalrevolution/python-koding/master/zips/</datadir>
		</dir>
		<dir>
			<info compressed="false">https://raw.githubusercontent.com/teamuniversal/scrapers/master/_modules4all/zips/addons.xml</info>
			<checksum>https://raw.githubusercontent.com/teamuniversal/scrapers/master/_modules4all/zips/addons.xml.md5</checksum>
			<datadir zip="true">https://raw.githubusercontent.com/teamuniversal/scrapers/master/_modules4all/zips/</datadir>
		</dir>
		<dir>
			<info compressed="false">https://raw.githubusercontent.com/Gujal00/smrzips/master/addons.xml</info>
			<checksum>https://raw.githubusercontent.com/Gujal00/smrzips/master/addons.xml.md5</checksum>
			<datadir zip="true">https://raw.githubusercontent.com/Gujal00/smrzips/master/zips/</datadir>
		</dir>
	</extension>
	<extension point="xbmc.addon.metadata">
        <summary lang="en">Twisted Nutz Repository</summary>
        <description lang="en">Educational use only, Twisted Nutz Repository For Kodi</description>
        <disclaimer>The owners and submitters to this repository do not host or distribute any of the content displayed by these addons nor do they have any affiliation with the content providers.</disclaimer>
        <platform>all</platform>
        <assets>
        <icon>icon.png</icon>
        <fanart>fanart.jpg</fanart>
    </assets>
	</extension>
</addon>