<favourites>
	<favourite name="TV shows" thumb="special://home/addons\plugin.video.themoviedb.helper\/resources/icons/themoviedb/tv.png">ActivateWindow(10025,&quot;plugin://plugin.video.themoviedb.helper/?info=dir_tv&amp;tmdb_type=None&amp;sf_options=meta%3Dvotes%253D0%2526label%253DTV%252Bshows%26_options_sf&quot;,return)</favourite>
	<favourite name="People" thumb="special://home/addons\plugin.video.themoviedb.helper\/resources/icons/themoviedb/cast.png">ActivateWindow(10025,&quot;plugin://plugin.video.themoviedb.helper/?info=dir_person&amp;tmdb_type=None&amp;sf_options=meta%3Dvotes%253D0%2526label%253DPeople%26_options_sf&quot;,return)</favourite>
	<favourite name="Search" thumb="special://home/addons\plugin.video.themoviedb.helper\/resources/icons/themoviedb/search.png">ActivateWindow(10025,&quot;plugin://plugin.video.themoviedb.helper/?info=dir_multisearch&amp;tmdb_type=None&amp;sf_options=meta%3Dvotes%253D0%2526label%253DSearch%26_options_sf&quot;,return)</favourite>
	<favourite name="Discover TV shows" thumb="special://home/addons\plugin.video.themoviedb.helper\/resources/icons/themoviedb/default.png">ActivateWindow(10025,&quot;plugin://plugin.video.themoviedb.helper/?info=user_discover&amp;tmdb_id=None&amp;tmdb_type=tv&amp;sf_options=meta%3Dvotes%253D0%2526label%253DDiscover%252BTV%252Bshows%26_options_sf&quot;,return)</favourite>
	<favourite name="Randomised" thumb="special://home/addons\plugin.video.themoviedb.helper\/resources/icons/themoviedb/default.png">ActivateWindow(10025,&quot;plugin://plugin.video.themoviedb.helper/?info=dir_random&amp;tmdb_type=None&amp;sf_options=meta%3Dvotes%253D0%2526label%253DRandomised%26_options_sf&quot;,return)</favourite>
	<favourite name="TheMovieDb" thumb="special://home/addons\plugin.video.themoviedb.helper\/resources/icons/themoviedb/default.png">ActivateWindow(10025,&quot;plugin://plugin.video.themoviedb.helper/?info=dir_tmdb&amp;tmdb_type=None&amp;sf_options=meta%3Dvotes%253D0%2526label%253DTheMovieDb%26_options_sf&quot;,return)</favourite>
	<favourite name="Trakt" thumb="special://home/addons\plugin.video.themoviedb.helper\/resources/trakt.png">ActivateWindow(10025,&quot;plugin://plugin.video.themoviedb.helper/?info=dir_trakt&amp;tmdb_type=None&amp;sf_options=meta%3Dvotes%253D0%2526label%253DTrakt%26_options_sf&quot;,return)</favourite>
	<favourite name="MDbList" thumb="special://home/addons\plugin.video.themoviedb.helper\/resources/icons/mdblist/mdblist.png">ActivateWindow(10025,&quot;plugin://plugin.video.themoviedb.helper/?info=dir_mdblist&amp;tmdb_type=None&amp;sf_options=meta%3Dvotes%253D0%2526label%253DMDbList%26_options_sf&quot;,return)</favourite>
</favourites>