<?xml version="1.0" encoding="UTF-8" standalone="yes"?>
<addon id="repository.lechonsport" name="repository.lechonsport" version="0.1" provider-name="dressi46">
    <extension point="xbmc.addon.repository" name="Example Repository">
        <dir>
            <info compressed="false">https://raw.githubusercontent.com/dressi46/lechonsport/master/repo/zips/addons.xml</info>
            <checksum>https://raw.githubusercontent.com/dressi46/lechonsport/master/repo/zips/addons.xml.md5</checksum>
            <datadir zip="true">https://raw.githubusercontent.com/dressi46/lechonsport/master/repo/zips/</datadir>
        </dir>
    </extension>
    <extension point="xbmc.addon.metadata">
        <summary>Lechonsport Repository</summary>
        <description>DESCRIPTION OF YOUR REPO HERE</description>
        <disclaimer></disclaimer>
        <platform>all</platform>
        <assets>
            <icon>icon.png</icon>
            <fanart>fanart.jpg</fanart>
        </assets>
    </extension>
</addon>