<?xml version="1.0" encoding="UTF-8"?>
<addon id="plugin.video.parrottv" version="1.1.6wa" name="Parrot TV" provider-name="Parrot Developers">
<requires>
  <import addon="xbmc.python" version="3.0.0"/>
  <import addon="script.module.requests" version="2.25.1"/>
  <import addon="inputstream.adaptive" version="2.3.13"/>
  <import addon="script.module.beautifulsoup4" version="4.9.3+matrix.1"/>
  <import addon="script.module.parrot" version="1.0.0"/>
  <import addon="script.module.routing"/>
</requires>
<extension point="xbmc.python.pluginsource" library="addon.py">
  <provides>video</provides>
</extension>
<extension point="xbmc.addon.metadata">
  <summary>Watch Free TV inside KODI.</summary>
  <description>Watch Free TV inside KODI.</description>
  <disclaimer>All channels are freely avalible on WWW.</disclaimer>
  <assets>
    <icon>icon.jpg</icon>
    <fanart>fanart.jpg</fanart> 
  </assets>
  <news>
    [1.0.0] Initial version!
    [1.0.1] General fixes.
    [1.0.2] Fixed IPTV Simple intergraion.
    [1.0.3] Some fixes.
    [1.0.4] Fixed some bugs.
    [1.0.5] Some UI changes.
    [1.0.6] Added RBTV US.
    [1.0.7] General fixes.
    [1.0.8] New auth method.
    [1.0.9] Kodi EZ.
    [1.1.0] Better auth.
    [1.1.1] Fixed auth.
    [1.1.2] Speed improvements.
    [1.1.3] Temporary disabled auto-update.
    [1.1.4] Fixed some bugs.
    [1.1.5] Fixed "categories" menu.
    [1.1.6] Many changes. Due to some errors EPG only works for iptv players.
  </news>
</extension>
<extension point="xbmc.service" library="service.py" />
</addon>