<?xml version="1.0" encoding="UTF-8" standalone="yes"?>
<addon id="plugin.video.thegroove360" name="Thegroove 360" version="0.4.1" provider-name="Thegroove360">
    <requires>
        <import addon="xbmc.python" version="3.0.0"/>
        <import addon="script.module.routing" version="0.2.3"/>
        <import addon="script.module.resolveurl" version="5.1.00"/>
        <import addon="script.module.requests" version="2.25.0"/>
        <import addon="script.module.resolveurl.xxx" version="2.1.0" optional="true"/>
        <import addon="script.module.tg360resolver" version="0.0.1"/>
        <!--<import addon="script.video.F4mProxy"/>-->
    </requires>
    <extension point="xbmc.python.pluginsource" library="main.py">
        <provides>video</provides>
    </extension>
	
	 <extension point="xbmc.addon.repository" name="ResolveURL Repository">
		<info compressed="false">https://raw.githubusercontent.com/Gujal00/smrzips/master/addons.xml</info>
		<checksum>https://raw.githubusercontent.com/Gujal00/smrzips/master/addons.xml.md5</checksum>
		<datadir zip="true">https://raw.githubusercontent.com/Gujal00/smrzips/master/zips/</datadir>
	</extension>
	
    <extension point="xbmc.addon.metadata">
        <summary lang="en">[COLOR khaki]Thegroove360 Addons [/COLOR]</summary>
        <description lang="en">[COLOR blue][B][COLOR cyan][I]Addon Italiano con contenuti multimediali. Cinema, TV,
            Sport, Musica, Cartoni Animati [/COLOR][/I] [/B][/COLOR]
        </description>
        <platform>all</platform>
        <forum>https://thegroove360.tk/addons</forum>
        <website>https://thegroove360.tk/addons/</website>
        <assets>
            <icon>icon.gif</icon>
            <fanart>fanart.gif</fanart>
            <screenshot>resources/screenshots/screenshot-01.jpg</screenshot>
            <screenshot>resources/screenshots/screenshot-02.jpg</screenshot>
            <screenshot>resources/screenshots/screenshot-03.jpg</screenshot>
        </assets>
        <news>
            Version 0.3.8
            Cambio Api Iptv
          
        </news>
        <license>Attribuzione - Non commerciale - Non opere derivate Internazionale</license>
        <disclaimer>Questo addon contiene link di contenuti in streaming di terze parti non affiliati e/o associati in
            alcun modo ad Thegroove 360 Addon. Tutti i link all'interno sono già facilmente reperibili su internet.
            Proseguendo con la visione dei contenuti, accetti di fare un buon uso di Thegroove 360 Addon.
        </disclaimer>
        <language>it</language>
    </extension>
</addon>
