<addon id="plugin.video.fsonline" name="FSONline" version="2.0.1" provider-name="derzis">
	<requires>
		<import addon="xbmc.python" version="3.0.0"/>
		<import addon="script.module.requests"/>
		<import addon="script.module.resolveurl"/>
		<import addon="script.module.beautifulsoup4"/>
	</requires>
	<extension point="xbmc.python.pluginsource" library="default.py">
		<provides>video</provides>
	</extension>
	<extension point="xbmc.addon.metadata">
		<summary lang="ro_RO">BPR</summary>
		<description lang="ro_RO">Filme și seriale non-stop</description>
		<platform>all</platform>
		<license>GPL-3.0-or-later</license>
		<website></website>
		<source></source>
		<assets>
			<icon>icon.png</icon>
			<fanart>fanart.jpg</fanart>
		</assets>
	</extension>
</addon>
