<favourites>
    <favourite name="Σειρές TheOath" filetype="folder" thumb="https://github.com/akeotaseo/world_repo/blob/main/iloveimg-resized%20(2)/theoath.png">plugin://plugin.video.theoath/?action=tvNavigator</favourite>
    <favourite name="[COLOR white]TV Shows[/COLOR] [COLOR red]Homelander[/COLOR]" filetype="folder" thumb="C:\PortableApps\kodi\My kodi\Kodi\portable_data\addons\script.homelander.artwork\resources\media\homelander\tvshows.png">plugin://plugin.video.homelander/?action=tvNavigator</favourite>
    <favourite name="Σειρές ThePromise" filetype="folder" thumb="https://github.com/akeotaseo/world_repo/blob/main/iloveimg-resized%20(2)/thepromise.png?raw=true">plugin://plugin.video.thepromise/?action=tvNavigator</favourite>
    <favourite name="TV Shows Scrubsv2" filetype="folder" thumb="https://github.com/akeotaseo/world_repo/blob/main/iloveimg-resized%20(2)/scrubsv2.png?raw=true">plugin://plugin.video.scrubsv2/?action=tvshows_menu</favourite>
    <favourite name="[COLOR aqua]TV Shows[/COLOR] Alvin" filetype="folder" thumb="https://raw.githubusercontent.com/akeotaseo/world_repo/e08d0b9ce7295f23e7932a086819ca7abb07ad29/iloveimg-resized%20(2)/alvin.png">plugin://plugin.video.alvin/?action=tvNavigator</favourite>
    <favourite name="[COLOR aqua]TV Shows[/COLOR] Sealteam6" filetype="folder" thumb="https://github.com/akeotaseo/world_repo/blob/main/iloveimg-resized%20(2)/sealteam6.png?raw=true">plugin://plugin.video.sealteam6/?action=tvNavigator</favourite>
    <favourite name="[B]TV Shows[/B] TheThunder" filetype="folder" thumb="https://github.com/akeotaseo/world_repo/blob/main/iloveimg-resized%20(2)/thethunder.png?raw=true">plugin://plugin.video.thethunder/?action=tv_shows&iconimage=special://home/addons%5cplugin.video.thethunder%5cresources%5cmedia%5ctvshows.png&mediatype=video&name=%5bB%5dTV%20Shows%5b%2fB%5d</favourite>
    <favourite name="Σειρές  Nightwing" filetype="folder" thumb="https://github.com/akeotaseo/world_repo/blob/main/iloveimg-resized%20(2)/nightwing.png?raw=true">plugin://plugin.video.nightwing/?action=tvNavigator</favourite>
    <favourite name="Σειρές Genesis" filetype="folder" thumb="https://github.com/akeotaseo/world_repo/blob/main/iloveimg-resized%20(2)/genesis.png?raw=true">plugin://plugin.video.genesis/?action=tvNavigator</favourite>
    <favourite name="Σειρές No Lives Matter" filetype="folder" thumb="https://github.com/akeotaseo/world_repo/blob/main/iloveimg-resized%20(2)/No%20Lives%20Matter.png?raw=true">plugin://plugin.video.nlm/?action=tvNavigator</favourite>
    <favourite name="[COLOR orchid]¤[/COLOR] [B][COLOR white]TV Shows The Crew[/COLOR][/B]" filetype="folder" thumb="DefaultTVShows.png">plugin://plugin.video.tc/?action=tvNavigator</favourite>
    <favourite name="Σειρές [COLOR yellow]Big Bad Wolf[/COLOR]" filetype="folder" thumb="special://home/addons\plugin.video.bigbadwolf\resources\media\bigbad\tvshows.png">plugin://plugin.video.bigbadwolf/?action=tvNavigator</favourite>
</favourites>