{
    "name" : "[B][COLOR orange]ΑΤΛΑΣ - [B][COLOR yellow]Doo[COLOR gray]movies[/COLOR][/B]",
    "icon"              : "special://home/addons/plugin.video.atlas/resources/icons/goojara.png",
    ""                  : "plugin.video.atlas",
    "api_language"      : "en-US",
    "priority"          : 11,
    "is_resolvable"     : "true",
    "play_movie"      : [
                            "plugin://plugin.video.atlas/?mode=150",
                            {"keyboard": "{clearname} {year}"},
                            {"dialog": "clearname"},
                            {"dialog": "clearname"}
                          ]
}
