{
    "name": "[COLOR white]DAILY[/COLOR][COLOR blue]MOTION[/COLOR]",
    "plugin": "plugin.video.dailymotion_com",
    "priority": 16,
    "assert": {
        "search_movie": [
            "title"
        ],
        "search_episode": [
            "showname"
        ]
    },
    
    "search_movie": [
        "plugin://plugin.video.dailymotion_com/?url=https%3A%2F%2Fapi.dailymotion.com%2Fvideos%3Ffields%3Ddescription%2Cduration%2Cid%2Cowner.username%2Ctaken_time%2Cthumbnail_large_url%2Ctitle%2Cviews_total%26search%3D%26sort%3Drelevance%26limit%3D50%26family_filter%3D0%26localization%3Den_GB%26page%3D1&mode=search",
        {
            "keyboard": "{title}"
        }
    ],
    "search_episode": [
        "plugin://plugin.video.dailymotion_com/?url=https%3A%2F%2Fapi.dailymotion.com%2Fvideos%3Ffields%3Ddescription%2Cduration%2Cid%2Cowner.username%2Ctaken_time%2Cthumbnail_large_url%2Ctitle%2Cviews_total%26search%3D%26sort%3Drelevance%26limit%3D50%26family_filter%3D0%26localization%3Den_GB%26page%3D1&mode=search",
        {
            "keyboard": "{showname}"
        }
    ]
}