{
    "name" : "[COLOR blue]Extended info[/COLOR]",
    "plugin"            : "script.extendedinfo",
    "priority"          : 150,
    "is_resolvable"     : "true",
    "play_movie"      : [
                            "plugin://script.extendedinfo/?info=search_menu",
                            {"keyboard": "{showname}"}
                          ],
    "play_episode"    : [
                            "plugin://script.extendedinfo/?info=search_menu",
                            {"dialog": "auto"},
                            {"keyboard": "{showname}"}
                          ]
}
