{
    "name"          : "[COLOR purple]Scrubsv2[/COLOR][COLOR white](Scrapers)[/COLOR] - αναζήτηση...",
    "api_language"  : "en-US",
    "plugin"        : "plugin.video.scrubsv2",
    "priority"      : 5,
    "play_movie"    : [
                        "plugin://plugin.video.scrubsv2/?action=movies_searchterm&name={title_+}&select=movies",
                        {"keyboard": "{clearname}"},
                        {"imdbnumber": "{imdb}"}
                      ],
    "play_episode"  : [
                        "plugin://plugin.video.scrubsv2/?action=play",
                        {"keyboard": "{clearname}"},
                        {"imdbnumber": "{imdb}"},
                        {"season": "{season}"},
                        {"episode": "{episode}"}
                      ],
    "is_resolvable"     : "true"
}