{
    "name"          : "[B][COLOR purple]2. Scrubsv2[/COLOR][/B] αναζήτηση...",
    "api_language"  : "en-US",
    "plugin"        : "plugin.video.scrubsv2",
    "priority"      : 116,
    "play_movie"    : [
                        "plugin://plugin.video.scrubsv2/?action=movies_searchterm&name={clearname}&select=movies",
                        {"keyboard": "{clearname}"},
                        {"dialog": "clearname"},
                        {"dialog": "clearname"}
                      ],
    "play_episode"  : [
                        "plugin://plugin.video.scrubsv2/?action=tvshows_searchterm&name={clearname}&select=tvshow",
                        {"keyboard": "{clearname}"},
                        {"imdbnumber": "{imdb}"},
                        {"season": "{season}"},
                        {"episode": "{episode}"}
                      ],
    "is_resolvable"     : "false"
}