{
    "name"              : "[COLOR orange]TVseries.video[/COLOR]",
    "api_language"      : "en-US",
    "icon"              : "https://raw.githubusercontent.com/mbebe/blomqvist/master/zips/plugin.video.tvseriesvideo/icon.png",
    "plugin"            : "plugin.video.themoviedb.helper",
    "priority"          : 101,
    "play_movie"        : [
                            "plugin://plugin.video.tvseriesvideo/?mode=search",
                            {"keyboard": "{clearname}"},
                            {"dialog": "true", "label": "(?i)^{clearname}$", "strict": "true"},
                            {"dialog": "auto"},
                            {"dialog": "auto"}
                          ],
    "play_episode"      : [
                            "plugin://plugin.video.tvseriesvideo/?mode=search",
                            {"keyboard": "{clearname}"},
                            {"dialog": "true", "label": "(?i)^{clearname}$", "strict": "true"},
                            {"dialog": "true", "label": "(?i)Season (?:0{season}|{season})$", "strict": "true"},
                            {"dialog": "true", "label": ".*S(?:0{season}|{season})E(?:0{episode}|{episode})$", "strict": "true"},
                            {"dialog": "auto"},
                            {"dialog": "auto"}
                          ],
    "is_resolvable"     : "false"
}