{
    "name"              : "[COLOR pink]UK Turk[/COLOR]",
    "api_language"      : "en-US",
    "icon"              : "https://ukturks.app/api/Repository/addons/plugin.video.ukturk19/icon.png",
    "plugin"            : "plugin.video.ukturk19",
    "priority"          : 105,
    "play_movie"        : [
                            "plugin://plugin.video.ukturk19/?description&fanart=&icon=&mode=18&name=Movies%20%7c%20{clearname_url}&url",
                            {"dialog": "true", "label": "(?i)^(?:{clearname}|{originaltitle})", "strict": "true"}
                          ],
    "play_episode"      : [
                            "plugin://plugin.video.ukturk19/?description&fanart=&icon=&mode=18&name=TV%20Shows%20%7c%20{clearname_url}&url",
                            {"return": "true", "label": "(?i).*S(?:0{season}|{season})E(?:0{episode}|{episode})[^0-9]*"},
                            {"dialog": "true", "label": "(?i)^(?:{clearname}|{originaltitle})" ,"strict": "true"},
                            {"dialog": "true", "label": "(?i).*S(?:0{season}|{season})E(?:0{episode}|{episode})[^0-9]*" ,"strict": "true"}
                          ],
    "is_resolvable"     : "false"
}