{
    "name": "Redare cu VixMovies",
    "api_language": "en-US",
    "plugin": "plugin.video.vixmovie",
    "priority": 100,
    "play_movie": "plugin://plugin.video.vixmovie/?action=play&media_type=movie&title={title}&tmdb_id={id}",
    "play_tvshow": "plugin://plugin.video.vixmovie/?action=play&media_type=episode&title={title}&tmdb_id={tmdb}&season={season}&episode={episode}",
    "play_episode": "plugin://plugin.video.vixmovie/?action=play&media_type=episode&title={title}&tmdb_id={tmdb}&season={season}&episode={episode}",
    "is_resolvable": "true"
}
