<?xml version="1.0" encoding="UTF-8" standalone="yes"?>
<addon id="script.sites"
  name="script sites"
  version="19.5" 
  provider-name="ML Gb">
  <requires>
    <import addon="xbmc.python" version="3.0.0"/>
  </requires>
  <extension point="xbmc.python.script" library="addon.py">
    <provides>executable</provides>
  </extension>
  <extension point="xbmc.addon.metadata">
    <platform>all</platform>
    <summary lang="en">ML-Gb kropi Sites</summary>
    <description lang="en">ML-Gb kropi Sites</description>
	<disclaimer>ML-Gb kropi Sites</disclaimer>
	<assets>
	<icon>icon.png</icon>
    </assets>
  </extension>
</addon>
