<favourites>
    <favourite name="[COLOR orange]Home[/COLOR]" thumb="https://cdn-icons-png.flaticon.com/512/6717/6717248.png">ActivateWindow(Home)</favourite>
    <favourite name="Ζωντανά Κανάλια (Ελληνικά/Κυπριακά)" thumb="https://raw.githubusercontent.com/thecrewwh/zips/master/matrix/_zip/plugin.video.daddylive/icon.png">ActivateWindow(10025,"plugin://plugin.video.microjen/daddylive?mode=menu&amp;serv_type=live_greek",return)</favourite>
    <favourite name="[B][COLORdodgerblue]IPTV 1 GR[/COLOR][/B]" thumb="https://img.freepik.com/premium-vector/iptv-badge-icon-logo-illustration_100456-1447.jpg">ActivateWindow(10025,"plugin://plugin.video.microjen/get_list/m3ucat|eJzLKCkpsNLXLynTyywoKcvOzEsHM/RK8/L101NL9AoyCuxLi1OL8hJzU22DHEN9KiIi0tQKEouLy/OLUmwtc/wjzBwNLU3USioLUm1zjUvjC3JKiwFptB9l|Live: Greece",return)</favourite>
    <favourite name="[B][COLORdodgerblue]IPTV 2 GR[/COLOR][/B]" thumb="https://avatars3.githubusercontent.com/u/12797438">PlayMedia("plugin://plugin.video.microjen/run_plug/plugin.video.f4mTester%2F%3Fmode%3Dplaylist2%26amp%3Bname%3DLive%3A+Greece%26amp%3Burl%3Dhttp%253A%252F%252Ftv.iptvking.iptv.uno%252Fget.php%253Fusername%253DRAULxXXf%2526password%253D9lOX6A194%2526type%253Dm3u_plus")</favourite>
    <favourite name="Λογαριασμός σε χρήση --[COLORlime]MalteZP8754[/COLOR]--" thumb="C:\PortableApps\kodi\KODI TEST\Kodi\portable_data\addons\plugin.video.myiptv\resources\icons\account.png">ActivateWindow(10025,"plugin://plugin.video.myiptv/?description&amp;iconimage=C%3a%5cPortableApps%5ckodi%5cKODI%20TEST%5cKodi%5cportable_data%5caddons%5cplugin.video.myiptv%5cresources%5cicons%5caccount.png&amp;mode=acchome&amp;name=%ce%9b%ce%bf%ce%b3%ce%b1%cf%81%ce%b9%ce%b1%cf%83%ce%bc%cf%8c%cf%82%20%cf%83%ce%b5%20%cf%87%cf%81%ce%ae%cf%83%ce%b7%20--%5bCOLORlime%5dMalteZP8754%5b%2fCOLOR%5d--&amp;url=eJzLKCkpsNLXL0rNLDYz0UvOz7UyMrAwq%2fFNzClJjQqwMDc1qQl3TXIsMIso9q4CAFXSDs8%3d&amp;xtra=test_parm",return)</favourite>
    <favourite name="Λογαριασμός σε χρήση --[COLORlime]askerhasan[/COLOR]--" thumb="C:\PortableApps\kodi\KODI TEST\Kodi\portable_data\addons\plugin.video.myiptv\resources\icons\account.png">ActivateWindow(10025,"plugin://plugin.video.myiptv/?description&amp;iconimage=C%3a%5cPortableApps%5ckodi%5cKODI%20TEST%5cKodi%5cportable_data%5caddons%5cplugin.video.myiptv%5cresources%5cicons%5caccount.png&amp;mode=acchome&amp;name=%ce%9b%ce%bf%ce%b3%ce%b1%cf%81%ce%b9%ce%b1%cf%83%ce%bc%cf%8c%cf%82%20%cf%83%ce%b5%20%cf%87%cf%81%ce%ae%cf%83%ce%b7%20--%5bCOLORlime%5daskerhasan%5b%2fCOLOR%5d--&amp;url=eJzLKCkpsNLXL0rNLDYz0UvOz7UyMrAwq0kszk4tykgsTsyrMbIwNDQyMDI2BgBAKA3M&amp;xtra=test_parm",return)</favourite>
    <favourite name="Λογαριασμός σε χρήση --[COLORlime]besdeesstemebnda[/COLOR]--" thumb="C:\PortableApps\kodi\KODI TEST\Kodi\portable_data\addons\plugin.video.myiptv\resources\icons\account.png">ActivateWindow(10025,"plugin://plugin.video.myiptv/?description&amp;iconimage=C%3a%5cPortableApps%5ckodi%5cKODI%20TEST%5cKodi%5cportable_data%5caddons%5cplugin.video.myiptv%5cresources%5cicons%5caccount.png&amp;mode=acchome&amp;name=%ce%9b%ce%bf%ce%b3%ce%b1%cf%81%ce%b9%ce%b1%cf%83%ce%bc%cf%8c%cf%82%20%cf%83%ce%b5%20%cf%87%cf%81%ce%ae%cf%83%ce%b7%20--%5bCOLORlime%5dbesdeesstemebnda%5b%2fCOLOR%5d--&amp;url=eJzLKCkpsNLXL0rNLDYz0UvOz7UyMrAwq0lKLU5JTS0uLknNTU3KS0msSTYuNw62iAAAiRIQlg%3d%3d&amp;xtra=test_parm",return)</favourite>
    <favourite name="Λογαριασμός σε χρήση --[COLORlime]cenkulubay[/COLOR]--" thumb="C:\PortableApps\kodi\KODI TEST\Kodi\portable_data\addons\plugin.video.myiptv\resources\icons\account.png">ActivateWindow(10025,"plugin://plugin.video.myiptv/?description&amp;iconimage=C%3a%5cPortableApps%5ckodi%5cKODI%20TEST%5cKodi%5cportable_data%5caddons%5cplugin.video.myiptv%5cresources%5cicons%5caccount.png&amp;mode=acchome&amp;name=%ce%9b%ce%bf%ce%b3%ce%b1%cf%81%ce%b9%ce%b1%cf%83%ce%bc%cf%8c%cf%82%20%cf%83%ce%b5%20%cf%87%cf%81%ce%ae%cf%83%ce%b7%20--%5bCOLORlime%5dcenkulubay%5b%2fCOLOR%5d--&amp;url=eJzLKCkpsNLXL0rNLDYz0UvOz7UyMrAwq0lOzcsuzSlNSqysSTEx86zIMzHLzgMAVUkPWA%3d%3d&amp;xtra=test_parm",return)</favourite>
    <favourite name="Λογαριασμός σε χρήση --[COLORlime]ersinmedik2904[/COLOR]--" thumb="C:\PortableApps\kodi\KODI TEST\Kodi\portable_data\addons\plugin.video.myiptv\resources\icons\account.png">ActivateWindow(10025,"plugin://plugin.video.myiptv/?description&amp;iconimage=C%3a%5cPortableApps%5ckodi%5cKODI%20TEST%5cKodi%5cportable_data%5caddons%5cplugin.video.myiptv%5cresources%5cicons%5caccount.png&amp;mode=acchome&amp;name=%ce%9b%ce%bf%ce%b3%ce%b1%cf%81%ce%b9%ce%b1%cf%83%ce%bc%cf%8c%cf%82%20%cf%83%ce%b5%20%cf%87%cf%81%ce%ae%cf%83%ce%b7%20--%5bCOLORlime%5dersinmedik2904%5b%2fCOLOR%5d--&amp;url=eJzLKCkpsNLXL0rNLDYz0UvOz7UyMrAwq0ktKs7My01Nycw2sjQwqcnIywsodrEszM4EAJJmEKg%3d&amp;xtra=test_parm",return)</favourite>
    <favourite name="Λογαριασμός σε χρήση --[COLORlime]habibisik[/COLOR]--" thumb="C:\PortableApps\kodi\KODI TEST\Kodi\portable_data\addons\plugin.video.myiptv\resources\icons\account.png">ActivateWindow(10025,"plugin://plugin.video.myiptv/?description&amp;iconimage=C%3a%5cPortableApps%5ckodi%5cKODI%20TEST%5cKodi%5cportable_data%5caddons%5cplugin.video.myiptv%5cresources%5cicons%5caccount.png&amp;mode=acchome&amp;name=%ce%9b%ce%bf%ce%b3%ce%b1%cf%81%ce%b9%ce%b1%cf%83%ce%bc%cf%8c%cf%82%20%cf%83%ce%b5%20%cf%87%cf%81%ce%ae%cf%83%ce%b7%20--%5bCOLORlime%5dhabibisik%5b%2fCOLOR%5d--&amp;url=eJzLKCkpsNLXL0rNLDYz0UvOz7UyMrAwq8lITMpMyizOzK4xMjSwNDIwMjAAAC8gDUs%3d&amp;xtra=test_parm",return)</favourite>
    <favourite name="Λογαριασμός σε χρήση --[COLORlime]hdiptv2639[/COLOR]--" thumb="C:\PortableApps\kodi\KODI TEST\Kodi\portable_data\addons\plugin.video.myiptv\resources\icons\account.png">ActivateWindow(10025,"plugin://plugin.video.myiptv/?description&amp;iconimage=C%3a%5cPortableApps%5ckodi%5cKODI%20TEST%5cKodi%5cportable_data%5caddons%5cplugin.video.myiptv%5cresources%5cicons%5caccount.png&amp;mode=acchome&amp;name=%ce%9b%ce%bf%ce%b3%ce%b1%cf%81%ce%b9%ce%b1%cf%83%ce%bc%cf%8c%cf%82%20%cf%83%ce%b5%20%cf%87%cf%81%ce%ae%cf%83%ce%b7%20--%5bCOLORlime%5dhdiptv2639%5b%2fCOLOR%5d--&amp;url=eJzLKCkpsNLXL0rNLDYz0UvOz7UyMrAwq8lIySwoKTMyM7asKTHOSjEtigQAIWoNvQ%3d%3d&amp;xtra=test_parm",return)</favourite>
    <favourite name="Λογαριασμός σε χρήση --[COLORlime]hdiptv3217[/COLOR]--" thumb="C:\PortableApps\kodi\KODI TEST\Kodi\portable_data\addons\plugin.video.myiptv\resources\icons\account.png">ActivateWindow(10025,"plugin://plugin.video.myiptv/?description&amp;iconimage=C%3a%5cPortableApps%5ckodi%5cKODI%20TEST%5cKodi%5cportable_data%5caddons%5cplugin.video.myiptv%5cresources%5cicons%5caccount.png&amp;mode=acchome&amp;name=%ce%9b%ce%bf%ce%b3%ce%b1%cf%81%ce%b9%ce%b1%cf%83%ce%bc%cf%8c%cf%82%20%cf%83%ce%b5%20%cf%87%cf%81%ce%ae%cf%83%ce%b7%20--%5bCOLORlime%5dhdiptv3217%5b%2fCOLOR%5d--&amp;url=eJzLKCkpsNLXL0rNLDYz0UvOz7UyMrAwq8lIySwoKTM2MjSvKYyMci6ydAUAIVANmA%3d%3d&amp;xtra=test_parm",return)</favourite>
    <favourite name="Λογαριασμός σε χρήση --[COLORlime]hdiptv5733[/COLOR]--" thumb="C:\PortableApps\kodi\KODI TEST\Kodi\portable_data\addons\plugin.video.myiptv\resources\icons\account.png">ActivateWindow(10025,"plugin://plugin.video.myiptv/?description&amp;iconimage=C%3a%5cPortableApps%5ckodi%5cKODI%20TEST%5cKodi%5cportable_data%5caddons%5cplugin.video.myiptv%5cresources%5cicons%5caccount.png&amp;mode=acchome&amp;name=%ce%9b%ce%bf%ce%b3%ce%b1%cf%81%ce%b9%ce%b1%cf%83%ce%bc%cf%8c%cf%82%20%cf%83%ce%b5%20%cf%87%cf%81%ce%ae%cf%83%ce%b7%20--%5bCOLORlime%5dhdiptv5733%5b%2fCOLOR%5d--&amp;url=eJzLKCkpsNLXL0rNLDYz0UvOz7UyMrAwq8lIySwoKTM1Nzaucc0ssAwpzcurMAcATTUO8Q%3d%3d&amp;xtra=test_parm",return)</favourite>
    <favourite name="Λογαριασμός σε χρήση --[COLORlime]metpol6474bckm[/COLOR]--" thumb="C:\PortableApps\kodi\KODI TEST\Kodi\portable_data\addons\plugin.video.myiptv\resources\icons\account.png">ActivateWindow(10025,"plugin://plugin.video.myiptv/?description&amp;iconimage=C%3a%5cPortableApps%5ckodi%5cKODI%20TEST%5cKodi%5cportable_data%5caddons%5cplugin.video.myiptv%5cresources%5cicons%5caccount.png&amp;mode=acchome&amp;name=%ce%9b%ce%bf%ce%b3%ce%b1%cf%81%ce%b9%ce%b1%cf%83%ce%bc%cf%8c%cf%82%20%cf%83%ce%b5%20%cf%87%cf%81%ce%ae%cf%83%ce%b7%20--%5bCOLORlime%5dmetpol6474bckm%5b%2fCOLOR%5d--&amp;url=eJzLKCkpsNLXL0rNLDYz0UvOz7UyMrAwq8lNLSnIzzEzMTdJSs7OrTE1Skm2NM3INjIDAIpJD78%3d&amp;xtra=test_parm",return)</favourite>
    <favourite name="Λογαριασμός σε χρήση --[COLORlime]nesimisenburo[/COLOR]--" thumb="C:\PortableApps\kodi\KODI TEST\Kodi\portable_data\addons\plugin.video.myiptv\resources\icons\account.png">ActivateWindow(10025,"plugin://plugin.video.myiptv/?description&amp;iconimage=C%3a%5cPortableApps%5ckodi%5cKODI%20TEST%5cKodi%5cportable_data%5caddons%5cplugin.video.myiptv%5cresources%5cicons%5caccount.png&amp;mode=acchome&amp;name=%ce%9b%ce%bf%ce%b3%ce%b1%cf%81%ce%b9%ce%b1%cf%83%ce%bc%cf%8c%cf%82%20%cf%83%ce%b5%20%cf%87%cf%81%ce%ae%cf%83%ce%b7%20--%5bCOLORlime%5dnesimisenburo%5b%2fCOLOR%5d--&amp;url=eJzLKCkpsNLXL0rNLDYz0UvOz7UyMrAwq8lLLc7MzSxOzUsqLcqvCS72c80sMzUodgIAi08Qug%3d%3d&amp;xtra=test_parm",return)</favourite>
    <favourite name="Λογαριασμός σε χρήση --[COLORlime]rumeysahus643564[/COLOR]--" thumb="C:\PortableApps\kodi\KODI TEST\Kodi\portable_data\addons\plugin.video.myiptv\resources\icons\account.png">ActivateWindow(10025,"plugin://plugin.video.myiptv/?description&amp;iconimage=C%3a%5cPortableApps%5ckodi%5cKODI%20TEST%5cKodi%5cportable_data%5caddons%5cplugin.video.myiptv%5cresources%5cicons%5caccount.png&amp;mode=acchome&amp;name=%ce%9b%ce%bf%ce%b3%ce%b1%cf%81%ce%b9%ce%b1%cf%83%ce%bc%cf%8c%cf%82%20%cf%83%ce%b5%20%cf%87%cf%81%ce%ae%cf%83%ce%b7%20--%5bCOLORlime%5drumeysahus643564%5b%2fCOLOR%5d--&amp;url=eJzLKCkpsNLXL0rNLDYz0UvOz7UyMrAwqykqzU2tLE7MKAWKGpuamdSYpGVYmiZFuZQmAgCwOxC9&amp;xtra=test_parm",return)</favourite>
    <favourite name="Λογαριασμός σε χρήση --[COLORlime]sadettingulcicek2308[/COLOR]--" thumb="C:\PortableApps\kodi\KODI TEST\Kodi\portable_data\addons\plugin.video.myiptv\resources\icons\account.png">ActivateWindow(10025,"plugin://plugin.video.myiptv/?description&amp;iconimage=C%3a%5cPortableApps%5ckodi%5cKODI%20TEST%5cKodi%5cportable_data%5caddons%5cplugin.video.myiptv%5cresources%5cicons%5caccount.png&amp;mode=acchome&amp;name=%ce%9b%ce%bf%ce%b3%ce%b1%cf%81%ce%b9%ce%b1%cf%83%ce%bc%cf%8c%cf%82%20%cf%83%ce%b5%20%cf%87%cf%81%ce%ae%cf%83%ce%b7%20--%5bCOLORlime%5dsadettingulcicek2308%5b%2fCOLOR%5d--&amp;url=eJzLKCkpsNLXL0rNLDYz0UvOz7UyMrAwqylOTEktKcnMSy%2fNSc5MTs02MjawgAuaAgEALZAThQ%3d%3d&amp;xtra=test_parm",return)</favourite>
    <favourite name="zenlink.link - 00:1a:79:cb:b8:95" thumb="special://home/addons\plugin.program.downloader\resources\icons\iptv.png">ActivateWindow(10025,"plugin://plugin.program.downloader/?_id&amp;description&amp;episode_number&amp;fanart&amp;foldername&amp;icon=special://home/addons%5cplugin.program.downloader%5cresources%5cicons%5ciptv.png&amp;mediatype=video&amp;mode=mac_player_type&amp;name=zenlink.link%20-%2000%3a1a%3a79%3acb%3ab8%3a95&amp;name2&amp;page&amp;season_number&amp;url=%7b%22pserver%22%3a%20%22http%3a%2f%2fzenlink.link%2fc%2f%22%2c%20%22pmac%22%3a%20%2200%3a1a%3a79%3acb%3ab8%3a95%22%7d",return)</favourite>
    <favourite name="zenlink.link - 00:1a:79:b3:2e:b9" thumb="special://home/addons\plugin.program.downloader\resources\icons\iptv.png">ActivateWindow(10025,"plugin://plugin.program.downloader/?_id&amp;description&amp;episode_number&amp;fanart&amp;foldername&amp;icon=special://home/addons%5cplugin.program.downloader%5cresources%5cicons%5ciptv.png&amp;mediatype=video&amp;mode=mac_player_type&amp;name=zenlink.link%20-%2000%3a1a%3a79%3ab3%3a2e%3ab9&amp;name2&amp;page&amp;season_number&amp;url=%7b%22pserver%22%3a%20%22http%3a%2f%2fzenlink.link%2fc%2f%22%2c%20%22pmac%22%3a%20%2200%3a1a%3a79%3ab3%3a2e%3ab9%22%7d",return)</favourite>
    <favourite name="zenlink.link - 00:1a:79:b7:e6:89" thumb="special://home/addons\plugin.program.downloader\resources\icons\iptv.png">ActivateWindow(10025,"plugin://plugin.program.downloader/?_id&amp;description&amp;episode_number&amp;fanart&amp;foldername&amp;icon=special://home/addons%5cplugin.program.downloader%5cresources%5cicons%5ciptv.png&amp;mediatype=video&amp;mode=mac_player_type&amp;name=zenlink.link%20-%2000%3a1a%3a79%3ab7%3ae6%3a89&amp;name2&amp;page&amp;season_number&amp;url=%7b%22pserver%22%3a%20%22http%3a%2f%2fzenlink.link%2fc%2f%22%2c%20%22pmac%22%3a%20%2200%3a1a%3a79%3ab7%3ae6%3a89%22%7d",return)</favourite>
    <favourite name="zenlink.link - 00:1a:79:a9:ec:5e" thumb="special://home/addons\plugin.program.downloader\resources\icons\iptv.png">ActivateWindow(10025,"plugin://plugin.program.downloader/?_id&amp;description&amp;episode_number&amp;fanart&amp;foldername&amp;icon=special://home/addons%5cplugin.program.downloader%5cresources%5cicons%5ciptv.png&amp;mediatype=video&amp;mode=mac_player_type&amp;name=zenlink.link%20-%2000%3a1a%3a79%3aa9%3aec%3a5e&amp;name2&amp;page&amp;season_number&amp;url=%7b%22pserver%22%3a%20%22http%3a%2f%2fzenlink.link%2fc%2f%22%2c%20%22pmac%22%3a%20%2200%3a1a%3a79%3aa9%3aec%3a5e%22%7d",return)</favourite>
    <favourite name="zenlink.link - 00:1a:79:b6:51:de" thumb="special://home/addons\plugin.program.downloader\resources\icons\iptv.png">ActivateWindow(10025,"plugin://plugin.program.downloader/?_id&amp;description&amp;episode_number&amp;fanart&amp;foldername&amp;icon=special://home/addons%5cplugin.program.downloader%5cresources%5cicons%5ciptv.png&amp;mediatype=video&amp;mode=mac_player_type&amp;name=zenlink.link%20-%2000%3a1a%3a79%3ab6%3a51%3ade&amp;name2&amp;page&amp;season_number&amp;url=%7b%22pserver%22%3a%20%22http%3a%2f%2fzenlink.link%2fc%2f%22%2c%20%22pmac%22%3a%20%2200%3a1a%3a79%3ab6%3a51%3ade%22%7d",return)</favourite>
    <favourite name="zenlink.link - 00:1a:79:b9:f1:15" thumb="special://home/addons\plugin.program.downloader\resources\icons\iptv.png">ActivateWindow(10025,"plugin://plugin.program.downloader/?_id&amp;description&amp;episode_number&amp;fanart&amp;foldername&amp;icon=special://home/addons%5cplugin.program.downloader%5cresources%5cicons%5ciptv.png&amp;mediatype=video&amp;mode=mac_player_type&amp;name=zenlink.link%20-%2000%3a1a%3a79%3ab9%3af1%3a15&amp;name2&amp;page&amp;season_number&amp;url=%7b%22pserver%22%3a%20%22http%3a%2f%2fzenlink.link%2fc%2f%22%2c%20%22pmac%22%3a%20%2200%3a1a%3a79%3ab9%3af1%3a15%22%7d",return)</favourite>
    <favourite name="zenlink.link - 00:1a:79:ba:0e:70" thumb="special://home/addons\plugin.program.downloader\resources\icons\iptv.png">ActivateWindow(10025,"plugin://plugin.program.downloader/?_id&amp;description&amp;episode_number&amp;fanart&amp;foldername&amp;icon=special://home/addons%5cplugin.program.downloader%5cresources%5cicons%5ciptv.png&amp;mediatype=video&amp;mode=mac_player_type&amp;name=zenlink.link%20-%2000%3a1a%3a79%3aba%3a0e%3a70&amp;name2&amp;page&amp;season_number&amp;url=%7b%22pserver%22%3a%20%22http%3a%2f%2fzenlink.link%2fc%2f%22%2c%20%22pmac%22%3a%20%2200%3a1a%3a79%3aba%3a0e%3a70%22%7d",return)</favourite>
    <favourite name="zenlink.link - 00:1a:79:b4:e1:27" thumb="special://home/addons\plugin.program.downloader\resources\icons\iptv.png">ActivateWindow(10025,"plugin://plugin.program.downloader/?_id&amp;description&amp;episode_number&amp;fanart&amp;foldername&amp;icon=special://home/addons%5cplugin.program.downloader%5cresources%5cicons%5ciptv.png&amp;mediatype=video&amp;mode=mac_player_type&amp;name=zenlink.link%20-%2000%3a1a%3a79%3ab4%3ae1%3a27&amp;name2&amp;page&amp;season_number&amp;url=%7b%22pserver%22%3a%20%22http%3a%2f%2fzenlink.link%2fc%2f%22%2c%20%22pmac%22%3a%20%2200%3a1a%3a79%3ab4%3ae1%3a27%22%7d",return)</favourite>
    <favourite name="zenlink.link - 00:1a:79:a9:22:da" thumb="special://home/addons\plugin.program.downloader\resources\icons\iptv.png">ActivateWindow(10025,"plugin://plugin.program.downloader/?_id&amp;description&amp;episode_number&amp;fanart&amp;foldername&amp;icon=special://home/addons%5cplugin.program.downloader%5cresources%5cicons%5ciptv.png&amp;mediatype=video&amp;mode=mac_player_type&amp;name=zenlink.link%20-%2000%3a1a%3a79%3aa9%3a22%3ada&amp;name2&amp;page&amp;season_number&amp;url=%7b%22pserver%22%3a%20%22http%3a%2f%2fzenlink.link%2fc%2f%22%2c%20%22pmac%22%3a%20%2200%3a1a%3a79%3aa9%3a22%3ada%22%7d",return)</favourite>
    <favourite name="zenlink.link - 00:1a:79:ae:e0:b1" thumb="special://home/addons\plugin.program.downloader\resources\icons\iptv.png">ActivateWindow(10025,"plugin://plugin.program.downloader/?_id&amp;description&amp;episode_number&amp;fanart&amp;foldername&amp;icon=special://home/addons%5cplugin.program.downloader%5cresources%5cicons%5ciptv.png&amp;mediatype=video&amp;mode=mac_player_type&amp;name=zenlink.link%20-%2000%3a1a%3a79%3aae%3ae0%3ab1&amp;name2&amp;page&amp;season_number&amp;url=%7b%22pserver%22%3a%20%22http%3a%2f%2fzenlink.link%2fc%2f%22%2c%20%22pmac%22%3a%20%2200%3a1a%3a79%3aae%3ae0%3ab1%22%7d",return)</favourite>
</favourites>
