<favourites>
    <favourite name="[COLOR orange]Home[/COLOR]" thumb="https://cdn-icons-png.flaticon.com/512/6717/6717248.png">ActivateWindow(Home)</favourite>
    <favourite name="Ζωντανά Κανάλια (Ελληνικά/Κυπριακά)" thumb="https://raw.githubusercontent.com/thecrewwh/zips/master/matrix/_zip/plugin.video.daddylive/icon.png">ActivateWindow(10025,"plugin://plugin.video.microjen/daddylive?mode=menu&amp;serv_type=live_greek",return)</favourite>
    <favourite name="[B][COLORdodgerblue]IPTV 1 GR[/COLOR][/B]" thumb="https://img.freepik.com/premium-vector/iptv-badge-icon-logo-illustration_100456-1447.jpg">ActivateWindow(10025,"plugin://plugin.video.microjen/get_list/m3ucat|eJzLKCkpsNLXLynTyywoKcvOzEsHM/RK8/L101NL9AoyCuxLi1OL8hJzU22DHEN9KiIi0tQKEouLy/OLUmwtc/wjzBwNLU3USioLUm1zjUvjC3JKiwFptB9l|Live: Greece",return)</favourite>
    <favourite name="[B][COLORdodgerblue]IPTV 2 GR[/COLOR][/B]" thumb="https://avatars3.githubusercontent.com/u/12797438">PlayMedia("plugin://plugin.video.microjen/run_plug/plugin.video.f4mTester%2F%3Fmode%3Dplaylist2%26amp%3Bname%3DLive%3A+Greece%26amp%3Burl%3Dhttp%253A%252F%252Ftv.iptvking.iptv.uno%252Fget.php%253Fusername%253DRAULxXXf%2526password%253D9lOX6A194%2526type%253Dm3u_plus")</favourite>
    <favourite name="reis64.com:2086/MalteZP8754/WEbAp6XsKz" thumb="C:\PortableApps\kodi\KODI TEST\Kodi\portable_data\addons\plugin.program.downloader\resources\icons\xcodes.jpg">PlayMedia("plugin://plugin.program.downloader/?name=reis64.com%3A2086%2FMalteZP8754%2FWEbAp6XsKz&amp;url=%7B%22path%22%3A+%22Container.update%28plugin%3A%2F%2Fplugin.video.myiptv%2F%3Fmode%3Dset_acc%26url%3Dhttp%253A%252F%252Freis64.com%253A2086%252Fget.php%253Fusername%253DMalteZP8754%2526password%253DWEbAp6XsKz%2526type%253Dm3u%29%22%7D&amp;mode=xbmcexecute&amp;icon=C%3A%5CPortableApps%5Ckodi%5CKODI+TEST%5CKodi%5Cportable_data%5Caddons%5Cplugin.program.downloader%5Cresources%5Cicons%5Cxcodes.jpg&amp;fanart=&amp;description=&amp;name2=&amp;page=&amp;foldername=&amp;mediatype=video&amp;_id=&amp;season_number=&amp;episode_number=")</favourite>
    <favourite name="reis64.com:2086/askerhasan/281120233" thumb="C:\PortableApps\kodi\KODI TEST\Kodi\portable_data\addons\plugin.program.downloader\resources\icons\xcodes.jpg">PlayMedia("plugin://plugin.program.downloader/?name=reis64.com%3A2086%2Faskerhasan%2F281120233&amp;url=%7B%22path%22%3A+%22Container.update%28plugin%3A%2F%2Fplugin.video.myiptv%2F%3Fmode%3Dset_acc%26url%3Dhttp%253A%252F%252Freis64.com%253A2086%252Fget.php%253Fusername%253Daskerhasan%2526password%253D281120233%2526type%253Dm3u%29%22%7D&amp;mode=xbmcexecute&amp;icon=C%3A%5CPortableApps%5Ckodi%5CKODI+TEST%5CKodi%5Cportable_data%5Caddons%5Cplugin.program.downloader%5Cresources%5Cicons%5Cxcodes.jpg&amp;fanart=&amp;description=&amp;name2=&amp;page=&amp;foldername=&amp;mediatype=video&amp;_id=&amp;season_number=&amp;episode_number=")</favourite>
    <favourite name="reis64.com:2086/besdeesstemebnda/c3w3S8X" thumb="C:\PortableApps\kodi\KODI TEST\Kodi\portable_data\addons\plugin.program.downloader\resources\icons\xcodes.jpg">PlayMedia("plugin://plugin.program.downloader/?name=reis64.com%3A2086%2Fbesdeesstemebnda%2Fc3w3S8X&amp;url=%7B%22path%22%3A+%22Container.update%28plugin%3A%2F%2Fplugin.video.myiptv%2F%3Fmode%3Dset_acc%26url%3Dhttp%253A%252F%252Freis64.com%253A2086%252Fget.php%253Fusername%253Dbesdeesstemebnda%2526password%253Dc3w3S8X%2526type%253Dm3u%29%22%7D&amp;mode=xbmcexecute&amp;icon=C%3A%5CPortableApps%5Ckodi%5CKODI+TEST%5CKodi%5Cportable_data%5Caddons%5Cplugin.program.downloader%5Cresources%5Cicons%5Cxcodes.jpg&amp;fanart=&amp;description=&amp;name2=&amp;page=&amp;foldername=&amp;mediatype=video&amp;_id=&amp;season_number=&amp;episode_number=")</favourite>
    <favourite name="reis64.com:2086/cenkulubay/d46Ixn46kn" thumb="C:\PortableApps\kodi\KODI TEST\Kodi\portable_data\addons\plugin.program.downloader\resources\icons\xcodes.jpg">PlayMedia("plugin://plugin.program.downloader/?name=reis64.com%3A2086%2Fcenkulubay%2Fd46Ixn46kn&amp;url=%7B%22path%22%3A+%22Container.update%28plugin%3A%2F%2Fplugin.video.myiptv%2F%3Fmode%3Dset_acc%26url%3Dhttp%253A%252F%252Freis64.com%253A2086%252Fget.php%253Fusername%253Dcenkulubay%2526password%253Dd46Ixn46kn%2526type%253Dm3u%29%22%7D&amp;mode=xbmcexecute&amp;icon=C%3A%5CPortableApps%5Ckodi%5CKODI+TEST%5CKodi%5Cportable_data%5Caddons%5Cplugin.program.downloader%5Cresources%5Cicons%5Cxcodes.jpg&amp;fanart=&amp;description=&amp;name2=&amp;page=&amp;foldername=&amp;mediatype=video&amp;_id=&amp;season_number=&amp;episode_number=")</favourite>
    <favourite name="reis64.com:2086/ersinmedik2904/hnnPsD9qki" thumb="C:\PortableApps\kodi\KODI TEST\Kodi\portable_data\addons\plugin.program.downloader\resources\icons\xcodes.jpg">PlayMedia("plugin://plugin.program.downloader/?name=reis64.com%3A2086%2Fersinmedik2904%2FhnnPsD9qki&amp;url=%7B%22path%22%3A+%22Container.update%28plugin%3A%2F%2Fplugin.video.myiptv%2F%3Fmode%3Dset_acc%26url%3Dhttp%253A%252F%252Freis64.com%253A2086%252Fget.php%253Fusername%253Dersinmedik2904%2526password%253DhnnPsD9qki%2526type%253Dm3u%29%22%7D&amp;mode=xbmcexecute&amp;icon=C%3A%5CPortableApps%5Ckodi%5CKODI+TEST%5CKodi%5Cportable_data%5Caddons%5Cplugin.program.downloader%5Cresources%5Cicons%5Cxcodes.jpg&amp;fanart=&amp;description=&amp;name2=&amp;page=&amp;foldername=&amp;mediatype=video&amp;_id=&amp;season_number=&amp;episode_number=")</favourite>
    <favourite name="reis64.com:2086/habibisik/210920200" thumb="C:\PortableApps\kodi\KODI TEST\Kodi\portable_data\addons\plugin.program.downloader\resources\icons\xcodes.jpg">PlayMedia("plugin://plugin.program.downloader/?name=reis64.com%3A2086%2Fhabibisik%2F210920200&amp;url=%7B%22path%22%3A+%22Container.update%28plugin%3A%2F%2Fplugin.video.myiptv%2F%3Fmode%3Dset_acc%26url%3Dhttp%253A%252F%252Freis64.com%253A2086%252Fget.php%253Fusername%253Dhabibisik%2526password%253D210920200%2526type%253Dm3u%29%22%7D&amp;mode=xbmcexecute&amp;icon=C%3A%5CPortableApps%5Ckodi%5CKODI+TEST%5CKodi%5Cportable_data%5Caddons%5Cplugin.program.downloader%5Cresources%5Cicons%5Cxcodes.jpg&amp;fanart=&amp;description=&amp;name2=&amp;page=&amp;foldername=&amp;mediatype=video&amp;_id=&amp;season_number=&amp;episode_number=")</favourite>
    <favourite name="reis64.com:2086/hdiptv2639/t3jd5rY" thumb="C:\PortableApps\kodi\KODI TEST\Kodi\portable_data\addons\plugin.program.downloader\resources\icons\xcodes.jpg">PlayMedia("plugin://plugin.program.downloader/?name=reis64.com%3A2086%2Fhdiptv2639%2Ft3jd5rY&amp;url=%7B%22path%22%3A+%22Container.update%28plugin%3A%2F%2Fplugin.video.myiptv%2F%3Fmode%3Dset_acc%26url%3Dhttp%253A%252F%252Freis64.com%253A2086%252Fget.php%253Fusername%253Dhdiptv2639%2526password%253Dt3jd5rY%2526type%253Dm3u%29%22%7D&amp;mode=xbmcexecute&amp;icon=C%3A%5CPortableApps%5Ckodi%5CKODI+TEST%5CKodi%5Cportable_data%5Caddons%5Cplugin.program.downloader%5Cresources%5Cicons%5Cxcodes.jpg&amp;fanart=&amp;description=&amp;name2=&amp;page=&amp;foldername=&amp;mediatype=video&amp;_id=&amp;season_number=&amp;episode_number=")</favourite>
    <favourite name="reis64.com:2086/hdiptv3217/qYZCr9E" thumb="C:\PortableApps\kodi\KODI TEST\Kodi\portable_data\addons\plugin.program.downloader\resources\icons\xcodes.jpg">PlayMedia("plugin://plugin.program.downloader/?name=reis64.com%3A2086%2Fhdiptv3217%2FqYZCr9E&amp;url=%7B%22path%22%3A+%22Container.update%28plugin%3A%2F%2Fplugin.video.myiptv%2F%3Fmode%3Dset_acc%26url%3Dhttp%253A%252F%252Freis64.com%253A2086%252Fget.php%253Fusername%253Dhdiptv3217%2526password%253DqYZCr9E%2526type%253Dm3u%29%22%7D&amp;mode=xbmcexecute&amp;icon=C%3A%5CPortableApps%5Ckodi%5CKODI+TEST%5CKodi%5Cportable_data%5Caddons%5Cplugin.program.downloader%5Cresources%5Cicons%5Cxcodes.jpg&amp;fanart=&amp;description=&amp;name2=&amp;page=&amp;foldername=&amp;mediatype=video&amp;_id=&amp;season_number=&amp;episode_number=")</favourite>
    <favourite name="reis64.com:2086/hdiptv5733/Eip9Tunnx7" thumb="C:\PortableApps\kodi\KODI TEST\Kodi\portable_data\addons\plugin.program.downloader\resources\icons\xcodes.jpg">PlayMedia("plugin://plugin.program.downloader/?name=reis64.com%3A2086%2Fhdiptv5733%2FEip9Tunnx7&amp;url=%7B%22path%22%3A+%22Container.update%28plugin%3A%2F%2Fplugin.video.myiptv%2F%3Fmode%3Dset_acc%26url%3Dhttp%253A%252F%252Freis64.com%253A2086%252Fget.php%253Fusername%253Dhdiptv5733%2526password%253DEip9Tunnx7%2526type%253Dm3u%29%22%7D&amp;mode=xbmcexecute&amp;icon=C%3A%5CPortableApps%5Ckodi%5CKODI+TEST%5CKodi%5Cportable_data%5Caddons%5Cplugin.program.downloader%5Cresources%5Cicons%5Cxcodes.jpg&amp;fanart=&amp;description=&amp;name2=&amp;page=&amp;foldername=&amp;mediatype=video&amp;_id=&amp;season_number=&amp;episode_number=")</favourite>
    <favourite name="reis64.com:2086/metpol6474bckm/52dc95hk26" thumb="C:\PortableApps\kodi\KODI TEST\Kodi\portable_data\addons\plugin.program.downloader\resources\icons\xcodes.jpg">PlayMedia("plugin://plugin.program.downloader/?name=reis64.com%3A2086%2Fmetpol6474bckm%2F52dc95hk26&amp;url=%7B%22path%22%3A+%22Container.update%28plugin%3A%2F%2Fplugin.video.myiptv%2F%3Fmode%3Dset_acc%26url%3Dhttp%253A%252F%252Freis64.com%253A2086%252Fget.php%253Fusername%253Dmetpol6474bckm%2526password%253D52dc95hk26%2526type%253Dm3u%29%22%7D&amp;mode=xbmcexecute&amp;icon=C%3A%5CPortableApps%5Ckodi%5CKODI+TEST%5CKodi%5Cportable_data%5Caddons%5Cplugin.program.downloader%5Cresources%5Cicons%5Cxcodes.jpg&amp;fanart=&amp;description=&amp;name2=&amp;page=&amp;foldername=&amp;mediatype=video&amp;_id=&amp;season_number=&amp;episode_number=")</favourite>
    <favourite name="reis64.com:2086/nesimisenburo/SsNEiv50sB" thumb="C:\PortableApps\kodi\KODI TEST\Kodi\portable_data\addons\plugin.program.downloader\resources\icons\xcodes.jpg">PlayMedia("plugin://plugin.program.downloader/?name=reis64.com%3A2086%2Fnesimisenburo%2FSsNEiv50sB&amp;url=%7B%22path%22%3A+%22Container.update%28plugin%3A%2F%2Fplugin.video.myiptv%2F%3Fmode%3Dset_acc%26url%3Dhttp%253A%252F%252Freis64.com%253A2086%252Fget.php%253Fusername%253Dnesimisenburo%2526password%253DSsNEiv50sB%2526type%253Dm3u%29%22%7D&amp;mode=xbmcexecute&amp;icon=C%3A%5CPortableApps%5Ckodi%5CKODI+TEST%5CKodi%5Cportable_data%5Caddons%5Cplugin.program.downloader%5Cresources%5Cicons%5Cxcodes.jpg&amp;fanart=&amp;description=&amp;name2=&amp;page=&amp;foldername=&amp;mediatype=video&amp;_id=&amp;season_number=&amp;episode_number=")</favourite>
    <favourite name="reis64.com:2086/rumeysahus643564/4fh95bZDua" thumb="C:\PortableApps\kodi\KODI TEST\Kodi\portable_data\addons\plugin.program.downloader\resources\icons\xcodes.jpg">PlayMedia("plugin://plugin.program.downloader/?name=reis64.com%3A2086%2Frumeysahus643564%2F4fh95bZDua&amp;url=%7B%22path%22%3A+%22Container.update%28plugin%3A%2F%2Fplugin.video.myiptv%2F%3Fmode%3Dset_acc%26url%3Dhttp%253A%252F%252Freis64.com%253A2086%252Fget.php%253Fusername%253Drumeysahus643564%2526password%253D4fh95bZDua%2526type%253Dm3u%29%22%7D&amp;mode=xbmcexecute&amp;icon=C%3A%5CPortableApps%5Ckodi%5CKODI+TEST%5CKodi%5Cportable_data%5Caddons%5Cplugin.program.downloader%5Cresources%5Cicons%5Cxcodes.jpg&amp;fanart=&amp;description=&amp;name2=&amp;page=&amp;foldername=&amp;mediatype=video&amp;_id=&amp;season_number=&amp;episode_number=")</favourite>
    <favourite name="reis64.com:2086/sadettingulcicek2308/sadettin5555" thumb="C:\PortableApps\kodi\KODI TEST\Kodi\portable_data\addons\plugin.program.downloader\resources\icons\xcodes.jpg">PlayMedia("plugin://plugin.program.downloader/?name=reis64.com%3A2086%2Fsadettingulcicek2308%2Fsadettin5555&amp;url=%7B%22path%22%3A+%22Container.update%28plugin%3A%2F%2Fplugin.video.myiptv%2F%3Fmode%3Dset_acc%26url%3Dhttp%253A%252F%252Freis64.com%253A2086%252Fget.php%253Fusername%253Dsadettingulcicek2308%2526password%253Dsadettin5555%2526type%253Dm3u%29%22%7D&amp;mode=xbmcexecute&amp;icon=C%3A%5CPortableApps%5Ckodi%5CKODI+TEST%5CKodi%5Cportable_data%5Caddons%5Cplugin.program.downloader%5Cresources%5Cicons%5Cxcodes.jpg&amp;fanart=&amp;description=&amp;name2=&amp;page=&amp;foldername=&amp;mediatype=video&amp;_id=&amp;season_number=&amp;episode_number=")</favourite>
    <favourite name="zenlink.link - 00:1a:79:cb:b8:95" thumb="special://home/addons\plugin.program.downloader\resources\icons\iptv.png">ActivateWindow(10025,"plugin://plugin.program.downloader/?_id&amp;description&amp;episode_number&amp;fanart&amp;foldername&amp;icon=special://home/addons%5cplugin.program.downloader%5cresources%5cicons%5ciptv.png&amp;mediatype=video&amp;mode=mac_player_type&amp;name=zenlink.link%20-%2000%3a1a%3a79%3acb%3ab8%3a95&amp;name2&amp;page&amp;season_number&amp;url=%7b%22pserver%22%3a%20%22http%3a%2f%2fzenlink.link%2fc%2f%22%2c%20%22pmac%22%3a%20%2200%3a1a%3a79%3acb%3ab8%3a95%22%7d",return)</favourite>
    <favourite name="zenlink.link - 00:1a:79:b3:2e:b9" thumb="special://home/addons\plugin.program.downloader\resources\icons\iptv.png">ActivateWindow(10025,"plugin://plugin.program.downloader/?_id&amp;description&amp;episode_number&amp;fanart&amp;foldername&amp;icon=special://home/addons%5cplugin.program.downloader%5cresources%5cicons%5ciptv.png&amp;mediatype=video&amp;mode=mac_player_type&amp;name=zenlink.link%20-%2000%3a1a%3a79%3ab3%3a2e%3ab9&amp;name2&amp;page&amp;season_number&amp;url=%7b%22pserver%22%3a%20%22http%3a%2f%2fzenlink.link%2fc%2f%22%2c%20%22pmac%22%3a%20%2200%3a1a%3a79%3ab3%3a2e%3ab9%22%7d",return)</favourite>
    <favourite name="zenlink.link - 00:1a:79:b7:e6:89" thumb="special://home/addons\plugin.program.downloader\resources\icons\iptv.png">ActivateWindow(10025,"plugin://plugin.program.downloader/?_id&amp;description&amp;episode_number&amp;fanart&amp;foldername&amp;icon=special://home/addons%5cplugin.program.downloader%5cresources%5cicons%5ciptv.png&amp;mediatype=video&amp;mode=mac_player_type&amp;name=zenlink.link%20-%2000%3a1a%3a79%3ab7%3ae6%3a89&amp;name2&amp;page&amp;season_number&amp;url=%7b%22pserver%22%3a%20%22http%3a%2f%2fzenlink.link%2fc%2f%22%2c%20%22pmac%22%3a%20%2200%3a1a%3a79%3ab7%3ae6%3a89%22%7d",return)</favourite>
    <favourite name="zenlink.link - 00:1a:79:a9:ec:5e" thumb="special://home/addons\plugin.program.downloader\resources\icons\iptv.png">ActivateWindow(10025,"plugin://plugin.program.downloader/?_id&amp;description&amp;episode_number&amp;fanart&amp;foldername&amp;icon=special://home/addons%5cplugin.program.downloader%5cresources%5cicons%5ciptv.png&amp;mediatype=video&amp;mode=mac_player_type&amp;name=zenlink.link%20-%2000%3a1a%3a79%3aa9%3aec%3a5e&amp;name2&amp;page&amp;season_number&amp;url=%7b%22pserver%22%3a%20%22http%3a%2f%2fzenlink.link%2fc%2f%22%2c%20%22pmac%22%3a%20%2200%3a1a%3a79%3aa9%3aec%3a5e%22%7d",return)</favourite>
    <favourite name="zenlink.link - 00:1a:79:b6:51:de" thumb="special://home/addons\plugin.program.downloader\resources\icons\iptv.png">ActivateWindow(10025,"plugin://plugin.program.downloader/?_id&amp;description&amp;episode_number&amp;fanart&amp;foldername&amp;icon=special://home/addons%5cplugin.program.downloader%5cresources%5cicons%5ciptv.png&amp;mediatype=video&amp;mode=mac_player_type&amp;name=zenlink.link%20-%2000%3a1a%3a79%3ab6%3a51%3ade&amp;name2&amp;page&amp;season_number&amp;url=%7b%22pserver%22%3a%20%22http%3a%2f%2fzenlink.link%2fc%2f%22%2c%20%22pmac%22%3a%20%2200%3a1a%3a79%3ab6%3a51%3ade%22%7d",return)</favourite>
    <favourite name="zenlink.link - 00:1a:79:b9:f1:15" thumb="special://home/addons\plugin.program.downloader\resources\icons\iptv.png">ActivateWindow(10025,"plugin://plugin.program.downloader/?_id&amp;description&amp;episode_number&amp;fanart&amp;foldername&amp;icon=special://home/addons%5cplugin.program.downloader%5cresources%5cicons%5ciptv.png&amp;mediatype=video&amp;mode=mac_player_type&amp;name=zenlink.link%20-%2000%3a1a%3a79%3ab9%3af1%3a15&amp;name2&amp;page&amp;season_number&amp;url=%7b%22pserver%22%3a%20%22http%3a%2f%2fzenlink.link%2fc%2f%22%2c%20%22pmac%22%3a%20%2200%3a1a%3a79%3ab9%3af1%3a15%22%7d",return)</favourite>
    <favourite name="zenlink.link - 00:1a:79:ba:0e:70" thumb="special://home/addons\plugin.program.downloader\resources\icons\iptv.png">ActivateWindow(10025,"plugin://plugin.program.downloader/?_id&amp;description&amp;episode_number&amp;fanart&amp;foldername&amp;icon=special://home/addons%5cplugin.program.downloader%5cresources%5cicons%5ciptv.png&amp;mediatype=video&amp;mode=mac_player_type&amp;name=zenlink.link%20-%2000%3a1a%3a79%3aba%3a0e%3a70&amp;name2&amp;page&amp;season_number&amp;url=%7b%22pserver%22%3a%20%22http%3a%2f%2fzenlink.link%2fc%2f%22%2c%20%22pmac%22%3a%20%2200%3a1a%3a79%3aba%3a0e%3a70%22%7d",return)</favourite>
    <favourite name="zenlink.link - 00:1a:79:b4:e1:27" thumb="special://home/addons\plugin.program.downloader\resources\icons\iptv.png">ActivateWindow(10025,"plugin://plugin.program.downloader/?_id&amp;description&amp;episode_number&amp;fanart&amp;foldername&amp;icon=special://home/addons%5cplugin.program.downloader%5cresources%5cicons%5ciptv.png&amp;mediatype=video&amp;mode=mac_player_type&amp;name=zenlink.link%20-%2000%3a1a%3a79%3ab4%3ae1%3a27&amp;name2&amp;page&amp;season_number&amp;url=%7b%22pserver%22%3a%20%22http%3a%2f%2fzenlink.link%2fc%2f%22%2c%20%22pmac%22%3a%20%2200%3a1a%3a79%3ab4%3ae1%3a27%22%7d",return)</favourite>
    <favourite name="zenlink.link - 00:1a:79:a9:22:da" thumb="special://home/addons\plugin.program.downloader\resources\icons\iptv.png">ActivateWindow(10025,"plugin://plugin.program.downloader/?_id&amp;description&amp;episode_number&amp;fanart&amp;foldername&amp;icon=special://home/addons%5cplugin.program.downloader%5cresources%5cicons%5ciptv.png&amp;mediatype=video&amp;mode=mac_player_type&amp;name=zenlink.link%20-%2000%3a1a%3a79%3aa9%3a22%3ada&amp;name2&amp;page&amp;season_number&amp;url=%7b%22pserver%22%3a%20%22http%3a%2f%2fzenlink.link%2fc%2f%22%2c%20%22pmac%22%3a%20%2200%3a1a%3a79%3aa9%3a22%3ada%22%7d",return)</favourite>
    <favourite name="zenlink.link - 00:1a:79:ae:e0:b1" thumb="special://home/addons\plugin.program.downloader\resources\icons\iptv.png">ActivateWindow(10025,"plugin://plugin.program.downloader/?_id&amp;description&amp;episode_number&amp;fanart&amp;foldername&amp;icon=special://home/addons%5cplugin.program.downloader%5cresources%5cicons%5ciptv.png&amp;mediatype=video&amp;mode=mac_player_type&amp;name=zenlink.link%20-%2000%3a1a%3a79%3aae%3ae0%3ab1&amp;name2&amp;page&amp;season_number&amp;url=%7b%22pserver%22%3a%20%22http%3a%2f%2fzenlink.link%2fc%2f%22%2c%20%22pmac%22%3a%20%2200%3a1a%3a79%3aae%3ae0%3ab1%22%7d",return)</favourite>
</favourites>
