<?xml version="1.0" encoding="utf-8"?>
<window type="dialog" id="5002">
	
	<defaultcontrol>450</defaultcontrol>
    <coordinates>
        <left>258</left>
        <top>112</top>
    </coordinates>
    <include>dialogeffect</include>
    <depth>DepthDialog+</depth>
    <controls>
        <control type="group">
            <animation effect="slide" start="0,0" end="0,69" time="0" condition="!Integer.IsGreater(Container(450).NumItems,4)">Conditional</animation>
            <animation effect="slide" start="0,0" end="0,69" time="0" condition="!Integer.IsGreater(Container(450).NumItems,6)">Conditional</animation>
                    <control type="image">
                        <left>0</left>
                        <top>0</top>
                        <width>1400</width>
                        <height>890</height>
                        <texture>dialogback.png</texture>
                        <aspectratio></aspectratio>
                        <visible></visible>
                <visible>Integer.IsGreater(Container(450).NumItems,4)</visible>
                        <bordertexture border="3">dialogcontextmenu2.png</bordertexture>
                        <bordersize>2</bordersize>
                    </control>
                    <control type="image---">
                        <left>0</left>
                        <top>0</top>
                        <width>1400</width>
                        <height>411</height>
                        <texture>dialogback.png</texture>
                        <aspectratio></aspectratio>
                        <visible></visible>
                <visible>!Integer.IsGreater(Container(450).NumItems,4)</visible>
                        <bordertexture border="3">dialogcontextmenu2.png</bordertexture>
                        <bordersize>2</bordersize>
                    </control>
                    <control type="image">
                        <left>922</left>
                        <top>300</top>
                        <width>400</width>
                        <height>300</height>
                        <texture>special://home/addons\plugin.program.G.K.N.Wizard\resources\art\maintenance.png</texture>
                        <aspectratio>keep</aspectratio>
                        <visible>Integer.IsGreater(Container(450).NumItems,4)</visible>
                <visible>Control.HasFocus(8)</visible>
                        <bordertexture border="3">black-back2.png</bordertexture>
                        <bordersize>2</bordersize>
                    </control>
                    <control type="image">
                        <left>922</left>
                        <top>300</top>
                        <width>400</width>
                        <height>300</height>
                        <texture>special://home/addons\plugin.program.downloader19\icon.gif</texture>
                        <aspectratio>keep</aspectratio>
                        <visible>Integer.IsGreater(Container(450).NumItems,4)</visible>
                <visible>Control.HasFocus(9)</visible>
                        <bordertexture border="3">black-back2.png</bordertexture>
                        <bordersize>2</bordersize>
                    </control>
                    <control type="image">
                        <left>922</left>
                        <top>300</top>
                        <width>400</width>
                        <height>300</height>
                        <texture>$INFO[Listitem.Icon]</texture>
                        <aspectratio>keep</aspectratio>
                        <visible>Integer.IsGreater(Container(450).NumItems,4)</visible>
                <visible></visible>
                        <bordertexture border="3">black-back2.png</bordertexture>
                        <bordersize>2</bordersize>
                    </control>
            <control type="image0">
                <description>background image</description>
                <left>0</left>
                <top>0</top>
                <width>900</width>
                <height>900</height>
                <texture border="40">$VAR[SelectBack]</texture>
                <visible></visible>
                <visible>Integer.IsGreater(Container(450).NumItems,4)</visible>
            </control>
            <control type="image0">
                <description>background image</description>
                <left>0</left>
                <top>0</top>
                <width>900</width>
                <height>411</height>
                <texture border="40">$VAR[SelectBack]</texture>
                <visible>!Integer.IsGreater(Container(450).NumItems,4)</visible>
            </control>
            <control type="image">
                <description>Dialog Header image</description>
                <left>60</left>
                <top>24</top>
                <width>900</width>
                <height>60</height>
                <texture>$VAR[DialogPath]dialogheader.png</texture>
            </control>
            <control type="label" id="1">
                <description>header label</description>
                <left>0</left>
                <top>30</top>
                <width>1155</width>
                <height>45</height>
                <font>font13_title</font>
                <label>Tools</label>
                <align>center</align>
                <aligny>center</aligny>
                <textcolor>selected</textcolor>
                <shadowcolor>black</shadowcolor>
            </control>
            <control type="button--"id="4450">
                <description>Close Window button</description>
                <left>800</left>
                <top>24</top>
                <onclick>PreviousMenu</onclick>
                <include>DialogCloseButton</include>
                <onleft>450</onleft>
                <onright>450</onright>
                <onup>450</onup>
                <ondown>450</ondown>
            </control>
            <control type="list" id="450">
                <left>40</left>
                <top>100</top>
                <width>825</width>
                <height>760</height>
                <onup>450</onup>
                <ondown>450</ondown>
                <onleft>7</onleft>
                <onright>61</onright>
                <pagecontrol>61</pagecontrol>
                <scrolltime>200</scrolltime>
                <itemlayout height="69" width="825">
                    <control type="image">
                        <left>0</left>
                        <top>0</top>
                        <width>825</width>
                        <height>60</height>
                        <texture border="5">button-nofocus.png</texture>
                    </control>
                    <control type="label">
                        <left>65</left>
                        <top>0</top>
                        <width>765</width>
                        <height>60</height>
                        <font>font13</font>
                        <textcolor>grey2</textcolor>
                        <selectedcolor>selected</selectedcolor>
                        <align>left</align>
                        <aligny>center</aligny>
                        <label>$INFO[ListItem.Label]</label>
                    </control>
                </itemlayout>
                <focusedlayout height="69" width="825">
                    <control type="image">
                        <left>3</left>
                        <top>0</top>
                        <width>60</width>
                        <height>60</height>
                        <texture>$INFO[Listitem.Icon]</texture>
                        <aspectratio>keep</aspectratio>
                        <bordertexture border="3">black-back2.png</bordertexture>
                        <bordersize>2</bordersize>
                    </control>
                    <control type="image">
                        <left>0</left>
                        <top>0</top>
                        <width>825</width>
                        <height>60</height>
                        <texture border="5">button-nofocus.png</texture>
                        <visible>!Control.HasFocus(450)</visible>
                        <include>VisibleFadeEffect</include>
                    </control>
                    <control type="image">
                        <left>0</left>
                        <top>0</top>
                        <width>825</width>
                        <height>60</height>
                        <texture border="5" colordiffuse="$VAR[MainColorOne]">$VAR[SelectButton2]</texture>
                        <visible>Control.HasFocus(450)</visible>
                        <include>VisibleFadeEffect</include>
                    </control>
                    <control type="label">
                        <left>65</left>
                        <top>0</top>
                        <width>765</width>
                        <height>60</height>
                        <font>font13</font>
                        <textcolor>white</textcolor>
                        <selectedcolor>selected</selectedcolor>
                        <align>left</align>
                        <aligny>center</aligny>
                        <label>$INFO[ListItem.Label]</label>
                    </control>
                </focusedlayout>
                <content>			
				<item>
					<label>[COLOR dodgerblue]Reload Skin[/COLOR]</label>
                                              <icon>special://home/addons\plugin.program.G.K.N.Wizard\resources\art\maintenance.png</icon>
                        <onclick>Dialog.Close(all,true)</onclick>
					<onclick>PlayMedia("plugin://plugin.program.G.K.N.Wizard/?mode=forceskin")</onclick>					
				</item>
				<item>
					<label>[COLOR dodgerblue]Convert Paths to special[/COLOR]</label>
                                              <icon>special://home/addons\plugin.program.G.K.N.Wizard\resources\art\maintenance.png</icon>
                        <onclick>Dialog.Close(all,true)</onclick>
					<onclick>PlayMedia("plugin://plugin.program.G.K.N.Wizard/?mode=convertpath")</onclick>					
				</item>
				<item>
					<label>[COLOR dodgerblue]Total Clean Up[/COLOR]</label>
                                              <icon>special://home/addons\plugin.program.G.K.N.Wizard\resources\art\maintenance.png</icon>
                        <onclick>Dialog.Close(all,true)</onclick>
					<onclick>PlayMedia("plugin://plugin.program.G.K.N.Wizard/?mode=fullclean")</onclick>
				</item>
				<item>
					<label>[COLOR dodgerblue]Quick Configure AdvancedSettings[/COLOR]</label>
                                              <icon>special://home/addons\plugin.program.G.K.N.Wizard\resources\art\maintenance.png</icon>
                        <onclick>Dialog.Close(all,true)</onclick>
					<onclick>PlayMedia("plugin://plugin.program.G.K.N.Wizard/?mode=autoadvanced")</onclick>
				</item>
				<item>
					<label>[COLOR dodgerblue]Enable/Disable Addons[/COLOR]</label>
                                              <icon>special://home/addons\plugin.program.G.K.N.Wizard\resources\art\maintenance.png</icon>
                        <onclick>Dialog.Close(all,true)</onclick>
					<onclick>ActivateWindow(10001,"plugin://plugin.program.G.K.N.Wizard/?mode=enableaddons",return)</onclick>					
				</item>	
				<item>
					<label>[COLOR dodgerblue]Force Update Addons[/COLOR]</label>
                                              <icon>special://home/addons\plugin.program.G.K.N.Wizard\resources\art\maintenance.png</icon>
                        <onclick>Dialog.Close(all,true)</onclick>
					<onclick>PlayMedia("plugin://plugin.program.G.K.N.Wizard/?mode=forceupdate")</onclick>
				</item>
				<item>
					<label>[COLOR dodgerblue]Fix Addons Not Updating[/COLOR]</label>
                                              <icon>special://home/addons\plugin.program.G.K.N.Wizard\resources\art\maintenance.png</icon>
                        <onclick>Dialog.Close(all,true)</onclick>
					<onclick>PlayMedia("plugin://plugin.program.G.K.N.Wizard/?mode=fixaddonupdate")</onclick>
				</item>
				<item>
					<label>[COLOR dodgerblue]View Last Error In Log[/COLOR]</label>
                                              <icon>special://home/addons\plugin.program.G.K.N.Wizard\resources\art\maintenance.png</icon>
                        <onclick>Dialog.Close(all,true)</onclick>
					<onclick>PlayMedia("plugin://plugin.program.G.K.N.Wizard/?mode=viewerrorlast")</onclick>
				</item>
				<item>
					<label>[COLOR dodgerblue]Speed Tester[/COLOR]</label>
                                              <icon>special://home/addons/plugin.program.downloader19/resources/media/Settings_t.png</icon>
                        <onclick>Dialog.Close(all,true)</onclick>
					<onclick>PlayMedia("plugin://plugin.program.downloader19/?url=&amp;mode=31&amp;name=Speedtest&amp;icon=special%3A%2F%2Fhome%2Faddons%2Fplugin.program.downloader19%2Fresources%2Fmedia%2FSpeedtest.png&amp;fanart=C%3A%5CPortableApps%5Ckodi%5CKODI+TEST%5CKodi%5Cportable_data%5Caddons%5Cplugin.program.downloader19%5Cfanart.jpg&amp;description=&amp;name2=&amp;version=")</onclick>
				</item>
				<item>
					<label>[COLOR dodgerblue]DNS Leak test[/COLOR]</label>
                                              <icon>special://home/addons\plugin.program.G.K.N.Wizard\resources\art\maintenance.png</icon>
                        <onclick>Dialog.Close(all,true)</onclick>
					<onclick>PlayMedia("plugin://plugin.program.G.K.N.Wizard/?mode=dnsleaktest")</onclick>
				</item>
				<item>
					<label>[COLOR dodgerblue]Fix empty "settings.xml" files[/COLOR]</label>
                                              <icon>special://home/addons\plugin.program.G.K.N.Wizard\resources\art\maintenance.png</icon>
                        <onclick>Dialog.Close(all,true)</onclick>
					<onclick>PlayMedia("plugin://plugin.program.G.K.N.Wizard/?mode=fixempty_settings")</onclick>
				</item>
                </content>
            </control>
            <control type="scrollbar" id="61">
                <left>855</left>
                <top>98</top>
                <width>38</width>
                <height>700</height>
                <texturesliderbackground border="0,14,0,14">ScrollBarV.png</texturesliderbackground>
                <texturesliderbar border="0,14,0,14">ScrollBarV_bar.png</texturesliderbar>
                <texturesliderbarfocus border="0,14,0,14" colordiffuse="$VAR[MainColorOne]">ScrollBarV_bar_focus.png</texturesliderbarfocus>
                <textureslidernib colordiffuse="$VAR[MainColorOne]">ScrollBarNib.png</textureslidernib>
                <textureslidernibfocus colordiffuse="$VAR[MainColorOne]">ScrollBarNib.png</textureslidernibfocus>
                <onleft>450</onleft>
                <onright>90</onright>
                <ondown>61</ondown>
                <onup>61</onup>
                <showonepage>false</showonepage>
                <orientation>vertical</orientation>
                <visible>Control.IsVisible(450)</visible>
            </control>
            <control type="group">
                <control type="label">
                    <description>number of files/pages in list text label</description>
                    <left>950</left>
                    <top>735</top>
                    <width>360</width>
                    <height>52</height>
                    <font>font12</font>
                    <align>center</align>
                    <aligny>center</aligny>
                    <textcolor>grey</textcolor>
                    <label>([COLOR=$VAR[MainColorOne]]$INFO[Container(450).NumItems][/COLOR]) $LOCALIZE[31025] - $LOCALIZE[31024] ([COLOR=$VAR[MainColorOne]]$INFO[Container(450).CurrentPage]/$INFO[Container(450).NumPages][/COLOR])</label>
                    <animation effect="slide" start="0,0" end="0,-138" time="0" condition="!Integer.IsGreater(Container(450).NumItems,4)">Conditional</animation>
                    <animation effect="slide" start="0,0" end="0,-138" time="0" condition="!Integer.IsGreater(Container(450).NumItems,6)">Conditional</animation>
                    <animation effect="slide" start="0,0" end="0,-138" time="0" condition="!Integer.IsGreater(Container(450).NumItems,8)">Conditional</animation>
                </control>
                <control type="grouplist" id="90">
                    <left>970</left>
                    <top>100</top>
                    <onleft>450</onleft>
                    <onright>450</onright>
                    <control type="button" id="7">
                        <description>Cancel button</description>
                        <width>300</width>
                        <height>60</height>
                        <label>222</label>
                        <font>font12_title</font>
                        <textcolor>white</textcolor>
                        <focusedcolor>white</focusedcolor>
                        <align>center</align>
                        <onclick>PreviousMenu</onclick>
                    </control>
                    <control type="button" id="8">
                        <description>[B][COLOR dodgerblue]GR[COLOR white]eco[COLOR dodgerblue]TM [COLOR white]Builds Wizard[/COLOR][/B]</description>
                        <width>300</width>
                        <height>60</height>
                        <label>[B][COLOR dodgerblue]GR[COLOR white]eco[COLOR dodgerblue]TM [COLOR white]Builds Wizard[/COLOR][/B]</label>
                        <font>font12_title</font>
                        <textcolor>white</textcolor>
                        <focusedcolor>white</focusedcolor>
                        <align>center</align>
                        <onclick>Dialog.Close(all,true)</onclick>
                        <onclick>Action(Back)</onclick>
                        <onclick>ActivateWindow(Home)</onclick>
                        <onclick>ActivateWindow(10001,"plugin://plugin.program.G.K.N.Wizard/")</onclick>
                    </control>
                    <control type="button" id="9">
                        <description>[B][COLOR orange]World Updater - Tools[/COLOR][/B]</description>
                        <width>300</width>
                        <height>60</height>
                        <label>[B][COLOR orange]World Updater - Tools[/COLOR][/B]</label>
                        <font>font12_title</font>
                        <textcolor>white</textcolor>
                        <focusedcolor>white</focusedcolor>
                        <align>center</align>
                        <onclick>Dialog.Close(all,true)</onclick>
                        <onclick>Action(Back)</onclick>
                        <onclick>ActivateWindow(Home)</onclick>
                        <onclick>ActivateWindow(10001,"plugin://plugin.program.downloader19/")</onclick>
                    </control>
                </control>
            </control>
        </control>
    </controls>
</window>
