<?xml version="1.0" encoding="UTF-8"?>
<window>
    <defaultcontrol />
    <onload condition="Library.IsScanningVideo + Skin.HasSetting(EnableAutoUpdateArt)">SetProperty(UpdateArt,1)</onload>
    <onunload condition="!String.IsEmpty(Window.Property(UpdateArt)) + Skin.HasSetting(EnableAutoUpdateArt)">RunScript(script.artwork.downloader,silent=true)</onunload>
    <onunload condition="!String.IsEmpty(Window.Property(UpdateArt)) + Skin.HasSetting(EnableAutoUpdateArt)">ClearProperty(UpdateArt)</onunload>
    <animation effect="slide" start="105,-0" end="0,0" time="75">WindowOpen</animation>
    <animation effect="slide" start="0,0" end="105,-0" delay="300" time="75">WindowClose</animation>
    <controls>
        <control type="group">
            <depth>DepthHeader</depth>
            <left>1305</left>
            <top>490</top>
            <animation effect="slide" end="0,-120" time="150" condition="Window.IsVisible(FullscreenVideo) | Window.IsVisible(Visualisation)">conditional</animation>
            <control type="image">
                <left>0</left>
                <top>0</top>
                <width>600</width>
                <height>115</height>
                <texture flipy="true" border="20,20,20,2">InfoMessagePanel.png</texture>
            </control>
            <control type="label" id="30">
                <description>Header Label</description>
                <left>22</left>
                <top>5</top>
                <width>555</width>
                <height>27</height>
                <font>font12</font>
                <textcolor>selected</textcolor>
                <align>center</align>
                <aligny>center</aligny>
            </control>
            <control type="label" id="31">
                <description>Title Label</description>
                <left>22</left>
                <top>45</top>
                <width>555</width>
                <height>30</height>
                <font>font10</font>
                <align>center</align>
                <aligny>center</aligny>
            </control>
            <control type="progress" id="32">
                <description>progress control</description>
                <left>22</left>
                <top>88</top>
                <width>555</width>
                <height>12</height>
            </control>
        </control>
    </controls>
</window>
