<?xml version="1.0" encoding="UTF-8"?>
<window>
    <animation effect="fade" time="75">WindowOpen</animation>
    <animation effect="fade" time="150">WindowClose</animation>
    <coordinates>
        <left>0</left>
        <top>0</top>
    </coordinates>
    <controls>
        <control type="group">
            <depth>DepthDialog+</depth>
            <left>1605</left>
            <top>980</top>
            <control type="image">
                <description>background image</description>
                <left>0</left>
                <top>0</top>
                <width>315</width>
                <height>155</height>
                <texture border="20">OverlayDialogBackground.png</texture>
                <visible>!Skin.HasSetting(HidePopUpSeekBar)</visible>
            </control>
            <control type="image">
                <description>Busy animation</description>
                <left>10</left>
                <top>15</top>
                <width>70</width>
                <height>70</height>
                <texture>busy.gif</texture>
                <aspectratio>keep</aspectratio>
                <animation effect="" start="0" end="360" center="54,54" time="900" loop="true" condition="true">conditional</animation>
                <visible>!Skin.HasSetting(HideBusyAnimation)</visible>
            </control>
            <control type="image"id="11">
                <description>Pleasewait</description>
                <left>0</left>
                <top>-20</top>
                <width>320</width>
                <height>25</height>
                <texture>Pleasewait.png</texture>
                <aspectratio>keep</aspectratio>
                <animation effect="" start="0" end="360" center="54,54" time="900" loop="true" condition="true">conditional</animation>
                <visible>!Skin.HasSetting(HideBusyAnimation)</visible>
            </control>
            <control type="label">
                <description>Ram</description>
                <left>90</left>
                <top>0</top>
                <width>300</width>
                <height>48</height>
                <align>left</align>
                <aligny>center</aligny>
                <label>Free Ram $INFO[System.FreeMemory]  </label>
                <font>font12</font>
            </control>
            <control type="label">
                <description>Busy label</description>
                <left>90</left>
                <top>35</top>
                <width>300</width>
                <height>48</height>
                <align>left</align>
                <aligny>center</aligny>
                <label>$LOCALIZE[31004]</label>
                <font>font12</font>
            </control>
            <control type="progress" id="10">
                <description>Progressbar</description>
                <left>30</left>
                <top>80</top>
                <width>240</width>
                <height>12</height>
            <info>System.Progressbar</info>
            </control>
        </control>
    </controls>
</window>
