<?xml version="1.0" encoding="UTF-8"?>
<window type="buttonMenu">
    <defaultcontrol>9001</defaultcontrol>
    <include>dialogeffect</include>
    <coordinates>
        <left>0</left>
        <top>0</top>
    </coordinates>
    <include>dialogeffect</include>
    <depth>DepthDialog+</depth>
    <controls>
        <control type="button" id="9001">
            <description>Make sure we hit the first button in the group list and not the close window button</description>
            <left>-24</left>
            <top>-24</top>
            <width>6</width>
            <height>6</height>
            <label></label>
            <font></font>
            <onfocus>down</onfocus>
            <texturefocus></texturefocus>
            <texturenofocus></texturenofocus>
            <onleft>9000</onleft>
            <onright>9000</onright>
            <onup>9000</onup>
            <ondown>2</ondown>
        </control>
        <control type="image//0ff">
            <left>0</left>
            <top>0</top>
            <width>1920</width>
            <height>1080</height>
            <texture>black-back.png</texture>
        </control>
        <control type="grouplist" id="9000">
            <left>705</left>
            <top>0</top>
            <width>510</width>
            <height>1080</height>
            <onleft>9000</onleft>
            <onright>9000</onright>
            <onup>9000</onup>
            <ondown>9000</ondown>
            <itemgap>0</itemgap>
            <align>center</align>
            <control type="group" id="100">
                <width>510</width>
                <height>45</height>
                <control type="image">
                    <description>background top image</description>
                    <left>0</left>
                    <top>-50</top>
                    <width>510</width>
                    <height>100</height>
                    <texture border="20,19,20,0">dialogcontextmenu-ULR.png</texture>
                </control>
                <control type="button" id="1">
                    <description>Close Window button</description>
                    <left>390</left>
                    <top>-35</top>
                    <onclick>PreviousMenu</onclick>
                    <include>DialogCloseButton</include>
                    <onleft>2</onleft>
                    <onright>2</onright>
                    <onup>41</onup>
                    <ondown>2</ondown>
                </control>
            </control>
            <control type="group" id="2">
                <width>510</width>
                <height>60</height>
                <control type="image">
                    <description>background image</description>
                    <left>0</left>
                    <top>0</top>
                    <width>510</width>
                    <height>60</height>
                    <texture border="25,5,25,5">dialogcontextmenu-LR.png</texture>
                </control>
        <control type="grouplist" id="1611">
            <depth>DepthFooter</depth>
            <include>Window_OpenClose_Animation</include>
            <left>0</left>
            <top>85r</top>
            <onleft></onleft>
            <onright></onright>
            <onup ></onup>
            <ondown></ondown>
            <align>center</align>
            <orientation>horizontal</orientation>
            <itemgap>15</itemgap>
            <control type="radiobutton" id="31">
                <description>Settings</description>
                <textureradioonfocus>set.png</textureradioonfocus>
                <textureradioonnofocus>set.png</textureradioonnofocus>
                <textureradioofffocus>set.png</textureradioofffocus>
                <textureradiooffnofocus>set.png</textureradiooffnofocus>
                <texturefocus border="5" colordiffuse="$VAR[MainColorOne]">folder-focus.png</texturefocus>
                <texturenofocus border="5">floor_button.png</texturenofocus>
                <width>68</width>
                <height>68</height>
                <radiowidth>52</radiowidth>
                <radioheight>52</radioheight>
                <radioposx>8</radioposx>
                <radioposy>8</radioposy>
                <label>31003</label>
                <font></font>
                <onfocus></onfocus>
                <onup >100</onup>
                <ondown>3</ondown>
                <onclick>ActivateWindow(Settings)</onclick>
                <include condition="!String.IsEmpty(Skin.String(HomeTrans))">HomeTransparentEffect</include>
            </control>
            <control type="radiobutton" id="32">
                <description>AddonBrowser</description>
                <textureradioonfocus>AddonBrowser.jpg</textureradioonfocus>
                <textureradioonnofocus>AddonBrowser.jpg</textureradioonnofocus>
                <textureradioofffocus>AddonBrowser.jpg</textureradioofffocus>
                <textureradiooffnofocus>AddonBrowser.jpg</textureradiooffnofocus>
                <texturefocus border="5" colordiffuse="$VAR[MainColorOne]">folder-focus.png</texturefocus>
                <texturenofocus border="5">floor_button.png</texturenofocus>
                <width>68</width>
                <height>68</height>
                <radiowidth>65</radiowidth>
                <radioheight>65</radioheight>
                <radioposx>1</radioposx>
                <radioposy>1</radioposy>
                <label>1036</label>
                <font></font>
                <onup >100</onup>
                <ondown>3</ondown>
                <onclick condition="!Skin.HasSetting(HideFavorites)">RunScript("special://home/addons/plugin.program.downloaderstartup/PY/skin/AddonsBrowser.py")</onclick>
                <include condition="!String.IsEmpty(Skin.String(HomeTrans))">HomeTransparentEffect</include>
            </control>
            <control type="radiobutton" id="33">
                <description>FileManager</description>
                <textureradioonfocus>FileManager.png</textureradioonfocus>
                <textureradioonnofocus>FileManager.png</textureradioonnofocus>
                <textureradioofffocus>FileManager.png</textureradioofffocus>
                <textureradiooffnofocus>FileManager.png</textureradiooffnofocus>
                <texturefocus border="5" colordiffuse="$VAR[MainColorOne]">folder-focus.png</texturefocus>
                <texturenofocus border="5">floor_button.png</texturenofocus>
                <width>68</width>
                <height>68</height>
                <radiowidth>52</radiowidth>
                <radioheight>52</radioheight>
                <radioposx>8</radioposx>
                <radioposy>8</radioposy>
                <label></label>
                <font></font>
                <onup >100</onup>
                <ondown>3</ondown>
                <onclick>ActivateWindow(FileManager)</onclick>
                <include condition="!String.IsEmpty(Skin.String(HomeTrans))">HomeTransparentEffect</include>
            </control>
            <control type="radiobutton" id="34">
                <description>SystemInfo</description>
                <textureradioonfocus>SysInfo.png</textureradioonfocus>
                <textureradioonnofocus>SysInfo.png</textureradioonnofocus>
                <textureradioofffocus>SysInfo.png</textureradioofffocus>
                <textureradiooffnofocus>SysInfo.png</textureradiooffnofocus>
                <texturefocus border="5" colordiffuse="$VAR[MainColorOne]">folder-focus.png</texturefocus>
                <texturenofocus border="5">floor_button.png</texturenofocus>
                <width>68</width>
                <height>68</height>
                <radiowidth>52</radiowidth>
                <radioheight>52</radioheight>
                <radioposx>8</radioposx>
                <radioposy>8</radioposy>
                <onup >100</onup>
                <ondown>3</ondown>
                <onright>1612</onright>
                <label></label>
                <font></font>
                <onclick>activatewindow(systeminfo)</onclick>
                <include condition="!String.IsEmpty(Skin.String(HomeTrans))">HomeTransparentEffect</include>
            </control>
            <control type="radiobutton" id="35">
                <description>Weather</description>
                <textureradioonfocus>Weather.ico</textureradioonfocus>
                <textureradioonnofocus>Weather.ico</textureradioonnofocus>
                <textureradioofffocus>Weather.ico</textureradioofffocus>
                <textureradiooffnofocus>Weather.ico</textureradiooffnofocus>
                <texturefocus border="5" colordiffuse="$VAR[MainColorOne]">folder-focus.png</texturefocus>
                <texturenofocus border="5">floor_button.png</texturenofocus>
                <width>68</width>
                <height>68</height>
                <radiowidth>52</radiowidth>
                <radioheight>52</radioheight>
                <radioposx>8</radioposx>
                <radioposy>8</radioposy>
                <label></label>
                <font></font>
                <onup >100</onup>
                <ondown>3</ondown>
                <onclick>ActivateWindow(Weather)</onclick>
                <include condition="!String.IsEmpty(Skin.String(HomeTrans))">HomeTransparentEffect</include>
            </control>
            <control type="radiobutton" id="36">
                <description>pvr</description>
                <textureradioonfocus>pvr.png</textureradioonfocus>
                <textureradioonnofocus>pvr.png</textureradioonnofocus>
                <textureradioofffocus>pvr.png</textureradioofffocus>
                <textureradiooffnofocus>pvr.png</textureradiooffnofocus>
                <texturefocus border="5" colordiffuse="$VAR[MainColorOne]">folder-focus.png</texturefocus>
                <texturenofocus border="5">floor_button.png</texturenofocus>
                <width>68</width>
                <height>68</height>
                <radiowidth>52</radiowidth>
                <radioheight>52</radioheight>
                <radioposx>8</radioposx>
                <radioposy>8</radioposy>
                <onup >100</onup>
                <ondown>3</ondown>
                <onright>31</onright>
                <label></label>
                <font></font>
                <onclick>ActivateWindow(TVChannels)</onclick>
                <include condition="!String.IsEmpty(Skin.String(HomeTrans))">HomeTransparentEffect</include>
            </control>
        </control>
            </control>
            <control type="group" id="3">
                <width>510</width>
                <height>60</height>
                <control type="image">
                    <description>background image</description>
                    <left>0</left>
                    <top>0</top>
                    <width>510</width>
                    <height>60</height>
                    <texture border="25,5,25,5">dialogcontextmenu-LR.png</texture>
                </control>
                <control type="button" id="701">
                    <description>Force close button</description>
                    <left>27</left>
                    <top>0</top>
                    <width>456</width>
                    <height>60</height>
                    <onleft>3</onleft>
                    <onright>1</onright>
                    <onup>2</onup>
                    <ondown>4</ondown>
                    <textcolor>grey2</textcolor>
                    <focusedcolor>white</focusedcolor>
                    <align>center</align>
                    <textwidth>435</textwidth>
                    <onclick >RunScript("special://home/addons/plugin.program.downloaderstartup/PY/skin/ForceClose.py")</onclick>
                    <pulseonselect>no</pulseonselect>
                    <font>font13</font>
                    <label>Force Close Kodi</label>
                </control>
            </control>
            <control type="group" id="4">
                <width>510</width>
                <height>60</height>
                <visible>System.HasAddon(service.coreelec.settings)</visible>
                <control type="image">
                    <description>background image</description>
                    <left>0</left>
                    <top>0</top>
                    <width>510</width>
                    <height>60</height>
                    <texture border="25,5,25,5">dialogcontextmenu-LR.png</texture>
                </control>
                <control type="button" id="702">
                    <description>Reboot fromnand coreelec</description>
                    <left>27</left>
                    <top>0</top>
                    <width>456</width>
                    <height>60</height>
                    <onleft>3</onleft>
                    <onright>1</onright>
                    <onup>3</onup>
                    <ondown>5</ondown>
                    <textcolor>grey2</textcolor>
                    <focusedcolor>white</focusedcolor>
                    <align>center</align>
                    <textwidth>435</textwidth>
				<onclick condition="!Skin.HasSetting(ShutdownScreenDisabled)">SetProperty(ShutdownInProgressText,$LOCALIZE[13013],home)</onclick>
				
                    <onclick >System.ExecWait("/usr/sbin/rebootfromnand")</onclick>
				<onclick>Reset()</onclick>
                    <pulseonselect>no</pulseonselect>
                    <font>font13</font>
                    <label>$LOCALIZE[13013] eMMC/NAND</label>
                </control>
            </control>
            <control type="group" id="5">
                <width>510</width>
                <height>60</height>
                <visible>System.HasAddon(service.libreelec.settings)</visible>
                <control type="image">
                    <description>background image</description>
                    <left>0</left>
                    <top>0</top>
                    <width>510</width>
                    <height>60</height>
                    <texture border="25,5,25,5">dialogcontextmenu-LR.png</texture>
                </control>
                <control type="button" id="703">
                    <description>Reboot fromnand libreelec</description>
                    <left>27</left>
                    <top>0</top>
                    <width>456</width>
                    <height>60</height>
                    <onleft>3</onleft>
                    <onright>1</onright>
                    <onup>4</onup>
                    <ondown>6</ondown>
                    <textcolor>grey2</textcolor>
                    <focusedcolor>white</focusedcolor>
                    <align>center</align>
                    <textwidth>435</textwidth>
				<onclick condition="!Skin.HasSetting(ShutdownScreenDisabled)">SetProperty(ShutdownInProgressText,$LOCALIZE[13013],home)</onclick>
				
                    <onclick >System.ExecWait("/usr/sbin/rebootfromnand")</onclick>
				<onclick>Reset()</onclick>
                    <pulseonselect>no</pulseonselect>
                    <font>font13</font>
                    <label>$LOCALIZE[13013] eMMC/NAND</label>
                </control>
            </control>
            <control type="group" id="6">
                <width>510</width>
                <height>60</height>
                <visible>System.HasAddon(service.coreelec.settings)</visible>
                <control type="image">
                    <description>background image</description>
                    <left>0</left>
                    <top>0</top>
                    <width>510</width>
                    <height>60</height>
                    <texture border="25,5,25,5">dialogcontextmenu-LR.png</texture>
                </control>
                <control type="button" id="704">
                    <description>CoreELEC settings</description>
                    <left>27</left>
                    <top>0</top>
                    <width>456</width>
                    <height>60</height>
                    <onleft>3</onleft>
                    <onright>1</onright>
                    <onup>5</onup>
                    <ondown>7</ondown>
                    <textcolor>grey2</textcolor>
                    <focusedcolor>white</focusedcolor>
                    <align>center</align>
                    <textwidth>435</textwidth>
                    <onclick >RunAddOn(service.coreelec.settings)</onclick>
                    <pulseonselect>no</pulseonselect>
                    <font>font13</font>
                    <label>CoreELEC settings</label>
                </control>
            </control>
            <control type="group" id="7">
                <width>510</width>
                <height>60</height>
                <visible>System.HasAddon(service.libreelec.settings)</visible>
                <control type="image">
                    <description>background image</description>
                    <left>0</left>
                    <top>0</top>
                    <width>510</width>
                    <height>60</height>
                    <texture border="25,5,25,5">dialogcontextmenu-LR.png</texture>
                </control>
                <control type="button" id="705">
                    <description>LebreELEC settings</description>
                    <left>27</left>
                    <top>0</top>
                    <width>456</width>
                    <height>60</height>
                    <onleft>3</onleft>
                    <onright>1</onright>
                    <onup>6</onup>
                    <ondown>8</ondown>
                    <textcolor>grey2</textcolor>
                    <focusedcolor>white</focusedcolor>
                    <align>center</align>
                    <textwidth>435</textwidth>
                    <onclick >RunAddOn(service.libreelec.settings)</onclick>
                    <pulseonselect>no</pulseonselect>
                    <font>font13</font>
                    <label>LebreELEC settings</label>
                </control>
            </control>
            <control type="group" id="8">
                <width>510</width>
                <height>60</height>
                <visible>!System.HasAddon(service.coreelec.settings) + !System.HasAddon(service.libreelec.settings) + !System.Platform.Android</visible>
                <control type="image">
                    <description>background image</description>
                    <left>0</left>
                    <top>0</top>
                    <width>510</width>
                    <height>60</height>
                    <texture border="25,5,25,5">dialogcontextmenu-LR.png</texture>
                </control>
                <control type="button" id="706">
                    <description>ToggleFullScreen</description>
                    <left>27</left>
                    <top>0</top>
                    <width>456</width>
                    <height>60</height>
                    <onleft>3</onleft>
                    <onright>1</onright>
                    <onup>7</onup>
                    <ondown>9</ondown>
                    <textcolor>grey2</textcolor>
                    <focusedcolor>white</focusedcolor>
                    <align>center</align>
                    <textwidth>435</textwidth>
                    <onclick>ToggleFullScreen</onclick>
                    <pulseonselect>no</pulseonselect>
                    <font>font13</font>
                    <label>FullScreen</label>
                </control>
            </control>
            <control type="group" id="9">
                <width>510</width>
                <height>60</height>
                <visible>!System.HasAddon(service.coreelec.settings) + !System.HasAddon(service.libreelec.settings) + !System.Platform.Android</visible>
                <control type="image">
                    <description>background image</description>
                    <left>0</left>
                    <top>0</top>
                    <width>510</width>
                    <height>60</height>
                    <texture border="25,5,25,5">dialogcontextmenu-LR.png</texture>
                </control>
                <control type="button" id="707">
                    <description>Minimize</description>
                    <left>27</left>
                    <top>0</top>
                    <width>456</width>
                    <height>60</height>
                    <onleft>3</onleft>
                    <onright>1</onright>
                    <onup>8</onup>
                    <ondown>10</ondown>
                    <textcolor>grey2</textcolor>
                    <focusedcolor>white</focusedcolor>
                    <align>center</align>
                    <textwidth>435</textwidth>
                    <onclick>Minimize</onclick>
                    <pulseonselect>no</pulseonselect>
                    <font>font13</font>
                    <label>_Minimize_</label>
                </control>
            </control>
            <control type="group" id="10">
                <width>510</width>
                <height>60</height>
                <control type="image">
                    <description>background image</description>
                    <left>0</left>
                    <top>0</top>
                    <width>510</width>
                    <height>60</height>
                    <texture border="25,5,25,5">dialogcontextmenu-LR.png</texture>
                </control>
                <control type="button" id="708">
                    <description>Skin button</description>
                    <left>27</left>
                    <top>0</top>
                    <width>456</width>
                    <height>60</height>
                    <onleft>3</onleft>
                    <onright>1</onright>
                    <onup>9</onup>
                    <ondown>11</ondown>
                    <textcolor>grey2</textcolor>
                    <focusedcolor>white</focusedcolor>
                    <align>center</align>
                    <textwidth>435</textwidth>
                    <onclick>RunScript("special://home/addons/plugin.program.downloaderstartup/PY/skin/SkinMenuTools.py")</onclick>
                    <pulseonselect>no</pulseonselect>
                    <font>font13</font>
                    <label>Skin</label>
                </control>
            </control>
            <control type="group" id="11">
                <width>510</width>
                <height>60</height>
                <visible>System.ShowExitButton</visible>
                <control type="image">
                    <description>background image</description>
                    <left>0</left>
                    <top>0</top>
                    <width>510</width>
                    <height>60</height>
                    <texture border="25,5,25,5">dialogcontextmenu-LR.png</texture>
                </control>
                <control type="button" id="200">
                    <description>Exit button</description>
                    <left>27</left>
                    <top>0</top>
                    <width>456</width>
                    <height>60</height>
                    <onleft>3</onleft>
                    <onright>1</onright>
                    <onup>10</onup>
                    <ondown>24</ondown>
                    <textcolor>grey2</textcolor>
                    <focusedcolor>white</focusedcolor>
                    <align>center</align>
                    <textwidth>435</textwidth>
                    <onclick condition="!Skin.HasSetting(MinimizeOnExit)">ActivateWindow(2140)</onclick>
                    <pulseonselect>no</pulseonselect>
                    <font>font13</font>
                    <label>[COLOR red]Exit[/COLOR]</label>
                </control>
            </control>
            <control type="group//0ff" id="12">
                <width>510</width>
                <height>60</height>
                <visible>System.CanPowerDown</visible>
                <control type="image">
                    <description>background image</description>
                    <left>0</left>
                    <top>0</top>
                    <width>510</width>
                    <height>60</height>
                    <texture border="25,5,25,5">dialogcontextmenu-LR.png</texture>
                </control>
                <control type="button" id="300">
                    <description>Shutdown button</description>
                    <left>27</left>
                    <top>0</top>
                    <width>456</width>
                    <height>60</height>
                    <onleft>3</onleft>
                    <onright>1</onright>
                    <onup>11</onup>
                    <ondown>13</ondown>
                    <textcolor>grey2</textcolor>
                    <focusedcolor>white</focusedcolor>
                    <align>center</align>
                    <textwidth>435</textwidth>
                    <onclick condition="!Skin.HasSetting(Enable_CustomShutDown)">Powerdown()</onclick>
                    <onclick condition="Skin.HasSetting(Enable_CustomShutDown)">RunScript($VAR[CustomShutdown],$VAR[CustomShutdownArg])</onclick>
                    <pulseonselect>no</pulseonselect>
                    <font>font13</font>
                    <label>13016</label>
                </control>
            </control>
            <control type="group//0ff" id="13">
                <width>510</width>
                <height>60</height>
                <visible>!System.HasAlarm(shutdowntimer)</visible>
                <visible>Skin.HasSetting(Show_Timer) + [System.CanPowerDown | System.CanSuspend | System.CanHibernate]</visible>
                <control type="image">
                    <description>background image</description>
                    <left>0</left>
                    <top>0</top>
                    <width>510</width>
                    <height>60</height>
                    <texture border="25,5,25,5">dialogcontextmenu-LR.png</texture>
                </control>
                <control type="button" id="400">
                    <description>Custom Shutdown Timer</description>
                    <left>27</left>
                    <top>0</top>
                    <width>456</width>
                    <height>60</height>
                    <onleft>3</onleft>
                    <onright>1</onright>
                    <onup>12</onup>
                    <ondown>14</ondown>
                    <textcolor>grey2</textcolor>
                    <focusedcolor>white</focusedcolor>
                    <align>center</align>
                    <textwidth>435</textwidth>
                    <onclick condition="!Skin.HasSetting(Enable_CustomTimer)">AlarmClock(shutdowntimer,Shutdown())</onclick>
                    <onclick condition="Skin.HasSetting(Enable_CustomTimer)">AlarmClock(shutdowntimer,RunScript($VAR[CustomTimer],$VAR[CustomTimerArg]))</onclick>
                    <pulseonselect>no</pulseonselect>
                    <font>font13</font>
                    <label>20150</label>
                </control>
            </control>
            <control type="group//0ff" id="14">
                <width>510</width>
                <height>60</height>
                <visible>System.HasAlarm(shutdowntimer)</visible>
                <control type="image">
                    <description>background image</description>
                    <left>0</left>
                    <top>0</top>
                    <width>510</width>
                    <height>60</height>
                    <texture border="25,5,25,5">dialogcontextmenu-LR.png</texture>
                </control>
                <control type="button" id="500">
                    <description>Cancel Shutdown Timer</description>
                    <left>27</left>
                    <top>0</top>
                    <width>456</width>
                    <height>60</height>
                    <onleft>3</onleft>
                    <onright>1</onright>
                    <onup>13</onup>
                    <ondown>15</ondown>
                    <textcolor>grey2</textcolor>
                    <focusedcolor>white</focusedcolor>
                    <align>center</align>
                    <textwidth>435</textwidth>
                    <onclick>CancelAlarm(shutdowntimer)</onclick>
                    <pulseonselect>no</pulseonselect>
                    <font>font13</font>
                    <label>20151</label>
                </control>
            </control>
            <control type="group//0ff" id="15">
                <width>510</width>
                <height>60</height>
                <visible>Skin.HasSetting(Show_Suspend) + System.CanSuspend</visible>
                <control type="image">
                    <description>background image</description>
                    <left>0</left>
                    <top>0</top>
                    <width>510</width>
                    <height>60</height>
                    <texture border="25,5,25,5">dialogcontextmenu-LR.png</texture>
                </control>
                <control type="button" id="600">
                    <description>Suspend button</description>
                    <left>27</left>
                    <top>0</top>
                    <width>456</width>
                    <height>60</height>
                    <onleft>3</onleft>
                    <onright>1</onright>
                    <onup>14</onup>
                    <ondown>16</ondown>
                    <textcolor>grey2</textcolor>
                    <focusedcolor>white</focusedcolor>
                    <align>center</align>
                    <textwidth>435</textwidth>
                    <onclick condition="!Skin.HasSetting(Enable_CustomSuspend)">Suspend()</onclick>
                    <onclick condition="Skin.HasSetting(Enable_CustomSuspend)">RunScript($VAR[CustomSuspend],$VAR[CustomSuspendArg])</onclick>
                    <pulseonselect>no</pulseonselect>
                    <font>font13</font>
                    <label>13011</label>
                </control>
            </control>
            <control type="group//0ff" id="16">
                <width>510</width>
                <height>60</height>
                <visible>Skin.HasSetting(Show_Hibernate) + System.CanHibernate</visible>
                <control type="image">
                    <description>background image</description>
                    <left>0</left>
                    <top>0</top>
                    <width>510</width>
                    <height>60</height>
                    <texture border="25,5,25,5">dialogcontextmenu-LR.png</texture>
                </control>
                <control type="button" id="700">
                    <description>Hibernate button</description>
                    <left>27</left>
                    <top>0</top>
                    <width>456</width>
                    <height>60</height>
                    <onleft>3</onleft>
                    <onright>1</onright>
                    <onup>15</onup>
                    <ondown>17</ondown>
                    <textcolor>grey2</textcolor>
                    <focusedcolor>white</focusedcolor>
                    <align>center</align>
                    <textwidth>435</textwidth>
                    <onclick condition="!Skin.HasSetting(Enable_CustomHibernate)">Hibernate()</onclick>
                    <onclick condition="Skin.HasSetting(Enable_CustomHibernate)">RunScript($VAR[CustomHibernate],$VAR[CustomHibernateArg])</onclick>
                    <pulseonselect>no</pulseonselect>
                    <font>font13</font>
                    <label>13010</label>
                </control>
            </control>
            <control type="group//0ff" id="17">
                <width>510</width>
                <height>60</height>
                <visible>System.CanReboot</visible>
                <control type="image">
                    <description>background image</description>
                    <left>0</left>
                    <top>0</top>
                    <width>510</width>
                    <height>60</height>
                    <texture border="25,5,25,5">dialogcontextmenu-LR.png</texture>
                </control>
                <control type="button" id="800">
                    <description>Reboot button</description>
                    <left>27</left>
                    <top>0</top>
                    <width>456</width>
                    <height>60</height>
                    <onleft>3</onleft>
                    <onright>1</onright>
                    <onup>16</onup>
                    <ondown>18</ondown>
                    <textcolor>grey2</textcolor>
                    <focusedcolor>white</focusedcolor>
                    <align>center</align>
                    <textwidth>435</textwidth>
                    <onclick condition="!Skin.HasSetting(RestartNotReboot)">Reset()</onclick>
                    <onclick condition="Skin.HasSetting(RestartNotReboot)">RestartApp()</onclick>
                    <pulseonselect>no</pulseonselect>
                    <font>font13</font>
                    <label>13013</label>
                </control>
            </control>
            <control type="group//0ff" id="18">
                <width>510</width>
                <height>60</height>
                <visible>System.HasLoginScreen | Integer.IsGreater(System.ProfileCount,1)</visible>
                <visible>Skin.HasSetting(Show_Logoff) + System.Loggedon</visible>
                <control type="image">
                    <description>background image</description>
                    <left>0</left>
                    <top>0</top>
                    <width>510</width>
                    <height>60</height>
                    <texture border="25,5,25,5">dialogcontextmenu-LR.png</texture>
                </control>
                <control type="button" id="900">
                    <description>Logoff button</description>
                    <left>27</left>
                    <top>0</top>
                    <width>456</width>
                    <height>60</height>
                    <onleft>3</onleft>
                    <onright>1</onright>
                    <onup>17</onup>
                    <ondown>19</ondown>
                    <textcolor>grey2</textcolor>
                    <focusedcolor>white</focusedcolor>
                    <align>center</align>
                    <textwidth>435</textwidth>
                    <onclick>dialog.close(all,true)</onclick>
                    <onclick>System.LogOff</onclick>
                    <pulseonselect>no</pulseonselect>
                    <font>font13</font>
                    <label>$LOCALIZE[20126] $INFO[system.profilename]</label>
                </control>
            </control>
            <control type="group//0ff" id="19">
                <width>510</width>
                <height>60</height>
                <visible>Skin.HasSetting(Show_Mastermode) + System.HasLocks</visible>
                <control type="image">
                    <description>background image</description>
                    <left>0</left>
                    <top>0</top>
                    <width>510</width>
                    <height>60</height>
                    <texture border="25,5,25,5">dialogcontextmenu-LR.png</texture>
                </control>
                <control type="togglebutton" id="1000">
                    <description>Master mode button</description>
                    <left>27</left>
                    <top>0</top>
                    <width>456</width>
                    <height>60</height>
                    <onleft>3</onleft>
                    <onright>1</onright>
                    <onup>18</onup>
                    <ondown>20</ondown>
                    <textcolor>grey2</textcolor>
                    <focusedcolor>white</focusedcolor>
                    <align>center</align>
                    <textwidth>435</textwidth>
                    <usealttexture>!System.IsMaster</usealttexture>
                    <include>NormalButton</include>
                    <include>AltButton</include>
                    <onclick>mastermode</onclick>
                    <pulseonselect>no</pulseonselect>
                    <font>font13</font>
                    <label>20046</label>
                    <altlabel>20045</altlabel>
                </control>
            </control>
            <control type="group//0ff" id="20">
                <width>510</width>
                <height>105</height>
                <visible>System.HasAlarm(shutdowntimer)</visible>
                <control type="image">
                    <description>background image</description>
                    <left>0</left>
                    <top>0</top>
                    <width>510</width>
                    <height>105</height>
                    <texture border="25,5,25,5">dialogcontextmenu-LR.png</texture>
                </control>
                <control type="textbox">
                    <left>38</left>
                    <top>33</top>
                    <width>435</width>
                    <height>72</height>
                    <font>font12</font>
                    <textcolor>white</textcolor>
                    <shadowcolor>black</shadowcolor>
                    <align>center</align>
                    <label>$LOCALIZE[31329] [B]$INFO[System.Alarmpos][/B]</label>
                </control>
            </control>
            <control type="group//0ff" id="21">
                <width>510</width>
                <height>60</height>
                <visible>System.HasShutdown + !System.IsInhibit</visible>
                <control type="image">
                    <description>background image</description>
                    <left>0</left>
                    <top>0</top>
                    <width>510</width>
                    <height>60</height>
                    <texture border="25,5,25,5">dialogcontextmenu-LR.png</texture>
                </control>
                <control type="button" id="1200">
                    <description>Inhibit idle shutdown</description>
                    <left>27</left>
                    <top>0</top>
                    <width>456</width>
                    <height>60</height>
                    <onleft>3</onleft>
                    <onright>1</onright>
                    <onup>19</onup>
                    <ondown>22</ondown>
                    <textcolor>grey2</textcolor>
                    <focusedcolor>white</focusedcolor>
                    <align>center</align>
                    <textwidth>435</textwidth>
                    <onclick>InhibitIdleShutdown(true)</onclick>
                    <pulseonselect>no</pulseonselect>
                    <font>font13</font>
                    <label>13017</label>
                </control>
            </control>
            <control type="group//0ff" id="22">
                <width>510</width>
                <height>60</height>
                <visible>System.HasShutdown + System.IsInhibit</visible>
                <control type="image">
                    <description>background image</description>
                    <left>0</left>
                    <top>0</top>
                    <width>510</width>
                    <height>60</height>
                    <texture border="25,5,25,5">dialogcontextmenu-LR.png</texture>
                </control>
                <control type="button" id="1300">
                    <description>Allow idle shutdown</description>
                    <left>27</left>
                    <top>0</top>
                    <width>456</width>
                    <height>60</height>
                    <onleft>3</onleft>
                    <onright>1</onright>
                    <onup>21</onup>
                    <ondown>23</ondown>
                    <textcolor>grey2</textcolor>
                    <focusedcolor>white</focusedcolor>
                    <align>center</align>
                    <textwidth>435</textwidth>
                    <onclick>InhibitIdleShutdown(false)</onclick>
                    <pulseonselect>no</pulseonselect>
                    <font>font13</font>
                    <label>13018</label>
                </control>
            </control>
            <control type="image//0ff" id="23">
                <description>background bottom image</description>
                <left>0</left>
                <width>510</width>
                <height>38</height>
                <texture border="20,0,19,20">$VAR[DialogPath]DialogContextBottom.png</texture>
            </control>
            <control type="group" id="24">
                <width>510</width>
                <height>80</height>
                <control type="image">
                    <description>background image</description>
                    <left>0</left>
                    <top>0</top>
                    <width>510</width>
                    <height>100</height>
                    <texture border="25,5,25,5">dialogcontextmenu-DLR.png</texture>
                </control>
        <control type="grouplist" id="1612">
            <depth>DepthFooter</depth>
            <include>Window_OpenClose_Animation</include>
            <left>0</left>
            <top>10</top>
            <onleft></onleft>
            <onright></onright>
            <onup ></onup>
            <ondown></ondown>
            <align>center</align>
            <orientation>horizontal</orientation>
            <itemgap>15</itemgap>
            <control type="radiobutton" id="41">
                <description>Select Matrix-Tools</description>
                <textureradioonfocus>danger.png</textureradioonfocus>
                <textureradioonnofocus>settings2.png</textureradioonnofocus>
                <textureradioofffocus>danger.png</textureradioofffocus>
                <textureradiooffnofocus>settings2.png</textureradiooffnofocus>
                <texturefocus border="5" colordiffuse="$VAR[MainColorOne]">folder-focus.png</texturefocus>
                <texturenofocus border="5">floor_button.png</texturenofocus>
                <width>68</width>
                <height>68</height>
                <radiowidth>65</radiowidth>
                <radioheight>65</radioheight>
                <radioposx>1</radioposx>
                <radioposy>1</radioposy>
                <label>1036</label>
                <font></font>
                <onup >11</onup>
                <ondown>1</ondown>
                <onclick condition="!Skin.HasSetting(HideFavorites)">RunScript("special://home/addons/plugin.program.downloaderstartup/PY/SelectMatrix/DialogSelectMatrix.py")</onclick>
                <include condition="!String.IsEmpty(Skin.String(HomeTrans))">HomeTransparentEffect</include>
                <visible>System.HasAddon(plugin.program.downloader19)</visible>
            </control>
            <control type="radiobutton" id="42">
                <description>Tools</description>
                <textureradioonfocus>tools.png</textureradioonfocus>
                <textureradioonnofocus>tools.png</textureradioonnofocus>
                <textureradioofffocus>tools.png</textureradioofffocus>
                <textureradiooffnofocus>tools.png</textureradiooffnofocus>
                <texturefocus border="5" colordiffuse="$VAR[MainColorOne]">folder-focus.png</texturefocus>
                <texturenofocus border="5">floor_button.png</texturenofocus>
                <width>68</width>
                <height>68</height>
                <radiowidth>52</radiowidth>
                <radioheight>52</radioheight>
                <radioposx>8</radioposx>
                <radioposy>8</radioposy>
                <label>31003</label>
                <font></font>
                <onfocus></onfocus>
                <onup >11</onup>
                <ondown>1</ondown>
                <onclick>RunScript("special://home/addons/plugin.program.downloaderstartup/PY/Tools/Programs.py")</onclick>
                <include condition="!String.IsEmpty(Skin.String(HomeTrans))">HomeTransparentEffect</include>
                <visible>System.HasAddon(plugin.program.downloader19)</visible>
            </control>
            <control type="radiobutton" id="43">
                <description>Profiles</description>
                <textureradioonfocus>Profile.png</textureradioonfocus>
                <textureradioonnofocus>Profile.png</textureradioonnofocus>
                <textureradioofffocus>Profile.png</textureradioofffocus>
                <textureradiooffnofocus>Profile.png</textureradiooffnofocus>
                <texturefocus border="5" colordiffuse="$VAR[MainColorOne]">folder-focus.png</texturefocus>
                <texturenofocus border="5">floor_button.png</texturenofocus>
                <width>68</width>
                <height>68</height>
                <radiowidth>52</radiowidth>
                <radioheight>52</radioheight>
                <radioposx>8</radioposx>
                <radioposy>8</radioposy>
                <label></label>
                <font></font>
                <onup >11</onup>
                <ondown>1</ondown>
                <onclick>RunScript("special://home/addons/plugin.program.downloaderstartup/PY/skin/Profile.py")</onclick>
                <include condition="!String.IsEmpty(Skin.String(HomeTrans))">HomeTransparentEffect</include>
                <visible></visible>
            </control>
            <control type="radiobutton" id="44">
                <description>Androidapps</description>
                <textureradioonfocus>Androidapps.png</textureradioonfocus>
                <textureradioonnofocus>Androidapps.png</textureradioonnofocus>
                <textureradioofffocus>Androidapps.png</textureradioofffocus>
                <textureradiooffnofocus>Androidapps.png</textureradiooffnofocus>
                <texturefocus border="5" colordiffuse="$VAR[MainColorOne]">folder-focus.png</texturefocus>
                <texturenofocus border="5">floor_button.png</texturenofocus>
                <width>68</width>
                <height>68</height>
                <radiowidth>52</radiowidth>
                <radioheight>52</radioheight>
                <radioposx>8</radioposx>
                <radioposy>8</radioposy>
                <label></label>
                <font></font>
                <onup >11</onup>
                <ondown>1</ondown>
                <onclick>ActivateWindow(Programs,Androidapp://Sources/Apps,return)</onclick>
                <include condition="!String.IsEmpty(Skin.String(HomeTrans))">HomeTransparentEffect</include>
                <visible>System.Platform.Android</visible>
                <visible>!Skin.HasSetting(wizardpushBtn)</visible>
            </control>
            <control type="radiobutton" id="45">
                <description>Games</description>
                <textureradioonfocus>games.png</textureradioonfocus>
                <textureradioonnofocus>games.png</textureradioonnofocus>
                <textureradioofffocus>games.png</textureradioofffocus>
                <textureradiooffnofocus>games.png</textureradiooffnofocus>
                <texturefocus border="5" colordiffuse="$VAR[MainColorOne]">folder-focus.png</texturefocus>
                <texturenofocus border="5">floor_button.png</texturenofocus>
                <width>68</width>
                <height>68</height>
                <radiowidth>52</radiowidth>
                <radioheight>52</radioheight>
                <radioposx>8</radioposx>
                <radioposy>8</radioposy>
                <onup >11</onup>
                <ondown>1</ondown>
                <onright>1612</onright>
                <label></label>
                <font></font>
                <onclick>activatewindow(games)</onclick>
                <include condition="!String.IsEmpty(Skin.String(HomeTrans))">HomeTransparentEffect</include>
            </control>
            <control type="radiobutton" id="46">
                <description>TakeScreenshot</description>
                <textureradioonfocus>TakeScreenshot.png</textureradioonfocus>
                <textureradioonnofocus>TakeScreenshot.png</textureradioonnofocus>
                <textureradioofffocus>TakeScreenshot.png</textureradioofffocus>
                <textureradiooffnofocus>TakeScreenshot.png</textureradiooffnofocus>
                <texturefocus border="5" colordiffuse="$VAR[MainColorOne]">folder-focus.png</texturefocus>
                <texturenofocus border="5">floor_button.png</texturenofocus>
                <width>68</width>
                <height>68</height>
                <radiowidth>52</radiowidth>
                <radioheight>52</radioheight>
                <radioposx>8</radioposx>
                <radioposy>8</radioposy>
                <onup >11</onup>
                <ondown>1</ondown>
                <onright>1612</onright>
                <label></label>
                <font></font>
                <onclick>Notification("Προσοχή!","TakeScreenshot",5000,TakeScreenshot/TakeScreenshot.png)</onclick>	
                <onclick>TakeScreenshot</onclick>
                <include condition="!String.IsEmpty(Skin.String(HomeTrans))">HomeTransparentEffect</include>
            </control>
        </control>
            </control>
        </control>
    </controls>
</window>
