<?xml version="1.0" encoding="UTF-8"?>
<includes>
    <include name="DefaultDialogSelectLayout">
        <control type="group">
            <left>265</left>
            <top>90</top>
            <animation effect="slide" start="0,0" end="0,69" time="0" condition="[Control.IsVisible(3) + !Integer.IsGreater(Container(3).NumItems,4)] | [Control.IsVisible(6) + !Integer.IsGreater(Container(6).NumItems,2)]">Conditional</animation>
            <animation effect="slide" start="0,0" end="0,69" time="0" condition="[Control.IsVisible(3) + !Integer.IsGreater(Container(3).NumItems,6)] | [Control.IsVisible(6) + !Integer.IsGreater(Container(6).NumItems,3)]">Conditional</animation>
            <animation effect="slide" start="0,0" end="0,69" time="0" condition="[Control.IsVisible(3) + !Integer.IsGreater(Container(3).NumItems,8)] | [Control.IsVisible(6) + !Integer.IsGreater(Container(6).NumItems,4)]">Conditional</animation>
            <control type="image">
                <description>background image</description>
                <left>0</left>
                <top>0</top>
                <width>1405</width>
                <height>900</height>
                <texture border="40">dialogcontextmenu2.png</texture>
                <visible>[Control.IsVisible(3) + Integer.IsGreater(Container(3).NumItems,8)] | [Control.IsVisible(6) + Integer.IsGreater(Container(6).NumItems,4)]</visible>
            </control>
            <control type="image">
                <description>background image</description>
                <left>0</left>
                <top>0</top>
                <width>1405</width>
                <height>640</height>
                <texture border="40">dialogcontextmenu2.png</texture>
                <visible>[Control.IsVisible(3) + Integer.IsGreater(Container(3).NumItems,6) + !Integer.IsGreater(Container(3).NumItems,8)] | [Control.IsVisible(6) + Integer.IsGreater(Container(6).NumItems,3) + !Integer.IsGreater(Container(6).NumItems,4)]</visible>
            </control>
            <control type="image">
                <description>background image</description>
                <left>0</left>
                <top>0</top>
                <width>1405</width>
                <height>530</height>
                <texture border="40">dialogcontextmenu2.png</texture>
                <visible>[Control.IsVisible(3) + Integer.IsGreater(Container(3).NumItems,4) + !Integer.IsGreater(Container(3).NumItems,6)] | [Control.IsVisible(6) + Integer.IsGreater(Container(6).NumItems,2) + !Integer.IsGreater(Container(6).NumItems,3)]</visible>
            </control>
            <control type="image">
                <description>background image</description>
                <left>0</left>
                <top>0</top>
                <width>1405</width>
                <height>411</height>
                <texture border="40">dialogcontextmenu2.png</texture>
                <visible>[Control.IsVisible(3) + !Integer.IsGreater(Container(3).NumItems,4)] | [Control.IsVisible(6) + !Integer.IsGreater(Container(6).NumItems,2)]</visible>
            </control>
            <control type="image">
                <description>Dialog Header image</description>
                <left>0</left>
                <top>5</top>
                <width>1300</width>
                <height>100</height>
                <texture>dialogheader.png</texture>
            </control>
            <control type="label" id="1">
                <description>header label</description>
                <left>90</left>
                <top>20</top>
                <width>1200</width>
                <height>45</height>
                <font>font12_title</font>
                <label>$LOCALIZE[13406]</label>
                <align>center</align>
                <aligny>center</aligny>
                <textcolor>selected</textcolor>
                <shadowcolor>black</shadowcolor>
            </control>
            <control type="label" id="4">
                <description>No Settings Label</description>
                <left>30</left>
                <top>180</top>
                <width>1325</width>
                <align>center</align>
                <font>font13</font>
            </control>
            <control type="list" id="3">
                <left>30</left>
                <top>120</top>
                <width>1325</width>
                <height>760</height>
                <onup>3</onup>
                <ondown>3</ondown>
                <onleft>7</onleft>
                <onright>61</onright>
                <pagecontrol>61</pagecontrol>
                <itemlayout height="69" width="1325">
                    <control type="image">
                        <left>0</left>
                        <top>0</top>
                        <width>1325</width>
                        <height>60</height>
                        <texture border="5">mediabladesub.png</texture>
                    </control>
                    <control type="label">
                        <left>30</left>
                        <top>0</top>
                        <width>1225</width>
                        <height>60</height>
                        <font>Arial26</font>
                        <textcolor>grey2</textcolor>
                        <selectedcolor>selected</selectedcolor>
                        <align>center</align>
                        <aligny>center</aligny>
                        <label>$INFO[ListItem.Label]</label>
                    </control>
                </itemlayout>
                <focusedlayout height="69" width="1325">
                    <control type="image">
                        <left>0</left>
                        <top>0</top>
                        <width>1325</width>
                        <height>60</height>
                        <texture border="5">button-nofocus.png</texture>
                        <visible>!Control.HasFocus(3)</visible>
                        <include>VisibleFadeEffect</include>
                    </control>
                    <control type="image">
                        <left>0</left>
                        <top>0</top>
                        <width>1325</width>
                        <height>60</height>
                        <texture border="5" colordiffuse="$VAR[MainColorOne]">$VAR[SelectButton2]</texture>
                        <visible>Control.HasFocus(3)</visible>
                        <include>VisibleFadeEffect</include>
                    </control>
                    <control type="image">
                        <left>3</left>
                        <top>4</top>
                        <width>120</width>
                        <height>120</height>
                        <texture>$INFO[Listitem.Icon]</texture>
                        <aspectratio>keep</aspectratio>
                        <bordertexture border="3">black-back2.png</bordertexture>
                        <bordersize>2</bordersize>
                    </control>
                    <control type="label">
                        <left>30</left>
                        <top>0</top>
                        <width>1225</width>
                        <height>60</height>
                        <font>Arial26</font>
                        <textcolor>white</textcolor>
                        <selectedcolor>selected</selectedcolor>
                        <align>center</align>
                        <aligny>center</aligny>
                        <label>$INFO[ListItem.Label]</label>
                    </control>
                </focusedlayout>
            </control>
            <control type="list" id="6">
                <left>30</left>
                <top>110</top>
                <width>1325</width>
                <height>770</height>
                <onup>6</onup>
                <ondown>6</ondown>
                <onleft>7</onleft>
                <onright>61</onright>
                <pagecontrol>61</pagecontrol>
                <scrolltime>200</scrolltime>
                <itemlayout height="138" width="1325">
                    <control type="image">
                        <left>0</left>
                        <top>0</top>
                        <width>1325</width>
                        <height>100</height>
                        <texture border="5"></texture>
                    </control>
                    <control type="image">
                        <left>3</left>
                        <top>4</top>
                        <width>90</width>
                        <height>90</height>
                        <texture>$INFO[Listitem.Icon]</texture>
                        <aspectratio>keep</aspectratio>
                        <bordertexture border="3">black-back2.png</bordertexture>
                        <bordersize>2</bordersize>
                    </control>
                    <control type="label">
                        <left>135</left>
                        <top>3</top>
                        <width>1225</width>
                        <height>45</height>
                        <font>font13</font>
                        <textcolor>grey</textcolor>
                        <selectedcolor>selected</selectedcolor>
                        <align>left</align>
                        <aligny>center</aligny>
                        <label>[B]$INFO[ListItem.Label][/B]</label>
                    </control>
                    <control type="textbox">
                        <left>135</left>
                        <top>51</top>
                        <width>1225</width>
                        <height>72</height>
                        <font>font12</font>
                        <textcolor>grey</textcolor>
                        <selectedcolor>selected</selectedcolor>
                        <align>left</align>
                        <label>$INFO[ListItem.Label2]</label>
                    </control>
                </itemlayout>
                <focusedlayout height="138" width="1325">
                    <control type="image">
                        <left>0</left>
                        <top>0</top>
                        <width>1325</width>
                        <height>100</height>
                        <texture border="5">button-nofocus.png</texture>
                        <visible>!Control.HasFocus(6)</visible>
                        <include>VisibleFadeEffect</include>
                    </control>
                    <control type="image">
                        <left>0</left>
                        <top>0</top>
                        <width>1325</width>
                        <height>100</height>
                        <texture border="5" colordiffuse="$VAR[MainColorOne]">$VAR[SelectButton2]</texture>
                        <visible>Control.HasFocus(6)</visible>
                        <include>VisibleFadeEffect</include>
                    </control>
                    <control type="image">
                        <left>3</left>
                        <top>4</top>
                        <width>90</width>
                        <height>90</height>
                        <texture>$INFO[Listitem.Icon]</texture>
                        <aspectratio>keep</aspectratio>
                        <bordertexture border="3">black-back2.png</bordertexture>
                        <bordersize>2</bordersize>
                    </control>
                    <control type="label">
                        <left>135</left>
                        <top>3</top>
                        <width>1225</width>
                        <height>45</height>
                        <font>font13</font>
                        <textcolor>white</textcolor>
                        <selectedcolor>selected</selectedcolor>
                        <align>left</align>
                        <aligny>center</aligny>
                        <label>[B]$INFO[ListItem.Label][/B]</label>
                    </control>
                    <control type="textbox">
                        <left>135</left>
                        <top>51</top>
                        <width>1225</width>
                        <height>72</height>
                        <font>font12</font>
                        <textcolor>grey</textcolor>
                        <selectedcolor>selected</selectedcolor>
                        <align>left</align>
                        <label>$INFO[ListItem.Label2]</label>
                    </control>
                </focusedlayout>
            </control>
            <control type="scrollbar" id="61">
                <left>1365</left>
                <top>100</top>
                <width>38</width>
                <height>790</height>
                <texturesliderbackground border="0,14,0,14">ScrollBarV.png</texturesliderbackground>
                <texturesliderbar border="0,14,0,14">ScrollBarV_bar.png</texturesliderbar>
                <texturesliderbarfocus border="0,14,0,14" colordiffuse="$VAR[MainColorOne]">ScrollBarV_bar_focus.png</texturesliderbarfocus>
                <textureslidernib colordiffuse="$VAR[MainColorOne]">ScrollBarNib.png</textureslidernib>
                <textureslidernibfocus colordiffuse="$VAR[MainColorOne]">ScrollBarNib.png</textureslidernibfocus>
                <onleft condition="Control.IsVisible(3)">3</onleft>
                <onleft condition="Control.IsVisible(6)">6</onleft>
                <onright>90</onright>
                <ondown>61</ondown>
                <onup>90</onup>
                <showonepage>false</showonepage>
                <orientation>vertical</orientation>
            </control>
            <control type="group">
                <control type="label">
                    <description>number of files/pages in list text label</description>
                    <left>3</left>
                    <top>50</top>
                    <width>400</width>
                    <height>52</height>
                    <font>font12</font>
                    <align>center</align>
                    <aligny>center</aligny>
                    <textcolor>grey</textcolor>
                    <label>$VAR[SelectLabel]</label>
                </control>
                <control type="grouplist" id="90">
                    <left>1280</left>
                    <top>20</top>
                <ondown>61</ondown>
                    <onleft condition="Control.IsVisible(3)">3</onleft>
                    <onleft condition="Control.IsVisible(6)">6</onleft>
                    <onright condition="Control.IsVisible(3)">3</onright>
                    <onright condition="Control.IsVisible(6)">6</onright>
                    <control type="button" id="5">
                        <description>Manual button</description>
                        <width>120</width>
                        <height>40</height>
                        <label />
                        <font>font12_title</font>
                        <textcolor>white</textcolor>
                        <focusedcolor>white</focusedcolor>
                        <align>center</align>
                    </control>
                    <control type="button" id="7">
                        <description>Cancel button</description>
                        <width>120</width>
                        <height>40</height>
                        <label />
                        <font>font12_title</font>
                        <textcolor>white</textcolor>
                        <focusedcolor>white</focusedcolor>
                        <align>center</align>
                    </control>
                </control>
            </control>
        </control>
    </include>
    <include name="GameDialogSelectLayout">
        <control type="group">
            <left>30</left>
            <top>612</top>
            <control type="image">
                <description>background image</description>
                <left>0</left>
                <top>0</top>
                <width>1860</width>
                <height>453</height>
                <texture border="40">dialogcontextmenu2.png</texture>
            </control>
            <control type="image">
                <description>Dialog Header image</description>
                <left>60</left>
                <top>24</top>
                <width>1860</width>
                <height>60</height>
                <texture>$VAR[DialogPath]dialogheader.png</texture>
            </control>
            <control type="label">
                <description>header label</description>
                <left>60</left>
                <top>30</top>
                <width>1860</width>
                <height>45</height>
                <font>Arial_title</font>
                <label>$VAR[GameSelectHeader]</label>
                <align>center</align>
                <aligny>center</aligny>
                <textcolor>selected</textcolor>
                <shadowcolor>black</shadowcolor>
            </control>
            <control type="button">
                <description>Close Window button</description>
                <left>1731</left>
                <top>22</top>
                <onclick>PreviousMenu</onclick>
                <include>DialogCloseButton</include>
                <onleft>3</onleft>
                <onright>3</onright>
                <onup>3</onup>
                <ondown>3</ondown>
            </control>
            <control type="panel" id="11">
                <left>30</left>
                <top>98</top>
                <width>1800</width>
                <height>322</height>
                <onleft>11</onleft>
                <onright>11</onright>
                <scrolltime>200</scrolltime>
                <viewtype label="536">icon</viewtype>
                <orientation>horizontal</orientation>
                <pagecontrol />
                <orientation>vertical</orientation>
                <itemlayout height="322" width="360">
                    <control type="image">
                        <left>3</left>
                        <top>3</top>
                        <width>352</width>
                        <height>316</height>
                        <texture border="3">mediabladesub.png</texture>
                    </control>
                    <control type="gamewindow">
                        <left>10</left>
                        <top>30</top>
                        <width>330</width>
                        <height>225</height>
                        <viewmode>$INFO[ListItem.Property(game.viewmode)]</viewmode>
                        <videofilter>$INFO[ListItem.Property(game.videofilter)]</videofilter>
                        <rotation>$INFO[ListItem.Property(game.videorotation)]</rotation>
                    </control>
                    <control type="label">
                        <left>10</left>
                        <top>278</top>
                        <width>339</width>
                        <height>22</height>
                        <font>font12</font>
                        <selectedcolor>selected</selectedcolor>
                        <align>center</align>
                        <aligny>center</aligny>
                        <label>$INFO[ListItem.Label]$INFO[ListItem.Label2, (,)]</label>
                    </control>
                </itemlayout>
                <focusedlayout height="322" width="360">
                    <control type="image">
                        <left>3</left>
                        <top>3</top>
                        <width>352</width>
                        <height>316</height>
                        <texture border="3" colordiffuse="$VAR[MainColorOne]">folder-focus.png</texture>
                    </control>
                    <control type="gamewindow">
                        <left>10</left>
                        <top>30</top>
                        <width>330</width>
                        <height>225</height>
                        <viewmode>$INFO[ListItem.Property(game.viewmode)]</viewmode>
                        <videofilter>$INFO[ListItem.Property(game.videofilter)]</videofilter>
                        <rotation>$INFO[ListItem.Property(game.videorotation)]</rotation>
                    </control>
                    <control type="label">
                        <left>10</left>
                        <top>278</top>
                        <width>339</width>
                        <height>22</height>
                        <font>font12</font>
                        <selectedcolor>selected</selectedcolor>
                        <align>center</align>
                        <aligny>center</aligny>
                        <label>$INFO[ListItem.Label]$INFO[ListItem.Label2, (,)]</label>
                    </control>
                </focusedlayout>
            </control>
        </control>
    </include>
</includes>
