<?xml version="1.0" encoding="UTF-8"?>
<window>
	<defaultcontrol always="true">50</defaultcontrol>
	<menucontrol>9000</menucontrol>
	<onload condition="!Skin.HasSetting(FirstTimeRun)">ActivateWindow(1112)</onload>
	<views>50,51,500</views>
	<controls>
		<include>CommonBackground</include>
		<include>ContentPanelBackgrounds</include>
			<control type="button" id="118">
				<left>25</left>
				<top>3</top>
				<width>250</width>
				<height>54</height>
				<font>fontContextMenu</font>
                <textcolor>orange</textcolor>
				<focusedcolor>orange</focusedcolor>
				<shadowcolor></shadowcolor>
            <onup>50</onup>
            <ondown>50</ondown>
				<onleft>60</onleft>
				<onright>119</onright>
				<label></label>
				<onclick>ActivateWindow(Videos,"plugin://plugin.program.mypreferences/?13.FAVORITES TV&amp;mode=400&amp;path=special%3A%2F%2Fprofile%2Faddon_data%2Fplugin.program.mypreferences%5C13.FAVORITES")</onclick>
			</control>
			<control type="button" id="119">
				<left>1420</left>
				<top>100</top>
				<width>250</width>
				<height>45</height>
				<font>fontContextMenu</font>
                <textcolor>orange</textcolor>
				<focusedcolor>orange</focusedcolor>
				<shadowcolor></shadowcolor>
            <onup>121</onup>
            <ondown>120</ondown>
				<onleft>60</onleft>
				<onright>50</onright>
				<label>     [B]Προτιμήσεις[/B]</label>
				<onclick>RunScript("special://home/addons/plugin.program.downloaderstartup/PY/mypreferences.py")</onclick>
			</control>
			<control type="button" id="120">
				<left>1420</left>
				<top>150</top>
				<width>270</width>
				<height>45</height>
				<font>fontContextMenu</font>
                <textcolor>blue</textcolor>
				<focusedcolor>blue</focusedcolor>
				<shadowcolor></shadowcolor>
            <onup>119</onup>
            <ondown>121</ondown>
				<onleft>60</onleft>
				<onright>50</onright>
				<label>  [B]Super Favourites[/B]</label>
				<onclick>ActivateWindow(10025,"plugin://plugin.program.super.favourites/?content_type=video",return)</onclick>
			</control>
			<control type="button" id="121">
				<left>1420</left>
				<top>260</top>
				<width>250</width>
				<height>45</height>
				<font>fontContextMenu</font>
                <textcolor>grey</textcolor>
				<focusedcolor>red</focusedcolor>
				<shadowcolor></shadowcolor>
            <onup>120</onup>
            <ondown>119</ondown>
				<onleft>60</onleft>
				<onright>50</onright>
				<label> [B]Διαγραφή ΟΛΩΝ[/B]</label>
				<onclick>RunScript("special://home/addons/plugin.program.downloaderstartup/PY/skin/Favourites_Delete.py")</onclick>
			</control>
		<control type="group">
			<include>Window_OpenClose_Animation</include>
			<!-- view id = 50 -->
			<include>CommonRootView21</include>
			<!-- view id = 51 -->
			<!-- view id = 500 -->
		</control>
		<control type="group">
			<depth>DepthFooter</depth>
			<include>CommonPageCount</include>
			<include>CommonNowPlaying</include>
		</control>
		<include>MainWindowMouseButtons</include>
		<include>BehindDialogFadeOut</include>
		<include>ScrollOffsetLabel</include>
		<include content="CommonWindowHeader">
			<param name="Icon" value="icon_favourites" />
			<param name="Label" value="$LOCALIZE[10134]" />
		</include>
	</controls>
</window>
