<?xml version="1.0" encoding="UTF-8"?>
<includes>
    <include name="WallView2">
        <control type="group">
            <visible>Container.Content(addons)</visible>
            <include>VisibleFadeEffect</include>
            <control type="panel" id="909">
                
                <visible>Container.Content(addons)</visible>
                
                <left>60</left><!-- BEFORE SCROLLBAR WAS ADDED - left=16 -->
                <top>70</top>
                <width>1860</width>
                <height>840</height>
                <onleft>2</onleft>
                <onright>60</onright><!-- 60 -->
                <onup>909</onup>
                <ondown>909</ondown>
                <viewtype label="Wall View Full">list</viewtype>
                <pagecontrol>60</pagecontrol>
                <!--<scrolltime tween="sine" easing="inout">450</scrolltime>-->
                <orientation>vertical</orientation>
                <scrolltime tween="quadratic" easing="out">200</scrolltime>
                <preloaditems>4</preloaditems>
                <!-- ============================================================================ -->
                <itemlayout width="139" height="209"><!-- width="179" height="275" -->  <!-- height cut from 214 to 210 -->
                    <!-- solid black bg -->
                    <!--
                    <control type="image">
                        <left>0</left>
                        <top>0</top>
                        <width>138</width>
                        <height>208</height>
                        <texture background="true">_added_img/posterwall_100x100_black.png</texture>
                        <aspectratio align="center" aligny="center">scale</aspectratio>
                    </control>
                    -->
                    <!-- new: border texture only -->
                    <control type="image">
                        <left>0</left>
                        <top>0</top>
                        <width>138</width>
                        <height>208</height>
                        <bordertexture border="6">button-nofocus.png</bordertexture>
                        <bordersize>6</bordersize>
                        <texture background="true">_added_img/posterwall_100x100_clear.</texture>
                        <aspectratio align="center" aligny="center">scale</aspectratio>
                    </control>
                    
                    
                    
                    <!-- GENRE -->
                    <control type="image">
                        <left>6</left>
                        <top>6</top>
                        <width>126</width>
                        <height>184</height>
                        <texture background="true" fallback="special://skin/media/genres/_fallback.png">special://skin/media/genres/$INFO[ListItem.Label,,.png]</texture>
                        <aspectratio>keep</aspectratio>
                        <visible>String.IsEmpty(ListItem.Art(poster)) + Container.Content(Genres) + !String.IsEqual(ListItem.Icon,DefaultFolderBack.png) + [String.StartsWith(Container.FolderPath,library://video/movies/) | String.StartsWith(Container.FolderPath,videodb://movies/) | String.StartsWith(Container.FolderPath,library://video/tvshows/) | String.StartsWith(Container.FolderPath,videodb://tvshows/)]</visible>
                    </control>
                    
                    
                    
                    <!-- poster image option a: scaled (if poster IS available) -->
                    <control type="image">
                        <left>6</left>
                        <top>6</top>
                        <width>126</width>
                        <height>184</height>
                        <texture background="true">$VAR[PosterThumb]</texture>
                        <aspectratio>scale</aspectratio>
                        <visible>String.IsEmpty(Container.PluginName) + !String.IsEmpty(ListItem.Art(poster))</visible>
                    </control>
                    <!-- poster image option b: keep (if poster is NOT available) -->
                    <control type="image">
                        <left>6</left>
                        <top>6</top>
                        <width>126</width>
                        <height>184</height>
                        <texture background="true">$VAR[PosterThumb]</texture>
                        <aspectratio>keep</aspectratio>
                        <visible>[!String.IsEmpty(Container.PluginName) | String.IsEmpty(ListItem.Art(poster))] + [     !Container.Content(Genres) | [Container.Content(Genres) + [String.IsEqual(ListItem.Icon,DefaultFolderBack.png) | [!String.StartsWith(Container.FolderPath,library://video/movies/) + !String.StartsWith(Container.FolderPath,videodb://movies/) + !String.StartsWith(Container.FolderPath,library://video/tvshows/) + !String.StartsWith(Container.FolderPath,videodb://tvshows/)]]]     ]</visible>
                    </control>
                    
                    
                    
                    <!-- ISO / DVD IMAGE OVERLAY -->
                    <control type="image">
                        <left>60</left><!-- 112 -->
                        <top>180</top>
                        <width>18</width>
                        <height>10</height>
                        <aspectratio>keep</aspectratio>
                        <texture background="true">_added_img/OverlayDiscImage.png</texture>
                        <visible>String.IsEqual(ListItem.FileExtension,iso) | String.IsEqual(ListItem.FileExtension,ifo)</visible>
                    </control>
                    
                    
                    
                    <!-- label text -->
                    <control type="label">
                        <left>6</left>
                        <top>180</top>
                        <width>126</width>
                        <height>24</height>
                        <font>font12</font>
                        <textcolor>grey2</textcolor>
                        <selectedcolor>selected</selectedcolor>
                        <align>center</align>
                        <aligny>center</aligny>
                        <info>ListItem.Label</info>
                    </control>
                    <!-- overlay (watched etc.) -->
                    <control type="image">
                        <left>110</left>
                        <top>165</top>
                        <width>21</width>
                        <height>21</height>
                        <aspectratio>keep</aspectratio>
                        <texture background="true">$INFO[ListItem.Overlay]</texture>
                    </control>
                </itemlayout>
                <!-- ============================================================================ -->
                <focusedlayout width="139" height="209"><!-- width="179" height="275" -->  <!-- height cut from 214 to 210 -->
                    <!-- new: border texture only -->
                    <control type="image">
                        <left>0</left>
                        <top>25</top>
                        <width>138</width>
                        <height>150</height>
                        <bordertexture border="6">_added_img/posterwall_100x100_blue_border_6px.png</bordertexture>
                        <bordersize>6</bordersize>
                        <texture background="true">_added_img/posterwall_100x100_clear.png</texture>
                        <aspectratio align="center" aligny="center">scale</aspectratio>
                    </control>
                    
                    
                    
                    <!-- GENRE -->
                    <control type="image">
                        <left>6</left>
                        <top>6</top>
                        <width>126</width>
                        <height>184</height>
                        <texture background="true" fallback="special://skin/media/genres/_fallback.png">special://skin/media/genres/$INFO[ListItem.Label,,.png]</texture>
                        <aspectratio>keep</aspectratio>
                        <visible>String.IsEmpty(ListItem.Art(poster)) + Container.Content(Genres) + !String.IsEqual(ListItem.Icon,DefaultFolderBack.png) + [String.StartsWith(Container.FolderPath,library://video/movies/) | String.StartsWith(Container.FolderPath,videodb://movies/) | String.StartsWith(Container.FolderPath,library://video/tvshows/) | String.StartsWith(Container.FolderPath,videodb://tvshows/)]</visible>
                    </control>
                    
                    
                    
                    <!-- poster image option a: scaled (if poster IS available) -->
                    <control type="image">
                        <left>6</left>
                        <top>6</top>
                        <width>126</width>
                        <height>184</height>
                        <texture background="true">$VAR[PosterThumb]</texture>
                        <aspectratio>scale</aspectratio>
                        <visible>String.IsEmpty(Container.PluginName) + !String.IsEmpty(ListItem.Art(poster))</visible>
                    </control>
                    <!-- poster image option b: keep (if poster is NOT available) -->
                    <control type="image">
                        <left>6</left>
                        <top>6</top>
                        <width>126</width>
                        <height>184</height>
                        <texture background="true">$VAR[PosterThumb]</texture>
                        <aspectratio>keep</aspectratio>
                        <visible>[!String.IsEmpty(Container.PluginName) | String.IsEmpty(ListItem.Art(poster))] + [     !Container.Content(Genres) | [Container.Content(Genres) + [String.IsEqual(ListItem.Icon,DefaultFolderBack.png) | [!String.StartsWith(Container.FolderPath,library://video/movies/) + !String.StartsWith(Container.FolderPath,videodb://movies/) + !String.StartsWith(Container.FolderPath,library://video/tvshows/) + !String.StartsWith(Container.FolderPath,videodb://tvshows/)]]]     ]</visible>
                    </control>
                    
                    
                    
                    <!-- ISO / DVD IMAGE OVERLAY -->
                    <control type="image">
                        <left>60</left><!-- 112 -->
                        <top>180</top>
                        <width>18</width>
                        <height>10</height>
                        <aspectratio>keep</aspectratio>
                        <texture background="true">_added_img/OverlayDiscImage.png</texture>
                        <visible>String.IsEqual(ListItem.FileExtension,iso) | String.IsEqual(ListItem.FileExtension,ifo)</visible>
                    </control>
                    
                    
                    
                    <!-- label highlighted background -->
                    <control type="image">
                        <left>0</left>
                        <top>178</top>
                        <width>138</width>
                        <height>35</height>
                        <aspectratio>stretch</aspectratio>
                        <texture background="true">_added_img/posterwall_100x100_blue.png</texture>
                    </control>
                    <!-- label text -->
                    <control type="label">
                        <left>6</left>
                        <top>182</top>
                        <width>126</width>
                        <height>24</height>
                        <font>font12</font>
                        <textcolor>white</textcolor>
                        <selectedcolor>white</selectedcolor>
                        <align>center</align>
                        <aligny>center</aligny>
                        <info>ListItem.Label</info>
                    </control>
                    <!-- overlay (watched etc.) -->
                    <control type="image">
                        <left>110</left>
                        <top>165</top>
                        <width>21</width>
                        <height>21</height>
                        <aspectratio>keep</aspectratio>
                        <texture background="true">$INFO[ListItem.Overlay]</texture>
                    </control>
                </focusedlayout>
                <!-- ============================================================================ -->
            </control>
            
            <control type="image">
                <include>VisibleFadeEffect</include>
                <left>665</left>
                <top>100r</top>
                <width>580</width>
                <height>70</height>
                <texture background="true">.png</texture>
                <visible>Control.IsVisible(909)</visible>
            </control>
            
            <control type="scrollbar" id="60">
                <left>1880</left>
                <top>60</top>
                <width>40</width>
                <height>860</height><!--680-->
                <texturesliderbackground border="0,14,0,14">ScrollBarV.png</texturesliderbackground>
                <texturesliderbar border="2,16,2,16">ScrollBarV_bar.png</texturesliderbar>
                <texturesliderbarfocus border="2,16,2,16">ScrollBarV_bar_focus.png</texturesliderbarfocus>
                <textureslidernib>ScrollBarNib.png</textureslidernib>
                <textureslidernibfocus>ScrollBarNib.png</textureslidernibfocus>
                <onleft>2</onleft>
                <onright>800</onright>
                <showonepage>false</showonepage>
                <orientation>vertical</orientation>
                <visible>Control.IsVisible(909)</visible>
            </control>

        </control>
    </include>
    
    
    
    <include name="CommonRootView">
        <control type="group">
            <visible>Control.IsVisible(50)</visible>
            <include>VisibleFadeEffect</include>
            <control type="list" id="50">
                <left>105</left>
                <top>117</top>
                <width>1035</width>
                <height>842</height>
                <onleft>2</onleft>
                <onright>60</onright>
                <onup>50</onup>
                <ondown>50</ondown>
                <viewtype label="535">list</viewtype>
                <pagecontrol>60</pagecontrol>
                <scrolltime>200</scrolltime>
                <itemlayout height="60" width="870">
                    <control type="image">
                        <left>0</left>
                        <top>0</top>
                        <width>1035</width>
                        <height>62</height>
                        <texture border="0,2,0,2">MenuItemNF.png</texture>
                    </control>
                    <control type="label">
                        <left>15</left>
                        <top>0</top>
                        <width>870</width>
                        <height>60</height>
                        <font>font13</font>
                        <textcolor>grey2</textcolor>
                        <selectedcolor>selected</selectedcolor>
                        <align>left</align>
                        <aligny>center</aligny>
                        <label>$INFO[ListItem.Label] - $INFO[listItem.PictureDatetime]</label>
                        <visible>Window.IsVisible(pictures) + !String.IsEmpty(listItem.PictureDatetime)</visible>
                    </control>
                    <control type="label">
                        <left>15</left>
                        <top>0</top>
                        <width>870</width>
                        <height>60</height>
                        <font>font13</font>
                        <textcolor>grey2</textcolor>
                        <selectedcolor>selected</selectedcolor>
                        <align>left</align>
                        <aligny>center</aligny>
                        <label>$INFO[ListItem.Label]</label>
                        <visible>!Window.IsVisible(pictures) | String.IsEmpty(listItem.PictureDatetime)</visible>
                    </control>
                    <control type="label">
                        <left>405</left>
                        <top>0</top>
                        <width>600</width>
                        <height>60</height>
                        <font>font12</font>
                        <textcolor>grey2</textcolor>
                        <selectedcolor>selected</selectedcolor>
                        <align>right</align>
                        <aligny>center</aligny>
                        <label>$INFO[ListItem.Label2]</label>
                        <visible>!Window.IsVisible(Videos)</visible>
                    </control>
                    <control type="label">
                        <left>315</left>
                        <top>0</top>
                        <width>600</width>
                        <height>60</height>
                        <font>font12</font>
                        <textcolor>grey2</textcolor>
                        <selectedcolor>selected</selectedcolor>
                        <align>right</align>
                        <aligny>center</aligny>
                        <label>$INFO[ListItem.Label2]</label>
                        <visible>Window.IsVisible(Videos)</visible>
                        <visible>![Skin.HasSetting(HideRatingsViews) + String.IsEqual(ListItem.Label2,ListItem.Rating)]</visible>
                        <animation effect="slide" start="0,0" end="60,0" delay="0" time="0" condition="![Container.Content(Movies) | Container.Content(Episodes) | Container.Content(MusicVideos)]">conditional</animation>
                    </control>
                    <control type="image">
                        <left>922</left>
                        <top>12</top>
                        <width>60</width>
                        <height>39</height>
                        <texture>$VAR[MediaInfoOverlayVar]</texture>
                        <aspectratio>keep</aspectratio>
                        <visible>Window.IsVisible(Videos) + [Container.Content(Movies) | Container.Content(Sets) | Container.Content(Episodes) | Container.Content(MusicVideos)]</visible>
                    </control>
                    <control type="image">
                        <left>982</left>
                        <top>21</top>
                        <width>24</width>
                        <height>24</height>
                        <texture>OverlayWatching.png</texture>
                        <visible>Window.IsVisible(Videos) + ListItem.IsResumable</visible>
                    </control>
                    <control type="image">
                        <left>982</left>
                        <top>21</top>
                        <width>30</width>
                        <height>24</height>
                        <texture>$INFO[ListItem.Overlay]</texture>
                        <aspectratio>keep</aspectratio>
                        <visible>Window.IsVisible(Videos) + !ListItem.IsResumable</visible>
                    </control>
                </itemlayout>
                <focusedlayout height="60" width="870">
                    <control type="image">
                        <left>0</left>
                        <top>0</top>
                        <width>1035</width>
                        <height>62</height>
                        <texture border="0,2,0,2">MenuItemNF.png</texture>
                        <visible>!Control.HasFocus(50)</visible>
                        <include>VisibleFadeEffect</include>
                    </control>
                    <control type="image">
                        <left>0</left>
                        <top>0</top>
                        <width>1035</width>
                        <height>62</height>
                        <texture border="5" colordiffuse="$VAR[MainColorOne]">$VAR[SelectMenuItem]</texture>
                        <visible>Control.HasFocus(50)</visible>
                        <include>VisibleFadeEffect</include>
                    </control>
                    <control type="label">
                        <left>15</left>
                        <top>0</top>
                        <width>870</width>
                        <height>60</height>
                        <font>font13</font>
                        <textcolor>grey2</textcolor>
                        <selectedcolor>selected</selectedcolor>
                        <align>left</align>
                        <aligny>center</aligny>
                        <label>$INFO[ListItem.Label] - $INFO[ListItem.PictureDatetime]</label>
                        <visible>Window.IsVisible(pictures) + !String.IsEmpty(listItem.PictureDatetime)</visible>
                    </control>
                    <control type="label">
                        <left>15</left>
                        <top>0</top>
                        <width>870</width>
                        <height>60</height>
                        <font>font13</font>
                        <textcolor>white</textcolor>
                        <selectedcolor>selected</selectedcolor>
                        <align>left</align>
                        <aligny>center</aligny>
                        <label>$INFO[ListItem.Label]</label>
                        <visible>!Window.IsVisible(pictures) | String.IsEmpty(listItem.PictureDatetime)</visible>
                    </control>
                    <control type="label">
                        <left>405</left>
                        <top>0</top>
                        <width>600</width>
                        <height>60</height>
                        <font>font12</font>
                        <textcolor>grey2</textcolor>
                        <selectedcolor>selected</selectedcolor>
                        <align>right</align>
                        <aligny>center</aligny>
                        <label>$INFO[ListItem.Label2]</label>
                        <visible>!Window.IsVisible(Videos)</visible>
                    </control>
                    <control type="label">
                        <left>315</left>
                        <top>0</top>
                        <width>600</width>
                        <height>60</height>
                        <font>font12</font>
                        <textcolor>grey2</textcolor>
                        <selectedcolor>selected</selectedcolor>
                        <align>right</align>
                        <aligny>center</aligny>
                        <label>$INFO[ListItem.Label2]</label>
                        <visible>Window.IsVisible(Videos)</visible>
                        <visible>![Skin.HasSetting(HideRatingsViews) + String.IsEqual(ListItem.Label2,ListItem.Rating)]</visible>
                        <animation effect="slide" start="0,0" end="60,0" delay="0" time="0" condition="![Container.Content(Movies) | Container.Content(Episodes) | Container.Content(MusicVideos)]">conditional</animation>
                    </control>
                    <control type="image">
                        <left>922</left>
                        <top>12</top>
                        <width>60</width>
                        <height>39</height>
                        <texture>$VAR[MediaInfoOverlayVar]</texture>
                        <aspectratio>keep</aspectratio>
                        <visible>Window.IsVisible(Videos) + [Container.Content(Movies) | Container.Content(Sets) | Container.Content(Episodes) | Container.Content(MusicVideos)]</visible>
                    </control>
                    <control type="image">
                        <left>982</left>
                        <top>21</top>
                        <width>24</width>
                        <height>24</height>
                        <texture>OverlayWatching.png</texture>
                        <visible>Window.IsVisible(Videos) + ListItem.IsResumable</visible>
                    </control>
                    <control type="image">
                        <left>982</left>
                        <top>21</top>
                        <width>30</width>
                        <height>24</height>
                        <texture>$INFO[ListItem.Overlay]</texture>
                        <aspectratio>keep</aspectratio>
                        <visible>Window.IsVisible(Videos) + !ListItem.IsResumable</visible>
                    </control>
                </focusedlayout>
            </control>
            <control type="scrollbar" id="60">
                <left>1140</left>
                <top>128</top>
                <width>38</width>
                <height>825</height>
                <texturesliderbackground border="0,14,0,14">ScrollBarV.png</texturesliderbackground>
                <texturesliderbar border="0,14,0,14">ScrollBarV_bar.png</texturesliderbar>
                <texturesliderbarfocus border="0,14,0,14" colordiffuse="$VAR[MainColorOne]">ScrollBarV_bar_focus.png</texturesliderbarfocus>
                <textureslidernib colordiffuse="$VAR[MainColorOne]">ScrollBarNib.png</textureslidernib>
                <textureslidernibfocus colordiffuse="$VAR[MainColorOne]">ScrollBarNib.png</textureslidernibfocus>
                <onleft>50</onleft>
                <onright>800</onright>
                <showonepage>true</showonepage>
                <orientation>vertical</orientation>
                <visible>Control.IsVisible(50)</visible>
            </control>
            <control type="group">
                <depth>DepthContent-</depth>
                <left>1275</left>
                <top>150</top>
                <visible>Control.IsVisible(50)</visible>
                <control type="image">
                    <left>0</left>
                    <top>0</top>
                    <width>540</width>
                    <height>810</height>
                    <aspectratio aligny="bottom">keep</aspectratio>
                    <fadetime>IconCrossfadeTime</fadetime>
                    <texture background="true" fallback="DefaultVideoCover.png">$VAR[PosterThumb]</texture>
                    <bordertexture border="8">ThumbShadow.png</bordertexture>
                    <bordersize>8</bordersize>
                    <visible>String.IsEqual(ListItem.Label,..) | !Container.Content(Episodes)</visible>
                    <visible>!Container.Content(genres) + !Container.Content(studios) + !Container.Content(countries)</visible>
                </control>
                <control type="image">
                    <left>0</left>
                    <top>0</top>
                    <width>540</width>
                    <height>810</height>
                    <aspectratio aligny="bottom">keep</aspectratio>
                    <fadetime>IconCrossfadeTime</fadetime>
                    <texture background="true" fallback="DefaultVideoCover.png">$VAR[PosterThumb]</texture>
                    <bordertexture border="8">ThumbShadow.png</bordertexture>
                    <bordersize>8</bordersize>
                    <visible>Container.Content(Episodes) + !Skin.HasSetting(HideEpisodeThumb) + !String.IsEqual(ListItem.Label,..)</visible>
                </control>
                <control type="image">
                    <left>0</left>
                    <top>0</top>
                    <width>540</width>
                    <height>810</height>
                    <aspectratio aligny="bottom">keep</aspectratio>
                    <fadetime>IconCrossfadeTime</fadetime>
                    <texture background="true" fallback="DefaultVideoCover.png">$INFO[ListItem.Art(fanart)]</texture>
                    <bordertexture border="8">ThumbShadow.png</bordertexture>
                    <bordersize>8</bordersize>
                    <visible>Container.Content(Episodes) + Skin.HasSetting(HideEpisodeThumb) + !String.IsEqual(ListItem.Label,..)</visible>
                </control>
                <control type="image">
                    <left>0</left>
                    <top>0</top>
                    <width>540</width>
                    <height>810</height>
                    <aspectratio aligny="bottom">keep</aspectratio>
                    <fadetime>IconCrossfadeTime</fadetime>
                    <texture background="true" fallback="DefaultGenre.png">$VAR[MovieGenreIcon]</texture>
                    <bordertexture border="8">ThumbShadow.png</bordertexture>
                    <bordersize>8</bordersize>
                    <visible>Container.Content(genres)</visible>
                </control>
                <control type="image">
                    <left>0</left>
                    <top>0</top>
                    <width>540</width>
                    <height>810</height>
                    <aspectratio aligny="bottom">keep</aspectratio>
                    <fadetime>IconCrossfadeTime</fadetime>
                    <texture background="true" fallback="DefaultStudios.png">$VAR[StudioIcon]</texture>
                    <bordertexture border="8">ThumbShadow.png</bordertexture>
                    <bordersize>8</bordersize>
                    <visible>Container.Content(studios)</visible>
                </control>
                <control type="image">
                    <left>0</left>
                    <top>0</top>
                    <width>540</width>
                    <height>810</height>
                    <aspectratio aligny="bottom">keep</aspectratio>
                    <fadetime>IconCrossfadeTime</fadetime>
                    <texture background="true" fallback="DefaultCountry.png">$VAR[FlagIcon]</texture>
                    <bordertexture border="8">ThumbShadow.png</bordertexture>
                    <bordersize>8</bordersize>
                    <visible>Container.Content(countries)</visible>
                </control>
                <control type="image">
                    <left>12</left>
                    <top>798</top>
                    <width>516</width>
                    <height>786</height>
                    <aspectratio aligny="top">keep</aspectratio>
                    <fadetime>IconCrossfadeTime</fadetime>
                    <texture diffuse="diffuse_mirror3.png" flipy="true" background="true" fallback="DefaultVideoCover.png">$VAR[PosterThumb]</texture>
                </control>
            </control>
        </control>
    </include>
    <include name="ThumbnailView">
        <control type="group">
            <visible>Control.IsVisible(500)</visible>
            <include>VisibleFadeEffect</include>
            <control type="panel" id="500">
                <left>135</left>
                <top>120</top>
                <width>1620</width>
                <height>838</height>
                <onleft>2</onleft>
                <onright>60</onright>
                <onup>500</onup>
                <ondown>500</ondown>
                <viewtype label="21371">list</viewtype>
                <pagecontrol>60</pagecontrol>
                <orientation>vertical</orientation>
                <scrolltime>200</scrolltime>
                <preloaditems>10</preloaditems>
                <itemlayout condition="!Container.Content(Movies) + !Container.Content(Seasons) + !Container.Content(TVShows) + !Container.Content(Sets)" height="279" width="324">
                    <control type="image">
                        <left>1</left>
                        <top>0</top>
                        <width>321</width>
                        <height>240</height>
                        <bordertexture border="5">button-nofocus.png</bordertexture>
                        <include>TextureBorderViews</include>
                        <texture background="true" fallback="DefaultGenre.png">$VAR[MovieGenreIcon]</texture>
                        <aspectratio>keep</aspectratio>
                        <visible>Container.Content(genres)</visible>
                    </control>
                    <control type="image">
                        <left>1</left>
                        <top>0</top>
                        <width>321</width>
                        <height>240</height>
                        <bordertexture border="5">button-nofocus.png</bordertexture>
                        <include>TextureBorderViews</include>
                        <texture background="true" fallback="DefaultStudios.png">$VAR[StudioIcon]</texture>
                        <aspectratio>keep</aspectratio>
                        <visible>Container.Content(studios)</visible>
                    </control>
                    <control type="image">
                        <left>1</left>
                        <top>0</top>
                        <width>321</width>
                        <height>240</height>
                        <bordertexture border="5">button-nofocus.png</bordertexture>
                        <include>TextureBorderViews</include>
                        <texture background="true" fallback="DefaultVideoCover.png">$VAR[PosterThumb]</texture>
                        <aspectratio>keep</aspectratio>
                        <visible>!Container.Content(Episodes) + !Container.Content(genres) + !Container.Content(studios)</visible>
                    </control>
                    <control type="image">
                        <left>1</left>
                        <top>0</top>
                        <width>321</width>
                        <height>240</height>
                        <aspectratio>scale</aspectratio>
                        <bordertexture border="5">button-nofocus.png</bordertexture>
                        <include>TextureBorderViews</include>
                        <texture background="true" fallback="DefaultVideoCover.png">$VAR[PosterThumb]</texture>
                        <visible>Container.Content(Episodes)</visible>
                        <visible>String.IsEqual(ListItem.Label,..) | !Skin.HasSetting(HideEpisodeThumb)</visible>
                    </control>
                    <control type="image">
                        <left>1</left>
                        <top>0</top>
                        <width>321</width>
                        <height>240</height>
                        <aspectratio>scale</aspectratio>
                        <bordertexture border="5">button-nofocus.png</bordertexture>
                        <include>TextureBorderViews</include>
                        <texture background="true" fallback="DefaultVideoCover.png">$INFO[ListItem.Art(fanart)]</texture>
                        <visible>Container.Content(Episodes) + Skin.HasSetting(HideEpisodeThumb) + !String.IsEqual(ListItem.Label,..)</visible>
                    </control>
                    <control type="label">
                        <left>12</left>
                        <top>240</top>
                        <width>300</width>
                        <height>38</height>
                        <font>font12</font>
                        <textcolor>grey2</textcolor>
                        <selectedcolor>selected</selectedcolor>
                        <align>center</align>
                        <aligny>center</aligny>
                        <info>ListItem.Label</info>
                    </control>
                    <control type="image">
                        <left>255</left>
                        <top>195</top>
                        <width>45</width>
                        <height>45</height>
                        <texture>OverlayWatching.png</texture>
                        <visible>ListItem.IsResumable</visible>
                    </control>
                    <control type="image">
                        <left>255</left>
                        <top>195</top>
                        <width>45</width>
                        <height>45</height>
                        <aspectratio>keep</aspectratio>
                        <texture>$INFO[ListItem.Overlay]</texture>
                        <visible>!ListItem.IsResumable</visible>
                    </control>
                </itemlayout>
                <focusedlayout condition="!Container.Content(Movies) + !Container.Content(Seasons) + !Container.Content(TVShows) + !Container.Content(Sets)" height="279" width="324">
                    <control type="image">
                        <left>1</left>
                        <top>0</top>
                        <width>321</width>
                        <height>240</height>
                        <bordertexture border="5" colordiffuse="$VAR[MainColorOne]">folder-focus.png</bordertexture>
                        <include>TextureBorderViews</include>
                        <texture background="true" fallback="DefaultGenre.png">$VAR[MovieGenreIcon]</texture>
                        <aspectratio>keep</aspectratio>
                        <visible>Container.Content(genres)</visible>
                    </control>
                    <control type="image">
                        <left>1</left>
                        <top>0</top>
                        <width>321</width>
                        <height>240</height>
                        <bordertexture border="5" colordiffuse="$VAR[MainColorOne]">folder-focus.png</bordertexture>
                        <include>TextureBorderViews</include>
                        <texture background="true" fallback="DefaultStudios.png">$VAR[StudioIcon]</texture>
                        <aspectratio>keep</aspectratio>
                        <visible>Container.Content(studios)</visible>
                    </control>
                    <control type="image">
                        <left>1</left>
                        <top>0</top>
                        <width>321</width>
                        <height>240</height>
                        <bordertexture border="5" colordiffuse="$VAR[MainColorOne]">folder-focus.png</bordertexture>
                        <include>TextureBorderViews</include>
                        <texture background="true" fallback="DefaultVideoCover.png">$VAR[PosterThumb]</texture>
                        <aspectratio>keep</aspectratio>
                        <visible>!Container.Content(Episodes) + !Container.Content(genres) + !Container.Content(studios)</visible>
                    </control>
                    <control type="image">
                        <left>1</left>
                        <top>0</top>
                        <width>321</width>
                        <height>240</height>
                        <aspectratio>scale</aspectratio>
                        <bordertexture border="5" colordiffuse="$VAR[MainColorOne]">folder-focus.png</bordertexture>
                        <include>TextureBorderViews</include>
                        <texture background="true" fallback="DefaultVideoCover.png">$VAR[PosterThumb]</texture>
                        <visible>Container.Content(Episodes)</visible>
                        <visible>String.IsEqual(ListItem.Label,..) | !Skin.HasSetting(HideEpisodeThumb)</visible>
                    </control>
                    <control type="image">
                        <left>1</left>
                        <top>0</top>
                        <width>321</width>
                        <height>240</height>
                        <aspectratio>scale</aspectratio>
                        <bordertexture border="5" colordiffuse="$VAR[MainColorOne]">folder-focus.png</bordertexture>
                        <include>TextureBorderViews</include>
                        <texture background="true" fallback="DefaultVideoCover.png">$INFO[ListItem.Art(fanart)]</texture>
                        <visible>Container.Content(Episodes) + Skin.HasSetting(HideEpisodeThumb) + !String.IsEqual(ListItem.Label,..)</visible>
                    </control>
                    <control type="label">
                        <left>12</left>
                        <top>240</top>
                        <width>300</width>
                        <height>38</height>
                        <font>font12</font>
                        <textcolor>white</textcolor>
                        <selectedcolor>selected</selectedcolor>
                        <align>center</align>
                        <aligny>center</aligny>
                        <info>ListItem.Label</info>
                    </control>
                    <control type="image">
                        <left>255</left>
                        <top>195</top>
                        <width>45</width>
                        <height>45</height>
                        <texture>OverlayWatching.png</texture>
                        <visible>ListItem.IsResumable</visible>
                    </control>
                    <control type="image">
                        <left>255</left>
                        <top>195</top>
                        <width>45</width>
                        <height>45</height>
                        <aspectratio>keep</aspectratio>
                        <texture>$INFO[ListItem.Overlay]</texture>
                        <visible>!ListItem.IsResumable</visible>
                    </control>
                </focusedlayout>
                <itemlayout condition="Container.Content(Movies) | Container.Content(Seasons) | Container.Content(TVShows) | Container.Content(Sets)" height="419" width="324">
                    <control type="image">
                        <left>1</left>
                        <top>0</top>
                        <width>321</width>
                        <height>360</height>
                        <bordertexture border="5">button-nofocus.png</bordertexture>
                        <include>TextureBorderViews</include>
                        <texture background="true" fallback="DefaultVideoCover.png">$VAR[PosterThumb]</texture>
                        <aspectratio>keep</aspectratio>
                    </control>
                    <control type="label">
                        <left>12</left>
                        <top>360</top>
                        <width>300</width>
                        <height>38</height>
                        <font>font12</font>
                        <textcolor>grey2</textcolor>
                        <selectedcolor>selected</selectedcolor>
                        <align>center</align>
                        <aligny>center</aligny>
                        <info>ListItem.Label</info>
                    </control>
                    <control type="image">
                        <left>255</left>
                        <top>315</top>
                        <width>45</width>
                        <height>45</height>
                        <texture>OverlayWatching.png</texture>
                        <visible>ListItem.IsResumable</visible>
                    </control>
                    <control type="image">
                        <left>255</left>
                        <top>315</top>
                        <width>45</width>
                        <height>45</height>
                        <aspectratio>keep</aspectratio>
                        <texture>$INFO[ListItem.Overlay]</texture>
                        <visible>!ListItem.IsResumable</visible>
                    </control>
                </itemlayout>
                <focusedlayout condition="Container.Content(Movies) | Container.Content(Seasons) | Container.Content(TVShows) | Container.Content(Sets)" height="419" width="324">
                    <control type="image">
                        <left>1</left>
                        <top>0</top>
                        <width>321</width>
                        <height>360</height>
                        <bordertexture border="5" colordiffuse="$VAR[MainColorOne]">folder-focus.png</bordertexture>
                        <include>TextureBorderViews</include>
                        <texture background="true" fallback="DefaultVideoCover.png">$VAR[PosterThumb]</texture>
                        <aspectratio>keep</aspectratio>
                    </control>
                    <control type="label">
                        <left>12</left>
                        <top>360</top>
                        <width>300</width>
                        <height>38</height>
                        <font>font12</font>
                        <textcolor>white</textcolor>
                        <selectedcolor>selected</selectedcolor>
                        <align>center</align>
                        <aligny>center</aligny>
                        <info>ListItem.Label</info>
                    </control>
                    <control type="image">
                        <left>255</left>
                        <top>315</top>
                        <width>45</width>
                        <height>45</height>
                        <texture>OverlayWatching.png</texture>
                        <visible>ListItem.IsResumable</visible>
                    </control>
                    <control type="image">
                        <left>255</left>
                        <top>315</top>
                        <width>45</width>
                        <height>45</height>
                        <aspectratio>keep</aspectratio>
                        <texture>$INFO[ListItem.Overlay]</texture>
                        <visible>!ListItem.IsResumable</visible>
                    </control>
                </focusedlayout>
            </control>
            <control type="scrollbar" id="60">
                <left>1755</left>
                <top>120</top>
                <width>38</width>
                <height>825</height>
                <texturesliderbackground border="0,14,0,14">ScrollBarV.png</texturesliderbackground>
                <texturesliderbar border="2,16,2,16">ScrollBarV_bar.png</texturesliderbar>
                <texturesliderbarfocus border="2,16,2,16" colordiffuse="$VAR[MainColorOne]">ScrollBarV_bar_focus.png</texturesliderbarfocus>
                <textureslidernib colordiffuse="$VAR[MainColorOne]">ScrollBarNib.png</textureslidernib>
                <textureslidernibfocus colordiffuse="$VAR[MainColorOne]">ScrollBarNib.png</textureslidernibfocus>
                <onleft>500</onleft>
                <onright>800</onright>
                <showonepage>true</showonepage>
                <orientation>vertical</orientation>
                <visible>Control.IsVisible(500)</visible>
            </control>
        </control>
    </include>
    <include name="WideIconView">
        <control type="group">
            <visible>Control.IsVisible(505)</visible>
            <include>VisibleFadeEffect</include>
            <control type="panel" id="505">
                <visible>Container.Content(TVShows) | Container.Content(Files)</visible>
                <left>142</left>
                <top>120</top>
                <width>1620</width>
                <height>810</height>
                <onleft>2</onleft>
                <onright>60</onright>
                <onup>505</onup>
                <ondown>505</ondown>
                <viewtype label="$LOCALIZE[539]">list</viewtype>
                <pagecontrol>60</pagecontrol>
                <scrolltime>200</scrolltime>
                <preloaditems>2</preloaditems>
                <itemlayout height="202" width="810" condition="!Skin.HasSetting(HideWideViewLabels)">
                    <control type="image">
                        <left>1</left>
                        <top>0</top>
                        <width>807</width>
                        <height>158</height>
                        <bordertexture border="5">button-nofocus.png</bordertexture>
                        <include>TextureBorderViews</include>
                        <texture background="true" fallback="DefaultVideoCover.png">$VAR[BannerThumb]</texture>
                        <aspectratio>keep</aspectratio>
                    </control>
                    <control type="label">
                        <left>1</left>
                        <top>158</top>
                        <width>807</width>
                        <height>38</height>
                        <font>font12</font>
                        <textcolor>grey2</textcolor>
                        <selectedcolor>selected</selectedcolor>
                        <align>center</align>
                        <aligny>center</aligny>
                        <info>ListItem.Label</info>
                    </control>
                    <control type="image">
                        <left>375</left>
                        <top>105</top>
                        <width>52</width>
                        <height>52</height>
                        <texture>OverlayWatching.png</texture>
                        <visible>ListItem.IsResumable</visible>
                    </control>
                    <control type="image">
                        <left>375</left>
                        <top>105</top>
                        <width>52</width>
                        <height>52</height>
                        <aspectratio>keep</aspectratio>
                        <texture>$INFO[ListItem.Overlay]</texture>
                        <visible>!ListItem.IsResumable</visible>
                    </control>
                </itemlayout>
                <focusedlayout height="202" width="810" condition="!Skin.HasSetting(HideWideViewLabels)">
                    <control type="image">
                        <left>1</left>
                        <top>0</top>
                        <width>807</width>
                        <height>158</height>
                        <bordertexture border="5" colordiffuse="$VAR[MainColorOne]">folder-focus.png</bordertexture>
                        <include>TextureBorderViews</include>
                        <texture background="true" fallback="DefaultVideoCover.png">$VAR[BannerThumb]</texture>
                        <aspectratio>keep</aspectratio>
                    </control>
                    <control type="label">
                        <left>1</left>
                        <top>158</top>
                        <width>807</width>
                        <height>38</height>
                        <font>font12</font>
                        <textcolor>white</textcolor>
                        <selectedcolor>selected</selectedcolor>
                        <align>center</align>
                        <aligny>center</aligny>
                        <info>ListItem.Label</info>
                    </control>
                    <control type="image">
                        <left>375</left>
                        <top>105</top>
                        <width>52</width>
                        <height>52</height>
                        <texture>OverlayWatching.png</texture>
                        <visible>ListItem.IsResumable</visible>
                    </control>
                    <control type="image">
                        <left>375</left>
                        <top>105</top>
                        <width>52</width>
                        <height>52</height>
                        <aspectratio>keep</aspectratio>
                        <texture>$INFO[ListItem.Overlay]</texture>
                        <visible>!ListItem.IsResumable</visible>
                    </control>
                </focusedlayout>
                <itemlayout height="162" width="810" condition="Skin.HasSetting(HideWideViewLabels)">
                    <control type="image">
                        <left>1</left>
                        <top>0</top>
                        <width>807</width>
                        <height>158</height>
                        <bordertexture border="5">button-nofocus.png</bordertexture>
                        <include>TextureBorderViews</include>
                        <texture background="true" fallback="DefaultVideoCover.png">$VAR[BannerThumb]</texture>
                        <aspectratio>keep</aspectratio>
                    </control>
                    <control type="image">
                        <left>375</left>
                        <top>105</top>
                        <width>52</width>
                        <height>52</height>
                        <texture>OverlayWatching.png</texture>
                        <visible>ListItem.IsResumable</visible>
                    </control>
                    <control type="image">
                        <left>375</left>
                        <top>105</top>
                        <width>52</width>
                        <height>52</height>
                        <aspectratio>keep</aspectratio>
                        <texture>$INFO[ListItem.Overlay]</texture>
                        <visible>!ListItem.IsResumable</visible>
                    </control>
                </itemlayout>
                <focusedlayout height="162" width="810" condition="Skin.HasSetting(HideWideViewLabels)">
                    <control type="image">
                        <left>1</left>
                        <top>0</top>
                        <width>807</width>
                        <height>158</height>
                        <bordertexture border="5" colordiffuse="$VAR[MainColorOne]">folder-focus.png</bordertexture>
                        <include>TextureBorderViews</include>
                        <texture background="true" fallback="DefaultVideoCover.png">$VAR[BannerThumb]</texture>
                        <aspectratio>keep</aspectratio>
                    </control>
                    <control type="image">
                        <left>375</left>
                        <top>105</top>
                        <width>52</width>
                        <height>52</height>
                        <texture>OverlayWatching.png</texture>
                        <visible>ListItem.IsResumable</visible>
                    </control>
                    <control type="image">
                        <left>375</left>
                        <top>105</top>
                        <width>52</width>
                        <height>52</height>
                        <aspectratio>keep</aspectratio>
                        <texture>$INFO[ListItem.Overlay]</texture>
                        <visible>!ListItem.IsResumable</visible>
                    </control>
                </focusedlayout>
            </control>
            <control type="scrollbar" id="60">
                <left>1755</left>
                <top>120</top>
                <width>38</width>
                <height>825</height>
                <texturesliderbackground border="0,14,0,14">ScrollBarV.png</texturesliderbackground>
                <texturesliderbar border="2,16,2,16">ScrollBarV_bar.png</texturesliderbar>
                <texturesliderbarfocus border="2,16,2,16" colordiffuse="$VAR[MainColorOne]">ScrollBarV_bar_focus.png</texturesliderbarfocus>
                <textureslidernib colordiffuse="$VAR[MainColorOne]">ScrollBarNib.png</textureslidernib>
                <textureslidernibfocus colordiffuse="$VAR[MainColorOne]">ScrollBarNib.png</textureslidernibfocus>
                <onleft>505</onleft>
                <onright>800</onright>
                <showonepage>true</showonepage>
                <orientation>vertical</orientation>
                <visible>Control.IsVisible(505)</visible>
            </control>
        </control>
    </include>
    <include name="FullWidthList">
        <control type="group">
            <visible>Control.IsVisible(51)</visible>
            <include>VisibleFadeEffect</include>
            <control type="list" id="51">
                <left>142</left>
                <top>117</top>
                <width>1620</width>
                <height>842</height>
                <onleft>2</onleft>
                <onright>60</onright>
                <onup>51</onup>
                <ondown>51</ondown>
                <viewtype label="537">list</viewtype>
                <pagecontrol>60</pagecontrol>
                <scrolltime>200</scrolltime>
                <itemlayout height="60" width="1620">
                    <control type="image">
                        <left>0</left>
                        <top>0</top>
                        <width>1620</width>
                        <height>62</height>
                        <texture border="0,2,0,2">MenuItemNF.png</texture>
                    </control>
                    <control type="image">
                        <left>15</left>
                        <top>6</top>
                        <width>60</width>
                        <height>48</height>
                        <texture background="true" fallback="DefaultGenre.png">$VAR[MovieGenreIcon]</texture>
                        <aspectratio>keep</aspectratio>
                        <visible>Container.Content(genres)</visible>
                    </control>
                    <control type="image">
                        <left>15</left>
                        <top>6</top>
                        <width>60</width>
                        <height>48</height>
                        <texture background="true" fallback="DefaultStudios.png">$VAR[StudioIcon]</texture>
                        <aspectratio>keep</aspectratio>
                        <visible>Container.Content(studios)</visible>
                    </control>
                    <control type="image">
                        <left>15</left>
                        <top>6</top>
                        <width>60</width>
                        <height>48</height>
                        <texture background="true" fallback="DefaultVideoCover.png">$VAR[PosterThumb]</texture>
                        <aspectratio>keep</aspectratio>
                        <visible>String.IsEqual(ListItem.Label,..) | !Container.Content(Episodes) | !Skin.HasSetting(HideEpisodeThumb)</visible>
                        <visible>!Container.Content(genres) + !Container.Content(studios)</visible>
                    </control>
                    <control type="image">
                        <left>15</left>
                        <top>6</top>
                        <width>60</width>
                        <height>48</height>
                        <texture background="true" fallback="DefaultVideoCover.png">$INFO[ListItem.Art(fanart)]</texture>
                        <aspectratio>keep</aspectratio>
                        <visible>Container.Content(Episodes) + Skin.HasSetting(HideEpisodeThumb) + !String.IsEqual(ListItem.Label,..)</visible>
                    </control>
                    <control type="label">
                        <left>90</left>
                        <top>0</top>
                        <width>1425</width>
                        <height>60</height>
                        <font>font13</font>
                        <textcolor>grey2</textcolor>
                        <selectedcolor>selected</selectedcolor>
                        <align>left</align>
                        <aligny>center</aligny>
                        <label>$INFO[ListItem.Label] - $INFO[listItem.PictureDatetime]</label>
                        <visible>Window.IsVisible(pictures) + !String.IsEmpty(listItem.PictureDatetime)</visible>
                    </control>
                    <control type="label">
                        <left>90</left>
                        <top>0</top>
                        <width>1425</width>
                        <height>60</height>
                        <font>font13</font>
                        <textcolor>grey2</textcolor>
                        <selectedcolor>selected</selectedcolor>
                        <align>left</align>
                        <aligny>center</aligny>
                        <label>$INFO[ListItem.Label]</label>
                        <visible>!Window.IsVisible(pictures) | String.IsEmpty(listItem.PictureDatetime)</visible>
                    </control>
                    <control type="label">
                        <left>90</left>
                        <top>0</top>
                        <width>1500</width>
                        <height>60</height>
                        <font>font12</font>
                        <textcolor>grey2</textcolor>
                        <selectedcolor>selected</selectedcolor>
                        <align>right</align>
                        <aligny>center</aligny>
                        <label>$INFO[ListItem.Label2]</label>
                        <visible>!Window.IsVisible(Videos)</visible>
                    </control>
                    <control type="label">
                        <left>98</left>
                        <top>0</top>
                        <width>1410</width>
                        <height>60</height>
                        <font>font12</font>
                        <textcolor>grey2</textcolor>
                        <selectedcolor>selected</selectedcolor>
                        <align>right</align>
                        <aligny>center</aligny>
                        <label>$INFO[ListItem.Label2]</label>
                        <visible>Window.IsVisible(Videos)</visible>
                        <visible>![Skin.HasSetting(HideRatingsViews) + String.IsEqual(ListItem.Label2,ListItem.Rating)]</visible>
                        <animation effect="slide" start="0,0" end="60,0" delay="0" time="0" condition="![Container.Content(Movies) | Container.Content(Episodes) | Container.Content(MusicVideos)]">conditional</animation>
                    </control>
                    <control type="image">
                        <left>1515</left>
                        <top>12</top>
                        <width>60</width>
                        <height>39</height>
                        <texture>$VAR[MediaInfoOverlayVar]</texture>
                        <aspectratio>keep</aspectratio>
                        <visible>Window.IsVisible(Videos) + [Container.Content(Movies) | Container.Content(Sets) | Container.Content(Episodes) | Container.Content(MusicVideos)]</visible>
                    </control>
                    <control type="image">
                        <left>1575</left>
                        <top>21</top>
                        <width>30</width>
                        <height>24</height>
                        <texture>OverlayWatching.png</texture>
                        <visible>Window.IsVisible(Videos) + ListItem.IsResumable</visible>
                    </control>
                    <control type="image">
                        <left>1575</left>
                        <top>21</top>
                        <width>30</width>
                        <height>24</height>
                        <texture>$INFO[ListItem.Overlay]</texture>
                        <aspectratio>keep</aspectratio>
                        <visible>Window.IsVisible(Videos) + !ListItem.IsResumable</visible>
                    </control>
                </itemlayout>
                <focusedlayout height="60" width="1620">
                    <control type="image">
                        <left>0</left>
                        <top>0</top>
                        <width>1620</width>
                        <height>62</height>
                        <texture border="0,2,0,2">MenuItemNF.png</texture>
                        <visible>!Control.HasFocus(51)</visible>
                        <include>VisibleFadeEffect</include>
                    </control>
                    <control type="image">
                        <left>0</left>
                        <top>0</top>
                        <width>1620</width>
                        <height>62</height>
                        <texture border="5" colordiffuse="$VAR[MainColorOne]">$VAR[SelectMenuItem]</texture>
                        <visible>Control.HasFocus(51)</visible>
                        <include>VisibleFadeEffect</include>
                    </control>
                    <control type="image">
                        <left>15</left>
                        <top>6</top>
                        <width>60</width>
                        <height>48</height>
                        <texture background="true" fallback="DefaultGenre.png">$VAR[MovieGenreIcon]</texture>
                        <aspectratio>keep</aspectratio>
                        <visible>Container.Content(genres)</visible>
                    </control>
                    <control type="image">
                        <left>15</left>
                        <top>6</top>
                        <width>60</width>
                        <height>48</height>
                        <texture background="true" fallback="DefaultStudios.png">$VAR[StudioIcon]</texture>
                        <aspectratio>keep</aspectratio>
                        <visible>Container.Content(studios)</visible>
                    </control>
                    <control type="image">
                        <left>15</left>
                        <top>6</top>
                        <width>60</width>
                        <height>48</height>
                        <texture background="true" fallback="DefaultVideoCover.png">$VAR[PosterThumb]</texture>
                        <aspectratio>keep</aspectratio>
                        <visible>String.IsEqual(ListItem.Label,..) | !Container.Content(Episodes) | !Skin.HasSetting(HideEpisodeThumb)</visible>
                        <visible>!Container.Content(genres) + !Container.Content(studios)</visible>
                    </control>
                    <control type="image">
                        <left>15</left>
                        <top>6</top>
                        <width>60</width>
                        <height>48</height>
                        <texture background="true" fallback="DefaultVideoCover.png">$INFO[ListItem.Art(fanart)]</texture>
                        <aspectratio>keep</aspectratio>
                        <visible>Container.Content(Episodes) + Skin.HasSetting(HideEpisodeThumb) + !String.IsEqual(ListItem.Label,..)</visible>
                    </control>
                    <control type="label">
                        <left>90</left>
                        <top>0</top>
                        <width>1425</width>
                        <height>60</height>
                        <font>font13</font>
                        <textcolor>white</textcolor>
                        <selectedcolor>selected</selectedcolor>
                        <align>left</align>
                        <aligny>center</aligny>
                        <label>$INFO[ListItem.Label] - $INFO[listItem.PictureDatetime]</label>
                        <visible>Window.IsVisible(pictures) + !String.IsEmpty(listItem.PictureDatetime)</visible>
                    </control>
                    <control type="label">
                        <left>90</left>
                        <top>0</top>
                        <width>1425</width>
                        <height>60</height>
                        <font>font13</font>
                        <textcolor>white</textcolor>
                        <selectedcolor>selected</selectedcolor>
                        <align>left</align>
                        <aligny>center</aligny>
                        <label>$INFO[ListItem.Label]</label>
                        <visible>!Window.IsVisible(pictures) | String.IsEmpty(listItem.PictureDatetime)</visible>
                    </control>
                    <control type="label">
                        <left>90</left>
                        <top>0</top>
                        <width>1500</width>
                        <height>60</height>
                        <font>font12</font>
                        <textcolor>grey2</textcolor>
                        <selectedcolor>selected</selectedcolor>
                        <align>right</align>
                        <aligny>center</aligny>
                        <label>$INFO[ListItem.Label2]</label>
                        <visible>!Window.IsVisible(Videos)</visible>
                    </control>
                    <control type="label">
                        <left>98</left>
                        <top>0</top>
                        <width>1410</width>
                        <height>60</height>
                        <font>font12</font>
                        <textcolor>grey2</textcolor>
                        <selectedcolor>selected</selectedcolor>
                        <align>right</align>
                        <aligny>center</aligny>
                        <label>$INFO[ListItem.Label2]</label>
                        <visible>Window.IsVisible(Videos)</visible>
                        <visible>![Skin.HasSetting(HideRatingsViews) + String.IsEqual(ListItem.Label2,ListItem.Rating)]</visible>
                        <animation effect="slide" start="0,0" end="60,0" delay="0" time="0" condition="![Container.Content(Movies) | Container.Content(Episodes) | Container.Content(MusicVideos)]">conditional</animation>
                    </control>
                    <control type="image">
                        <left>1515</left>
                        <top>12</top>
                        <width>60</width>
                        <height>39</height>
                        <texture>$VAR[MediaInfoOverlayVar]</texture>
                        <aspectratio>keep</aspectratio>
                        <visible>Window.IsVisible(Videos) + [Container.Content(Movies) | Container.Content(Sets) | Container.Content(Episodes) | Container.Content(MusicVideos)]</visible>
                    </control>
                    <control type="image">
                        <left>1575</left>
                        <top>21</top>
                        <width>30</width>
                        <height>24</height>
                        <texture>OverlayWatching.png</texture>
                        <visible>Window.IsVisible(Videos) + ListItem.IsResumable</visible>
                    </control>
                    <control type="image">
                        <left>1575</left>
                        <top>21</top>
                        <width>30</width>
                        <height>24</height>
                        <texture>$INFO[ListItem.Overlay]</texture>
                        <aspectratio>keep</aspectratio>
                        <visible>Window.IsVisible(Videos) + !ListItem.IsResumable</visible>
                    </control>
                </focusedlayout>
            </control>
            <control type="scrollbar" id="60">
                <left>1755</left>
                <top>120</top>
                <width>38</width>
                <height>825</height>
                <texturesliderbackground border="0,14,0,14">ScrollBarV.png</texturesliderbackground>
                <texturesliderbar border="0,14,0,14">ScrollBarV_bar.png</texturesliderbar>
                <texturesliderbarfocus border="0,14,0,14" colordiffuse="$VAR[MainColorOne]">ScrollBarV_bar_focus.png</texturesliderbarfocus>
                <textureslidernib colordiffuse="$VAR[MainColorOne]">ScrollBarNib.png</textureslidernib>
                <textureslidernibfocus colordiffuse="$VAR[MainColorOne]">ScrollBarNib.png</textureslidernibfocus>
                <onleft>50</onleft>
                <onright>800</onright>
                <showonepage>true</showonepage>
                <orientation>vertical</orientation>
                <visible>Control.IsVisible(51)</visible>
            </control>
        </control>
    </include>
</includes>
