<?xml version="1.0" encoding="UTF-8" standalone="yes"?>
<addon id="plugin.video.winner" name="[COLOR orange]WINNER 2[/COLOR]" version="2.1" provider-name="La Taberna and Camaradas">
    <requires>
        <import addon="script.module.six" version="1.11.0" />
        <import addon="plugin.video.duffyou" />
        <import addon="script.module.simplecache"/>
        <import addon="script.module.horus" optional="true" />
    </requires>
    <extension point="xbmc.python.pluginsource" library="default.py">
        <provides>video</provides>
    </extension>

    <extension point="xbmc.addon.metadata">
        <summary lang="es">[COLOR orange]WINNER 2[/COLOR]</summary>
        <description lang="es">Addon con eventos deportivos en directo.</description>
        <disclaimer lang="es">Este es un software [COLOR red][B]gratuito[/B][/COLOR][CR][COLOR red][B]Pero no se permite[/B][/COLOR] su distribuición preinstalada en ningún tipo de dispositivo ni tampoco su inclusión total o parcial en cualquier paquete de software y/o hardware por el que el usuario final deba [COLOR red][B]pagar o hacer una donación[/B][/COLOR], por su adquisición, por su uso o por recibir asistencia.[CR]Si cree que alguna de estas normas no se está cumpliendo póngase en contacto con nosotros.</disclaimer>
        <license lang="es">[B]Este es un software gratuito[/B]</license>
        <platform>all</platform>
        <assets>
            <icon>resources/media/icon.jpg</icon>
            <fanart>resources/media/fanart.jpg</fanart>
        </assets>

        <news></news>
    </extension>
</addon>
