<?xml version="1.0" encoding="UTF-8"?>
<addon id="plugin.video.That_Banned_Channel"
version="1.0.1"
name="That Banned Channel"
provider-name="FrankAaro">
<requires>
  <import addon="xbmc.python" version="3.0.0"/>
  <import addon="plugin.video.youtube" version="5.2.1"/>
  <import addon="script.module.inputstreamhelper" version="0.3.3"/>
</requires>
<extension point="xbmc.python.pluginsource" library="main.py">
  <provides>video</provides>
</extension>
<extension point="xbmc.addon.metadata">
  <summary lang="en">Banned.video</summary>
  <description lang="en_GB">Banned.video</description>
  <disclaimer lang="en_GB">Banned.video</disclaimer>
  <assets>
    <icon>icon.png</icon>
    <fanart>fanart.jpg</fanart>
    <screenshot>resources\screenshot-01.jpg</screenshot>
    <screenshot>resources\screenshot-02.jpg</screenshot>
    <screenshot>resources\screenshot-03.jpg</screenshot>    
  </assets>
  <news>
	  Updated 8-20-21
	  -added working livestreams
	  -added requirement packages to addon.xml
  </news>
</extension>
</addon>
