<?xml version='1.0' encoding='UTF-8' standalone='yes'?>
<addon id="plugin.video.tvone1112" name="tvOne1112" version="112+matrix.1w" provider-name="RACC">
  <requires>
    <import addon="xbmc.python" version="3.0.0"/>
    <import addon="script.module.pycryptodome"/>
    <import addon="script.module.dateutil"/>
    <import addon="script.module.pyamf"/>
    <import addon="script.module.kodi-six"/>
    <import addon="script.module.future"/>
    <import addon="script.module.requests"/>
    <import addon="script.module.routing"/>
  </requires>
  <extension point="xbmc.python.pluginsource" library="addon.py">
    <provides>video</provides>
  </extension>
  <extension point="xbmc.addon.metadata">
    <reuselanguageinvoker>true</reuselanguageinvoker>
    <summary lang="en_gb">tvOne1112</summary>
    <description lang="en_gb">tvOne1112</description>
    <disclaimer lang="en_gb"/>
    <language/>
    <platform>all</platform>
    <license>GPL-3.0-only</license>
    <forum/>
    <website/>
    <email/>
    <source/>
    <assets/>
  </extension>
</addon>
