﻿<?xml version="1.0" encoding="UTF-8" standalone="yes"?>
  <addon id="script.video.nfl.gamepass"
    name="NFL Game Pass"
    version="2022.05.14"
    provider-name="Alexqw,divingmule,BaumSchorle,eriksoderblom,kaileu,emilsvennesson,baardisk,Duke">
  <requires>
    <import addon="xbmc.python" version="3.0.0"/>
    <import addon="script.module.m3u8" version="0.5.4+matrix.2"/>
    <import addon="script.module.requests" version="2.22.0+matrix.1"/>
    <import addon="inputstream.adaptive" version="19.0"/>
  </requires>
  <extension point="xbmc.python.script" library="default.py">
    <provides>video</provides>
  </extension>
  <extension point="xbmc.addon.metadata">
    <summary lang="en_GB">NFL Game Pass</summary>
    <description lang="en_GB">Watch NFL Game Pass streams.</description>
    <platform>all</platform>
    <language>en</language>
    <license>GPL-2.0-only</license>
    <source>https://github.com/pigskin/kodi-gamepass</source>
    <disclaimer lang="en_GB">This addon requires you to have a subscription to NFL Game Pass.[CR]Please note that these subscriptions are region restricted by the NFL.[CR]This addon is completely unofficial and is /not/ endorsed by the NFL in any way.</disclaimer>
    <news>2022.05.14
    + Adapt to API changes implemented by Diva (jm-duke)
    + Fix issue with LV Raiders logo (jm-duke)
    + Fix display of 'None' for focused games in game week view (jm-duke)
    + Implemented some improvements highlighted by Bas Rieter (jm-duke)
    + Minor refactorings (jm-duke)
    </news>
    <assets>
      <icon>resources/art/icon.png</icon>
      <fanart>resources/art/fanart.jpg</fanart>
    </assets>
  </extension>
</addon>
