<?xml version="1.0" encoding="UTF-8" standalone="yes"?>
<addon id="repository.balkandzo"
       name="Balkandzo Repo"
       version="1.0.0"
       provider="Balkandzo Team">
  <extension point="xbmc.addon.repository">
    <dir minversion="18.0" maxversion="20.9.0">
        <info compressed="false">https://balkandzo.github.io/balkandzo/addons.xml</info>
        <checksum>https://balkandzo.github.io/balkandzo/addons.xml.md5</checksum>
        <datadir zip="true">https://balkandzo.github.io/balkandzo/</datadir>
    </dir>
    <dir minversion="21.0">
        <info compressed="false">https://balkandzo.github.io/balkandzo/addons.xml</info>
        <checksum>https://balkandzo.github.io/balkandzo/addons.xml.md5</checksum>
        <datadir zip="true">https://balkandzo.github.io/balkandzo/</datadir>
    </dir>
  </extension>
  <extension point="xbmc.addon.metadata">
    <summary>Zvanični repozitorijum za Balkandzo Kodi dodatke.</summary>
    <description>Ovaj repozitorijum sadrži Balkandzo Wizard i druge dodatke.</description>
    <platform>all</platform>
    <assets>
      <icon>icon.png</icon>
      <fanart>fanart.jpg</fanart>
    </assets>
  </extension>
</addon>