<?xml version="1.0" encoding="UTF-8"?>
<addon id="context.video.favourites"
version="0.1.0.tk"
name="Video Favourites Context Menu"
provider-name="primaeval">
<requires>
  <import addon="xbmc.python" version="3.0.0"/>
  <import addon="script.module.xbmcswift2" version="2.4.0"/>
  <import addon="script.module.requests" version="2.9.1" />
  <import addon="plugin.video.favourites" version="0.0.1" />
</requires>
<extension point="kodi.context.item">
<menu id="kodi.core.main">
  <item library="context.py">
    <label>Dodaj do[COLOR darkorange] Video Favourites[/COLOR]</label>
    <visible>True</visible>
  </item>
</menu>
</extension>
<extension point="xbmc.addon.metadata">
  <summary lang="en">Video Favourites Context Menu</summary>
  <description lang="en"></description>
  <disclaimer lang="en">.</disclaimer>
  <assets>
    <icon>icon.png</icon>
  </assets>
</extension>
</addon>

