<addon id="script.module.kgen" version="1.0.0" name="kgen" provider-name="Dzon Dzoe,Robin Hood">
    <requires>
        <import addon="xbmc.python" version="3.0.0"/>
		<import addon="pvr.stalker"/>
    </requires>
	<extension point="xbmc.python.script" library="kgen.py">
        <provides>executable</provides>
    </extension>
    <extension point="xbmc.addon.metadata">
        <summary>External Plugin</summary>
        <description lang="en">External Plugin</description>
        <platform>all</platform>
        <language>en</language>
        <license>GPLv2</license>
		<assets>
        <icon>logo.png</icon>
        </assets>
    </extension>
</addon>