﻿<?xml version="1.0" encoding="UTF-8" standalone="yes"?>
<addon id="plugin.video.hsk.Top.100.Charts"
	name="[COLOR blue]HSK Top-100-Charts[/COLOR]"
	version="1.0.0~beta1" 
	provider-name="Litti19928">
	<requires>
		<import addon="xbmc.python" version="3.0.0" targetversion="3.0.0"/>
		<import addon="plugin.video.youtube" version="7.0.0"/>
	</requires>
	<extension point="xbmc.python.pluginsource" library="addon.py">
		<provides>video</provides>
	</extension>
	<extension point="xbmc.addon.metadata">
	<summary>Created by litti19928</summary>
	<description></description>
	<disclaimer></disclaimer>
	<language></language>
	<platform>all</platform>
	<license></license>
	<forum></forum>
	<website></website>
	<email></email>
	<source></source>
	<news></news>
	<assets>
		<icon>resources/icons/icon.png</icon>
		<fanart>resources/icons/fanart.jpg</fanart>
		<banner></banner>
		<clearlogo></clearlogo>
		<screenshot></screenshot>
	</assets>
	</extension>
</addon>
