<favourites>
	<favourite name="[COLORskyblue]Φάκελος Λήψεων Ελλ.Sites[/COLOR]" thumb="special://home/addons/script.module.grs/icon.png">PlayMedia(&quot;plugin://plugin.video.microjen/run_plug/plugin%3A%2F%2Fplugin.video.cartoonsgr%2F%3Fmode%3D40?sf_options=winID%3D10025%26meta%3Dlabel%253D%25255BCOLORskyblue%25255D%2525CE%2525A6%2525CE%2525AC%2525CE%2525BA%2525CE%2525B5%2525CE%2525BB%2525CE%2525BF%2525CF%252582%252B%2525CE%25259B%2525CE%2525AE%2525CF%252588%2525CE%2525B5%2525CF%252589%2525CE%2525BD%252B%2525CE%252595%2525CE%2525BB%2525CE%2525BB.Sites%25255B%25252FCOLOR%25255D%26_options_sf&quot;)</favourite>
	<favourite name="Blacklodge" thumb="special://home/addons/plugin.video.blacklodge/icon.png">ActivateWindow(10025,&quot;special://home/media/Downloads/Blacklodge/?sf_options=meta%3Dlabel%253DBlacklodge%26_options_sf&quot;,return)</favourite>
	<favourite name="Elementum" thumb="https://github.com/akeotaseo/world_repo/blob/main/iloveimg-resized%20(2)/Elementum-Kodi-Addon.jpg?raw=true">ActivateWindow(10025,&quot;special://home/media/Downloads/Elementum/?sf_options=meta%3Dlabel%253DElementum%26_options_sf&quot;,return)</favourite>
	<favourite name="[COLOR white]Cumination[/COLOR] [COLOR red]-18[/COLOR]" thumb="special://home/addons\plugin.video.cumination\resources\images\cum-downloads.png">ActivateWindow(10025,&quot;special://home/media/Downloads/Cumination/?sf_options=meta%3Dlabel%253DCumination%26_options_sf&quot;,return)</favourite>
</favourites>