<favourites>
	<favourite name="rg" thumb="special://home/addons/plugin.program.downloader/resources/icons/xcodes.jpg">ActivateWindow(10025,&quot;plugin://plugin.program.downloader/get_remote_xcodes/https%3A%2F%2Fraw.githubusercontent.com%2Fakeotaseo%2Fworld_repo%2Fmain%2FUpdater_Matrix%2FXML2%2Frg.txt&quot;,return)</favourite>
	<favourite name="71" thumb="special://home/addons/plugin.program.downloader/resources/icons/xcodes.jpg">ActivateWindow(10025,"plugin://plugin.program.downloader/?_id&amp;description&amp;episode_number&amp;fanart&amp;foldername&amp;icon=C%3a%5cPortableApps%5ckodi%5cKODI%20TEST%5cKodi%5cportable_data%5caddons%5cplugin.program.downloader%5cresources%5cicons%5cxcodes.jpg&amp;mediatype=video&amp;mode=get_remote_xcodes&amp;name=Remote%20x-treme%20codes%20%ce%bb%ce%af%cf%83%cf%84%ce%b5%cf%82&amp;name2&amp;page&amp;season_number&amp;url=%7b%22url%22%3a%20%22https%3a%2f%2fraw.githubusercontent.com%2fakeotaseo%2fworld_repo%2frefs%2fheads%2fmain%2fUpdater_Matrix%2fXML2%2f71.txt%22%7d",return)</favourite>
	<favourite name="[K_B_W_ Client]" thumb="special://home/addons/plugin.program.downloader/resources/icons/xcodes.jpg">ActivateWindow(10025,&quot;plugin://plugin.program.downloader/get_remote_xcodes/https%3A%2F%2Fraw.githubusercontent.com%2Fakeotaseo%2Fworld_repo%2Fmain%2FUpdater_Matrix%2FXML2%2F%255BK_B_W_%2520Client%255D.txt&quot;,return)</favourite>
	<favourite name="GRUPO FOREVER" thumb="https://upload.wikimedia.org/wikipedia/commons/thumb/0/05/Flag_of_Brazil.svg/2560px-Flag_of_Brazil.svg.png">ActivateWindow(10025,&quot;plugin://plugin.program.downloader/?_id&amp;description&amp;episode_number&amp;fanart&amp;foldername&amp;icon=C%3a%5cPortableApps%5ckodi%5ckodi%20World%2021%5cKodi%5cportable_data%5caddons%5cplugin.program.downloader%5cresources%5cicons%5cxcodes.jpg&amp;mediatype=video&amp;mode=get_remote_xcodes&amp;name=Remote%20x-treme%20codes%20%ce%bb%ce%af%cf%83%cf%84%ce%b5%cf%82&amp;name2&amp;page&amp;season_number&amp;url=%7b%22url%22%3a%20%22https%3a%2f%2fraw.githubusercontent.com%2fakeotaseo%2fworld_repo%2frefs%2fheads%2fmain%2fUpdater_Matrix%2fXML2%2fx.txt%22%7d&quot;,return)</favourite>
	<favourite name="xxx" thumb="https://logotypes101.com/logos/34/BF722FFCED82F4097390C065169471E8/tn_xxxtreme.png">ActivateWindow(10025,&quot;plugin://plugin.program.downloader/?_id&amp;description&amp;episode_number&amp;fanart&amp;foldername&amp;icon=C%3a%5cPortableApps%5ckodi%5ckodi%20World%2021%5cKodi%5cportable_data%5caddons%5cplugin.program.downloader%5cresources%5cicons%5cxcodes.jpg&amp;mediatype=video&amp;mode=get_remote_xcodes&amp;name=Remote%20x-treme%20codes%20%ce%bb%ce%af%cf%83%cf%84%ce%b5%cf%82&amp;name2&amp;page&amp;season_number&amp;url=%7b%22url%22%3a%20%22https%3a%2f%2fraw.githubusercontent.com%2fakeotaseo%2fworld_repo%2frefs%2fheads%2fmain%2fUpdater_Matrix%2fXML2%2fx.txt%22%7d&quot;,return)</favourite>
</favourites>