<favourites>
    <favourite name="{Telegram}" thumb="special://home/addons/addons/plugin.program.downloader/resources/icons/xcodes.jpg">ActivateWindow(10025,"plugin://plugin.program.downloader/get_remote_xcodes/https%3A%2F%2Fraw.githubusercontent.com%2Fakeotaseo%2Fworld_repo%2Fmain%2FUpdater_Matrix%2FXML2%2F%257BTelegram%257D.txt",return)</favourite>
</favourites><favourites>
    <favourite name="[COLOR green]{AllTelegram}2[/COLOR]" thumb="special://home/addons/addons/plugin.program.downloader/resources/icons/xcodes.jpg">ActivateWindow(10025,"plugin://plugin.program.downloader/get_remote_xcodes/https%3A%2F%2Fraw.githubusercontent.com%2Fakeotaseo%2Fworld_repo%2Fmain%2FUpdater_Matrix%2FXML2%2F%257BAllTelegram%257D2.txt",return)</favourite>
</favourites><favourites>
    <favourite name="N" thumb="special://home/addons/addons/plugin.program.downloader/resources/icons/xcodes.jpg">ActivateWindow(10025,"plugin://plugin.program.downloader/get_remote_xcodes/https%3A%2F%2Fraw.githubusercontent.com%2Fakeotaseo%2Fworld_repo%2Fmain%2FUpdater_Matrix%2FXML2%2F%25CE%259D.txt",return)</favourite>
</favourites><favourites>
    <favourite name="rg" thumb="special://home/addons/addons/plugin.program.downloader/resources/icons/xcodes.jpg">ActivateWindow(10025,"plugin://plugin.program.downloader/get_remote_xcodes/https%3A%2F%2Fraw.githubusercontent.com%2Fakeotaseo%2Fworld_repo%2Fmain%2FUpdater_Matrix%2FXML2%2Frg.txt",return)</favourite>
</favourites><favourites>
    <favourite name="anakondatv" thumb="special://home/addons/addons/plugin.program.downloader/resources/icons/xcodes.jpg">ActivateWindow(10025,"plugin://plugin.program.downloader/get_remote_xcodes/https%3A%2F%2Fraw.githubusercontent.com%2Fakeotaseo%2Fworld_repo%2Fmain%2FUpdater_Matrix%2FXML2%2Fanakondatv.txt",return)</favourite>
</favourites><favourites>
    <favourite name="TV ON PLAY" thumb="special://home/addons/addons/plugin.program.downloader/resources/icons/xcodes.jpg">ActivateWindow(10025,"plugin://plugin.program.downloader/get_remote_xcodes/https%3A%2F%2Fraw.githubusercontent.com%2Fakeotaseo%2Fworld_repo%2Fmain%2FUpdater_Matrix%2FXML2%2F%257BAllTelegram%257D2.txt",return)</favourite>
</favourites><favourites>
</favourites><favourites>
    <favourite name="71iptvtree. net" thumb="special://home/addons/addons/plugin.program.downloader/resources/icons/xcodes.jpg">ActivateWindow(10025,"plugin://plugin.program.downloader/get_remote_xcodes/https%3A%2F%2Fraw.githubusercontent.com%2Fakeotaseo%2Fworld_repo%2Fmain%2FUpdater_Matrix%2FXML2%2F71iptvtree.%2520net%2520.txt",return)</favourite>
</favourites><favourites>
    <favourite name="[K_B_W_ Client]" thumb="special://home/addons/addons/plugin.program.downloader/resources/icons/xcodes.jpg">ActivateWindow(10025,"plugin://plugin.program.downloader/get_remote_xcodes/https%3A%2F%2Fraw.githubusercontent.com%2Fakeotaseo%2Fworld_repo%2Fmain%2FUpdater_Matrix%2FXML2%2F%255BK_B_W_%2520Client%255D.txt",return)</favourite>
</favourites><favourites>
    <favourite name="_m3u" thumb="special://home/addons/addons/plugin.program.downloader/resources/icons/xcodes.jpg">ActivateWindow(10025,"plugin://plugin.program.downloader/get_remote_xcodes/https%3A%2F%2Fraw.githubusercontent.com%2Fakeotaseo%2Fworld_repo%2Fmain%2FUpdater_Matrix%2FXML2%2F_m3u.txt",return)</favourite>
</favourites><favourites>
    <favourite name="netiptv [COLOR red] OFF...[/COLOR]?" thumb="special://home/addons/addons/plugin.program.downloader/resources/icons/xcodes.jpg">ActivateWindow(10025,"plugin://plugin.program.downloader/get_remote_xcodes/https%3A%2F%2Fraw.githubusercontent.com%2Fakeotaseo%2Fworld_repo%2Fmain%2FUpdater_Matrix%2FXML2%2Fnetiptv.txt",return)</favourite>
</favourites>    <favourite name="TestTest" thumb="special://home/addons/addons/plugin.program.downloader/resources/icons/xcodes.jpg">ActivateWindow(10025,"plugin://plugin.program.downloader/get_remote_xcodes/https%3A%2F%2Fraw.githubusercontent.com%2Fakeotaseo%2Fworld_repo%2Fmain%2FUpdater_Matrix%2FXML2%2FTestTest.txt",return)</favourite>
<favourites>
    <favourite name="[Test]" thumb="special://home/addons/addons/plugin.program.downloader/resources/icons/xcodes.jpg">ActivateWindow(10025,"plugin://plugin.program.downloader/get_remote_xcodes/https%3A%2F%2Fraw.githubusercontent.com%2Fakeotaseo%2Fworld_repo%2Fmain%2FUpdater_Matrix%2FXML2%2F%255BTest%255D.txt",return)</favourite>
</favourites>
