<?xml version="1.0" encoding="UTF-8" standalone="yes"?>
<addon id="plugin.video.blueballs"                                                                                                                                    
	   name="[COLOR blue]Blue Balls[/COLOR]"                                                 
	   version="1.9"                                                                                                                                        
	   provider-name="[COLOR orange]Twisted Nutz[/COLOR]">
  <requires>
	
  </requires>
  <extension point="xbmc.python.pluginsource"
            library="default.py">
        <provides>video</provides>
  </extension>
  <extension library="resources/modules/" point="xbmc.python.module" />
  <extension library="resources/sources/" point="xbmc.python.module" />
  <extension library="resources/" point="xbmc.python.module" />
  <extension point="xbmc.addon.metadata">
	<reuselanguageinvoker>true</reuselanguageinvoker>
    <summary lang="en">Kodi 18+ Addon</summary>
    <description lang="en">[COLOR orange]A Bit Of Porn For Your Enjoyment[/COLOR]</description>
	
    <platform>all</platform>
	<assets>
            <icon>icon.png</icon>
            <fanart>fanart.jpg</fanart>
    </assets>
  </extension>
  
</addon>
