<?xml version="1.0" encoding="UTF-8"?>
<addon
	id="plugin.video.flix-mac" version="1.4" name="FlixTvON MAC" provider-name="FlixTvON MAC">
<requires>    		
    	<import addon="script.module.kodi-six"/>   	
	    <import addon="script.module.requests"/>	
		<import addon="script.module.six"/>	
  </requires>
	<extension point="xbmc.python.pluginsource" library="default.py">
		<provides>video</provides>
	</extension>
	
	<extension point="xbmc.addon.metadata">
        <platform>all</platform>
		<summary lang="pt">FlixTvON</summary>
		<description lang="pt">Este addon fornece IPTV apenas para uso pessoal e privado (Addon sem fins lucrativos)... FICA AQUI MEU OBRIGADO AO @TRAIN_AGAIN PELA AJUDA,VALEU MEU AMIGO.</description>
		<website>https://github.com/</website>
		<license>GPL 3.0</license>
		<platform>all</platform>
		<disclaimer lang="pt">[COLORyellow]FlixTvON[/COLOR]</disclaimer>
	<assets>
        <icon>icon.jpg</icon>  
        <fanart>fanart.jpg</fanart>
        <fondo>fondo.jpg</fondo>
    </assets>        
		<language>pt</language>
	</extension>	
	
</addon>
