<?xml version="1.0" encoding="UTF-8" standalone="yes"?>
<addon id="plugin.video.wedotv" name="WeDoTV" version="0.0.9" provider-name="azzy9">
	<requires>
		<import addon="script.module.requests"/>
		<import addon="script.module.six"/>
	</requires>
	<extension point="xbmc.python.pluginsource" library="addon.py">
		<provides>video</provides>
	</extension>
	<extension point="xbmc.addon.metadata">
		<summary lang="en_GB">WeDoTV</summary>
		<description lang="en_GB">This addon allows you watch Movies and TV Series from WeDoTV</description>
		<language>uk</language>
		<platform>all</platform>
		<license>GPL-3.0-only</license>
		<news>
v0.0.9 (2022-07-01)
fixes not being able to get video

v0.0.8 (2022-05-07)
Add Wallpaper
		</news>
		<assets>
			<icon>icon.png</icon>
			<fanart>fanart.jpg</fanart>
		</assets>
	</extension>
</addon>

