<?xml version="1.0" encoding="UTF-8" standalone="yes"?>
<addon id="plugin.video.wltvhelper" name="World Live TV Helper" version="1.1.16" provider-name="WLTV Group">
	<requires>
		<import addon="script.module.requests"/>
		<import addon="script.module.routing" version="0.2.0"/>
		<import addon="script.module.xmltodict" version="0.12.0"/>
		<import addon="script.module.inputstreamhelper" version="0.5.2"/>
	</requires>
	<extension point="xbmc.python.pluginsource" library="default.py">
		<provides>video</provides>
	</extension>
	<extension point="kodi.context.item">
		<menu id="kodi.core.main">
			<item library="switch.py">
				<label>30129</label>
				<visible>!String.IsEmpty(ListItem.ChannelName)</visible>
			</item>
			<item library="worldtvonpvr.py">
				<label>30125</label>
				<visible>String.Contains(ListItem.FolderPath, "switchlist")</visible>
			</item>
		</menu>
	</extension>
	<extension point="xbmc.addon.metadata">
		<platform>all</platform>
		<summary lang="en">World Live TV Helper - for free IPTV channel</summary>
		<assets>
			<icon>resources/wltv-logo.png</icon>
			<fanart>resources/wltv-background.png</fanart>
			<screenshot>resources/screen1.png</screenshot>
			<screenshot>resources/screen2.png</screenshot>
			<screenshot>resources/screen3.png</screenshot>
		</assets>
		<news></news>
		<description lang="it"></description>
		<disclaimer></disclaimer>
		<platform>all</platform>
		<license>GNU GPL v3</license>
		<forum>https://t.me/worldlivetv</forum>
		<website>https://WorldLiveTV.github.io/</website>
		<source></source>
	</extension>
</addon>
