<?xml version="1.0" encoding="UTF-8" standalone="yes" ?>
<addon id="plugin.video.sportliveevents" name="Sport LIVE" version="1.10b" provider-name="mbebe">
    <requires>
        <import addon="script.module.requests" />
        <import addon="script.module.six"/>
        <import addon="script.module.inputstreamhelper" />
        <import addon="script.module.js2py" version="3.0.0"/>
    </requires>
    <extension point="xbmc.python.pluginsource" library="main.py">
        <provides>video</provides>
    </extension>
    <extension point="xbmc.service" library="service_entry.py"/>
    <extension point="xbmc.addon.metadata">
        <description lang="en">Live Sports</description>
        <disclaimer lang="en">https://github.com/mbebe/blomqvist</disclaimer>    
        <summary lang="en">Live Sports</summary>
        <description lang="pl">Live Sports</description>
        <disclaimer lang="pl">https://github.com/mbebe/blomqvist</disclaimer>    
        <summary lang="pl">Live Sports</summary>
        <language>en pl</language>
        <platform>all</platform>
        <license>GNU GENERAL PUBLIC LICENSE. Version 2, June 1991</license>
        <website>https://github.com/mbebe/blomqvist</website>
        <assets>
            <icon>icon.png</icon>
            <fanart>fanart.jpg</fanart>
        </assets>
        <news>1.9 14-07-2022
        - fixed vipleague</news>
    </extension>
</addon>
