<favourites>
    <favourite name="Library Auto Update" thumb="image://special://home/addons%5cservice.libraryautoupdate%5cresources%5cmedia%5cicon.png/" fanart="none">ActivateWindow(programs,&quot;plugin://service.libraryautoupdate&quot;,return)</favourite>
    <favourite name="Up Next" thumb="image://special://home/addons%5cservice.upnext%5cresources%5cmedia%5cicon.png/" fanart="image://special://home/addons%5cservice.upnext%5cresources%5cmedia%5cfanart.jpg/">ActivateWindow(programs,&quot;plugin://service.upnext&quot;,return)</favourite>
    <favourite name="Trakt" thumb="image://special://home/addons%5cscript.trakt%5cicon.png/" fanart="image://special://home/addons%5cscript.trakt%5cfanart.jpg/">RunScript(&quot;script.trakt&quot;)</favourite>
    <favourite name="NFL Game Pass" thumb="image://C%3a%5cPortableApps%5ckodi%5cKodi%20World%5cKodi%5cportable_data%5caddons%5cscript.video.nfl.gamepass%5cresources%5cart%5cicon.png/" fanart="image://C%3a%5cPortableApps%5ckodi%5cKodi%20World%5cKodi%5cportable_data%5caddons%5cscript.video.nfl.gamepass%5cresources%5cart%5cfanart.jpg/">RunScript(&quot;script.video.nfl.gamepass&quot;)</favourite>
</favourites>