<?xml version="1.0" encoding="UTF-8" standalone="yes"?>
<addon id="plugin.video.x-codes" name="[COLORskyblue]X-Codes[/COLOR]" version="2.0.8" provider-name="1x|ArrowNegra">
  <extension point="xbmc.python.pluginsource"
			library="default.py">
		<provides>video</provides>
  </extension>
  <extension point="xbmc.addon.metadata">
	<summary></summary>
	<language>en</language>
		<description lang="en">X-Codes works with IPTV API, no content is included.</description>
	<platform>all</platform>
	<assets>
		<icon>icon.gif</icon>
		<fanart>fanart.jpg</fanart>
	</assets>
  </extension>
</addon>