<?xml version="1.0" encoding="UTF-8" standalone="yes"?>
<addon id="script.module.grs" name="CartoonsGR mod" version="0.1.7" provider-name="GKoBu">
    <requires>
        <import addon="xbmc.python" version="3.0.0"/>
        <import addon="script.module.six" />
        <import addon="script.module.resolveurl" version="5.0.00"/>
        <import addon="script.module.pyxbmct" version="1.2.0"/>
        <import addon="script.module.requests" version="2.19.1"/>
    </requires>
    <extension point="xbmc.python.pluginsource" library="lib/default.py">
    </extension>
    <extension point="xbmc.addon.metadata">
        <platform>all</platform>
        <summary lang="el">ΤΑΙΝΙΕΣ-ΣΕΙΡΕΣ ΓΙΑ ΜΙΚΡΟΥΣ ΚΑΙ ΜΕΓΑΛΟΥΣ.</summary>
        <description lang="el">Πρόσθετο για Ταινίες κ Σειρές μεταγλωτισμένα ή με υπότιτλους. Με χρήση κώδικα από το πρόσθετο CartoonsGR (bugatsinho-host505).</description>
        <disclaimer lang="el">Ο δημιουργός δεν φιλοξενεί ή διανέμει οποιαδήποτε από το περιεχόμενο που εμφανίζεται από αυτό το πρόσθετο και δεν έχει οποιαδήποτε σχέση με την ιστοσελίδα και τους ιδιοκτήτες αυτής.
        </disclaimer>
        <summary lang="en">GRS</summary>
        <description lang="en">Movies and Series dubbed or with Greek subtitles.Thanks to bugatsinho-host505 for their work in CartoonsGR</description>
        <disclaimer lang="en">The author does not host, stream or distribute any of the content displayed inside this plugin and does not
        have any relation with the website or the website's author.
        </disclaimer>
        <language>en el</language>
        <license>GNU GPL, version 2</license>
        <assets>
            <icon>icon.png</icon>
        </assets>
    </extension>
</addon>
