<favourites>
	<favourite name="Purely Wrestling [COLOR snow][B]Live[/B][/COLOR]" thumb="special://home/addons/resource.images.skinicons.wide/resources/icons/purelywrestling.png">ActivateWindow(10025,&quot;plugin://plugin.video.purelywrestling/?action=directory&amp;content=addons&amp;url=https%3a%2f%2fbitbucket.org%2fFrancis_Drake%2ffrancis-drake%2fraw%2fmaster%2fpurely%2flive.xml&amp;sf_options=fanart%3Dhttps%3A%2F%2Fimgur.com%2F82AVWuC.jpg%26meta%3Dvotes%253D0%2526label%253D%25255BCOLOR%252Bsnow%25255D%25255BB%25255DLive%25255B%25252FB%25255D%25255B%25252FCOLOR%25255D%26_options_sf&quot;,return)</favourite>
	<favourite name="SportHD [B][COLOR white]LIVE EVENTS[/COLOR][/B]" thumb="special://home/addons/resource.images.skinicons.wide/resources/icons/sporthd.png">ActivateWindow(10025,&quot;plugin://plugin.video.sporthdme/?description&amp;iconimage=C%3a%5cUsers%5cJay%5cAppData%5cRoaming%5cKodi%5caddons%5cplugin.video.sporthdme%5cicon.png&amp;mode=5&amp;name=%5bB%5d%5bCOLOR%20white%5dLIVE%20EVENTS%5b%2fCOLOR%5d%5b%2fB%5d&amp;url=https%3a%2f%2f1.livesoccer.sx%2f&amp;sf_options=fanart%3Dspecial%3A%2F%2Fhome%2Faddons%5Cplugin.video.sporthdme%5Cfanart.jpg%26meta%3Dvotes%253D0%2526title%253D%25255BB%25255D%25255BCOLOR%252Bwhite%25255DLIVE%252BEVENTS%25255B%25252FCOLOR%25255D%25255B%25252FB%25255D%2526label%253D%25255BB%25255D%25255BCOLOR%252Bwhite%25255DLIVE%252BEVENTS%25255B%25252FCOLOR%25255D%25255B%25252FB%25255D%26_options_sf&quot;,return)</favourite>
	<favourite name="[B][COLOR gold]Alternative LIVE EVENTS[/COLOR][/B]" thumb="special://home/addons/resource.images.skinicons.wide/resources/icons/sporthd.png">ActivateWindow(10025,&quot;plugin://plugin.video.sporthdme/?description&amp;iconimage=C%3a%5cUsers%5cJay%5cAppData%5cRoaming%5cKodi%5caddons%5cplugin.video.sporthdme%5cicon.png&amp;mode=15&amp;name=%5bB%5d%5bCOLOR%20gold%5dAlternative%20LIVE%20EVENTS%5b%2fCOLOR%5d%5b%2fB%5d&amp;url=https%3a%2f%2fliveon.sx%2fprogram&amp;sf_options=fanart%3Dspecial%3A%2F%2Fhome%2Faddons%5Cplugin.video.sporthdme%5Cfanart.jpg%26meta%3Dvotes%253D0%2526title%253D%25255BB%25255D%25255BCOLOR%252Bgold%25255DAlternative%252BLIVE%252BEVENTS%25255B%25252FCOLOR%25255D%25255B%25252FB%25255D%2526label%253D%25255BB%25255D%25255BCOLOR%252Bgold%25255DAlternative%252BLIVE%252BEVENTS%25255B%25252FCOLOR%25255D%25255B%25252FB%25255D%26_options_sf&quot;,return)</favourite>
	<favourite name="[COLOR white][B]WOD LIVE[/B][/COLOR]" thumb="https://imgur.com/yWk2afh.jpg">ActivateWindow(10025,&quot;plugin://plugin.video.wod/get_list/https://l3grthu.com/hades/wod21/live.xml?sf_options=fanart%3Dhttps%3A%2F%2Fimgur.com%2F82AVWuC.jpg%26meta%3Dlabel%253D%25255BCOLOR%252Bwhite%25255D%25255BB%25255DLIVE%25255B%25252FB%25255D%25255B%25252FCOLOR%25255D%26_options_sf&quot;,return)</favourite>
	<favourite name="Rising Tides [COLOR pink][B]L[/B][/COLOR][COLOR white][B]ive[/B][/COLOR] [COLOR red][B]P[/B][/COLOR][COLOR white][B]PV[/B][/COLOR] [COLOR pink][B]E[/B][/COLOR][COLOR white][B]vents[/B][/COLOR]" thumb="special://home/addons/resource.images.skinicons.wide/resources/icons/risingtides.jpg">ActivateWindow(10025,&quot;plugin://plugin.video.Rising.Tides/?fanart=https%3a%2f%2fcleeng.com%2fblog%2fwp-content%2fuploads%2f2017%2f02%2fLive-PPV-piracy-e1487848574731.jpg&amp;iconimage=http%3a%2f%2fmullafabz.xyz%2fHOST%2fIcons%2fppvnew.jpg&amp;mode=1&amp;name=%5bCOLOR%20pink%5d%5bB%5dL%5b%2fB%5d%5b%2fCOLOR%5d%5bCOLOR%20white%5d%5bB%5dive%5b%2fB%5d%5b%2fCOLOR%5d%20%5bCOLOR%20red%5d%5bB%5dP%5b%2fB%5d%5b%2fCOLOR%5d%5bCOLOR%20white%5d%5bB%5dPV%5b%2fB%5d%5b%2fCOLOR%5d%20%5bCOLOR%20pink%5d%5bB%5dE%5b%2fB%5d%5b%2fCOLOR%5d%5bCOLOR%20white%5d%5bB%5dvents%5b%2fB%5d%5b%2fCOLOR%5d&amp;url=http%3a%2f%2fmullafabz.xyz%2fHOST%2fLiveTV%2fPPV.xml&amp;sf_options=fanart%3Dhttps%3A%2F%2Fcleeng.com%2Fblog%2Fwp-content%2Fuploads%2F2017%2F02%2FLive-PPV-piracy-e1487848574731.jpg%26meta%3Dvotes%253D0%2526title%253D%25255BCOLOR%252Bpink%25255D%25255BB%25255DL%25255B%25252FB%25255D%25255B%25252FCOLOR%25255D%25255BCOLOR%252Bwhite%25255D%25255BB%25255Dive%25255B%25252FB%25255D%25255B%25252FCOLOR%25255D%252B%25255BCOLOR%252Bred%25255D%25255BB%25255DP%25255B%25252FB%25255D%25255B%25252FCOLOR%25255D%25255BCOLOR%252Bwhite%25255D%25255BB%25255DPV%25255B%25252FB%25255D%25255B%25252FCOLOR%25255D%252B%25255BCOLOR%252Bpink%25255D%25255BB%25255DE%25255B%25252FB%25255D%25255B%25252FCOLOR%25255D%25255BCOLOR%252Bwhite%25255D%25255BB%25255Dvents%25255B%25252FB%25255D%25255B%25252FCOLOR%25255D%2526label%253D%25255BCOLOR%252Bpink%25255D%25255BB%25255DL%25255B%25252FB%25255D%25255B%25252FCOLOR%25255D%25255BCOLOR%252Bwhite%25255D%25255BB%25255Dive%25255B%25252FB%25255D%25255B%25252FCOLOR%25255D%252B%25255BCOLOR%252Bred%25255D%25255BB%25255DP%25255B%25252FB%25255D%25255B%25252FCOLOR%25255D%25255BCOLOR%252Bwhite%25255D%25255BB%25255DPV%25255B%25252FB%25255D%25255B%25252FCOLOR%25255D%252B%25255BCOLOR%252Bpink%25255D%25255BB%25255DE%25255B%25252FB%25255D%25255B%25252FCOLOR%25255D%25255BCOLOR%252Bwhite%25255D%25255BB%25255Dvents%25255B%25252FB%25255D%25255B%25252FCOLOR%25255D%26_options_sf&quot;,return)</favourite>
</favourites>