<?xml version="1.0" encoding="UTF-8" standalone="yes"?>
<addon id="script.gkobu.pairwith"
  name="GKoBu Pair Hosts"
  version="6.6a" 
  provider-name="GKoBu">
  <requires>
    <import addon="xbmc.python" version="3.0.0"/>
    <import addon="inputstream.adaptive" />
    <import addon="inputstream.rtmp" />
    <import addon="vfs.libarchive" />
    <import addon="vfs.rar" />
    <import addon="plugin.video.themoviedb.helper" version="1.0.1" />
    <import addon="service.subtitles.localsubtitle" />
    <import addon="resource.language.el_gr" version="9.0.31g" />
    <import addon="plugin.program.autocompletion" version="2.0.2.1" />
    <import addon="script.skinshortcuts" version="1.0.1" />
  </requires>
  <extension point="xbmc.python.script" library="addon.py">
    <provides>executable</provides>
  </extension>
  <extension point="xbmc.addon.metadata">
    <platform>all</platform>
    <summary lang="en">GKoBu Pairing for hosts</summary>
    <description lang="en">GKoBu Pairing for hosts</description>
    <disclaimer>GKoBu Pairing for hosts</disclaimer>
    <assets>
        <icon>icon.png</icon>
    </assets>
  </extension>
</addon>
