<?xml version="1.0" encoding="UTF-8" standalone="yes"?>
<addon id="plugin.video.takeroom" name="Take Room" version="1.0" provider-name="Take Room"> 
<requires>
    <import addon="xbmc.python" version="3.0.0"/>
    <import addon="script.module.requests"/>
	<import addon="inputstream.adaptive"/>
    <import addon="script.module.simplejson"/>
	<import addon="script.module.kodi-six" />
</requires>  
<extension point="xbmc.python.pluginsource" library="mixtx.py">
	<provides>video</provides>
</extension>  
<extension point="xbmc.addon.metadata">
    <summary lang="en">TAKE ROOM</summary>
    <description></description>
    <platform>all</platform>
	<assets>
       <icon>icon.png</icon>
       <fanart>fanart.jpg</fanart>
       <screenshot>resources/screenshots/01.jpg</screenshot>
       <screenshot>resources/screenshots/02.jpg</screenshot>
       <screenshot>resources/screenshots/03.jpg</screenshot>
    </assets>
	<news>
	</news>
</extension>
</addon>