<favourites>
	<favourite name="[COLOR lime]Torque Lite[/COLOR]" thumb="special://home/addons/resource.images.skinicons.wide/resources/icons/torque.png">ActivateWindow(10025,&quot;plugin://plugin.video.KodiVerse/?all_w=%7b%7d&amp;data=%20&amp;dates=%20&amp;description=Torque%20Lite&amp;eng_name=%20&amp;episode=%20&amp;fanart=https%3a%2f%2fi.imgur.com%2fOmM7DK9.jpg&amp;fav_status=false&amp;heb_name=%20&amp;iconimage=https%3a%2f%2fi.imgur.com%2f22vkOQM.png&amp;id=%20&amp;image_master&amp;isr=0&amp;last_id&amp;mode=189&amp;mypass&amp;name=%5bCOLOR%20lime%5dKodiVerse%20Torque%20Lite%5b%2fCOLOR%5d&amp;original_title=%20&amp;search_db&amp;season=%20&amp;show_original_year=%20&amp;tmdbid=%20&amp;url=http%3a%2f%2fracingondemand.xyz%2fnoneofyourebusiness%2fmicroracing.json&amp;video_data=%7b%22title%22%3a%20%22%5bCOLOR%20lime%5dKodiVerse%20Torque%20Lite%5b%2fCOLOR%5d%22%2c%20%22mediatype%22%3a%20%22movie%22%2c%20%22TVshowtitle%22%3a%20%22%22%2c%20%22season%22%3a%200%2c%20%22episode%22%3a%200%2c%20%22OriginalTitle%22%3a%20%22%20%22%2c%20%22rating%22%3a%20%220%22%2c%20%22plot%22%3a%20%22Torque%20Lite%22%2c%20%22Tag%22%3a%20%22None%22%2c%20%22id%22%3a%20%22%20%22%7d&amp;sf_options=fanart%3Dhttps%3A%2F%2Fi.imgur.com%2FOmM7DK9.jpg%26meta%3Dlabel%253D%25255BCOLOR%252Blime%25255DKodiVerse%252BTorque%252BLite%25255B%25252FCOLOR%25255D%26_options_sf&quot;,return)</favourite>
	<favourite name="Mad Titan [COLOR red][B]LIVE[COLORwhite] SPORTS[/COLOR][/B]" thumb="special://home/addons/resource.images.skinicons.wide/resources/icons/madtitan.png">ActivateWindow(10025,&quot;plugin://plugin.video.madtitansports/get_list/https://magnetic1.ratpack.appboxes.co/MAD_TITAN_SPORTS/SPORTS/sports.json?sf_options=fanart%3Dhttps%3A%2F%2Fmagnetic.website%2FMad%2520Titan%2FNEW%2520MAD%2520TITAN%2520ICONS%2Ffanart.jpg%26meta%3Dlabel%253D%25255BCOLOR%252Bred%25255D%25255BB%25255DLIVE%25255BCOLORwhite%25255D%252BSPORTS%25255B%25252FCOLOR%25255D%25255B%25252FB%25255D%26_options_sf&quot;,return)</favourite>
	<favourite name="The Loop" thumb="special://home/addons/resource.images.skinicons.wide/resources/icons/loop.png">ActivateWindow(10025,&quot;plugin://plugin.video.the-loop/?sf_options=fanart%3Dspecial%3A%2F%2Fhome%2Faddons%5Cplugin.video.the-loop%5Cfanart.jpg%26desc%3DThe+Loop+rewritten+on+a+smaller+MicroJen+Codebase.+A+Massive+thanks+to+all+The+Jen+Crew+for+their+valuable+contributions+in+bringing+this+project+together.+Stay+In+The+Loop%26meta%3Dlabel%253DThe%252BLoop%26_options_sf&quot;,return)</favourite>
	<favourite name="The Crew Sports [COLOR orchid]¤[/COLOR] [B][COLOR white][/COLOR][COLOR orchid][/COLOR][COLOR white]Sports[/COLOR][/B]" thumb="special://home/addons/resource.images.skinicons.wide/resources/icons/crew.png">ActivateWindow(10025,&quot;plugin://plugin.video.thecrew/?action=bluehat&amp;sf_options=fanart%3Dspecial%3A%2F%2Fhome%2Faddons%5Cscript.thecrew.artwork%5Cresources%5Cmedia%5Cthecrew%5Cfanart.jpg%26meta%3Dlabel%253D%25255BCOLOR%252Borchid%25255D%2525C2%2525A4%25255B%25252FCOLOR%25255D%252B%25255BB%25255D%25255BCOLOR%252Bwhite%25255D%25255B%25252FCOLOR%25255D%25255BCOLOR%252Borchid%25255D%25255B%25252FCOLOR%25255D%25255BCOLOR%252Bwhite%25255DSports%25255B%25252FCOLOR%25255D%25255B%25252FB%25255D%26_options_sf&quot;,return)</favourite>
	<favourite name="[COLORnavajowhite]The Endzone 19[/COLOR]" thumb="special://home/addons/resource.images.skinicons.wide/resources/icons/endzone.jpg">ActivateWindow(10025,&quot;plugin://plugin.video.ez19/?sf_options=fanart%3Dspecial%3A%2F%2Fhome%2Faddons%5Cplugin.video.ez19%5Cfanart.jpg%26desc%3DSmaller+jen%26meta%3Dlabel%253D%25255BCOLORnavajowhite%25255DThe%252BEndzone%252B19%25255B%25252FCOLOR%25255D%26_options_sf&quot;,return)</favourite>
	<favourite name="[COLOR goldenrod]Asgard Sports Section[/COLOR]" thumb="http://narcacist.com/images/asg/icon.png">ActivateWindow(10025,&quot;plugin://plugin.video.asgard/?all_w=%7b%7d&amp;data=%20&amp;dates=%20&amp;description=Sports&amp;eng_name=%20&amp;episode=%20&amp;fanart=http%3a%2f%2fnarcacist.com%2fimages%2fasg%2ffanart.jpg&amp;fav_status=false&amp;heb_name=%20&amp;iconimage=http%3a%2f%2fnarcacist.com%2fimages%2fasg%2ficon.png&amp;id=%20&amp;image_master&amp;isr=0&amp;last_id&amp;mode=189&amp;mypass&amp;name=%5bCOLOR%20goldenrod%5dAsgard%20Sports%20Section%5b%2fCOLOR%5d&amp;original_title=%20&amp;search_db&amp;season=%20&amp;show_original_year=%20&amp;tmdbid=%20&amp;url=http%3a%2f%2fnarcacist.com%2fAddon%2ftext%2fsport.xml&amp;video_data=%7b%22title%22%3a%20%22%5bCOLOR%20goldenrod%5dAsgard%20Sports%20Section%5b%2fCOLOR%5d%22%2c%20%22mediatype%22%3a%20%22movie%22%2c%20%22TVshowtitle%22%3a%20%22%22%2c%20%22season%22%3a%200%2c%20%22episode%22%3a%200%2c%20%22OriginalTitle%22%3a%20%22%20%22%2c%20%22rating%22%3a%20%220%22%2c%20%22plot%22%3a%20%22Sports%22%2c%20%22Tag%22%3a%20%22None%22%2c%20%22id%22%3a%20%22%20%22%7d&amp;sf_options=fanart%3Dhttp%3A%2F%2Fnarcacist.com%2Fimages%2Fasg%2Ffanart.jpg%26meta%3Dlabel%253D%25255BCOLOR%252Bgoldenrod%25255DAsgard%252BSports%252BSection%25255B%25252FCOLOR%25255D%26_options_sf&quot;,return)</favourite>
	<favourite name="2 Lazy (MLB + NHL)" thumb="special://home/addons/resource.images.skinicons.wide/resources/icons/toolazy.png">ActivateWindow(10025,&quot;plugin://plugin.video.toolazy?sf_options=desc%3DToo+Lazy%26meta%3Dlabel%253DToo%252BLazy%26_options_sf&quot;,return)</favourite>
	<favourite name="Buff Streams" thumb="special://home/addons/resource.images.skinicons.wide/resources/icons/buffstreams.png">ActivateWindow(10025,&quot;plugin://plugin.video.buffstreams/?sf_options=meta%3Dlabel%253DBuff%252BStreams%26_options_sf&quot;,return)</favourite>
	<favourite name="[COLOR red][B]R[/B][/COLOR][COLOR white][B]ising[/B][/COLOR] [COLOR pink][B]T[/B][/COLOR][COLOR white][B]ides[/B][/COLOR]" thumb="special://home/addons/resource.images.skinicons.wide/resources/icons/risingtides.jpg">ActivateWindow(10025,&quot;plugin://plugin.video.Rising.Tides?sf_options=fanart%3Dspecial%3A%2F%2Fhome%2Faddons%5Cplugin.video.Rising.Tides%5Cfanart.jpg%26desc%3DI+don%27t+have+any+affiliation+with+the+content+provider+nor+KODI.Content+freely+available+on+the+internet.More+info+%5BCOLOR+lime%5D%5BB%5D%40mullafabz%5B%2FB%5D%5B%2FCOLOR%5D+on+Twitter%26meta%3Dlabel%253D%25255BCOLOR%252Bred%25255D%25255BB%25255DR%25255B%25252FB%25255D%25255B%25252FCOLOR%25255D%25255BCOLOR%252Bwhite%25255D%25255BB%25255Dising%25255B%25252FB%25255D%25255B%25252FCOLOR%25255D%252B%25255BCOLOR%252Bpink%25255D%25255BB%25255DT%25255B%25252FB%25255D%25255B%25252FCOLOR%25255D%25255BCOLOR%252Bwhite%25255D%25255BB%25255Dides%25255B%25252FB%25255D%25255B%25252FCOLOR%25255D%26_options_sf&quot;,return)</favourite>
	<favourite name="CarbonTV" thumb="special://home/addons/resource.images.skinicons.wide/resources/icons/carbontv.png">ActivateWindow(10025,&quot;plugin://plugin.video.carbon-tv/?sf_options=fanart%3Dspecial%3A%2F%2Fhome%2Faddons%5Cplugin.video.carbon-tv%5Cresources%5Cmedia%5Cfanart.jpg%26desc%3DWatch+video+clips+and+full+episodes+from+CarbonTV%2C+the+premier+online+video+destination+for+premium+outdoor+themed+shows+and+engaging+personalities.++%2AMatrix+Version%2A%26meta%3Dlabel%253DCarbonTV%26_options_sf&quot;,return)</favourite>
	<favourite name="CBS Sports HQ" thumb="special://home/addons/resource.images.skinicons.wide/resources/APPTV/ustvgo/cbssports.jpg">PlayMedia(&quot;plugin://plugin.video.cbsnetwork/?url=https%3A%2F%2Fdai.google.com%2Flinear%2Fhls%2Fevent%2F9Lq0ERvoSR-z9AwvFS-xYA%2Fmaster.m3u8&amp;mode=8&amp;name=CBS+Sports+HQ&amp;sf_options=winID%3D10025%26fanart%3Dhttp%3A%2F%2Fwwwimage.cbsstatic.com%2Fbase%2Ffiles%2Flistings%2Fapi-managed%2Fassets%2Fp22105346_b_h8_ad.jpg%26meta%3Dvotes%253D0%2526title%253DCBS%252BSports%252BHQ%2526label%253DCBS%252BSports%252BHQ%26_options_sf&quot;)</favourite>
	<favourite name="Slam City" thumb="special://home/addons/resource.images.skinicons.wide/resources/icons/slamcity.png">ActivateWindow(10025,&quot;plugin://plugin.video.thechains/?all_w=%7b%7d&amp;data=%20&amp;dates=%20&amp;description=Slam%20City&amp;eng_name=%20&amp;episode=%20&amp;fanart=https%3a%2f%2fi.imgur.com%2f6YZ1QkM.jpg&amp;fav_status=false&amp;heb_name=%20&amp;iconimage=https%3a%2f%2fi.imgur.com%2fo8DcQG0.png&amp;id=%20&amp;image_master&amp;isr=0&amp;last_id&amp;mode=189&amp;mypass&amp;name=Slam%20City&amp;original_title=%20&amp;search_db&amp;season=%20&amp;show_original_year=%20&amp;tmdbid=%20&amp;url=http%3a%2f%2fthechains24.com%2fWWE%2fWWE%2520MAIN.txt&amp;video_data=%7b%22title%22%3a%20%22Slam%20City%22%2c%20%22mediatype%22%3a%20%22movie%22%2c%20%22TVshowtitle%22%3a%20%22%22%2c%20%22season%22%3a%200%2c%20%22episode%22%3a%200%2c%20%22OriginalTitle%22%3a%20%22%20%22%2c%20%22rating%22%3a%20%220%22%2c%20%22plot%22%3a%20%22Slam%20City%22%2c%20%22Tag%22%3a%20%22None%22%2c%20%22id%22%3a%20%22%20%22%7d&amp;sf_options=fanart%3Dhttps%3A%2F%2Fi.imgur.com%2F6YZ1QkM.jpg%26meta%3Dlabel%253DSlam%252BCity%26_options_sf&quot;,return)</favourite>
	<favourite name="dartstreams" thumb="special://home/addons/resource.images.skinicons.wide/resources/icons/darts.png">ActivateWindow(10025,&quot;plugin://plugin.video.dartstreams/?sf_options=fanart%3Dspecial%3A%2F%2Fhome%2Faddons%5Cplugin.video.dartstreams%5Cfanart.jpg%26desc%3DWhatch+Live+and+VOD%26meta%3Dlabel%253Ddartstreams%26_options_sf&quot;,return)</favourite>
	<favourite name="Fluxus Sports" thumb="special://home/addons/resource.images.skinicons.wide/resources/icons/fluxus.jpg">ActivateWindow(10025,&quot;plugin://plugin.video.fidoK19/get_list/m3ucat|https://bitbucket.org/!api/2.0/snippets/fluxustv/KpaEKX/40b16ee3c4bde59e7ebb0f241474f57158121455/files/FTV-ENG|Sports?sf_options=fanart%3Dspecial%3A%2F%2Fhome%2Faddons%5Cplugin.video.fidoK19%5Cfanart.jpg%26meta%3Dlabel%253DSports%26_options_sf&quot;,return)</favourite>
	<favourite name="Full Match TV" thumb="special://home/addons/resource.images.skinicons.wide/resources/icons/fullmatchtv.png">ActivateWindow(10025,&quot;plugin://plugin.video.fullmatchtv/?sf_options=meta%3Dlabel%253DFull%252BMatch%252BTV%26_options_sf&quot;,return)</favourite>
	<favourite name="MLB.TV 2" thumb="special://home/addons/resource.images.skinicons.wide/resources/icons/MLB_2019.png">ActivateWindow(10025,&quot;plugin://plugin.video.mlbtv2/?sf_options=fanart%3Dspecial%3A%2F%2Fhome%2Faddons%5Cplugin.video.mlbtv2%5Cfanart.jpg%26desc%3DWatch+every+out-of-market+regular+season+game+in+the+office+or+on+the+go.+The+%231+LIVE%0D%0A++++++++++++Streaming+Sports+Service%0D%0A++++++++%26meta%3Dlabel%253DMLB.TV%252B2%26_options_sf&quot;,return)</favourite>
	<favourite name="MLB.TV®" thumb="special://home/addons/resource.images.skinicons.wide/resources/icons/MLB_2019.png">ActivateWindow(10025,&quot;plugin://plugin.video.mlbtv/?sf_options=fanart%3Dspecial%3A%2F%2Fhome%2Faddons%5Cplugin.video.mlbtv%5Cfanart.jpg%26desc%3DWatch+every+out-of-market+regular+season+game+in+the+office+or+on+the+go.+The+%231+LIVE%0A++++++++++++Streaming+Sports+Service%0A++++++++%26meta%3Dlabel%253DMLB.TV%2525C2%2525AE%26_options_sf&quot;,return)</favourite>
	<favourite name="NBC Sports Live Extra" thumb="special://home/addons/resource.images.skinicons.wide/resources/icons/nbcsports.png">ActivateWindow(10025,&quot;plugin://plugin.video.nbcsnliveextra/?sf_options=fanart%3Dspecial%3A%2F%2Fhome%2Faddons%5Cplugin.video.nbcsnliveextra%5Cfanart.jpg%26desc%3DNBC+Sports+Live+Extra+is+a+service+that+allows+you+to+watch+NBC+Sports+coverage+of+live+events+from+NBC+and+NBCSports+Network%26meta%3Dlabel%253DNBC%252BSports%252BLive%252BExtra%26_options_sf&quot;,return)</favourite>
	<favourite name="Pluto Sports" thumb="special://home/addons/resource.images.skinicons.wide/resources/icons/pluto.png">ActivateWindow(10025,&quot;plugin://plugin.video.plutotv/categories/Sports?sf_options=fanart%3Dhttps%3A%2F%2Fs3.amazonaws.com%2Fpluto.tv%2Fchannelcategory%2F5c12fe491cbd932b678e3d8f%2FSports-1597779565010.svg%26meta%3Dvotes%253D0%2526title%253DSports%2526label%253DSports%26_options_sf&quot;,return)</favourite>
	<favourite name="Purely Wrestling" thumb="special://home/addons/resource.images.skinicons.wide/resources/icons/purelywrestling.png">ActivateWindow(10025,&quot;plugin://plugin.video.purelywrestling/?sf_options=fanart%3Dspecial%3A%2F%2Fhome%2Faddons%5Cplugin.video.purelywrestling%5Cfanart.jpg%26desc%3DPurely+Wrestling%26meta%3Dlabel%253DPurely%252BWrestling%26_options_sf&quot;,return)</favourite>
	<favourite name="Red Bull TV" thumb="special://home/addons/resource.images.skinicons.wide/resources/icons/redbull.png">ActivateWindow(10025,&quot;plugin://plugin.video.redbull.tv/?sf_options=fanart%3Dspecial%3A%2F%2Fhome%2Faddons%5Cplugin.video.redbull.tv%5Cresources%5Cmedia%5Cfanart.jpg%26desc%3DRed+Bull+TV+gives+you+front-row+access+to+live+events%2C+the+best+inaction+sports%2C+new+music+and+entertainment%2C+and+thrilling+videos+from+world+adventurers.%26meta%3Dlabel%253DRed%252BBull%252BTV%26_options_sf&quot;,return)</favourite>
	<favourite name="SportHD" thumb="special://home/addons/resource.images.skinicons.wide/resources/icons/sporthd.png">ActivateWindow(10025,&quot;plugin://plugin.video.sporthdme/?sf_options=fanart%3Dspecial%3A%2F%2Fhome%2Faddons%5Cplugin.video.sporthdme%5Cfanart.jpg%26desc%3DSport+Streams+from+SportHD.me%26meta%3Dlabel%253DSportHD%26_options_sf&quot;,return)</favourite>
	<favourite name="Sportowa TV" thumb="special://home/addons/resource.images.skinicons.wide/resources/icons/sports.png">ActivateWindow(10025,&quot;plugin://plugin.video.PLsportowo/?sf_options=fanart%3Dspecial%3A%2F%2Fhome%2Faddons%5Cplugin.video.PLsportowo%5Cfanart.jpg%26desc%3DWydarzenia+sportowe%26meta%3Dlabel%253DSportowa%252BTV%26_options_sf&quot;,return)</favourite>
	<favourite name="Sports.TV" thumb="special://home/addons/resource.images.skinicons.wide/resources/icons/sports.tv.png">ActivateWindow(10025,&quot;plugin://plugin.video.sportstv/?sf_options=fanart%3Dspecial%3A%2F%2Fhome%2Faddons%5Cplugin.video.sportstv%5Cresources%5Cmedia%5Cfanart.jpg%26desc%3DEnjoy+over+60+free+channels+across+the+world+of+sports.+Pac12+Insider%2C+HBCUGo.TV%2C+World+Poker+Tour%2C+Pursuit+Up+TV%2C+Swerve+Sports%2C+SportsGrid%2C+For+the+Fans%2C+Fight+Network%2C+Impact+Wrestling%2C+Black+Belt+TV%2C+MMA+TV%2C+Campus+Lore%2C+Allied+Esports%2C+Outside+TV%2C+NHRA+TV%2C+and+Racing+America+are+just+some+of+the+channels+available+right+now.+%26meta%3Dlabel%253DSports.TV%26_options_sf&quot;,return)</favourite>
	<favourite name="Stadium" thumb="special://home/addons/resource.images.skinicons.wide/resources/icons/stadium.png">ActivateWindow(10025,&quot;plugin://plugin.video.stadium/?sf_options=fanart%3Dspecial%3A%2F%2Fhome%2Faddons%5Cplugin.video.stadium%5Cresources%5Cmedia%5Cfanart.jpg%26desc%3DStadium+was+formed+when+Campus+Insiders%2C+120+Sports+and+American+Sports+Network+combined+forces+to+create+a+multi-platform+sports+network+that+brings+together+exclusive+live+games+and+events%2C+extensive+highlights%2C+classic+games%2C+original+programming%2C+and+daily+live+studio+programming.+%2AMatrix+Version%2A%26meta%3Dlabel%253DStadium%26_options_sf&quot;,return)</favourite>
	<favourite name="Stirr Sports" thumb="special://home/addons/resource.images.skinicons.wide/resources/icons/stirr.png">ActivateWindow(10025,&quot;plugin://slyguy.stirr.provider/?_=live_tv&amp;code=all&amp;group=Sports&amp;sf_options=fanart%3Dspecial%3A%2F%2Fhome%2Faddons%5Cslyguy.stirr.provider%5Cfanart.jpg%26desc%3DSports%0A%0A16+Channels%26meta%3Dvotes%253D0%2526plot%253DSports%25255Cn%25255Cn16%252BChannels%2526title%253DSports%252B%25252816%252529%2526label%253DSports%252B%25252816%252529%26_options_sf&quot;,return)</favourite>
	<favourite name="WOD" thumb="special://home/addons/resource.images.skinicons.wide/resources/icons/wod.png">ActivateWindow(10025,&quot;plugin://plugin.video.wod/?sf_options=fanart%3Dspecial%3A%2F%2Fhome%2Faddons%5Cplugin.video.wod%5Cfanart.jpg%26desc%3DWOD+KODI+19%26meta%3Dlabel%253DWOD%26_options_sf&quot;,return)</favourite>
	<favourite name="[COLOR lime]KodiVerse Fights on Demand[/COLOR]" thumb="special://home/addons/resource.images.skinicons.wide/resources/icons/fod.jpg">ActivateWindow(10025,&quot;plugin://plugin.video.KodiVerse/?all_w=%7b%7d&amp;data=%20&amp;dates=%20&amp;description=Fights%20on%20Demand&amp;eng_name=%20&amp;episode=%20&amp;fanart=https%3a%2f%2fmylostsoulspace.co.uk%2fmyfiles%2ffod%2fartwork%2ffanart.jpg&amp;fav_status=false&amp;heb_name=%20&amp;iconimage=https%3a%2f%2fmylostsoulspace.co.uk%2fmyfiles%2ffod%2fartwork%2ficon.png&amp;id=%20&amp;image_master&amp;isr=0&amp;last_id&amp;mode=189&amp;mypass&amp;name=%5bCOLOR%20lime%5dKodiVerse%20Fights%20on%20Demand%5b%2fCOLOR%5d&amp;original_title=%20&amp;search_db&amp;season=%20&amp;show_original_year=%20&amp;tmdbid=%20&amp;url=http%3a%2f%2fnarcacist.com%2fAddon%2fFOD%2ffod-main.xml&amp;video_data=%7b%22title%22%3a%20%22%5bCOLOR%20lime%5dKodiVerse%20Fights%20on%20Demand%5b%2fCOLOR%5d%22%2c%20%22mediatype%22%3a%20%22movie%22%2c%20%22TVshowtitle%22%3a%20%22%22%2c%20%22season%22%3a%200%2c%20%22episode%22%3a%200%2c%20%22OriginalTitle%22%3a%20%22%20%22%2c%20%22rating%22%3a%20%220%22%2c%20%22plot%22%3a%20%22Fights%20on%20Demand%22%2c%20%22Tag%22%3a%20%22None%22%2c%20%22id%22%3a%20%22%20%22%7d&amp;sf_options=fanart%3Dhttps%3A%2F%2Fmylostsoulspace.co.uk%2Fmyfiles%2Ffod%2Fartwork%2Ffanart.jpg%26meta%3Dlabel%253D%25255BCOLOR%252Blime%25255DKodiVerse%252BFights%252Bon%252BDemand%25255B%25252FCOLOR%25255D%26_options_sf&quot;,return)</favourite>
	<favourite name="Wrestlingwatch_cam" thumb="special://home/addons/resource.images.skinicons.wide/resources/icons/wrestlingwatch.png">ActivateWindow(10025,&quot;plugin://plugin.video.wrestlingwatch/?sf_options=fanart%3Dspecial%3A%2F%2Fhome%2Faddons%5Cplugin.video.wrestlingwatch%5Cfanart.jpg%26desc%3DWrestlingwatch_cam%26meta%3Dlabel%253DWrestlingwatch_cam%26_options_sf&quot;,return)</favourite>
	<favourite name="FOX Sports" thumb="http://canvas-bridge.tubitv.com/6X-6S3-GhalqbRrPMZhGsv1vJ2k=/640x360/smart/img.adrise.tv/2cd3ebaf-3f96-4797-8a75-c13a38e89bf0.png">ActivateWindow(10025,&quot;plugin://plugin.video.tubi.m7/?mode=fox_sportstubitv-content&amp;rand=GEFJYP&amp;sf_options=fanart%3Dspecial%3A%2F%2Fhome%2Faddons%5Cplugin.video.tubi.m7%5Cicon.png%26meta%3Dvotes%253D0%2526title%253DFOX%252BSports%2526label%253DFOX%252BSports%26_options_sf&quot;,return)</favourite>
</favourites>