<favourites>
	<favourite name="[COLORred][B]MLB[/COLOR]  [/B]" thumb="https://magnetic.website/menu%20icons/wolfgirl%20mad%20titan%20sports%20icons/Picsart_22-05-12_06-38-55-209.png">ActivateWindow(10025,&quot;plugin://plugin.video.madtitansports/airtable/jen/season|MLB|appAixUSjENO2TX9W|MLB***keykKra5bHtU3ejar?sf_options=fanart%3Dhttps%3A%2F%2Fssl.tzoo-img.com%2Fimages%2Ftzoo.88776.0.841320.PittsburghPirates-cp.jpg%26meta%3Dvotes%253D0%2526label%253D%25255BCOLORred%25255D%25255BB%25255DMLB%25255B%25252FCOLOR%25255D%252B%252B%25255B%25252FB%25255D%26_options_sf&quot;,return)</favourite>
	<favourite name="Baseball                                           Total: 98" thumb="https://sportshub.stream//amp/pages/img/baseball.svg">ActivateWindow(10025,&quot;plugin://plugin.video.buffstreams/?iconimage=https%3a%2f%2fsportshub.stream%2f%2famp%2fpages%2fimg%2fbaseball.svg&amp;mode=Category&amp;name=Baseball%20%20%20%20%20%20%20%20%20%20%20%20%20%20%20%20%20%20%20%20%20%20%20%20%20%20%20%20%20%20%20%20%20%20%20%20%20%20%20%20%20%20%20Total%3a%2098&amp;url=https%3a%2f%2fsportshub.stream%2f%2fbaseball-live-streamz%2f&amp;sf_options=meta%3Dlabel%253DBaseball%252B%252B%252B%252B%252B%252B%252B%252B%252B%252B%252B%252B%252B%252B%252B%252B%252B%252B%252B%252B%252B%252B%252B%252B%252B%252B%252B%252B%252B%252B%252B%252B%252B%252B%252B%252B%252B%252B%252B%252B%252B%252B%252BTotal%25253A%252B98%26_options_sf&quot;,return)</favourite>
	<favourite name="Baseball" thumb="DefaultFolder.png">ActivateWindow(10025,&quot;plugin://plugin.video.daddylive/?mode=trList&amp;trType=Baseball&amp;sf_options=meta%3Dvotes%253D0%2526label%253DBaseball%26_options_sf&quot;,return)</favourite>
	<favourite name="[COLOR lime][B]MLB[/B][/COLOR]:[COLOR white][B]Teams Pass[/B][/COLOR]" thumb="https://www.mlbstatic.com/team-logos/share/mlb.jpg">ActivateWindow(10025,&quot;plugin://plugin.video.Rising.Tides/?fanart=https%3a%2f%2fi.imgur.com%2fAWutrFY.jpg&amp;iconimage=https%3a%2f%2fwww.mlbstatic.com%2fteam-logos%2fshare%2fmlb.jpg&amp;mode=1&amp;name=%5bCOLOR%20lime%5d%5bB%5dMLB%5b%2fB%5d%5b%2fCOLOR%5d%3a%5bCOLOR%20white%5d%5bB%5dTeams%20Pass%5b%2fB%5d%5b%2fCOLOR%5d&amp;url=https%3a%2f%2fmullafabz.xyz%2fHOST%2fLiveTV%2fMLBs%2fmlball.xml&amp;sf_options=fanart%3Dhttps%3A%2F%2Fi.imgur.com%2FAWutrFY.jpg%26meta%3Dvotes%253D0%2526title%253D%25255BCOLOR%252Blime%25255D%25255BB%25255DMLB%25255B%25252FB%25255D%25255B%25252FCOLOR%25255D%25253A%25255BCOLOR%252Bwhite%25255D%25255BB%25255DTeams%252BPass%25255B%25252FB%25255D%25255B%25252FCOLOR%25255D%2526label%253D%25255BCOLOR%252Blime%25255D%25255BB%25255DMLB%25255B%25252FB%25255D%25255B%25252FCOLOR%25255D%25253A%25255BCOLOR%252Bwhite%25255D%25255BB%25255DTeams%252BPass%25255B%25252FB%25255D%25255B%25252FCOLOR%25255D%26_options_sf&quot;,return)</favourite>
	<favourite name="[COLOR lime][B]MLB[/B][/COLOR]:[COLOR white][B]Teams Pass.Backup[/B][/COLOR]" thumb="https://www.mlbstatic.com/team-logos/share/mlb.jpg">ActivateWindow(10025,&quot;plugin://plugin.video.Rising.Tides/?fanart=https%3a%2f%2fi.imgur.com%2fAWutrFY.jpg&amp;iconimage=https%3a%2f%2fwww.mlbstatic.com%2fteam-logos%2fshare%2fmlb.jpg&amp;mode=1&amp;name=%5bCOLOR%20lime%5d%5bB%5dMLB%5b%2fB%5d%5b%2fCOLOR%5d%3a%5bCOLOR%20white%5d%5bB%5dTeams%20Pass.Backup%5b%2fB%5d%5b%2fCOLOR%5d&amp;url=https%3a%2f%2fmullafabz.xyz%2fHOST%2fLiveTV%2fMLBs%2fmlball2.xml&amp;sf_options=fanart%3Dhttps%3A%2F%2Fi.imgur.com%2FAWutrFY.jpg%26meta%3Dvotes%253D0%2526title%253D%25255BCOLOR%252Blime%25255D%25255BB%25255DMLB%25255B%25252FB%25255D%25255B%25252FCOLOR%25255D%25253A%25255BCOLOR%252Bwhite%25255D%25255BB%25255DTeams%252BPass.Backup%25255B%25252FB%25255D%25255B%25252FCOLOR%25255D%2526label%253D%25255BCOLOR%252Blime%25255D%25255BB%25255DMLB%25255B%25252FB%25255D%25255B%25252FCOLOR%25255D%25253A%25255BCOLOR%252Bwhite%25255D%25255BB%25255DTeams%252BPass.Backup%25255B%25252FB%25255D%25255B%25252FCOLOR%25255D%26_options_sf&quot;,return)</favourite>
	<favourite name="[B][COLOR white]Baseball[/COLOR][/B]" thumb="https://1.livesoccer.sx/images/baseball.png">ActivateWindow(10025,&quot;plugin://plugin.video.sporthdme/?description=Baseball&amp;iconimage=https%3a%2f%2f1.livesoccer.sx%2fimages%2fbaseball.png&amp;mode=5&amp;name=%5bB%5d%5bCOLOR%20white%5dBaseball%5b%2fCOLOR%5d%5b%2fB%5d&amp;url=https%3a%2f%2f1.livesoccer.sx%2f%3ftype%3dbaseball&amp;sf_options=fanart%3Dspecial%3A%2F%2Fhome%2Faddons%5Cplugin.video.sporthdme%5Cfanart.jpg%26desc%3DBaseball%26meta%3Dvotes%253D0%2526plot%253DBaseball%2526title%253D%25255BB%25255D%25255BCOLOR%252Bwhite%25255DBaseball%25255B%25252FCOLOR%25255D%25255B%25252FB%25255D%2526label%253D%25255BB%25255D%25255BCOLOR%252Bwhite%25255DBaseball%25255B%25252FCOLOR%25255D%25255B%25252FB%25255D%26_options_sf&quot;,return)</favourite>
	<favourite name="MLB Zone" thumb="https://i.imgur.com/4d3TWwL.png">ActivateWindow(10025,&quot;plugin://plugin.video.the-loop/get_list/https://loopaddon.uk/files/k19/MLBZone.json?sf_options=fanart%3Dhttps%3A%2F%2Fi.imgur.com%2F5YCD8Zv.jpg%26meta%3Dlabel%253DMLB%252BZone%26_options_sf&quot;,return)</favourite>
	<favourite name="Live" thumb="http://mobileassets.nbcsports.com/channels/new/nbcsports.png">ActivateWindow(10025,&quot;plugin://plugin.video.nbcsnliveextra/?icon_image=http%3a%2f%2fmobileassets.nbcsports.com%2fchannels%2fnew%2fnbcsports.png&amp;mode=4&amp;name=Live&amp;url=https%3a%2f%2fapi-leap.nbcsports.com%2ffeeds%2fassets%3fapplication%3dNBCSports%26sections%3dall%26statuses%3dLive%2cUpcoming%26format%3dv1%26sort%3d1%26platform%3dandroid%26size%3d%5bSIZE%5d&amp;sf_options=fanart%3Dspecial%3A%2F%2Fhome%2Faddons%5Cplugin.video.nbcsnliveextra%5Cfanart.jpg%26meta%3Dlabel%253DLive%26_options_sf&quot;,return)</favourite>
	<favourite name="[COLORwhite]Top Live Games On Now[/COLOR]" thumb="https://ia902503.us.archive.org/28/items/icon_20220511/icon.png">ActivateWindow(10025,&quot;plugin://plugin.program.super.favourites/?cmd=ActivateWindow(10025%2c%22plugin%3a%2f%2fplugin.video.ghost%2f%3fall_w%3d%257b%257d%26data%26dates%3d%2520%26description%3d%2520%26eng_name%3d%2520%26episode%3d%2520%26fanart%3dhttps%253a%252f%252fia902507.us.archive.org%252f12%252fitems%252ffanart_202205%252ffanart.jpg%26fav_status%3dfalse%26heb_name%3d%2520%26iconimage%3dhttps%253a%252f%252fia902503.us.archive.org%252f28%252fitems%252ficon_20220511%252ficon.png%26id%26image_master%26isr%3d0%26last_id%26mode%3d189%26mypass%26name%3d%255bCOLORwhite%255dTop%2520Games%255b%252fCOLOR%255d%26original_title%3d%255bCOLORwhite%255dTop%2520Games%255b%252fCOLOR%255d%26search_db%26season%3d%2520%26show_original_year%3d%2520%26tmdbid%3d%2520%26url%3dhttps%253a%252f%252fthechains24.com%252fGREENHAT%252ftop.games.xml%26video_data%3d%257b%2522title%2522%253a%2520%2522%255bCOLORwhite%255dTop%2520Games%255b%252fCOLOR%255d%2522%252c%2520%2522mediatype%2522%253a%2520%2522movie%2522%252c%2520%2522TVshowtitle%2522%253a%2520%2522%2522%252c%2520%2522season%2522%253a%25200%252c%2520%2522episode%2522%253a%25200%252c%2520%2522OriginalTitle%2522%253a%2520%2522%255bCOLORwhite%255dTop%2520Games%255b%252fCOLOR%255d%2522%252c%2520%2522year%2522%253a%2520%2522%2522%252c%2520%2522rating%2522%253a%2520%25220%2522%252c%2520%2522plot%2522%253a%2520%2522%2520%2522%252c%2520%2522Tag%2522%253a%2520%2522189%2522%252c%2520%2522trailer%2522%253a%2520%2522%2522%252c%2520%2522id%2522%253a%2520%2522%2522%257d%26sf_options%3dfanart%253Dhttps%253A%252F%252Fia902507.us.archive.org%252F12%252Fitems%252Ffanart_202205%252Ffanart.jpg%2526meta%253Dlabel%25253D%2525255BCOLORwhite%2525255DTop%25252BGames%2525255B%2525252FCOLOR%2525255D%2526_options_sf%22%2creturn)&amp;content_type=video&amp;fanart=https%3a%2f%2fia902507.us.archive.org%2f12%2fitems%2ffanart_202205%2ffanart.jpg&amp;image=https%3a%2f%2fia902503.us.archive.org%2f28%2fitems%2ficon_20220511%2ficon.png&amp;label=%5bCOLORwhite%5dTop%20Live%20Games%20On%20Now%5b%2fCOLOR%5d&amp;mode=650&amp;sf_options=fanart%3Dhttps%3A%2F%2Fia902507.us.archive.org%2F12%2Fitems%2Ffanart_202205%2Ffanart.jpg%26meta%3Dvotes%253D0%2526label%253D%25255BCOLORwhite%25255DTop%252BLive%252BGames%252BOn%252BNow%25255B%25252FCOLOR%25255D%26_options_sf&quot;,return)</favourite>
	<favourite name="[B][I][COLORyellow]TODAYS SPORTING EVENTS[/COLOR][/B][/I]" thumb="https://magnetic.website/menu%20icons/wolfgirl%20mad%20titan%20sports%20icons/Picsart_22-05-12_06-53-49-228.png">ActivateWindow(10025,&quot;plugin://plugin.video.madtitansports/sportjetextractors/games/SportTVGuide?sf_options=fanart%3Dhttps%3A%2F%2Fmagnetic.website%2FMad%2520Titan%2FNEW%2520MAD%2520TITAN%2520ICONS%2Ffanart.jpg%26meta%3Dvotes%253D0%2526label%253D%25255BB%25255D%25255BI%25255D%25255BCOLORyellow%25255DTODAYS%252BSPORTING%252BEVENTS%25255B%25252FCOLOR%25255D%25255B%25252FB%25255D%25255B%25252FI%25255D%252B%252B%26_options_sf&quot;,return)</favourite>
	<favourite name="Baseball (12)" thumb="special://home/addons\plugin.video.PLsportowo\/resources/baseball.png">ActivateWindow(10025,&quot;plugin://plugin.video.PLsportowo/?image=C%3a%5cUsers%5cJay%5cAppData%5cRoaming%5cKodi%5caddons%5cplugin.video.PLsportowo%5c%2fresources%2fbaseball.png&amp;mode=livetvevents&amp;title=Baseball%20(12)&amp;url=http%3a%2f%2flivetv.sx%2fenx%2fallupcomingsports%2f19%2f&amp;sf_options=fanart%3Dspecial%3A%2F%2Fhome%2Faddons%5Cplugin.video.PLsportowo%5C%2Fresources%2Ffanart.jpg%26desc%3DBaseball+%2812%29%26meta%3Dvotes%253D0%2526plot%253DBaseball%252B%25252812%252529%2526title%253DBaseball%252B%25252812%252529%2526label%253DBaseball%252B%25252812%252529%26_options_sf&quot;,return)</favourite>
	<favourite name="Pluto MLB" thumb="special://home/addons\plugin.video.plutotv\resources\images\icon.png">ActivateWindow(10025,&quot;plugin://plugin.video.plutotv/vod/602ff8555123740007f7e5e0?sf_options=fanart%3Dspecial%3A%2F%2Fhome%2Faddons%5Cplugin.video.plutotv%5Cresources%5Cimages%5Cfanart.jpg%26meta%3Dvotes%253D0%2526title%253DMLB%2526label%253DMLB%26_options_sf&quot;,return)</favourite>
</favourites>