<favourites>
	<favourite name="(DEBRID) [COLOR crimson][B]Patriot [COLOR white][B]Stand Up [COLOR dodgerblue][B]Commedy [/B][/COLOR]" thumb="http://djaythemes.xyz/Patriot/Patriot icons/Stand Up/stand up.png">ActivateWindow(10025,&quot;plugin://plugin.video.KodiVerse/?all_w=%7b%7d&amp;data=%20&amp;dates=%20&amp;description=%20&amp;eng_name=%20&amp;episode=%20&amp;fanart=http%3a%2f%2fdjaythemes.xyz%2fPatriot%2fPatriot%20icons%2ffanart.jpg&amp;fav_status=false&amp;heb_name=%20&amp;iconimage=http%3a%2f%2fdjaythemes.xyz%2fPatriot%2fPatriot%20icons%2fStand%20Up%2fstand%20up.png&amp;id&amp;image_master&amp;isr=0&amp;last_id&amp;mode=189&amp;mypass&amp;name=%5bCOLOR%20crimson%5d%5bB%5dPatriot%20%5bCOLOR%20white%5d%5bB%5dStand%20Up%20%5bCOLOR%20dodgerblue%5d%5bB%5dCommedy%20%5b%2fB%5d%5b%2fCOLOR%5d&amp;original_title=%20&amp;search_db&amp;season=%20&amp;show_original_year=%20&amp;tmdbid=%20&amp;url=http%3a%2f%2fdjaythemes.xyz%2fPatriot%2fjson%2fstandup%2fstand-up-comedy.json&amp;video_data=%7b%22title%22%3a%20%22%5bCOLOR%20crimson%5d%5bB%5dPatriot%20%5bCOLOR%20white%5d%5bB%5dStand%20Up%20%5bCOLOR%20dodgerblue%5d%5bB%5dCommedy%20%5b%2fB%5d%5b%2fCOLOR%5d%22%2c%20%22mediatype%22%3a%20%22movie%22%2c%20%22TVshowtitle%22%3a%20%22%22%2c%20%22season%22%3a%200%2c%20%22episode%22%3a%200%2c%20%22OriginalTitle%22%3a%20%22%20%22%2c%20%22rating%22%3a%20%220%22%2c%20%22plot%22%3a%20%22%20%22%2c%20%22Tag%22%3a%20%22189%22%2c%20%22trailer%22%3a%20%22%22%2c%20%22id%22%3a%20%22%22%7d&amp;sf_options=fanart%3Dhttp%3A%2F%2Fdjaythemes.xyz%2FPatriot%2FPatriot+icons%2Ffanart.jpg%26meta%3Dlabel%253D%25255BCOLOR%252Bcrimson%25255D%25255BB%25255DPatriot%252B%25255BCOLOR%252Bwhite%25255D%25255BB%25255DStand%252BUp%252B%25255BCOLOR%252Bdodgerblue%25255D%25255BB%25255DCommedy%252B%25255B%25252FB%25255D%25255B%25252FCOLOR%25255D%26_options_sf&quot;,return)</favourite>
	<favourite name="[COLOR ghostwhite][B]Fido Stand Up Comedy[/B][/COLOR]" thumb="http://fantazyrepo.uk/addonimages/comedy/standupcomedy.png">ActivateWindow(10025,&quot;plugin://plugin.video.fidoK19/get_list/http://fantazyrepo.uk/addonimages/fido.addon/comedy/standupcomedy.xml?sf_options=fanart%3Dhttp%3A%2F%2Ffantazyrepo.uk%2Faddonimages%2Fnewmovies%2Fnewmovies.jpg%26meta%3Dlabel%253D%25255BCOLOR%252Bghostwhite%25255D%25255BB%25255DStand%252BUp%252BComedy%25255B%25252FB%25255D%25255B%25252FCOLOR%25255D%26_options_sf&quot;,return)</favourite>
	<favourite name="[COLOR goldenrod]Asgard Stand Up Section[/COLOR]" thumb="http://narcacist.com/images/asg/icon.png">ActivateWindow(10025,&quot;plugin://plugin.video.asgard/?all_w=%7b%7d&amp;data=%20&amp;dates=%20&amp;description=Stand%20Up&amp;eng_name=%20&amp;episode=%20&amp;fanart=http%3a%2f%2fnarcacist.com%2fimages%2fasg%2ffanart.jpg&amp;fav_status=false&amp;heb_name=%20&amp;iconimage=http%3a%2f%2fnarcacist.com%2fimages%2fasg%2ficon.png&amp;id=%20&amp;image_master&amp;isr=0&amp;last_id&amp;mode=189&amp;mypass&amp;name=%5bCOLOR%20goldenrod%5dAsgard%20Stand%20Up%20Section%5b%2fCOLOR%5d&amp;original_title=%20&amp;search_db&amp;season=%20&amp;show_original_year=%20&amp;tmdbid=%20&amp;url=http%3a%2f%2fnarcacist.com%2fAddon%2ftext%2frd%2fstand-up-comedy.xml&amp;video_data=%7b%22title%22%3a%20%22%5bCOLOR%20goldenrod%5dAsgard%20Stand%20Up%20Section%5b%2fCOLOR%5d%22%2c%20%22mediatype%22%3a%20%22movie%22%2c%20%22TVshowtitle%22%3a%20%22%22%2c%20%22season%22%3a%200%2c%20%22episode%22%3a%200%2c%20%22OriginalTitle%22%3a%20%22%20%22%2c%20%22rating%22%3a%20%220%22%2c%20%22plot%22%3a%20%22Stand%20Up%22%2c%20%22Tag%22%3a%20%22None%22%2c%20%22id%22%3a%20%22%20%22%7d&amp;sf_options=fanart%3Dhttp%3A%2F%2Fnarcacist.com%2Fimages%2Fasg%2Ffanart.jpg%26meta%3Dlabel%253D%25255BCOLOR%252Bgoldenrod%25255DAsgard%252BStand%252BUp%252BSection%25255B%25252FCOLOR%25255D%26_options_sf&quot;,return)</favourite>
	<favourite name="Top 100 TV Comedy Shows" thumb="special://home/addons\plugin.video.themoviedb.helper\/resources/icons/themoviedb/default.png">ActivateWindow(10025,&quot;plugin://plugin.video.themoviedb.helper/?info=trakt_userlist&amp;list_name=Top%20100%20TV%20Comedy%20Shows&amp;list_slug=top-100-tv-comedy-shows&amp;plugin_category=Top%20100%20TV%20Comedy%20Shows&amp;user_slug=majeed_pk&amp;sf_options=meta%3Dvotes%253D0%2526label%253DTop%252B100%252BTV%252BComedy%252BShows%2526studio%253Dmajeedpk%26_options_sf&quot;,return)</favourite>
	<favourite name="TubiTV Stand Up Comedy" thumb="http://images.adrise.tv/Y5LbIhNdKJ5m4zuNdoeeKFbWKUo=/640x360/smart/img.adrise.tv/bef047f2-db4b-4dd2-a733-479cd3c76937.png">ActivateWindow(10025,&quot;plugin://plugin.video.tubi.m7/?mode=stand_up_comedytubitv-content&amp;rand=1P9TKF&amp;sf_options=fanart%3Dspecial%3A%2F%2Fhome%2Faddons%5Cplugin.video.tubi.m7%5Cicon.png%26meta%3Dvotes%253D0%2526title%253DStand%252BUp%252BComedy%2526label%253DStand%252BUp%252BComedy%26_options_sf&quot;,return)</favourite>
	<favourite name="LOL! Network" thumb="http://images.adrise.tv/8xcDBEBPyGc4ORVaES5P6YhpBnk=/640x360/smart/img.adrise.tv/16f372b8-610d-47eb-bfa9-2ced901772d8.png">ActivateWindow(10025,&quot;plugin://plugin.video.tubi.m7/?mode=lol_networktubitv-content&amp;rand=A1BUG2&amp;sf_options=fanart%3Dspecial%3A%2F%2Fhome%2Faddons%5Cplugin.video.tubi.m7%5Cicon.png%26meta%3Dvotes%253D0%2526title%253DLOL%252521%252BNetwork%2526label%253DLOL%252521%252BNetwork%26_options_sf&quot;,return)</favourite>
	<favourite name="TubiTV Stand Up Comedy" thumb="http://images.adrise.tv/Y5LbIhNdKJ5m4zuNdoeeKFbWKUo=/640x360/smart/img.adrise.tv/bef047f2-db4b-4dd2-a733-479cd3c76937.png">ActivateWindow(10025,&quot;plugin://plugin.video.tubi.m7/?mode=stand_up_comedytubitv-content&amp;rand=BGN09M&amp;sf_options=fanart%3Dspecial%3A%2F%2Fhome%2Faddons%5Cplugin.video.tubi.m7%5Cicon.png%26meta%3Dvotes%253D0%2526title%253DStand%252BUp%252BComedy%2526label%253DStand%252BUp%252BComedy%26_options_sf&quot;,return)</favourite>
	<favourite name="LOL! Network" thumb="http://images.adrise.tv/8xcDBEBPyGc4ORVaES5P6YhpBnk=/640x360/smart/img.adrise.tv/16f372b8-610d-47eb-bfa9-2ced901772d8.png">ActivateWindow(10025,&quot;plugin://plugin.video.tubi.m7/?mode=lol_networktubitv-content&amp;rand=U0DOSM&amp;sf_options=fanart%3Dspecial%3A%2F%2Fhome%2Faddons%5Cplugin.video.tubi.m7%5Cicon.png%26meta%3Dvotes%253D0%2526title%253DLOL%252521%252BNetwork%2526label%253DLOL%252521%252BNetwork%26_options_sf&quot;,return)</favourite>
</favourites>