<?xml version="1.0" encoding="UTF-8" standalone="yes"?>
<addon id="repository.matrix" name="MetalChris' Matrix Repository" version="2024.12.01" provider-name="MetalChris">
    <extension point="xbmc.addon.repository" name="Official MetalChris Matrix Repository">
<dir>
        <info compressed="false">https://raw.github.com/MetalChris/repository.matrix/master/addons.xml</info>
        <checksum>https://raw.github.com/MetalChris/repository.matrix/master/addons.xml.md5</checksum>
        <datadir zip="true">https://raw.github.com/MetalChris/repository.matrix/master/zips</datadir>
</dir>
    </extension>
    <extension point="xbmc.addon.metadata">
		<summary>MetalChris' Kodi addons</summary>
		<description>Support provided at forum.kodi.tv or via my github.  I will not provide support at TVaddons, or any other forum.  Please provide a full, unedited, debug log when requesting support.</description>
        <platform>all</platform>
        <news>Update NHL Radio</news>
        <assets>
            <icon>icon.png</icon>
        </assets>
    </extension>
</addon>
