[
    {
        "channel_id": 0,
        "title": "Main Mix",
        "url_aac": "http://stream.radioparadise.com/aac-128",
        "url_flac": "http://stream.radioparadise.com/flacm"
    },
    {
        "channel_id": 1,
        "title": "Mellow Mix",
        "url_aac": "http://stream.radioparadise.com/mellow-128",
        "url_flac": "http://stream.radioparadise.com/mellow-flacm"
    },
    {
        "channel_id": 2,
        "title": "Rock Mix",
        "url_aac": "http://stream.radioparadise.com/rock-128",
        "url_flac": "http://stream.radioparadise.com/rock-flacm"
    },
    {
        "channel_id": 3,
        "title": "Global Mix",
        "url_aac": "http://stream.radioparadise.com/global-128",
        "url_flac": "http://stream.radioparadise.com/global-flacm"
    },
    {
        "channel_id": 5,
        "title": "Beyond...",
        "url_aac": "http://stream.radioparadise.com/beyond-128",
        "url_flac": "http://stream.radioparadise.com/beyond-flacm"
    },
    {
        "channel_id": 42,
        "title": "Serenity",
        "url_aac": "http://stream.radioparadise.com/serenity",
        "url_flac": "http://stream.radioparadise.com/serenity"
    }
]
