<favourites>
	<favourite name="BewbsandBeer" thumb="special://home/addons/resource.images.skinicons.wide/resources/icons/bewbs.png">ActivateWindow(11123,&quot;plugin://plugin.video.BewbsandBeer19/?sf_options=fanart%3Dspecial%3A%2F%2Fhome%2Faddons%5Cplugin.video.BewbsandBeer19%5Cfanart.jpg%26desc%3DA+mix+of+wet+t-shit%2C+bikini%2C+drunk+fails+and+nudity+for+fans+of+that.+This+addon+is+built+using+Shadow+as+a+base%2C+thanks+go+out+to+AA+for+his+great+work.%26meta%3Dlabel%253DBewbsandBeer%26_options_sf&quot;,return)</favourite>
	<favourite name="Chaturbate" thumb="special://home/addons\plugin.video.chaturbate\resources\icon.png">ActivateWindow(10025,&quot;plugin://plugin.video.chaturbate/?sf_options=fanart%3Dspecial%3A%2F%2Fhome%2Faddons%5Cplugin.video.chaturbate%5Cresources%5Cfanart.jpg%26desc%3DThe+name+says+it+all%21%26meta%3Dlabel%253DChaturbate%26_options_sf&quot;,return)</favourite>
	<favourite name="Strip Chat 19" thumb="special://home/addons\plugin.video.sc19\icon.png">ActivateWindow(10025,&quot;plugin://plugin.video.sc19/?sf_options=fanart%3Dspecial%3A%2F%2Fhome%2Faddons%5Cplugin.video.sc19%5Cresources%5Cfanart.png%26desc%3DStripchat+streaming+for+Kodi+19%2B%26meta%3Dlabel%253DSC19%26_options_sf&quot;,return)</favourite>
	<favourite name="pornky.com" thumb="special://home/addons/resource.images.skinicons.wide/resources/icons/pornkey.png">ActivateWindow(10025,&quot;plugin://plugin.video.com.pornky?sf_options=fanart%3Dspecial%3A%2F%2Fhome%2Faddons%2Fresource.images.skinicons.wide%2Fresources%2FADULT.jpg%26desc%3Dpornky.com+video+plugin+for+Kodi.%26meta%3Dlabel%253Dpornky.com%26_options_sf&quot;,return)</favourite>
	<favourite name="[COLOR aqua]Adult 2021 IPTV Channels[/COLOR]" thumb="https://imgur.com/dAqWo4R.jpg">ActivateWindow(10025,&quot;plugin://plugin.video.live.streamspro/?mode=1&amp;url=http%3a%2f%2fwww.mediafire.com%2ffile%2f78tqwk2mfmfoend%2fadult_2021.txt%2ffile&amp;sf_options=fanart%3Dhttps%3A%2F%2Fimgur.com%2FZv6juaL.jpg%26meta%3Dlabel%253D%25255BCOLOR%252Baqua%25255DAdult%252B2021%252BIPTV%252BChannels%25255B%25252FCOLOR%25255D%26_options_sf&quot;,return)</favourite>
	<favourite name="[COLOR aqua]Adult IPTV Channels - (1)[/COLOR]" thumb="https://imgur.com/dAqWo4R.jpg">ActivateWindow(10025,&quot;plugin://plugin.video.live.streamspro/?mode=1&amp;url=http%3a%2f%2fwww.mediafire.com%2ffile%2fyty6r20skytvzin%2fadultiptv1.txt%2ffile&amp;sf_options=fanart%3Dhttps%3A%2F%2Fimgur.com%2FZv6juaL.jpg%26meta%3Dlabel%253D%25255BCOLOR%252Baqua%25255DAdult%252BIPTV%252BChannels%252B-%252B%2525281%252529%25255B%25252FCOLOR%25255D%26_options_sf&quot;,return)</favourite>
	<favourite name="Cumination" thumb="special://home/addons/resource.images.skinicons.wide/resources/icons/cumination.png">ActivateWindow(10025,&quot;plugin://plugin.video.cumination?sf_options=fanart%3Dspecial%3A%2F%2Fhome%2Faddons%2Fresource.images.skinicons.wide%2Fresources%2FADULT.jpg%26desc%3DCumination%2C+the+culmination+of+adult+sites+on+Kodi%26meta%3Dlabel%253DCumination%26_options_sf&quot;,return)</favourite>
	<favourite name="VideoDevil" thumb="special://home/addons/resource.images.skinicons.wide/resources/icons/videodevil.png">ActivateWindow(10025,&quot;plugin://plugin.video.videodevil?sf_options=desc%3DThis+addon+plays+videos+from+YouPorn%2C+Tube8%2C+Boysfood%2C+MoviesAnd%2C+PornoTube%2C+xHamster%2C+KeezMovies+and+some+other+adult+streaming+sites.+It+contains+explicit+adult+material.+You+may+only+view+this+addon+if+you+are+at+least+18+years+of+age%2C+or+at+least+the+age+of+majority+in+the+jurisdiction+where+you+reside+or+from+which+you+access+this+content.+If+you+do+not+meet+these+requirements%2C+then+you+do+not+have+permission+to+use+this+addon.%26meta%3Dlabel%253DVideoDevil%26fanart%3Dspecial%3A%2F%2Fhome%2Faddons%2Fresource.images.skinicons.wide%2Fresources%2FADULT.jpg%26_options_sf&quot;,return)</favourite>
	<favourite name="The Crew [COLOR orchid]¤[/COLOR] [B][COLOR white][/COLOR][COLOR orchid][/COLOR][COLOR white]Porn[/COLOR][/B]" thumb="special://home/addons\script.thecrew.artwork\resources\media\thecrew\main_pinkhat.png">ActivateWindow(10025,&quot;plugin://plugin.video.thecrew/?action=porn&amp;sf_options=fanart%3Dspecial%3A%2F%2Fhome%2Faddons%5Cscript.thecrew.artwork%5Cresources%5Cmedia%5Cthecrew%5Cfanart.jpg%26meta%3Dlabel%253D%25255BCOLOR%252Borchid%25255D%2525C2%2525A4%25255B%25252FCOLOR%25255D%252B%25255BB%25255D%25255BCOLOR%252Bwhite%25255D%25255B%25252FCOLOR%25255D%25255BCOLOR%252Borchid%25255D%25255B%25252FCOLOR%25255D%25255BCOLOR%252Bwhite%25255DPorn%25255B%25252FCOLOR%25255D%25255B%25252FB%25255D%26_options_sf&quot;,return)</favourite>
	<favourite name="[COLORred][B]Fido ADULT XXX[/B][/COLOR]" thumb="https://i.postimg.cc/MZmWv5YD/photo-2022-04-01-14-36-32.jpg">ActivateWindow(10025,&quot;plugin://plugin.video.fidoK19/get_list/http://fantazyrepo.uk/addonimages/fido.addon/Livetv/adult.xml?sf_options=fanart%3Dhttps%3A%2F%2Fupload.wikimedia.org%2Fwikipedia%2Fcommons%2Fthumb%2F8%2F85%2FNoXXX.svg%2F600px-NoXXX.svg.png%26meta%3Dlabel%253D%25255BCOLORred%25255D%25255BB%25255DADULT%252BXXX%25255B%25252FB%25255D%25255B%25252FCOLOR%25255D%26_options_sf&quot;,return)</favourite>
	<favourite name="AdultHideout" thumb="special://home/addons\plugin.video.adulthideout\resources\icon.png">ActivateWindow(10025,&quot;plugin://plugin.video.adulthideout/?sf_options=fanart%3Dspecial%3A%2F%2Fhome%2Faddons%5Cplugin.video.adulthideout%5Cresources%5Cfanart.jpg%26desc%3D%0D%0AInternet+%5BCOLOR+red%5DXXX+Porn+Video%5BCOLOR+white%5D+Streams.%0D%0A%0D%0A%5BCOLOR+red%5D%5BB%5DWARNING%3A%5B%2FB%5D%5BCOLOR+red%5DOnly+for+adults%5B%2FCOLOR%5D%09%0D%0A%0D%0A%5BCOLOR+white%5DGithub%3A%0D%0Ahttps%3A%2F%2Fgithub.com%2FVashiel%2Frepository.adulthideout%0D%0A%0D%0AEmail%3A%0D%0Aadulthideout%40yandex.com%5B%2FCOLOR%5D%09%0D%0A%0D%0A%09%09%26meta%3Dlabel%253DAdultHideout%26_options_sf&quot;,return)</favourite>
	<favourite name="[COLOR orange]Blue Balls[/COLOR]" thumb="special://home/addons\plugin.video.blueballs\icon.png">ActivateWindow(10025,&quot;plugin://plugin.video.blueballs/?sf_options=fanart%3Dspecial%3A%2F%2Fhome%2Faddons%5Cplugin.video.blueballs%5Cfanart.jpg%26desc%3D%5BCOLOR+blue%5DA+Bit+Of+Porn+For+Your+Enjoyment%5B%2FCOLOR%5D%26meta%3Dlabel%253D%25255BCOLOR%252Borange%25255DBlue%252BBalls%25255B%25252FCOLOR%25255D%26_options_sf&quot;,return)</favourite>
</favourites>