<favourites>
	<favourite name="Dolby Atmos" thumb="special://home/addons\plugin.video.themoviedb.helper\/resources/icons/themoviedb/default.png">ActivateWindow(10025,&quot;plugin://plugin.video.themoviedb.helper/?info=trakt_userlist&amp;list_name=Dolby%20Atmos&amp;list_slug=dolby-atmos&amp;owner=true&amp;plugin_category=Dolby%20Atmos&amp;user_slug=bardakoff&amp;sf_options=meta%3Dvotes%253D0%2526label%253DDolby%252BAtmos%2526studio%253Dbardakoff%26_options_sf&quot;,return)</favourite>
	<favourite name="dolby-atmos &amp; dolby-vision (film)" thumb="special://home/addons\plugin.video.themoviedb.helper\/resources/icons/themoviedb/default.png">ActivateWindow(10025,&quot;plugin://plugin.video.themoviedb.helper/?info=trakt_userlist&amp;list_name=dolby-atmos%20%26%20dolby-vision%20(film)&amp;list_slug=dolby-atmos-dolby-vision-film&amp;owner=true&amp;plugin_category=dolby-atmos%20%26%20dolby-vision%20(film)&amp;user_slug=blisskodi&amp;sf_options=desc%3DThis+list+is+maintained+by+mdblist.comCreate+your+own%3A+https%3A%2F%2Fmdblist.com%2Flists%2Fblisskodi%2Fdolby-atmos-dolby-vision-filmUpdated+at+2022-09-10+16%3A03%3A52%26meta%3Dvotes%253D0%2526plot%253DThis%252Blist%252Bis%252Bmaintained%252Bby%252Bmdblist.comCreate%252Byour%252Bown%25253A%252Bhttps%25253A%25252F%25252Fmdblist.com%25252Flists%25252Fblisskodi%25252Fdolby-atmos-dolby-vision-filmUpdated%252Bat%252B2022-09-10%252B16%25253A03%25253A52%2526label%253Ddolby-atmos%252B%252526%252Bdolby-vision%252B%252528film%252529%2526studio%253DBlissKodi%26_options_sf&quot;,return)</favourite>
	<favourite name="Dolby Vision UHD" thumb="special://home/addons\plugin.video.themoviedb.helper\/resources/icons/themoviedb/default.png">ActivateWindow(10025,&quot;plugin://plugin.video.themoviedb.helper/?info=trakt_userlist&amp;list_name=Dolby%20Vision%20UHD&amp;list_slug=dolby-vision-uhd&amp;owner=true&amp;plugin_category=Dolby%20Vision%20UHD&amp;user_slug=kulkoff&amp;sf_options=meta%3Dvotes%253D0%2526label%253DDolby%252BVision%252BUHD%2526studio%253DRoman%252BRabtsevich%26_options_sf&quot;,return)</favourite>
	<favourite name="FraMeSToR Dolby Vision Releases" thumb="special://home/addons\plugin.video.themoviedb.helper\/resources/icons/themoviedb/default.png">ActivateWindow(10025,&quot;plugin://plugin.video.themoviedb.helper/?info=trakt_userlist&amp;list_name=FraMeSToR%20Dolby%20Vision%20Releases&amp;list_slug=framestor-dolby-vision-releases&amp;owner=true&amp;plugin_category=FraMeSToR%20Dolby%20Vision%20Releases&amp;user_slug=b-b-k&amp;sf_options=desc%3DList+of+FraMeSToR+UHD+DV+Remuxes+With+HDR10+Fallback+%2B++HYBRID+Remuxes+With+WEB+DV+metadata.%26meta%3Dvotes%253D0%2526plot%253DList%252Bof%252BFraMeSToR%252BUHD%252BDV%252BRemuxes%252BWith%252BHDR10%252BFallback%252B%25252B%252B%252BHYBRID%252BRemuxes%252BWith%252BWEB%252BDV%252Bmetadata.%2526label%253DFraMeSToR%252BDolby%252BVision%252BReleases%2526studio%253Db-b-k%26_options_sf&quot;,return)</favourite>
	<favourite name="All Dolby Vision Releases" thumb="special://home/addons\plugin.video.themoviedb.helper\/resources/icons/themoviedb/default.png">ActivateWindow(10025,&quot;plugin://plugin.video.themoviedb.helper/?info=trakt_userlist&amp;list_name=All%20Dolby%20Vision%20Releases&amp;list_slug=all-dolby-vision-releases&amp;owner=true&amp;plugin_category=All%20Dolby%20Vision%20Releases&amp;user_slug=giladg&amp;sf_options=desc%3DAll+Dolby+Vision+Releases+based+on+RARBG+-+Specifically+in+the+MKV+container.%26meta%3Dvotes%253D0%2526plot%253DAll%252BDolby%252BVision%252BReleases%252Bbased%252Bon%252BRARBG%252B-%252BSpecifically%252Bin%252Bthe%252BMKV%252Bcontainer.%2526label%253DAll%252BDolby%252BVision%252BReleases%2526studio%253DGilad%252B%252526%252BAlex%26_options_sf&quot;,return)</favourite>
	<favourite name="Dolby Atmos Collection" thumb="special://home/addons\plugin.video.themoviedb.helper\/resources/icons/themoviedb/default.png">ActivateWindow(10025,&quot;plugin://plugin.video.themoviedb.helper/?info=trakt_userlist&amp;list_name=Dolby%20Atmos%20Collection&amp;list_slug=dolby-atmos-collection&amp;owner=true&amp;plugin_category=Dolby%20Atmos%20Collection&amp;user_slug=totimoshi&amp;sf_options=meta%3Dvotes%253D0%2526label%253DDolby%252BAtmos%252BCollection%2526studio%253DMirza%252BRedzepovic%26_options_sf&quot;,return)</favourite>
	<favourite name="The complete Dolby Vision 4K Remux list (Movies Only)" thumb="special://home/addons\plugin.video.themoviedb.helper\/resources/icons/themoviedb/default.png">ActivateWindow(10025,&quot;plugin://plugin.video.themoviedb.helper/?info=trakt_userlist&amp;list_name=The%20complete%20Dolby%20Vision%204K%20Remux%20list%20(Movies%20Only)&amp;list_slug=the-complete-dolby-vision-4k-remux-list-movies-only&amp;owner=true&amp;plugin_category=The%20complete%20Dolby%20Vision%204K%20Remux%20list%20(Movies%20Only)&amp;user_slug=littlerooster&amp;sf_options=desc%3DThis+list+has+all+the+Movies+that+exist+in+Dolby+Vision+4K+Blu-ray+disks.+Data+is+crawled+from+blu-ray.com.+It+is+updated+every+6+hours%21This+list+is+maintained+by+mdblist.comCreate+your+own%3A+https%3A%2F%2Fmdblist.com%2Flists%2Flittlerooster%2Fthe-complete-dolby-vision-4k-remux-listUpdated+at+2022-09-10+09%3A30%3A25%26meta%3Dvotes%253D0%2526plot%253DThis%252Blist%252Bhas%252Ball%252Bthe%252BMovies%252Bthat%252Bexist%252Bin%252BDolby%252BVision%252B4K%252BBlu-ray%252Bdisks.%252BData%252Bis%252Bcrawled%252Bfrom%252Bblu-ray.com.%252BIt%252Bis%252Bupdated%252Bevery%252B6%252Bhours%252521This%252Blist%252Bis%252Bmaintained%252Bby%252Bmdblist.comCreate%252Byour%252Bown%25253A%252Bhttps%25253A%25252F%25252Fmdblist.com%25252Flists%25252Flittlerooster%25252Fthe-complete-dolby-vision-4k-remux-listUpdated%252Bat%252B2022-09-10%252B09%25253A30%25253A25%2526label%253DThe%252Bcomplete%252BDolby%252BVision%252B4K%252BRemux%252Blist%252B%252528Movies%252BOnly%252529%2526studio%253Dlittlerooster%26_options_sf&quot;,return)</favourite>
	<favourite name="Dolby Atmos available (Netflix, Amazon Prime, Disney+, Apple TV+)" thumb="special://home/addons\plugin.video.themoviedb.helper\/resources/icons/themoviedb/default.png">ActivateWindow(10025,&quot;plugin://plugin.video.themoviedb.helper/?info=trakt_userlist&amp;list_name=Dolby%20Atmos%20available%20(Netflix%2c%20Amazon%20Prime%2c%20Disney%2b%2c%20Apple%20TV%2b)&amp;list_slug=dolby-atmos-available-netflix-amazon-prime-disney-apple-tv&amp;owner=true&amp;plugin_category=Dolby%20Atmos%20available%20(Netflix%2c%20Amazon%20Prime%2c%20Disney%2b%2c%20Apple%20TV%2b)&amp;user_slug=eragos&amp;sf_options=desc%3DTrakt%3A+70%2B+%282010%2B%29Dolby+AtmosGenres%3A+Action%2C+Adventures%2C+Crime%2C+Science+Fiction%2C+Thriller%2C+FantasyProvider%3A+Netflix+Amazon+Prime%2C+Disney%2B%2C+Apple+TV%2BThis+list+is+maintained+by+mdblist.comCreate+your+own%3A+https%3A%2F%2Fmdblist.com%2Flists%2Feragos%2Fdolby-cinema-movies-availableUpdated+at+2022-09-10+12%3A42%3A20%26meta%3Dvotes%253D0%2526plot%253DTrakt%25253A%252B70%25252B%252B%2525282010%25252B%252529Dolby%252BAtmosGenres%25253A%252BAction%25252C%252BAdventures%25252C%252BCrime%25252C%252BScience%252BFiction%25252C%252BThriller%25252C%252BFantasyProvider%25253A%252BNetflix%252BAmazon%252BPrime%25252C%252BDisney%25252B%25252C%252BApple%252BTV%25252BThis%252Blist%252Bis%252Bmaintained%252Bby%252Bmdblist.comCreate%252Byour%252Bown%25253A%252Bhttps%25253A%25252F%25252Fmdblist.com%25252Flists%25252Feragos%25252Fdolby-cinema-movies-availableUpdated%252Bat%252B2022-09-10%252B12%25253A42%25253A20%2526label%253DDolby%252BAtmos%252Bavailable%252B%252528Netflix%25252C%252BAmazon%252BPrime%25252C%252BDisney%25252B%25252C%252BApple%252BTV%25252B%252529%2526studio%253DMichael%26_options_sf&quot;,return)</favourite>
	<favourite name="Dolby Vision Releases in the Last 180 Days" thumb="special://home/addons\plugin.video.themoviedb.helper\/resources/icons/themoviedb/default.png">ActivateWindow(10025,&quot;plugin://plugin.video.themoviedb.helper/?info=trakt_userlist&amp;list_name=Dolby%20Vision%20Releases%20in%20the%20Last%20180%20Days&amp;list_slug=dolby-vision-releases-in-the-last-180-days&amp;owner=true&amp;plugin_category=Dolby%20Vision%20Releases%20in%20the%20Last%20180%20Days&amp;user_slug=tonkapug&amp;sf_options=desc%3DThis+list+is+maintained+by+mdblist.comCreate+your+own%3A+https%3A%2F%2Fmdblist.com%2Flists%2Ftonkapug%2Fdolby-vision-releases-in-the-last-180-daysUpdated+at+2022-09-10+09%3A18%3A19%26meta%3Dvotes%253D0%2526plot%253DThis%252Blist%252Bis%252Bmaintained%252Bby%252Bmdblist.comCreate%252Byour%252Bown%25253A%252Bhttps%25253A%25252F%25252Fmdblist.com%25252Flists%25252Ftonkapug%25252Fdolby-vision-releases-in-the-last-180-daysUpdated%252Bat%252B2022-09-10%252B09%25253A18%25253A19%2526label%253DDolby%252BVision%252BReleases%252Bin%252Bthe%252BLast%252B180%252BDays%2526studio%253DTonka%26_options_sf&quot;,return)</favourite>
</favourites>