{
    "name"          : "  [COLOR blue]sealteam6[/COLOR]",
    "api_language"  : "en-US",
    "plugin"        : "plugin.video.sealteam6",
    "priority"      : 100,
    "play_movie"    : [
                        "plugin://plugin.video.sealteam6/?action=movieSearch",
                        {"position": "1"},
                        {"keyboard": "{clearname}"},
                        {"imdbnumber": "{imdb}"}
                      ],
    "play_episode"  : [
                        "plugin://plugin.video.sealteam6/?action=tvSearch",
                        {"position": "1"},
                        {"keyboard": "{clearname}"},
                        {"imdbnumber": "{imdb}"},
                        {"season": "{season}"},
                        {"episode": "{episode}"}
                      ],
    "is_resolvable" : "false"
}