{
    "name"          : "[B][COLOR orange]TheOath - [COLOR white](CoreELEC)[/COLOR][/B]",
    "api_language"  : "en-US",
    "plugin"        : "plugin.video.theoath",
    "priority"      : 185,
    "play_movie"    : [
                        "plugin://plugin.video.theoath/?action=movieSearch",
                        {"position": "1"},
                        {"keyboard": "{clearname}"},
                        {"imdbnumber": "{imdb}"}
                      ],
    "play_episode"  : [
                        "plugin://plugin.video.theoath/?action=tvSearch",
                        {"position": "1"},
                        {"keyboard": "{clearname}"},
                        {"imdbnumber": "{imdb}"},
                        {"season": "{season}"},
                        {"episode": "{episode}"}
                      ],
    "is_resolvable" : "false"
}