{
    "name" : "[B][COLOR orange]TheThunder[/COLOR][/B]",
    "plugin"            : "plugin.video.thethunder",
    "priority"          : 160,
    "is_resolvable"     : "true",
    "play_movie"      : [
                            "plugin://plugin.video.thethunder/?action=provider&amp;imdbnumber={imdb}&amp;mediatype=movie&amp;name={title}%20{year}",
                            {"keyboard": "{clearname}"},
                            {"dialog": "clearname"}
                          ],
    "play_episode"    : [
                            "plugin://plugin.video.thethunder/?action=search_tv_shows",
                            {"keyboard": "{clearname}"},
                            {"dialog": "clearname"}
                          ]
}
