<?xml version="1.0" encoding="UTF-8"?>
<addon id="plugin.video.S2W"
version="1.0.1"
name="Stream2Watch"
provider-name="Parrot Developers">
<requires>
  <import addon="xbmc.python" version="3.0.0"/>
  <import addon="script.module.requests" version="2.25.1"/>
  <import addon="script.module.beautifulsoup4" version="4.9.3+matrix.1"/>
  <import addon="inputstream.adaptive" version="2.3.13"/>
</requires>
<extension point="xbmc.python.pluginsource" library="addon.py">
  <provides>video</provides>
</extension>
<extension point="xbmc.addon.metadata">
  <summary>Watch TV from stream2watch.sx</summary>
  <description>Watch TV from stream2watch.sx</description>
  <disclaimer>Watch TV from stream2watch.sx</disclaimer>
  <assets>
    <icon>icon.jpg</icon>
  </assets>
  <news>
    [1.0.0] Initial version!
    [1.0.1] Fixes
  </news>
</extension>
</addon>