<?xml version="1.0" encoding="UTF-8" standalone="yes"?>
<addon id="repository.hsk.crew.repo" name="[COLOR blue]HSK CREW Repository[/COLOR]" version="1.0.6" provider-name="Loki1979|HSK-DE">
    <extension point="xbmc.addon.repository" name="HSK CREW Repository">
	   <dir>	
		<info>https://hsk-crew.cf/downloads/hsk.crew.repo/addons.xml</info>
		<checksum>https://hsk-crew.cf/downloads/hsk.crew.repo/addons.xml.md5</checksum>
		<datadir>https://hsk-crew.cf/downloads/hsk.crew.repo</datadir>
	   </dir>
	</extension>
    <extension point="xbmc.addon.metadata">
        <summary>HSK CREW REPO</summary>
        <description></description>
        <platform>all</platform>
	<license></license>
	<forum></forum>
	<website></website>
	<email></email>
	<source></source>
	<news></news>
    <assets>
		<icon>resources/icon.png</icon>
		<fanart>resources/fanart.jpg</fanart>
		<banner></banner>
		<clearlogo></clearlogo>
		<screenshot></screenshot>
	</assets>
    </extension>
</addon>