<favourites>
	<favourite name="[COLOR gold]Palantir 2[/COLOR]" thumb="special://home/addons\plugin.video.palantir2\icon.png">ActivateWindow(10025,&quot;plugin://plugin.video.palantir2/?sf_options=fanart%3Dspecial%3A%2F%2Fhome%2Faddons%5Cplugin.video.palantir2%5Cfanart.gif%26desc%3DVisualiza+el+contenido+de+la+nube%2C+series%2C+pel%C3%ADculas.%5BCR%5D%5BCOLOR+red%5DTodo+el+contenido+disponible+en+este+Addon+esta+sacado+de+servidores+gratuitos%2C+disponible+en+la+red+para+todos+los+usuarios.%5B%2FCOLOR%5D%26meta%3Dlabel%253D%25255BCOLOR%252Bgold%25255DPalantir%252B2%25255B%25252FCOLOR%25255D%26_options_sf&quot;,return)</favourite>
	<favourite name="Pluto En Español" thumb="https://s3.amazonaws.com/pluto.tv/channelcategory/60901729858bd00007c66065/EnEspaol-1620055972322.png">ActivateWindow(10025,&quot;plugin://plugin.video.plutotv/categories/En Español?sf_options=fanart%3Dhttps%3A%2F%2Fs3.amazonaws.com%2Fpluto.tv%2Fchannelcategory%2F60901729858bd00007c66065%2FEnEspaol-1620055983649.svg%26meta%3Dvotes%253D0%2526title%253DEn%252BEspa%2525C3%2525B1ol%2526label%253DEn%252BEspa%2525C3%2525B1ol%26_options_sf&quot;,return)</favourite>
	<favourite name="Spanish" thumb="special://home/addons\plugin.video.themoviedb.helper\/resources/icons/themoviedb/default.png">ActivateWindow(10025,&quot;plugin://plugin.video.themoviedb.helper/?info=trakt_userlist&amp;list_name=Spanish&amp;list_slug=spanish&amp;owner=true&amp;plugin_category=Spanish&amp;user_slug=devalabra&amp;sf_options=desc%3DMovies+or+shows+in+spanish.%26meta%3Dvotes%253D0%2526plot%253DMovies%252Bor%252Bshows%252Bin%252Bspanish.%2526label%253DSpanish%2526studio%253DDevalabra%26_options_sf&quot;,return)</favourite>
	<favourite name="Spanish-Movies" thumb="special://home/addons\plugin.video.themoviedb.helper\/resources/icons/themoviedb/default.png">ActivateWindow(10025,&quot;plugin://plugin.video.themoviedb.helper/?info=trakt_userlist&amp;list_name=Spanish-Movies&amp;list_slug=spanish-movies&amp;owner=true&amp;plugin_category=Spanish-Movies&amp;user_slug=ocr893sa&amp;sf_options=desc%3DSpanish+movie+list+for+radarr%26meta%3Dvotes%253D0%2526plot%253DSpanish%252Bmovie%252Blist%252Bfor%252Bradarr%2526label%253DSpanish-Movies%2526studio%253Docr893sa%26_options_sf&quot;,return)</favourite>
	<favourite name="Caimán&apos;s Top Spanish Films" thumb="special://home/addons\plugin.video.themoviedb.helper\/resources/icons/themoviedb/default.png">ActivateWindow(10025,&quot;plugin://plugin.video.themoviedb.helper/?info=trakt_userlist&amp;list_name=Caim%c3%a1n%27s%20Top%20Spanish%20Films&amp;list_slug=caiman-s-top-spanish-films&amp;owner=true&amp;plugin_category=Caim%c3%a1n%27s%20Top%20Spanish%20Films&amp;user_slug=maxwelldeux&amp;sf_options=desc%3DThis+is+a+list+compiled+as+a+result+of+a+poll+by+Caim%C3%A1n+Cuadernos+de+Cinema+magazine%2C+which+is+the+Spanish+branch+of+Cahiers+du+Cin%C3%A9ma.350+experts+were+consulted%3A+journalists%2C+film+critics%2C+historians%2C+professors%2C+intellectuals%2C+festival+managers...+People+involved+in+the+creative+process+were+left+out.+According+to+the+magazine%2C+this+way+provides+an+external+approach%2C+a+more+objective+one.Source%3A+https%3A%2F%2Fwww.caimanediciones.es%2Fla-encuesta-caiman-listado-completo%2F%26meta%3Dvotes%253D0%2526plot%253DThis%252Bis%252Ba%252Blist%252Bcompiled%252Bas%252Ba%252Bresult%252Bof%252Ba%252Bpoll%252Bby%252BCaim%2525C3%2525A1n%252BCuadernos%252Bde%252BCinema%252Bmagazine%25252C%252Bwhich%252Bis%252Bthe%252BSpanish%252Bbranch%252Bof%252BCahiers%252Bdu%252BCin%2525C3%2525A9ma.350%252Bexperts%252Bwere%252Bconsulted%25253A%252Bjournalists%25252C%252Bfilm%252Bcritics%25252C%252Bhistorians%25252C%252Bprofessors%25252C%252Bintellectuals%25252C%252Bfestival%252Bmanagers...%252BPeople%252Binvolved%252Bin%252Bthe%252Bcreative%252Bprocess%252Bwere%252Bleft%252Bout.%252BAccording%252Bto%252Bthe%252Bmagazine%25252C%252Bthis%252Bway%252Bprovides%252Ban%252Bexternal%252Bapproach%25252C%252Ba%252Bmore%252Bobjective%252Bone.Source%25253A%252Bhttps%25253A%25252F%25252Fwww.caimanediciones.es%25252Fla-encuesta-caiman-listado-completo%25252F%2526label%253DCaim%2525C3%2525A1n%252527s%252BTop%252BSpanish%252BFilms%2526studio%253Dmaxwelldeux%26_options_sf&quot;,return)</favourite>
	<favourite name="In Spanish...  En Español" thumb="special://home/addons\plugin.video.themoviedb.helper\/resources/icons/themoviedb/default.png">ActivateWindow(10025,&quot;plugin://plugin.video.themoviedb.helper/?info=trakt_userlist&amp;list_name=In%20Spanish...%20%20En%20Espa%c3%b1ol&amp;list_slug=in-spanish-en-espanol&amp;owner=true&amp;plugin_category=In%20Spanish...%20%20En%20Espa%c3%b1ol&amp;user_slug=marythemerchant&amp;sf_options=desc%3DMovies+and+TV+shows%26meta%3Dvotes%253D0%2526plot%253DMovies%252Band%252BTV%252Bshows%2526label%253DIn%252BSpanish...%252B%252BEn%252BEspa%2525C3%2525B1ol%2526studio%253Dmarythemerchant%26_options_sf&quot;,return)</favourite>
	<favourite name="Goya Award - Best Spanish Film" thumb="special://home/addons\plugin.video.themoviedb.helper\/resources/icons/themoviedb/default.png">ActivateWindow(10025,&quot;plugin://plugin.video.themoviedb.helper/?info=trakt_userlist&amp;list_name=Goya%20Award%20-%20Best%20Spanish%20Film&amp;list_slug=goya-award-best-spanish-film&amp;owner=true&amp;plugin_category=Goya%20Award%20-%20Best%20Spanish%20Film&amp;user_slug=maxwelldeux&amp;sf_options=desc%3DThe+Goya+Awards%2C+known+in+Spanish+as+los+Premios+Goya%2C+are+Spain%27s+main+national+film+awards%2C+considered+by+many+people+from+Spain+and+world+to+be+the+Spanish+equivalent+to+the+Academy+Awards+from+the+United+States.Source%3Ahttp%3A%2F%2Fwww.imdb.com%2Fevent%2Fev0000299%2F%26meta%3Dvotes%253D0%2526plot%253DThe%252BGoya%252BAwards%25252C%252Bknown%252Bin%252BSpanish%252Bas%252Blos%252BPremios%252BGoya%25252C%252Bare%252BSpain%252527s%252Bmain%252Bnational%252Bfilm%252Bawards%25252C%252Bconsidered%252Bby%252Bmany%252Bpeople%252Bfrom%252BSpain%252Band%252Bworld%252Bto%252Bbe%252Bthe%252BSpanish%252Bequivalent%252Bto%252Bthe%252BAcademy%252BAwards%252Bfrom%252Bthe%252BUnited%252BStates.Source%25253Ahttp%25253A%25252F%25252Fwww.imdb.com%25252Fevent%25252Fev0000299%25252F%2526label%253DGoya%252BAward%252B-%252BBest%252BSpanish%252BFilm%2526studio%253Dmaxwelldeux%26_options_sf&quot;,return)</favourite>
	<favourite name="Spanish : Movies" thumb="special://home/addons\plugin.video.themoviedb.helper\/resources/icons/themoviedb/default.png">ActivateWindow(10025,&quot;plugin://plugin.video.themoviedb.helper/?info=trakt_userlist&amp;list_name=Spanish%20%3a%20Movies&amp;list_slug=spanish-movies&amp;owner=true&amp;plugin_category=Spanish%20%3a%20Movies&amp;user_slug=kyukyu77&amp;sf_options=meta%3Dvotes%253D0%2526label%253DSpanish%252B%25253A%252BMovies%2526studio%253Djonathan%252Bjooty%26_options_sf&quot;,return)</favourite>
	<favourite name="Nickel Odeón&apos;s Best Spanish Films" thumb="special://home/addons\plugin.video.themoviedb.helper\/resources/icons/themoviedb/default.png">ActivateWindow(10025,&quot;plugin://plugin.video.themoviedb.helper/?info=trakt_userlist&amp;list_name=Nickel%20Ode%c3%b3n%27s%20Best%20Spanish%20Films&amp;list_slug=nickel-odeon-s-best-spanish-films&amp;owner=true&amp;plugin_category=Nickel%20Ode%c3%b3n%27s%20Best%20Spanish%20Films&amp;user_slug=maxwelldeux&amp;sf_options=desc%3DFrom+a+poll+of+100+notable+Spaniards+asking+for+their+top+10s%2C+conducted+by+the+magazine+Nickel+Ode%C3%B3n+for+their+Winter+1995+issue.%26meta%3Dvotes%253D0%2526plot%253DFrom%252Ba%252Bpoll%252Bof%252B100%252Bnotable%252BSpaniards%252Basking%252Bfor%252Btheir%252Btop%252B10s%25252C%252Bconducted%252Bby%252Bthe%252Bmagazine%252BNickel%252BOde%2525C3%2525B3n%252Bfor%252Btheir%252BWinter%252B1995%252Bissue.%2526label%253DNickel%252BOde%2525C3%2525B3n%252527s%252BBest%252BSpanish%252BFilms%2526studio%253Dmaxwelldeux%26_options_sf&quot;,return)</favourite>
	<favourite name="Spanish Movies" thumb="special://home/addons\plugin.video.themoviedb.helper\/resources/icons/themoviedb/default.png">ActivateWindow(10025,&quot;plugin://plugin.video.themoviedb.helper/?info=trakt_userlist&amp;list_name=Spanish%20Movies&amp;list_slug=spanish-movies&amp;owner=true&amp;plugin_category=Spanish%20Movies&amp;user_slug=tidus999&amp;sf_options=desc%3DList+created+and+maintained+by+https%3A%2F%2Flistrr.proNormal+Filters%3AContent+Type%3A+FiltersLanguages%3A+esTrakt+ratings%3A+Between+70+and+100+with+at+least+100Rumtime%3A+Between+70+and+250+minutesYears%3A+Between+1990+and+2024%26meta%3Dvotes%253D0%2526plot%253DList%252Bcreated%252Band%252Bmaintained%252Bby%252Bhttps%25253A%25252F%25252Flistrr.proNormal%252BFilters%25253AContent%252BType%25253A%252BFiltersLanguages%25253A%252BesTrakt%252Bratings%25253A%252BBetween%252B70%252Band%252B100%252Bwith%252Bat%252Bleast%252B100Rumtime%25253A%252BBetween%252B70%252Band%252B250%252BminutesYears%25253A%252BBetween%252B1990%252Band%252B2024%2526label%253DSpanish%252BMovies%2526studio%253Dtidus999%26_options_sf&quot;,return)</favourite>
	<favourite name="Spanish TV Shows Watchlist" thumb="special://home/addons\plugin.video.themoviedb.helper\/resources/icons/themoviedb/default.png">ActivateWindow(10025,&quot;plugin://plugin.video.themoviedb.helper/?info=trakt_userlist&amp;list_name=Spanish%20TV%20Shows%20Watchlist&amp;list_slug=spanish-tv-shows-watchlist&amp;owner=true&amp;plugin_category=Spanish%20TV%20Shows%20Watchlist&amp;user_slug=violatorin&amp;sf_options=desc%3DMade+in+Spain%26meta%3Dvotes%253D0%2526plot%253DMade%252Bin%252BSpain%2526label%253DSpanish%252BTV%252BShows%252BWatchlist%2526studio%253Dviolatorin%26_options_sf&quot;,return)</favourite>
	<favourite name="Top 50 spanish movies" thumb="special://home/addons\plugin.video.themoviedb.helper\/resources/icons/themoviedb/default.png">ActivateWindow(10025,&quot;plugin://plugin.video.themoviedb.helper/?info=trakt_userlist&amp;list_name=Top%2050%20spanish%20movies&amp;list_slug=top-50-spanish-movies&amp;owner=true&amp;plugin_category=Top%2050%20spanish%20movies&amp;user_slug=ld667&amp;sf_options=meta%3Dvotes%253D0%2526label%253DTop%252B50%252Bspanish%252Bmovies%2526studio%253Dld667%26_options_sf&quot;,return)</favourite>
	<favourite name="Spanish TV Shows I have Watched" thumb="special://home/addons\plugin.video.themoviedb.helper\/resources/icons/themoviedb/default.png">ActivateWindow(10025,&quot;plugin://plugin.video.themoviedb.helper/?info=trakt_userlist&amp;list_name=Spanish%20TV%20Shows%20I%20have%20Watched&amp;list_slug=spanish-tv-shows-i-have-watched&amp;owner=true&amp;plugin_category=Spanish%20TV%20Shows%20I%20have%20Watched&amp;user_slug=violatorin&amp;sf_options=desc%3DMade+in+Spain%26meta%3Dvotes%253D0%2526plot%253DMade%252Bin%252BSpain%2526label%253DSpanish%252BTV%252BShows%252BI%252Bhave%252BWatched%2526studio%253Dviolatorin%26_options_sf&quot;,return)</favourite>
	<favourite name="Spanish Series" thumb="special://home/addons\plugin.video.themoviedb.helper\/resources/icons/themoviedb/default.png">ActivateWindow(10025,&quot;plugin://plugin.video.themoviedb.helper/?info=trakt_userlist&amp;list_name=Spanish%20Series&amp;list_slug=spanish-series&amp;owner=true&amp;plugin_category=Spanish%20Series&amp;user_slug=dandiandi&amp;sf_options=desc%3Dwatched+or+to+watch+Spanish+language+shows%26meta%3Dvotes%253D0%2526plot%253Dwatched%252Bor%252Bto%252Bwatch%252BSpanish%252Blanguage%252Bshows%2526label%253DSpanish%252BSeries%2526studio%253DAndi%26_options_sf&quot;,return)</favourite>
	<favourite name="Spanish/latin series &amp; telenovelas" thumb="special://home/addons\plugin.video.themoviedb.helper\/resources/icons/themoviedb/default.png">ActivateWindow(10025,&quot;plugin://plugin.video.themoviedb.helper/?info=trakt_userlist&amp;list_name=Spanish%2flatin%20series%20%26%20telenovelas&amp;list_slug=spanish-latin-series-telenovelas&amp;owner=true&amp;plugin_category=Spanish%2flatin%20series%20%26%20telenovelas&amp;user_slug=luciamovilla&amp;sf_options=meta%3Dvotes%253D0%2526label%253DSpanish%25252Flatin%252Bseries%252B%252526%252Btelenovelas%2526studio%253DLucia%26_options_sf&quot;,return)</favourite>
	<favourite name="New Spanish Horror" thumb="special://home/addons\plugin.video.themoviedb.helper\/resources/icons/themoviedb/default.png">ActivateWindow(10025,&quot;plugin://plugin.video.themoviedb.helper/?info=trakt_userlist&amp;list_name=New%20Spanish%20Horror&amp;list_slug=new-spanish-horror&amp;owner=true&amp;plugin_category=New%20Spanish%20Horror&amp;user_slug=luisuraga-deleted-1546265321&amp;sf_options=desc%3DTerror+fills+nowadays+screens+from+Spain%26meta%3Dvotes%253D0%2526plot%253DTerror%252Bfills%252Bnowadays%252Bscreens%252Bfrom%252BSpain%2526label%253DNew%252BSpanish%252BHorror%2526studio%253Dluisuraga-deleted-1546265321%26_options_sf&quot;,return)</favourite>
	<favourite name="Erotic Spanish Films" thumb="special://home/addons\plugin.video.themoviedb.helper\/resources/icons/themoviedb/default.png">ActivateWindow(10025,&quot;plugin://plugin.video.themoviedb.helper/?info=trakt_userlist&amp;list_name=Erotic%20Spanish%20Films&amp;list_slug=erotic-spanish-films&amp;owner=true&amp;plugin_category=Erotic%20Spanish%20Films&amp;user_slug=xtarter&amp;sf_options=meta%3Dvotes%253D0%2526label%253DErotic%252BSpanish%252BFilms%2526studio%253D%2525E6%2525B2%2525B9%252BRadamanthyX%252B%2525E6%252584%25259B%26_options_sf&quot;,return)</favourite>
	<favourite name="Horror in Spanish" thumb="special://home/addons\plugin.video.themoviedb.helper\/resources/icons/themoviedb/default.png">ActivateWindow(10025,&quot;plugin://plugin.video.themoviedb.helper/?info=trakt_userlist&amp;list_name=Horror%20in%20Spanish&amp;list_slug=horror-in-spanish&amp;owner=true&amp;plugin_category=Horror%20in%20Spanish&amp;user_slug=marcelocastanheira&amp;sf_options=meta%3Dvotes%253D0%2526label%253DHorror%252Bin%252BSpanish%2526studio%253DMarcelo%252BCastanheira%252B%252528Rexx%252529%26_options_sf&quot;,return)</favourite>
	<favourite name="NetFlix TV Series (Spanish)" thumb="special://home/addons\plugin.video.themoviedb.helper\/resources/icons/themoviedb/default.png">ActivateWindow(10025,&quot;plugin://plugin.video.themoviedb.helper/?info=trakt_userlist&amp;list_name=NetFlix%20TV%20Series%20(Spanish)&amp;list_slug=netflix-tv-series-spanish&amp;owner=true&amp;plugin_category=NetFlix%20TV%20Series%20(Spanish)&amp;user_slug=ybpaul&amp;sf_options=desc%3DThis+list+is+maintained+by+mdblist.comCreate+your+own%3A+https%3A%2F%2Fmdblist.com%2Flists%2Fybpaul%2Fnetflix-tv-series-spanishUpdated+at+2022-08-03+00%3A39%3A10%26meta%3Dvotes%253D0%2526plot%253DThis%252Blist%252Bis%252Bmaintained%252Bby%252Bmdblist.comCreate%252Byour%252Bown%25253A%252Bhttps%25253A%25252F%25252Fmdblist.com%25252Flists%25252Fybpaul%25252Fnetflix-tv-series-spanishUpdated%252Bat%252B2022-08-03%252B00%25253A39%25253A10%2526label%253DNetFlix%252BTV%252BSeries%252B%252528Spanish%252529%2526studio%253Dybpaul%26_options_sf&quot;,return)</favourite>
	<favourite name="Spanish thriller/horror/sci-fi copy" thumb="special://home/addons\plugin.video.themoviedb.helper\/resources/icons/themoviedb/default.png">ActivateWindow(10025,&quot;plugin://plugin.video.themoviedb.helper/?info=trakt_userlist&amp;list_name=Spanish%20thriller%2fhorror%2fsci-fi%20copy&amp;list_slug=spanish-thriller-horror-sci-fi-copy&amp;owner=true&amp;plugin_category=Spanish%20thriller%2fhorror%2fsci-fi%20copy&amp;user_slug=rogerioandre&amp;sf_options=desc%3Dfilm%26meta%3Dvotes%253D0%2526plot%253Dfilm%2526label%253DSpanish%252Bthriller%25252Fhorror%25252Fsci-fi%252Bcopy%2526studio%253DRogerio%252BAndr%2525C3%2525A9%26_options_sf&quot;,return)</favourite>
	<favourite name="Netflix Original &apos;Exclusive international distribution: Spanish&apos; Films" thumb="special://home/addons\plugin.video.themoviedb.helper\/resources/icons/themoviedb/default.png">ActivateWindow(10025,&quot;plugin://plugin.video.themoviedb.helper/?info=trakt_userlist&amp;list_name=Netflix%20Original%20%27Exclusive%20international%20distribution%3a%20Spanish%27%20Films&amp;list_slug=netflix-original-exclusive-international-distribution-spanish-films&amp;owner=true&amp;plugin_category=Netflix%20Original%20%27Exclusive%20international%20distribution%3a%20Spanish%27%20Films&amp;user_slug=farhanzubedi-deleted-1558026671&amp;sf_options=desc%3DList+of+original+%27EXCLUSIVE+INTERNATIONAL+DISTRIBUTION%3A+SPANISH%27+films+distributed+by+Netflix.+Updated%3A+xx%2Fxx%2F19For+other+categories+of+Netflix+original+films%2C+go+to%3A+https%3A%2F%2Ftrakt.tv%2Fusers%2Ffarhanzubedi%2Flists%26meta%3Dvotes%253D0%2526plot%253DList%252Bof%252Boriginal%252B%252527EXCLUSIVE%252BINTERNATIONAL%252BDISTRIBUTION%25253A%252BSPANISH%252527%252Bfilms%252Bdistributed%252Bby%252BNetflix.%252BUpdated%25253A%252Bxx%25252Fxx%25252F19For%252Bother%252Bcategories%252Bof%252BNetflix%252Boriginal%252Bfilms%25252C%252Bgo%252Bto%25253A%252Bhttps%25253A%25252F%25252Ftrakt.tv%25252Fusers%25252Ffarhanzubedi%25252Flists%2526label%253DNetflix%252BOriginal%252B%252527Exclusive%252Binternational%252Bdistribution%25253A%252BSpanish%252527%252BFilms%2526studio%253Dfarhanzubedi-deleted-1558026671%26_options_sf&quot;,return)</favourite>
	<favourite name="Películas En Español" thumb="DefaultFolder.png">ActivateWindow(10025,&quot;plugin://plugin.video.tubi.m7/?mode=peliculas_en_espanoltubitv-content&amp;rand=20BV61&amp;sf_options=fanart%3Dspecial%3A%2F%2Fhome%2Faddons%5Cplugin.video.tubi.m7%5Cicon.png%26meta%3Dvotes%253D0%2526title%253DPel%2525C3%2525ADculas%252BEn%252BEspa%2525C3%2525B1ol%2526label%253DPel%2525C3%2525ADculas%252BEn%252BEspa%2525C3%2525B1ol%26_options_sf&quot;,return)</favourite>
	<favourite name="Ganadores y Nominados" thumb="http://images.adrise.tv/RDWN0AZ5UQGTmv41WoRS7rj27hc=/640x360/smart/img.adrise.tv/a8fb3f7f-b1ff-41f3-9854-c110d638844b.jpg">ActivateWindow(10025,&quot;plugin://plugin.video.tubi.m7/?mode=ganadores_y_nominadostubitv-content&amp;rand=O2TSUD&amp;sf_options=fanart%3Dspecial%3A%2F%2Fhome%2Faddons%5Cplugin.video.tubi.m7%5Cicon.png%26meta%3Dvotes%253D0%2526title%253DGanadores%252By%252BNominados%2526label%253DGanadores%252By%252BNominados%26_options_sf&quot;,return)</favourite>
	<favourite name="Telenovelas y Series" thumb="http://images.adrise.tv/BwW9Y4rR7y07e3XAZ_XO4-F13Lk=/640x360/smart/img.adrise.tv/70b17915-e251-4151-b6f5-de33daeacc91.jpg">ActivateWindow(10025,&quot;plugin://plugin.video.tubi.m7/?mode=telenovelas_y_seriestubitv-content&amp;rand=OHTJXU&amp;sf_options=fanart%3Dspecial%3A%2F%2Fhome%2Faddons%5Cplugin.video.tubi.m7%5Cicon.png%26meta%3Dvotes%253D0%2526title%253DTelenovelas%252By%252BSeries%2526label%253DTelenovelas%252By%252BSeries%26_options_sf&quot;,return)</favourite>
	<favourite name="Para Familias" thumb="http://images.adrise.tv/tv-o8R5dPCY2f__fjRk03sFyhwI=/640x360/smart/img.adrise.tv/806ff80a-fe70-48c5-8100-f65581267d08.jpg">ActivateWindow(10025,&quot;plugin://plugin.video.tubi.m7/?mode=para_los_nios_y_familiastubitv-content&amp;rand=SGORSY&amp;sf_options=fanart%3Dspecial%3A%2F%2Fhome%2Faddons%5Cplugin.video.tubi.m7%5Cicon.png%26meta%3Dvotes%253D0%2526title%253DPara%252BFamilias%2526label%253DPara%252BFamilias%26_options_sf&quot;,return)</favourite>
	<favourite name="Películas En Español" thumb="DefaultFolder.png">ActivateWindow(10025,&quot;plugin://plugin.video.tubi.m7/?mode=peliculas_en_espanoltubitv-content&amp;rand=329DSH&amp;sf_options=fanart%3Dspecial%3A%2F%2Fhome%2Faddons%5Cplugin.video.tubi.m7%5Cicon.png%26meta%3Dvotes%253D0%2526title%253DPel%2525C3%2525ADculas%252BEn%252BEspa%2525C3%2525B1ol%2526label%253DPel%2525C3%2525ADculas%252BEn%252BEspa%2525C3%2525B1ol%26_options_sf&quot;,return)</favourite>
	<favourite name="Telenovelas y Series" thumb="http://images.adrise.tv/BwW9Y4rR7y07e3XAZ_XO4-F13Lk=/640x360/smart/img.adrise.tv/70b17915-e251-4151-b6f5-de33daeacc91.jpg">ActivateWindow(10025,&quot;plugin://plugin.video.tubi.m7/?mode=telenovelas_y_seriestubitv-content&amp;rand=JJY04J&amp;sf_options=fanart%3Dspecial%3A%2F%2Fhome%2Faddons%5Cplugin.video.tubi.m7%5Cicon.png%26meta%3Dvotes%253D0%2526title%253DTelenovelas%252By%252BSeries%2526label%253DTelenovelas%252By%252BSeries%26_options_sf&quot;,return)</favourite>
	<favourite name="Ganadores y Nominados" thumb="http://images.adrise.tv/RDWN0AZ5UQGTmv41WoRS7rj27hc=/640x360/smart/img.adrise.tv/a8fb3f7f-b1ff-41f3-9854-c110d638844b.jpg">ActivateWindow(10025,&quot;plugin://plugin.video.tubi.m7/?mode=ganadores_y_nominadostubitv-content&amp;rand=DG4D2D&amp;sf_options=fanart%3Dspecial%3A%2F%2Fhome%2Faddons%5Cplugin.video.tubi.m7%5Cicon.png%26meta%3Dvotes%253D0%2526title%253DGanadores%252By%252BNominados%2526label%253DGanadores%252By%252BNominados%26_options_sf&quot;,return)</favourite>
	<favourite name="Para Familias" thumb="http://images.adrise.tv/tv-o8R5dPCY2f__fjRk03sFyhwI=/640x360/smart/img.adrise.tv/806ff80a-fe70-48c5-8100-f65581267d08.jpg">ActivateWindow(10025,&quot;plugin://plugin.video.tubi.m7/?mode=para_los_nios_y_familiastubitv-content&amp;rand=KZNSDH&amp;sf_options=fanart%3Dspecial%3A%2F%2Fhome%2Faddons%5Cplugin.video.tubi.m7%5Cicon.png%26meta%3Dvotes%253D0%2526title%253DPara%252BFamilias%2526label%253DPara%252BFamilias%26_options_sf&quot;,return)</favourite>
</favourites>