<addon id="plugin.video.fsonline" name="[COLORroyalblue]FSOnline[/COLOR]" version="1.2.0" provider-name="derzis">
    <requires>
        <import addon="xbmc.python" version="3.0.0"/>
        <import addon="script.module.resolveurl"/>
        <import addon="script.module.requests"/>
        <import addon="script.module.beautifulsoup4"/>
    </requires>
    <extension point="xbmc.python.pluginsource" library="default.py">
        <provides>video</provides>
    </extension>
    <extension point="xbmc.addon.metadata">
        <summary lang="ro">FSONline - Filme și Seriale Online</summary>
        <description lang="ro">Addon pentru vizionarea filmelor și serialelor online de pe Filmeserialeonline.org</description>
        <platform>all</platform>
        <assets>
            <icon>icon.webp</icon>
            <fanart>fanart.jpg</fanart>
        </assets>
    </extension>
</addon>

