<?xml version="1.0" encoding="UTF-8" standalone="yes"?>
<addon id="plugin.video.stalkervod" name="Stalker VOD Client" version="0.0.2" provider-name="rickey">
	<requires>
		<import addon="xbmc.python" version="3.0.1"/>
		<import addon="script.module.requests" version="2.27.1"/>
	</requires>
	<extension point="xbmc.python.pluginsource" library="addon_entry.py">
		<provides>video</provides>
	</extension>
	<extension point="xbmc.addon.metadata">
		<reuselanguageinvoker>true</reuselanguageinvoker>
		<platform>all</platform>
		<summary lang="en_GB">Stalker VOD Client</summary>
		<description lang="en_GB">Kodi Stalker client for accessing on demand videos and channels from Stalker middleware</description>
		<license>GPL-3.0-or-later</license>
		<language>en</language>
		<source>https://github.com/rickeylohia/plugin.video.stalkervod</source>
		<website>https://github.com/rickeylohia/plugin.video.stalkervod</website>
		<assets>
			<icon>resources/media/icon.png</icon>
			<screenshot>resources/media/screenshot_1.png</screenshot>
			<screenshot>resources/media/screenshot_2.png</screenshot>
			<screenshot>resources/media/screenshot_3.png</screenshot>
		</assets>
		<news>v0.0.2  (2023-12-27)
			- Add favorites context menu option and re-use existing token if possible
			v0.0.1  (2023-10-22)
			- Initial Release
		</news>
	</extension>
</addon>
