<?xml version="1.0" encoding="UTF-8" standalone="yes"?>
<addon id="plugin.program.sports" name="Diggz Sports Browser " version="420.4" provider-name="Diggz, JewBMX">
    <requires>
        <import addon="script.module.kodi-six" />
    </requires>
    <extension point="xbmc.python.script" library="addon.py">
        <provides>video</provides>
    </extension>
    <extension point="xbmc.addon.metadata">
        <platform>all</platform>
        <summary lang="en">Opens Sports Websites from Kodi</summary>
        <assets>
            <icon>resources/icon.png</icon>
        </assets>
    </extension>
</addon>


