<?xml version="1.0" encoding="UTF-8"?>
<addon id="plugin.video.luc_kodi"
version="1.0.0"
name="[COLOR ff32cd32]luc_[/COLOR]kodi"
provider-name="[COLOR ff32cd32$VAR]a[/COLOR]poyo[COLOR ff32cd32$VAR]t[/COLOR]ech">
<requires>
  <import addon="xbmc.python" version="3.0.1"/>
  <import addon="script.module.resolveurl"/>
  <import addon="script.module.requests"/>
</requires>
<extension point="xbmc.python.pluginsource" library="default.py">
  <provides>video</provides>
</extension>
<extension point="xbmc.addon.metadata">
  <summary lang="en_GB"></summary>
  <description lang="en_GB">[COLOR ff32cd32]This it's a free plugin.video and work for KODI.[/COLOR]</description>
  <disclaimer lang="en_GB">[COLOR ff32cd32]All Streams are available freely on the internet.[/COLOR]</disclaimer>
  <license>GPL-3.0-only	</license>
  <assets>
    <icon>resources/images/icon.png</icon>
    <fanart>resources/images/fanart.jpg</fanart>
    <screenshot></screenshot>
    <screenshot></screenshot>
  </assets>
  <news>[COLOR ff32cd32]Initiale relese[/COLOR]</news>
</extension>
</addon>
