<?xml version="1.0" encoding="UTF-8" standalone="yes"?>
<addon id="plugin.video.kodikaraoke" name="Kodi Karaoke Free" version="1.0.1" provider-name="Kodi Karaoke">
  <requires>
    <import addon="xbmc.python" version="3.0.0"/>
    <import addon="plugin.video.youtube" version="0.0.1"/>
  </requires>
  <extension point="xbmc.python.pluginsource" library="default.py">
        <provides>video</provides>
  </extension>
  <extension point="xbmc.addon.metadata">
    <summary lang="en">Search and Play Karaoke Videos for FREE</summary>
    <description lang="en">Search and Play Karaoke Videos for FREE</description>
    <platform>all</platform>
    <assets>
        <icon>icon.png</icon>
    </assets>
  </extension>
</addon>
