<favourites>
	<favourite name="[COLOR white]TV Shows[/COLOR]" thumb="special://home/addons\script.homelander.artwork\resources\media\homelander\tvshows.png">ActivateWindow(10025,&quot;plugin://plugin.video.homelander/?action=tvNavigator&amp;sf_options=fanart%3Dspecial%3A%2F%2Fhome%2Faddons%5Cscript.homelander.artwork%5Cresources%5Cmedia%5Chomelander%5Cfanart.jpg%26desc%3D%5BCR%5D%26meta%3Dvotes%253D0%2526plot%253D%25255BCR%25255D%2526label%253D%25255BCOLOR%252Bwhite%25255DTV%252BShows%25255B%25252FCOLOR%25255D%26_options_sf&quot;,return)</favourite>
	<favourite name="[COLOR white]My TV Shows[/COLOR]" thumb="special://home/addons\script.homelander.artwork\resources\media\homelander\mytvshows.png">ActivateWindow(10025,&quot;plugin://plugin.video.homelander/?action=mytvNavigator&amp;sf_options=fanart%3Dspecial%3A%2F%2Fhome%2Faddons%5Cscript.homelander.artwork%5Cresources%5Cmedia%5Chomelander%5Cfanart.jpg%26desc%3D%5BCR%5D%26meta%3Dvotes%253D0%2526plot%253D%25255BCR%25255D%2526label%253D%25255BCOLOR%252Bwhite%25255DMy%252BTV%252BShows%25255B%25252FCOLOR%25255D%26_options_sf&quot;,return)</favourite>
	<favourite name="[COLOR white]New Episodes[/COLOR]" thumb="special://home/addons\script.homelander.artwork\resources\media\homelander\latest-episodes.png">ActivateWindow(10025,&quot;plugin://plugin.video.homelander/?action=tvWidget&amp;sf_options=fanart%3Dspecial%3A%2F%2Fhome%2Faddons%5Cscript.homelander.artwork%5Cresources%5Cmedia%5Chomelander%5Cfanart.jpg%26desc%3D%5BCR%5D%26meta%3Dvotes%253D0%2526plot%253D%25255BCR%25255D%2526label%253D%25255BCOLOR%252Bwhite%25255DNew%252BEpisodes%25255B%25252FCOLOR%25255D%26_options_sf&quot;,return)</favourite>
	<favourite name="[COLOR white]People[/COLOR]" thumb="special://home/addons\script.homelander.artwork\resources\media\homelander\people.png">ActivateWindow(10025,&quot;plugin://plugin.video.homelander/?action=persons&amp;sf_options=fanart%3Dspecial%3A%2F%2Fhome%2Faddons%5Cscript.homelander.artwork%5Cresources%5Cmedia%5Chomelander%5Cfanart.jpg%26desc%3D%5BCR%5D%26meta%3Dvotes%253D0%2526plot%253D%25255BCR%25255D%2526label%253D%25255BCOLOR%252Bwhite%25255DPeople%25255B%25252FCOLOR%25255D%26_options_sf&quot;,return)</favourite>
	<favourite name="[COLOR white][B]Tools[/B][/COLOR]" thumb="special://home/addons\script.homelander.artwork\resources\media\homelander\tools.png">ActivateWindow(10025,&quot;plugin://plugin.video.homelander/?action=toolNavigator&amp;sf_options=fanart%3Dspecial%3A%2F%2Fhome%2Faddons%5Cscript.homelander.artwork%5Cresources%5Cmedia%5Chomelander%5Cfanart.jpg%26desc%3D%5BCR%5D%26meta%3Dvotes%253D0%2526plot%253D%25255BCR%25255D%2526label%253D%25255BCOLOR%252Bwhite%25255D%25255BB%25255DTools%25255B%25252FB%25255D%25255B%25252FCOLOR%25255D%26_options_sf&quot;,return)</favourite>
	<favourite name="[COLOR white][B]Search[/B][/COLOR]" thumb="special://home/addons\script.homelander.artwork\resources\media\homelander\search.png">ActivateWindow(10025,&quot;plugin://plugin.video.homelander/?action=searchNavigator&amp;sf_options=fanart%3Dspecial%3A%2F%2Fhome%2Faddons%5Cscript.homelander.artwork%5Cresources%5Cmedia%5Chomelander%5Cfanart.jpg%26desc%3D%5BCR%5D%26meta%3Dvotes%253D0%2526plot%253D%25255BCR%25255D%2526label%253D%25255BCOLOR%252Bwhite%25255D%25255BB%25255DSearch%25255B%25252FB%25255D%25255B%25252FCOLOR%25255D%26_options_sf&quot;,return)</favourite>
</favourites>