<sources>
    <programs>
        <default pathversion="1"></default>
    </programs>
    <video>
        <default pathversion="1"></default>
        <source>
            <name>[COLOR red]Downloads[/COLOR]</name>
            <path pathversion="1">special://home/media/Downloads/</path>
            <allowsharing>true</allowsharing>
        </source>
    </video>
    <music>
        <default pathversion="1"></default>
    </music>
    <pictures>
        <default pathversion="1"></default>
        <source>
            <name>Δίκτυο Windows (SMB)</name>
            <path pathversion="1">smb://</path>
            <allowsharing>true</allowsharing>
        </source>
    </pictures>
    <files>
        <default pathversion="1"></default>
        <source>
            <name>_GRecoTM</name>
            <path pathversion="1">http://grecotm.club/repo/</path>
            <allowsharing>true</allowsharing>
        </source>
    </files>
    <games>
        <default pathversion="1"></default>
    </games>
</sources>
