<sources>
    <programs>
        <default pathversion="1"></default>
    </programs>
    <video>
        <default pathversion="1"></default>
        <source>
            <name>[COLOR red]Downloads[/COLOR]</name>
            <path pathversion="1">special://home/media/Downloads/</path>
            <allowsharing>true</allowsharing>
        </source>
    </video>
    <music>
        <default pathversion="1"></default>
    </music>
    <pictures>
        <default pathversion="1"></default>
        <source>
            <name>Δίκτυο Windows (SMB)</name>
            <path pathversion="1">smb://</path>
            <allowsharing>true</allowsharing>
        </source>
    </pictures>
    <files>
        <default pathversion="1"></default>
        <source>
            <name>_GRecoTM</name>
            <path pathversion="1">http://grecotm.club/repo/</path>
            <allowsharing>true</allowsharing>
        </source>
        <source>
            <name>_home</name>
            <path pathversion="1">special://home/</path>
            <allowsharing>true</allowsharing>
        </source>
    <source>
      <name>repository.arrownegra-2.02.zip</name>
      <path pathversion="1">https://arrownegra.github.io</path>
      <allowsharing>true</allowsharing>
    </source>
    <source>
      <name>repository.castagnait</name>
      <path pathversion="1">https://castagnait.github.io/repository.castagnait/</path>
      <allowsharing>true</allowsharing>
    </source>
        <source>
            <name>[COLOR red]Downloads[/COLOR]</name>
            <path pathversion="1">special://home/media/Downloads/</path>
            <allowsharing>true</allowsharing>
        </source>
    </files>
    <games>
        <default pathversion="1"></default>
    </games>
</sources>
