<?xml version="1.0" encoding="UTF-8" standalone="yes"?>
<addon id="plugin.video.lagartixa" name="[COLOR green]LAGARTIXA[/COLOR] [COLOR gold]PORTAL[/COLOR]" version="2.3.1+nexus" provider-name="">
    <requires>
		<import addon="xbmc.python" version="3.0.0"/>
		<import addon="script.module.requests" version="2.25.1+matrix.1"/>
	</requires>
	<extension point="xbmc.python.pluginsource" library="addon.py">
		<provides>video</provides>
	</extension>
	<extension point="xbmc.addon.metadata">
		<platform>all</platform>
		<summary lang="en">[COLORred] LIVE-TV, VOD, SERIES[/COLOR] KODi Matrix KODi Nexus</summary>
		<description></description>
		<license></license>
		<language></language>
		<forum></forum>
		<assets>
            <icon>icon.png</icon>
            <fanart>fanart.jpg</fanart>
        </assets>


	</extension>
</addon>
