<favourites>
	<favourite name="Click Here" thumb="special://home/addons/resource.images.skinicons.wide/resources/icons/clickhere.png">ActivateWindow(10025,&quot;plugin://plugin.video.clickhere/?sf_options=fanart%3Dspecial%3A%2F%2Fhome%2Faddons%5Cplugin.video.clickhere%5Cfanart.jpg%26desc%3DClick+Here%2C+Debrid+Free%2C+One+Click+Play%26meta%3Dlabel%253D%252B%252B%25255BB%25255D%25255BCOLOR%252Bwhite%25255DClick%252BHere%25255B%25252FCOLOR%25255D%25255B%25252FB%25255D%26_options_sf&quot;,return)</favourite>
	<favourite name="Black and White Movies" thumb="special://home/addons/resource.images.skinicons.wide/resources/icons/bnw.png">ActivateWindow(10025,&quot;plugin://plugin.video.bnwmovie19/?sf_options=fanart%3Dspecial%3A%2F%2Fhome%2Faddons%5Cplugin.video.bnwmovie19%5Cfanart.jpg%26desc%3DBlack+and+White+Movies%26meta%3Dlabel%253DBlack%252Band%252BWhite%252BMovies%26_options_sf&quot;,return)</favourite>
	<favourite name="Butter Fingers Movies" thumb="special://home/addons/resource.images.skinicons.wide/resources/icons/BF.png">ActivateWindow(10025,&quot;plugin://plugin.video.bfingers/?sf_options=fanart%3Dspecial%3A%2F%2Fhome%2Faddons%5Cplugin.video.bfingers%5Cfanart.jpg%26desc%3DMovies+Galore+of+All+Genres.+K19+compatible.%26meta%3Dlabel%253DButter%252BFingers%252BMovies%26_options_sf&quot;,return)</favourite>
	<favourite name="[COLORred]Carnival Of Screams[/COLOR]" thumb="https://i.imgur.com/MCteAmw.png">ActivateWindow(10025,&quot;plugin://plugin.video.thechains/?all_w=%7b%7d&amp;data&amp;dates=%20&amp;description=%20&amp;eng_name=%20&amp;episode=%20&amp;fanart=https%3a%2f%2fi.imgur.com%2fnqaJbQp.png&amp;fav_status=false&amp;heb_name=%20&amp;iconimage=https%3a%2f%2fi.imgur.com%2fMCteAmw.png&amp;id&amp;image_master&amp;isr=0&amp;last_id&amp;mode=189&amp;mypass&amp;name=%5bCOLORred%5dNon%20Debrid%5b%2fCOLOR%5d&amp;original_title=%5bCOLORred%5dNon%20Debrid%5b%2fCOLOR%5d&amp;search_db&amp;season=%20&amp;show_original_year=%20&amp;tmdbid=%20&amp;url=https%3a%2f%2fthechains24.com%2fTHE%2520CRYPT%2fnon.txt&amp;video_data=%7b%22title%22%3a%20%22%5bCOLORred%5dNon%20Debrid%5b%2fCOLOR%5d%22%2c%20%22mediatype%22%3a%20%22movie%22%2c%20%22TVshowtitle%22%3a%20%22%22%2c%20%22season%22%3a%200%2c%20%22episode%22%3a%200%2c%20%22OriginalTitle%22%3a%20%22%5bCOLORred%5dNon%20Debrid%5b%2fCOLOR%5d%22%2c%20%22year%22%3a%20%22%22%2c%20%22rating%22%3a%20%220%22%2c%20%22plot%22%3a%20%22%20%22%2c%20%22Tag%22%3a%20%22189%22%2c%20%22trailer%22%3a%20%22%22%2c%20%22id%22%3a%20%22%22%7d&amp;sf_options=fanart%3Dhttps%3A%2F%2Fi.imgur.com%2FnqaJbQp.png%26meta%3Dlabel%253D%25255BCOLORred%25255DNon%252BDebrid%25255B%25252FCOLOR%25255D%26_options_sf&quot;,return)</favourite>
	<favourite name="HBO Max (US Only)" thumb="special://home/addons/resource.images.skinicons.wide/resources/icons/hbomax.jpg">ActivateWindow(10025,&quot;plugin://slyguy.hbo.max/?sf_options=fanart%3Dspecial%3A%2F%2Fhome%2Faddons%5Cslyguy.hbo.max%5Cfanart.jpg%26desc%3DSay+hello+to+HBO+Max%2C+the+streaming+platform+that+bundles+all+of+HBO+together+with+even+more+of+your+favorite+movies+and+TV+series%2C+plus+new+Max+Originals.%0A%0ASubscription+required.%26meta%3Dlabel%253DHBO%252BMax%26_options_sf&quot;,return)</favourite>
	<favourite name="Paramount+ (US Only)" thumb="special://home/addons/resource.images.skinicons.wide/resources/paidaddons/pplus.png">ActivateWindow(10025,&quot;plugin://slyguy.paramount.plus/?sf_options=fanart%3Dspecial%3A%2F%2Fhome%2Faddons%5Cslyguy.paramount.plus%5Cfanart.jpg%26desc%3DWatch+thousands+of+episodes+of+your+favorite+shows+on+any+device.+Paramount%2B+includes+on-demand+and+live+content+from+CBS%2C+BET%2C+Comedy+Central%2C+Nickelodeon%2C+MTV%2C+VH1%2C+Paramount%2C+and+more.%0A%0ASubscription+required.%26meta%3Dlabel%253DParamount%25252B%26_options_sf&quot;,return)</favourite>
	<favourite name="Disney+ (US Only)" thumb="special://home/addons/resource.images.skinicons.wide/resources/icons/disney+.png">ActivateWindow(10025,&quot;plugin://slyguy.disney.plus/?sf_options=fanart%3Dspecial%3A%2F%2Fhome%2Faddons%5Cslyguy.disney.plus%5Cfanart.jpg%26desc%3DDisney%2B+is+the+exclusive+home+for+your+favorite+movies+and+TV+shows+from+Disney%2C+Pixar%2C+Marvel%2C+Star+Wars%2C+and+National+Geographic.%0A%0ASubscription+required.%26meta%3Dlabel%253DDisney%25252B%26_options_sf&quot;,return)</favourite>
	<favourite name="Shudder (US Only)" thumb="special://home/addons/resource.images.skinicons.wide/resources/icons/SHUDDER.png">ActivateWindow(10025,&quot;plugin://plugin.video.shudder/?sf_options=fanart%3Dspecial%3A%2F%2Fhome%2Faddons%5Cplugin.video.shudder%5Cfanart.jpg%26desc%3DWatch+your+favorite+movies%2C+episodes+and+live+tv+on+any+device.%26meta%3Dlabel%253DShudder%26_options_sf&quot;,return)</favourite>
	<favourite name="Crackle Movies" thumb="special://home/addons/resource.images.skinicons.wide/resources/icons/crackle.png">ActivateWindow(10025,&quot;plugin://plugin.video.crackle/?id=movies&amp;mode=99&amp;sf_options=fanart%3Dspecial%3A%2F%2Fhome%2Faddons%5Cplugin.video.crackle%5Cresources%5Cmedia%5Cfanart.jpg%26meta%3Dlabel%253DMovies%26_options_sf&quot;,return)</favourite>
	<favourite name="[COLOR ghostwhite][B]Fido Movies[/B][/COLOR]" thumb="special://home/addons/resource.images.skinicons.wide/resources/icons/fido.png">ActivateWindow(10025,&quot;plugin://plugin.video.fidoK19/get_list/http://fantazyrepo.uk/addonimages/fido.addon/newmovies/MainMoviesK19.json?sf_options=fanart%3Dhttp%3A%2F%2Ffantazyrepo.uk%2Faddonimages%2Fnewmovies%2Fnewmovies.jpg%26meta%3Dlabel%253D%25255BCOLOR%252Bghostwhite%25255D%25255BB%25255DMovies%25255B%25252FB%25255D%25255B%25252FCOLOR%25255D%26_options_sf&quot;,return)</favourite>
	<favourite name="ConTV" thumb="special://home/addons/resource.images.skinicons.wide/resources/icons/contv.png">ActivateWindow(10025,&quot;plugin://plugin.video.contv/?sf_options=fanart%3Dspecial%3A%2F%2Fhome%2Faddons%5Cplugin.video.contv%5Cresources%5Cfanart.jpg%26desc%3DConTV%26meta%3Dlabel%253DConTV%26_options_sf&quot;,return)</favourite>
	<favourite name="Vidembed Movies" thumb="special://home/addons/resource.images.skinicons.wide/resources/icons/vidcloud.png">ActivateWindow(10025,&quot;plugin://plugin.video.vidembed/MoviesHome/?sf_options=fanart%3Dhttps%3A%2F%2Fi.ibb.co%2FPGCfS9S%2FMovies.png%26desc%3DMovies%26meta%3Dvotes%253D0%2526plot%253DMovies%2526title%253DMovies%2526label%253DMovies%26_options_sf&quot;,return)</favourite>
	<favourite name="[COLOR goldenrod]Asgard Non Debrid Section[/COLOR]" thumb="http://narcacist.com/images/asg/icon.png">ActivateWindow(10025,&quot;plugin://plugin.video.asgard/?all_w=%7b%7d&amp;data=%20&amp;dates=%20&amp;description=Non%20Debrid%20Section&amp;eng_name=%20&amp;episode=%20&amp;fanart=http%3a%2f%2fnarcacist.com%2fimages%2fasg%2ffanart.jpg&amp;fav_status=false&amp;heb_name=%20&amp;iconimage=http%3a%2f%2fnarcacist.com%2fimages%2fasg%2ficon.png&amp;id=%20&amp;image_master&amp;isr=0&amp;last_id&amp;mode=189&amp;mypass&amp;name=%5bCOLOR%20goldenrod%5dAsgard%20Non%20Debrid%20Section%5b%2fCOLOR%5d&amp;original_title=%20&amp;search_db&amp;season=%20&amp;show_original_year=%20&amp;tmdbid=%20&amp;url=http%3a%2f%2fnarcacist.com%2fAddon%2ftext%2frd%2ffree.xml&amp;video_data=%7b%22title%22%3a%20%22%5bCOLOR%20goldenrod%5dAsgard%20Non%20Debrid%20Section%5b%2fCOLOR%5d%22%2c%20%22mediatype%22%3a%20%22movie%22%2c%20%22TVshowtitle%22%3a%20%22%22%2c%20%22season%22%3a%200%2c%20%22episode%22%3a%200%2c%20%22OriginalTitle%22%3a%20%22%20%22%2c%20%22rating%22%3a%20%220%22%2c%20%22plot%22%3a%20%22Non%20Debrid%20Section%22%2c%20%22Tag%22%3a%20%22None%22%2c%20%22id%22%3a%20%22%20%22%7d&amp;sf_options=fanart%3Dhttp%3A%2F%2Fnarcacist.com%2Fimages%2Fasg%2Ffanart.jpg%26meta%3Dlabel%253D%25255BCOLOR%252Bgoldenrod%25255DAsgard%252BNon%252BDebrid%252BSection%25255B%25252FCOLOR%25255D%26_options_sf&quot;,return)</favourite>
	<favourite name="[COLORwhite]Ghost 1Click[/COLOR] [COLORwhite]Free[/COLOR]" thumb="special://home/addons/resource.images.skinicons.wide/resources/icons/ghost.png">ActivateWindow(10025,&quot;plugin://plugin.video.ghost/?all_w=%7b%7d&amp;data&amp;dates=%20&amp;description=%20&amp;eng_name=%20&amp;episode=%20&amp;fanart=https%3a%2f%2fia902507.us.archive.org%2f12%2fitems%2ffanart_202205%2ffanart.jpg&amp;fav_status=false&amp;heb_name=%20&amp;iconimage=https%3a%2f%2fia802503.us.archive.org%2f28%2fitems%2ficon_20220511%2ficon.png&amp;id&amp;image_master&amp;isr=0&amp;last_id&amp;mode=189&amp;mypass&amp;name=%5bCOLORwhite%5d1Click%5b%2fCOLOR%5d%20%5bCOLORwhite%5dFree%5b%2fCOLOR%5d&amp;original_title=%5bCOLORwhite%5d1Click%5b%2fCOLOR%5d%20%5bCOLORwhite%5dFree%5b%2fCOLOR%5d&amp;search_db&amp;season=%20&amp;show_original_year=%20&amp;tmdbid=%20&amp;url=https%3a%2f%2fia902501.us.archive.org%2f0%2fitems%2f9-movies-backup%2f9MoviesBACKUP.xml&amp;video_data=%7b%22title%22%3a%20%22%5bCOLORwhite%5d1Click%5b%2fCOLOR%5d%20%5bCOLORwhite%5dFree%5b%2fCOLOR%5d%22%2c%20%22mediatype%22%3a%20%22movie%22%2c%20%22TVshowtitle%22%3a%20%22%22%2c%20%22season%22%3a%200%2c%20%22episode%22%3a%200%2c%20%22OriginalTitle%22%3a%20%22%5bCOLORwhite%5d1Click%5b%2fCOLOR%5d%20%5bCOLORwhite%5dFree%5b%2fCOLOR%5d%22%2c%20%22year%22%3a%20%22%22%2c%20%22rating%22%3a%20%220%22%2c%20%22plot%22%3a%20%22%20%22%2c%20%22Tag%22%3a%20%22189%22%2c%20%22trailer%22%3a%20%22%22%2c%20%22id%22%3a%20%22%22%7d&amp;sf_options=fanart%3Dhttps%3A%2F%2Fia902507.us.archive.org%2F12%2Fitems%2Ffanart_202205%2Ffanart.jpg%26meta%3Dlabel%253D%25255BCOLORwhite%25255D1Click%25255B%25252FCOLOR%25255D%252B%25255BCOLORwhite%25255DFree%25255B%25252FCOLOR%25255D%26_options_sf&quot;,return)</favourite>
	<favourite name="[COLOR crimson][B]Patriot [/B][COLOR white][B] New Free Linked [/B][COLOR dodgerblue][B] Movies[/B][/COLOR]" thumb="special://home/addons/resource.images.skinicons.wide/resources/icons/patriot.png">ActivateWindow(10025,&quot;plugin://plugin.video.KodiVerse/?all_w=%7b%7d&amp;data=%20&amp;dates=%20&amp;description=New%20Releases&amp;eng_name=%20&amp;episode=%20&amp;fanart=http%3a%2f%2fdjaythemes.xyz%2fPatriot%2fPatriot%20icons%2ffanart.jpg&amp;fav_status=false&amp;heb_name=%20&amp;iconimage=http%3a%2f%2fdjaythemes.xyz%2fPatriot%2fPatriot%20icons%2fMovies%2ffreemovies.png&amp;id&amp;image_master&amp;isr=0&amp;last_id&amp;mode=189&amp;mypass&amp;name=%5bCOLOR%20crimson%5d%5bB%5dPatriot%20%5b%2fB%5d%5bCOLOR%20white%5d%5bB%5d%20New%20Free%20Linked%20%5b%2fB%5d%5bCOLOR%20dodgerblue%5d%5bB%5d%20Movies%5b%2fB%5d%5b%2fCOLOR%5d&amp;original_title=%20&amp;search_db&amp;season=%20&amp;show_original_year=%20&amp;tmdbid=%20&amp;url=http%3a%2f%2fdjaythemes.xyz%2fPatriot%2fjson%2fMovies%2ffree2021.json&amp;video_data=%7b%22title%22%3a%20%22%5bCOLOR%20crimson%5d%5bB%5dPatriot%20%5b%2fB%5d%5bCOLOR%20white%5d%5bB%5d%20New%20Free%20Linked%20%5b%2fB%5d%5bCOLOR%20dodgerblue%5d%5bB%5d%20Movies%5b%2fB%5d%5b%2fCOLOR%5d%22%2c%20%22mediatype%22%3a%20%22movie%22%2c%20%22TVshowtitle%22%3a%20%22%22%2c%20%22season%22%3a%200%2c%20%22episode%22%3a%200%2c%20%22OriginalTitle%22%3a%20%22%20%22%2c%20%22rating%22%3a%20%220%22%2c%20%22plot%22%3a%20%22New%20Releases%22%2c%20%22Tag%22%3a%20%22189%22%2c%20%22trailer%22%3a%20%22%22%2c%20%22id%22%3a%20%22%22%7d&amp;sf_options=fanart%3Dhttp%3A%2F%2Fdjaythemes.xyz%2FPatriot%2FPatriot+icons%2Ffanart.jpg%26meta%3Dlabel%253D%25255BCOLOR%252Bcrimson%25255D%25255BB%25255DPatriot%252B%25255B%25252FB%25255D%25255BCOLOR%252Bwhite%25255D%25255BB%25255D%252BNew%252BFree%252BLinked%252B%25255B%25252FB%25255D%25255BCOLOR%252Bdodgerblue%25255D%25255BB%25255D%252BMovies%25255B%25252FB%25255D%25255B%25252FCOLOR%25255D%26_options_sf&quot;,return)</favourite>
</favourites>