<favourites>
	<favourite name="Movies: Horror" thumb="special://home/addons\plugin.video.plutotv\resources\images\icon.png">ActivateWindow(10025,&quot;plugin://plugin.video.plutotv/vod/6137524c6290550007e2607d?sf_options=fanart%3Dspecial%3A%2F%2Fhome%2Faddons%5Cplugin.video.plutotv%5Cresources%5Cimages%5Cfanart.jpg%26meta%3Dvotes%253D0%2526title%253DMovies%25253A%252BHorror%2526label%253DMovies%25253A%252BHorror%26_options_sf&quot;,return)</favourite>
	<favourite name="Movies: Thriller" thumb="special://home/addons\plugin.video.plutotv\resources\images\icon.png">ActivateWindow(10025,&quot;plugin://plugin.video.plutotv/vod/5e4eaa52176dab00097079d7?sf_options=fanart%3Dspecial%3A%2F%2Fhome%2Faddons%5Cplugin.video.plutotv%5Cresources%5Cimages%5Cfanart.jpg%26meta%3Dvotes%253D0%2526title%253DMovies%25253A%252BThriller%2526label%253DMovies%25253A%252BThriller%26_options_sf&quot;,return)</favourite>
	<favourite name="Movies: Action" thumb="special://home/addons\plugin.video.plutotv\resources\images\icon.png">ActivateWindow(10025,&quot;plugin://plugin.video.plutotv/vod/5e4eaa1d44f80b00091e51a0?sf_options=fanart%3Dspecial%3A%2F%2Fhome%2Faddons%5Cplugin.video.plutotv%5Cresources%5Cimages%5Cfanart.jpg%26meta%3Dvotes%253D0%2526title%253DMovies%25253A%252BAction%2526label%253DMovies%25253A%252BAction%26_options_sf&quot;,return)</favourite>
	<favourite name="Movies: Classics" thumb="special://home/addons\plugin.video.plutotv\resources\images\icon.png">ActivateWindow(10025,&quot;plugin://plugin.video.plutotv/vod/62f4dfcaedb70a0007e50d46?sf_options=fanart%3Dspecial%3A%2F%2Fhome%2Faddons%5Cplugin.video.plutotv%5Cresources%5Cimages%5Cfanart.jpg%26meta%3Dvotes%253D0%2526title%253DMovies%25253A%252BClassics%2526label%253DMovies%25253A%252BClassics%26_options_sf&quot;,return)</favourite>
	<favourite name="Movies: Drama" thumb="special://home/addons\plugin.video.plutotv\resources\images\icon.png">ActivateWindow(10025,&quot;plugin://plugin.video.plutotv/vod/5ef87f1b8c4ce900075d5ad9?sf_options=fanart%3Dspecial%3A%2F%2Fhome%2Faddons%5Cplugin.video.plutotv%5Cresources%5Cimages%5Cfanart.jpg%26meta%3Dvotes%253D0%2526title%253DMovies%25253A%252BDrama%2526label%253DMovies%25253A%252BDrama%26_options_sf&quot;,return)</favourite>
	<favourite name="Movies: Comedy" thumb="special://home/addons\plugin.video.plutotv\resources\images\icon.png">ActivateWindow(10025,&quot;plugin://plugin.video.plutotv/vod/5ef87fe29af6550007434708?sf_options=fanart%3Dspecial%3A%2F%2Fhome%2Faddons%5Cplugin.video.plutotv%5Cresources%5Cimages%5Cfanart.jpg%26meta%3Dvotes%253D0%2526title%253DMovies%25253A%252BComedy%2526label%253DMovies%25253A%252BComedy%26_options_sf&quot;,return)</favourite>
	<favourite name="Movies: Romance" thumb="special://home/addons\plugin.video.plutotv\resources\images\icon.png">ActivateWindow(10025,&quot;plugin://plugin.video.plutotv/vod/5e296d1bb8269f0009097eba?sf_options=fanart%3Dspecial%3A%2F%2Fhome%2Faddons%5Cplugin.video.plutotv%5Cresources%5Cimages%5Cfanart.jpg%26meta%3Dvotes%253D0%2526title%253DMovies%25253A%252BRomance%2526label%253DMovies%25253A%252BRomance%26_options_sf&quot;,return)</favourite>
	<favourite name="B Movies" thumb="special://home/addons\plugin.video.plutotv\resources\images\icon.png">ActivateWindow(10025,&quot;plugin://plugin.video.plutotv/vod/608977252df1960007ed1f4c?sf_options=fanart%3Dspecial%3A%2F%2Fhome%2Faddons%5Cplugin.video.plutotv%5Cresources%5Cimages%5Cfanart.jpg%26meta%3Dvotes%253D0%2526title%253DB%252BMovies%2526label%253DB%252BMovies%26_options_sf&quot;,return)</favourite>
	<favourite name="New on Pluto TV" thumb="special://home/addons\plugin.video.plutotv\resources\images\icon.png">ActivateWindow(10025,&quot;plugin://plugin.video.plutotv/vod/5bc7591f62ba3220efe57cef?sf_options=fanart%3Dspecial%3A%2F%2Fhome%2Faddons%5Cplugin.video.plutotv%5Cresources%5Cimages%5Cfanart.jpg%26meta%3Dvotes%253D0%2526title%253DNew%252Bon%252BPluto%252BTV%2526label%253DNew%252Bon%252BPluto%252BTV%26_options_sf&quot;,return)</favourite>
	<favourite name="Featured" thumb="special://home/addons\plugin.video.plutotv\resources\images\icon.png">ActivateWindow(10025,&quot;plugin://plugin.video.plutotv/vod/61fb93d9e250db000785a163?sf_options=fanart%3Dspecial%3A%2F%2Fhome%2Faddons%5Cplugin.video.plutotv%5Cresources%5Cimages%5Cfanart.jpg%26meta%3Dvotes%253D0%2526title%253DFeatured%2526label%253DFeatured%26_options_sf&quot;,return)</favourite>
	<favourite name="Categories" thumb="special://home/addons\plugin.video.plutotv\resources\images\icon.png">ActivateWindow(10025,&quot;plugin://plugin.video.plutotv/categories?sf_options=fanart%3Dspecial%3A%2F%2Fhome%2Faddons%5Cplugin.video.plutotv%5Cresources%5Cimages%5Cfanart.jpg%26meta%3Dvotes%253D0%2526title%253DCategories%2526label%253DCategories%26_options_sf&quot;,return)</favourite>
</favourites>