<favourites>
    <favourite name="Live_Now" >RunScript("special://home/addons/plugin.program.autowidget/folders/py/SearchTk/SearchAll.py")</favourite>
    <favourite name="Ambient" >RunScript("special://home/addons/plugin.program.autowidget/folders/py/Ambient.py")</favourite>
    <favourite name="ShortCut" >RunScript("special://home/addons/plugin.program.autowidget/folders/py/ShortCut.py")</favourite>
    <favourite name="Spchannels" >RunScript("special://home/addons/plugin.program.autowidget/folders/py/Spchannels.py")</favourite>
    <favourite name="Live_Now" >RunScript("special://home/addons/plugin.program.autowidget/folders/py/Live_Now.py")</favourite>
</favourites>