<favourites>
	<favourite name="Real Debrid (ResolveURL)" thumb="special://home/addons/resource.images.skinicons.wide/resources/icons/150x150/realdebridlogo.png">ExecuteBuiltin(&quot;RunPlugin(plugin://script.module.resolveurl/?mode=auth_rd)&amp;sf_options=fanart%3Dspecial%3A%2F%2Fhome%2Faddons%2Fresource.images.skinicons.wide%2Fresources%2Flogin.gif%26_options_sf&quot;)</favourite>
	<favourite name="All Debrid (ResolveURL)" thumb="special://home/addons/resource.images.skinicons.wide/resources/icons/alldebrid.png">ExecuteBuiltin(&quot;RunPlugin(plugin://script.module.resolveurl/?mode=auth_ad)&amp;sf_options=fanart%3Dspecial%3A%2F%2Fhome%2Faddons%2Fresource.images.skinicons.wide%2Fresources%2Flogin.gif%26_options_sf&quot;)</favourite>
	<favourite name="Premiumize (ResolveURL)" thumb="special://home/addons/resource.images.skinicons.wide/resources/icons/premiumize.png">ExecuteBuiltin(&quot;RunPlugin(plugin://script.module.resolveurl/?mode=auth_pm)&amp;sf_options=fanart%3Dspecial%3A%2F%2Fhome%2Faddons%2Fresource.images.skinicons.wide%2Fresources%2Flogin.gif%26_options_sf&quot;)</favourite>
	<favourite name="LinkSnappy (ResolveURL)" thumb="special://home/addons/resource.images.skinicons.wide/resources/icons/linksnappy.jpg">ExecuteBuiltin(&quot;RunPlugin(plugin://script.module.resolveurl/?mode=auth_ls)&amp;sf_options=fanart%3Dspecial%3A%2F%2Fhome%2Faddons%2Fresource.images.skinicons.wide%2Fresources%2Flogin.gif%26_options_sf&quot;)</favourite>
	<favourite name="ResolveURL Settings" thumb="special://home/addons/resource.images.skinicons.wide/resources/icons/advanced.png">ExecuteBuiltin(&quot;Addon.Opensettings(script.module.resolveurl)?sf_options=fanart%3Dspecial%3A%2F%2Fhome%2Faddons%2Fresource.images.skinicons.wide%2Fresources%2Flogin.gif%26_options_sf&quot;)</favourite>
</favourites>