<?xml version="1.0" encoding="UTF-8"?>
<addon
  id="plugin.video.vilhaoxxx"
  version="1.0dl"
  name="[COLOR pink]DARKLEGION XXX[/COLOR]"
  provider-name="DLP-Adult">
  <requires>
    <!-- Commenting xbmc.python allows install on all versions of Kodi -->
    <!-- <import addon="xbmc.python" version="2.14.0"/> -->
    <import addon="script.module.six"/>
    <import addon="script.module.kodi-six"/>
  </requires>
  <extension 
    point="xbmc.python.pluginsource"
    library="darklegion.py">
    <provides>video</provides>
  </extension>
  <extension point="xbmc.addon.metadata">
     <summary lang="en_GB">[COLOR red]Riproduci video da diversi siti di streaming per adulti[/COLOR]</summary>
    <description lang="en_GB">[COLOR red]Questo Add_on riproduce video da siti di streaming per adulti. Contiene materiale esplicito per adulti. Puoi visualizzare questo Add_on solo se hai almeno 18 anni di età o maggiorenne nella giurisdizione in cui risiedi o da cui accedi a questo contenuto. Se non si soddisfano questi requisiti, non sarà consentito utilizzare questo Add_on.[/COLOR]</description>
    <disclaimer lang="en_GB">[COLOR red]D[/COLOR] [COLOR blue]A[/COLOR][COLOR yellow]R[/COLOR][COLOR blue]K[/COLOR][COLOR yellow]L[/COLOR][COLOR blue]E[/COLOR][COLOR yellow]G[/COLOR] [COLOR lime]I[/COLOR] [COLOR cyan]O[/COLOR] [COLOR blue]N[/COLOR][COLOR red]non ospita né distribuisce alcun contenuto visualizzato da questo Add_on. D[/COLOR] [COLOR blue]A[/COLOR][COLOR yellow]R[/COLOR][COLOR blue]K[/COLOR][COLOR yellow]L[/COLOR][COLOR blue]E[/COLOR][COLOR yellow]G[/COLOR] [COLOR cyan]I[/COLOR][COLOR blue]O[/COLOR][COLOR lime]N[/COLOR] [COLOR red]non ha alcuna affiliazione con il fornitore di contenuti.[/COLOR]</disclaimer>
    <platform>all</platform>
    <assets>
      <icon>icon.gif</icon>
	  <fanart>fanart.jpg</fanart>
    </assets>
  </extension>
</addon>
