<?xml version="1.0" encoding="UTF-8" standalone="yes" ?>
<addon id="plugin.video.thang.json18" name="18+JSON" version="1.0.0" provider-name="thangmath">
    <requires>
        <import addon="xbmc.python" version="3.0.1"/>
		<import addon="script.module.requests"/>
		<import addon="inputstream.adaptive" version="20.0.0"/>
    </requires>
    <extension point="xbmc.python.pluginsource" library="addon.py">
        <provides>video</provides>
    </extension>
    <extension point="xbmc.addon.metadata">
        <summary lang="vi">Nguyễn Đức Thăng</summary>
        <description lang="vi">0374201353</description>
		<language>vi</language>
        <platform>all</platform>
        <license>109004940284 Vietinbank</license>
        <assets>
            <icon>icon.png</icon>
            <fanart>icon.png</fanart>
        </assets>
    </extension>
</addon>