<?xml version="1.0" encoding="UTF-8"?>
<window>
	<defaultcontrol>1000</defaultcontrol>
	<coordinates>
		<left>0</left>
		<top>0</top>
	</coordinates>
	<controls>
		<control type="image" id="999">
			<description>background image</description>
			<left>0</left>
			<top>10</top>
			<width>410</width>
			<height>1050</height>
			<texture border="20">dialogcontextmenu2.png</texture>
		</control>
		<control type="grouplist" id="996">
			<description>grouplist for context buttons</description>
			<left>5</left>
			<top>20</top>
			<width>430</width>
			<height max="1010">auto</height>
			<include condition="Window.IsActive(programs) + !String.IsEmpty(Window(Home).Property(Progams.Games))">AdvancedLauncherTrailerButton</include>
        <control type="grouplist" id="1611">
            <depth>DepthFooter</depth>
            <include>Window_OpenClose_Animation</include>
            <left>30</left>
            <top>85r</top>
            <onleft></onleft>
					<onright>1612</onright>
            <onup >1000</onup>
            <ondown>1630</ondown>
            <align>center</align>
            <orientation>horizontal</orientation>
            <itemgap>15</itemgap>
            <control type="radiobutton" id="22">
                <description>Power push button</description>
                <textureradioonfocus>icon_power.png</textureradioonfocus>
                <textureradioonnofocus>icon_power.png</textureradioonnofocus>
                <textureradioofffocus>icon_power.png</textureradioofffocus>
                <textureradiooffnofocus>icon_power.png</textureradiooffnofocus>
                <texturefocus border="5" colordiffuse="$VAR[MainColorOne]">folder-focus.png</texturefocus>
                <texturenofocus border="5">floor_button.png</texturenofocus>
                <width>68</width>
                <height>68</height>
                <radiowidth>52</radiowidth>
                <radioheight>52</radioheight>
                <radioposx>8</radioposx>
                <radioposy>8</radioposy>
                <label>31003</label>
                <font></font>
            <onfocus></onfocus>
            <onup >2222</onup>
            <ondown>1630</ondown>
                <onclick>$VAR[HomePowerBtnCommand]</onclick>
                <include condition="!String.IsEmpty(Skin.String(HomeTrans))">HomeTransparentEffect</include>
                <visible>!Skin.HasSetting(HideHomePowerBtn)</visible>
            </control>
            <control type="radiobutton" id="23">
                <description>Favourites push button</description>
                <textureradioonfocus>icon_favourites.png</textureradioonfocus>
                <textureradioonnofocus>icon_favourites.png</textureradioonnofocus>
                <textureradioofffocus>icon_favourites.png</textureradioofffocus>
                <textureradiooffnofocus>icon_favourites.png</textureradiooffnofocus>
                <texturefocus border="5" colordiffuse="$VAR[MainColorOne]">folder-focus.png</texturefocus>
                <texturenofocus border="5">floor_button.png</texturenofocus>
                <width>68</width>
                <height>68</height>
                <radiowidth>65</radiowidth>
                <radioheight>65</radioheight>
                <radioposx>1</radioposx>
                <radioposy>1</radioposy>
                <label>1036</label>
                <font></font>
            <onup >2222</onup>
            <ondown>1630</ondown>
					<onclick condition="!Skin.HasSetting(HideFavorites)">ActivateWindow(Favouritesbrowser)</onclick>
                <include condition="!String.IsEmpty(Skin.String(HomeTrans))">HomeTransparentEffect</include>
                <visible>!Skin.HasSetting(HideFavorites)</visible>
            </control>
            <control type="radiobutton" id="24">
                <description>My Select</description>
                <textureradioonfocus>autowidget.png</textureradioonfocus>
                <textureradioonnofocus>autowidget.png</textureradioonnofocus>
                <textureradioofffocus>autowidget.png</textureradioofffocus>
                <textureradiooffnofocus>autowidget.png</textureradiooffnofocus>
                <texturefocus border="5" colordiffuse="$VAR[MainColorOne]">folder-focus.png</texturefocus>
                <texturenofocus border="5">floor_button.png</texturenofocus>
                <width>68</width>
                <height>68</height>
                <radiowidth>52</radiowidth>
                <radioheight>52</radioheight>
                <radioposx>8</radioposx>
                <radioposy>8</radioposy>
                <label></label>
                <font></font>
            <onup >2222</onup>
            <ondown>1630</ondown>
                <onclick>RunScript("special://home/addons/skin.19MatrixWorld/xml/MyGroups.py")</onclick>
                <include condition="!String.IsEmpty(Skin.String(HomeTrans))">HomeTransparentEffect</include>
                <visible></visible>
            </control>
			<control type="radiobutton" id="25">
                <description>video files</description>
                <textureradioonfocus>defaultharddisk.png</textureradioonfocus>
                <textureradioonnofocus>defaultharddisk.png</textureradioonnofocus>
                <textureradioofffocus>defaultharddisk.png</textureradioofffocus>
                <textureradiooffnofocus>defaultharddisk.png</textureradiooffnofocus>
                <texturefocus border="5" colordiffuse="$VAR[MainColorOne]">folder-focus.png</texturefocus>
                <texturenofocus border="5">floor_button.png</texturenofocus>
                <width>68</width>
                <height>68</height>
                <radiowidth>52</radiowidth>
                <radioheight>52</radioheight>
                <radioposx>8</radioposx>
                <radioposy>8</radioposy>
                <label></label>
                <font></font>
            <onup >2222</onup>
            <ondown>1630</ondown>
                <onclick>ActivateWindow(Videos,library://video)</onclick>
                <include condition="!String.IsEmpty(Skin.String(HomeTrans))">HomeTransparentEffect</include>
                <visible>!Skin.HasSetting(wizardpushBtn)</visible>
            </control>
			<control type="radiobutton" id="26">
                <description>Shortcut</description>
                <textureradioonfocus>gofullscreen.png</textureradioonfocus>
                <textureradioonnofocus>gofullscreen.png</textureradioonnofocus>
                <textureradioofffocus>gofullscreen.png</textureradioofffocus>
tvremote.png                tvremote.png<textureradiooffnofocus>gofullscreen.png</textureradiooffnofocus>
                <texturefocus border="5" colordiffuse="$VAR[MainColorOne]">folder-focus.png</texturefocus>
                <texturenofocus border="5">floor_button.png</texturenofocus>
                <width>68</width>
                <height>68</height>
                <radiowidth>52</radiowidth>
                <radioheight>52</radioheight>
                <radioposx>8</radioposx>
                <radioposy>8</radioposy>
            <onup >2222</onup>
            <ondown>1630</ondown>
					<onright>1612</onright>
                <label></label>
                <font></font>
                <onclick>RunScript("special://home/addons/plugin.program.myselect/folders/py/ShortCut.py")</onclick>
                <include condition="!String.IsEmpty(Skin.String(HomeTrans))">HomeTransparentEffect</include>
                <visible>!Skin.HasSetting(wizardpushBtn)</visible>
            </control>
        </control>
				<control type="button" id="1630">
					<left></left>
					<top></top>
					<width>400</width>
					<height>60</height>
					<font>Roboto-Regular.ttf</font>
					<align>center</align>
					<textcolor>orange</textcolor>
					<focusedcolor>white</focusedcolor>
					<label>[COLOR blue]HOME[/COLOR]</label>
					<onclick>Dialog.Close(all,true)</onclick>
					<onclick>ActivateWindow(Home)</onclick>
				</control>
				<control type="button///0ff" id="1611">
					<left></left>
					<top></top>
					<width>400</width>
					<height>60</height>
					<font>Roboto-Regular.ttf</font>
					<align>center</align>
					<textcolor>red</textcolor>
					<focusedcolor>red</focusedcolor>
            <onleft>activatewindow(shutdownmenu)</onleft>
					<onright>1612</onright>
					<label>[B]Power[/B]</label>
            <animation effect="fade" time="300" start="0" end="0">Focus///0ff</animation>
            <onfocus></onfocus>
<onclick>ActivateWindow(shutdownmenu)</onclick>					
					<!--<visible>System.HasAddon(plugin.program.G.K.N.Wizard)</visible>-->
					<!--<visible>System.HasAddon(plugin.program.G.K.N.Wizard)</visible>-->
				</control>
				<control type="button///0ff" id="1631">
					<left></left>
					<top></top>
					<width>400</width>
					<height>60</height>
					<font>Roboto-Regular.ttf</font>
					<align>center</align>
					<textcolor>grey2</textcolor>
					<focusedcolor>white</focusedcolor>
					<label>[B][COLOR gold]Πρόσθετα βίντεο[/COLOR][/B]</label>
					<onclick>RunScript("special://home/addons/skin.19MatrixWorld/xml/VideoAddos.py")</onclick>
				</control>
				<control type="button///0ff" id="1632">
					<left></left>
					<top></top>
					<width>400</width>
					<height>60</height>
					<onright>1615</onright>
					<font>Roboto-Regular.ttf</font>
					<align>center</align>
					<textcolor>grey2</textcolor>
					<focusedcolor>white</focusedcolor>
					<label>[COLOR limegreen]Search for Subs[/COLOR] </label>
					<onclick>ActivateWindow(subtitlesearch)</onclick>
					<visible>!String.IsEmpty(ListItem.Title) + !String.IsEmpty(ListItem.Year) + !ListItem.IsFolder</visible>
				</control>
				<control type="button" id="1633">
					<left></left>
					<top></top>
					<width>400</width>
					<height>60</height>
					<font>Roboto-Regular.ttf</font>
					<align>center</align>
					<textcolor>grey2</textcolor>
					<focusedcolor>white</focusedcolor>
					<label>Addon Settings</label>
					<onclick>Addon.OpenSettings($INFO[Container.PluginName])</onclick>
					<visible>!String.IsEmpty(Container.PluginName)</visible>
				</control>
				<control type="button///0ff" id="1634">
					<left></left>
					<top></top>
					<width>400</width>
					<height>60</height>
					<font>Roboto-Regular.ttf</font>
					<align>center</align>
					<textcolor>green</textcolor>
					<focusedcolor>green</focusedcolor>
					<label>[B]My Select[/B]</label>
					<onclick>RunScript("special://home/addons/skin.19MatrixWorld/xml/MyGroups.py")</onclick>
				</control>
				<control type="button///0ff" id="1635">
					<left></left>
					<top></top>
					 <label>ΑΓΑΠΗΜΕΝΑ</label>
					<width>400</width>
					<height>60</height>
					<font>font14</font>
					<align>center</align>
					<textcolor>orange</textcolor>
					<focusedcolor>orange</focusedcolor>
					<onclick condition="!Skin.HasSetting(OldFavouritesWindow)">ActivateWindow(Favouritesbrowser)</onclick>
					<onclick condition="Skin.HasSetting(OldFavouritesWindow)">ActivateWindow(Favourites)</onclick>
				</control>
				<control type="button///0ff" id="1636">
					<left></left>
					<top></top>
					<width>400</width>
					<height>60</height>
					<font>Roboto-Regular.ttf</font>
					<align>center</align>
					<textcolor>coral</textcolor>
					<focusedcolor>coral</focusedcolor>
					<label>Shortlist</label>
					<onclick>RunScript("special://home/addons/skin.19MatrixWorld/xml/Shortlist.py")</onclick>
				</control>
				<control type="button///0ff" id="1637">
					<left></left>
					<top></top>
					<width>400</width>
					<height>60</height>
					<font>Roboto-Regular.ttf</font>
					<align>center</align>
					<textcolor>darkkhaki</textcolor>
					<focusedcolor>gold</focusedcolor>
					<label>[B]Shortcut![/B]</label>
					<onclick>RunScript("special://home/addons/plugin.program.myselect/folders/py/ShortCut.py")</onclick>
				</control>
				<control type="button" id="1638">
					<left></left>
					<top></top>
					<width>400</width>
					<height>60</height>
					<font>Roboto-Regular.ttf</font>
					<align>center</align>
					<textcolor>grey2</textcolor>
					<focusedcolor>white</focusedcolor>
					<label>[COLOR darkcyan]Είδατε Πρόσφατα[/COLOR]</label>
					<onclick>RunScript("special://home/addons/skin.19MatrixWorld/xml/LastPlayed.py")</onclick>
				</control>
				<control type="button" id="1639">
					<left></left>
					<top></top>
					<width>400</width>
					<height>60</height>
					<font>Roboto-Regular.ttf</font>
					<align>center</align>
					<textcolor>grey2</textcolor>
					<focusedcolor>white</focusedcolor>
				<visible>System.Platform.Android</visible>
					<label>[B][COLOR white] Android/Apps [/COLOR][/B]</label>
					<onclick>ActivateWindow(Programs,Androidapp://Sources/Apps,return)</onclick>
				</control>
		<control type="button" id="1000">
			<description>button template</description>
			<left></left>
			<top></top>
			<width>400</width>
			<height>57</height>
			<font>font215</font>
			<align>center</align>
			<textcolor>grey2</textcolor>
			<focusedcolor>white</focusedcolor>
		</control>
				<control type="button" id="3001">
					<description>Watch it Later</description>
					<left></left>
					<top></top>
					<width>400</width>
					<height>60</height>
					<font>Roboto-Regular.ttf</font>
					<align>center</align>
					<textcolor>grey2</textcolor>
					<focusedcolor>white</focusedcolor>
					<label>$LOCALIZE[31215]</label>
					<onclick>RunPlugin(plugin://script.simpleplaylists/?mode=addCurrentUrl)</onclick>
					<visible>!Skin.HasSetting(DisableWatchItLater) + [Container.Content(Episodes) | Container.Content(Movies) | Container.Content(Songs)]</visible>
				</control>
				<control type="button" id="3003">
					<description>Library Editor</description>
					<left></left>
					<top></top>
					<width>400</width>
					<height>60</height>
					<font>Roboto-Regular.ttf</font>
					<align>center</align>
					<textcolor>grey2</textcolor>
					<focusedcolor>white</focusedcolor>
					<include>NormalButton1</include>
					<label>$LOCALIZE[21450] [LOWERCASE]$LOCALIZE[15101][/LOWERCASE]</label>
					<onclick>RunScript(script.libraryeditor,DBID=$INFO[ListItem.DBID])</onclick>
					<visible>System.HasAddon(script.libraryeditor) + !String.IsEmpty(ListItem.DBID) + !Container.Content(Seasons)</visible>
				</control>
        <control type="grouplist" id="1610">
            <depth>YouTube Api Key-Derbid</depth>
            <include>Window_OpenClose_Animation</include>
            <left>30</left>
            <top>85r</top>
            <onleft></onleft>
					<onright></onright>
            <onup >1000</onup>
            <ondown>22</ondown>
            <align>center</align>
            <orientation>horizontal</orientation>
            <itemgap>15</itemgap>
            <control type="radiobutton" id="2222">
                <description>YouTube Api Key</description>
                <textureradioonfocus>special://home/addons/plugin.program.downloader19/resources/media/youtube.png</textureradioonfocus>
                <textureradioonnofocus>special://home/addons/plugin.program.downloader19/resources/media/youtube.png</textureradioonnofocus>
                <textureradioofffocus>special://home/addons/plugin.program.downloader19/resources/media/youtube.png</textureradioofffocus>
                <textureradiooffnofocus>special://home/addons/plugin.program.downloader19/resources/media/youtube.png</textureradiooffnofocus>
                <texturefocus border="5" colordiffuse="$VAR[MainColorOne]">folder-focus.png</texturefocus>
                <texturenofocus border="5">floor_button.png</texturenofocus>
                <width>68</width>
                <height>68</height>
                <radiowidth>64</radiowidth>
                <radioheight>64</radioheight>
                <radioposx>2</radioposx>
                <radioposy>3</radioposy>
                <label>31003</label>
                <font></font>
            <onfocus></onfocus>
            <onup >1000</onup>
            <ondown>22</ondown>
                <onclick>ActivateWindow(10001,"plugin://plugin.program.downloader19/?description&amp;fanart=special://home/addons%5cplugin.program.downloader19%5cfanart.jpg&amp;icon=special%3a%2f%2fhome%2faddons%2fplugin.program.downloader19%2fresources%2fmedia%2fyoutube.png&amp;mode=1&amp;name=YouTube%20Api%20Key&amp;name2&amp;url&amp;version")</onclick>
                <include condition="!String.IsEmpty(Skin.String(HomeTrans))">HomeTransparentEffect</include>
                <visible>!Skin.HasSetting(HideHomePowerBtn)</visible>
            </control>
            <control type="radiobutton" id="2223">
                <description>Εξουσιοδότηση/Επαναφορά Derbid</description>
                <textureradioonfocus>special://home/addons/plugin.program.downloader19/resources/media/realdebrid.png</textureradioonfocus>
                <textureradioonnofocus>special://home/addons/plugin.program.downloader19/resources/media/realdebrid.png</textureradioonnofocus>
                <textureradioofffocus>special://home/addons/plugin.program.downloader19/resources/media/realdebrid.png</textureradioofffocus>
                <textureradiooffnofocus>special://home/addons/plugin.program.downloader19/resources/media/realdebrid.png</textureradiooffnofocus>
                <texturefocus border="5" colordiffuse="$VAR[MainColorOne]">folder-focus.png</texturefocus>
                <texturenofocus border="5">floor_button.png</texturenofocus>
                <width>68</width>
                <height>68</height>
                <radiowidth>64</radiowidth>
                <radioheight>64</radioheight>
                <radioposx>2</radioposx>
                <radioposy>3</radioposy>
                <label>31003</label>
                <font></font>
            <onfocus></onfocus>
            <onup >1000</onup>
            <ondown>22</ondown>
                <onclick>PlayMedia("plugin://plugin.program.downloader19/?url=&amp;mode=24&amp;name=%CE%95%CE%BE%CE%BF%CF%85%CF%83%CE%B9%CE%BF%CE%B4%CF%8C%CF%84%CE%B7%CF%83%CE%B7%2F%CE%95%CF%80%CE%B1%CE%BD%CE%B1%CF%86%CE%BF%CF%81%CE%AC+Derbid&amp;icon=special%3A%2F%2Fhome%2Faddons%2Fplugin.program.downloader19%2Fresources%2Fmedia%2Frealdebrid.png&amp;fanart=C%3A%5CPortableApps%5Ckodi%5Ckodi+World+20%5CKodi%5Cportable_data%5Caddons%5Cplugin.program.downloader19%5Cfanart.jpg&amp;description=&amp;name2=&amp;version=")</onclick>
                <include condition="!String.IsEmpty(Skin.String(HomeTrans))">HomeTransparentEffect</include>
                <visible>!Skin.HasSetting(HideHomePowerBtn)</visible>
            </control>
        </control>
		</control>
			<control type="image///0ff" id="995">
				<description>arrow image</description>
				<top>35</top>
				<left>400</left>
				<width>30</width>
				<height>20</height>
				<texture>arrow-big-right.png</texture>
				<visible>Control.HasFocus(1611)</visible>
			</control>
			<control type="image///0ff" id="1995">
				<description>arrow image</description>
				<top>35</top>
				<left>30</left>
				<width>30</width>
				<height>20</height>
				<texture>arrow-big-left.png</texture>
				<visible>Control.HasFocus(1611)</visible>
				<visible>!activatewindow(shutdownmenu)</visible>
			</control>
			<control type="image" id="801">
				<description>background image</description>
				<top>10</top>
				<left>408</left>
				<width>455</width>
				<height>70</height>
				<texture border="20">dialogcontextmenu-ULR.png</texture>
				<visible>Control.HasFocus(26) | Control.HasFocus(1612) | Control.HasFocus(1613) | Control.HasFocus(1614) | Control.HasFocus(1615) | Control.HasFocus(1616) | Control.HasFocus(1617) | Control.HasFocus(1618)</visible>
			</control>
		<control type="grouplist" id="802">
			<description>grouplist for context buttons</description>
			<left>410</left>
			<top>10</top>
			<width>480</width>
			<height >70</height>
					<onright>22</onright>
			<onleft>1611</onleft>
            <onup>1617</onup>
            <ondown>1613</ondown>
				<visible>Control.HasFocus(26) | Control.HasFocus(1612) | Control.HasFocus(1613) | Control.HasFocus(1614) | Control.HasFocus(1615) | Control.HasFocus(1616) | Control.HasFocus(1617) | Control.HasFocus(1618)</visible>
				<control type="button" id="1612">
					<left></left>
					<top></top>
					<width>450</width>
					<height>70</height>
					<font>Roboto-Regular.ttf</font>
					<align>center</align>
					<textcolor>white</textcolor>
					<focusedcolor>white</focusedcolor>
					<label>Setings[COLOR blue]KODI[/COLOR]</label>
					<onclick>RunScript("special://home/addons/skin.19MatrixWorld/xml/SetingsKodi.py")</onclick>
					<!--<visible>System.HasAddon(plugin.program.G.K.N.Wizard)</visible>-->
				</control>
		</control>
			<control type="image" id="803">
				<description>background image</description>
				<top>80</top>
				<left>408</left>
				<width>455</width>
				<height>70</height>
				<texture border="20">dialogcontextmenu-LR.png</texture>
				<visible>Control.HasFocus(26) | Control.HasFocus(1612) | Control.HasFocus(1613) | Control.HasFocus(1614) | Control.HasFocus(1615) | Control.HasFocus(1616) | Control.HasFocus(1617) | Control.HasFocus(1618)</visible>
			</control>
		<control type="grouplist" id="804">
			<description>grouplist for context buttons</description>
			<left>412</left>
			<top>80</top>
			<width>480</width>
			<height >70</height>
			<onleft>26</onleft>
            <onup>1612</onup>
            <ondown>1614</ondown>
				<visible>Control.HasFocus(26) | Control.HasFocus(1612) | Control.HasFocus(1613) | Control.HasFocus(1614) | Control.HasFocus(1615) | Control.HasFocus(1616) | Control.HasFocus(1617) | Control.HasFocus(1618)</visible>
				<control type="button" id="1613">
					<left></left>
					<top></top>
					<width>450</width>
					<height>70</height>
					<font>Roboto-Regular.ttf</font>
					<align>center</align>
					<textcolor>white</textcolor>
					<focusedcolor>white</focusedcolor>
					<label>[COLOR goldenrod]Clear Cache/Providers[/COLOR] </label>
					<onclick>RunPlugin("plugin://plugin.program.G.K.N.Wizard/?mode=clearcache")</onclick>
					<!--<visible>System.HasAddon(plugin.program.G.K.N.Wizard)</visible>-->
				</control>
		</control>
			<control type="image" id="805">
				<description>background image</description>
				<top>150</top>
				<left>408</left>
				<width>455</width>
				<height>70</height>
				<texture border="20">dialogcontextmenu-LR.png</texture>
				<visible>Control.HasFocus(26) | Control.HasFocus(1612) | Control.HasFocus(1613) | Control.HasFocus(1614) | Control.HasFocus(1615) | Control.HasFocus(1616) | Control.HasFocus(1617) | Control.HasFocus(1618)</visible>
			</control>
		<control type="grouplist" id="806">
			<description>grouplist for context buttons</description>
			<left>412</left>
			<top>150</top>
			<width>480</width>
			<height >70</height>
			<onleft>26</onleft>
			<onup>1613</onup>
			<ondown>1615</ondown>
				<visible>Control.HasFocus(26) | Control.HasFocus(1612) | Control.HasFocus(1613) | Control.HasFocus(1614) | Control.HasFocus(1615) | Control.HasFocus(1616) | Control.HasFocus(1617) | Control.HasFocus(1618)</visible>
				<control type="button" id="1614">
					<left></left>
					<top></top>
					<width>450</width>
					<height>70</height>
					<font>Roboto-Regular.ttf</font>
					<align>center</align>
					<textcolor>white</textcolor>
					<focusedcolor>white</focusedcolor>
					<label>[B][COLOR orange]Pairwith[/COLOR][/B] [B][COLOR grey]Sites[/COLOR][/B]</label>
					<onclick>RunScript("special://home/addons/plugin.program.downloaderstartup/PY/skin/Sites.py")</onclick>
					<visible>System.HasAddon(script.sites)</visible>
					<visible>!System.HasAddon(service.coreelec.settings) + !System.HasAddon(service.libreelec.settings)</visible>
					<!--<visible>System.HasAddon(plugin.program.G.K.N.Wizard)</visible>-->
				</control>
		</control>
			<control type="image" id="807">
				<description>background image</description>
				<top>220</top>
				<left>408</left>
				<width>455</width>
				<height>70</height>
				<texture border="20">dialogcontextmenu-LR.png</texture>
				<visible>Control.HasFocus(26) | Control.HasFocus(1612) | Control.HasFocus(1613) | Control.HasFocus(1614) | Control.HasFocus(1615) | Control.HasFocus(1616) | Control.HasFocus(1617) | Control.HasFocus(1618)</visible>
			</control>
		<control type="grouplist" id="808">
			<description>grouplist for context buttons</description>
			<left>412</left>
			<top>220</top>
			<width>480</width>
			<height >70</height>
			<onleft>26</onleft>
			<onup>1614</onup>
			<ondown>1616</ondown>
				<visible>Control.HasFocus(26) | Control.HasFocus(1612) | Control.HasFocus(1613) | Control.HasFocus(1614) | Control.HasFocus(1615) | Control.HasFocus(1616) | Control.HasFocus(1617) | Control.HasFocus(1618)</visible>
				<control type="button" id="1615">
					<left></left>
					<top></top>
					<width>450</width>
					<height>70</height>
					<font>Roboto-Regular.ttf</font>
					<align>center</align>
					<textcolor>white</textcolor>
					<focusedcolor>white</focusedcolor>
					<label>Αναζήτηση για υπότιτλους</label>
					<onclick>RunScript("special://home/addons/plugin.program.downloaderstartup/PY/Tools/SearchSubs.py")</onclick>
					<!--<visible>System.HasAddon(plugin.program.G.K.N.Wizard)</visible>-->
				</control>
		</control>
		<control type="grouplist" id="809">
			<description>grouplist for context buttons</description>
			<left>412</left>
			<top>220</top>
			<width>480</width>
			<height >70</height>
			<onleft>26</onleft>
			<onup>1614</onup>
			<ondown>1616</ondown>
				<visible>Control.HasFocus(26) | Control.HasFocus(1612) | Control.HasFocus(1613) | Control.HasFocus(1614) | Control.HasFocus(1615) | Control.HasFocus(1616) | Control.HasFocus(1617) | Control.HasFocus(1618)</visible>
				<control type="button" id="1615">
					<left></left>
					<top></top>
					<width>450</width>
					<height>70</height>
					<font>Roboto-Regular.ttf</font>
					<align>center</align>
					<textcolor>white</textcolor>
					<focusedcolor>white</focusedcolor>
					<label>Αναζήτηση για υπότιτλους</label>
					<onclick>RunScript("special://home/addons/plugin.program.downloaderstartup/PY/Tools/SearchSubs.py")</onclick>
					<!--<visible>System.HasAddon(plugin.program.G.K.N.Wizard)</visible>-->
				</control>
		</control>
			<control type="image" id="810">
				<description>background image</description>
				<top>290</top>
				<left>408</left>
				<width>455</width>
				<height>70</height>
				<texture border="20">dialogcontextmenu-LR.png</texture>
				<visible>Control.HasFocus(26) | Control.HasFocus(1612) | Control.HasFocus(1613) | Control.HasFocus(1614) | Control.HasFocus(1615) | Control.HasFocus(1616) | Control.HasFocus(1617) | Control.HasFocus(1618)</visible>
			</control>
		<control type="grouplist" id="811">
			<description>grouplist for context buttons</description>
			<left>412</left>
			<top>290</top>
			<width>480</width>
			<height >70</height>
			<onleft>26</onleft>
            <onup>1615</onup>
            <ondown>1617</ondown>
				<visible>Control.HasFocus(26) | Control.HasFocus(1612) | Control.HasFocus(1613) | Control.HasFocus(1614) | Control.HasFocus(1615) | Control.HasFocus(1616) | Control.HasFocus(1617) | Control.HasFocus(1618)</visible>
				<control type="button" id="1616">
					<left></left>
					<top></top>
					<width>450</width>
					<height>70</height>
					<font>Roboto-Regular.ttf</font>
					<align>center</align>
					<textcolor>white</textcolor>
					<focusedcolor>white</focusedcolor>
					<label>TakeScreenshot</label>
<onclick>Notification("Προσοχή!","TakeScreenshot",5000,TakeScreenshot/TakeScreenshot.png)</onclick>				
					<onclick>TakeScreenshot</onclick>
					<!--<visible>System.HasAddon(plugin.program.G.K.N.Wizard)</visible>-->
				</control>
		</control>
			<control type="image" id="812">
				<description>background image</description>
				<top>360</top>
				<left>408</left>
				<width>455</width>
				<height>70</height>
				<texture border="20">dialogcontextmenu-DLR.png</texture>
				<visible>Control.HasFocus(26) | Control.HasFocus(1612) | Control.HasFocus(1613) | Control.HasFocus(1614) | Control.HasFocus(1615) | Control.HasFocus(1616) | Control.HasFocus(1617) | Control.HasFocus(1618)</visible>
			</control>
<control type="grouplist" id="813">
			<description>grouplist for context buttons</description>
			<left>412</left>
			<top>360</top>
			<width>480</width>
			<height >70</height>
			<onleft>26</onleft>
			 <onup>1616</onup>
			<ondown>1612</ondown>
				<visible>Control.HasFocus(26) | Control.HasFocus(1612) | Control.HasFocus(1613) | Control.HasFocus(1614) | Control.HasFocus(1615) | Control.HasFocus(1616) | Control.HasFocus(1617) | Control.HasFocus(1618)</visible>
<control type="button" id="1617">
					<left></left>
					<top></top>
					<width>450</width>
					<height>70</height>
					<font>Roboto-Regular.ttf</font>
					<align>center</align>
					<textcolor>white</textcolor>
					<focusedcolor>white</focusedcolor>
					<label>[B]Περιηγητής[/B]</label>
<onclick>RunScript("special://home/addons/skin.19MatrixWorld/xml/AddonBrowser.py")</onclick>				
					<!--<visible>System.HasAddon(plugin.program.G.K.N.Wizard)</visible>-->
				</control>				
		</control>		
	</controls>
</window>
