<?xml version="1.0" encoding="UTF-8"?>
<window>
	<defaultcontrol always="true">450</defaultcontrol>
	<coordinates>
		<system>1</system>
		<left>295</left>
		<top>95</top>
	</coordinates>
	<include>DialogOpenCloseAnimation</include>
	<controls>
		<control type="group">
			<animation effect="slide" end="220,0" time="0" condition="String.IsEqual(Skin.String(MainMenu.Layout),vertical)">Conditional</animation>
			<control type="image">
				<width>1328</width>
				<height>740</height>
				<texture border="40">homebladesub.png</texture>
			</control>
			<control type="image">
				<left>876</left>
				<top>120</top>
				<width>420</width>
				<height>420</height>
				<aspectratio>keep</aspectratio>
				<texture background="true">$INFO[Container(450).ListItem.Icon]</texture>
				<bordertexture border="5">shutdownbuttonfocus.png</bordertexture>
				<bordersize>1</bordersize>
			</control>
			<control type="button" id="120">
				<left>988</left>
				<top>660</top>
				<width>250</width>
				<height>45</height>
				<font>fontContextMenu</font>
				<shadowcolor></shadowcolor>
				<onleft>450</onleft>
				<onright>450</onright>
				<label>[B][COLOR red]Διαγραφή ΟΛΩΝ[/COLOR][/B]</label>
				<onclick>RunScript("special://home/addons/service.World.Build/PY/skin/Favourites_Delete.py")</onclick>
			</control>
			<control type="label" id="1">
				<left>120</left>
				<top>35</top>
				<width>1068</width>
				<height>40</height>
				<font>TechFT1</font>
				<label>$LOCALIZE[1036]</label>
				<align>center</align>
				<textcolor>white</textcolor>
			</control>
			<control type="label" id="177">
                    <description>number of files/pages in list text label</description>
				<left>900</left>
				<top>40</top>
				<width>360</width>
				<height>52</height>
				<font>font12</font>
				<label>([COLOR=$VAR[MainColorOne]]$INFO[Container(450).NumItems][/COLOR]) $LOCALIZE[31025] - $LOCALIZE[31024] ([COLOR=$VAR[MainColorOne]]$INFO[Container(450).CurrentPage]/$INFO[Container(450).NumPages][/COLOR])</label>
				<align>center</align>
				<textcolor>white</textcolor>
			</control>
			<control type="image">
				<left>30</left>
				<top>86</top>
				<width>832</width>
				<height>622</height>
				<texture border="5">mediabladesub.png</texture>
			</control>
			<control type="list" id="450">
				<left>30</left>
				<top>98</top>
				<width>820</width>
				<height>600</height>
				<onup>450</onup>
				<ondown>450</ondown>
				<onleft>60</onleft>
				<onright>60</onright>
				<pagecontrol>60</pagecontrol>
				<scrolltime tween="quadratic" easing="out">200</scrolltime>
				<itemlayout height="60" width="641">
					<control type="label">
						<width>805</width>
						<height>60</height>
						<font>font14</font>
						<textoffsetx>15</textoffsetx>
						<textcolor>grey2</textcolor>
						<label>$INFO[ListItem.Label]</label>
					</control>
					<control type="label">
						<left>630</left>
						<width>630</width>
						<height>60</height>
						<font>font14</font>
						<textoffsetx>15</textoffsetx>
						<textcolor>grey2</textcolor>
						<align>right</align>
						<label>$INFO[ListItem.Label2]</label>
					</control>
				</itemlayout>
				<focusedlayout height="60" width="641">
					<control type="image">
						<left>1</left>
						<width>805</width>
						<height>60</height>
						<texture colordiffuse="$VAR[HighlightBarColor]" border="5">shutdownbuttonnofocus2.png</texture>
						<visible>Control.HasFocus(450)</visible>
						<include>VisibleFadeAnimation</include>
					</control>
					<control type="label">
						<width>805</width>
						<height>60</height>
						<font>font14</font>
						<textoffsetx>15</textoffsetx>
						<label>$INFO[ListItem.Label]</label>
						<animation effect="fade" start="100" end="70" time="300" tween="sine" easing="inout" condition="!Control.HasFocus(450)">Conditional</animation>
					</control>
					<control type="label">
						<left>630</left>
						<width>805</width>
						<height>60</height>
						<font>font14</font>
						<textoffsetx>15</textoffsetx>
						<textcolor>grey</textcolor>
						<align>right</align>
						<label>$INFO[ListItem.Label2]</label>
						<animation effect="fade" start="100" end="70" time="300" tween="sine" easing="inout" condition="!Control.HasFocus(450)">Conditional</animation>
					</control>
				</focusedlayout>
			</control>
			<control type="scrollbar" id="60">
				<left>840</left>
				<top>88</top>
				<height>615</height>
				<width>14</width>
				<onleft>450</onleft>
				<onright>120</onright>
				<ondown>60</ondown>
				<onup>60</onup>
				<showonepage>false</showonepage>
				<texturesliderbackground />
				<texturesliderbar colordiffuse="80FFFFFF" border="4">texturesliderbar3.png</texturesliderbar>
				<texturesliderbarfocus border="4">texturesliderbar3.png</texturesliderbarfocus>
			</control>
		</control>
	</controls>
</window>