<?xml version="1.0" encoding="UTF-8"?>
<window>
	<defaultcontrol>1000</defaultcontrol>
	<coordinates>
		<left>0</left>
		<top>0</top>
	</coordinates>
	<controls>
		<control type="image" id="999">
			<description>background image</description>
			<left>0</left>
			<top>10</top>
			<width>460</width>
			<height>1080</height>
			<texture border="20">dialogcontextmenu2.png</texture>
		</control>
		<control type="grouplist" id="996">
			<description>grouplist for context buttons</description>
			<left>5</left>
			<top>20</top>
			<width>470</width>
			<height max="1005">auto</height>
			<include condition="Window.IsActive(programs) + !String.IsEmpty(Window(Home).Property(Progams.Games))">AdvancedLauncherTrailerButton</include>
				<control type="button" id="1611">
					<left></left>
					<top></top>
					<width>450</width>
					<height>60</height>
					<onright>1612</onright>
					<font>Roboto-Regular.ttf</font>
					<align>center</align>
					<textcolor>orange</textcolor>
					<focusedcolor>white</focusedcolor>
					<label>[COLOR blue]HOME[/COLOR]</label>
					<onclick>back</onclick>
					<onclick>ActivateWindow(Home)</onclick>
				</control>
				<control type="button" id="1630">
					<left></left>
					<top></top>
					<width>450</width>
					<height>60</height>
					<font>Roboto-Regular.ttf</font>
					<align>center</align>
					<textcolor>red</textcolor>
					<focusedcolor>red</focusedcolor>
					<label>[B]Power[/B]</label>
					<onclick>ActivateWindow(shutdownmenu)</onclick>
					<!--<visible>System.HasAddon(plugin.program.G.K.N.Wizard)</visible>-->
					<!--<visible>System.HasAddon(plugin.program.G.K.N.Wizard)</visible>-->
				</control>
				<control type="button" id="1631">
					<left></left>
					<top></top>
					<width>450</width>
					<height>60</height>
					<font>Roboto-Regular.ttf</font>
					<align>center</align>
					<textcolor>grey2</textcolor>
					<focusedcolor>white</focusedcolor>
					<label>[B][COLOR gold]Πρόσθετα βίντεο[/COLOR][/B]</label>
					<onclick>RunScript("special://home/addons/skin.19MatrixWorld/xml/VideoAddos.py")</onclick>
				</control>
				<control type="button" id="1633">
					<left></left>
					<top></top>
					<width>450</width>
					<height>60</height>
					<onright>1615</onright>
					<font>Roboto-Regular.ttf</font>
					<align>center</align>
					<textcolor>grey2</textcolor>
					<focusedcolor>white</focusedcolor>
					<label>[COLOR limegreen]Search for Subs[/COLOR] </label>
					<onclick>ActivateWindow(subtitlesearch)</onclick>
					<visible>!String.IsEmpty(ListItem.Title) + !String.IsEmpty(ListItem.Year) + !ListItem.IsFolder</visible>
				</control>
				<control type="button" id="1634">
					<left></left>
					<top></top>
					<width>450</width>
					<height>60</height>
					<font>Roboto-Regular.ttf</font>
					<align>center</align>
					<textcolor>grey2</textcolor>
					<focusedcolor>white</focusedcolor>
					<label>Addon Settings</label>
					<onclick>Addon.OpenSettings($INFO[Container.PluginName])</onclick>
					<visible>!String.IsEmpty(Container.PluginName)</visible>
				</control>
				<control type="button" id="1635">
					<left></left>
					<top></top>
					<width>450</width>
					<height>60</height>
					<font>Roboto-Regular.ttf</font>
					<align>center</align>
					<textcolor>green</textcolor>
					<focusedcolor>green</focusedcolor>
					<label>[B]My Select[/B]</label>
					<onclick>RunScript("special://home/addons/skin.19MatrixWorld/xml/MyGroups.py")</onclick>
				</control>
				<control type="button" id="1636">
					<left></left>
					<top></top>
					 <label>ΑΓΑΠΗΜΕΝΑ</label>
					<width>450</width>
					<height>60</height>
					<font>font14</font>
					<align>center</align>
					<textcolor>orange</textcolor>
					<focusedcolor>orange</focusedcolor>
					<onclick>ActivateWindow(Favouritesbrowser)</onclick>
					<onclick>activatewindow(favourites)</onclick>
				</control>
				<control type="button" id="1637">
					<left></left>
					<top></top>
					<width>450</width>
					<height>60</height>
					<font>Roboto-Regular.ttf</font>
					<align>center</align>
					<textcolor>coral</textcolor>
					<focusedcolor>coral</focusedcolor>
					<label>Shortlist</label>
					<onclick>RunScript("special://home/addons/skin.19MatrixWorld/xml/Shortlist.py")</onclick>
				</control>
				<control type="button" id="1638">
					<left></left>
					<top></top>
					<width>450</width>
					<height>60</height>
					<font>Roboto-Regular.ttf</font>
					<align>center</align>
					<textcolor>darkkhaki</textcolor>
					<focusedcolor>gold</focusedcolor>
					<label>[B]Shortcut![/B]</label>
					<onclick>RunScript("special://home/addons/plugin.program.autowidget/folders/py/ShortCut.py")</onclick>
				</control>
				<control type="button" id="1639">
					<left></left>
					<top></top>
					<width>450</width>
					<height>60</height>
					<font>Roboto-Regular.ttf</font>
					<align>center</align>
					<textcolor>grey2</textcolor>
					<focusedcolor>white</focusedcolor>
					<label>[COLOR darkcyan]Είδατε Πρόσφατα[/COLOR]</label>
					<onclick>RunScript("special://home/addons/skin.19MatrixWorld/xml/LastPlayed.py")</onclick>
				</control>
				<control type="button" id="1640">
					<left></left>
					<top></top>
					<width>450</width>
					<height>60</height>
					<font>Roboto-Regular.ttf</font>
					<align>center</align>
					<textcolor>grey2</textcolor>
					<focusedcolor>white</focusedcolor>
				<visible>System.Platform.Android</visible>
					<label>[B][COLOR white] Android/Apps [/COLOR][/B]</label>
					<onclick>ActivateWindow(Programs,Androidapp://Sources/Apps,return)</onclick>
				</control>
				<control type="button" id="3001">
					<description>Watch it Later</description>
					<left></left>
					<top></top>
					<width>450</width>
					<height>60</height>
					<font>Roboto-Regular.ttf</font>
					<align>center</align>
					<textcolor>grey2</textcolor>
					<focusedcolor>white</focusedcolor>
					<label>$LOCALIZE[31215]</label>
					<onclick>RunPlugin(plugin://script.simpleplaylists/?mode=addCurrentUrl)</onclick>
					<visible>!Skin.HasSetting(DisableWatchItLater) + [Container.Content(Episodes) | Container.Content(Movies) | Container.Content(Songs)]</visible>
				</control>
				<control type="button" id="3003">
					<description>Library Editor</description>
					<left></left>
					<top></top>
					<width>450</width>
					<height>60</height>
					<font>Roboto-Regular.ttf</font>
					<align>center</align>
					<textcolor>grey2</textcolor>
					<focusedcolor>white</focusedcolor>
					<include>NormalButton1</include>
					<label>$LOCALIZE[21450] [LOWERCASE]$LOCALIZE[15101][/LOWERCASE]</label>
					<onclick>RunScript(script.libraryeditor,DBID=$INFO[ListItem.DBID])</onclick>
					<visible>System.HasAddon(script.libraryeditor) + !String.IsEmpty(ListItem.DBID) + !Container.Content(Seasons)</visible>
				</control>
		</control>
		<control type="button" id="1000">
			<description>button template</description>
			<left></left>
			<top></top>
			<width>450</width>
			<height>57</height>
			<font>Roboto-Regular.ttf</font>
			<align>center</align>
			<textcolor>grey2</textcolor>
			<focusedcolor>white</focusedcolor>
		</control>
			<control type="image" id="995">
				<description>arrow image</description>
				<top>35</top>
				<left>400</left>
				<width>30</width>
				<height>20</height>
				<texture>arrow-big-right.png</texture>
				<visible>Control.HasFocus(1611)</visible>
			</control>
			<control type="image" id="801">
				<description>background image</description>
				<top>10</top>
				<left>457</left>
				<width>455</width>
				<height>70</height>
				<texture border="20">dialogcontextmenu-ULR.png</texture>
				<visible>Control.HasFocus(1611) | Control.HasFocus(1612) | Control.HasFocus(1613) | Control.HasFocus(1614) | Control.HasFocus(1615) | Control.HasFocus(1616) | Control.HasFocus(1617) | Control.HasFocus(1618)</visible>
			</control>
		<control type="grouplist" id="802">
			<description>grouplist for context buttons</description>
			<left>461</left>
			<top>10</top>
			<width>480</width>
			<height >70</height>
			<onleft>1611</onleft>
            <onup>1617</onup>
            <ondown>1613</ondown>
				<visible>Control.HasFocus(1611) | Control.HasFocus(1612) | Control.HasFocus(1613) | Control.HasFocus(1614) | Control.HasFocus(1615) | Control.HasFocus(1616) | Control.HasFocus(1617) | Control.HasFocus(1618)</visible>
				<control type="button" id="1612">
					<left></left>
					<top></top>
					<width>450</width>
					<height>70</height>
					<font>Roboto-Regular.ttf</font>
					<align>center</align>
					<textcolor>white</textcolor>
					<focusedcolor>white</focusedcolor>
					<label>Setings[COLOR blue]KODI[/COLOR]</label>
					<onclick>RunScript("special://home/addons/skin.19MatrixWorld/xml/SetingsKodi.py")</onclick>
					<!--<visible>System.HasAddon(plugin.program.G.K.N.Wizard)</visible>-->
				</control>
		</control>
			<control type="image" id="803">
				<description>background image</description>
				<top>80</top>
				<left>457</left>
				<width>455</width>
				<height>70</height>
				<texture border="20">dialogcontextmenu-LR.png</texture>
				<visible>Control.HasFocus(1611) | Control.HasFocus(1612) | Control.HasFocus(1613) | Control.HasFocus(1614) | Control.HasFocus(1615) | Control.HasFocus(1616) | Control.HasFocus(1617) | Control.HasFocus(1618)</visible>
			</control>
		<control type="grouplist" id="804">
			<description>grouplist for context buttons</description>
			<left>461</left>
			<top>80</top>
			<width>480</width>
			<height >70</height>
			<onleft>1611</onleft>
            <onup>1612</onup>
            <ondown>1614</ondown>
				<visible>Control.HasFocus(1611) | Control.HasFocus(1612) | Control.HasFocus(1613) | Control.HasFocus(1614) | Control.HasFocus(1615) | Control.HasFocus(1616) | Control.HasFocus(1617) | Control.HasFocus(1618)</visible>
				<control type="button" id="1613">
					<left></left>
					<top></top>
					<width>450</width>
					<height>70</height>
					<font>Roboto-Regular.ttf</font>
					<align>center</align>
					<textcolor>white</textcolor>
					<focusedcolor>white</focusedcolor>
					<label>[COLOR goldenrod]Clear Cache/Providers[/COLOR] </label>
					<onclick>RunPlugin("plugin://plugin.program.G.K.N.Wizard/?mode=clearcache")</onclick>
					<!--<visible>System.HasAddon(plugin.program.G.K.N.Wizard)</visible>-->
				</control>
		</control>
			<control type="image" id="805">
				<description>background image</description>
				<top>150</top>
				<left>457</left>
				<width>455</width>
				<height>70</height>
				<texture border="20">dialogcontextmenu-LR.png</texture>
				<visible>Control.HasFocus(1611) | Control.HasFocus(1612) | Control.HasFocus(1613) | Control.HasFocus(1614) | Control.HasFocus(1615) | Control.HasFocus(1616) | Control.HasFocus(1617) | Control.HasFocus(1618)</visible>
			</control>
		<control type="grouplist" id="806">
			<description>grouplist for context buttons</description>
			<left>461</left>
			<top>150</top>
			<width>480</width>
			<height >70</height>
			<onleft>1611</onleft>
			<onup>1613</onup>
			<ondown>1615</ondown>
				<visible>Control.HasFocus(1611) | Control.HasFocus(1612) | Control.HasFocus(1613) | Control.HasFocus(1614) | Control.HasFocus(1615) | Control.HasFocus(1616) | Control.HasFocus(1617) | Control.HasFocus(1618)</visible>
				<control type="button" id="1614">
					<left></left>
					<top></top>
					<width>450</width>
					<height>70</height>
					<font>Roboto-Regular.ttf</font>
					<align>center</align>
					<textcolor>white</textcolor>
					<focusedcolor>white</focusedcolor>
					<label>[B][COLOR orange]Pairwith[/COLOR][/B] [B][COLOR grey]Sites[/COLOR][/B]</label>
					<onclick>RunScript("special://home/addons/plugin.program.downloaderstartup/PY/skin/Sites.py")</onclick>
					<visible>System.HasAddon(script.sites)</visible>
					<visible>!System.HasAddon(service.coreelec.settings) + !System.HasAddon(service.libreelec.settings)</visible>
					<!--<visible>System.HasAddon(plugin.program.G.K.N.Wizard)</visible>-->
				</control>
		</control>
			<control type="image" id="807">
				<description>background image</description>
				<top>220</top>
				<left>457</left>
				<width>455</width>
				<height>70</height>
				<texture border="20">dialogcontextmenu-LR.png</texture>
				<visible>Control.HasFocus(1611) | Control.HasFocus(1612) | Control.HasFocus(1613) | Control.HasFocus(1614) | Control.HasFocus(1615) | Control.HasFocus(1616) | Control.HasFocus(1617) | Control.HasFocus(1618)</visible>
			</control>
		<control type="grouplist" id="808">
			<description>grouplist for context buttons</description>
			<left>461</left>
			<top>220</top>
			<width>480</width>
			<height >70</height>
			<onleft>1611</onleft>
			<onup>1614</onup>
			<ondown>1616</ondown>
				<visible>Control.HasFocus(1611) | Control.HasFocus(1612) | Control.HasFocus(1613) | Control.HasFocus(1614) | Control.HasFocus(1615) | Control.HasFocus(1616) | Control.HasFocus(1617) | Control.HasFocus(1618)</visible>
				<control type="button" id="1615">
					<left></left>
					<top></top>
					<width>450</width>
					<height>70</height>
					<font>Roboto-Regular.ttf</font>
					<align>center</align>
					<textcolor>white</textcolor>
					<focusedcolor>white</focusedcolor>
					<label>Αναζήτηση για υπότιτλους</label>
					<onclick>RunScript("special://home/addons/plugin.program.downloaderstartup/PY/Tools/SearchSubs.py")</onclick>
					<!--<visible>System.HasAddon(plugin.program.G.K.N.Wizard)</visible>-->
				</control>
		</control>
		<control type="grouplist" id="809">
			<description>grouplist for context buttons</description>
			<left>461</left>
			<top>220</top>
			<width>480</width>
			<height >70</height>
			<onleft>1611</onleft>
			<onup>1614</onup>
			<ondown>1616</ondown>
				<visible>Control.HasFocus(1611) | Control.HasFocus(1612) | Control.HasFocus(1613) | Control.HasFocus(1614) | Control.HasFocus(1615) | Control.HasFocus(1616) | Control.HasFocus(1617) | Control.HasFocus(1618)</visible>
				<control type="button" id="1615">
					<left></left>
					<top></top>
					<width>450</width>
					<height>70</height>
					<font>Roboto-Regular.ttf</font>
					<align>center</align>
					<textcolor>white</textcolor>
					<focusedcolor>white</focusedcolor>
					<label>Αναζήτηση για υπότιτλους</label>
					<onclick>RunScript("special://home/addons/plugin.program.downloaderstartup/PY/Tools/SearchSubs.py")</onclick>
					<!--<visible>System.HasAddon(plugin.program.G.K.N.Wizard)</visible>-->
				</control>
		</control>
			<control type="image" id="810">
				<description>background image</description>
				<top>290</top>
				<left>457</left>
				<width>455</width>
				<height>70</height>
				<texture border="20">dialogcontextmenu-LR.png</texture>
				<visible>Control.HasFocus(1611) | Control.HasFocus(1612) | Control.HasFocus(1613) | Control.HasFocus(1614) | Control.HasFocus(1615) | Control.HasFocus(1616) | Control.HasFocus(1617) | Control.HasFocus(1618)</visible>
			</control>
		<control type="grouplist" id="811">
			<description>grouplist for context buttons</description>
			<left>461</left>
			<top>290</top>
			<width>480</width>
			<height >70</height>
			<onleft>1611</onleft>
            <onup>1615</onup>
            <ondown>1617</ondown>
				<visible>Control.HasFocus(1611) | Control.HasFocus(1612) | Control.HasFocus(1613) | Control.HasFocus(1614) | Control.HasFocus(1615) | Control.HasFocus(1616) | Control.HasFocus(1617) | Control.HasFocus(1618)</visible>
				<control type="button" id="1616">
					<left></left>
					<top></top>
					<width>450</width>
					<height>70</height>
					<font>Roboto-Regular.ttf</font>
					<align>center</align>
					<textcolor>white</textcolor>
					<focusedcolor>white</focusedcolor>
					<label>TakeScreenshot</label>
<onclick>Notification("Προσοχή!","TakeScreenshot",5000,TakeScreenshot/TakeScreenshot.png)</onclick>				
					<onclick>TakeScreenshot</onclick>
					<!--<visible>System.HasAddon(plugin.program.G.K.N.Wizard)</visible>-->
				</control>
		</control>
			<control type="image" id="812">
				<description>background image</description>
				<top>360</top>
				<left>457</left>
				<width>455</width>
				<height>70</height>
				<texture border="20">dialogcontextmenu-DLR.png</texture>
				<visible>Control.HasFocus(1611) | Control.HasFocus(1612) | Control.HasFocus(1613) | Control.HasFocus(1614) | Control.HasFocus(1615) | Control.HasFocus(1616) | Control.HasFocus(1617) | Control.HasFocus(1618)</visible>
			</control>
		<control type="grouplist" id="813">
			<description>grouplist for context buttons</description>
			<left>461</left>
			<top>360</top>
			<width>480</width>
			<height >70</height>
			<onleft>1611</onleft>
			 <onup>1616</onup>
			<ondown>1612</ondown>
				<visible>Control.HasFocus(1611) | Control.HasFocus(1612) | Control.HasFocus(1613) | Control.HasFocus(1614) | Control.HasFocus(1615) | Control.HasFocus(1616) | Control.HasFocus(1617) | Control.HasFocus(1618)</visible>
				<control type="button" id="1617">
					<left></left>
					<top></top>
					<width>450</width>
					<height>70</height>
					<font>Roboto-Regular.ttf</font>
					<align>center</align>
					<textcolor>white</textcolor>
					<focusedcolor>white</focusedcolor>
					<label>[B]Περιηγητής[/B]</label>
<onclick>RunScript("special://home/addons/skin.19MatrixWorld/xml/AddonBrowser.py")</onclick>				
					<!--<visible>System.HasAddon(plugin.program.G.K.N.Wizard)</visible>-->
				</control>
		</control>
	</controls>
</window>
