<?xml version="1.0" encoding="UTF-8"?>
<window>
	<defaultcontrol always="true">50</defaultcontrol>
	<menucontrol>9000</menucontrol>
	<onload condition="!Skin.HasSetting(FirstTimeRun)">ActivateWindow(1112)</onload>
	<views>50,51,500</views>
	<controls>
		<include>CommonBackground</include>
		<include>ContentPanelBackgrounds</include>
			<control type="button" id="118">
				<left>25</left>
				<top>3</top>
				<width>250</width>
				<height>54</height>
				<font>fontContextMenu</font>
                <textcolor></textcolor>
				<focusedcolor></focusedcolor>
				<shadowcolor></shadowcolor>
            <onup>21</onup>
            <ondown>50</ondown>
				<onleft>121</onleft>
				<onright>119</onright>
				<label></label>
				<onclick>ActivateWindow(Videos,"plugin://plugin.program.mypreferences/?13.FAVORITES TV&amp;mode=400&amp;path=special%3A%2F%2Fprofile%2Faddon_data%2Fplugin.program.mypreferences%5C13.FAVORITES")</onclick>
			</control>
			<control type="button" id="119">
				<left>300</left>
				<top>10</top>
				<width>250</width>
				<height>45</height>
				<font>fontContextMenu</font>
					<align>center</align>
                <textcolor>orange</textcolor>
				<focusedcolor>orange</focusedcolor>
				<shadowcolor></shadowcolor>
            <onup>50</onup>
            <ondown>50</ondown>
				<onleft>118</onleft>
				<onright>120</onright>
				<label>[B]Προτιμήσεις[/B]</label>
				<onclick>RunScript("special://home/addons/plugin.program.downloaderstartup/PY/mypreferences.py")</onclick>
			</control>
			<control type="button" id="120">
				<left>565</left>
				<top>10</top>
				<width>268</width>
				<height>45</height>
				<font>fontContextMenu</font>
					<align>center</align>
                <textcolor>blue</textcolor>
				<focusedcolor>blue</focusedcolor>
				<shadowcolor></shadowcolor>
            <onup>50</onup>
            <ondown>50</ondown>
				<onleft>119</onleft>
				<onright>121</onright>
				<label>[B]Super Favourites[/B]</label>
				<onclick>ActivateWindow(10025,"plugin://plugin.program.super.favourites/?content_type=video",return)</onclick>
			</control>
			<control type="button" id="121">
				<left>850</left>
				<top>10</top>
				<width>200</width>
				<height>45</height>
				<font>fontContextMenu</font>
					<align>center</align>
                <textcolor>coral</textcolor>
				<focusedcolor>coral</focusedcolor>
				<shadowcolor></shadowcolor>
            <onup>122</onup>
            <ondown>50</ondown>
				<onleft>120</onleft>
				<onright>118</onright>
				<label>[B]Shortlist[/B]</label>
				<onclick>RunScript("special://home/addons/skin.19MatrixWorld/xml/Shortlist.py")</onclick>
			</control>
			<control type="button" id="122">
				<left>1420</left>
				<top>1000</top>
				<width>250</width>
				<height>45</height>
				<font>fontContextMenu</font>
					<align>center</align>
                <textcolor>grey</textcolor>
				<focusedcolor>red</focusedcolor>
				<shadowcolor></shadowcolor>
            <onup>121</onup>
            <ondown>118</ondown>
				<onleft>60</onleft>
				<onright>50</onright>
				<label>[B]Διαγραφή ΟΛΩΝ[/B]</label>
				<onclick>RunScript("special://home/addons/plugin.program.downloaderstartup/PY/skin/Favourites_Delete.py")</onclick>
			</control>
		<control type="group">
			<include>Window_OpenClose_Animation</include>
			<!-- view id = 50 -->
			<include>CommonRootView21</include>
			<!-- view id = 51 -->
			<!-- view id = 500 -->
		</control>
        <control type="grouplist" id="21">
            <depth>DepthFooter</depth>
            <include>Window_OpenClose_Animation</include>
            <left>82</left>
            <top>85r</top>
            <onup condition="!Skin.HasSetting(LowerMainMenuBar)">50</onup>
            <onup condition="Skin.HasSetting(LowerMainMenuBar)">50</onup>
            <ondown>118</ondown>
            <ondown>118</ondown>
            <align>left</align>
            <orientation>horizontal</orientation>
            <itemgap>15</itemgap>
            <control type="radiobuttonoff" id="22">
                <description>Power push button</description>
                <textureradioonfocus>icon_power.gif</textureradioonfocus>
                <textureradioonnofocus>icon_power.png</textureradioonnofocus>
                <textureradioofffocus>icon_power.gif</textureradioofffocus>
                <textureradiooffnofocus>icon_power.png</textureradiooffnofocus>
                <texturefocus border="5" colordiffuse="$VAR[MainColorOne]">folder-focus.png</texturefocus>
                <texturenofocus border="5">floor_button.png</texturenofocus>
                <width>68</width>
                <height>68</height>
                <radiowidth>52</radiowidth>
                <radioheight>52</radioheight>
                <radioposx>8</radioposx>
                <radioposy>8</radioposy>
                <label>31003</label>
                <font></font>
                <onclick>$VAR[HomePowerBtnCommand]</onclick>
                <include condition="!String.IsEmpty(Skin.String(HomeTrans))">HomeTransparentEffect</include>
                <visible>!Skin.HasSetting(HideHomePowerBtn)</visible>
            </control>
            <control type="radiobuttonoff" id="23">
                <description>Favourites push button</description>
                <textureradioonfocus>icon_favourites.png</textureradioonfocus>
                <textureradioonnofocus>icon_favourites.png</textureradioonnofocus>
                <textureradioofffocus>icon_favourites.png</textureradioofffocus>
                <textureradiooffnofocus>icon_favourites.png</textureradiooffnofocus>
                <texturefocus border="5" colordiffuse="$VAR[MainColorOne]">folder-focus.png</texturefocus>
                <texturenofocus border="5">floor_button.png</texturenofocus>
                <width>68</width>
                <height>68</height>
                <radiowidth>65</radiowidth>
                <radioheight>65</radioheight>
                <radioposx>1</radioposx>
                <radioposy>1</radioposy>
                <label>1036</label>
                <font></font>
					<onclick condition="!Skin.HasSetting(HideFavorites)">ActivateWindow(Favouritesbrowser)</onclick>
					<onclick condition="Skin.HasSetting(HideFavorites)">ActivateWindow(Favourites)</onclick>
                <include condition="!String.IsEmpty(Skin.String(HomeTrans))">HomeTransparentEffect</include>
                <visible>!Skin.HasSetting(HideFavorites)</visible>
            </control>
			<control type="radiobutton" id="24">
                <description>video files</description>
                <textureradioonfocus>defaultharddisk.png</textureradioonfocus>
                <textureradioonnofocus>defaultharddisk.png</textureradioonnofocus>
                <textureradioofffocus>defaultharddisk.png</textureradioofffocus>
                <textureradiooffnofocus>defaultharddisk.png</textureradiooffnofocus>
                <texturefocus border="5" colordiffuse="$VAR[MainColorOne]">folder-focus.png</texturefocus>
                <texturenofocus border="5">floor_button.png</texturenofocus>
                <width>68</width>
                <height>68</height>
                <radiowidth>52</radiowidth>
                <radioheight>52</radioheight>
                <radioposx>8</radioposx>
                <radioposy>8</radioposy>
                <label></label>
                <font></font>
                <onclick>ActivateWindow(Videos,library://video)</onclick>
                <include condition="!String.IsEmpty(Skin.String(HomeTrans))">HomeTransparentEffect</include>
                <visible>!Skin.HasSetting(wizardpushBtn)</visible>
            </control>
			<control type="radiobutton" id="25">
                <description>Shortcut</description>
                <textureradioonfocus>gofullscreen.png</textureradioonfocus>
                <textureradioonnofocus>gofullscreen.png</textureradioonnofocus>
                <textureradioofffocus>gofullscreen.png</textureradioofffocus>
tvremote.png                tvremote.png<textureradiooffnofocus>gofullscreen.png</textureradiooffnofocus>
                <texturefocus border="5" colordiffuse="$VAR[MainColorOne]">folder-focus.png</texturefocus>
                <texturenofocus border="5">floor_button.png</texturenofocus>
                <width>68</width>
                <height>68</height>
                <radiowidth>52</radiowidth>
                <radioheight>52</radioheight>
                <radioposx>8</radioposx>
                <radioposy>8</radioposy>
                <label></label>
                <font></font>
                <onclick>RunScript("special://home/addons/plugin.program.autowidget/folders/py/ShortCut.py")</onclick>
                <include condition="!String.IsEmpty(Skin.String(HomeTrans))">HomeTransparentEffect</include>
                <visible>!Skin.HasSetting(wizardpushBtn)</visible>
            </control>
            <control type="radiobuttonoff" id="26">
                <description>GlobSearch push button</description>
                <textureradioonfocus>icon_search.png</textureradioonfocus>
                <textureradioonnofocus>icon_search.png</textureradioonnofocus>
                <textureradioofffocus>icon_search.png</textureradioofffocus>
                <textureradiooffnofocus>icon_search.png</textureradiooffnofocus>
                <texturefocus border="5" colordiffuse="$VAR[MainColorOne]">folder-focus.png</texturefocus>
                <texturenofocus border="5">floor_button.png</texturenofocus>
                <width>68</width>
                <height>68</height>
                <radiowidth>52</radiowidth>
                <radioheight>52</radioheight>
                <radioposx>8</radioposx>
                <radioposy>8</radioposy>
                <label></label>
                <font></font>
                <onclick>RunScript(script.globalsearch)</onclick>
                <include condition="!String.IsEmpty(Skin.String(HomeTrans))">HomeTransparentEffect</include>
                <visible>!Skin.HasSetting(DisableGlobalSearch) + Skin.HasSetting(FloorGlobalSearch)</visible>
            </control>
            <control type="radiobuttonoff" id="27">
                <description>System.AddonUpdateCount </description>
                <textureradioonfocus>update.png</textureradioonfocus>
                <textureradioonnofocus>update.png</textureradioonnofocus>
                <textureradioofffocus>update.png</textureradioofffocus>
                <textureradiooffnofocus>update.png</textureradiooffnofocus>
                <texturefocus border="5" colordiffuse="$VAR[MainColorOne]">folder-focus.png</texturefocus>
                <texturenofocus border="5">floor_button.png</texturenofocus>
                <width>68</width>
                <height>68</height>
                <radiowidth>52</radiowidth>
                <radioheight>52</radioheight>
                <radioposx>8</radioposx>
                <radioposy>8</radioposy>
                <label></label>
                <font></font>
					<onclick>RunScript("special://home/addons/plugin.program.downloaderstartup/PY/Tools/NotifyWorld/DialogeUp.py")</onclick>
                <include condition="!String.IsEmpty(Skin.String(HomeTrans))">HomeTransparentEffect</include>
                <visible>Integer.IsGreater(System.AddonUpdateCount,0)</visible>
            </control>
        </control>
		<control type="group">
			<depth>DepthFooter</depth>
			<include>CommonPageCount</include>
			<include>CommonNowPlaying</include>
		</control>
		<include>MainWindowMouseButtons</include>
		<include>BehindDialogFadeOut</include>
		<include>ScrollOffsetLabel</include>
		<include content="CommonWindowHeader">
			<param name="Icon" value="icon_favourites" />
			<param name="Label" value="$LOCALIZE[10134]" />
		</include>
	</controls>
</window>
