<favourites>
	<favourite name="Fluxus Religion" thumb="special://home/addons\plugin.video.fidoK19\icon.png">ActivateWindow(10025,&quot;plugin://plugin.video.fidoK19/get_list/m3ucat|https://bitbucket.org/!api/2.0/snippets/fluxustv/KpaEKX/40b16ee3c4bde59e7ebb0f241474f57158121455/files/FTV-ENG|Religion?sf_options=fanart%3Dspecial%3A%2F%2Fhome%2Faddons%5Cplugin.video.fidoK19%5Cfanart.jpg%26meta%3Dlabel%253DReligion%26_options_sf&quot;,return)</favourite>
	<favourite name="Shine TV" thumb="special://home/addons\slyguy.shine.tv\icon.png">ActivateWindow(10025,&quot;plugin://slyguy.shine.tv/?sf_options=fanart%3Dspecial%3A%2F%2Fhome%2Faddons%5Cslyguy.shine.tv%5Cfanart.jpg%26desc%3DShine+TV+is+Your+Kiwi+Christian+Channel+-+a+New+Zealand+based+Christian+lifestyle+tv+channel%2C+bringing+together+the+best+of+uplifting+international+and+local+content.%26meta%3Dlabel%253DShine%252BTV%26_options_sf&quot;,return)</favourite>
	<favourite name="TubiTV Faith" thumb="http://images.adrise.tv/idz6NWgrRKkbfa3pfBcVPZ02JUY=/640x360/smart/img.adrise.tv/8bca689f-5a99-493f-8908-9dd8ddfc9d67.jpg">ActivateWindow(10025,&quot;plugin://plugin.video.tubi.m7/?mode=faith_and_spiritualitytubitv-content&amp;rand=3J9YIH&amp;sf_options=fanart%3Dspecial%3A%2F%2Fhome%2Faddons%5Cplugin.video.tubi.m7%5Cicon.png%26meta%3Dvotes%253D0%2526title%253DFaith%2526label%253DFaith%26_options_sf&quot;,return)</favourite>
	<favourite name="Westerns" thumb="http://images.adrise.tv/D3V5oWJFbn1eopp6PUv951QKZQ4=/640x360/smart/img.adrise.tv/76b86abd-19bf-4119-b0b0-dc74d1623936.jpg">ActivateWindow(10025,&quot;plugin://plugin.video.tubi.m7/?mode=westernstubitv-content&amp;rand=LV8636&amp;sf_options=fanart%3Dspecial%3A%2F%2Fhome%2Faddons%5Cplugin.video.tubi.m7%5Cicon.png%26meta%3Dvotes%253D0%2526title%253DWesterns%2526label%253DWesterns%26_options_sf&quot;,return)</favourite>
	<favourite name="Black Faith" thumb="DefaultFolder.png">ActivateWindow(10025,&quot;plugin://plugin.video.tubi.m7/?mode=black_faithtubitv-content&amp;rand=ZL88C0&amp;sf_options=fanart%3Dspecial%3A%2F%2Fhome%2Faddons%5Cplugin.video.tubi.m7%5Cicon.png%26meta%3Dvotes%253D0%2526title%253DBlack%252BFaith%2526label%253DBlack%252BFaith%26_options_sf&quot;,return)</favourite>
	<favourite name="Faith" thumb="http://images.adrise.tv/idz6NWgrRKkbfa3pfBcVPZ02JUY=/640x360/smart/img.adrise.tv/8bca689f-5a99-493f-8908-9dd8ddfc9d67.jpg">ActivateWindow(10025,&quot;plugin://plugin.video.tubi.m7/?mode=faith_and_spiritualitytubitv-content&amp;rand=CG3281&amp;sf_options=fanart%3Dspecial%3A%2F%2Fhome%2Faddons%5Cplugin.video.tubi.m7%5Cicon.png%26meta%3Dvotes%253D0%2526title%253DFaith%2526label%253DFaith%26_options_sf&quot;,return)</favourite>
</favourites>