<favourites>
    <favourite name="Ταινίες Blacklodge" filetype="folder" thumb="https://github.com/akeotaseo/world_repo/blob/main/iloveimg-resized%20(2)/blacklodge.png?raw=true">plugin://plugin.video.blacklodge/?action=movieNavigator</favourite>
    <favourite name="[COLOR white]Movies[/COLOR] [COLOR red]Homelander[/COLOR]" filetype="folder" thumb="https://github.com/akeotaseo/world_repo/blob/main/iloveimg-resized%20(2)/Homelander.png?raw=true">plugin://plugin.video.homelander/?action=movieNavigator</favourite>
    <favourite name="Ταινίες ThePromise" filetype="folder" thumb="https://github.com/akeotaseo/world_repo/blob/main/iloveimg-resized%20(2)/thepromise.png?raw=true">plugin://plugin.video.thepromise/?action=movieNavigator</favourite>
    <favourite name="Movies Scrubsv2" filetype="folder" thumb="https://github.com/akeotaseo/world_repo/blob/main/iloveimg-resized%20(2)/scrubsv2.png?raw=true">plugin://plugin.video.scrubsv2/?action=movies_menu</favourite>
    <favourite name="[COLOR aqua]Movies[/COLOR] Alvin" filetype="folder" thumb="https://raw.githubusercontent.com/akeotaseo/world_repo/e08d0b9ce7295f23e7932a086819ca7abb07ad29/iloveimg-resized%20(2)/alvin.png">plugin://plugin.video.alvin/?action=movieNavigator</favourite>
    <favourite name="[COLOR aqua]Movies[/COLOR] Sealteam6" filetype="folder" thumb="https://github.com/akeotaseo/world_repo/blob/main/iloveimg-resized%20(2)/sealteam6.png?raw=true">plugin://plugin.video.sealteam6/?action=movieNavigator</favourite>
    <favourite name="[B]Movies[/B] TheThunder" filetype="folder" thumb="https://github.com/akeotaseo/world_repo/blob/main/iloveimg-resized%20(2)/thethunder.png?raw=true">plugin://plugin.video.thethunder/?action=movies&iconimage=special://home/addons%5cplugin.video.thethunder%5cresources%5cmedia%5cmovies.png&mediatype=video&name=%5bB%5dMovies%5b%2fB%5d</favourite>
    <favourite name="Movies Nightwing" filetype="folder" thumb="https://github.com/akeotaseo/world_repo/blob/main/iloveimg-resized%20(2)/nightwing.png?raw=true">plugin://plugin.video.nightwing/?action=movieNavigator</favourite>
    <favourite name="[COLOR orchid]¤[/COLOR] [B][COLOR white]Movies[/COLOR][/B] TheCrew" filetype="folder" thumb="https://github.com/akeotaseo/world_repo/blob/main/iloveimg-resized%20(2)/thecrew.png?raw=true">plugin://plugin.video.thecrew/?action=movieNavigator</favourite>
    <favourite name="[COLOR white]Movies[/COLOR] [COLORred]THX 1138[/COLOR]" filetype="folder" thumb="https://github.com/akeotaseo/world_repo/blob/main/iloveimg-resized%20(2)/THX%201138.jpg?raw=true">plugin://plugin.video.thx/?action=movieNavigator</favourite>
    <favourite name="Ταινίες TheOath" filetype="folder" thumb="https://github.com/akeotaseo/world_repo/blob/main/iloveimg-resized%20(2)/theoath.png?raw=true">plugin://plugin.video.theoath/?action=movieNavigator</favourite>
    <favourite name="Movie World [COLOR aqua].Serviceil.2[/COLOR]" filetype="folder" thumb="https://github.com/akeotaseo/world_repo/blob/main/iloveimg-resized%20(2)/Serviceil.2.png?raw=true">plugin://plugin.video.Serviceil.2/?all_w=%7b%7d&data=%20&dates=%20&description=Movies&eng_name=%20&episode=%20&fanart=https%3a%2f%2ftownsquare.media%2fsite%2f295%2ffiles%2f2019%2f12%2f2020-movies-collage.jpg%3fw%3d980%26q%3d75&fav_status=false&heb_name=%20&iconimage=C%3a%5cPortableApps%5ckodi%5cMy%20kodi%5cKodi%5cportable_data%5caddons%5cplugin.video.Serviceil.2%5cresources%5cartwork%2fmovies.png&id=%20&image_master&isr=0&last_id&mode=2&name=Movie%20World&original_title=%20&search_db&season=%20&show_original_year=%20&tmdbid=%20&url=www&video_data=%7b%22title%22%3a%20%22Movie%20World%22%2c%20%22mediatype%22%3a%20%22movie%22%2c%20%22TVshowtitle%22%3a%20%22%22%2c%20%22season%22%3a%200%2c%20%22episode%22%3a%200%2c%20%22OriginalTitle%22%3a%20%22%20%22%2c%20%22rating%22%3a%20%220%22%2c%20%22plot%22%3a%20%22Movies%22%2c%20%22Tag%22%3a%20%22None%22%2c%20%22id%22%3a%20%22%20%22%7d</favourite>
</favourites>