<?xml version="1.0" encoding="UTF-8"?>
<addon id="plugin.video.123tv"
version="1.0.0"
name="123TV"
provider-name="Parrot Developers">
<requires>
  <import addon="xbmc.python" version="3.0.0"/>
  <import addon="script.module.requests" version="2.25.1"/>
  <import addon="inputstream.adaptive" version="2.3.13"/>
  <import addon="script.module.beautifulsoup4" version="4.9.3+matrix.1"/>
</requires>
<extension point="xbmc.python.pluginsource" library="addon.py">
  <provides>video</provides>
</extension>
<extension point="xbmc.addon.metadata">
  <summary>123TV Channels in KODI.</summary>
  <description>123TV Channels in KODI.</description>
  <disclaimer>Do not make copies of this addon!</disclaimer>
  <assets>
    <icon>icon.jpg</icon>
  </assets>
  <news>
    [1.0.0] Initial version!
  </news>
</extension>
</addon>