<addon id="plugin.video.worldclient" version="1.0.0" name="World TV Client" provider-name="Dzon Dzoe">
    <extension point="xbmc.python.pluginsource" library="world.py">
        <provides>video</provides>
    </extension>
    <extension point="xbmc.addon.metadata">
        <summary>World TV Client By Dzon Dzoe</summary>
        <description lang="en">World TV Client By Dzon Dzoe, M3U Liste</description>
        <platform>all</platform>
        <language>en</language>
        <license>GPLv2</license>
		<assets>
        <icon>logo.png</icon>
        </assets>
    </extension>
</addon>
