<?xml version="1.0" encoding="UTF-8"?>
<addon id="plugin.video.worldclient" version="1.0.0a" name="KodiBalkan World Client" provider-name="Dzon Dzoe,Robin Hood">
<requires>
  <import addon="xbmc.python" version="3.0.0"/>
</requires>
<extension point="xbmc.python.pluginsource" library="main.py">
  <provides>video</provides>
</extension>
<extension point="xbmc.addon.metadata">
  <summary lang="en">KodiBalkan Balkan Client By Dzon Dzoe &amp; Robin Hood</summary>
  <description lang="en">KodiBalkan Balkan Client By Dzon Dzoe &amp; Robin Hood</description>
  <disclaimer lang="en"></disclaimer>
  <assets>
    <icon>icon.png</icon>
  </assets>
</extension>
</addon>

