<favourites>
	<favourite name="Fluxus Game Shows" thumb="special://home/addons\plugin.video.fidoK19\icon.png">ActivateWindow(10025,&quot;plugin://plugin.video.fidoK19/get_list/m3ucat|https://bitbucket.org/!api/2.0/snippets/fluxustv/KpaEKX/40b16ee3c4bde59e7ebb0f241474f57158121455/files/FTV-ENG|Game Show?sf_options=fanart%3Dspecial%3A%2F%2Fhome%2Faddons%5Cplugin.video.fidoK19%5Cfanart.jpg%26meta%3Dlabel%253DGame%252BShow%26_options_sf&quot;,return)</favourite>
	<favourite name="[B]MUSIC GAME SHOWS[/B]" thumb="https://fantazyrepo.uk/addonimages/fido.addon/Music/GameShows.png">ActivateWindow(10025,&quot;plugin://plugin.video.fidoK19/get_list/https://fantazyrepo.uk/addonimages/fido.addon/Music/GameShows.xml?sf_options=fanart%3Dhttp%3A%2F%2Ffantazyrepo.uk%2Faddonimages%2FMusic%2Fconcert.jpg%26meta%3Dlabel%253D%25255BB%25255DMUSIC%252BGAME%252BSHOWS%25255B%25252FB%25255D%26_options_sf&quot;,return)</favourite>
	<favourite name="Game Shows 24/7" thumb="https://s3.amazonaws.com/pluto.tv/channelcategory/628d4adfef6a5800079e352d/GameShows-1653426984910.png">ActivateWindow(10025,&quot;plugin://plugin.video.plutotv/categories/Game Shows?sf_options=fanart%3Dhttps%3A%2F%2Fs3.amazonaws.com%2Fpluto.tv%2Fchannelcategory%2F628d4adfef6a5800079e352d%2FGameShows-1653427022626.svg%26meta%3Dvotes%253D0%2526title%253DGame%252BShows%2526label%253DGame%252BShows%26_options_sf&quot;,return)</favourite>
	<favourite name="Gaming + Anime" thumb="https://s3.amazonaws.com/pluto.tv/channelcategory/5f19a8a4bc40bc0007bba977/GamingAnime-1595537547811.png">ActivateWindow(10025,&quot;plugin://plugin.video.plutotv/categories/Gaming + Anime?sf_options=fanart%3Dhttps%3A%2F%2Fs3.amazonaws.com%2Fpluto.tv%2Fchannelcategory%2F5f19a8a4bc40bc0007bba977%2FGamingAnime-1595537557369.svg%26meta%3Dvotes%253D0%2526title%253DGaming%252B%25252B%252BAnime%2526label%253DGaming%252B%25252B%252BAnime%26_options_sf&quot;,return)</favourite>
	<favourite name="BUZZR Live" thumb="special://home/addons/resource.images.skinicons.wide/resources/icons/buzzr.png">ActivateWindow(10025,&quot;plugin://plugin.video.buzzr/?sf_options=fanart%3Dspecial%3A%2F%2Fhome%2Faddons%5Cplugin.video.buzzr%5Cresources%5Cfanart.jpg%26desc%3DBUZZR+is+a+free+broadcast+network+featuring+game+shows+programming.%26meta%3Dlabel%253DBUZZR%252BLive%26_options_sf&quot;,return)</favourite>
</favourites>