<?xml version="1.0" encoding="UTF-8" standalone="yes"?>
<addon id="repository.deAIO" name="deAIO Unofficial" version="1.0.5" provider-name="Loki1979|HSK-DE|Collabsvito|[COLORdeepskyblue]K.U.S Team[/COLOR]|Kodinerds|Michaz|xStream">
    <extension point="xbmc.addon.repository" name="HSK CREW,HSK FOREVER,K.U.S Team,Collabsvito,Kodinerds,Michaz,xStream">
	   <dir>
		<info compressed="false">https://hsk.kodiman.net/hsk/hsk_privat/hsk.crew.repo/addons.xml</info>
		<checksum>https://hsk.kodiman.net/hsk/hsk_privat/hsk.crew.repo/addons.xml.md5</checksum>
		<datadir zip="true">https://hsk.kodiman.net/hsk/hsk_privat/hsk.crew.repo</datadir>
		<hashes>false</hashes>
	   </dir>
	   <dir minversion="20.0.0">
		<info compressed="false">https://hsk.kodiman.net/hsk/hsk_privat/hsk.crew.repo/addons.xml</info>
		<checksum>https://hsk.kodiman.net/hsk/hsk_privat/hsk.crew.repo/addons.xml.md5</checksum>
		<datadir zip="true">https://hsk.kodiman.net/hsk/hsk_privat/hsk.crew.repo</datadir>
		<hashes>false</hashes>
	   </dir>
	<dir>
		<info compressed="false">https://hsk.kodiman.net/hsk/hsk_privat/HSK_FOREVER_repo/addons.xml</info>
		<checksum>https://hsk.kodiman.net/hsk/hsk_privat/HSK_FOREVER_repo/addons.xml.md5</checksum>
		<datadir zip="true">https://hsk.kodiman.net/hsk/hsk_privat/HSK_FOREVER_repo</datadir>
		<hashes>false</hashes>
	</dir>
	<dir minversion="20.0.0">
		<info compressed="false">https://hsk.kodiman.net/hsk/hsk_privat/HSK_FOREVER_repo/addons.xml</info>
		<checksum>https://hsk.kodiman.net/hsk/hsk_privat/HSK_FOREVER_repo/addons.xml.md5</checksum>
		<datadir zip="true">https://hsk.kodiman.net/hsk/hsk_privat/HSK_FOREVER_repo</datadir>
		<hashes>false</hashes>
	</dir>
        <dir >
            <info compressed="true">https://kodi-unlimited-support.de/repo/data/addons.xml</info>
            <checksum>https://kodi-unlimited-support.de/repo/data/addons.xml.md5</checksum>
            <datadir zip="true">https://kodi-unlimited-support.de/repo/data</datadir>
            <hashes>false</hashes>
        </dir>
		<dir minversion="18.9.9">
			<info compressed="false">https://raw.githubusercontent.com/Collabsvito/REpo-AiO/master/MATRIX/addons.xml</info>
			<checksum>https://raw.githubusercontent.com/Collabsvito/REpo-AiO/master/MATRIX/addons.xml.md5</checksum>
			<datadir zip="true">https://raw.githubusercontent.com/Collabsvito/REpo-AiO/master/MATRIX/</datadir>
			<hashes>false</hashes>
		</dir>
		<dir>
			<info compressed="false">https://raw.githubusercontent.com/Collabsvito/REpo-AiO/master/REPOSITORIES/addons.xml</info>
			<checksum>https://raw.githubusercontent.com/Collabsvito/REpo-AiO/master/REPOSITORIES/addons.xml.md5</checksum>
			<datadir zip="true">https://raw.githubusercontent.com/Collabsvito/REpo-AiO/master/REPOSITORIES/</datadir>
			<hashes>false</hashes>
		</dir>
    <dir>
      <info compressed="false">https://michaz1988.github.io/repo/addons.xml</info>
      <checksum>https://michaz1988.github.io/repo/addons.xml.md5</checksum>
      <datadir zip="true">https://michaz1988.github.io/repo/</datadir>
    </dir>
		<dir minversion="18.9.701" maxversion="19.9.700">
			<info compressed="false">https://raw.githubusercontent.com/streamxstream/xStreamRepo/master/matrix/addons.xml</info>
			<checksum>https://raw.githubusercontent.com/streamxstream/xStreamRepo/master/matrix/addons.xml.md5</checksum>
			<datadir zip="true">https://raw.githubusercontent.com/streamxstream/xStreamRepo/master/matrix/</datadir>
		</dir>
		<dir minversion="19.9.701">
			<info compressed="false">https://raw.githubusercontent.com/streamxstream/xStreamRepo/master/nexus/addons.xml</info>
			<checksum>https://raw.githubusercontent.com/streamxstream/xStreamRepo/master/nexus/addons.xml.md5</checksum>
			<datadir zip="true">https://raw.githubusercontent.com/streamxstream/xStreamRepo/master/nexus/</datadir>
		</dir>
        <dir>
            <info compressed="true">https://repo.kodinerds.net/addons/addons.xml</info>
            <checksum>https://repo.kodinerds.net/addons/addons.xml.md5</checksum>
            <datadir zip="true">https://repo.kodinerds.net/addons</datadir>
            <hashes>false</hashes>
        </dir>
        <dir minversion="19.0.0" maxversion="21.9.0">
            <info compressed="true">https://repo.kodinerds.net/addons/matrix/addons.xml</info>
            <checksum>https://repo.kodinerds.net/addons/matrix/addons.xml.md5</checksum>
            <datadir zip="true">https://repo.kodinerds.net/addons/matrix/zip/</datadir>
            <hashes>false</hashes>
        </dir>
        <dir minversion="20.0.0" maxversion="21.9.0">
            <info compressed="true">https://repo.kodinerds.net/addons/nexus/addons.xml</info>
            <checksum>https://repo.kodinerds.net/addons/nexus/addons.xml.md5</checksum>
            <datadir zip="true">https://repo.kodinerds.net/addons/nexus/zip/</datadir>
            <hashes>false</hashes>
        </dir>
        <dir minversion="20.9.9" maxversion="21.9.0">
            <info compressed="true">https://repo.kodinerds.net/addons/omega/addons.xml</info>
            <checksum>https://repo.kodinerds.net/addons/omega/addons.xml.md5</checksum>
            <datadir zip="true">https://repo.kodinerds.net/addons/omega/zip/</datadir>
            <hashes>false</hashes>
        </dir>
	</extension>
    <extension point="xbmc.addon.metadata">
        <summary >HSK CREW,HSK FOREVER,K.U.S Team,Collabsvito,Kodinerds,Michaz,xStream (Repository Unofficial)</summary>
	<description>HSK CREW,HSK FOREVER,K.U.S Team,Collabsvito,Kodinerds,Michaz,xStream (Repository Unofficial)</description>
        <platform>all</platform>
	<license></license>
	<forum></forum>
	<website></website>
	<email></email>
	<source></source>
	<news></news>
    <assets>
		<icon>icon.png</icon>
		<fanart>fanart.jpg</fanart>
	</assets>
    </extension>
</addon>