<?xml version="1.0" encoding="UTF-8" standalone="yes"?>
<addon id="repository.deAIO" name="deAIO Unofficial" version="1.0.7a" provider-name="Loki1979|HSK-DE|Collabsvito|[COLORdeepskyblue]K.U.S Team[/COLOR]|Kodinerds|Michaz|xStream">
    <extension point="xbmc.addon.repository" name="HSK CREW,HSK FOREVER,K.U.S Team,Collabsvito,Kodinerds,Michaz,xStream">
        <dir minversion="19.0.0">
            <info compressed="true">https://kodibuilds.de/repo/addons.xml</info>
            <checksum>https://kodibuilds.de/repo/addons.xml.sha256</checksum>
            <datadir zip="true">https://kodibuilds.de/repo/</datadir>
            <hashes>false</hashes>
        </dir>
		<dir>
			<info compressed="false">https://hsk.kodiman.net/hsk/hsk_repos/hsk.crew.nexus.matrix.repo/addons.xml</info>
			<checksum>https://hsk.kodiman.net/hsk/hsk_repos/hsk.crew.nexus.matrix.repo/addons.xml.md5</checksum>
			<datadir zip="true">https://hsk.kodiman.net/hsk/hsk_repos/hsk.crew.nexus.matrix.repo/</datadir>
			<hashes>false</hashes>
		</dir>
		<dir minversion="19.0.0" maxversion="21.9.0">
			<info compressed="false">https://hsk.kodiman.net/hsk/hsk_repos/hsk.crew.nexus.matrix.repo/addons.xml</info>
			<checksum>https://hsk.kodiman.net/hsk/hsk_repos/hsk.crew.nexus.matrix.repo/addons.xml.md5</checksum>
			<datadir zip="true">https://hsk.kodiman.net/hsk/hsk_repos/hsk.crew.nexus.matrix.repo/</datadir>
			<hashes>false</hashes>
		</dir>
		<dir minversion="20.9.9"  maxversion="21.9.0">
			<info compressed="false">https://hsk.kodiman.net/hsk/hsk_repos/hsk.crew.nexus.matrix.repo/addons.xml</info>
			<checksum>https://hsk.kodiman.net/hsk/hsk_repos/hsk.crew.nexus.matrix.repo/addons.xml.md5</checksum>
			<datadir zip="true">https://hsk.kodiman.net/hsk/hsk_repos/hsk.crew.nexus.matrix.repo/</datadir>
			<hashes>false</hashes>
		</dir>
		<dir>
			<info compressed="false">https://michaz1988.github.io/repo/addons.xml</info>
			<checksum>https://michaz1988.github.io/repo/addons.xml.md5</checksum>
			<datadir zip="true">https://michaz1988.github.io/repo/</datadir>
		</dir>
		<dir >
			<info compressed="true">https://kodi-unlimited-support.de/repo/data/addons.xml</info>
			<checksum>https://kodi-unlimited-support.de/repo/data/addons.xml.md5</checksum>
			<datadir zip="true">https://kodi-unlimited-support.de/repo/data</datadir>
			<hashes>false</hashes>
		</dir>
		<dir minversion="18.9.9">
			<info compressed="false">https://raw.githubusercontent.com/Collabsvito/REpo-AiO/master/MATRIX/addons.xml</info>
			<checksum>https://raw.githubusercontent.com/Collabsvito/REpo-AiO/master/MATRIX/addons.xml.md5</checksum>
			<datadir zip="true">https://raw.githubusercontent.com/Collabsvito/REpo-AiO/master/MATRIX/</datadir>
			<hashes>false</hashes>
		</dir>
		<dir>
			<info compressed="false">https://raw.githubusercontent.com/Collabsvito/REpo-AiO/master/REPOSITORIES/addons.xml</info>
			<checksum>https://raw.githubusercontent.com/Collabsvito/REpo-AiO/master/REPOSITORIES/addons.xml.md5</checksum>
			<datadir zip="true">https://raw.githubusercontent.com/Collabsvito/REpo-AiO/master/REPOSITORIES/</datadir>
			<hashes>false</hashes>
		</dir>
		<dir minversion="18.9.701" maxversion="19.9.700">
			<info compressed="false">https://raw.githubusercontent.com/streamxstream/xStreamRepo/master/matrix/addons.xml</info>
			<checksum>https://raw.githubusercontent.com/streamxstream/xStreamRepo/master/matrix/addons.xml.md5</checksum>
			<datadir zip="true">https://raw.githubusercontent.com/streamxstream/xStreamRepo/master/matrix/</datadir>
		</dir>
		<dir minversion="19.9.701">
			<info compressed="false">https://raw.githubusercontent.com/streamxstream/xStreamRepo/master/nexus/addons.xml</info>
			<checksum>https://raw.githubusercontent.com/streamxstream/xStreamRepo/master/nexus/addons.xml.md5</checksum>
			<datadir zip="true">https://raw.githubusercontent.com/streamxstream/xStreamRepo/master/nexus/</datadir>
		</dir>
		<dir minversion="20.9.910" maxversion="21.9.700">
			<info compressed="false">https://raw.githubusercontent.com/streamxstream/xStreamRepo/master/omega/addons.xml</info>
			<checksum>https://raw.githubusercontent.com/streamxstream/xStreamRepo/master/omega/addons.xml.md5</checksum>
			<datadir zip="true">https://raw.githubusercontent.com/streamxstream/xStreamRepo/master/omega/</datadir>
		</dir>
		<dir>
			<info compressed="true">https://repo.kodinerds.net/addons/addons.xml</info>
			<checksum>https://repo.kodinerds.net/addons/addons.xml.md5</checksum>
			<datadir zip="true">https://repo.kodinerds.net/addons</datadir>
			<hashes>false</hashes>
		</dir>
		<dir minversion="19.0.0" maxversion="21.9.0">
			<info compressed="true">https://repo.kodinerds.net/addons/matrix/addons.xml</info>
			<checksum>https://repo.kodinerds.net/addons/matrix/addons.xml.md5</checksum>
			<datadir zip="true">https://repo.kodinerds.net/addons/matrix/zip/</datadir>
			<hashes>false</hashes>
		</dir>
		<dir minversion="20.0.0" maxversion="21.9.0">
			<info compressed="true">https://repo.kodinerds.net/addons/nexus/addons.xml</info>
			<checksum>https://repo.kodinerds.net/addons/nexus/addons.xml.md5</checksum>
			<datadir zip="true">https://repo.kodinerds.net/addons/nexus/zip/</datadir>
			<hashes>false</hashes>
		</dir>
		<dir minversion="20.9.9" maxversion="21.9.0">
			<info compressed="true">https://repo.kodinerds.net/addons/omega/addons.xml</info>
			<checksum>https://repo.kodinerds.net/addons/omega/addons.xml.md5</checksum>
			<datadir zip="true">https://repo.kodinerds.net/addons/omega/zip/</datadir>
			<hashes>false</hashes>
		</dir>
		<dir minversion="13.0.0" maxversion="18.9.0">
			<info>https://kdc-reloaded.de/_KDC-Repo/data/addons.xml</info>
			<checksum>https://kdc-reloaded.de/_KDC-Repo/data/addons.xml.md5</checksum>
			<datadir>https://kdc-reloaded.de/_KDC-Repo/data/</datadir>
			<hashes>false</hashes>
		</dir>
		<dir minversion="18.9.9">
			<info>https://kdc-reloaded.de/_KDC-Repo/matrix/data/addons.xml</info>
			<checksum>https://kdc-reloaded.de/_KDC-Repo/matrix/data/addons.xml.md5</checksum>
			<datadir>https://kdc-reloaded.de/_KDC-Repo/matrix/data/</datadir>
			<hashes>false</hashes>
		</dir>
		<dir>
			<info>https://wizard.kodiman.net/repository19/new_repo/addons.xml</info>
			<checksum>https://wizard.kodiman.net/repository19/new_repo/addons.xml.md5</checksum>
			<datadir>https://wizard.kodiman.net/repository19/new_repo/</datadir>
		</dir>
		<dir>
			<info compressed="false">https://hsk.kodiman.net/hsk/litti/Litti19928_Repo/addons.xml</info>
			<checksum>https://hsk.kodiman.net/hsk/litti/Litti19928_Repo/addons.xml.md5</checksum>
			<datadir zip="true">https://hsk.kodiman.net/hsk/litti/Litti19928_Repo/</datadir>
			<hashes>false</hashes>
		</dir>
		<dir minversion="20.0.0">
			<info compressed="false">https://hsk.kodiman.net/hsk/litti/Litti19928_Repo/addons.xml</info>
			<checksum>https://hsk.kodiman.net/hsk/litti/Litti19928_Repo/addons.xml.md5</checksum>
			<datadir zip="true">https://hsk.kodiman.net/hsk/litti/Litti19928_Repo/</datadir>
			<hashes>false</hashes>
		</dir>
		<dir>
			<info compressed="false">https://hsk.kodiman.net/hsk/hsk_repos/hsk.crew.nexus.matrix.forever.repo/addons.xml</info>
			<checksum>https://hsk.kodiman.net/hsk/hsk_repos/hsk.crew.nexus.matrix.forever.repo/addons.xml.md5</checksum>
			<datadir zip="true">https://hsk.kodiman.net/hsk/hsk_repos/hsk.crew.nexus.matrix.forever.repo</datadir>
			<hashes>false</hashes>
		</dir>
		<dir minversion="19.0.0"  maxversion="21.9.0">
			<info compressed="false">https://hsk.kodiman.net/hsk/hsk_repos/hsk.crew.nexus.matrix.forever.repo/addons.xml</info>
			<checksum>https://hsk.kodiman.net/hsk/hsk_repos/hsk.crew.nexus.matrix.forever.repo/addons.xml.md5</checksum>
			<datadir zip="true">https://hsk.kodiman.net/hsk/hsk_repos/hsk.crew.nexus.matrix.forever.repo</datadir>
			<hashes>false</hashes>
		</dir>
		<dir minversion="20.9.9"  maxversion="21.9.0">
			<info compressed="false">https://hsk.kodiman.net/hsk/hsk_repos/hsk.crew.nexus.matrix.forever.repo/addons.xml</info>
			<checksum>https://hsk.kodiman.net/hsk/hsk_repos/hsk.crew.nexus.matrix.forever.repo/addons.xml.md5</checksum>
			<datadir zip="true">https://hsk.kodiman.net/hsk/hsk_repos/hsk.crew.nexus.matrix.forever.repo</datadir>
			<hashes>false</hashes>
		</dir>
		<dir>
			<info compressed="false">https://raw.github.com/seizu/seizuRepo/master/addons.xml</info>
			<checksum>https://raw.github.com/seizu/seizuRepo/master/addons.xml.md5</checksum>
			<datadir zip="true">https://raw.github.com/seizu/seizuRepo/master/</datadir>
		</dir>
		<dir minversion="18.0.0" maxversion="18.9.0">
			<info>https://hsk.kodiman.net/hsk/hsk_repos/hsk.tcp.repo/addons.xml</info>
			<checksum>https://hsk.kodiman.net/hsk/hsk_repos/hsk.tcp.repo/addons.xml.md5</checksum>
			<datadir>https://hsk.kodiman.net/hsk/hsk_repos/hsk.tcp.repo</datadir>
		</dir>
		<dir minversion="19.0.0" maxversion="19.5.0">
			<info>https://hsk.kodiman.net/hsk/hsk_repos/hsk.tcp.repo/addons.xml</info>
			<checksum>https://hsk.kodiman.net/hsk/hsk_repos/hsk.tcp.repo/addons.xml.md5</checksum>
			<datadir>https://hsk.kodiman.net/hsk/hsk_repos/hsk.tcp.repo</datadir>
		</dir>
		<dir minversion="20.0.0" maxversion="21.9.0">
			<info>https://hsk.kodiman.net/hsk/hsk_repos/hsk.tcp.repo/addons.xml</info>
			<checksum>https://hsk.kodiman.net/hsk/hsk_repos/hsk.tcp.repo/addons.xml.md5</checksum>
			<datadir>https://hsk.kodiman.net/hsk/hsk_repos/hsk.tcp.repo</datadir>
		</dir>
		<dir>
			<info>https://kodirepo.mediathekview.de/repo-mv/addons.xml</info>
			<checksum>https://kodirepo.mediathekview.de/repo-mv/addons.xml.md5</checksum>
			<datadir>https://kodirepo.mediathekview.de/repo-mv/</datadir>
			<hashes>false</hashes>
		</dir>
		<dir maxversion="18.9.0">
			<info>https://kodirepo.mediathekview.de/repo-leia/addons.xml</info>
			<checksum>https://kodirepo.mediathekview.de/repo-leia/addons.xml.md5</checksum>
			<datadir>https://kodirepo.mediathekview.de/repo-leia/</datadir>
			<hashes>false</hashes>
		</dir>
		<dir minversion="19.0.0">
			<info>https://kodirepo.mediathekview.de/repo-matrix/addons.xml</info>
			<checksum>https://kodirepo.mediathekview.de/repo-matrix/addons.xml.md5</checksum>
			<datadir>https://kodirepo.mediathekview.de/repo-matrix/</datadir>
			<hashes>false</hashes>
		</dir>
	</extension>
	<extension point="xbmc.addon.metadata">
		<summary >HSK CREW,HSK FOREVER,K.U.S Team,Collabsvito,Kodinerds,Michaz,xStream (Repository Unofficial)</summary>
	<description>HSK CREW,HSK FOREVER,K.U.S Team,Collabsvito,Kodinerds,Michaz,xStream (Repository Unofficial)</description>
		<platform>all</platform>
	<license></license>
	<forum></forum>
	<website></website>
	<email></email>
	<source></source>
	<news></news>
	 <assets>
		<icon>icon.png</icon>
		<fanart>fanart.jpg</fanart>
	</assets>
	</extension>
</addon>