<?xml version="1.0" encoding="UTF-8" standalone="yes"?>
<addon id="plugin.video.vukovarusrcu" name="[B][I][COLOR red]VUKOVAR U SRCU[/COLOR][/I][/B]" version="0.1.0+matrix.1" provider-name="ZTBH">
<requires>
  <import addon="script.module.routing" version="0.2.3"/>
  <import addon="xbmc.python" version="3.0.0"/>
</requires>
<extension point="xbmc.python.pluginsource" library="resources/lib/addon_entry.py">
  <provides>video</provides>
</extension>
<extension point="xbmc.addon.metadata">
  <summary lang="en_GB">VUKOVAR U SRCU</summary>
  <description lang="hr_HR">Ovaj add-on ne sadrzi nikakav sadrzaj unutar add-ona vec samo linkove koji vode do strimova.</description>
  <disclaimer lang="en_GB">Nijedna televizijska stanica ne podržava ovaj dodatak, a pruža se "kakav jest" bez ikakvog jamstva.</disclaimer>
  <platform>all</platform>
  <license>GPL-3.0-only</license>
  <website>https://zadarbuild.com.hr/web/</website>
  <news>
v0.1.0
- Prvo javno izdanje
  </news>
  <assets>
    <icon>resources/media/icon.png</icon>
    <fanart>resources/media/fanart.jpg</fanart>
  </assets>
  <reuselanguageinvoker>true</reuselanguageinvoker>
</extension>
</addon>
