<?xml version="1.0" encoding="UTF-8"?>
<window>
	<views>100</views>
	<controls>
		<control type="image">
			<right>50%</right>
			<centertop>50%</centertop>
			<width>400</width>
			<height>400</height>
			<aspectratio>keep</aspectratio>
			<bordersize>10</bordersize>
			<texture>logo.png</texture>
		</control>
		<control type="list" id="100">
			<left>50%</left>
			<centertop>50%</centertop>
			<width>140</width>
			<height>180</height>
			<viewtype>list</viewtype>
			<itemlayout height="30">
				<control type="label">
					<left>10</left>
					<label>$INFO[ListItem.Label]</label>
					<textcolor>ffffffff</textcolor>
				</control>
			</itemlayout>
			<focusedlayout height="30">
				<control type="image">
					<left>0</left>
					<texture>menu-focus.png</texture>
				</control>
				<control type="label">
					<left>10</left>
					<label>$INFO[ListItem.Label]</label>
					<textcolor>ff000000</textcolor>
				</control>
			</focusedlayout>
		</control>
	</controls>
</window>
