{
    "name"              : "[COLOR grey]Gra[COLOR red]tis[/COLOR]",
    "api_language"      : "en-US",
    "icon"              : "https://gknwizard.eu/repo/Builds/GKoBu/Plugins/matrix/plugin.video.gratis/icon.png",
    "plugin"            : "plugin.video.microjen",
    "priority"          : 102,
    "fallback"          : {"play_movie": "gratis.json search_movie"},
    "play_movie"        : [
                            "plugin://plugin.video.gratis/?mode=vc_search",
                            {"keyboard": "{clearname}"},
                            {"label": "(?i)(^{clearname}$|^{clearname} HD)"}
                          ],
    "search_movie"        : [
                            "plugin://plugin.video.gratis/?mode=vc_search",
                            {"keyboard": "{clearname}"},
                            {"label": "(?i)^{clearname} (\\({year}\\)|{year})$"}
                          ],
    "play_episode"      : [
                            "plugin://plugin.video.gratis/?mode=vc_search",
                            {"keyboard": "{clearname}"},
                            {"label": "(?i)^{clearname}.+?Season {season}"},
                            {"label": "(?i).*Season {season}.+?Episode (?:0{episode}|{episode})(?:[^0-9]|$)"}
                          ],
    "is_resolvable"     : "false"
}