{
    "31000": "Main",
    "31001": "Setup IPTV Simple",
    "31002": "Select Color For Icons",
    "31010": "White",
    "31011": "Black",
    "31012": "Gradient",
    "32000": "123TV",
    "32001": "Custom Decryption Server",
    "32002": "Custom Decryption Server URL",
    "32003": "123TV Proxy",
    "32004": "123TV Proxy URL",
    "33000": "USTVGO",
    "33001": "USTVGO Proxy",
    "33002": "USTVGO Proxy URL",
    "34000": "Credits",
    "34001": "Open Credits Menu",
    "35000": "Playlist",
    "35001": "CZ / SK",
    "35002": "USTVGO",
    "35003": "TV247",
    "35004": "123TV",
    "35005": "Stream 2 Watch",
    "35006": "RBTV",
    "35007": "Additional US Channels",
    "35008": "Pluto TV",
    "35010": "Force update playlist",
    "36000": "EPG",
    "36001": "EPG Enabled"
}