<favourites>
	<favourite name="-Auth TMDBH Trakt" thumb="special://home/addons/resource.images.skinicons.wide/resources/icons/tmdbh.png">ExecuteBuiltin(&quot;RunScript(plugin.video.themoviedb.helper,authenticate_trakt)&quot;)</favourite>
	<favourite name="Auth: FEN Trakt" thumb="special://home/addons/resource.images.skinicons.wide/resources/icons/fen.png">ExecuteBuiltin(&quot;RunPlugin(plugin://plugin.video.fen/?mode=trakt.trakt_authenticate)&quot;)</favourite>
	<favourite name="Auth: Umbrella Trakt" thumb="special://home/addons/resource.images.skinicons.wide/resources/icons/umbrella.png">PlayMedia(&quot;plugin://plugin.video.umbrella/?action=tools_openSettings&amp;query=6.0&amp;sf_options=winID%3D10025%26fanart%3Dspecial%3A%2F%2Fhome%2Faddons%5Cplugin.video.umbrella%5Cresources%5Cartwork%5Cumbrella%5Cfanart.jpg%26desc%3D%5BB%5DSETTINGS%5B%2FB%5D+%3A+Trakt%26meta%3Dvotes%253D0%2526plot%253D%25255BB%25255DSETTINGS%25255B%25252FB%25255D%252B%25253A%252BTrakt%2526label%253D%25255BB%25255DSETTINGS%25255B%25252FB%25255D%252B%25253A%252BTrakt%26_options_sf&quot;)</favourite>
	<favourite name="Auth: Seren Trakt" thumb="special://home/addons/resource.images.skinicons.wide/resources/icons/seren.jpg">ExecuteBuiltin(&quot;addon.opensettings(plugin.video.seren)&quot;)</favourite>
	<favourite name="Auth: Homelander Trakt" thumb="special://home/addons\script.homelander.artwork\resources\media\homelander\trakt.png">PlayMedia(&quot;plugin://plugin.video.homelander/?action=authTrakt&amp;sf_options=winID%3D10025%26fanart%3Dspecial%3A%2F%2Fhome%2Faddons%5Cscript.homelander.artwork%5Cresources%5Cmedia%5Chomelander%5Cfanart.jpg%26desc%3D%5BCR%5D%26meta%3Dvotes%253D0%2526plot%253D%25255BCR%25255D%2526label%253D%25255BCOLOR%252Bwhite%25255D%25255BB%25255DTRAKT%25255B%25252FB%25255D%252B%25253A%252BAuthorise%25255B%25252FCOLOR%25255D%26_options_sf&quot;)</favourite>
	<favourite name="Auth: The Crew Trakt" thumb="special://home/addons/resource.images.skinicons.wide/resources/icons/crew.png">ActivateWindow(&quot;10025&quot;,&quot;plugin://plugin.video.thecrew/?action=authTrakt&quot;,return)</favourite>
	<favourite name="Auth: Scrubs Trakt" thumb="special://home/addons/resource.images.skinicons.wide/resources/icons/scrubs2.png">ExecuteBuiltin(&quot;RunPlugin(plugin://plugin.video.scrubsv2/?action=auth_trakt)&quot;)</favourite>
	<favourite name="Auth: Asgard Trakt" thumb="special://home/addons/resource.images.skinicons.wide/resources/icons/asgard.png">ActivateWindow(10025,&quot;plugin://plugin.video.asgard/?all_w=%7b%7d&amp;data=%20&amp;dates=%20&amp;description=TV&amp;eng_name=%20&amp;episode=%20&amp;fanart=http%3a%2f%2fnarcacist.com%2fimages%2fasg%2ffanart.jpg&amp;fav_status=false&amp;heb_name=%20&amp;iconimage=C%3a%5cUsers%5cJAYDEE%5cAppData%5cRoaming%5cKodi%5caddons%5cplugin.video.asgard%5cresources%5cartwork%2fbasic.png&amp;id=%20&amp;image_master&amp;isr=0&amp;last_id&amp;mode=117&amp;mypass&amp;name=%5bCOLOR%20goldenrod%5dAsgard%20TV%20Collection%5b%2fCOLOR%5d&amp;original_title=%20&amp;search_db&amp;season=%20&amp;show_original_year=%20&amp;tmdbid=%20&amp;url=users%2fme%2fcollection%2fshows%3flimit%3d40%26page%3d1&amp;video_data=%7b%22title%22%3a%20%22%5bCOLOR%20goldenrod%5dAsgard%20TV%20Collection%5b%2fCOLOR%5d%22%2c%20%22mediatype%22%3a%20%22movie%22%2c%20%22TVshowtitle%22%3a%20%22%22%2c%20%22season%22%3a%200%2c%20%22episode%22%3a%200%2c%20%22OriginalTitle%22%3a%20%22%20%22%2c%20%22rating%22%3a%20%220%22%2c%20%22plot%22%3a%20%22TV%22%2c%20%22Tag%22%3a%20%22114%22%2c%20%22id%22%3a%20%22%20%22%7d&amp;sf_options=fanart%3Dhttp%3A%2F%2Fnarcacist.com%2Fimages%2Fasg%2Ffanart.jpg%26meta%3Dlabel%253D%25255BCOLOR%252Bgoldenrod%25255DAsgard%252BTV%252BCollection%25255B%25252FCOLOR%25255D%26_options_sf&quot;,return)</favourite>
	<favourite name="Auth: Shadow Trakt" thumb="special://home/addons/resource.images.skinicons.wide/resources/icons/shadow.jpg">ActivateWindow(10025,&quot;plugin://plugin.video.shadow/?all_w=%7b%7d&amp;data=%20&amp;dates=%20&amp;description=TV&amp;eng_name=%20&amp;episode=%20&amp;fanart=https%3a%2f%2fseo-michael.co.uk%2fcontent%2fimages%2f2016%2f08%2ftrakt.jpg&amp;fav_status=false&amp;heb_name=%20&amp;iconimage=C%3a%5cUsers%5cJAYDEE%5cAppData%5cRoaming%5cKodi%5caddons%5cplugin.video.shadow%5cresources%5cartwork%2ftv_col.png&amp;id=%20&amp;image_master&amp;isr=0&amp;last_id&amp;mode=117&amp;mypass&amp;name=TV%20Collection&amp;original_title=%20&amp;search_db&amp;season=%20&amp;show_original_year=%20&amp;tmdbid=%20&amp;url=users%2fme%2fcollection%2fshows%3flimit%3d40%26page%3d1&amp;video_data=%7b%22title%22%3a%20%22TV%20Collection%22%2c%20%22mediatype%22%3a%20%22movie%22%2c%20%22TVshowtitle%22%3a%20%22%22%2c%20%22season%22%3a%200%2c%20%22episode%22%3a%200%2c%20%22OriginalTitle%22%3a%20%22%20%22%2c%20%22rating%22%3a%20%220%22%2c%20%22plot%22%3a%20%22TV%22%2c%20%22Tag%22%3a%20%22114%22%2c%20%22id%22%3a%20%22%20%22%7d&amp;sf_options=fanart%3Dhttps%3A%2F%2Fseo-michael.co.uk%2Fcontent%2Fimages%2F2016%2F08%2Ftrakt.jpg%26meta%3Dlabel%253DTV%252BCollection%26_options_sf&quot;,return)</favourite>
	<favourite name="Auth: Kodiverse Trakt" thumb="special://home/addons\plugin.video.KodiVerse\resources\artwork/basic.png">ActivateWindow(10025,&quot;plugin://plugin.video.KodiVerse/?all_w=%7b%7d&amp;data=%20&amp;dates=%20&amp;description=TV&amp;eng_name=%20&amp;episode=%20&amp;fanart=https%3a%2f%2fi.imgur.com%2ft0PWTDF.jpg&amp;fav_status=false&amp;heb_name=%20&amp;iconimage=C%3a%5cUsers%5cJAYDEE%5cAppData%5cRoaming%5cKodi%5caddons%5cplugin.video.KodiVerse%5cresources%5cartwork%2fbasic.png&amp;id=%20&amp;image_master&amp;isr=0&amp;last_id&amp;mode=117&amp;mypass&amp;name=%5bCOLOR%20lime%5dKodiVerse%20TV%20Collection%5b%2fCOLOR%5d&amp;original_title=%20&amp;search_db&amp;season=%20&amp;show_original_year=%20&amp;tmdbid=%20&amp;url=users%2fme%2fcollection%2fshows%3flimit%3d40%26page%3d1&amp;video_data=%7b%22title%22%3a%20%22%5bCOLOR%20lime%5dKodiVerse%20TV%20Collection%5b%2fCOLOR%5d%22%2c%20%22mediatype%22%3a%20%22movie%22%2c%20%22TVshowtitle%22%3a%20%22%22%2c%20%22season%22%3a%200%2c%20%22episode%22%3a%200%2c%20%22OriginalTitle%22%3a%20%22%20%22%2c%20%22rating%22%3a%20%220%22%2c%20%22plot%22%3a%20%22TV%22%2c%20%22Tag%22%3a%20%22114%22%2c%20%22id%22%3a%20%22%20%22%7d&amp;sf_options=fanart%3Dhttps%3A%2F%2Fi.imgur.com%2Ft0PWTDF.jpg%26meta%3Dlabel%253D%25255BCOLOR%252Blime%25255DKodiVerse%252BTV%252BCollection%25255B%25252FCOLOR%25255D%26_options_sf&quot;,return)</favourite>
	<favourite name="Auth: The Promise" thumb="special://home/addons/resource.images.skinicons.wide/resources/icons/promise.png">ExecuteBuiltin(&quot;RunPlugin(plugin://plugin.video.thepromise/?action=authTrakt)&quot;)</favourite>
</favourites>