<favourites>
    <favourite name="Ενεργοποίηση πρόσθετων" thumb="special://home/addons/plugin.program.downloader19/resources/media/enable.png">RunScript("special://home/addons/plugin.program.downloaderstartup/PY/Tools/HomeWidgetTools/enable_addons.py")</favourite>
    <favourite name="Update" thumb="special://home/addons/plugin.program.downloader19/resources/media/update.png">RunScript("special://home/addons/plugin.program.downloaderstartup/PY/Tools/HomeWidgetTools/Update.py")</favourite>
    <favourite name="Backup" thumb="special://home/addons/plugin.image.World/resources/media/iloveimg-resized(2)/backup.png">RunScript("special://home/addons/plugin.program.downloaderstartup/PY/Tools/HomeWidgetTools/backup.py")</favourite>
    <favourite name="AdvancedSettings" thumb="special://home/addons/plugin.image.World/resources/media/iloveimg-resized(2)/QuickConfigureAdvancedSettings.png">
	RunScript("special://home/addons/plugin.program.downloaderstartup/PY/AdvancedSettings.py")</favourite>
    <favourite name="Skin Switcher" thumb="special://home/addons/script.skinswitcher/icon.png">RunScript("special://home/addons/plugin.program.downloaderstartup/PY/Tools/HomeWidgetTools/SkinSwitcher.py")</favourite>
    <favourite name="Builds" thumb="special://home/addons/plugin.program.G.K.N.Wizard/resources/art/builds.png">RunScript("special://home/addons/plugin.program.downloaderstartup/PY/Tools/HomeWidgetTools/Builds.py")</favourite>
    <favourite name="System Information" thumb="special://home/addons/plugin.image.World/resources/media/iloveimg-resized(2)/SysInfo.png">RunScript("special://home/addons/plugin.program.downloaderstartup/PY/Tools/HomeWidgetTools/SystemInformation.py")</favourite>
    <favourite name="Keymap Editor" thumb="special://home/addons/plugin.image.World/resources/media/addonset foto/Keymap.png">RunScript("special://home/addons/plugin.program.downloaderstartup/PY/Tools/HomeWidgetTools/KeymapEditor.py")</favourite>
</favourites>
