<?xml version="1.0" encoding="UTF-8" standalone="yes"?>
<addon id="plugin.video.cabal" name="[COLOR crimson]Cabal[/COLOR]" version="1.0" provider-name="Forked by Wolfey B">
  <requires>
    <import addon="xbmc.python" version="3.0.0"/>
    <import addon="script.module.requests" version="2.22.0"/>
  </requires>
  <extension point="xbmc.python.pluginsource" library="default.py">
    <provides>video</provides>
  </extension>
  <extension point="xbmc.addon.metadata">
    <summary lang="en_GB">Playlists</summary>
    <summary lang="de_DE"></summary>
    <description lang="en_GB">This is a fork of Playlist Loader for Midian Playlists. Many thanks to the original developer and everyone involved in the continuance of this add-on.</description>
    <description lang="de_DE"></description>
    <language>en de</language>
    <platform>all</platform>
      <assets>
        <icon>icon.png</icon>
		<fanart>fanart.jpg</fanart>
    </assets>
  </extension>
</addon>
