<favourites>
	<favourite name="Auth: Real Debrid" thumb="special://home/addons/resource.images.skinicons.wide/resources/icons/150x150/realdebridlogo.png">ExecuteBuiltin(&quot;RunPlugin(plugin://plugin.video.fen/?mode=real_debrid.authenticate)&quot;)</favourite>
	<favourite name="Auth: Premiumize" thumb="special://home/addons/resource.images.skinicons.wide/resources/icons/premiumize.png">ExecuteBuiltin(&quot;RunPlugin(plugin://plugin.video.fen/?mode=premiumize.authenticate)&quot;)</favourite>
	<favourite name="Auth: All Debrid" thumb="special://home/addons/resource.images.skinicons.wide/resources/icons/alldebrid.png">ExecuteBuiltin(&quot;RunPlugin(plugin://plugin.video.fen/?mode=alldebrid.authenticate)&quot;)</favourite>
	<favourite name="Revoke: Real Debrid" thumb="special://home/addons/resource.images.skinicons.wide/resources/icons/150x150/realdebridrevoke.png">ExecuteBuiltin(&quot;RunPlugin(plugin://plugin.video.fen/?mode=real_debrid.revoke_authentication)&quot;)</favourite>
	<favourite name="Revoke: Premuimize" thumb="special://home/addons/resource.images.skinicons.wide/resources/icons/premiumizerevoke.png">ExecuteBuiltin(&quot;RunPlugin(plugin://plugin.video.fen/?mode=premiumize.revoke_authentication)&quot;)</favourite>
	<favourite name="Revoke: All Debrid" thumb="special://home/addons/resource.images.skinicons.wide/resources/icons/alldedridrevoke.png">ExecuteBuiltin(&quot;RunPlugin(plugin://plugin.video.fen/?mode=alldebrid.revoke_authentication)&quot;)</favourite>
	<favourite name="Settings: FEN" thumb="special://home/addons/resource.images.skinicons.wide/resources/icons/advanced.png">ExecuteBuiltin(&quot;addon.opensettings(plugin.video.fen)&quot;)</favourite>
</favourites>