{
    "items": [
        {
            "server_name": "elite-tv.co:80",
            "server_url": "http://elite-tv.co:80/c/",
            "macs": [
                "00:1A:79:5b:e9:e5",
                "00:1A:79:6c:f2:20",
                "00:1A:79:10:79:b6",
                "00:1A:79:4f:d0:c6",
                "00:1A:79:c3:ad:b4"
            ]
        },
        {
            "server_name": "fortheselect.uk:80",
            "server_url": "http://fortheselect.uk:80/c/",
            "macs": [
                "00:1A:79:74:81:c3",
                "00:1A:79:4e:e2:be",
                "00:1A:79:49:66:61",
                "00:1A:79:b6:86:30",
                "00:1A:79:6e:0a:fe",
                "00:1A:79:af:89:94",
                "00:1A:79:5d:e4:9a",
                "00:1A:79:5a:a3:0a",
                "00:1A:79:5e:36:09",
                "00:1A:79:ab:95:bf",
                "00:1A:79:ad:9d:90",
                "00:1A:79:fd:fe:5f",
                "00:1A:79:a6:3f:86",
                "00:1A:79:b5:12:4f",
                "00:1A:79:a6:4f:81",
                "00:1A:79:5b:fc:c3",
                "00:1A:79:ab:cf:64",
                "00:1A:79:5e:7a:a2",
                "00:1A:79:b4:eb:ce",
                "00:1A:79:5c:9c:ff",
                "00:1A:79:6b:2c:00",
                "00:1A:79:a6:3f:86",
                "00:1A:79:b0:1f:75",
                "00:1A:79:6e:22:4f",
                "00:1A:79:ca:8c:e2",
                "00:1A:79:3e:63:66"
            ]
        },
        {
            "server_name": "mag.123tv.to:8080",
            "server_url": "http://mag.123tv.to:8080/c/",
            "macs": [
                "00:1A:79:4f:ca:f7",
                "00:1A:79:48:f7:3a",
                "00:1A:79:58:15:c6",
                "00:1A:79:09:b0:18",
                "00:1A:79:ab:a2:60",
                "00:1A:79:50:3c:ce",
                "00:1A:79:43:5a:b1",
                "00:1A:79:b4:fb:2b",
                "00:1A:79:b1:f1:9c",
                "00:1A:79:b1:fd:49",
                "00:1A:79:19:1f:ec"
            ]
        },
        {
            "server_name": "topchannel.streamtv.to:8080",
            "server_url": "http://topchannel.streamtv.to:8080/c/",
            "macs": [
                "00:1A:79:7a:02:61",
                "00:1A:79:b6:83:09",
                "00:1A:79:a2:69:ba",
                "00:1A:79:94:12:ce",
                "00:1A:79:ae:13:99",
                "00:1A:79:ae:c7:88",
                "00:1A:79:a7:d3:91",
                "00:1A:79:ae:23:b4",
                "00:1A:79:40:1b:e0",
                "00:1A:79:aa:c7:0f",
                "00:1A:79:bd:1c:ff",
                "00:1A:79:a9:f5:88",
                "00:1A:79:ba:24:f0",
                "00:1A:79:41:c1:78",
                "00:1A:79:aa:d2:d5",
                "00:1A:79:32:f7:5b",
                "00:1A:79:50:2e:d8",
                "00:1A:79:88:f3:d0",
                "00:1A:79:19:09:37",
                "00:1A:79:b0:4d:fd",
                "00:1A:79:31:df:3b",
                "00:1A:79:59:80:9a",
                "00:1A:79:46:e4:6c",
                "00:1A:79:64:b4:1c",
                "00:1A:79:31:eb:1f",
                "00:1A:79:bc:ea:e5",
                "00:1A:79:42:14:92",
                "00:1A:79:b7:41:6d",
                "00:1A:79:bb:32:f2",
                "00:1A:79:3f:32:96",
                "00:1A:79:19:2f:09",
                "00:1A:79:40:ed:e8",
                "00:1A:79:20:0f:eb"
            ]
        },
        {
            "server_name": "kanalkonet.com:25461",
            "server_url": "http://kanalkonet.com:25461/c/",
            "macs": [
                "10:27:BE:0A:F3:20",
                "10:27:BE:0A:F3:1B",
                "10:27:BE:0A:F3:1A"
            ]
        },
        {
            "server_name": "hd-max.org:8080",
            "server_url": "http://hd-max.org:8080/c/",
            "macs": [
                "00:1A:79:af:73:dc"
            ]
        },
        {
            "server_name": "tv.iptvsupport.live",
            "server_url": "http://tv.iptvsupport.live/c/",
            "macs": [
                "00:1A:79:ab:bc:3b",
                "00:1A:79:a5:30:76",
                "00:1A:79:48:f7:91",
                "00:1A:79:ab:a2:60",
                "00:1A:79:06:a8:62",
                "00:1A:79:03:9f:28",
                "00:1A:79:4f:0b:3f",
                "00:1A:79:aa:2f:1a",
                "00:1A:79:bd:73:5b",
                "00:1A:79:bd:47:7a",
                "00:1A:79:ba:14:72",
                "00:1A:79:63:89:5c",
                "00:1A:79:51:3e:e7",
                "00:1A:79:b4:45:bb",
                "00:1A:79:a6:e8:55",
                "00:1A:79:50:32:7b",
                "00:1A:79:51:0d:0c",
                "00:1A:79:b5:56:aa",
                "00:1A:79:ab:ee:c8",
                "00:1A:79:b7:90:07",
                "00:1A:79:b8:78:cb",
                "00:1A:79:ad:4f:8d",
                "00:1A:79:6a:cb:f8",
                "00:1A:79:af:7a:a6",
                "00:1A:79:b1:f8:f8",
                "00:1A:79:30:10:ac",
                "00:1A:79:57:ae:4d",
                "00:1A:79:ad:4f:56",
                "00:1A:79:b9:78:af"
            ]
        },
        {
            "server_name": "bggxq.funtogether.xyz:8080",
            "server_url": "http://bggxq.funtogether.xyz:8080/c/",
            "macs": [
                "00:1A:79:a9:c3:7d",
                "00:1A:79:64:b9:53",
                "00:1A:79:5a:9d:56",
                "00:1A:79:6f:f3:5f",
                "00:1A:79:48:b4:d5",
                "00:1A:79:55:e3:b5",
                "00:1A:79:a7:e9:54",
                "00:1A:79:54:13:cc",
                "00:1A:79:53:48:e1",
                "00:1A:79:ba:91:e0",
                "00:1A:79:4c:1a:ad",
                "00:1A:79:b4:e6:a1",
                "00:1A:79:4a:5d:d4",
                "00:1A:79:54:14:be",
                "00:1A:79:2e:76:97",
                "00:1A:79:44:14:cc",
                "00:1A:79:a9:c4:9e",
                "00:1A:79:b5:cc:58",
                "00:1A:79:9f:95:64",
                "00:1A:79:b3:cb:d9",
                "00:1A:79:5e:39:ed",
                "00:1A:79:48:a6:1e",
                "00:1A:79:ae:80:aa",
                "00:1A:79:11:2f:ec",
                "00:1A:79:5d:cc:a4",
                "00:1A:79:d4:6f:e2",
                "00:1A:79:58:0b:68",
                "00:1A:79:1a:9b:d5",
                "00:1A:79:f0:ec:5f",
                "00:1A:79:b7:76:5c",
                "00:1A:79:ab:e5:9b",
                "00:1A:79:17:1f:74",
                "00:1A:79:73:cd:57",
                "00:1A:79:a1:85:ee",
                "00:1A:79:dc:0e:a4",
                "00:1A:79:56:8c:d1",
                "00:1A:79:97:23:26",
                "00:1A:79:b3:a2:95",
                "00:1A:79:44:49:4b",
                "00:1A:79:07:f3:ec",
                "00:1A:79:b1:f5:fe",
                "00:1A:79:47:9b:81",
                "00:1A:79:66:97:7a",
                "00:1A:79:62:c5:78",
                "00:1A:79:54:cb:62",
                "00:1A:79:a6:9b:ed",
                "00:1A:79:ae:13:4a"
            ]
        }
    ]
}