{
    "items": [
        {
            "server_name": "webflowmalta.club:8080",
            "server_url": "http://webflowmalta.club:8080/c/",
            "macs": [
                "00:1a:79:34:57:0e",
                "00:1a:79:74:87:53",
                "00:1a:79:25:6f:1f",
                "00:1a:79:72:98:13",
                "00:1a:79:12:6d:57",
                "00:1a:79:46:58:08",
                "00:1a:79:28:71:14",
                "00:1a:79:45:10:93",
                "00:1a:79:60:5c:84",
                "00:1a:79:90:30:77",
                "00:1a:79:93:7c:0a",
                "00:1a:79:72:7c:41",
                "00:1a:79:6b:08:49",
                "00:1a:79:76:50:84",
                "00:1a:79:83:56:53",
                "00:1a:79:05:1e:04",
                "00:1a:79:0d:15:27",
                "00:1a:79:67:4f:17",
                "00:1a:79:41:69:14",
                "00:1a:79:44:16:05",
                "00:1a:79:70:30:4c",
                "00:1a:79:2c:12:4c",
                "00:1a:79:78:4b:64",
                "00:1a:79:55:71:3d",
                "00:1a:79:24:16:3d",
                "00:1a:79:17:1c:82",
                "00:1a:79:43:82:85",
                "00:1a:79:57:57:44",
                "00:1a:79:6e:11:82",
                "00:1a:79:67:45:35",
                "00:1a:79:32:59:0f",
                "00:1a:79:6d:98:2f",
                "00:1a:79:2b:66:13",
                "00:1a:79:51:4f:98",
                "00:1a:79:64:41:60",
                "00:1a:79:90:13:58",
                "00:1a:79:3b:91:7f",
                "00:1a:79:46:68:3a",
                "00:1a:79:28:64:14",
                "00:1a:79:23:7f:6e",
                "00:1a:79:4f:73:28",
                "00:1a:79:00:49:00",
                "00:1a:79:72:01:65",
                "00:1a:79:5f:96:6c",
                "00:1a:79:76:25:7f"
            ]
        },
        {
            "server_name": "portal.ramz123.xyz:8080",
            "server_url": "http://portal.ramz123.xyz:8080/c/",
            "macs": [
                "00:1A:79:BE:89:AE",
                "00:1A:79:66:20:02",
                "00:1A:79:3F:B2:72",
                "00:1A:79:49:85:35",
                "00:1A:79:57:5C:3A",
                "00:1A:79:4B:60:FC",
                "00:1A:79:A3:06:D4",
                "00:1A:79:A6:7B:BC",
                "00:1A:79:68:E0:78",
                "00:1A:79:AA:AF:DC",
                "00:1A:79:76:73:56",
                "00:1A:79:B5:8E:A6",
                "00:1A:79:BD:69:F5",
                "00:1A:79:56:A5:CE",
                "00:1A:79:AD:35:F1",
                "00:1A:79:C3:FF:F7",
                "00:1A:79:01:6F:BD",
                "00:1A:79:35:71:87",
                "00:1A:79:46:F2:A6",
                "00:1A:79:EE:DC:F2",
                "00:1A:79:A6:D6:36",
                "00:1A:79:4D:91:79",
                "00:1A:79:27:1F:11",
                "00:1A:79:BD:0D:46",
                "00:1A:79:82:3A:70",
                "00:1A:79:1E:CA:E3",
                "00:1A:79:62:65:16",
                "00:1A:79:B7:2B:F2",
                "00:1A:79:31:72:CA",
                "00:1A:79:5D:CA:5B",
                "00:1A:79:97:2C:81",
                "00:1A:79:7E:4E:C3",
                "00:1A:79:3D:3B:15",
                "00:1A:79:AB:55:D0",
                "00:1A:79:B5:25:66",
                "00:1A:79:B0:C4:1A",
                "00:1A:79:A5:16:55",
                "00:1A:79:0D:D6:BB",
                "00:1A:79:A6:36:20",
                "00:1A:79:9C:10:2B",
                "00:1A:79:AE:7D:5D",
                "00:1A:79:4A:59:D6",
                "00:1A:79:AE:15:FB",
                "00:1A:79:C3:B8:B7",
                "00:1A:79:4B:DA:66"
            ]
        },
        {
            "server_name": "dcsport.xyz:8080",
            "server_url": "http://dcsport.xyz:8080/c/",
            "macs": [
                "00:1a:79:ab:3b:07",
                "00:1a:79:a2:91:46",
                "00:1a:79:a6:cc:d6",
                "00:1a:79:a4:93:88",
                "00:1a:79:a8:ed:3e",
                "00:1a:79:a6:0e:80",
                "00:1a:79:a8:0a:2a",
                "00:1a:79:a2:bf:c3",
                "00:1a:79:a7:13:58",
                "00:1a:79:ab:6f:42",
                "00:1a:79:a5:0b:18",
                "00:1a:79:a4:8d:a5",
                "00:1a:79:ab:5c:7f",
                "00:1a:79:aa:50:98",
                "00:1a:79:a6:45:f5",
                "00:1a:79:a7:41:fd",
                "00:1a:79:a4:89:26",
                "00:1a:79:ad:39:bf",
                "00:1a:79:a9:c0:39",
                "00:1a:79:ad:5f:b6",
                "00:1a:79:ab:5e:89",
                "00:1a:79:ad:5e:56",
                "00:1a:79:ad:6c:f1",
                "00:1a:79:aa:bd:ea",
                "00:1a:79:ab:54:a3",
                "00:1a:79:a7:a2:d8",
                "00:1a:79:ab:eb:91",
                "00:1a:79:a4:67:1f",
                "00:1a:79:ab:6f:42",
                "00:1a:79:ad:bd:bd",
                "00:1a:79:a2:03:3f",
                "00:1a:79:ab:b2:b4",
                "00:1a:79:ab:48:41",
                "00:1a:79:ab:26:ce",
                "00:1a:79:a3:f0:c3",
                "00:1a:79:a4:e5:77"
            ]
        },
        {
            "server_name": "vipavrasya.tv:15000",
            "server_url": "http://vipavrasya.tv:15000/c/",
            "macs": [
                "00:1a:79:6d:ba:32"
            ]
        },
        {
            "server_name": "localhd.tv:8081",
            "server_url": "http://localhd.tv:8081/c/",
            "macs": [
                "00:1a:79:aa:dc:c0"
            ]
        },
        {
            "server_name": "vod.t-pro.cyou:8080",
            "server_url": "http://vod.t-pro.cyou:8080/c/",
            "macs": [
                "00:1a:79:ad:49:43"
            ]
        },
        {
            "server_name": "mag.desi123.xyz",
            "server_url": "http://mag.desi123.xyz/stalker_portal/c/",
            "macs": [
                "00:1A:79:01:03:93",
                "00:1A:79:04:14:50",
                "00:1A:79:04:01:88",
                "00:1A:79:05:46:15",
                "00:1A:79:07:c2:c6",
                "00:1A:79:08:4F:02",
                "00:1A:79:09:22:03",
                "00:1A:79:09:BD:15",
                "00:1A:79:09:D3:C4",
                "00:1A:79:09:D2:3A",
                "00:1A:79:0A:2E:DD",
                "00:1A:79:0D:B9:EF",
                "00:1A:79:0D:65:9D",
                "00:1A:79:0E:0D:3D",
                "00:1A:79:0F:B2:B4",
                "00:1A:79:12:5F:E8",
                "00:1A:79:20:07:19",
                "00:1A:79:19:03:22",
                "00:1A:79:22:9F:82",
                "00:1A:79:31:87:63",
                "00:1A:79:34:92:11",
                "00:1A:79:33:0F:00",
                "00:1A:79:33:47:4E",
                "00:1A:79:40:94:02",
                "00:1A:79:43:D2:D4",
                "00:1A:79:53:2C:9B",
                "00:1A:79:5A:00:73"
            ]
        },
        {
            "server_name": "alfatv.life:8080",
            "server_url": "http://alfatv.life:8080/c/",
            "macs": [
                "00:1a:79:aa:8f:c1",
                "00:1a:79:ab:ae:01",
                "00:1a:79:ae:9c:cf",
                "00:1a:79:ad:96:12",
                "00:1a:79:ac:58:46",
                "00:1a:79:a2:c9:85",
                "00:1a:79:a3:e0:6f",
                "00:1a:79:a7:58:c7",
                "00:1a:79:a9:7a:31",
                "00:1a:79:ae:38:d2",
                "00:1a:79:a5:5f:fe",
                "00:1a:79:a7:8d:03",
                "00:1a:79:ad:7f:ed",
                "00:1a:79:a5:2e:53",
                "00:1a:79:a8:6f:6d",
                "00:1a:79:a6:85:fa",
                "00:1a:79:a3:bc:2f",
                "00:1a:79:ad:ae:99",
                "00:1a:79:aa:5e:4c",
                "00:1a:79:a6:9b:17",
                "00:1a:79:ae:c5:de",
                "00:1a:79:a1:29:73",
                "00:1a:79:a6:0a:6b",
                "00:1a:79:a9:d5:20",
                "00:1a:79:aa:0d:14",
                "00:1a:79:ae:02:3c",
                "00:1a:79:a7:b4:21",
                "00:1a:79:aa:59:32",
                "00:1a:79:a0:00:be"
            ]
        }
    ]
}