{
    "items": [
        {
            "server_name": "neomixs.com:8080",
            "server_url": "http://neomixs.com:8080/c/",
            "macs": [
                "00:1a:79:ad:f4:93",
                "00:1a:79:8c:20:4d",
                "00:1a:79:39:51:03",
                "00:1a:79:23:b7:62",
                "00:1a:79:2a:d2:0b",
                "00:1a:79:a7:7f:0e",
                "00:1a:79:b1:fe:e6",
                "00:1a:79:47:42:9e",
                "00:1a:79:54:df:af",
                "00:1a:79:9b:57:9c",
                "00:1a:79:e7:97:41",
                "00:1a:79:d5:48:37",
                "00:1a:79:05:dc:c6",
                "00:1a:79:a5:6f:96",
                "00:1a:79:54:b8:7f",
                "00:1a:79:1c:0c:db",
                "00:1a:79:2a:d3:01",
                "00:1a:79:31:79:9e",
                "00:1a:79:46:86:08",
                "00:1a:79:b4:33:30",
                "00:1a:79:63:9d:71",
                "00:1a:79:59:b3:03"
            ]
        },
        {
            "server_name": "ip.king-cobra.eu:8080",
            "server_url": "http://ip.king-cobra.eu:8080/c/",
            "macs": [
                "00:1a:79:97:61:43",
                "00:1a:79:b9:05:10",
                "00:1a:79:54:fc:f5",
                "00:1a:79:b4:e8:49",
                "00:1a:79:b0:e2:ee",
                "00:1a:79:74:07:b3",
                "00:1a:79:1f:01:6c",
                "00:1a:79:bb:c6:bd",
                "00:1a:79:3d:59:24",
                "00:1a:79:54:62:c1",
                "00:1a:79:08:64:7e",
                "00:1a:79:78:df:cc",
                "00:1a:79:3a:b8:e3",
                "00:1a:79:6a:81:84",
                "00:1a:79:2c:42:a5",
                "00:1a:79:56:a3:97",
                "00:1a:79:a4:4f:4e",
                "00:1a:79:2d:7a:b2",
                "00:1a:79:57:da:44",
                "00:1a:79:6a:48:27",
                "00:1a:79:1c:9e:ba",
                "00:1a:79:4b:e0:2e",
                "00:1a:79:83:7c:0b",
                "00:1a:79:7f:ce:59",
                "00:1a:79:14:2f:7e",
                "00:1a:79:b7:3d:30",
                "00:1a:79:5e:08:a0"
            ]
        },
        {
            "server_name": "o2iptv.com:8080",
            "server_url": "http://o2iptv.com:8080/c/",
            "macs": [
                "00:1A:79:b2:f1:d6",
                "00:1A:79:b0:e9:00",
                "00:1A:79:38:15:37",
                "00:1A:79:54:D9:E6",
                "00:1A:79:A7:62:DF",
                "00:1A:79:A7:3B:C9",
                "00:1A:79:49:0f:66",
                "00:1A:79:aa:06:7a",
                "00:1A:79:a7:75:f0",
                "00:1A:79:a9:f9:79",
                "00:1A:79:a8:1f:a4",
                "00:1A:79:a3:33:63",
                "00:1A:79:b0:29:e1",
                "00:1A:79:ac:9f:eb",
                "00:1A:79:55:09:96",
                "00:1A:79:30:3d:f2",
                "00:1A:79:a8:89:a1",
                "00:1A:79:b1:00:2e",
                "00:1A:79:a7:60:45",
                "00:1A:79:b1:31:5d",
                "00:1A:79:49:10:63",
                "00:1A:79:ac:6d:63"
            ]
        },
        {
            "server_name": "ultimateiptv.me:8081",
            "server_url": "http://ultimateiptv.me:8081/c/",
            "macs": [
                "00:1A:79:59:B6:7B",
                "00:1a:79:58:41:b5",
                "00:1a:79:A4:A3:09",
                "00:1a:79:44:af:16",
                "00:1a:79:35:c1:e1",
                "00:1A:79:AE:CE:20",
                "00:1A:79:C0:1A:CB",
                "00:1A:79:AE:BA:10",
                "00:1A:79:AD:AA:53",
                "00:1A:79:95:91:86",
                "00:1A:79:69:00:46",
                "00:1A:79:66:03:CF",
                "00:1A:79:66:06:9B",
                "00:1A:79:66:06:93",
                "00:1A:79:5F:1A:83",
                "00:1A:79:49:2C:6E",
                "00:1A:79:49:67:80",
                "00:1A:79:48:22:EB",
                "00:1A:79:47:81:3F",
                "00:1A:79:47:9B:A2",
                "00:1A:79:47:7F:8B",
                "00:1A:79:44:6E:EC",
                "00:1A:79:46:05:73",
                "00:1A:79:43:2F:B9",
                "00:1A:79:43:04:88",
                "00:1A:79:42:D5:64",
                "00:1A:79:40:04:69",
                "00:1A:79:3C:51:68",
                "00:1A:79:5B:00:7E",
                "00:1A:79:59:8A:CC",
                "00:1A:79:3D:1F:16",
                "00:1A:79:3B:CA:CB",
                "00:1A:79:3B:40:D9",
                "00:1A:79:37:7A:9C",
                "00:1A:79:3B:44:B5",
                "00:1A:79:3A:28:5A",
                "00:1A:79:36:20:03",
                "00:1A:79:36:24:A6",
                "00:1A:79:2E:2C:08",
                "00:1A:79:00:38:8F",
                "00:1A:79:58:BF:B5",
                "00:1A:79:58:A0:13",
                "00:1A:79:54:3D:51",
                "00:1A:79:54:32:D9",
                "00:1A:79:54:25:47",
                "00:1A:79:53:41:09",
                "00:1A:79:53:47:5E",
                "00:1A:79:53:41:C6",
                "00:1A:79:53:41:A3",
                "00:1A:79:52:72:19",
                "00:1A:79:52:1A:A6",
                "00:1A:79:50:3F:21",
                "00:1A:79:4C:AA:78",
                "00:1A:79:4C:4C:9A",
                "00:1A:79:4B:26:81",
                "00:1A:79:58:25:65"
            ]
        },
        {
            "server_name": "thehomevideos.co.uk:2086",
            "server_url": "http://thehomevideos.co.uk:2086/c/",
            "macs": [
                "00:1A:79:fc:8d:6b",
                "00:1A:79:78:69:a1",
                "00:1A:79:d2:34:e9",
                "00:1A:79:23:90:30",
                "00:1A:79:59:b2:54",
                "00:1A:79:e0:29:65",
                "00:1A:79:64:75:57",
                "00:1A:79:33:c3:2c",
                "00:1A:79:d6:2e:40",
                "00:1A:79:bc:48:13",
                "00:1A:79:b6:37:b2",
                "00:1A:79:fe:ed:90",
                "00:1A:79:b8:27:c1",
                "00:1A:79:91:0d:b2",
                "00:1A:79:73:4d:ac",
                "00:1A:79:e0:7a:10",
                "00:1A:79:ab:f1:f6",
                "00:1A:79:45:4b:e2",
                "00:1A:79:02:6d:25",
                "00:1A:79:43:22:31",
                "00:1A:79:d2:36:b3",
                "00:1A:79:d0:08:5e",
                "00:1A:79:58:f0:60",
                "00:1A:79:43:7e:f8",
                "00:1A:79:8d:bb:79",
                "00:1A:79:66:b7:4a",
                "00:1A:79:38:86:fb",
                "00:1A:79:27:53:fd"
            ]
        }
    ]
}