{
    "items": [
        {
            "server_name": "195.181.163.37",
            "server_url": "http://195.181.163.37/stalker_portal/c/",
            "macs": [
                "00:1A:79:42:49:73",
                "00:1A:79:44:02:C9",
                "00:1A:79:7E:81:86",
                "00:1A:79:15:2F:70",
                "00:1A:79:B7:6D:61",
                "00:1A:79:5F:11:A3",
                "00:1A:79:37:B3:72",
                "00:1A:79:1D:5F:27"
            ]
        },
        {
            "server_name": "62.182.80.60",
            "server_url": "http://62.182.80.60/stalker_portal/c/",
            "macs": [
                "00:1A:79:40:A0:D4"
            ]
        },
        {
            "server_name": "185.246.209.166",
            "server_url": "http://185.246.209.166/stalker_portal/c/",
            "macs": [
                "00:1A:79:4E:F8:0C"
            ]
        },
        {
            "server_name": "powertv365.com:999",
            "server_url": "http://powertv365.com:999/c/",
            "macs": [
                "00:1A:79:6c:b6:8e",
                "00:1A:79:4f:b9:43"
            ]
        },
        {
            "server_name": "c.overboxtv.com:8080",
            "server_url": "http://c.overboxtv.com:8080/c/",
            "macs": [
                "00:1A:79:a6:fa:35",
                "00:1A:79:b7:11:1e",
                "00:1A:79:40:74:88",
                "00:1A:79:a5:af:ac",
                "00:1A:79:a6:3a:10",
                "00:1A:79:c0:10:e7",
                "00:1A:79:46:06:b2",
                "00:1A:79:a6:7c:94",
                "00:1A:79:b3:6a:be",
                "00:1A:79:d8:d9:45",
                "00:1A:79:1a:fc:58",
                "00:1A:79:b4:33:b7",
                "00:1A:79:0a:b1:da",
                "00:1A:79:d2:68:61",
                "00:1A:79:a7:d8:8a",
                "00:1A:79:ba:21:fe",
                "00:1A:79:8f:fd:cc",
                "00:1A:79:49:7d:4d",
                "00:1A:79:56:53:b3",
                "00:1A:79:a5:2d:a5",
                "00:1A:79:d6:74:c0",
                "00:1A:79:5a:49:a7",
                "00:1A:79:4e:9f:39",
                "00:1A:79:63:5e:e5",
                "00:1A:79:4d:12:71",
                "00:1A:79:44:ca:3a",
                "00:1A:79:bb:c6:3e",
                "00:1A:79:ae:d7:79",
                "00:1A:79:b3:1e:f5",
                "00:1A:79:56:29:21",
                "00:1A:79:68:01:78",
                "00:1A:79:a7:20:1a"
            ]
        },
        {
            "server_name": "ayasat.123tv.to:80",
            "server_url": "http://ayasat.123tv.to:80/c/",
            "macs": [
                "00:1A:79:44:B8:9B",
                "00:1A:79:45:00:4A",
                "00:1A:79:59:60:33"
            ]
        },
        {
            "server_name": "swissiptv.us:8080",
            "server_url": "http://swissiptv.us:8080/c/",
            "macs": [
                "00:1A:79:B5:01:2A",
                "00:1A:79:5C:C3:BA",
                "00:1A:79:AB:C3:24",
                "00:1A:79:B1:24:72",
                "00:1A:79:6C:F3:BC",
                "00:1A:79:A5:29:BA",
                "00:1A:79:DC:53:45",
                "00:1A:79:C4:42:57",
                "00:1A:79:B4:49:C4",
                "00:1A:79:BD:4E:9E",
                "00:1A:79:56:92:34",
                "00:1A:79:AE:6D:0A",
                "00:1A:79:AF:6B:02",
                "00:1A:79:A6:C9:1F",
                "00:1A:79:4F:28:2D",
                "00:1A:79:BB:EA:4C",
                "00:1A:79:67:2E:F8",
                "00:1A:79:33:A0:0F",
                "00:1A:79:C0:40:80",
                "00:1A:79:1E:8F:30",
                "00:1A:79:AE:BD:72",
                "00:1A:79:BC:FA:7E",
                "00:1A:79:AD:10:D8",
                "00:1A:79:AE:51:ED",
                "00:1A:79:AF:73:23",
                "00:1A:79:AB:6B:3D",
                "00:1A:79:39:84:62",
                "00:1A:79:5C:20:1B",
                "00:1A:79:BB:48:1B",
                "00:1A:79:4A:3E:1C",
                "00:1A:79:AE:2B:8A",
                "00:1A:79:B7:17:E7",
                "00:1A:79:4E:A1:2D",
                "00:1A:79:A5:9E:26",
                "00:1A:79:64:B2:F3",
                "00:1A:79:A3:B7:B5",
                "00:1A:79:1F:1A:2B",
                "00:1A:79:77:A1:6F",
                "00:1A:79:2A:EE:ED",
                "00:1A:79:3D:5D:D5",
                "00:1A:79:63:0E:66",
                "00:1A:79:B5:C5:A8",
                "00:1A:79:31:0F:2C",
                "00:1A:79:AF:89:BE",
                "00:1A:79:AE:89:08",
                "00:1A:79:64:DD:76",
                "00:1A:79:BC:34:2B",
                "00:1A:79:62:60:6E",
                "00:1A:79:DA:FC:B4",
                "00:1A:79:AD:13:13",
                "00:1A:79:AD:27:C9",
                "00:1A:79:5A:E4:88",
                "00:1A:79:12:31:12",
                "00:1A:79:A7:EA:33",
                "00:1A:79:AC:D2:BC",
                "00:1A:79:2E:2B:58",
                "00:1A:79:EE:55:19",
                "00:1A:79:27:BD:21",
                "00:1A:79:AC:D3:34",
                "00:1A:79:BD:13:1A",
                "00:1A:79:BC:35:05",
                "00:1A:79:DD:ED:3E",
                "00:1A:79:D6:39:E0",
                "00:1A:79:A6:90:9C"
            ]
        }
    ]
}