{
    "items": [
        {
            "server_name": "heretv.club",
            "server_url": "http://heretv.club/c/",
            "macs": [
                "00:1a:79:a8:6c:63",
                "00:1a:79:d1:d0:8f",
                "00:1a:79:6b:07:b3",
                "00:1a:79:64:80:17",
                "00:1a:79:59:14:38",
                "00:1a:79:6e:c7:e6",
                "00:1a:79:d4:c7:b2",
                "00:1a:79:b4:32:13",
                "00:1a:79:25:2f:ea",
                "00:1a:79:51:ee:7a",
                "00:1a:79:6e:94:84",
                "00:1a:79:6b:1d:c9",
                "00:1a:79:e8:58:5d",
                "00:1a:79:5d:e5:52",
                "00:1a:79:ad:9b:63",
                "00:1a:79:57:8d:6c",
                "00:1a:79:52:88:ad",
                "00:1a:79:0d:f9:c8",
                "00:1a:79:c1:77:f0",
                "00:1a:79:63:ae:20",
                "00:1a:79:0a:d3:07",
                "00:1a:79:00:18:00",
                "00:1a:79:c0:2e:81"
            ]
        },
        {
            "server_name": "poyraz67.com:8080",
            "server_url": "http://poyraz67.com:8080/c/",
            "macs": [
                "00:1a:79:5e:e4:b9",
                "00:1a:79:4f:00:e8",
                "00:1a:79:74:84:a5",
                "00:1a:79:1c:2f:fc",
                "00:1a:79:44:c1:12",
                "00:1a:79:b2:81:92",
                "00:1a:79:81:93:52",
                "00:1a:79:35:c4:de",
                "00:1a:79:37:20:b5",
                "00:1a:79:00:9f:b2",
                "00:1a:79:34:3a:2c",
                "00:1a:79:32:45:37",
                "00:1a:79:b7:1d:c0",
                "00:1a:79:a8:ed:3e",
                "00:1a:79:45:50:f7",
                "00:1a:79:c7:44:c0",
                "00:1a:79:ae:1f:a7",
                "00:1a:79:c2:90:1c",
                "00:1a:79:12:97:8d",
                "00:1a:79:31:f9:c9",
                "00:1a:79:40:42:bb",
                "00:1a:79:47:e9:12",
                "00:1a:79:58:37:27",
                "00:1a:79:a6:54:3f",
                "00:1a:79:59:b2:a5",
                "00:1a:79:6c:f1:aa",
                "00:1a:79:ad:90:93",
                "00:1a:79:13:56:aa",
                "00:1a:79:e0:7f:bd",
                "00:1a:79:50:19:56",
                "00:1a:79:23:f0:08",
                "00:1a:79:ae:1d:a3",
                "00:1a:79:d7:5f:69",
                "00:1a:79:57:a8:37",
                "00:1a:79:1d:ef:89"
            ]
        },
        {
            "server_name": "host.xtreamhost.top",
            "server_url": "http://host.xtreamhost.top/c/",
            "macs": [
                "00:1a:79:4c:5f:b4",
                "00:1a:79:5e:82:a1",
                "00:1a:79:4c:c6:3c",
                "00:1a:79:4d:95:6b",
                "00:1a:79:52:30:16",
                "00:1a:79:57:2a:74",
                "00:1a:79:b2:05:e0",
                "00:1a:79:64:de:e1"
            ]
        },
        {
            "server_name": "matrix-ott.tv:8080",
            "server_url": "http://matrix-ott.tv:8080/c/",
            "macs": [
                "00:1a:79:4e:71:a6",
                "00:1a:79:4c:48:01",
                "00:1a:79:31:ec:84",
                "00:1a:79:50:73:ca",
                "00:1a:79:5b:ef:ea",
                "00:1a:79:29:aa:8f",
                "00:1a:79:70:37:49",
                "00:1a:79:c4:49:cc",
                "00:1a:79:ad:84:5c",
                "00:1a:79:75:a6:8e",
                "00:1a:79:bb:c5:c8",
                "00:1a:79:ad:ad:e5",
                "00:1a:79:ba:2d:ad",
                "00:1a:79:af:6f:80",
                "00:1a:79:4f:eb:b5",
                "00:1a:79:d5:b1:34",
                "00:1a:79:6f:9a:6c",
                "00:1a:79:1d:41:11",
                "00:1a:79:23:d4:a3",
                "00:1a:79:24:f4:41",
                "00:1a:79:5f:ad:66",
                "00:1a:79:69:c9:72",
                "00:1a:79:46:7c:d5",
                "00:1a:79:d7:0e:6e",
                "00:1a:79:b2:11:69",
                "00:1a:79:6e:b8:69",
                "00:1a:79:bd:00:65",
                "00:1a:79:72:c9:5d",
                "00:1a:79:1f:5e:65",
                "00:1a:79:2a:15:e8",
                "00:1a:79:df:ad:dd",
                "00:1a:79:41:03:94"
            ]
        },
        {
            "server_name": "snowdark.xyz:7575",
            "server_url": "http://snowdark.xyz:7575/c/",
            "macs": [
                "00:1a:79:48:65:9d",
                "00:1a:79:11:6f:fb",
                "00:1a:79:5c:86:21",
                "00:1a:79:20:57:36",
                "00:1a:79:52:de:74"
            ]
        },
        {
            "server_name": "in.lionboxiptv.nl",
            "server_url": "http://in.lionboxiptv.nl/c/",
            "macs": [
                "00:1a:79:ab:cd:fd"
            ]
        },
        {
            "server_name": "iptv.darktv.eu:25461",
            "server_url": "http://iptv.darktv.eu:25461/c/",
            "macs": [
                "00:1a:79:c0:0d:db"
            ]
        },
        {
            "server_name": "tv.fast-iptv.info:12974",
            "server_url": "http://tv.fast-iptv.info:12974/c/",
            "macs": [
                "00:1a:79:68:e4:e6",
                "00:1a:79:5b:ea:e4",
                "00:1a:79:6d:f2:98"
            ]
        },
        {
            "server_name": "144.76.6.219:8000",
            "server_url": "http://144.76.6.219:8000/c/",
            "macs": [
                "00:1a:79:4e:3a:e3"
            ]
        },
        {
            "server_name": "bozhd.eu:7575",
            "server_url": "http://bozhd.eu:7575/c/",
            "macs": [
                "00:1a:79:85:d5:84",
                "00:1a:79:3d:c4:06",
                "00:1a:79:46:44:62",
                "00:1a:79:52:dc:da",
                "00:1a:79:5f:ce:88",
                "00:1a:79:3f:65:e1"
            ]
        },
        {
            "server_name": "youriptv.org:2095",
            "server_url": "http://youriptv.org:2095/c/",
            "macs": [
                "00:1a:79:48:5b:aa",
                "00:1a:79:6b:7e:fc",
                "00:1a:79:9a:91:59",
                "00:1a:79:9b:71:e2",
                "00:1a:79:4a:ac:10",
                "00:1a:79:4a:34:c2",
                "00:1a:79:b2:7a:6f",
                "00:1a:79:74:32:43",
                "00:1a:79:0c:df:a4",
                "00:1a:79:ab:f4:ed"
            ]
        },
        {
            "server_name": "triptv.club",
            "server_url": "http://triptv.club/c/",
            "macs": [
                "00:1A:79:5B:80:B9",
                "00:1A:79:A1:1C:58",
                "00:1A:79:74:E8:9A",
                "00:1A:79:63:FE:20"
            ]
        },
        {
            "server_name": "tv.trexiptv.com:8000",
            "server_url": "http://tv.trexiptv.com:8000/c/",
            "macs": [
                "00:1A:79:83:D4:D5",
                "00:1A:79:A9:CC:FF",
                "00:1A:79:8E:EC:CF",
                "00:1A:79:74:E8:9A",
                "00:1A:79:C3:1E:E9",
                "00:1A:79:5B:80:B9",
                "00:1A:79:63:FE:20",
                "00:1A:79:A1:1C:58"
            ]
        },
        {
            "server_name": "mag.ginclubmalta.com:25461",
            "server_url": "http://mag.ginclubmalta.com:25461/c/",
            "macs": [
                "00:1A:79:B3:9D:6C"
            ]
        },
        {
            "server_name": "triptv.club:8000",
            "server_url": "http://triptv.club:8000/c/",
            "macs": [
                "00:1A:79:8E:EC:CF"
            ]
        },
        {
            "server_name": "portal1.iptv-mag.com",
            "server_url": "http://portal1.iptv-mag.com/c/",
            "macs": [
                "00:1A:79:62:06:7E"
            ]
        },
        {
            "server_name": "swedenplay.one:8080",
            "server_url": "http://swedenplay.one:8080/c/",
            "macs": [
                "00:1A:79:B8:8E:45"
            ]
        },
        {
            "server_name": "line.4k-eu.com:80",
            "server_url": "http://line.4k-eu.com:80/c/",
            "macs": [
                "00:1A:79:aa:d2:92",
                "00:1A:79:6f:f3:6b",
                "00:1A:79:36:fd:22",
                "00:1A:79:ad:86:db",
                "00:1A:79:6f:0f:54",
                "00:1A:79:73:be:02",
                "00:1A:79:b3:11:98",
                "00:1A:79:5e:b7:05"
            ]
        },
        {
            "server_name": "p1.iptvprivateserver.tv",
            "server_url": "http://p1.iptvprivateserver.tv/c/",
            "macs": [
                "00:1A:79:2D:84:10"
            ]
        },
        {
            "server_name": "alblive.org",
            "server_url": "http://alblive.org/c/",
            "macs": [
                "00:1A:79:34:02:BB",
                "00:1A:79:2D:84:10"
            ]
        },
        {
            "server_name": "p1.iptvprivateserver.tv",
            "server_url": "http://p1.iptvprivateserver.tv/c/",
            "macs": [
                "00:1A:79:34:02:BB",
                "00:1A:79:2D:84:10"
            ]
        },
        {
            "server_name": "iptv.gptv.xyz",
            "server_url": "http://iptv.gptv.xyz/c/",
            "macs": [
                "00:1A:79:12:2C:CC"
            ]
        },
        {
            "server_name": "x4ever.eu:8000",
            "server_url": "http://x4ever.eu:8000/c/",
            "macs": [
                "00:1A:79:38:1D:D9"
            ]
        },
        {
            "server_name": "p4.giffy.be:8080",
            "server_url": "http://p4.giffy.be:8080/c/",
            "macs": [
                "00:1A:79:64:4F:AE",
                "00:1A:79:38:1D:D9"
            ]
        },
        {
            "server_name": "x4ever.eu:8000",
            "server_url": "http://x4ever.eu:8000/c/",
            "macs": [
                "00:1A:79:64:4F:AE",
                "00:1A:79:38:1D:D9"
            ]
        },
        {
            "server_name": "mymag.tv:8080",
            "server_url": "http://mymag.tv:8080/c/",
            "macs": [
                "00:1A:79:4C:83:45",
                "00:1A:79:31:bf:ba",
                "00:1A:79:31:bf:ba",
                "00:1a:79:98:c5:7d",
                "00:1a:79:ab:5f:60",
                "00:1A:79:40:CF:5E",
                "00:1A:79:40:D1:2C",
                "00:1a:79:40:47:a8",
                "00:1A:79:02:50:99",
                "00:1A:79:4C:83:45",
                "00:1A:79:16:cc:d0",
                "00:1A:79:31:bf:ba",
                "00:1A:79:50:04:B3",
                "00:1A:79:16:cc:d0",
                "00:1A:79:31:bf:ba",
                "00:1A:79:16:cc:d0",
                "00:1A:79:50:04:B3"
            ]
        },
        {
            "server_name": "in.lionboxiptv.nl",
            "server_url": "http://in.lionboxiptv.nl/c/",
            "macs": [
                "00:1A:79:ae:a9:7f",
                "00:1A:79:f6:55:3a",
                "00:1A:79:be:91:ad",
                "00:1A:79:19:44:5f",
                "00:1A:79:53:c8:0c",
                "00:1A:79:31:87:e5",
                "00:1A:79:bb:51:fd",
                "00:1A:79:be:9d:e3",
                "00:1A:79:ac:7f:23",
                "00:1A:79:a2:6f:1d",
                "00:1A:79:a5:96:82",
                "00:1A:79:ab:cd:7b",
                "00:1A:79:bb:4b:59",
                "00:1A:79:5d:00:ef",
                "00:1A:79:03:13:d5",
                "00:1A:79:56:b9:25",
                "00:1A:79:2b:c0:69",
                "00:1A:79:31:7e:b2",
                "00:1A:79:b4:2f:74",
                "00:1A:79:8f:f9:3f",
                "00:1A:79:ab:1a:05",
                "00:1A:79:c8:7f:19",
                "00:1A:79:ba:09:58",
                "00:1A:79:b9:be:cc",
                "00:1A:79:b2:12:31",
                "00:1A:79:b7:86:88",
                "00:1A:79:be:9d:e3",
                "00:1A:79:a2:c9:fb",
                "00:1A:79:a6:7c:50",
                "00:1A:79:a9:e2:c6",
                "00:1A:79:b0:e7:51"
            ]
        },
        {
            "server_name": "89.41.179.17:25461",
            "server_url": "http://89.41.179.17:25461/c/",
            "macs": [
                "00:1A:79:cf:67:89",
                "00:1A:79:5c:a9:36",
                "00:1A:79:5c:44:33",
                "00:1A:79:43:69:4c",
                "00:1A:79:ff:af:5d",
                "00:1A:79:65:72:9f"
            ]
        },
        {
            "server_name": "sm12.sunmoney.net",
            "server_url": "http://sm12.sunmoney.net/stalker_portal/c/",
            "macs": [
                "00:1A:79:58:75:a7",
                "00:1A:79:4b:b0:96",
                "00:1A:79:6e:7b:c2",
                "00:1A:79:49:13:04",
                "00:1A:79:fc:54:88",
                "00:1A:79:76:86:4e",
                "00:1A:79:49:1f:76",
                "00:1A:79:47:10:b4",
                "00:1A:79:5e:ed:48",
                "00:1A:79:5b:d8:e7",
                "00:1A:79:ab:fc:99",
                "00:1A:79:5d:ee:ff",
                "00:1A:79:4f:aa:9f",
                "00:1A:79:6d:f1:30",
                "00:1A:79:5f:60:2d",
                "00:1A:79:31:64:61",
                "00:1A:79:5c:03:f0",
                "00:1A:79:5a:0d:d9",
                "00:1A:79:68:14:0c",
                "00:1A:79:68:fe:7e"
            ]
        }
    ]
}