{
    "items": [
        {
            "server_name": "7p.7paus.xyz:8080",
            "server_url": "http://7p.7paus.xyz:8080/c/",
            "macs": [
                "00:1A:79:18:07:01",
                "00:1A:79:19:01:67",
                "00:1A:79:25:3A:ED",
                "00:1a:79:25:6e:4d",
                "00:1A:79:40:76:24",
                "00:1A:79:4F:1E:7D",
                "00:1a:79:57:e7:67",
                "00:1a:79:a1:85:94",
                "00:1A:79:A2:BC:B1",
                "00:1a:79:A3:9E:19",
                "00:1A:79:AE:00:9C",
                "00:1A:79:AE:24:E1",
                "00:1A:79:AE:00:A6"
            ]
        },
        {
            "server_name": "dujpral.ddns.me:82",
            "server_url": "http://dujpral.ddns.me:82/c/",
            "macs": [
                "00:1A:79:55:5E:60"
            ]
        },
        {
            "server_name": "hellas.sltv.pw:8080",
            "server_url": "http://hellas.sltv.pw:8080/c/",
            "macs": [
                "00:1A:79:A4:76:2A",
                "00:1A:79:65:24:12",
                "00:1A:79:C0:0C:3E"
            ]
        },
        {
            "server_name": "delta.vps-me.com:8080",
            "server_url": "http://delta.vps-me.com:8080/c/",
            "macs": [
                "00:1a:79:00:00:05",
                "00:1A:79:00:00:01",
                "00:1A:79:00:00:23",
                "00:1a:79:00:00:10",
                "00:1a:79:00:00:1a",
                "00:1A:79:00:00:4d",
                "00:1A:79:00:00:11",
                "00:1A:79:00:00:35",
                "00:1A:79:00:01:F5",
                "00:1A:79:00:0e:78",
                "00:1a:79:00:10:20",
                "00:1a:79:00:1a:be"
            ]
        },
        {
            "server_name": "dragon4k.com:8000",
            "server_url": "http://dragon4k.com:8000/c/",
            "macs": [
                "00:1a:79:a7:01:2c",
                "00:1a:79:a2:a2:00",
                "00:1a:79:a1:87:63",
                "00:1a:79:a1:2f:ea",
                "00:1a:79:ad:9b:be",
                "00:1a:79:a8:7e:b8",
                "00:1a:79:a2:f2:76",
                "00:1a:79:ae:6b:53",
                "00:1a:79:aa:87:fb"
            ]
        },
        {
            "server_name": "alfatv.life:8080",
            "server_url": "http://alfatv.life:8080/c/",
            "macs": [
                "00:1a:79:ad:96:12",
                "00:1a:79:ae:a1:63",
                "00:1a:79:aa:71:bc",
                "00:1a:79:a3:12:86",
                "00:1a:79:ae:c5:de",
                "00:1a:79:a7:a4:37",
                "00:1a:79:a2:c4:33",
                "00:1a:79:aa:eb:8b",
                "00:1a:79:a9:da:ec",
                "00:1a:79:ac:6f:bc"
            ]
        },
        {
            "server_name": "s1.nasaservers.com:8080",
            "server_url": "http://s1.nasaservers.com:8080/c/",
            "macs": [
                "00:1A:79:2B:5A:0A",
                "00:1A:79:32:8B:D3",
                "00:1A:79:32:2E:76",
                "00:1A:79:B0:1C:B9",
                "00:1A:79:DC:4F:A0",
                "00:1A:79:53:D2:FE",
                "00:1A:79:49:8C:A8",
                "00:1A:79:55:1D:DA",
                "00:1A:79:6C:99:6B",
                "00:1A:79:55:D8:01"
            ]
        },
        {
            "server_name": "live.intertvnet.info:25461",
            "server_url": "http://live.intertvnet.info:25461/c/",
            "macs": [
                "00:1A:79:00:15:26"
            ]
        },
        {
            "server_name": "kage.habla.shop:80",
            "server_url": "http://kage.habla.shop:80/c/",
            "macs": [
                "00:1a:79:19:4c:04",
                "00:1a:79:94:b9:aa",
                "00:1a:79:46:52:35",
                "00:1a:79:fc:34:57",
                "00:1a:79:00:c8:99",
                "00:1a:79:58:13:53",
                "00:1a:79:02:88:04",
                "00:1a:79:14:0d:25"
            ]
        },
        {
            "server_name": "mag.abcdxyz.one",
            "server_url": "http://mag.abcdxyz.one/c/",
            "macs": [
                "00:1a:79:6a:6d:c7",
                "00:1a:79:de:6f:10",
                "00:1a:79:e9:b2:ae",
                "00:1a:79:22:17:ea",
                "00:1a:79:32:c5:50",
                "00:1a:79:f7:5f:08",
                "00:1a:79:3f:3c:81",
                "00:1a:79:c8:0f:cb",
                "00:1a:79:f0:bf:d4",
                "00:1a:79:52:d4:19",
                "00:1a:79:a2:95:5a",
                "00:1a:79:4d:f6:76",
                "00:1a:79:b5:d2:77"
            ]
        },
        {
            "server_name": "kage.habla.shop",
            "server_url": "http://kage.habla.shop/c/",
            "macs": [
                "00:1a:79:d3:bc:09",
                "00:1a:79:d9:b4:9d",
                "00:1a:79:fc:35:23",
                "00:1a:79:45:d5:36"
            ]
        }
    ]
}