{
    "items": [
        {
            "server_name": "mercury.131221.net:8880",
            "server_url": "http://mercury.131221.net:8880/c/",
            "macs": [
                "00:1a:79:57:5f:84",
                "00:1a:79:31:4f:f6",
                "00:1a:79:6c:d5:19",
                "00:1a:79:d1:1a:49",
                "00:1a:79:5a:6f:8e",
                "00:1a:79:f6:4f:fe",
                "00:1a:79:b6:32:77",
                "00:1a:79:fd:32:ab",
                "00:1a:79:2f:dc:86",
                "00:1a:79:06:bb:a7",
                "00:1a:79:e3:9a:9e",
                "00:1a:79:31:bd:53",
                "00:1a:79:65:9f:1b",
                "00:1a:79:f6:ce:36",
                "00:1a:79:ec:8c:42",
                "00:1a:79:82:a4:e1",
                "00:1a:79:31:7f:e7",
                "00:1a:79:ae:9f:66",
                "00:1a:79:37:2f:d1",
                "00:1a:79:58:4f:38",
                "00:1a:79:6a:2f:c6",
                "00:1a:79:6d:91:10",
                "00:1a:79:35:1f:69",
                "00:1a:79:5f:3f:ac",
                "00:1a:79:2b:4f:57",
                "00:1a:79:d7:f6:5f",
                "00:1a:79:5f:0f:e8",
                "00:1a:79:d2:ab:bc",
                "00:1a:79:03:17:19",
                "00:1a:79:37:4f:1b",
                "00:1a:79:be:2d:7b",
                "00:1a:79:37:1f:68",
                "00:1a:79:61:8f:27",
                "00:1a:79:63:28:9c",
                "00:1a:79:55:9f:0a",
                "00:1a:79:60:5f:3e",
                "00:1a:79:54:3f:ab",
                "00:1a:79:36:8f:46",
                "00:1a:79:d9:20:6f",
                "00:1a:79:5c:3f:87",
                "00:1a:79:b8:1d:f5",
                "00:1a:79:1e:6f:37",
                "00:1a:79:bc:b8:d2",
                "00:1a:79:b8:37:17",
                "00:1a:79:3e:5f:18",
                "00:1a:79:2b:2f:4d",
                "00:1a:79:58:6f:fd",
                "00:1a:79:03:18:73",
                "00:1a:79:60:2f:1e",
                "00:1a:79:15:7f:50",
                "00:1a:79:90:8b:83",
                "00:1a:79:3c:7f:07",
                "00:1a:79:5b:4f:ac",
                "00:1a:79:5a:7f:33",
                "00:1a:79:ad:db:c2",
                "00:1a:79:35:1f:c9"
            ]
        },
        {
            "server_name": "magmegiill2mig4zil.funtogether.xyz:8080",
            "server_url": "http://magmegiill2mig4zil.funtogether.xyz:8080/c/",
            "macs": [
                "00:1A:79:5a:9f:b8",
                "00:1A:79:9c:72:3c",
                "00:1A:79:ba:68:26",
                "00:1A:79:51:40:85",
                "00:1A:79:b3:20:cc",
                "00:1A:79:66:0a:7a",
                "00:1A:79:aa:71:12",
                "00:1A:79:66:0a:7a",
                "00:1A:79:97:2c:81",
                "00:1A:79:6f:09:4b",
                "00:1A:79:a9:c3:b8",
                "00:1A:79:a9:22:c5",
                "00:1A:79:ae:00:58",
                "00:1A:79:bd:0e:8b"
            ]
        },
        {
            "server_name": "atomicserver.co",
            "server_url": "http://atomicserver.co/c/",
            "macs": [
                "00:1A:79:55:80:C5",
                "00:1A:79:63:05:FB",
                "00:1A:79:32:70:E2",
                "00:1A:79:36:21:1E",
                "00:1A:79:71:51:6A"
            ]
        },
        {
            "server_name": "139.162.233.71",
            "server_url": "http://139.162.233.71/stalker_portal/c/",
            "macs": [
                "00:1A:79:4b:5c:f2",
                "00:1A:79:63:ff:7f",
                "00:1A:79:54:d6:f4",
                "00:1A:79:37:c3:df",
                "00:1A:79:73:76:04",
                "00:1A:79:75:6d:cd",
                "00:1A:79:4e:9a:c0",
                "00:1A:79:59:fa:bb",
                "00:1A:79:cd:f5:c2",
                "00:1A:79:49:65:df",
                "00:1A:79:73:6b:57",
                "00:1A:79:49:1b:83",
                "00:1A:79:45:20:de",
                "00:1A:79:4b:85:23",
                "00:1A:79:a4:be:14",
                "00:1A:79:4a:b9:12",
                "00:1A:79:1e:48:6b",
                "00:1A:79:6a:99:60"
            ]
        },
        {
            "server_name": "qualityoverquantity.site:8880",
            "server_url": "http://qualityoverquantity.site:8880/c/",
            "macs": [
                "00:1A:79:af:8b:2e",
                "00:1A:79:45:1b:f3",
                "00:1A:79:26:46:9b",
                "00:1A:79:60:0e:44",
                "00:1A:79:60:0e:44",
                "00:1A:79:fa:79:c2",
                "00:1A:79:5e:ef:7f",
                "00:1A:79:0e:9c:5a",
                "00:1A:79:6f:f3:c4",
                "00:1A:79:e7:92:43",
                "00:1A:79:74:cf:01",
                "00:1A:79:df:33:ad",
                "00:1A:79:c1:c4:97",
                "00:1A:79:7b:ba:40",
                "00:1A:79:74:60:72",
                "00:1A:79:4d:da:bf",
                "00:1A:79:4e:ab:8d",
                "00:1A:79:6e:f6:ff",
                "00:1A:79:51:68:e1",
                "00:1A:79:9d:45:af",
                "00:1A:79:59:4f:dd",
                "00:1A:79:5d:e9:6c",
                "00:1A:79:5a:e3:5e"
            ]
        }
    ]
}