{
    "items": [
        {
            "server_name": "dragontech.club:1986",
            "server_url": "http://dragontech.club:1986/c/",
            "macs": [
                "00:1a:79:f1:f1:49",
                "00:1a:79:80:a3:5f",
                "00:1a:79:f6:58:f1",
                "00:1a:79:bd:35:f1",
                "00:1a:79:f1:f2:20",
                "00:1a:79:c2:2e:e7",
                "00:1a:79:f1:f1:e9",
                "00:1a:79:a3:65:26"
            ]
        },
        {
            "server_name": "fastrunner.live:8080",
            "server_url": "http://fastrunner.live:8080/c/",
            "macs": [
                "00:1A:79:AE:34:4C",
                "00:1A:79:A9:47:60",
                "00:1A:79:A9:32:9F",
                "00:1A:79:AE:CB:7C",
                "00:1A:79:A6:47:B7",
                "00:1A:79:AE:50:57",
                "00:1A:79:A9:2A:EB",
                "00:1A:79:AE:81:6B",
                "00:1A:79:A3:00:22",
                "00:1A:79:A6:FC:C4",
                "00:1A:79:A2:8A:B4",
                "00:1A:79:AB:3A:8D",
                "00:1A:79:A6:63:65",
                "00:1A:79:AB:41:EA",
                "00:1A:79:A9:C1:80",
                "00:1A:79:A7:E9:4F",
                "00:1A:79:AE:AE:93",
                "00:1A:79:AE:1B:07",
                "00:1A:79:AD:5B:CB",
                "00:1A:79:AB:B7:E9",
                "00:1A:79:AD:5F:BA",
                "00:1A:79:A6:EF:AB",
                "00:1A:79:A9:2A:37",
                "00:1A:79:AE:74:58",
                "00:1A:79:A7:BD:58",
                "00:1A:79:AD:AF:6F",
                "00:1A:79:A8:D5:45",
                "00:1A:79:AC:58:84",
                "00:1A:79:A9:EA:5C",
                "00:1A:79:AA:ED:7E",
                "00:1A:79:AA:83:E7",
                "00:1A:79:AB:F2:AD",
                "00:1A:79:AD:3B:7E"
            ]
        },
        {
            "server_name": "dcsport.xyz:8080",
            "server_url": "http://dcsport.xyz:8080/c/",
            "macs": [
                "00:1A:79:6C:CB:BC",
                "00:1A:79:53:F9:DC"
            ]
        },
        {
            "server_name": "6.troya.tv",
            "server_url": "http://6.troya.tv/stalker_portal/c/",
            "macs": [
                "00:1A:79:69:58:18"
            ]
        },
        {
            "server_name": "tv.cloudcdn.online",
            "server_url": "http://tv.cloudcdn.online/c/",
            "macs": [
                "00:1a:79:a8:71:f7",
                "00:1a:79:22:59:5d",
                "00:1a:79:33:e9:41",
                "00:1a:79:09:bc:7e",
                "00:1a:79:81:9e:e7",
                "00:1a:79:83:2f:92",
                "00:1a:79:41:28:f2",
                "00:1a:79:17:bd:cc",
                "00:1a:79:09:78:f8",
                "00:1a:79:17:d4:aa",
                "00:1a:79:17:be:cf"
            ]
        },
        {
            "server_name": "ss.2665.ninja:8080",
            "server_url": "http://ss.2665.ninja:8080/c/",
            "macs": [
                "00:1a:79:42:d1:ee",
                "00:1a:79:44:3c:bb",
                "00:1a:79:4c:91:7a",
                "00:1a:79:46:55:03",
                "00:1a:79:43:64:e6",
                "00:1a:79:49:80:b8",
                "00:1a:79:44:f4:fb",
                "00:1a:79:43:cd:57",
                "00:1a:79:31:f9:ab",
                "00:1a:79:43:4d:8e",
                "00:1a:79:41:b0:8e",
                "00:1a:79:3f:8c:5b",
                "00:1a:79:31:65:37",
                "00:1a:79:4a:45:de",
                "00:1a:79:36:08:05",
                "00:1a:79:4b:5d:ce",
                "00:1a:79:31:c2:77",
                "00:1a:79:3d:94:5c",
                "00:1a:79:44:01:3e",
                "00:1a:79:4c:26:85",
                "00:1a:79:35:a8:4f",
                "00:1a:79:45:6c:fe",
                "00:1a:79:4b:04:52",
                "00:1a:79:4d:a8:5d",
                "00:1a:79:47:78:2f",
                "00:1a:79:43:76:1c",
                "00:1a:79:39:34:e4",
                "00:1a:79:42:a6:18",
                "00:1a:79:40:36:69",
                "00:1a:79:3f:ba:e1",
                "00:1a:79:38:04:81"
            ]
        },
        {
            "server_name": "neroiptv.xyz:8000",
            "server_url": "http://neroiptv.xyz:8000/c/",
            "macs": [
                "00:1a:79:b2:14:a2",
                "00:1a:79:43:d6:0c",
                "00:1a:79:79:0c:74",
                "00:1a:79:73:de:4b",
                "00:1a:79:87:00:be",
                "00:1a:79:75:ee:ee",
                "00:1a:79:c0:9e:ea",
                "00:1a:79:f3:ad:19",
                "00:1a:79:46:c6:a4",
                "00:1a:79:43:6d:72",
                "00:1a:79:24:e2:82",
                "00:1a:79:ed:25:fe",
                "00:1a:79:c9:f5:e1",
                "00:1a:79:5d:ce:cd",
                "00:1a:79:ba:19:ef",
                "00:1a:79:a2:94:3f",
                "00:1a:79:9d:2a:c8",
                "00:1a:79:fa:07:49",
                "00:1a:79:77:5a:fc",
                "00:1a:79:23:4e:d1",
                "00:1a:79:20:ea:cc",
                "00:1a:79:44:ba:b9",
                "00:1a:79:d6:f6:8a",
                "00:1a:79:77:b7:b6",
                "00:1a:79:56:a5:27",
                "00:1a:79:52:ad:a6",
                "00:1a:79:ba:bf:85",
                "00:1a:79:14:85:96",
                "00:1a:79:97:8c:60",
                "00:1a:79:2b:c2:74",
                "00:1a:79:91:86:55",
                "00:1a:79:4c:9f:b7",
                "00:1a:79:54:fc:f5",
                "00:1a:79:0c:68:d0",
                "00:1a:79:99:22:f8",
                "00:1a:79:d5:0d:6e",
                "00:1a:79:c2:01:22",
                "00:1a:79:b2:f8:48",
                "00:1a:79:8e:2d:fe"
            ]
        },
        {
            "server_name": "jtv.112421.net:8080",
            "server_url": "http://jtv.112421.net:8080/c/",
            "macs": [
                "00:1a:79:01:e1:1d",
                "00:1a:79:39:8f:67",
                "00:1a:79:01:59:af",
                "00:1a:79:6a:6f:de",
                "00:1a:79:91:22:59",
                "00:1a:79:60:4f:e5",
                "00:1a:79:dd:eb:28",
                "00:1a:79:9f:04:1d",
                "00:1a:79:39:8f:3d",
                "00:1a:79:54:9f:ef",
                "00:1a:79:fc:c3:27",
                "00:1a:79:5c:1f:b3",
                "00:1a:79:3b:0f:af",
                "00:1a:79:78:8f:2b",
                "00:1a:79:7f:6f:a7",
                "00:1a:79:5d:2f:d8",
                "00:1a:79:1e:6f:05",
                "00:1a:79:09:3f:34",
                "00:1a:79:e1:81:ca",
                "00:1a:79:b5:79:83",
                "00:1a:79:3d:4f:eb",
                "00:1a:79:c5:17:87",
                "00:1a:79:49:c1:38",
                "00:1a:79:b3:85:f8",
                "00:1a:79:5f:8f:19",
                "00:1a:79:c1:07:27",
                "00:1a:79:43:d3:84",
                "00:1a:79:b3:98:a1",
                "00:1a:79:ee:66:e2",
                "00:1a:79:b1:8e:b8",
                "00:1a:79:2e:0f:06",
                "00:1a:79:67:9f:27",
                "00:1a:79:67:7f:50",
                "00:1a:79:b8:13:ef",
                "00:1a:79:c2:f0:f8",
                "00:1a:79:c9:bc:b1",
                "00:1a:79:78:5f:87",
                "00:1a:79:e8:61:c5",
                "00:1a:79:7b:9f:38",
                "00:1a:79:62:6f:db",
                "00:1a:79:39:6f:be",
                "00:1a:79:ce:18:9d",
                "00:1a:79:a9:7f:61",
                "00:1a:79:b3:55:c1",
                "00:1a:79:5b:6f:4a",
                "00:1a:79:d4:0d:e0",
                "00:1a:79:b3:55:30",
                "00:1a:79:38:9f:4a",
                "00:1a:79:b6:fe:8d",
                "00:1a:79:69:7f:ee",
                "00:1a:79:b4:bd:a7",
                "00:1a:79:32:9f:b6",
                "00:1a:79:b8:dc:37",
                "00:1a:79:58:0f:0c",
                "00:1a:79:5a:7f:cb",
                "00:1a:79:37:2f:3c",
                "00:1a:79:e2:5f:1e",
                "00:1a:79:57:3f:8e",
                "00:1a:79:7b:2f:93",
                "00:1a:79:24:8f:7f",
                "00:1a:79:10:3f:de",
                "00:1a:79:6e:b1:00",
                "00:1a:79:32:8f:5b",
                "00:1a:79:4f:78:7b",
                "00:1a:79:be:2a:d6",
                "00:1a:79:a2:06:44",
                "00:1a:79:cb:3f:ca",
                "00:1a:79:7a:7f:48"
            ]
        }
    ]
}