{
    "items": [
        {
            "server_name": "live.tvdeutschland.de:8000",
            "server_url": "http://live.tvdeutschland.de:8000/c/",
            "macs": [
                "00:1A:79:23:B5:7C",
                "00:1A:79:3F:DC:1D",
                "00:1A:79:43:A6:72",
                "00:1A:79:C0:12:50",
                "00:1A:79:A4:76:2A",
                "00:1A:79:45:78:E5",
                "00:1A:79:43:91:F7",
                "00:1A:79:B6:55:E3",
                "00:1A:79:4B:51:F4",
                "00:1A:79:20:76:B3",
                "00:1A:79:23:B5:7C",
                "00:1A:79:57:A3:1B",
                "00:1A:79:3A:EE:15",
                "00:1A:79:24:7B:60"
            ]
        },
        {
            "server_name": "94.130.26.1:8000",
            "server_url": "http://94.130.26.1:8000/c/",
            "macs": [
                "00:1a:79:11:11:11"
            ]
        },
        {
            "server_name": "hd24iptv.xyz:8080",
            "server_url": "http://hd24iptv.xyz:8080/c/",
            "macs": [
                "00:1A:79:2F:CC:5E"
            ]
        },
        {
            "server_name": "elite-tv.co:80",
            "server_url": "http://elite-tv.co:80/c/",
            "macs": [
                "00:1A:79:00:1d:ee",
                "00:1A:79:00:54:ac",
                "00:1A:79:2B:C8:B7",
                "00:1A:79:43:2A:6A",
                "00:1A:79:54:64:13",
                "00:1A:79:56:97:C5"
            ]
        },
        {
            "server_name": "euroserver.streamtv.to:8080",
            "server_url": "http://euroserver.streamtv.to:8080/c/",
            "macs": [
                "00:1A:79:AD:5E:E0",
                "00:1A:79:58:1E:69",
                "00:1A:79:52:BC:C9",
                "00:1A:79:44:AE:F0",
                "00:1A:79:60:05:C3",
                "00:1A:79:44:5F:86",
                "00:1A:79:B4:44:40",
                "00:1A:79:A9:D7:5E",
                "00:1A:79:24:60:EC",
                "00:1A:79:AB:B6:FA",
                "00:1A:79:A7:FE:E9"
            ]
        },
        {
            "server_name": "megatv.me:5890",
            "server_url": "http://megatv.me:5890/c/",
            "macs": [
                "00:1a:79:a7:ee:dd"
            ]
        },
        {
            "server_name": "p1.iptvrocket.tv",
            "server_url": "http://p1.iptvrocket.tv/c/",
            "macs": [
                "00:1a:79:68:72:ba"
            ]
        },
        {
            "server_name": "xt.bossna-caffe.com:25461",
            "server_url": "http://xt.bossna-caffe.com:25461/c/",
            "macs": [
                "00:1A:79:55:69:0C",
                "00:1A:79:39:24:0E",
                "00:1A:79:53:A3:9E"
            ]
        },
        {
            "server_name": "ott.global-telecom.eu:25461",
            "server_url": "http://ott.global-telecom.eu:25461/c/",
            "macs": [
                "00:1A:79:31:BE:0F"
            ]
        },
        {
            "server_name": "k.karizma.pw",
            "server_url": "http://k.karizma.pw/c/",
            "macs": [
                "00:1A:79:0C:36:86",
                "00:1A:79:0D:95:5B",
                "00:1A:79:38:FC:F1",
                "00:1A:79:A3:00:13"
            ]
        },
        {
            "server_name": "ipro.tv:80",
            "server_url": "http://ipro.tv:80/c/",
            "macs": [
                "00:1A:79:00:14:A4",
                "00:1A:79:00:11:55",
                "00:1A:79:00:1f:d9",
                "00:1A:79:00:B1:EF",
                "00:1A:79:01:41:50",
                "00:1A:79:01:E8:33",
                "00:1A:79:03:09:7A",
                "00:1A:79:04:4C:74",
                "00:1A:79:07:5E:22",
                "00:1a:79:08:66:2d",
                "00:1A:79:08:54:43",
                "00:1a:79:08:ce:98",
                "00:1A:79:09:25:14",
                "00:1a:79:0a:83:4b",
                "00:1A:79:0B:B4:B7",
                "00:1A:79:0B:A9:65",
                "00:1A:79:0B:CD:F4",
                "00:1A:79:0B:E0:18",
                "00:1A:79:0B:E0:54",
                "00:1a:79:0c:94:33",
                "00:1A:79:0C:E2:E6",
                "00:1A:79:0C:C7:56",
                "00:1A:79:0D:84:08",
                "00:1A:79:0E:57:FF",
                "00:1A:79:0E:58:C4",
                "00:1A:79:0E:60:24",
                "00:1A:79:0E:5D:88",
                "00:1A:79:0E:60:4B"
            ]
        },
        {
            "server_name": "line.ptvplus.live:80",
            "server_url": "http://line.ptvplus.live:80/c/",
            "macs": [
                "00:1A:79:00:FA:73",
                "00:1A:79:00:ED:C7",
                "00:1A:79:00:E9:27",
                "00:1A:79:05:6A:79",
                "00:1A:79:02:FE:01",
                "00:1a:79:1f:21:80",
                "00:1a:79:1f:21:b7",
                "00:1A:79:22:41:BF",
                "00:1A:79:1F:1E:F7",
                "00:1a:79:28:71:11",
                "00:1A:79:2A:2C:DC",
                "00:1A:79:2A:52:DE",
                "00:1A:79:2A:8A:8B",
                "00:1A:79:2A:7E:A6",
                "00:1a:79:2b:9d:50",
                "00:1A:79:2D:04:DC",
                "00:1A:79:2F:3D:35",
                "00:1A:79:2F:7C:C9",
                "00:1A:79:2F:83:B5",
                "00:1a:79:31:fb:34",
                "00:1a:79:31:b1:8b",
                "00:1A:79:36:70:17",
                "00:1A:79:37:08:74",
                "00:1A:79:37:01:91",
                "00:1A:79:36:C5:31",
                "00:1A:79:37:10:67",
                "00:1A:79:37:10:CF",
                "00:1A:79:37:1D:58",
                "00:1A:79:36:FE:12",
                "00:1A:79:37:02:20"
            ]
        }
    ]
}