{
    "items": [
        {
            "server_name": "51.222.82.89:25561",
            "server_url": "http://51.222.82.89:25561/c/",
            "macs": [
                "00:1A:79:c3:5f:0e",
                "00:1A:79:65:a3:cb",
                "00:1A:79:ae:2f:e9",
                "00:1A:79:38:50:81",
                "00:1A:79:58:2f:43",
                "00:1A:79:2d:85:c8",
                "00:1A:79:34:4f:cc",
                "00:1A:79:ae:f0:93",
                "00:1A:79:15:7f:83",
                "00:1A:79:58:0f:e4",
                "00:1A:79:11:86:76",
                "00:1A:79:5d:0f:49",
                "00:1A:79:e8:58:f1",
                "00:1A:79:1a:5f:5c",
                "00:1A:79:af:3a:bb",
                "00:1A:79:06:7f:f2",
                "00:1A:79:9e:d9:6f",
                "00:1A:79:b3:4a:a3",
                "00:1A:79:60:31:81",
                "00:1A:79:9e:09:65",
                "00:1A:79:5d:62:74",
                "00:1A:79:65:2f:b5"
            ]
        },
        {
            "server_name": "2.ledi-iptv.ch:2235",
            "server_url": "http://2.ledi-iptv.ch:2235/c/",
            "macs": [
                "00:1A:79:27:38:6B",
                "00:1A:79:2A:22:21",
                "00:1A:79:2d:07:C8",
                "00:1A:79:2E:32:04",
                "00:1A:79:3F:33:4B",
                "00:1A:79:3F:63:F8",
                "00:1A:79:40:88:EE",
                "00:1A:79:40:91:A3",
                "00:1A:79:40:A3:18",
                "00:1A:79:40:A2:75",
                "00:1A:79:41:7D:93",
                "00:1A:79:42:83:65",
                "00:1A:79:43:5A:4C",
                "00:1A:79:43:69:7B",
                "00:1A:79:44:68:E1",
                "00:1A:79:44:C9:41",
                "00:1A:79:44:C9:FD",
                "00:1A:79:45:09:50",
                "00:1A:79:45:09:01"
            ]
        },
        {
            "server_name": "techking.uk:2095",
            "server_url": "http://techking.uk:2095/c/",
            "macs": [
                "00:1A:79:a3:69:0c",
                "00:1A:79:10:63:19"
            ]
        },
        {
            "server_name": "jovi.poio.pw:8080",
            "server_url": "http://jovi.poio.pw:8080/c/",
            "macs": [
                "00:1A:79:a7:c0:81"
            ]
        },
        {
            "server_name": "izipizi1.info",
            "server_url": "http://izipizi1.info/c/",
            "macs": [
                "00:1A:79:7a:9f:05",
                "00:1A:79:69:fa:51"
            ]
        },
        {
            "server_name": "panel-vod.safetv.pro:24000",
            "server_url": "http://panel-vod.safetv.pro:24000/c/",
            "macs": [
                "00:1A:79:3d:c7:2d"
            ]
        },
        {
            "server_name": "45.153.33.167:88",
            "server_url": "http://45.153.33.167:88/c/",
            "macs": [
                "00:1a:79:3e:3c:4b"
            ]
        },
        {
            "server_name": "tv.iptvsupport.live",
            "server_url": "http://tv.iptvsupport.live/c/",
            "macs": [
                "00:1A:79:c5:5e:0c",
                "00:1A:79:ae:4c:e8",
                "00:1A:79:40:ee:2f",
                "00:1A:79:ba:10:a8"
            ]
        },
        {
            "server_name": "makingachange.uk:80",
            "server_url": "http://makingachange.uk:80/c/",
            "macs": [
                "00:1A:79:ab:ec:c9",
                "00:1A:79:72:be:cc",
                "00:1A:79:b4:e5:f3",
                "00:1A:79:b3:1c:1a",
                "00:1A:79:b7:4f:27"
            ]
        },
        {
            "server_name": "ky-iptv.com:25461",
            "server_url": "http://ky-iptv.com:25461/c/",
            "macs": [
                "00:1A:79:d5:05:78",
                "00:1A:79:fd:43:29",
                "00:1A:79:67:25:09",
                "00:1A:79:21:61:81",
                "00:1A:79:2a:9e:c1"
            ]
        },
        {
            "server_name": "fastrunner.live:8080",
            "server_url": "http://fastrunner.live:8080/c/",
            "macs": [
                "00:1A:79:a4:fe:49",
                "00:1A:79:ad:7b:7e",
                "00:1A:79:af:81:63",
                "00:1A:79:55:7c:2b",
                "00:1A:79:b7:92:a1",
                "00:1A:79:0c:9c:7a",
                "00:1A:79:b0:98:69",
                "00:1A:79:bd:4e:9e"
            ]
        },
        {
            "server_name": "clientsportals.net.123tv.to:8080",
            "server_url": "http://clientsportals.net.123tv.to:8080/c/",
            "macs": [
                "00:1A:79:4c:a3:ad",
                "00:1A:79:40:ed:53",
                "00:1A:79:59:d4:db",
                "00:1A:79:a3:68:89",
                "00:1A:79:af:83:97",
                "00:1A:79:22:9f:77"
            ]
        },
        {
            "server_name": "iptvdelta.123tv.to:8080",
            "server_url": "http://iptvdelta.123tv.to:8080/c/",
            "macs": [
                "00:1A:79:56:4a:25",
                "00:1A:79:32:67:bc",
                "00:1A:79:ba:38:8d",
                "00:1A:79:a7:90:5a",
                "00:1A:79:58:72:ac",
                "00:1A:79:bd:54:08",
                "00:1A:79:48:11:ee",
                "00:1A:79:06:ee:64",
                "00:1A:79:69:41:e9"
            ]
        },
        {
            "server_name": "c.overboxtv.com",
            "server_url": "http://c.overboxtv.com/c/",
            "macs": [
                "00:1A:79:b9:f1:e4",
                "00:1A:79:1f:22:ae",
                "00:1A:79:5e:b6:c4",
                "00:1A:79:4f:41:5a",
                "00:1A:79:47:6b:af",
                "00:1A:79:b2:15:c3",
                "00:1A:79:a6:7c:36",
                "00:1A:79:a9:db:2b",
                "00:1A:79:4b:fe:a3"
            ]
        }
    ]
}