{
    "items": [
        {
            "server_name": "portal.geniptv.com.123tv.to:8080",
            "server_url": "http://portal.geniptv.com.123tv.to:8080/c/",
            "macs": [
                "00:1A:79:5F:DF:C0",
                "00:1A:79:58:E5:87",
                "00:1A:79:5F:E2:94",
                "00:1A:79:5E:44:4B",
                "00:1A:79:5E:44:A4",
                "00:1A:79:5A:1C:52",
                "00:1A:79:5E:B2:ED",
                "00:1A:79:5E:BD:20",
                "00:1A:79:5E:3C:C8",
                "00:1A:79:5E:C0:89",
                "00:1A:79:5E:41:43",
                "00:1A:79:5E:DB:C9",
                "00:1A:79:5E:D8:F7",
                "00:1A:79:5E:80:2A",
                "00:1A:79:5E:42:B6",
                "00:1A:79:5E:83:6F",
                "00:1A:79:5E:51:F4",
                "00:1A:79:5E:7C:7C",
                "00:1A:79:5F:18:07",
                "00:1A:79:5E:BC:9F",
                "00:1A:79:5F:23:AF",
                "00:1A:79:5E:86:8F",
                "00:1A:79:5E:CD:74",
                "00:1A:79:63:93:86",
                "00:1A:79:5C:AD:A4",
                "00:1A:79:5F:2C:81",
                "00:1A:79:5F:65:48",
                "00:1A:79:5E:DE:9F",
                "00:1A:79:5E:CF:D8",
                "00:1A:79:5E:DE:BF",
                "00:1A:79:5F:BA:F6",
                "00:1A:79:5E:FF:2E",
                "00:1A:79:5D:35:E2",
                "00:1A:79:5F:EB:5B",
                "00:1A:79:5F:EC:6B"
            ]
        },
        {
            "server_name": "cod3.biz:88",
            "server_url": "http://cod3.biz:88/stalker_portal/c/",
            "macs": [
                "00:1A:79:00:01:EB",
                "00:1A:79:00:14:7A",
                "00:1A:79:00:22:32",
                "00:1A:79:11:15:EF",
                "00:1A:79:18:74:76",
                "00:1A:79:19:1B:BF",
                "00:1A:79:19:8F:18",
                "00:1A:79:1C:0D:57",
                "00:1A:79:1C:58:16",
                "00:1A:79:1C:99:7D",
                "00:1A:79:1E:C6:18",
                "00:1A:79:21:34:34",
                "00:1A:79:21:C1:30",
                "00:1A:79:24:59:03",
                "00:1A:79:24:89:59",
                "00:1A:79:24:96:54"
            ]
        },
        {
            "server_name": "magmegiillmig4zil.funtogether.xyz:8080",
            "server_url": "http://magmegiillmig4zil.funtogether.xyz:8080/c/",
            "macs": [
                "00:1a:79:ae:9f:4d",
                "00:1a:79:aa:df:ac",
                "00:1a:79:ae:d4:78",
                "00:1a:79:ae:37:1b",
                "00:1a:79:ad:e9:15",
                "00:1a:79:ae:fd:92",
                "00:1a:79:a6:ef:5d",
                "00:1a:79:ab:e6:05",
                "00:1a:79:ab:3a:8e",
                "00:1a:79:a5:db:31",
                "00:1a:79:ad:39:a6",
                "00:1a:79:a9:d6:54",
                "00:1a:79:a9:c2:59",
                "00:1a:79:ad:55:53",
                "00:1a:79:a5:cc:7a",
                "00:1a:79:a7:ae:ab",
                "00:1a:79:ae:40:e6",
                "00:1a:79:a7:dc:7e",
                "00:1a:79:a3:12:d3",
                "00:1a:79:a3:fb:a2",
                "00:1a:79:a5:54:96",
                "00:1a:79:ad:a1:52",
                "00:1a:79:a7:ae:2f",
                "00:1a:79:ad:75:cf",
                "00:1a:79:ac:d2:30",
                "00:1a:79:a2:85:a4",
                "00:1a:79:ae:5a:4d",
                "00:1a:79:a6:ef:ab",
                "00:1a:79:ab:91:15",
                "00:1a:79:ab:50:cd",
                "00:1a:79:a3:ba:7c",
                "00:1a:79:aa:9c:03",
                "00:1a:79:a7:e4:df",
                "00:1a:79:a9:d7:56",
                "00:1a:79:a5:0a:2f",
                "00:1a:79:ad:82:45",
                "00:1a:79:ac:c3:86",
                "00:1a:79:ad:ab:ea",
                "00:1a:79:a7:a5:8a",
                "00:1a:79:a6:f9:14",
                "00:1a:79:a2:ef:9f",
                "00:1a:79:a2:6d:25",
                "00:1a:79:ad:01:d6",
                "00:1a:79:a4:c8:7a",
                "00:1a:79:a6:7c:f2",
                "00:1a:79:a7:a4:f6",
                "00:1a:79:a5:28:15",
                "00:1a:79:ad:e0:83",
                "00:1a:79:a3:a4:77",
                "00:1a:79:ab:53:c3",
                "00:1a:79:a6:f0:2f",
                "00:1a:79:ab:94:62",
                "00:1a:79:ab:1a:07",
                "00:1a:79:a9:23:25",
                "00:1a:79:ad:93:1e",
                "00:1a:79:ac:c3:4d",
                "00:1a:79:ab:d2:45",
                "00:1a:79:a9:bd:a1",
                "00:1a:79:aa:7a:ee",
                "00:1a:79:a9:1f:26",
                "00:1a:79:ae:74:7e",
                "00:1a:79:ad:03:11",
                "00:1a:79:ad:a3:bd",
                "00:1a:79:a9:be:f3",
                "00:1a:79:ad:5f:57",
                "00:1a:79:a5:d6:45",
                "00:1a:79:a9:d6:db",
                "00:1a:79:ae:46:4a",
                "00:1a:79:ab:c3:8b",
                "00:1a:79:ab:b9:98",
                "00:1a:79:a6:fa:3a"
            ]
        },
        {
            "server_name": "tvalb.xyz:8080",
            "server_url": "http://tvalb.xyz:8080/c/",
            "macs": [
                "00:1a:79:a9:19:0f",
                "00:1a:79:a1:74:50",
                "00:1a:79:a9:bd:82",
                "00:1a:79:a4:4c:6c",
                "00:1a:79:aa:f8:8a",
                "00:1a:79:a2:84:53",
                "00:1a:79:a4:81:f2",
                "00:1a:79:a6:c7:46",
                "00:1a:79:ae:dd:50",
                "00:1a:79:a5:5b:b7",
                "00:1a:79:a2:f3:ea",
                "00:1a:79:ab:5e:89",
                "00:1a:79:ab:9a:e7",
                "00:1a:79:a5:8f:8f",
                "00:1a:79:a7:ed:d3",
                "00:1a:79:a8:d6:7b",
                "00:1a:79:ae:a2:ca",
                "00:1a:79:a5:26:c6",
                "00:1a:79:a3:fb:d2",
                "00:1a:79:aa:58:a3",
                "00:1a:79:a0:bb:82",
                "00:1a:79:a5:0b:18",
                "00:1a:79:a9:90:af",
                "00:1a:79:a7:ba:ca",
                "00:1a:79:ad:bf:7e",
                "00:1a:79:aa:9d:26",
                "00:1a:79:a3:49:5a",
                "00:1a:79:ad:5e:56",
                "00:1a:79:aa:83:5c",
                "00:1a:79:ab:9d:8c",
                "00:1a:79:ad:08:4a",
                "00:1a:79:aa:e3:06",
                "00:1a:79:a3:12:87",
                "00:1a:79:a7:9e:ed",
                "00:1a:79:a3:01:68",
                "00:1a:79:ad:98:9b",
                "00:1a:79:a4:48:11",
                "00:1a:79:ad:07:6b",
                "00:1a:79:ad:43:d7"
            ]
        },
        {
            "server_name": "xcpremium.xyz:8080",
            "server_url": "http://xcpremium.xyz:8080/c/",
            "macs": [
                "00:1A:79:00:05:2F",
                "00:1A:79:00:05:45",
                "00:1A:79:00:05:44",
                "00:1A:79:00:05:47"
            ]
        }
    ]
}