{
    "items": [
        {
            "server_name": "hellas.sltv.pw:8080",
            "server_url": "http://hellas.sltv.pw:8080/c/",
            "macs": [
                "00:1a:79:4e:a8:03",
                "00:1a:79:46:5a:bf",
                "00:1a:79:4a:13:21",
                "00:1a:79:11:22:33",
                "00:1a:79:41:b9:07",
                "00:1a:79:44:c0:31",
                "00:1a:79:37:0a:62"
            ]
        },
        {
            "server_name": "xtv.link",
            "server_url": "http://xtv.link/c/",
            "macs": [
                "00:1A:79:3D:1D:EB",
                "00:1A:79:4B:88:25",
                "00:1A:79:51:7B:04",
                "00:1A:79:00:2A:46"
            ]
        },
        {
            "server_name": "mediatitans.watch:8880",
            "server_url": "http://mediatitans.watch:8880/c/",
            "macs": [
                "00:1A:79:57:cd:79"
            ]
        },
        {
            "server_name": "dganews.com:8080",
            "server_url": "http://dganews.com:8080/c/",
            "macs": [
                "00:1A:79:5D:E5:04",
                "00:1A:79:1A:46:11"
            ]
        },
        {
            "server_name": "portal1.vv11.ru:80",
            "server_url": "http://portal1.vv11.ru:80/stalker_portal/c/",
            "macs": [
                "00:1A:79:3A:FA:07",
                "00:1A:79:3A:FA:7A",
                "00:1A:79:3A:FA:A1"
            ]
        },
        {
            "server_name": "darkpower.ch:2235",
            "server_url": "http://darkpower.ch:2235/c/",
            "macs": [
                "00:1A:79:4E:47:AC",
                "00:1A:79:33:5B:EC"
            ]
        },
        {
            "server_name": "mvu03.wanicelife.com:8880",
            "server_url": "http://mvu03.wanicelife.com:8880/c/",
            "macs": [
                "00:1A:79:28:A3:AF"
            ]
        },
        {
            "server_name": "panel.sotu.ws:80",
            "server_url": "http://panel.sotu.ws:80/c/",
            "macs": [
                "00:1a:79:a2:b4:E7",
                "00:1a:79:a2:b4:12",
                "00:1a:79:a3:b7:8B",
                "00:1a:79:a2:b4:34",
                "00:1a:79:a2:b4:F4",
                "00:1a:79:3a:41:FD",
                "00:1a:79:a2:b4:FA",
                "00:1a:79:a2:b4:FB",
                "00:1a:79:a2:b4:1F",
                "00:1a:79:46:0a:56",
                "00:1a:79:a2:b4:46",
                "00:1a:79:4e:fc:D0",
                "00:1a:79:a2:b4:58",
                "00:1a:79:a3:b7:B6",
                "00:1a:79:a2:b4:EC",
                "00:1a:79:a2:b4:88",
                "00:1a:79:a2:b4:F8",
                "00:1a:79:a2:b4:50",
                "00:1A:79:B7:98:CF",
                "00:1A:79:37:46:15",
                "00:1A:79:B2:6C:88",
                "00:1a:79:a2:b4:E7",
                "00:1a:79:a2:b4:12",
                "00:1a:79:a3:b7:8B",
                "00:1a:79:a2:b4:34",
                "00:1a:79:3a:41:FD",
                "00:1a:79:a2:b4:FA",
                "00:1a:79:a2:b4:FB",
                "00:1a:79:a2:b4:1F",
                "00:1a:79:46:0a:56",
                "00:1a:79:a2:b4:46",
                "00:1a:79:4e:fc:D0",
                "00:1a:79:a2:b4:58",
                "00:1a:79:a3:b7:B6",
                "00:1a:79:a2:b4:EC",
                "00:1a:79:a2:b4:88",
                "00:1a:79:a2:b4:F8",
                "00:1a:79:a2:b4:50",
                "00:1A:79:B7:98:CF",
                "00:1A:79:37:46:15",
                "00:1A:79:B2:6C:88"
            ]
        },
        {
            "server_name": "n5s.org:8080",
            "server_url": "http://n5s.org:8080/c/",
            "macs": [
                "00:1A:79:00:25:3C",
                "00:1A:79:00:23:1F"
            ]
        },
        {
            "server_name": "cameraviewing323.xyz:80",
            "server_url": "http://cameraviewing323.xyz:80/c/",
            "macs": [
                "00:1A:79:4C:6F:AB"
            ]
        },
        {
            "server_name": "gaztv.net",
            "server_url": "http://gaztv.net/c/",
            "macs": [
                "00:1A:79:50:C8:76",
                "00:1a:79:ad:14:15"
            ]
        },
        {
            "server_name": "cdn.fullpackage.net:8080",
            "server_url": "http://cdn.fullpackage.net:8080/c/",
            "macs": [
                "00:1A:79:B7:68:55"
            ]
        },
        {
            "server_name": "sileska.club:80",
            "server_url": "http://sileska.club:80/c/",
            "macs": [
                "00:1A:79:44:65:41"
            ]
        },
        {
            "server_name": "ayna.bestay.xyz:8080",
            "server_url": "http://ayna.bestay.xyz:8080/c/",
            "macs": [
                "00:1A:79:43:81:55"
            ]
        },
        {
            "server_name": "wagmaott.com:8080",
            "server_url": "http://wagmaott.com:8080/c/",
            "macs": [
                "00:1A:79:40:4B:8F"
            ]
        },
        {
            "server_name": "myhosting.one:8080",
            "server_url": "http://myhosting.one:8080/c/",
            "macs": [
                "00:1A:79:00:00:00"
            ]
        },
        {
            "server_name": "letmein.fun:8080",
            "server_url": "http://letmein.fun:8080/c/",
            "macs": [
                "00:1a:79:ba:90:e7",
                "00:1a:79:46:12:62",
                "00:1a:79:b9:d6:8c",
                "00:1a:79:2c:57:26",
                "00:1A:79:1D:08:C4",
                "00:1A:79:1E:8F:9D"
            ]
        },
        {
            "server_name": "ipro.tv:80",
            "server_url": "http://ipro.tv:80/c/",
            "macs": [
                "00:1A:79:03:06:69"
            ]
        },
        {
            "server_name": "epic7k.com",
            "server_url": "http://epic7k.com/stalker_portal/c/",
            "macs": [
                "00:1A:79:55:45:4A",
                "00:1A:79:C5:17:7F",
                "00:1A:79:58:03:3E"
            ]
        },
        {
            "server_name": "1.qqtv.nl:8080",
            "server_url": "http://1.qqtv.nl:8080/c/",
            "macs": [
                "00:1A:79:00:0A:EF",
                "00:1A:79:00:1F:80",
                "00:1A:79:00:2C:25",
                "00:1A:79:00:2F:EA",
                "00:1A:79:00:2F:DA",
                "00:1A:79:00:2F:C9",
                "00:1A:79:00:3F:33",
                "00:1A:79:00:3F:28",
                "00:1A:79:00:50:03",
                "00:1A:79:00:50:95",
                "00:1A:79:00:4F:82",
                "00:1A:79:00:5F:0F",
                "00:1A:79:00:0A:EF"
            ]
        },
        {
            "server_name": "sm12.sunmoney.net",
            "server_url": "http://sm12.sunmoney.net/stalker_portal/c/",
            "macs": [
                "00:1A:79:49:1F:90",
                "00:1A:79:40:83:4A",
                "00:1A:79:66:85:41",
                "00:1A:79:04:EE:CF",
                "00:1A:79:40:F1:E7",
                "00:1A:79:CD:F5:C2"
            ]
        }
    ]
}