{
    "items": [
        {
            "server_name": "powerip.be:8000",
            "server_url": "http://powerip.be:8000/c/",
            "macs": [
                "00:1a:79:a4:6b:fd",
                "00:1a:79:a2:e6:eb",
                "00:1a:79:ae:03:ed",
                "00:1a:79:a3:95:98",
                "00:1a:79:ab:18:f6",
                "00:1a:79:aa:d3:64",
                "00:1a:79:a0:c0:ad",
                "00:1a:79:a1:27:12",
                "00:1a:79:ab:ee:17",
                "00:1a:79:a6:7f:7b"
            ]
        },
        {
            "server_name": "dcsport.xyz:8080",
            "server_url": "http://dcsport.xyz:8080/c/",
            "macs": [
                "00:1a:79:a9:be:d0",
                "00:1a:79:a4:54:04",
                "00:1a:79:ae:d5:a1",
                "00:1a:79:ae:b9:2c",
                "00:1a:79:a6:6f:92",
                "00:1a:79:a1:46:45",
                "00:1a:79:a1:18:6e",
                "00:1a:79:a7:02:d1",
                "00:1a:79:a7:b7:16",
                "00:1a:79:ab:59:c5",
                "00:1a:79:ab:5e:8b",
                "00:1a:79:ad:10:63",
                "00:1a:79:ad:39:bf"
            ]
        },
        {
            "server_name": "angeltv.biz:6969",
            "server_url": "http://angeltv.biz:6969/c/",
            "macs": [
                "00:1a:79:8c:10:a7",
                "00:1a:79:fd:0f:18",
                "00:1a:79:50:22:1f"
            ]
        },
        {
            "server_name": "showflix.org:5890",
            "server_url": "http://showflix.org:5890/c/",
            "macs": [
                "00:1a:79:5d:95:e8"
            ]
        },
        {
            "server_name": "localhd.tv:8081",
            "server_url": "http://localhd.tv:8081/c/",
            "macs": [
                "00:1a:79:a5:b1:f3"
            ]
        },
        {
            "server_name": "poyraz67.com:8080",
            "server_url": "http://poyraz67.com:8080/c/",
            "macs": [
                "00:1A:79:00:43:71",
                "00:1A:79:00:4F:AE",
                "00:1A:79:00:78:A1",
                "00:1A:79:00:79:E0",
                "00:1A:79:00:7B:D3",
                "00:1A:79:00:78:29",
                "00:1A:79:00:84:F9",
                "00:1A:79:00:7b:d3",
                "00:1A:79:00:91:A1",
                "00:1A:79:00:84:B9",
                "00:1A:79:00:78:A1",
                "00:1A:79:00:7b:d3",
                "00:1A:79:00:78:29",
                "00:1A:79:00:7B:D3",
                "00:1A:79:00:84:B9",
                "00:1A:79:00:84:F9",
                "00:1A:79:00:BB:B6",
                "00:1A:79:00:B7:09",
                "00:1A:79:00:91:A1",
                "00:1A:79:00:B1:FA",
                "00:1A:79:00:b7:09",
                "00:1A:79:01:03:BB",
                "00:1A:79:02:2C:EB",
                "00:1A:79:02:22:4D",
                "00:1A:79:02:40:D4",
                "00:1A:79:01:1B:7F",
                "00:1A:79:02:86:40",
                "00:1A:79:01:1b:7f",
                "00:1A:79:02:CB:21",
                "00:1A:79:03:7F:16",
                "00:1A:79:02:B6:93",
                "00:1A:79:03:1F:6B",
                "00:1A:79:04:2F:24",
                "00:1A:79:04:6F:80",
                "00:1A:79:03:6F:57",
                "00:1A:79:05:7F:5F",
                "00:1A:79:05:BD:DE",
                "00:1A:79:05:5C:A8",
                "00:1A:79:05:7F:56",
                "00:1A:79:07:09:43",
                "00:1A:79:08:18:19",
                "00:1A:79:06:9F:FE",
                "00:1A:79:07:30:E1",
                "00:1A:79:08:65:C1",
                "00:1A:79:09:D4:FB",
                "00:1A:79:0B:67:8A",
                "00:1A:79:0C:88:10",
                "00:1A:79:0C:72:C1",
                "00:1A:79:0C:F5:21",
                "00:1A:79:0D:1F:A7",
                "00:1A:79:0D:2F:C5",
                "00:1A:79:0D:78:9E"
            ]
        },
        {
            "server_name": "mol-2.com:8080",
            "server_url": "http://mol-2.com:8080/c/",
            "macs": [
                "00:1A:79:3E:46:5B",
                "00:1A:79:3E:46:BF",
                "00:1A:79:3E:74:85",
                "00:1A:79:3F:63:5C",
                "00:1A:79:40:12:7B",
                "00:1A:79:40:82:FB",
                "00:1A:79:41:73:2C",
                "00:1A:79:41:A1:A5",
                "00:1A:79:43:70:C1",
                "00:1A:79:3D:86:7B"
            ]
        },
        {
            "server_name": "ab014.xyz:8080",
            "server_url": "http://ab014.xyz:8080/c/",
            "macs": [
                "00:1A:79:C0:9F:6C",
                "00:1A:79:1A:78:CC",
                "00:1A:79:49:A4:50",
                "00:1A:79:67:45:6C",
                "00:1A:79:4F:B9:6E",
                "00:1A:79:B7:1B:D6",
                "00:1A:79:4F:D8:B2",
                "00:1A:79:59:EE:83",
                "00:1A:79:52:DC:99",
                "00:1A:79:46:24:A8",
                "00:1A:79:56:AA:C6",
                "00:1A:79:20:B1:52",
                "00:1A:79:67:3A:EA",
                "00:1A:79:50:1E:08",
                "00:1A:79:2D:8C:8A",
                "00:1A:79:8A:39:7B",
                "00:1A:79:6A:E7:94",
                "00:1A:79:67:8D:9A",
                "00:1A:79:54:D1:78",
                "00:1A:79:6B:64:A1",
                "00:1A:79:5C:E3:AC",
                "00:1A:79:FC:70:2A"
            ]
        },
        {
            "server_name": "netseeny.maxhd.vip:8000",
            "server_url": "http://netseeny.maxhd.vip:8000/c/",
            "macs": [
                "00:1a:79:12:78:54",
                "00:1a:79:41:26:70",
                "00:1a:79:31:ee:06",
                "00:1a:79:2a:d3:88",
                "00:1a:79:2d:fa:26",
                "00:1a:79:28:1f:94",
                "00:1a:79:39:c8:8b",
                "00:1a:79:5c:97:e5",
                "00:1a:79:f0:07:c1",
                "00:1a:79:8d:b6:33",
                "00:1a:79:3d:89:07",
                "00:1a:79:31:c1:94"
            ]
        },
        {
            "server_name": "ituga.one:8080",
            "server_url": "http://ituga.one:8080/c/",
            "macs": [
                "00:1A:79:bb:52:66",
                "00:1A:79:b7:9f:4f",
                "00:1A:79:b6:74:10",
                "00:1A:79:b7:44:f9",
                "00:1A:79:a6:6b:48",
                "00:1A:79:45:f4:05",
                "00:1A:79:07:1f:b7",
                "00:1A:79:4d:9d:0f",
                "00:1A:79:c1:92:ec",
                "00:1A:79:aa:b7:1c",
                "00:1A:79:bc:dd:97",
                "00:1A:79:a6:e3:85",
                "00:1A:79:bb:c9:54",
                "00:1A:79:b6:94:9f",
                "00:1A:79:a4:51:ac",
                "00:1A:79:c0:96:d8",
                "00:1A:79:ba:9d:a6",
                "00:1A:79:a7:e4:bc",
                "00:1A:79:bd:45:54",
                "00:1A:79:62:66:73"
            ]
        }
    ]
}