{
    "items": [
        {
            "server_name": "line.spainott.site",
            "server_url": "http://line.spainott.site/c/",
            "macs": [
                "00:1a:79:b5:46:5b",
                "00:1a:79:aa:3a:54",
                "00:1a:79:bd:46:61",
                "00:1a:79:a1:d3:be",
                "00:1a:79:4c:08:ed",
                "00:1a:79:19:29:95",
                "00:1a:79:6f:84:21",
                "00:1a:79:32:43:e4",
                "00:1a:79:4c:aa:4e",
                "00:1a:79:d5:3d:8d",
                "00:1a:79:74:d4:55",
                "00:1a:79:4a:bc:08",
                "00:1a:79:0f:05:d3",
                "00:1a:79:62:ba:81",
                "00:1a:79:f3:e9:ed",
                "00:1a:79:22:1b:f6"
            ]
        },
        {
            "server_name": "nexon-tv.org:8000",
            "server_url": "http://nexon-tv.org:8000/c/",
            "macs": [
                "00:1A:79:00:21:05",
                "00:1A:79:00:24:24",
                "00:1A:79:00:25:44"
            ]
        },
        {
            "server_name": "1.qqtv.nl:8080",
            "server_url": "http://1.qqtv.nl:8080/c/",
            "macs": [
                "00:1A:79:00:0A:EF"
            ]
        },
        {
            "server_name": "platin4k.eu:80",
            "server_url": "http://platin4k.eu:80/c/",
            "macs": [
                "00:1A:79:4C:27:25"
            ]
        },
        {
            "server_name": "main2.crystalott.net:80",
            "server_url": "http://main2.crystalott.net:80/c/",
            "macs": [
                "00:1A:79:A1:DA:28",
                "00:1A:79:00:12:3C"
            ]
        },
        {
            "server_name": "tvonpt.net",
            "server_url": "http://tvonpt.net/c/",
            "macs": [
                "00:1A:79:00:00:00"
            ]
        },
        {
            "server_name": "dcsport.xyz:8080",
            "server_url": "http://dcsport.xyz:8080/c/",
            "macs": [
                "00:1a:79:40:9a:bd",
                "00:1a:79:f7:fb:ab"
            ]
        },
        {
            "server_name": "p1.iptvprivateserver.tv",
            "server_url": "http://p1.iptvprivateserver.tv/c/",
            "macs": [
                "00:1a:79:09:5f:54",
                "00:1A:79:0E:0D:64"
            ]
        },
        {
            "server_name": "premium.video-flixtv.com:8080",
            "server_url": "http://premium.video-flixtv.com:8080/c/",
            "macs": [
                "00:1A:79:B4:8E:48",
                "00:1A:79:3B:1F:90"
            ]
        },
        {
            "server_name": "tvtime.ddns.net:8080",
            "server_url": "http://tvtime.ddns.net:8080/c/",
            "macs": [
                "00:1A:79:17:1A:61",
                "00:1A:79:18:11:AB"
            ]
        },
        {
            "server_name": "live.easy24dar.tk",
            "server_url": "http://live.easy24dar.tk/c/",
            "macs": [
                "00:1A:79:36:6F:37",
                "00:1A:79:DE:3F:44",
                "00:1A:79:42:F0:67",
                "00:1A:79:50:04:A1",
                "00:1A:79:41:6A:75",
                "00:1A:79:6E:D1:60"
            ]
        },
        {
            "server_name": "foxvpn.vip:8080",
            "server_url": "http://foxvpn.vip:8080/c/",
            "macs": [
                "00:1A:79:A5:2B:34"
            ]
        },
        {
            "server_name": "wolftv.me:8080",
            "server_url": "http://wolftv.me:8080/c/",
            "macs": [
                "00:1a:79:2f:5f:6c"
            ]
        },
        {
            "server_name": "flix12.site:8080",
            "server_url": "http://flix12.site:8080/c/",
            "macs": [
                "00:1a:79:a1:f4:60"
            ]
        },
        {
            "server_name": "sa.magnetukas.lt:8666",
            "server_url": "http://sa.magnetukas.lt:8666/c/",
            "macs": [
                "00:1A:79:07:94:36"
            ]
        },
        {
            "server_name": "line.tivi-one.com",
            "server_url": "http://line.tivi-one.com/c/",
            "macs": [
                "00:1A:79:37:07:85"
            ]
        },
        {
            "server_name": "gaztv.net",
            "server_url": "http://gaztv.net/c/",
            "macs": [
                "00:1A:79:43:17:66"
            ]
        },
        {
            "server_name": "s2.startv.biz",
            "server_url": "http://s2.startv.biz/stalker_portal/c/",
            "macs": [
                "00:1A:79:00:00:25"
            ]
        },
        {
            "server_name": "hd-max.org:8080",
            "server_url": "http://hd-max.org:8080/c/",
            "macs": [
                "00:1A:79:2A:D2:21",
                "00:1a:79:2a:d3:3c",
                "00:1a:79:2b:89:d7",
                "00:1a:79:2b:a1:44"
            ]
        },
        {
            "server_name": "sm12.sunmoney.net",
            "server_url": "http://sm12.sunmoney.net/stalker_portal/c/",
            "macs": [
                "00:1A:79:64:b5:48",
                "00:1A:79:6A:08:79"
            ]
        },
        {
            "server_name": "host.tecnolab.top:8080",
            "server_url": "http://host.tecnolab.top:8080/c/",
            "macs": [
                "00:1A:79:30:88:1A"
            ]
        },
        {
            "server_name": "line.danoli101.com:8080",
            "server_url": "http://line.danoli101.com:8080/c/",
            "macs": [
                "00:1A:79:4D:6C:C2"
            ]
        },
        {
            "server_name": "showtimelive.xyz",
            "server_url": "http://showtimelive.xyz/c/",
            "macs": [
                "00:1a:79:d1:33:10"
            ]
        },
        {
            "server_name": "ipro.tv:80",
            "server_url": "http://ipro.tv:80/c/",
            "macs": [
                "00:1A:79:CF:47:5A",
                "00:1A:79:6F:22:E6",
                "00:1A:79:C0:10:D2"
            ]
        },
        {
            "server_name": "matrix-ott.tv:8080",
            "server_url": "http://matrix-ott.tv:8080/c/",
            "macs": [
                "00:1a:79:bc:d5:c4",
                "00:1a:79:e1:da:f3",
                "00:1A:79:51:18:78"
            ]
        },
        {
            "server_name": "ipflix.click:8080",
            "server_url": "http://ipflix.click:8080/c/",
            "macs": [
                "00:1A:79:54:EA:C6"
            ]
        },
        {
            "server_name": "platin4k.eu:80",
            "server_url": "http://platin4k.eu:80/c/",
            "macs": [
                "00:1A:79:BF:F3:C2",
                "00:1A:79:3D:8D:C8",
                "00:1A:79:AA:77:6D"
            ]
        },
        {
            "server_name": "jadetv.de:80",
            "server_url": "http://jadetv.de:80/c/",
            "macs": [
                "00:1A:79:BD:23:C9",
                "00:1A:79:90:31:95",
                "00:1A:79:AD:AF:CD",
                "00:1A:79:3D:8D:C8"
            ]
        }
    ]
}