{
    "items": [
        {
            "server_name": "i4cool.club",
            "server_url": "http://i4cool.club/c/",
            "macs": [
                "00:1A:79:59:14:38",
                "00:1A:79:53:65:BC",
                "00:1A:79:59:7f:d0",
                "00:1A:79:57:B3:23",
                "00:1A:79:62:4C:62",
                "00:1A:79:A1:7F:8A",
                "00:1A:79:10:B7:56",
                "00:1A:79:35:54:A1",
                "00:1A:79:AB:B2:5B",
                "00:1A:79:42:5C:7E",
                "00:1A:79:21:0F:62",
                "00:1A:79:37:B4:2E",
                "00:1A:79:4E:89:48",
                "00:1A:79:AA:55:6D",
                "00:1A:79:3E:F2:FC",
                "00:1A:79:A9:DC:4A",
                "00:1A:79:4E:F0:68",
                "00:1A:79:54:43:95",
                "00:1A:79:F2:90:70",
                "00:1A:79:5C:99:F2",
                "00:1A:79:42:A5:45",
                "00:1A:79:5F:21:CD",
                "00:1A:79:4E:6B:4A",
                "00:1A:79:4B:35:7B",
                "00:1A:79:11:59:00",
                "00:1A:79:4E:F0:68",
                "00:1A:79:35:52:C7",
                "00:1A:79:B7:74:CF",
                "00:1A:79:C0:9E:89",
                "00:1A:79:79:22:CC",
                "00:1A:79:4C:0C:F8",
                "00:1A:79:5E:8D:E9",
                "00:1A:79:5C:95:3E",
                "00:1A:79:5F:0F:5A",
                "00:1A:79:00:09:88",
                "00:1A:79:A3:60:73",
                "00:1A:79:B7:75:1A",
                "00:1A:79:59:14:D8",
                "00:1A:79:B5:2C:E8",
                "00:1A:79:F3:B5:EC",
                "00:1a:79:c7:78:98",
                "00:1A:79:45:74:2F",
                "00:1A:79:5C:98:6C",
                "00:1A:79:79:22:CC",
                "00:1A:79:54:DC:D5",
                "00:1A:79:65:FA:D6",
                "00:1A:79:A6:58:97",
                "00:1A:79:0B:AA:6E",
                "00:1A:79:AA:55:6E",
                "00:1A:79:AA:54:76",
                "00:1A:79:66:F6:D8",
                "00:1A:79:4E:48:A9",
                "00:1A:79:55:BC:AD",
                "00:1A:79:BB:8D:A5",
                "00:1A:79:C0:9B:11",
                "00:1A:79:37:B4:2E",
                "00:1A:79:41:0B:58",
                "00:1A:79:C0:21:10",
                "00:1A:79:AD:09:40",
                "00:1A:79:4E:05:B5",
                "00:1A:79:55:BC:AD",
                "00:1A:79:C0:9B:11",
                "00:1A:79:59:47:34",
                "00:1A:79:09:EA:E9",
                "00:1A:79:79:18:A9",
                "00:1A:79:55:69:A6",
                "00:1A:79:54:B5:69",
                "00:1A:79:4D:93:BC"
            ]
        },
        {
            "server_name": "1plustv.org:8080",
            "server_url": "http://1plustv.org:8080/c/",
            "macs": [
                "00:1a:79:2d:8f:ba",
                "00:1a:79:2d:9f:9d",
                "00:1a:79:2d:91:bf",
                "00:1a:79:2c:a6:f1",
                "00:1a:79:2c:44:61"
            ]
        },
        {
            "server_name": "otn20.com:8000",
            "server_url": "http://otn20.com:8000/c/",
            "macs": [
                "00:1A:79:23:DA:F0",
                "00:1A:79:E6:87:CA",
                "00:1A:79:2E:FE:8F",
                "00:1A:79:0E:1E:28",
                "00:1A:79:75:2B:CC"
            ]
        },
        {
            "server_name": "dcsport.xyz:8080",
            "server_url": "http://dcsport.xyz:8080/c/",
            "macs": [
                "00:1A:79:25:61:9C",
                "00:1A:79:22:14:CB",
                "00:1A:79:23:4F:7A",
                "00:1A:79:21:BF:C4",
                "00:1A:79:27:28:ED",
                "00:1A:79:28:63:61"
            ]
        },
        {
            "server_name": "line.crystal-ott.com:80",
            "server_url": "http://line.crystal-ott.com:80/c/",
            "macs": [
                "00:1A:79:4b:05:bf",
                "00:1A:79:58:ed:73",
                "00:1A:79:b2:53:3b",
                "00:1A:79:4e:b0:7c"
            ]
        },
        {
            "server_name": "iptvplustv.online:8080",
            "server_url": "http://iptvplustv.online:8080/c/",
            "macs": [
                "00:1a:79:4c:4a:f4",
                "00:1a:79:71:41:d0",
                "00:1a:79:ab:99:82",
                "00:1a:79:d5:61:eb",
                "00:1a:79:92:27:f7",
                "00:1a:79:53:d0:32",
                "00:1a:79:14:89:01",
                "00:1a:79:12:c8:98",
                "00:1a:79:3e:27:ac",
                "00:1a:79:a0:17:db"
            ]
        },
        {
            "server_name": "tptv.cz",
            "server_url": "http://tptv.cz/c/",
            "macs": [
                "00:1a:79:57:1d:02",
                "00:1a:79:e7:50:6f",
                "00:1a:79:b7:42:ef",
                "00:1a:79:c0:5a:40",
                "00:1a:79:70:cb:65",
                "00:1a:79:16:2d:fd",
                "00:1a:79:82:9c:1d",
                "00:1a:79:62:11:62",
                "00:1a:79:6f:b2:9c",
                "00:1a:79:7a:4c:bc",
                "00:1a:79:76:8f:d0",
                "00:1a:79:36:02:b3",
                "00:1a:79:09:25:58",
                "00:1a:79:5f:11:78",
                "00:1a:79:b0:04:17",
                "00:1a:79:c6:80:60",
                "00:1a:79:33:59:c5",
                "00:1a:79:52:72:fa",
                "00:1a:79:b8:14:d7"
            ]
        },
        {
            "server_name": "line.spainott.site",
            "server_url": "http://line.spainott.site/c/",
            "macs": [
                "00:1a:79:b8:c2:86",
                "00:1a:79:b2:fb:d8",
                "00:1a:79:a7:ae:de",
                "00:1a:79:2c:5f:53",
                "00:1a:79:48:a3:81",
                "00:1a:79:2f:2f:9b",
                "00:1a:79:5a:25:a7",
                "00:1a:79:a0:29:b1",
                "00:1a:79:18:30:a5",
                "00:1a:79:a5:da:4d",
                "00:1a:79:e0:42:52",
                "00:1a:79:6a:ce:a6"
            ]
        },
        {
            "server_name": "satelliteiptv.xyz:8080",
            "server_url": "http://satelliteiptv.xyz:8080/c/",
            "macs": [
                "00:1a:79:59:51:a6",
                "00:1a:79:48:84:93"
            ]
        },
        {
            "server_name": "vip.bizimaypi.xyz:8080",
            "server_url": "http://vip.bizimaypi.xyz:8080/c/",
            "macs": [
                "00:1a:79:c5:13:fe",
                "00:1a:79:e9:bc:e4",
                "00:1a:79:a3:63:5c"
            ]
        }
    ]
}