{
    "items": [
        {
            "server_name": "vip.goldtv.org:8080",
            "server_url": "http://vip.goldtv.org:8080/c/",
            "macs": [
                "00:1A:79:d6:5f:8f",
                "00:1A:79:3b:2c:4b",
                "00:1A:79:67:d3:13",
                "00:1A:79:73:cc:da",
                "00:1A:79:61:11:83",
                "00:1A:79:1e:0d:b2",
                "00:1A:79:87:25:69",
                "00:1A:79:55:57:5f",
                "00:1A:79:73:cb:69",
                "00:1A:79:74:39:8a",
                "00:1A:79:1f:bd:08",
                "00:1A:79:a6:49:36",
                "00:1A:79:64:39:d6",
                "00:1A:79:3d:62:26",
                "00:1A:79:61:f2:11",
                "00:1A:79:10:18:17",
                "00:1A:79:79:d0:8c",
                "00:1A:79:90:0c:57",
                "00:1A:79:52:dc:99",
                "00:1A:79:ab:72:de",
                "00:1A:79:59:8a:d4",
                "00:1A:79:a3:f1:d1",
                "00:1A:79:4d:5b:9e",
                "00:1A:79:3f:63:1c",
                "00:1A:79:07:c0:cb",
                "00:1A:79:0e:98:51"
            ]
        },
        {
            "server_name": "qualityoverquantity.site:8880",
            "server_url": "http://qualityoverquantity.site:8880/c/",
            "macs": [
                "00:1A:79:08:8B:58",
                "00:1A:79:08:8D:28",
                "00:1A:79:08:2E:97",
                "00:1A:79:08:60:09",
                "00:1A:79:08:60:CD",
                "00:1A:79:09:44:90",
                "00:1A:79:08:9F:66",
                "00:1A:79:09:79:5E",
                "00:1A:79:09:32:52",
                "00:1A:79:00:00:05",
                "00:1A:79:01:57:28",
                "00:1A:79:01:95:B8",
                "00:1A:79:01:87:1A",
                "00:1A:79:02:2D:3A",
                "00:1A:79:02:44:8F",
                "00:1A:79:02:4A:45",
                "00:1A:79:00:10:2B",
                "00:1A:79:00:22:11",
                "00:1A:79:00:2C:66",
                "00:1A:79:00:32:00",
                "00:1A:79:00:32:02",
                "00:1A:79:00:4E:E9",
                "00:1A:79:00:4C:CE",
                "00:1A:79:00:77:3C",
                "00:1A:79:00:8E:C1",
                "00:1A:79:00:8E:E0",
                "00:1A:79:00:99:FD",
                "00:1A:79:01:1F:0D",
                "00:1A:79:01:35:C0",
                "00:1A:79:01:4D:28",
                "00:1A:79:02:93:00",
                "00:1A:79:02:6B:8C",
                "00:1A:79:02:D8:92",
                "00:1A:79:02:8D:A0",
                "00:1A:79:03:19:7B",
                "00:1A:79:02:F5:6B",
                "00:1A:79:03:04:80",
                "00:1A:79:03:45:69",
                "00:1A:79:03:AB:3E",
                "00:1A:79:03:CF:7E",
                "00:1A:79:03:61:53",
                "00:1A:79:04:05:08",
                "00:1A:79:03:D0:69",
                "00:1A:79:03:F4:8E",
                "00:1A:79:04:8D:30",
                "00:1A:79:05:25:31",
                "00:1A:79:05:44:DB",
                "00:1A:79:05:91:32",
                "00:1A:79:05:8E:CF",
                "00:1A:79:05:30:34",
                "00:1A:79:05:DD:C7",
                "00:1A:79:06:0F:98",
                "00:1A:79:06:77:D1",
                "00:1A:79:06:6C:34",
                "00:1A:79:06:7F:6E",
                "00:1A:79:06:88:88",
                "00:1A:79:06:A7:4E",
                "00:1A:79:07:04:18",
                "00:1A:79:07:05:18",
                "00:1A:79:06:7C:8B"
            ]
        },
        {
            "server_name": "darksiders.xyz",
            "server_url": "http://darksiders.xyz/c/",
            "macs": [
                "00:1A:79:2A:19:57"
            ]
        },
        {
            "server_name": "185.182.193.203:25461",
            "server_url": "http://185.182.193.203:25461/c/",
            "macs": [
                "00:1A:79:47:3C:AF"
            ]
        },
        {
            "server_name": "cms.shooters.cc",
            "server_url": "http://cms.shooters.cc/c/",
            "macs": [
                "00:1A:79:51:AD:39",
                "00:1A:79:6D:64:40"
            ]
        },
        {
            "server_name": "unionip.tv",
            "server_url": "http://unionip.tv/stalker_portal/c/",
            "macs": [
                "00:1A:79:03:38:6B",
                "00:1A:79:03:39:2D",
                "00:1A:79:03:83:F2"
            ]
        }
    ]
}