{
    "items": [
        {
            "server_name": "line.crystalline.me",
            "server_url": "http://line.crystalline.me/c/",
            "macs": [
                "00:1A:79:00:00:00",
                "00:1A:79:00:00:62",
                "00:1a:79:00:0F:62",
                "00:1A:79:00:13:09",
                "00:1a:79:00:22:74",
                "00:1A:79:00:28:B0"
            ]
        },
        {
            "server_name": "185.234.217.17:8080",
            "server_url": "http://185.234.217.17:8080/c/",
            "macs": [
                "00:1A:79:50:1D:EA",
                "00:1A:79:A3:FB:B3"
            ]
        },
        {
            "server_name": "live.redfhd.com:8000",
            "server_url": "http://live.redfhd.com:8000/c/",
            "macs": [
                "00:1A:79:00:32:45",
                "00:1a:79:02:ba:ad",
                "00:1a:79:02:ed:ed",
                "00:1a:79:04:c0:0c"
            ]
        },
        {
            "server_name": "showflix.org:5890",
            "server_url": "http://showflix.org:5890/c/",
            "macs": [
                "00:1A:79:47:52:2B",
                "00:1A:79:00:0D:F6",
                "00:1A:79:00:49:06",
                "00:1A:79:00:49:07"
            ]
        },
        {
            "server_name": "thesehzade.com:8080",
            "server_url": "http://thesehzade.com:8080/c/",
            "macs": [
                "00:1A:79:11:2F:18",
                "00:1A:79:0B:ED:04",
                "00:1A:79:19:1F:B6",
                "00:1A:79:1A:03:A4",
                "00:1A:79:1A:03:A6",
                "00:1A:79:32:22:3B",
                "00:1A:79:3A:AD:5B",
                "00:1A:79:3B:15:3E",
                "00:1A:79:3F:07:66",
                "00:1a:79:3f:be:61",
                "00:1A:79:4F:24:97",
                "00:1A:79:50:ED:43",
                "00:1a:79:52:b8:72",
                "00:1a:79:a1:36:7e",
                "00:1A:79:a6:4f:28",
                "00:1A:79:FC:47:08"
            ]
        },
        {
            "server_name": "tnci.tv:80",
            "server_url": "http://tnci.tv:80/c/",
            "macs": [
                "00:1a:79:17:01:f8"
            ]
        },
        {
            "server_name": "51.91.130.114:8000",
            "server_url": "http://51.91.130.114:8000/c/",
            "macs": [
                "00:1A:79:0a:45:57"
            ]
        },
        {
            "server_name": "line.crystal-ott.com",
            "server_url": "http://line.crystal-ott.com/c/",
            "macs": [
                "00:1A:79:00:00:62",
                "00:1A:79:5d:80:46"
            ]
        },
        {
            "server_name": "tv.pro-ott.com:25443",
            "server_url": "http://tv.pro-ott.com:25443/c/",
            "macs": [
                "00:1A:79:00:00:00",
                "00:1a:79:02:fe:01",
                "00:1a:79:34:05:c7",
                "00:1A:79:38:11:97",
                "00:1a:79:49:db:81",
                "00:1A:79:4d:17:34",
                "00:1A:79:53:8A:C3",
                "00:1A:79:5C:7A:9C",
                "00:1A:79:5E:E3:34",
                "00:1A:79:60:0A:1D"
            ]
        },
        {
            "server_name": "sinal.live:8080",
            "server_url": "http://sinal.live:8080/c/",
            "macs": [
                "00:1a:79:44:29:e4",
                "00:1a:79:44:8d:0a",
                "00:1A:79:46:75:82",
                "00:1A:79:57:A4:21",
                "00:1a:79:58:2c:79",
                "00:1A:79:81:27:F3"
            ]
        },
        {
            "server_name": "vip.goldtv.org:8000",
            "server_url": "http://vip.goldtv.org:8000/c/",
            "macs": [
                "00:1A:79:55:e3:6b",
                "00:1A:79:4f:54:17",
                "00:1A:79:0d:5f:5a",
                "00:1A:79:fe:1c:94",
                "00:1A:79:79:ce:1e",
                "00:1A:79:00:bb:14",
                "00:1A:79:3e:47:13",
                "00:1A:79:4c:07:5a",
                "00:1A:79:4a:7b:25",
                "00:1A:79:03:1f:0b",
                "00:1A:79:12:bc:d5",
                "00:1A:79:4f:54:64",
                "00:1A:79:4e:2e:23",
                "00:1A:79:dd:69:2a",
                "00:1A:79:45:65:f7",
                "00:1A:79:73:6b:58",
                "00:1A:79:48:b3:95",
                "00:1A:79:e9:82:30",
                "00:1A:79:34:53:8e",
                "00:1A:79:a2:8a:e6",
                "00:1A:79:d0:97:3a",
                "00:1A:79:66:0a:02",
                "00:1A:79:b3:28:e6",
                "00:1A:79:43:4f:a2",
                "00:1A:79:47:97:7e",
                "00:1A:79:19:40:6e",
                "00:1A:79:4c:1f:63",
                "00:1A:79:01:9f:1d",
                "00:1A:79:52:c5:ce",
                "00:1A:79:4e:84:45",
                "00:1A:79:4f:41:35",
                "00:1A:79:fb:00:60",
                "00:1A:79:15:0b:d6",
                "00:1A:79:5d:1e:e4",
                "00:1A:79:a6:c6:ff",
                "00:1A:79:48:93:97",
                "00:1A:79:2c:a2:17",
                "00:1A:79:50:19:e4",
                "00:1A:79:72:af:a4",
                "00:1A:79:ba:36:96",
                "00:1A:79:43:27:82",
                "00:1A:79:31:E4:A9",
                "00:1A:79:3a:14:0A",
                "00:1A:79:5E:BE:42",
                "00:1A:79:72:75:A3",
                "00:1A:79:5D:E6:D1",
                "00:1A:79:56:AA:93",
                "00:1A:79:56:96:CD",
                "00:1A:79:57:61:21",
                "00:1A:79:17:22:C7",
                "00:1A:79:39:11:A2",
                "00:1A:79:38:72:D0",
                "00:1A:79:2A:18:84",
                "00:1A:79:57:E7:28",
                "00:1A:79:5D:DA:6D",
                "00:1A:79:3F:BA:4B",
                "00:1A:79:56:AA:14",
                "00:1A:79:48:4E:ED",
                "00:1A:79:00:00:00",
                "00:1A:79:BF:B9:F9"
            ]
        }
    ]
}