{
    "items": [
        {
            "server_name": "xtream2.subtv.biz",
            "server_url": "http://xtream2.subtv.biz/c/",
            "macs": [
                "00:1A:79:00:5C:F4",
                "00:1A:79:04:05:09",
                "00:1A:79:04:F6:BB",
                "00:1A:79:05:0E:5C",
                "00:1A:79:08:56:44",
                "00:1A:79:08:68:06",
                "00:1A:79:08:81:FB",
                "00:1A:79:08:FB:A9",
                "00:1A:79:08:EC:4B",
                "00:1A:79:09:B5:80",
                "00:1A:79:11:AF:B0",
                "00:1A:79:11:B8:51",
                "00:1A:79:13:68:00",
                "00:1A:79:14:48:E4",
                "00:1A:79:14:45:5C",
                "00:1A:79:17:7A:B3"
            ]
        },
        {
            "server_name": "mediatitans.watch:8880",
            "server_url": "http://mediatitans.watch:8880/c/",
            "macs": [
                "00:1A:79:00:4E:E9",
                "00:1A:79:00:4C:CE",
                "00:1A:79:00:8E:E0",
                "00:1A:79:00:8E:C1",
                "00:1A:79:01:4D:28",
                "00:1A:79:01:87:1A",
                "00:1A:79:02:4A:45",
                "00:1A:79:03:61:53",
                "00:1A:79:03:D0:69",
                "00:1A:79:03:AB:3E",
                "00:1A:79:04:3B:99",
                "00:1A:79:05:30:34",
                "00:1A:79:05:91:32",
                "00:1A:79:05:8E:CF",
                "00:1A:79:06:0F:98",
                "00:1A:79:06:6C:34",
                "00:1A:79:06:7C:8B",
                "00:1A:79:05:36:6A",
                "00:1A:79:07:05:18",
                "00:1A:79:07:2C:8F",
                "00:1A:79:07:8C:05",
                "00:1A:79:07:A9:2B",
                "00:1A:79:07:9A:AD",
                "00:1A:79:06:B6:93",
                "00:1A:79:07:E5:A4",
                "00:1A:79:07:B5:A1",
                "00:1A:79:08:31:40",
                "00:1A:79:09:32:52",
                "00:1A:79:08:9F:66",
                "00:1A:79:08:60:09",
                "00:1A:79:08:7D:AA",
                "00:1A:79:0A:11:3F",
                "00:1A:79:09:F0:96",
                "00:1A:79:0A:08:8C",
                "00:1A:79:0B:2F:2C",
                "00:1A:79:0B:30:ED",
                "00:1A:79:0B:58:C8",
                "00:1A:79:0B:0E:02",
                "00:1A:79:0A:52:AA",
                "00:1A:79:0A:A6:B3",
                "00:1A:79:0A:08:88",
                "00:1A:79:0C:08:03",
                "00:1A:79:0C:26:9D",
                "00:1A:79:0C:49:2D",
                "00:1A:79:0C:D9:4C",
                "00:1A:79:0C:15:E0",
                "00:1A:79:0C:74:94",
                "00:1A:79:0D:1C:52",
                "00:1A:79:0D:46:1B",
                "00:1A:79:0D:BA:D7",
                "00:1A:79:0E:13:2F",
                "00:1A:79:0D:4A:95",
                "00:1A:79:0E:30:77",
                "00:1A:79:0F:42:BE",
                "00:1A:79:0E:D7:F4",
                "00:1A:79:0F:29:5A",
                "00:1A:79:0D:0A:B4",
                "00:1A:79:0D:7A:AB",
                "00:1A:79:0F:F0:BE",
                "00:1A:79:0F:D0:A9",
                "00:1A:79:0F:89:BC",
                "00:1A:79:0E:12:FA",
                "00:1A:79:0E:1A:73",
                "00:1A:79:16:47:9E",
                "00:1A:79:16:25:4D",
                "00:1A:79:18:10:C6",
                "00:1A:79:17:76:37",
                "00:1A:79:17:1A:EA",
                "00:1A:79:18:04:18",
                "00:1A:79:18:93:DC",
                "00:1A:79:16:FE:5D"
            ]
        },
        {
            "server_name": "89.45.12.36:80",
            "server_url": "http://89.45.12.36:80/c/",
            "macs": [
                "00:1A:79:53:41:70",
                "00:1A:79:4C:58:F2",
                "00:1A:79:56:45:FD",
                "00:1A:79:50:C6:A1",
                "00:1A:79:5E:DF:CF",
                "00:1A:79:B4:D0:1B",
                "00:1A:79:51:20:E5",
                "00:1A:79:5F:B2:2F"
            ]
        },
        {
            "server_name": "sa.magnetukas.lt:8666",
            "server_url": "http://sa.magnetukas.lt:8666/c/",
            "macs": [
                "00:1A:79:2C:1D:1A",
                "00:1A:79:C1:D4:C6",
                "00:1A:79:A7:A8:0A"
            ]
        },
        {
            "server_name": "neptun.fun:8080",
            "server_url": "http://neptun.fun:8080/c/",
            "macs": [
                "00:1a:79:00:7b:d3",
                "00:1a:79:31:fb:10",
                "00:1a:79:5c:20:47",
                "00:1a:79:51:5f:a7",
                "00:1a:79:1f:1c:6b",
                "00:1a:79:31:d6:e4",
                "00:1a:79:23:8f:42",
                "00:1a:79:30:0c:49",
                "00:1a:79:22:10:17",
                "00:1a:79:3b:15:8b",
                "00:1a:79:01:9d:3b",
                "00:1a:79:25:6f:1f",
                "00:1a:79:48:d4:54",
                "00:1a:79:49:da:6c",
                "00:1a:79:3f:ea:d2",
                "00:1a:79:05:05:0e",
                "00:1a:79:38:68:c9",
                "00:1a:79:11:46:2f",
                "00:1a:79:37:2c:31",
                "00:1a:79:0d:6d:75",
                "00:1a:79:4b:7b:31",
                "00:1a:79:40:48:7f",
                "00:1a:79:3f:6b:71"
            ]
        },
        {
            "server_name": "infinitymedia.live:8880",
            "server_url": "http://infinitymedia.live:8880/c/",
            "macs": [
                "00:1A:79:02:8D:A0",
                "00:1A:79:02:93:00",
                "00:1A:79:05:30:34",
                "00:1A:79:07:04:18",
                "00:1A:79:06:0F:98",
                "00:1A:79:06:7F:6E",
                "00:1A:79:08:8B:58",
                "00:1A:79:16:5A:84",
                "00:1A:79:1B:AD:9A",
                "00:1A:79:20:78:19",
                "00:1A:79:23:22:EE",
                "00:1A:79:28:9C:BE",
                "00:1A:79:25:38:C8",
                "00:1A:79:3B:71:A3",
                "00:1A:79:3E:63:84",
                "00:1A:79:42:EE:BA",
                "00:1A:79:46:5E:FE",
                "00:1A:79:48:65:73",
                "00:1A:79:48:56:39",
                "00:1A:79:4A:7D:8A",
                "00:1A:79:4C:C0:9F",
                "00:1A:79:4F:EF:2C",
                "00:1A:79:4B:D1:F5",
                "00:1A:79:4F:EE:D8",
                "00:1A:79:53:92:5C",
                "00:1A:79:57:3F:BB",
                "00:1A:79:56:17:1F",
                "00:1A:79:57:84:25",
                "00:1A:79:5A:A2:10",
                "00:1A:79:59:D3:1D",
                "00:1A:79:5D:B9:75",
                "00:1A:79:60:3e:54",
                "00:1A:79:64:01:D6",
                "00:1A:79:67:54:59",
                "00:1A:79:62:59:13",
                "00:1A:79:66:33:D7",
                "00:1A:79:6B:03:5F",
                "00:1A:79:6C:43:13",
                "00:1A:79:74:CF:21",
                "00:1A:79:76:C6:B9",
                "00:1A:79:7C:C8:60",
                "00:1A:79:7C:44:97",
                "00:1A:79:7D:E3:09",
                "00:1A:79:7F:6D:3C",
                "00:1A:79:74:3D:50",
                "00:1A:79:74:27:F6",
                "00:1A:79:75:35:C8",
                "00:1A:79:74:AC:17",
                "00:1A:79:78:E7:BF",
                "00:1A:79:7D:3B:E4",
                "00:1A:79:87:88:F9",
                "00:1A:79:7D:44:4E",
                "00:1A:79:8E:B2:3B",
                "00:1A:79:80:6C:CE",
                "00:1A:79:73:45:A8",
                "00:1A:79:80:7D:F2",
                "00:1A:79:8C:09:80"
            ]
        }
    ]
}