{
    "items": [
        {
            "server_name": "pal.alphatx.me",
            "server_url": "http://pal.alphatx.me/c/",
            "macs": [
                "00:1A:79:17:2b:91",
                "00:1A:79:c1:08:45",
                "00:1A:79:1b:4d:d1",
                "00:1A:79:ba:1c:5c",
                "00:1A:79:ad:bb:09",
                "00:1A:79:3e:c0:38",
                "00:1A:79:b6:bd:fd",
                "00:1A:79:bd:3a:3e"
            ]
        },
        {
            "server_name": "mvu03.wanicelife.com:8880",
            "server_url": "http://mvu03.wanicelife.com:8880/c/",
            "macs": [
                "00:1A:79:41:6C:2F",
                "00:1A:79:4F:56:4D",
                "00:1A:79:3B:6F:8E"
            ]
        },
        {
            "server_name": "portal-protv.club:80",
            "server_url": "http://portal-protv.club:80/c/",
            "macs": [
                "00:1A:79:6f:a2:b6",
                "00:1A:79:3d:8b:45"
            ]
        },
        {
            "server_name": "mat4k.com:8080",
            "server_url": "http://mat4k.com:8080/c/",
            "macs": [
                "00:1A:79:58:a0:12",
                "00:1A:79:a8:47:4b"
            ]
        },
        {
            "server_name": "turkiyetv.live:8000",
            "server_url": "http://turkiyetv.live:8000/c/",
            "macs": [
                "00:1A:79:B9:14:39",
                "00:1A:79:52:E9:1C",
                "00:1A:79:50:DD:AD",
                "00:1A:79:25:16:33",
                "00:1A:79:CD:77:B8",
                "00:1A:79:A3:9F:34",
                "00:1A:79:7A:2C:F4",
                "00:1A:79:C0:92:B2",
                "00:1A:79:49:2E:02",
                "00:1A:79:6B:95:BC",
                "00:1A:79:0C:DC:D3",
                "00:1A:79:85:E6:E3",
                "00:1A:79:F8:7F:76",
                "00:1A:79:CE:43:AC"
            ]
        },
        {
            "server_name": "kuualas.xyz:8080",
            "server_url": "http://kuualas.xyz:8080/c/",
            "macs": [
                "00:1A:79:b2:02:cd",
                "00:1A:79:ae:0a:79",
                "00:1A:79:4D:5F:22",
                "00:1A:79:AB:3D:97",
                "00:1A:79:BD:5F:61",
                "00:1A:79:a6:e1:86",
                "00:1A:79:bd:5e:f4",
                "00:1A:79:0E:18:82",
                "00:1A:79:39:91:12"
            ]
        },
        {
            "server_name": "152.89.61.183:25443",
            "server_url": "http://152.89.61.183:25443/c/",
            "macs": [
                "00:1A:79:5B:E4:9D",
                "00:1A:79:6D:05:BA"
            ]
        },
        {
            "server_name": "clientsportals.net:8080",
            "server_url": "http://clientsportals.net:8080/c/",
            "macs": [
                "00:1A:79:5D:03:A5",
                "00:1A:79:58:10:4A"
            ]
        },
        {
            "server_name": "ip.ninja22.xyz:8080",
            "server_url": "http://ip.ninja22.xyz:8080/c/",
            "macs": [
                "00:1A:79:B5:B2:F1"
            ]
        },
        {
            "server_name": "kosovotvstations.zapto.org:82",
            "server_url": "http://kosovotvstations.zapto.org:82/c/",
            "macs": [
                "00:1A:79:00:00:00",
                "00:1A:79:49:7A:71",
                "00:1A:79:4C:A1:FD"
            ]
        },
        {
            "server_name": "123.playip.net:4554",
            "server_url": "http://123.playip.net:4554/c/",
            "macs": [
                "00:1A:79:32:C7:F9"
            ]
        },
        {
            "server_name": "dna-iptv.com:999",
            "server_url": "http://dna-iptv.com:999/c/",
            "macs": [
                "00:1A:79:1C:09:3C",
                "00:1A:79:77:41:5D"
            ]
        },
        {
            "server_name": "185.129.1.249:88",
            "server_url": "http://185.129.1.249:88/stalker_portal/c/",
            "macs": [
                "00:1A:79:1E:AE:F4",
                "00:1A:79:14:CE:A8",
                "00:1A:79:1B:25:23",
                "00:1A:79:1B:23:1D"
            ]
        },
        {
            "server_name": "51.158.145.18:25461",
            "server_url": "http://51.158.145.18:25461/c/",
            "macs": [
                "00:1A:79:00:00:00"
            ]
        },
        {
            "server_name": "main.lstv.win:8080",
            "server_url": "http://main.lstv.win:8080/c/",
            "macs": [
                "00:1A:79:0B:67:8A",
                "00:1a:79:0b:78:66",
                "00:1A:79:36:00:74",
                "00:1A:79:3B:EF:4E",
                "00:1A:79:3D:C2:C0",
                "00:1A:79:40:8B:31",
                "00:1A:79:41:AA:B2",
                "00:1a:79:41:b9:6b",
                "00:1A:79:4F:CA:1E",
                "00:1A:79:4F:AB:1B",
                "00:1A:79:11:1F:A5",
                "00:1a:79:20:0f:7c",
                "00:1A:79:20:6F:C6",
                "00:1A:79:2A:A3:BD",
                "00:1A:79:2E:28:EB"
            ]
        },
        {
            "server_name": "thesehzade.com:8080",
            "server_url": "http://thesehzade.com:8080/c/",
            "macs": [
                "00:1A:79:5A:9F:CB",
                "00:1A:79:A8:D0:47",
                "00:1A:79:2B:C0:EF",
                "00:1A:79:3D:C7:A6",
                "00:1A:79:BD:0C:D3",
                "00:1A:79:A4:96:CA",
                "00:1A:79:23:1E:A2",
                "00:1A:79:59:AD:5C",
                "00:1A:79:2B:DF:1B",
                "00:1A:79:F9:5F:A9"
            ]
        },
        {
            "server_name": "test456.space:8080",
            "server_url": "http://test456.space:8080/c/",
            "macs": [
                "00:1A:79:B5:5B:58",
                "00:1A:79:AD:4D:EF",
                "00:1A:79:A3:11:EA",
                "00:1A:79:B5:A2:08",
                "00:1A:79:31:DE:9F",
                "00:1A:79:C1:D4:65",
                "00:1A:79:61:5F:91",
                "00:1A:79:37:49:61",
                "00:1A:79:40:56:8D",
                "00:1A:79:40:56:a3",
                "00:1a:79:4a:27:37",
                "00:1A:79:4F:A2:7A",
                "00:1A:79:57:56:8A",
                "00:1a:79:60:5b:ed",
                "00:1A:79:a6:d6:1b"
            ]
        },
        {
            "server_name": "creativemove.xyz:8080",
            "server_url": "http://creativemove.xyz:8080/c/",
            "macs": [
                "00:1A:79:B0:34:38"
            ]
        },
        {
            "server_name": "clientsportals.net:8080",
            "server_url": "http://clientsportals.net:8080/c/",
            "macs": [
                "00:1A:79:19:0f:6e",
                "00:1A:79:19:1f:76",
                "00:1A:79:19:1f:92",
                "00:1A:79:19:39:61",
                "00:1A:79:19:1f:e7",
                "00:1A:79:19:3f:76",
                "00:1A:79:19:3a:11",
                "00:1A:79:1A:00:29",
                "00:1A:79:19:3f:48",
                "00:1A:79:1D:06:CE",
                "00:1A:79:1E:8F:83",
                "00:1A:79:1E:BC:BD",
                "00:1A:79:20:0F:AF",
                "00:1A:79:20:85:32",
                "00:1A:79:20:0F:E8",
                "00:1A:79:20:B5:B2",
                "00:1A:79:20:4F:6B",
                "00:1A:79:20:7F:E6",
                "00:1A:79:20:9F:7F",
                "00:1A:79:22:74:81",
                "00:1A:79:21:0F:AE",
                "00:1A:79:20:6F:C3",
                "00:1A:79:2B:43:89",
                "00:1a:79:2c:23:91",
                "00:1A:79:2d:f0:63",
                "00:1A:79:2D:24:A1",
                "00:1a:79:2e:2a:8e",
                "00:1A:79:30:05:9F",
                "00:1A:79:32:1D:B6",
                "00:1A:79:32:1D:52",
                "00:1A:79:39:0d:db",
                "00:1A:79:58:B7:24",
                "00:1A:79:AD:FF:D0",
                "00:1A:79:6A:9A:CF",
                "00:1A:79:BA:5C:75",
                "00:1A:79:AD:AA:DE",
                "00:1A:79:AE:AC:3C",
                "00:1A:79:3A:23:8E",
                "00:1A:79:52:EE:B7",
                "00:1A:79:A1:9C:CF",
                "00:1A:79:B1:F6:7C"
            ]
        },
        {
            "server_name": "kuualas.xyz:8080",
            "server_url": "http://kuualas.xyz:8080/c/",
            "macs": [
                "00:1A:79:19:0f:6e",
                "00:1A:79:19:1f:76",
                "00:1A:79:19:1f:92",
                "00:1A:79:19:39:61",
                "00:1A:79:19:1f:e7",
                "00:1A:79:19:3f:76",
                "00:1A:79:19:3a:11",
                "00:1A:79:1A:00:29",
                "00:1A:79:19:3f:48",
                "00:1A:79:1D:06:CE",
                "00:1A:79:1E:8F:83",
                "00:1A:79:1E:BC:BD",
                "00:1A:79:20:0F:AF",
                "00:1A:79:20:85:32",
                "00:1A:79:20:0F:E8",
                "00:1A:79:20:B5:B2",
                "00:1A:79:20:4F:6B",
                "00:1A:79:20:7F:E6",
                "00:1A:79:20:9F:7F",
                "00:1A:79:22:74:81",
                "00:1A:79:21:0F:AE",
                "00:1A:79:20:6F:C3",
                "00:1A:79:2B:43:89",
                "00:1a:79:2c:23:91",
                "00:1A:79:2d:f0:63",
                "00:1A:79:2D:24:A1",
                "00:1a:79:2e:2a:8e",
                "00:1A:79:30:05:9F",
                "00:1A:79:32:1D:B6",
                "00:1A:79:32:1D:52",
                "00:1A:79:39:0d:db",
                "00:1A:79:58:B7:24",
                "00:1A:79:AD:FF:D0",
                "00:1A:79:6A:9A:CF",
                "00:1A:79:BA:5C:75",
                "00:1A:79:AD:AA:DE",
                "00:1A:79:AE:AC:3C",
                "00:1A:79:3A:23:8E",
                "00:1A:79:52:EE:B7",
                "00:1A:79:A1:9C:CF",
                "00:1A:79:B1:F6:7C"
            ]
        },
        {
            "server_name": "semprea100.relaxy.vip:8000",
            "server_url": "http://semprea100.relaxy.vip:8000/c/",
            "macs": [
                "00:1A:79:5D:0B:46",
                "00:1A:79:4B:92:8D",
                "00:1A:79:BD:4F:35",
                "00:1A:79:BD:47:23",
                "00:1A:79:BC:25:05",
                "00:1A:79:4F:CC:0E",
                "00:1A:79:CE:43:AC",
                "00:1A:79:01:4D:4E",
                "00:1A:79:C7:75:7E"
            ]
        },
        {
            "server_name": "hxplos100.xyz:80",
            "server_url": "http://hxplos100.xyz:80/c/",
            "macs": [
                "00:1A:79:56:9A:AD",
                "00:1A:79:A6:77:C8",
                "00:1A:79:A6:EE:C3",
                "00:1A:79:53:99:02",
                "00:1A:79:A6:F2:2F",
                "00:1A:79:36:C3:03",
                "00:1A:79:05:87:3E",
                "00:1A:79:A1:DE:A0",
                "00:1A:79:AE:0C:A4"
            ]
        },
        {
            "server_name": "udashboard.vip:8080",
            "server_url": "http://udashboard.vip:8080/c/",
            "macs": [
                "00:1A:79:18:3D:40",
                "00:1A:79:BA:3A:9F"
            ]
        },
        {
            "server_name": "pannel.userline.xyz:8080",
            "server_url": "http://pannel.userline.xyz:8080/c/",
            "macs": [
                "00:1A:79:4F:BD:3C",
                "00:1A:79:E0:02:DB",
                "00:1A:79:72:C7:E3",
                "00:1A:79:46:92:7B",
                "00:1A:79:A3:87:27",
                "00:1A:79:B7:8D:83"
            ]
        },
        {
            "server_name": "104.131.81.190:88",
            "server_url": "http://104.131.81.190:88/stalker_portal/c/",
            "macs": [
                "00:1A:79:72:cf:38",
                "00:1A:79:36:66:58",
                "00:1A:79:51:b2:8e"
            ]
        },
        {
            "server_name": "darksiders.xyz:80",
            "server_url": "http://darksiders.xyz:80/c/",
            "macs": [
                "00:1A:79:32:58:E5",
                "00:1A:79:3C:C5:AB",
                "00:1A:79:3C:C5:AA",
                "00:1A:79:3C:C5:AE",
                "00:1A:79:3C:C5:FB",
                "00:1A:79:42:CF:3E",
                "00:1A:79:43:87:9B",
                "00:1A:79:4A:13:10",
                "00:1A:79:4A:18:A2",
                "00:1A:79:4A:18:9E",
                "00:1A:79:4A:18:A4",
                "00:1A:79:4A:58:CB",
                "00:1A:79:56:02:59"
            ]
        },
        {
            "server_name": "one-tvplus.com:1223",
            "server_url": "http://one-tvplus.com:1223/c/",
            "macs": [
                "00:1A:79:9e:86:48",
                "00:1A:79:4a:46:ef",
                "00:1A:79:67:b4:fd",
                "00:1A:79:a4:69:58"
            ]
        },
        {
            "server_name": "live.hutv.me:25461",
            "server_url": "http://live.hutv.me:25461/c/",
            "macs": [
                "00:1A:79:23:D2:D7"
            ]
        },
        {
            "server_name": "51.210.209.150:1234",
            "server_url": "http://51.210.209.150:1234/c/",
            "macs": [
                "00:1A:79:D6:EB:9E",
                "00:1A:79:3A:EF:06",
                "00:1A:79:67:44:2E"
            ]
        },
        {
            "server_name": "lotintv4k.com",
            "server_url": "http://lotintv4k.com/c/",
            "macs": [
                "00:1A:79:00:09:88",
                "00:1A:79:00:00:00",
                "00:1a:79:00:0F:62"
            ]
        },
        {
            "server_name": "dcsport.xyz:8080",
            "server_url": "http://dcsport.xyz:8080/c/",
            "macs": [
                "00:1A:79:40:B1:33",
                "00:1a:79:40:e0:47",
                "00:1A:79:41:B9:07",
                "00:1A:79:43:7E:8D",
                "00:1A:79:46:4E:AA",
                "00:1a:79:48:00:74",
                "00:1a:79:49:f6:b9",
                "00:1A:79:4C:50:FB",
                "00:1A:79:4F:CA:1E",
                "00:1a:79:57:b0:e7",
                "00:1A:79:59:7B:26",
                "00:1a:79:18:85:dc",
                "00:1a:79:1d:6b:64",
                "00:1A:79:1F:10:71",
                "00:1A:79:29:65:3D"
            ]
        },
        {
            "server_name": "line.tivi-one.com:80",
            "server_url": "http://line.tivi-one.com:80/c/",
            "macs": [
                "00:1a:79:04:7f:42",
                "00:1A:79:31:1C:71",
                "00:1A:79:E0:1F:A2"
            ]
        },
        {
            "server_name": "thesehzade.com:8080",
            "server_url": "http://thesehzade.com:8080/c/",
            "macs": [
                "00:1A:79:5A:9F:CB",
                "00:1A:79:23:1E:A2",
                "00:1A:79:59:AD:5C",
                "00:1A:79:2B:DF:1B",
                "00:1A:79:F9:5F:A9"
            ]
        },
        {
            "server_name": "main.lstv.win:8080",
            "server_url": "http://main.lstv.win:8080/c/",
            "macs": [
                "00:1A:79:0B:67:8A",
                "00:1a:79:0b:78:66",
                "00:1A:79:11:1F:A5",
                "00:1a:79:20:0f:7c",
                "00:1A:79:20:6F:C6",
                "00:1A:79:2A:A3:BD",
                "00:1A:79:2E:28:EB",
                "00:1A:79:36:00:74",
                "00:1A:79:3B:EF:4E",
                "00:1A:79:3D:C2:C0",
                "00:1A:79:40:8B:31",
                "00:1A:79:41:AA:B2",
                "00:1a:79:41:b9:6b",
                "00:1A:79:4F:CA:1E",
                "00:1A:79:4F:AB:1B",
                "00:1A:79:5A:9F:CB",
                "00:1A:79:23:1E:A2",
                "00:1A:79:59:AD:5C",
                "00:1A:79:2B:DF:1B",
                "00:1A:79:F9:5F:A9"
            ]
        },
        {
            "server_name": "thesehzade.com:8080",
            "server_url": "http://thesehzade.com:8080/c/",
            "macs": [
                "00:1A:79:0B:67:8A",
                "00:1a:79:0b:78:66",
                "00:1A:79:11:1F:A5",
                "00:1a:79:20:0f:7c",
                "00:1A:79:20:6F:C6",
                "00:1A:79:2A:A3:BD",
                "00:1A:79:2E:28:EB",
                "00:1A:79:36:00:74",
                "00:1A:79:3B:EF:4E",
                "00:1A:79:3D:C2:C0",
                "00:1A:79:40:8B:31",
                "00:1A:79:41:AA:B2",
                "00:1a:79:41:b9:6b",
                "00:1A:79:4F:CA:1E",
                "00:1A:79:4F:AB:1B",
                "00:1A:79:5A:9F:CB",
                "00:1A:79:23:1E:A2",
                "00:1A:79:59:AD:5C",
                "00:1A:79:2B:DF:1B",
                "00:1A:79:F9:5F:A9"
            ]
        },
        {
            "server_name": "hxplos100.xyz:80",
            "server_url": "http://hxplos100.xyz:80/c/",
            "macs": [
                "00:1A:79:AC:C2:43",
                "00:1A:79:BD:45:2A",
                "00:1A:79:60:DF:57",
                "00:1A:79:A1:E2:FF",
                "00:1A:79:B3:A7:55",
                "00:1A:79:B7:21:94"
            ]
        },
        {
            "server_name": "mercury.deskanet.com:8880",
            "server_url": "http://mercury.deskanet.com:8880/c/",
            "macs": [
                "00:1A:79:f8:d1:a5",
                "00:1A:79:0c:1f:24",
                "00:1A:79:b4:19:58"
            ]
        },
        {
            "server_name": "ip.opentv.ma:8000",
            "server_url": "http://ip.opentv.ma:8000/c/",
            "macs": [
                "00:1A:79:03:9A:1C"
            ]
        },
        {
            "server_name": "test456.space:8080",
            "server_url": "http://test456.space:8080/c/",
            "macs": [
                "00:1A:79:40:04:78",
                "00:1A:79:40:56:8d",
                "00:1a:79:4a:27:37",
                "00:1A:79:4F:A2:7A",
                "00:1A:79:4F:3F:8B",
                "00:1A:79:57:56:8A",
                "00:1a:79:60:5b:ed"
            ]
        },
        {
            "server_name": "jrobs.xyz:8880",
            "server_url": "http://jrobs.xyz:8880/c/",
            "macs": [
                "00:1a:79:00:00:05",
                "00:1a:79:57:30:d8",
                "00:1a:79:03:45:01",
                "00:1A:79:0B:52:AA",
                "00:1A:79:0B:EE:9C",
                "00:1A:79:0D:22:36",
                "00:1a:79:0e:18:79",
                "00:1A:79:17:76:37",
                "00:1A:79:2A:23:EC",
                "00:1a:79:2b:d6:3f"
            ]
        },
        {
            "server_name": "world-panel.co:6969",
            "server_url": "http://world-panel.co:6969/c/",
            "macs": [
                "00:1A:79:50:64:AF",
                "00:1A:79:94:22:93"
            ]
        },
        {
            "server_name": "65.21.99.47:8080",
            "server_url": "http://65.21.99.47:8080/c/",
            "macs": [
                "00:1A:79:AF:53:D0",
                "00:1A:79:AA:A7:7A",
                "00:1A:79:B8:7A:CA",
                "00:1A:79:A4:40:9D",
                "00:1A:79:A4:41:4E"
            ]
        },
        {
            "server_name": "bazaruto.top:8000",
            "server_url": "http://bazaruto.top:8000/c/",
            "macs": [
                "00:1A:79:60:6C:0E"
            ]
        },
        {
            "server_name": "starshare.live:8080",
            "server_url": "http://starshare.live:8080/c/",
            "macs": [
                "00:1A:79:29:28:B4"
            ]
        },
        {
            "server_name": "89francs.tv:80",
            "server_url": "http://89francs.tv:80/c/",
            "macs": [
                "00:1A:79:ab:dc:2c"
            ]
        },
        {
            "server_name": "arenastudio.xyz:8080",
            "server_url": "http://arenastudio.xyz:8080/c/",
            "macs": [
                "00:1A:79:A3:1B:24",
                "00:1A:79:3D:92:07",
                "00:1A:79:AE:01:24",
                "00:1A:79:A1:A5:77",
                "00:1A:79:56:66:A1",
                "00:1A:79:A2:6E:72",
                "00:1A:79:AF:53:90",
                "00:1A:79:A6:DE:9E",
                "00:1A:79:A6:7D:A7",
                "00:1A:79:C1:98:B0",
                "00:1A:79:A6:DE:9E",
                "00:1A:79:A1:32:46",
                "00:1A:79:4A:13:B4",
                "00:1A:79:A3:1B:1C",
                "00:1A:79:56:66:A1",
                "00:1A:79:AF:53:90",
                "00:1A:79:A2:6E:72",
                "00:1A:79:BF:99:31"
            ]
        },
        {
            "server_name": "universesat.net:8000",
            "server_url": "http://universesat.net:8000/c/",
            "macs": [
                "00:1A:79:AB:C8:38",
                "00:1A:79:BA:5B:8A",
                "00:1A:79:BD:28:9F",
                "00:1A:79:AB:C8:9F",
                "00:1A:79:B0:9F:AD",
                "00:1A:79:32:AB:5F",
                "00:1A:79:A1:38:83"
            ]
        },
        {
            "server_name": "meon-pro.com",
            "server_url": "http://meon-pro.com/c/",
            "macs": [
                "00:1A:79:AC:DA:44"
            ]
        },
        {
            "server_name": "fortv.cc:8080",
            "server_url": "http://fortv.cc:8080/c/",
            "macs": [
                "00:1A:79:88:D4:F0",
                "00:1A:79:55:47:E7",
                "00:1A:79:2C:F9:16",
                "00:1A:79:AF:11:C2"
            ]
        },
        {
            "server_name": "ip.ninja21.xyz:8080",
            "server_url": "http://ip.ninja21.xyz:8080/c/",
            "macs": [
                "00:1A:79:A8:D7:79",
                "00:1A:79:BE:8D:3F",
                "00:1A:79:BE:9B:D2"
            ]
        },
        {
            "server_name": "tv.pro-ott.com:25443",
            "server_url": "http://tv.pro-ott.com:25443/c/",
            "macs": [
                "00:1A:79:97:1a:92",
                "00:1A:79:6e:a7:a2"
            ]
        },
        {
            "server_name": "hxplos100.xyz:80",
            "server_url": "http://hxplos100.xyz:80/c/",
            "macs": [
                "00:1A:79:ad:a7:aa",
                "00:1A:79:a3:f5:8d",
                "00:1A:79:c8:05:98",
                "00:1A:79:45:8c:8a"
            ]
        },
        {
            "server_name": "tvtime.ddns.net:8080",
            "server_url": "http://tvtime.ddns.net:8080/c/",
            "macs": [
                "00:1A:79:18:11:BB"
            ]
        },
        {
            "server_name": "145.239.255.38:8080",
            "server_url": "http://145.239.255.38:8080/c/",
            "macs": [
                "00:1A:79:01:CD:81"
            ]
        },
        {
            "server_name": "newmagicbox.entrydns.org",
            "server_url": "http://newmagicbox.entrydns.org/c/",
            "macs": [
                "00:1A:79:94:22:93"
            ]
        },
        {
            "server_name": "storeiptv.net:2095",
            "server_url": "http://storeiptv.net:2095/c/",
            "macs": [
                "00:1A:79:00:00:41",
                "00:1A:79:00:0D:60"
            ]
        },
        {
            "server_name": "proton-ott.com:1985",
            "server_url": "http://proton-ott.com:1985/c/",
            "macs": [
                "00:1A:79:A1:18:1A",
                "00:1A:79:BA:DE:B2",
                "00:1A:79:A2:13:F4",
                "00:1A:79:51:1B:BB",
                "00:1A:79:03:0E:CB"
            ]
        },
        {
            "server_name": "one-tvplus.com:1223",
            "server_url": "http://one-tvplus.com:1223/c/",
            "macs": [
                "00:1A:79:4a:46:ef",
                "00:1A:79:9e:86:48",
                "00:1A:79:67:b4:fd",
                "00:1A:79:a4:69:58"
            ]
        },
        {
            "server_name": "hd.007iptv.com:2095",
            "server_url": "http://hd.007iptv.com:2095/c/",
            "macs": [
                "00:1A:79:53:94:01"
            ]
        },
        {
            "server_name": "195.154.242.90:88",
            "server_url": "http://195.154.242.90:88/stalker_portal/c/",
            "macs": [
                "00:1A:79:AC:75:1D",
                "00:1A:79:8C:A1:CA"
            ]
        },
        {
            "server_name": "mvu03.wanicelife.com:8880",
            "server_url": "http://mvu03.wanicelife.com:8880/c/",
            "macs": [
                "00:1A:79:3B:6F:8E",
                "00:1A:79:41:6C:2F",
                "00:1A:79:4F:56:4D"
            ]
        },
        {
            "server_name": "portal-protv.club:80",
            "server_url": "http://portal-protv.club:80/c/",
            "macs": [
                "00:1A:79:3d:8b:45",
                "00:1A:79:6f:a2:b6"
            ]
        },
        {
            "server_name": "magboxtv.click:8080",
            "server_url": "http://magboxtv.click:8080/c/",
            "macs": [
                "00:1A:79:00:14:A4",
                "00:1A:79:01:53:FF",
                "00:1A:79:01:8F:74",
                "00:1A:79:02:14:82",
                "00:1A:79:03:23:10",
                "00:1A:79:08:77:77",
                "00:1A:79:09:6f:ae",
                "00:1A:79:0a:15:3e",
                "00:1A:79:0a:60:c6",
                "00:1A:79:0A:EF:22"
            ]
        },
        {
            "server_name": "kuualas.xyz:8080",
            "server_url": "http://kuualas.xyz:8080/c/",
            "macs": [
                "00:1A:79:b2:02:cd",
                "00:1A:79:ae:0a:79",
                "00:1A:79:a6:e1:86",
                "00:1A:79:bd:5e:f4",
                "00:1A:79:0E:18:82",
                "00:1A:79:39:91:12",
                "00:1A:79:4D:5F:22",
                "00:1A:79:AB:3D:97",
                "00:1A:79:BD:5F:61"
            ]
        },
        {
            "server_name": "pal.alphatx.me",
            "server_url": "http://pal.alphatx.me/c/",
            "macs": [
                "00:1A:79:1b:4d:d1",
                "00:1A:79:ba:1c:5c",
                "00:1A:79:ad:bb:09",
                "00:1A:79:bd:3a:3e",
                "00:1A:79:3e:c0:38",
                "00:1A:79:b6:bd:fd",
                "00:1A:79:17:2b:91",
                "00:1A:79:c1:08:45"
            ]
        }
    ]
}