{
    "items": [
        {
            "server_name": "nex.4k-iptv.net:80",
            "server_url": "http://nex.4k-iptv.net:80/c/",
            "macs": [
                "00:1A:79:56:AA:67",
                "00:1A:79:28:1F:91",
                "00:1A:79:8B:3B:BF",
                "00:1a:79:a1:76:31",
                "00:1a:79:1C:15:62",
                "00:1a:79:43:5b:c0",
                "00:1A:79:44:EE:68",
                "00:1A:79:C3:2C:22"
            ]
        },
        {
            "server_name": "mol-2.com:8080",
            "server_url": "http://mol-2.com:8080/c/",
            "macs": [
                "00:1A:79:5e:57:47",
                "00:1A:79:ba:1f:77",
                "00:1A:79:c7:be:fb",
                "00:1A:79:b2:31:f6",
                "00:1A:79:b4:41:12",
                "00:1A:79:c5:b8:d1",
                "00:1A:79:ad:69:19",
                "00:1A:79:b7:8f:4b",
                "00:1A:79:bf:bd:33",
                "00:1A:79:ad:ec:db",
                "00:1A:79:a6:1f:68",
                "00:1A:79:52:5f:54",
                "00:1A:79:d2:20:da",
                "00:1A:79:b7:17:24",
                "00:1A:79:b0:c8:78",
                "00:1A:79:b3:9a:5b",
                "00:1A:79:ba:1d:6e",
                "00:1A:79:a7:cb:4d",
                "00:1A:79:b2:4d:c4",
                "00:1A:79:38:b5:e6",
                "00:1A:79:61:fd:6b",
                "00:1A:79:bd:57:20",
                "00:1A:79:bf:64:f2",
                "00:1A:79:a7:d2:2b",
                "00:1A:79:0c:9f:d4",
                "00:1A:79:bf:7d:b0",
                "00:1A:79:22:1b:00",
                "00:1A:79:c3:b8:88",
                "00:1A:79:c5:c8:77",
                "00:1A:79:56:4e:af",
                "00:1A:79:c5:51:be",
                "00:1A:79:fa:09:e3",
                "00:1A:79:22:1e:bd",
                "00:1A:79:35:9d:92",
                "00:1A:79:bb:23:e9",
                "00:1A:79:61:ec:63"
            ]
        },
        {
            "server_name": "live.lynxiptv.xyz:80",
            "server_url": "http://live.lynxiptv.xyz:80/c/",
            "macs": [
                "00:1A:79:AC:AC:6B",
                "00:1A:79:AC:95:86",
                "00:1A:79:AA:FA:CA",
                "00:1A:79:85:65:84",
                "00:1A:79:A9:44:25",
                "00:1A:79:A7:69:50",
                "00:1A:79:A8:76:E5",
                "00:1A:79:AF:FE:6F",
                "00:1A:79:A8:A2:5F",
                "00:1A:79:A4:F9:F4",
                "00:1A:79:5D:4F:A8",
                "00:1A:79:A9:A0:9D",
                "00:1A:79:AC:E9:38",
                "00:1A:79:A8:A7:C8"
            ]
        }
    ]
}