{
    "items": [
        {
            "server_name": "5.206.227.184:8080",
            "server_url": "http://5.206.227.184:8080/c/",
            "macs": [
                "00:1A:79:95:50:09",
                "00:1A:79:A5:E6:19",
                "00:1A:79:B2:0C:08",
                "00:1A:79:C0:1A:1E"
            ]
        },
        {
            "server_name": "banovac.toniju.pusi.kurac.gentv.to:8080",
            "server_url": "http://banovac.toniju.pusi.kurac.gentv.to:8080/c/",
            "macs": [
                "00:1A:79:41:72:3F",
                "00:1A:79:43:DE:BE",
                "00:1A:79:5D:35:D6",
                "00:1A:79:BF:DC:C4",
                "00:1A:79:C6:AD:47",
                "00:1A:79:40:2A:73",
                "00:1A:79:A6:47:B7",
                "00:1A:79:A7:AE:80"
            ]
        },
        {
            "server_name": "planetiptv.online",
            "server_url": "http://planetiptv.online/c/",
            "macs": [
                "00:1A:79:1F:7E:DC",
                "00:1A:79:9E:99:0C",
                "00:1A:79:A8:D5:11",
                "00:1A:79:CF:23:43",
                "00:1A:79:EE:3E:68"
            ]
        }
    ]
}