{
    "items": [
        {
            "server_name": "92.204.40.153",
            "server_url": "http://92.204.40.153/stalker_portal/c/",
            "macs": [
                "00:1A:79:54:44:45",
                "00:1A:79:A0:ED:8E",
                "00:1A:79:68:26:73",
                "00:1A:79:da:82:76",
                "00:1A:79:4b:c4:00",
                "00:1A:79:3e:15:c1",
                "00:1A:79:54:bc:25",
                "00:1A:79:48:88:8c",
                "00:1A:79:58:71:79",
                "00:1A:79:68:ff:6b",
                "00:1A:79:70:02:f0",
                "00:1A:79:68:18:a0",
                "00:1A:79:49:1d:b5",
                "00:1A:79:6f:bd:2f"
            ]
        },
        {
            "server_name": "mol-2.com:8080",
            "server_url": "http://mol-2.com:8080/c/",
            "macs": [
                "00:1A:79:40:08:EF",
                "00:1A:79:40:0C:4F",
                "00:1A:79:40:12:7B",
                "00:1A:79:40:12:A8",
                "00:1A:79:40:13:F2",
                "00:1A:79:40:16:3B",
                "00:1A:79:40:29:0C",
                "00:1A:79:40:2E:78",
                "00:1A:79:40:2F:1E",
                "00:1A:79:40:2F:65",
                "00:1A:79:40:3A:00",
                "00:1A:79:40:5E:4A",
                "00:1A:79:40:5E:B3",
                "00:1A:79:40:5F:9A",
                "00:1A:79:40:60:55",
                "00:1A:79:40:60:BD",
                "00:1A:79:40:62:2A",
                "00:1A:79:40:62:53",
                "00:1A:79:40:62:57",
                "00:1A:79:40:62:8B",
                "00:1A:79:40:64:C1",
                "00:1A:79:40:65:6C",
                "00:1A:79:40:65:93",
                "00:1A:79:40:69:1C",
                "00:1A:79:40:6A:D4",
                "00:1A:79:40:6D:8F",
                "00:1A:79:40:73:DC",
                "00:1A:79:40:74:0E",
                "00:1A:79:40:74:D8",
                "00:1A:79:40:82:BB",
                "00:1A:79:40:82:FB",
                "00:1A:79:40:89:0B",
                "00:1A:79:40:8D:44"
            ]
        },
        {
            "server_name": "odonati.fr:2082",
            "server_url": "http://odonati.fr:2082/c/",
            "macs": [
                "00:1a:79:33:f2:d1"
            ]
        },
        {
            "server_name": "tptv.cz:34567",
            "server_url": "http://tptv.cz:34567/c/",
            "macs": [
                "00:1a:79:06:6d:71"
            ]
        },
        {
            "server_name": "kungtv.net:2095",
            "server_url": "http://kungtv.net:2095/c/",
            "macs": [
                "00:1A:79:4B:B2:41"
            ]
        },
        {
            "server_name": "186.2.171.3:8080",
            "server_url": "http://186.2.171.3:8080/c/",
            "macs": [
                "00:1a:79:bc:86:21",
                "00:1a:79:ae:45:2c",
                "00:1a:79:a6:55:f2",
                "00:1a:79:ac:c3:b0",
                "00:1a:79:a3:66:60",
                "00:1a:79:46:ba:4c",
                "00:1a:79:a7:bd:58",
                "00:1a:79:4b:d8:c4",
                "00:1a:79:a1:a1:ce",
                "00:1a:79:ab:d3:2a",
                "00:1a:79:a3:17:7b",
                "00:1a:79:a8:d2:09",
                "00:1a:79:ad:91:45",
                "00:1a:79:ad:df:dd",
                "00:1a:79:a9:d6:55",
                "00:1a:79:ab:10:21",
                "00:1a:79:a5:db:31",
                "00:1a:79:ae:40:2e",
                "00:1a:79:ae:d7:f8",
                "00:1a:79:a9:1d:29",
                "00:1a:79:a9:32:9f",
                "00:1a:79:ae:4c:82",
                "00:1a:79:ab:1a:ea",
                "00:1a:79:ad:a1:3b",
                "00:1a:79:a7:dd:5f",
                "00:1a:79:ac:0d:04",
                "00:1a:79:a6:fa:35",
                "00:1a:79:ab:4e:52",
                "00:1a:79:ad:27:cf",
                "00:1a:79:ad:0a:22",
                "00:1a:79:a6:49:3c",
                "00:1a:79:ad:27:cc",
                "00:1a:79:ad:a4:f2",
                "00:1a:79:a6:47:b7",
                "00:1a:79:a8:d5:45",
                "00:1a:79:a9:c1:80",
                "00:1a:79:42:bb:c1",
                "00:1a:79:aa:d8:b8",
                "00:1a:79:ab:41:ea",
                "00:1a:79:ad:5f:ba",
                "00:1a:79:aa:b1:af",
                "00:1a:79:ae:c9:79",
                "00:1a:79:a6:7b:66",
                "00:1a:79:a9:eb:35",
                "00:1a:79:ad:ea:9b",
                "00:1a:79:a9:f4:71",
                "00:1a:79:ab:3f:2b"
            ]
        },
        {
            "server_name": "portal.zebratv.one:25461",
            "server_url": "http://portal.zebratv.one:25461/c/",
            "macs": [
                "10:27:BE:2E:BF:A4",
                "10:27:BE:2F:75:E5",
                "10:27:BE:2E:C0:A8",
                "10:27:BE:2D:A8:AB",
                "10:27:BE:2E:4A:87",
                "10:27:BE:12:86:3F",
                "10:27:BE:2D:3B:42",
                "10:27:BE:2D:33:94",
                "10:27:BE:2D:AD:26",
                "10:27:BE:2D:A7:3B",
                "10:27:BE:15:E9:38",
                "10:27:BE:2E:20:9B",
                "10:27:BE:0D:D4:00",
                "10:27:BE:15:62:08",
                "10:27:BE:15:D8:4E",
                "10:27:BE:2D:A9:23",
                "10:27:BE:05:B8:37",
                "10:27:BE:04:F6:B6",
                "10:27:BE:2E:A2:9B",
                "10:27:BE:05:B9:CB",
                "10:27:BE:15:E4:0B",
                "10:27:BE:0D:50:83",
                "10:27:BE:2E:05:D4",
                "10:27:BE:15:AF:4A",
                "10:27:BE:2D:99:BA"
            ]
        }
    ]
}