{
    "items": [
        {
            "server_name": "ultratv.one:2095",
            "server_url": "http://ultratv.one:2095/c/",
            "macs": [
                "00:1A:79:BA:50:08",
                "00:1A:79:49:4C:34",
                "00:1A:79:B7:14:E0",
                "00:1A:79:52:08:6D",
                "00:1a:79:4e:a3:ef"
            ]
        },
        {
            "server_name": "ip.king-cobra.eu:8080",
            "server_url": "http://ip.king-cobra.eu:8080/c/",
            "macs": [
                "00:1a:79:4b:85:b6",
                "00:1a:79:47:d1:b2",
                "00:1a:79:a1:f9:61",
                "00:1a:79:43:4d:8e",
                "00:1a:79:b4:e0:cd",
                "00:1a:79:4c:26:85",
                "00:1a:79:92:56:64",
                "00:1a:79:b0:9d:30",
                "00:1a:79:4a:93:c7",
                "00:1a:79:50:c5:80",
                "00:1a:79:46:55:03",
                "00:1a:79:44:3c:bb",
                "00:1a:79:62:fb:4d",
                "00:1a:79:c2:1f:58",
                "00:1a:79:77:39:6b",
                "00:1a:79:de:9f:15",
                "00:1a:79:f0:09:74",
                "00:1a:79:41:b0:8e",
                "00:1a:79:c0:58:4f",
                "00:1a:79:69:5c:b8",
                "00:1a:79:33:01:76",
                "00:1a:79:d2:a8:0c",
                "00:1a:79:50:de:4c",
                "00:1a:79:5f:d5:0a",
                "00:1a:79:35:a8:4f",
                "00:1a:79:ba:7b:38",
                "00:1a:79:31:65:37",
                "00:1a:79:31:6c:92",
                "00:1a:79:b7:bd:10",
                "00:1a:79:b5:16:cf",
                "00:1a:79:3d:94:5c",
                "00:1a:79:4b:04:52",
                "00:1a:79:b2:f8:48",
                "00:1a:79:52:47:63",
                "00:1a:79:38:04:81",
                "00:1a:79:33:62:0a",
                "00:1a:79:42:a6:18",
                "00:1a:79:b5:15:7c",
                "00:1a:79:01:a0:51",
                "00:1a:79:ef:9d:79",
                "00:1a:79:43:cd:57",
                "00:1a:79:3a:9f:1f",
                "00:1a:79:36:08:05",
                "00:1a:79:4c:91:7a"
            ]
        },
        {
            "server_name": "shakj.alwaysperfect.info:8080",
            "server_url": "http://shakj.alwaysperfect.info:8080/c/",
            "macs": [
                "00:1a:79:ab:3a:f8",
                "00:1a:79:c6:d6:93",
                "00:1a:79:ad:2d:f0"
            ]
        },
        {
            "server_name": "nitro2.tv",
            "server_url": "http://nitro2.tv/stalker_portal/c/",
            "macs": [
                "00:1A:79:E0:41:01"
            ]
        },
        {
            "server_name": "line.liveott.ru",
            "server_url": "http://line.liveott.ru/c/",
            "macs": [
                "00:1A:79:04:29:E4"
            ]
        },
        {
            "server_name": "dostip.net:8000",
            "server_url": "http://dostip.net:8000/c/",
            "macs": [
                "00:1A:79:B9:C7:7A"
            ]
        },
        {
            "server_name": "live.new4k.tv",
            "server_url": "http://live.new4k.tv/stalker_portal/c/",
            "macs": [
                "00:1a:79:d8:ee:02",
                "00:1A:79:B1:72:05",
                "00:1A:79:7B:DA:5B"
            ]
        },
        {
            "server_name": "zulu1778.server4you.net",
            "server_url": "http://zulu1778.server4you.net/stalker_portal/c/",
            "macs": [
                "00:1a:79:4a:b1:9e",
                "00:1A:79:09:d5:24",
                "00:1a:79:40:52:a5",
                "00:1A:79:00:F9:E6",
                "00:1A:79:00:0F:94"
            ]
        },
        {
            "server_name": "ip.efetv.de:8080",
            "server_url": "http://ip.efetv.de:8080/c/",
            "macs": [
                "00:1a:79:71:ad:26",
                "00:1a:79:76:08:48",
                "00:1a:79:a4:84:d0",
                "00:1a:79:45:20:fc",
                "00:1a:79:3f:06:ab",
                "00:1a:79:3a:4a:d7",
                "00:1a:79:c9:50:96",
                "00:1a:79:d4:73:2b",
                "00:1a:79:3c:f3:93",
                "00:1a:79:6e:42:07",
                "00:1a:79:b7:40:4f",
                "00:1a:79:bf:d4:10",
                "00:1a:79:3f:0d:59",
                "00:1a:79:76:bf:bc"
            ]
        }
    ]
}