{
    "items": [
        {
            "server_name": "uhdtv.one:2095",
            "server_url": "http://uhdtv.one:2095/c/",
            "macs": [
                "00:1A:79:51:F6:56"
            ]
        },
        {
            "server_name": "besttv.club:8080",
            "server_url": "http://besttv.club:8080/c/",
            "macs": [
                "00:1a:79:fa:b3:4c",
                "00:1a:79:54:1e:48",
                "00:1a:79:b0:db:7c",
                "00:1a:79:68:e0:b2",
                "00:1a:79:00:2c:61",
                "00:1a:79:a1:92:a1",
                "00:1a:79:71:3f:38",
                "00:1a:79:50:92:42",
                "00:1a:79:41:0e:85",
                "00:1a:79:bd:a1:7b",
                "00:1a:79:3a:b8:af",
                "00:1a:79:1f:a4:a2",
                "00:1a:79:45:e8:ae",
                "00:1a:79:74:db:60"
            ]
        },
        {
            "server_name": "zdravahrana.dyndns.info:8081",
            "server_url": "http://zdravahrana.dyndns.info:8081/c/",
            "macs": [
                "00:1A:79:53:EB:83"
            ]
        },
        {
            "server_name": "kurva.streamtv.to:8080",
            "server_url": "http://kurva.streamtv.to:8080/c/",
            "macs": [
                "00:1A:79:41:CD:74"
            ]
        },
        {
            "server_name": "fastrunner.live:8080",
            "server_url": "http://fastrunner.live:8080/c/",
            "macs": [
                "00:1A:79:4C:8D:A1",
                "00:1A:79:4C:26:BB",
                "00:1A:79:4C:22:30",
                "00:1A:79:B0:9D:30",
                "00:1A:79:AB:90:E0",
                "00:1A:79:A3:8F:B2",
                "00:1A:79:AE:1F:6C",
                "00:1A:79:AB:90:40",
                "00:1A:79:A3:F8:D0",
                "00:1A:79:AA:D6:CB",
                "00:1A:79:A2:8A:B4",
                "00:1A:79:AB:61:1B",
                "00:1A:79:A0:1F:29",
                "00:1A:79:AC:38:18",
                "00:1A:79:AD:A3:BD",
                "00:1A:79:AB:05:9A",
                "00:1A:79:A3:8F:B2",
                "00:1A:79:A5:DF:BA",
                "00:1A:79:A4:63:B2",
                "00:1A:79:A0:40:A3",
                "00:1A:79:A3:8F:D3",
                "00:1A:79:AE:45:2C",
                "00:1A:79:AB:56:82",
                "00:1A:79:AC:C3:B0",
                "00:1A:79:AB:4E:52",
                "00:1A:79:A4:58:5F",
                "00:1A:79:A8:27:E3",
                "00:1A:79:AE:45:2C",
                "00:1A:79:A7:BD:58",
                "00:1A:79:AD:90:C4",
                "00:1A:79:AA:B1:88",
                "00:1A:79:A2:FB:08",
                "00:1A:79:A8:D5:45",
                "00:1A:79:A5:D8:4C",
                "00:1A:79:AD:FC:D9",
                "00:1A:79:AD:10:FD",
                "00:1A:79:AE:44:9E",
                "00:1A:79:52:2C:BC",
                "00:1A:79:42:BB:C1",
                "00:1A:79:4B:D8:C4",
                "00:1A:79:BC:86:21",
                "00:1A:79:A5:DB:31"
            ]
        },
        {
            "server_name": "hd-max.org:8080",
            "server_url": "http://hd-max.org:8080/c/",
            "macs": [
                "00:1A:79:3A:34:C9"
            ]
        },
        {
            "server_name": "tivixs.com:80",
            "server_url": "http://tivixs.com:80/c/",
            "macs": [
                "00:1a:79:32:59:87"
            ]
        },
        {
            "server_name": "gold-iptv-premium.streamtv.to:8080",
            "server_url": "http://gold-iptv-premium.streamtv.to:8080/c/",
            "macs": [
                "00:1a:79:aa:d7:5c",
                "00:1a:79:a4:56:db",
                "00:1a:79:aa:e8:92",
                "00:1a:79:ae:d3:ea",
                "00:1a:79:aa:89:c5",
                "00:1a:79:ac:d5:47",
                "00:1a:79:ad:98:1c",
                "00:1a:79:ad:e8:eb",
                "00:1a:79:ac:c9:f5",
                "00:1a:79:a6:6e:ea",
                "00:1a:79:a6:63:65",
                "00:1a:79:a1:c1:ea",
                "00:1a:79:a5:db:31",
                "00:1a:79:ad:41:fd",
                "00:1a:79:a4:56:db"
            ]
        },
        {
            "server_name": "cmsott.com:8080",
            "server_url": "http://cmsott.com:8080/c/",
            "macs": [
                "00:1a:79:7b:5a:7d"
            ]
        },
        {
            "server_name": "br0ss.xyz:8090",
            "server_url": "http://br0ss.xyz:8090/c/",
            "macs": [
                "00:1a:79:22:2f:4d",
                "00:1a:79:39:2c:67"
            ]
        },
        {
            "server_name": "one.alidesi.org:2082",
            "server_url": "http://one.alidesi.org:2082/c/",
            "macs": [
                "00:1a:79:b2:0f:18",
                "00:1a:79:b8:7a:5f"
            ]
        },
        {
            "server_name": "elboxtv.com:1985",
            "server_url": "http://elboxtv.com:1985/c/",
            "macs": [
                "00:1a:79:47:60:9f",
                "00:1a:79:48:0a:42"
            ]
        },
        {
            "server_name": "bardhi.xyz:2086",
            "server_url": "http://bardhi.xyz:2086/c/",
            "macs": [
                "00:1a:79:37:59:10"
            ]
        },
        {
            "server_name": "p1.iptvrocket.tv:80",
            "server_url": "http://p1.iptvrocket.tv:80/c/",
            "macs": [
                "00:1a:79:6c:8e:f0",
                "00:1a:79:65:03:46",
                "00:1a:79:3d:b3:df",
                "00:1a:79:b8:3e:32",
                "00:1a:79:d5:59:69"
            ]
        },
        {
            "server_name": "tptv.cz:34567",
            "server_url": "http://tptv.cz:34567/c/",
            "macs": [
                "00:1a:79:75:21:47",
                "00:1a:79:2c:da:ab",
                "00:1a:79:5a:8f:40",
                "00:1a:79:e6:57:5d",
                "00:1a:79:63:01:32",
                "00:1a:79:33:6f:40",
                "00:1a:79:30:ea:35"
            ]
        }
    ]
}