{
    "items": [
        {
            "server_name": "mag.greatott.me",
            "server_url": "http://mag.greatott.me/c/",
            "macs": [
                "00:1A:79:5E:CF:C9",
                "00:1A:79:B5:AD:F5",
                "00:1A:79:BF:DE:F0"
            ]
        },
        {
            "server_name": "nettv-premiumx.com:8000",
            "server_url": "http://nettv-premiumx.com:8000/c/",
            "macs": [
                "00:1A:79:03:11:5A",
                "00:1A:79:4C:A6:0E",
                "00:1A:79:C0:04:89"
            ]
        }
    ]
}