{
    "items": [
        {
            "server_name": "planetiptv.online",
            "server_url": "http://planetiptv.online/c/",
            "macs": [
                "00:1A:79:19:01:9B"
            ]
        },
        {
            "server_name": "6a6b6.com",
            "server_url": "http://6a6b6.com/c/",
            "macs": [
                "00:1a:79:90:02:72",
                "00:1a:79:30:9f:23",
                "00:1a:79:2b:bf:60"
            ]
        },
        {
            "server_name": "xc-clubtv.xyz:8080",
            "server_url": "http://xc-clubtv.xyz:8080/c/",
            "macs": [
                "00:1a:79:1a:01:b4",
                "00:1A:79:4A:18:B8"
            ]
        },
        {
            "server_name": "ibrafr.com:8789",
            "server_url": "http://ibrafr.com:8789/c/",
            "macs": [
                "00:1A:79:C8:70:23",
                "00:1A:79:5D:4C:31"
            ]
        }
    ]
}