{
    "items": [
        {
            "server_name": "besttv.club",
            "server_url": "http://besttv.club:8080/",
            "macs": [
                "00:1a:79:ab:52:61",
                "00:1a:79:c9:47:57",
                "00:1a:79:aa:b6:ab",
                "00:1a:79:5d:33:bb",
                "00:1a:79:1c:9b:cc",
                "00:1a:79:ab:2c:fc",
                "00:1a:79:f5:11:55",
                "00:1a:79:ad:20:25",
                "00:1a:79:c2:30:aa",
                "00:1a:79:a6:59:7a",
                "00:1a:79:ca:00:56",
                "00:1a:79:ad:e0:a4",
                "00:1a:79:4d:05:69",
                "00:1a:79:f1:5e:a4",
                "00:1a:79:4b:71:ae",
                "00:1a:79:77:f1:87",
                "00:1a:79:04:9f:d2",
                "00:1a:79:d8:31:84",
                "00:1a:79:b4:e8:de",
                "00:1a:79:5d:05:54",
                "00:1a:79:70:38:e3",
                "00:1a:79:87:c4:c2",
                "00:1a:79:57:a1:91",
                "00:1a:79:54:92:31",
                "00:1a:79:6b:7b:85",
                "00:1a:79:bb:27:9c",
                "00:1a:79:1a:e1:2a",
                "00:1a:79:6a:b3:f2",
                "00:1a:79:55:59:33",
                "00:1a:79:6f:b7:90",
                "00:1a:79:bb:fe:64",
                "00:1a:79:54:df:af",
                "00:1a:79:bf:ee:3a",
                "00:1a:79:59:59:36",
                "00:1a:79:73:c8:71",
                "00:1a:79:00:f8:7d",
                "00:1a:79:b4:ea:09",
                "00:1a:79:76:d8:f2",
                "00:1a:79:b6:ae:40"
            ]
        },
        {
            "server_name": "brokentv.rip",
            "server_url": "http://brokentv.rip:8080/",
            "macs": [
                "00:1a:79:a7:a4:f6",
                "00:1a:79:ab:d8:ea",
                "00:1a:79:a9:ec:6d",
                "00:1a:79:ab:58:69",
                "00:1a:79:a6:f0:29",
                "00:1a:79:a2:fb:e0",
                "00:1a:79:ae:ab:de",
                "00:1a:79:a4:52:25"
            ]
        },
        {
            "server_name": "dcgate.org",
            "server_url": "http://dcgate.org:8080/",
            "macs": [
                "00:1a:79:3c:9c:fd",
                "00:1a:79:3c:4c:da",
                "00:1a:79:3f:64:67",
                "00:1a:79:31:2f:63",
                "00:1a:79:46:64:4b",
                "00:1a:79:31:c6:33",
                "00:1a:79:48:f8:07",
                "00:1a:79:45:06:57",
                "00:1a:79:47:c6:84"
            ]
        },
        {
            "server_name": "diyarbekir21.com",
            "server_url": "http://diyarbekir21.com:8080/",
            "macs": [
                "00:1a:79:4c:9a:e7",
                "00:1a:79:b7:7b:86",
                "00:1a:79:6e:c9:ab",
                "00:1a:79:4d:0a:36",
                "00:1a:79:f1:e9:8d",
                "00:1a:79:f1:b1:58",
                "00:1a:79:d9:70:33",
                "00:1a:79:ab:f1:8a",
                "00:1a:79:91:c5:28",
                "00:1a:79:95:42:2f",
                "00:1a:79:00:79:c7",
                "00:1a:79:aa:7c:3b",
                "00:1a:79:02:76:09",
                "00:1a:79:aa:71:68",
                "00:1a:79:56:74:f9",
                "00:1a:79:51:3d:c6",
                "00:1a:79:a3:12:85",
                "00:1a:79:fc:a3:9d"
            ]
        },
        {
            "server_name": "dont.t-v.io",
            "server_url": "http://dont.t-v.io/",
            "macs": [
                "00:1a:79:58:11:8e",
                "00:1a:79:3d:1f:9f",
                "00:1a:79:ab:de:81",
                "00:1a:79:62:e0:1a",
                "00:1a:79:b7:8b:1a",
                "00:1a:79:a3:8f:46",
                "00:1a:79:ab:ab:a8",
                "00:1a:79:77:8e:23",
                "00:1a:79:c4:3c:42",
                "00:1a:79:a7:bc:e6",
                "00:1a:79:b8:92:40",
                "00:1a:79:5e:8f:5e",
                "00:1a:79:bc:2f:80"
            ]
        },
        {
            "server_name": "hd-max.org",
            "server_url": "http://hd-max.org:8080/",
            "macs": [
                "00:1a:79:63:ab:6e",
                "00:1a:79:c4:10:a8",
                "00:1a:79:d9:ba:be",
                "00:1a:79:72:ae:ee",
                "00:1a:79:56:a2:c2",
                "00:1a:79:a5:5a:d7",
                "00:1a:79:bb:2c:21",
                "00:1a:79:ab:f6:01",
                "00:1a:79:2b:2a:54",
                "00:1a:79:3e:02:6c",
                "00:1a:79:25:63:3f",
                "00:1a:79:76:d5:81",
                "00:1a:79:73:9c:81",
                "00:1a:79:e9:7f:a8",
                "00:1a:79:ae:94:bd",
                "00:1a:79:b5:06:63",
                "00:1a:79:d6:44:83",
                "00:1a:79:8e:66:bd",
                "00:1a:79:71:01:bc",
                "00:1a:79:98:d5:ae",
                "00:1a:79:7a:51:e5",
                "00:1a:79:73:e1:d7",
                "00:1a:79:1f:44:fc",
                "00:1a:79:17:be:1b",
                "00:1a:79:74:35:b3",
                "00:1a:79:c6:49:64",
                "00:1a:79:4b:7a:32",
                "00:1a:79:3c:b1:18",
                "00:1a:79:4a:98:a3",
                "00:1a:79:5a:95:a9",
                "00:1a:79:a4:68:a9",
                "00:1a:79:40:a4:1b",
                "00:1a:79:1f:65:a4",
                "00:1a:79:36:bd:5e",
                "00:1a:79:21:1f:f4",
                "00:1a:79:ae:d5:10",
                "00:1a:79:21:dd:ad",
                "00:1a:79:59:d9:5a",
                "00:1a:79:18:0c:10",
                "00:1a:79:49:a9:36"
            ]
        },
        {
            "server_name": "hellas.sltv.pw",
            "server_url": "http://hellas.sltv.pw:8080/",
            "macs": [
                "00:1a:79:ae:a2:e8",
                "00:1a:79:aa:6b:24",
                "00:1a:79:ad:7d:69",
                "00:1a:79:c4:14:f5",
                "00:1a:79:aa:9d:26",
                "00:1a:79:78:89:fd",
                "00:1a:79:ab:aa:88",
                "00:1a:79:a7:a6:03",
                "00:1a:79:ad:86:25",
                "00:1a:79:aa:79:78",
                "00:1a:79:ab:3d:75"
            ]
        },
        {
            "server_name": "heretv.club",
            "server_url": "http://heretv.club/",
            "macs": [
                "00:1a:79:a5:2a:1d",
                "00:1a:79:a7:1a:82",
                "00:1a:79:aa:8e:12",
                "00:1a:79:67:9d:52",
                "00:1a:79:71:04:cd",
                "00:1a:79:59:8b:d3",
                "00:1a:79:ae:be:49",
                "00:1a:79:ab:bc:f8",
                "00:1a:79:ae:db:51",
                "00:1a:79:ad:09:40",
                "00:1a:79:a9:ec:62",
                "00:1a:79:ae:1c:9b"
            ]
        },
        {
            "server_name": "iboxs.club",
            "server_url": "http://iboxs.club/",
            "macs": [
                "00:1a:79:3d:aa:79",
                "00:1a:79:6f:09:b8",
                "00:1a:79:67:d0:fb",
                "00:1a:79:0f:10:95",
                "00:1a:79:6e:68:bf",
                "00:1a:79:5d:c2:5d",
                "00:1a:79:72:2c:e9",
                "00:1a:79:68:80:34",
                "00:1a:79:a3:b3:99"
            ]
        },
        {
            "server_name": "ip.efetv.de",
            "server_url": "http://ip.efetv.de:8080/",
            "macs": [
                "00:1a:79:5c:be:f1",
                "00:1a:79:bd:8a:45",
                "00:1a:79:31:dd:aa",
                "00:1a:79:27:9f:ad",
                "00:1a:79:57:e2:f5",
                "00:1a:79:a4:84:d0",
                "00:1a:79:d7:1d:b8",
                "00:1a:79:bf:dd:bd",
                "00:1a:79:b7:d7:b4",
                "00:1a:79:23:26:a4",
                "00:1a:79:78:59:68",
                "00:1a:79:a5:37:52",
                "00:1a:79:ae:35:71",
                "00:1a:79:00:3e:a3",
                "00:1a:79:45:16:dd",
                "00:1a:79:b2:51:5f",
                "00:1a:79:ac:35:58",
                "00:1a:79:de:8f:0d",
                "00:1a:79:be:77:70"
            ]
        },
        {
            "server_name": "ip.king-cobra.eu",
            "server_url": "http://ip.king-cobra.eu:8080/",
            "macs": [
                "00:1a:79:31:ac:2b",
                "00:1a:79:a5:22:08",
                "00:1a:79:72:1d:45",
                "00:1a:79:57:a3:63",
                "00:1a:79:c2:d9:9f",
                "00:1a:79:73:73:3d",
                "00:1a:79:5f:d5:d6",
                "00:1a:79:23:5f:28",
                "00:1a:79:90:0f:9e",
                "00:1a:79:98:61:96",
                "00:1a:79:d6:74:5a",
                "00:1a:79:23:a0:79",
                "00:1a:79:40:29:c0",
                "00:1a:79:b0:9d:30",
                "00:1a:79:ec:8f:a8",
                "00:1a:79:b3:22:85",
                "00:1a:79:e7:86:71",
                "00:1a:79:fe:17:a9",
                "00:1a:79:50:c5:80",
                "00:1a:79:23:ac:43",
                "00:1a:79:5a:41:33",
                "00:1a:79:78:23:8e",
                "00:1a:79:b0:ba:c2",
                "00:1a:79:70:90:23",
                "00:1a:79:48:f8:07",
                "00:1a:79:b1:10:a8",
                "00:1a:79:b2:75:2b",
                "00:1a:79:5e:d8:62",
                "00:1a:79:a5:8f:8f",
                "00:1a:79:38:7f:a5",
                "00:1a:79:4d:03:38",
                "00:1a:79:45:60:41",
                "00:1a:79:5e:b9:b4",
                "00:1a:79:a5:c3:0a",
                "00:1a:79:ac:95:76",
                "00:1a:79:95:41:6e",
                "00:1a:79:05:04:af",
                "00:1a:79:57:7d:f7"
            ]
        },
        {
            "server_name": "ip.sltv.xyz",
            "server_url": "http://ip.sltv.xyz:8080/",
            "macs": [
                "00:1a:79:74:6a:06",
                "00:1a:79:3d:b8:f1",
                "00:1a:79:ee:0b:e6",
                "00:1a:79:37:8c:15",
                "00:1a:79:2d:b3:07",
                "00:1a:79:2d:8f:ba",
                "00:1a:79:36:48:32",
                "00:1a:79:d6:98:59",
                "00:1a:79:ba:81:da",
                "00:1a:79:ad:07:ad",
                "00:1a:79:4c:30:e5",
                "00:1a:79:31:ad:72",
                "00:1a:79:6e:ce:08",
                "00:1a:79:a5:bb:73",
                "00:1a:79:e1:f4:16"
            ]
        },
        {
            "server_name": "letmein.fun",
            "server_url": "http://letmein.fun:8080/",
            "macs": [
                "00:1a:79:c1:d7:b1",
                "00:1a:79:ab:1c:84",
                "00:1a:79:ad:12:17",
                "00:1a:79:52:78:4b",
                "00:1a:79:ac:7e:79",
                "00:1a:79:a7:b9:55",
                "00:1a:79:46:52:9c",
                "00:1a:79:a9:e5:40",
                "00:1a:79:ae:c3:25",
                "00:1a:79:ae:48:8d",
                "00:1a:79:ae:77:c0",
                "00:1a:79:ae:d3:44",
                "00:1a:79:a2:f7:34",
                "00:1a:79:a3:2a:21",
                "00:1a:79:ad:5f:29",
                "00:1a:79:ad:12:bf",
                "00:1a:79:a2:6f:44",
                "00:1a:79:a3:f8:d0",
                "00:1a:79:a3:72:2f",
                "00:1a:79:a5:b6:59",
                "00:1a:79:aa:20:d6",
                "00:1a:79:ae:d9:01",
                "00:1a:79:a5:a7:ea",
                "00:1a:79:a7:b0:00",
                "00:1a:79:a2:ef:9f",
                "00:1a:79:ae:9c:5f",
                "00:1a:79:a9:ea:5c",
                "00:1a:79:ad:10:1f",
                "00:1a:79:ad:f3:91",
                "00:1a:79:a6:f6:63",
                "00:1a:79:a9:a4:36",
                "00:1a:79:a2:89:e9",
                "00:1a:79:a9:2f:af",
                "00:1a:79:a5:23:07"
            ]
        },
        {
            "server_name": "liveline.store",
            "server_url": "http://liveline.store:8000/",
            "macs": [
                "00:1a:79:a4:cd:ef",
                "00:1a:79:79:60:1f",
                "00:1a:79:42:62:e8",
                "00:1a:79:ba:8e:19",
                "00:1a:79:1d:02:46",
                "00:1a:79:a0:98:b1",
                "00:1a:79:a6:e1:0a",
                "00:1a:79:b2:12:04",
                "00:1a:79:b9:22:5f",
                "00:1a:79:3a:d0:7a",
                "00:1a:79:02:68:f3"
            ]
        },
        {
            "server_name": "matrix-ott.tv",
            "server_url": "http://matrix-ott.tv:8080/",
            "macs": [
                "00:1a:79:72:98:82",
                "00:1a:79:01:72:0d",
                "00:1a:79:6e:39:f5",
                "00:1a:79:64:e0:91",
                "00:1a:79:34:3f:86",
                "00:1a:79:50:39:86",
                "00:1a:79:4e:b8:0d",
                "00:1a:79:7b:7d:65",
                "00:1a:79:57:e9:14",
                "00:1a:79:6e:43:80",
                "00:1a:79:a3:bb:db",
                "00:1a:79:1d:0e:7a"
            ]
        },
        {
            "server_name": "nemuritorii.fun",
            "server_url": "http://nemuritorii.fun:8080/",
            "macs": [
                "00:1A:79:2B:9B:17",
                "00:1A:79:4f:d2:9e",
                "00:1A:79:86:6A:2F",
                "00:1A:79:B4:6F:4B",
                "00:1A:79:5E:87:99",
                "00:1A:79:4f:d3:fb",
                "00:1A:79:7C:F9:33",
                "00:1A:79:32:36:D0",
                "00:1A:79:51:e6:54",
                "00:1A:79:52:3B:C1",
                "00:1A:79:5A:9F:7D",
                "00:1A:79:59:91:d1"
            ]
        },
        {
            "server_name": "neomixs.com",
            "server_url": "http://neomixs.com:8080/",
            "macs": [
                "00:1a:79:4e:89:f9",
                "00:1a:79:34:fb:0f",
                "00:1a:79:8a:b1:fa",
                "00:1a:79:c2:9d:c6",
                "00:1a:79:5e:81:7b",
                "00:1a:79:32:9c:07",
                "00:1a:79:46:75:7a",
                "00:1a:79:53:0d:17",
                "00:1a:79:44:8b:b5",
                "00:1a:79:40:75:e7",
                "00:1a:79:5a:03:6d",
                "00:1a:79:75:2a:77",
                "00:1a:79:ba:4a:6b",
                "00:1a:79:1d:06:22",
                "00:1a:79:17:9e:22",
                "00:1a:79:3d:21:c8",
                "00:1a:79:59:12:65",
                "00:1a:79:4b:7e:a5",
                "00:1a:79:58:f6:38",
                "00:1a:79:5e:41:e6",
                "00:1a:79:31:ac:2b",
                "00:1a:79:46:57:1a",
                "00:1a:79:3e:71:e7",
                "00:1a:79:b6:58:fc",
                "00:1a:79:31:b1:5b",
                "00:1a:79:bd:88:b6",
                "00:1a:79:4d:01:63",
                "00:1a:79:40:a4:1b",
                "00:1a:79:d6:60:86",
                "00:1a:79:54:58:bb",
                "00:1a:79:5f:72:64",
                "00:1a:79:12:f3:1f"
            ]
        },
        {
            "server_name": "netseeny.maxhd.vip",
            "server_url": "http://netseeny.maxhd.vip:8000/",
            "macs": [
                "00:1a:79:26:6d:3d",
                "00:1a:79:8a:b1:fa",
                "00:1a:79:ad:b0:82",
                "00:1a:79:46:57:c9",
                "00:1a:79:35:39:2e",
                "00:1a:79:48:b2:ef",
                "00:1a:79:37:46:79",
                "00:1a:79:46:1e:a2",
                "00:1a:79:bf:bc:d8",
                "00:1a:79:34:91:26",
                "00:1a:79:4c:c0:62",
                "00:1a:79:46:87:50",
                "00:1a:79:aa:df:3d",
                "00:1a:79:43:4c:af",
                "00:1a:79:46:1a:63",
                "00:1a:79:67:52:31",
                "00:1a:79:45:45:94",
                "00:1a:79:4d:9b:67",
                "00:1a:79:af:26:e1",
                "00:1a:79:76:ae:ed",
                "00:1a:79:45:06:57",
                "00:1a:79:53:f2:db",
                "00:1a:79:a5:de:10",
                "00:1a:79:a8:d6:c0",
                "00:1a:79:71:c8:20",
                "00:1a:79:31:ec:fe",
                "00:1a:79:4e:10:bc",
                "00:1a:79:06:12:7e",
                "00:1a:79:75:3e:14",
                "00:1a:79:ef:28:92",
                "00:1a:79:af:fa:08",
                "00:1a:79:5a:1c:08",
                "00:1a:79:73:c8:71",
                "00:1a:79:8d:b6:33",
                "00:1a:79:a7:b3:ef",
                "00:1a:79:31:62:08",
                "00:1a:79:a1:70:65",
                "00:1a:79:4e:b1:a1",
                "00:1a:79:4d:02:66",
                "00:1a:79:89:1e:e5"
            ]
        },
        {
            "server_name": "open.anume.tv",
            "server_url": "http://open.anume.tv:8080/",
            "macs": [
                "00:1A:79:39:DE:56",
                "00:1A:79:AD:E5:EB",
                "00:1A:79:50:28:7E",
                "00:1A:79:32:36:D0",
                "00:1A:79:7C:F9:33",
                "00:1A:79:36:C3:19",
                "00:1A:79:7E:12:27",
                "00:1A:79:32:2D:C8",
                "00:1A:79:0B:5C:FF",
                "00:1A:79:52:3B:C1",
                "00:1A:79:5E:87:99",
                "00:1A:79:43:DF:9A",
                "00:1A:79:59:91:d1",
                "00:1A:79:37:17:86",
                "00:1A:79:28:68:53",
                "00:1A:79:5D:2C:59",
                "00:1A:79:43:E9:48",
                "00:1A:79:5C:3C:D9",
                "00:1A:79:7B:4D:4B",
                "00:1A:79:2E:3B:46",
                "00:1A:79:6B:84:F3",
                "00:1A:79:5A:9F:7D",
                "00:1A:79:40:A2:E2"
            ]
        },
        {
            "server_name": "open.secretsofsibiu.ro",
            "server_url": "http://open.secretsofsibiu.ro:8080/",
            "macs": [
                "00:1A:79:2B:9B:17",
                "00:1A:79:3C:B7:1F",
                "00:1A:79:86:6A:2F",
                "00:1A:79:B4:6F:4B",
                "00:1A:79:5E:87:99",
                "00:1A:79:4f:d3:fb",
                "00:1A:79:7C:F9:33",
                "00:1A:79:32:36:D0"
            ]
        },
        {
            "server_name": "portal.ramz123.xyz",
            "server_url": "http://portal.ramz123.xyz:8080/",
            "macs": [
                "00:1a:79:a4:52:54",
                "00:1a:79:ad:12:17",
                "00:1a:79:be:3b:c1",
                "00:1a:79:ad:4d:0b",
                "00:1a:79:ab:b9:8f",
                "00:1a:79:ae:3b:a3",
                "00:1a:79:ab:18:fd",
                "00:1a:79:aa:d0:cb",
                "00:1a:79:4c:ef:99",
                "00:1a:79:a2:e8:2e",
                "00:1a:79:4c:51:93",
                "00:1a:79:a3:86:fb"
            ]
        },
        {
            "server_name": "powerip.be",
            "server_url": "http://powerip.be:8000/",
            "macs": [
                "00:1a:79:a0:8f:4b",
                "00:1a:79:52:47:63",
                "00:1a:79:ba:6d:cd",
                "00:1a:79:41:da:72",
                "00:1a:79:49:84:a2",
                "00:1a:79:46:60:c1",
                "00:1a:79:ae:c6:49",
                "00:1a:79:4f:73:28",
                "00:1a:79:ae:56:28",
                "00:1a:79:95:ca:f5",
                "00:1a:79:42:db:12",
                "00:1a:79:aa:a9:13",
                "00:1a:79:5a:3b:c8",
                "00:1a:79:30:f1:b9",
                "00:1a:79:6a:ae:2b",
                "00:1a:79:d2:ea:da",
                "00:1a:79:03:54:bc",
                "00:1a:79:46:b8:97",
                "00:1a:79:31:ec:85",
                "00:1a:79:49:6b:9a",
                "00:1a:79:02:83:9c",
                "00:1a:79:63:28:74",
                "00:1a:79:4c:c2:df",
                "00:1a:79:72:98:43",
                "00:1a:79:98:f2:3c",
                "00:1a:79:29:cc:96"
            ]
        },
        {
            "server_name": "poyraz67.com",
            "server_url": "http://poyraz67.com:8080/",
            "macs": [
                "00:1a:79:03:7f:16",
                "00:1A:79:1f:1f:9f",
                "00:1A:79:3B:28:E9",
                "00:1a:79:7b:c8:e0",
                "00:1a:79:ae:c3:fd",
                "00:1a:79:c3:29:78",
                "00:1a:79:58:8a:53",
                "00:1a:79:48:02:c8",
                "00:1a:79:c3:65:1c",
                "00:1a:79:ad:9c:89",
                "00:1a:79:e5:8d:df",
                "00:1a:79:04:f0:cf",
                "00:1a:79:a6:82:51",
                "00:1a:79:94:69:cb",
                "00:1a:79:33:63:36",
                "00:1a:79:60:6b:cb",
                "00:1a:79:a4:d5:ba",
                "00:1a:79:f5:02:09",
                "00:1a:79:54:23:9a",
                "00:1a:79:02:75:b7",
                "00:1a:79:cd:c9:d7",
                "00:1a:79:a7:a1:03",
                "00:1a:79:6e:be:67",
                "00:1a:79:ba:db:0d",
                "00:1a:79:50:ed:71",
                "00:1a:79:be:9b:8b",
                "00:1a:79:53:60:d7",
                "00:1a:79:4f:3f:a2",
                "00:1a:79:68:e2:18",
                "00:1a:79:47:69:a0",
                "00:1a:79:aa:79:78",
                "00:1A:79:d3:9b:4f",
                "00:1a:79:a6:4d:96",
                "00:1a:79:ad:82:ac",
                "00:1A:79:90:30:c2",
                "00:1a:79:a4:96:5d",
                "00:1a:79:34:9e:84",
                "00:1a:79:5a:ed:5c",
                "00:1a:79:1c:54:38",
                "00:1a:79:5b:eb:6a",
                "00:1A:79:3A:FB:F2",
                "00:1a:79:a1:96:0c"
            ]
        },
        {
            "server_name": "pp.prison8break.com",
            "server_url": "http://pp.prison8break.com:8080/",
            "macs": [
                "00:1a:79:aa:d7:e8",
                "00:1a:79:ae:8a:26",
                "00:1a:79:a1:c3:58",
                "00:1a:79:ae:8e:4c",
                "00:1a:79:a5:24:9d",
                "00:1a:79:ad:9b:e9",
                "00:1a:79:ae:84:0d",
                "00:1a:79:a9:ed:0a",
                "00:1a:79:ad:13:c4",
                "00:1a:79:a4:58:5f",
                "00:1a:79:ad:94:3f"
            ]
        },
        {
            "server_name": "promaxhd.com",
            "server_url": "http://promaxhd.com:8080/",
            "macs": [
                "00:1a:79:3e:02:6c",
                "00:1a:79:d5:ea:94",
                "00:1a:79:66:73:b2",
                "00:1a:79:fa:09:f5",
                "00:1a:79:3a:d8:e8",
                "00:1a:79:ab:91:92",
                "00:1a:79:31:21:de",
                "00:1a:79:d9:ba:be",
                "00:1a:79:76:86:48",
                "00:1a:79:72:ae:ee",
                "00:1a:79:49:d2:de",
                "00:1a:79:30:8f:96",
                "00:1a:79:c4:10:a8",
                "00:1a:79:43:5d:69",
                "00:1a:79:73:e0:db",
                "00:1a:79:2d:84:77",
                "00:1a:79:56:a2:c2",
                "00:1a:79:ba:22:74",
                "00:1a:79:5b:c3:e5",
                "00:1a:79:ba:07:ce",
                "00:1a:79:5b:6c:dc",
                "00:1a:79:70:66:54",
                "00:1a:79:91:f9:80",
                "00:1a:79:4c:2f:28",
                "00:1a:79:57:a8:35",
                "00:1a:79:6e:22:e4",
                "00:1a:79:19:3f:73"
            ]
        },
        {
            "server_name": "tp.nxdns4.com",
            "server_url": "http://tp.nxdns4.com:8080/",
            "macs": [
                "00:1a:79:4c:31:cf",
                "00:1a:79:46:e8:97",
                "00:1a:79:4b:54:f8",
                "00:1a:79:46:12:00",
                "00:1a:79:49:e5:d3",
                "00:1a:79:a9:c4:1e",
                "00:1a:79:a1:82:24",
                "00:1a:79:ac:f8:ce"
            ]
        },
        {
            "server_name": "treambura.com",
            "server_url": "http://treambura.com:8080/",
            "macs": [
                "00:1A:79:42:7A:07",
                "00:1A:79:28:68:53",
                "00:1A:79:52:3B:C1",
                "00:1A:79:59:91:d1",
                "00:1A:79:5E:87:99",
                "00:1A:79:4f:d3:fb",
                "00:1A:79:7C:F9:33",
                "00:1A:79:32:36:D0",
                "00:1A:79:43:E9:48",
                "00:1A:79:AD:E5:EB",
                "00:1A:79:7B:4D:4B",
                "00:1A:79:2E:3B:46",
                "00:1A:79:50:64:D6",
                "00:1A:79:40:a2:e2",
                "00:1A:79:5A:9F:7D",
                "00:1A:79:32:2D:C8"
            ]
        },
        {
            "server_name": "tvalb.xyz",
            "server_url": "http://tvalb.xyz:8080/",
            "macs": [
                "00:1a:79:50:e7:5d",
                "00:1a:79:01:01:33",
                "00:1a:79:45:16:d1",
                "00:1a:79:52:40:5a",
                "00:1a:79:c0:46:13",
                "00:1a:79:ae:c5:4f",
                "00:1a:79:15:72:d8",
                "00:1a:79:49:1b:ae",
                "00:1a:79:03:10:87",
                "00:1a:79:02:fe:01",
                "00:1a:79:fe:17:a9",
                "00:1a:79:90:11:ab",
                "00:1a:79:ad:7d:69",
                "00:1a:79:db:54:24",
                "00:1a:79:a9:2b:4c",
                "00:1a:79:a5:f9:a6",
                "00:1a:79:1f:01:6c",
                "00:1a:79:a6:0a:6b",
                "00:1a:79:57:a8:46"
            ]
        },
        {
            "server_name": "vipertv.vip",
            "server_url": "http://vipertv.vip:8080/",
            "macs": [
                "00:1a:79:46:02:d1",
                "00:1a:79:31:dd:aa",
                "00:1a:79:aa:bb:cc",
                "00:1a:79:33:ae:24",
                "00:1a:79:50:3d:1f",
                "00:1a:79:45:71:10",
                "00:1a:79:3d:9d:c8",
                "00:1a:79:67:38:21",
                "00:1a:79:43:b4:c8",
                "00:1a:79:48:00:74",
                "00:1a:79:78:5b:e6",
                "00:1a:79:35:f5:e8",
                "00:1a:79:a1:84:a0",
                "00:1a:79:6b:38:df",
                "00:1a:79:90:86:80"
            ]
        },
        {
            "server_name": "webflowmalta.club",
            "server_url": "http://webflowmalta.club:8080/",
            "macs": [
                "00:1a:79:7c:0c:c7",
                "00:1a:79:51:5e:b1",
                "00:1a:79:3a:53:fb",
                "00:1a:79:79:3a:aa",
                "00:1a:79:b7:1e:55",
                "00:1a:79:6b:37:7d",
                "00:1a:79:3a:56:44",
                "00:1a:79:b4:53:06",
                "00:1a:79:05:f6:0a",
                "00:1a:79:3d:56:34",
                "00:1a:79:e4:35:2a",
                "00:1a:79:ab:b3:5e",
                "00:1a:79:3b:ad:37",
                "00:1a:79:42:db:12",
                "00:1a:79:52:40:5a",
                "00:1a:79:fa:09:ee",
                "00:1a:79:59:f9:72",
                "00:1a:79:a9:2b:4c",
                "00:1a:79:31:fa:fd",
                "00:1a:79:63:7b:ca",
                "00:1a:79:02:83:c5",
                "00:1a:79:42:32:dc",
                "00:1a:79:b5:08:24",
                "00:1a:79:8b:26:ef",
                "00:1a:79:b1:fa:a3",
                "00:1a:79:c2:ed:5d",
                "00:1a:79:31:57:3a",
                "00:1a:79:31:c6:33",
                "00:1a:79:e2:ba:51",
                "00:1a:79:42:c2:d6",
                "00:1a:79:59:b3:03",
                "00:1a:79:7b:57:ae",
                "00:1a:79:13:90:77",
                "00:1a:79:af:53:46",
                "00:1a:79:52:95:25",
                "00:1a:79:c4:3b:28",
                "00:1a:79:1f:a4:53",
                "00:1a:79:b2:4d:20",
                "00:1a:79:4f:9a:e2",
                "00:1a:79:74:df:8c"
            ]
        },
        {
            "server_name": "world.marvelhd.eu",
            "server_url": "http://world.marvelhd.eu:8080/",
            "macs": [
                "00:1a:79:bf:e7:42",
                "00:1a:79:90:0f:a0",
                "00:1a:79:19:45:08",
                "00:1a:79:31:a6:68",
                "00:1a:79:5a:e4:b5",
                "00:1a:79:a7:a6:03",
                "00:1a:79:70:76:e9",
                "00:1a:79:37:8c:15",
                "00:1a:79:30:05:5f",
                "00:1a:79:3e:53:10",
                "00:1a:79:36:cb:20",
                "00:1a:79:b7:fb:49",
                "00:1a:79:43:7c:31",
                "00:1a:79:46:f0:63",
                "00:1a:79:39:00:de",
                "00:1a:79:c0:01:6b",
                "00:1a:79:50:cd:53",
                "00:1a:79:31:eb:44",
                "00:1a:79:73:c5:5e",
                "00:1a:79:31:5e:fe",
                "00:1a:79:3c:4e:52",
                "00:1a:79:5f:da:4b",
                "00:1a:79:c7:ab:f9",
                "00:1a:79:c8:74:81",
                "00:1a:79:78:8f:9a",
                "00:1a:79:90:7b:61",
                "00:1a:79:57:a3:72",
                "00:1a:79:6e:41:49",
                "00:1a:79:83:8e:b0",
                "00:1a:79:5e:86:7d",
                "00:1a:79:67:61:1e",
                "00:1a:79:74:8b:ee",
                "00:1a:79:4d:6a:de",
                "00:1a:79:02:75:f3",
                "00:1a:79:4a:97:a2",
                "00:1a:79:3a:f3:e0",
                "00:1a:79:31:c3:de",
                "00:1a:79:6f:16:6c",
                "00:1a:79:76:eb:ee"
            ]
        }
    ]
}