<?xml version="1.0" encoding="UTF-8" standalone="yes"?>
<addon id="script.module.refresher_mod" name="VHS PVR Changer" version="1.2.0" provider-name="Razor">
    <requires>
        <import addon="xbmc.python" version="3.0.0"/>
        <import addon="script.module.requests"  />
        <import addon="script.module.simplejson"  />
    </requires>
    <extension point="xbmc.python.script" library="addon.py">
        <provides>executable</provides>
    </extension>
    <extension library="lib" point="xbmc.python.module" />
    <extension point="xbmc.addon.metadata">
        <summary lang="en_GB">Change your PVR list -> ZTBH</summary>
        <description lang="en_GB">Addon to change PVR lists on the fly. Exclusive to Zadar Team Build Hrvatska</description>
        <language></language>
        <platform>all</platform>
    <assets>
      <icon>icon_image.png</icon>
    </assets>
    </extension>
</addon>
