<?xml version="1.0" encoding="UTF-8" standalone="yes"?>
<addon id="repository.wnt2" name="[COLOR gold]WatchNixtoons2 Repository[/COLOR]" version="1.0.0a" provider-name="G-Man">
<extension point="xbmc.addon.repository" name="WatchNixtoons2 Repository">
    <dir>
        <info compressed="false">https://github.com/mrgsi/repository.wnt2/raw/master/addons.xml</info>
        <checksum>https://github.com/mrgsi/repository.wnt2/raw/master/addons.xml.md5</checksum>
        <datadir zip="true">https://raw.githubusercontent.com/mrgsi/repository.wnt2/master/</datadir>
    </dir>  
</extension>
<extension point="xbmc.addon.metadata">
    <platform>all</platform>
    <summary>A simple repo for WatchNixtoons2</summary>
    <description>WatchNixtoons2 is an Anime Add-on that gets frequent updates, but available in multiple repos so having it's own main repo makes maintaining updates much easier. The repo is by G-man but the add-on is maintained by lolage on reddit: http://bit.ly/3Oq0EEU</description>
    <assets>
        <icon>icon.png</icon>
    </assets>
</extension>
</addon>