<?xml version="1.0" encoding="UTF-8" standalone="yes"?>
<addon id="script.black.bars.never" name="BlackBarsNever" version="1.0.2" provider-name="Clement Osumo">
	<requires>
		<import addon="xbmc.python" version="3.0.0"/>
	</requires>
	<extension point="xbmc.service" library="addon.py"/>
	<extension point="xbmc.python.script" library="addon.py">
		<provides>executable</provides>
	</extension>
	<extension point="xbmc.addon.metadata">
		<platform>all</platform>
		<summary lang="en">BlackBarsNever</summary>
		<description lang="en">This addon eliminates the problem of black bars. If the black bars are hardcoded, the addon will automatically 
		detect this and remove them. If the video is a wide screen format, the addon will also detect this and remove the black bars too.
		
		For Android, detection of hardcoded black bars is not working currently, we are working to resolve this. All other platforms like Linux, Windows and Apple OS family everything should work correctly
		</description>
		<license>GNU General Public License, v2</license>
		<language></language>
		<forum></forum>
		<source>https://github.com/osumoclement/script.black.bars.never</source>
		<website>alkywave.com</website>
		<email></email>
		<assets>
			<icon>icon.png</icon>
			<fanart>fanart.jpg</fanart>
			<screenshot>resources/screenshot-01.jpg</screenshot>
			<screenshot>resources/screenshot-02.jpg</screenshot>
			<screenshot>resources/screenshot-03.jpg</screenshot>
		</assets>
		<news>Updated the addon to use new addon.xml metadata</news>
	</extension>
</addon>