<?xml version="1.0" encoding="UTF-8" standalone="yes"?>
<addon id="repository.MBxxx" version="1.0.2" name="MBxxx repository" provider-name="xxxxx">
    <extension point="xbmc.addon.repository" name="MBxxx repository">
        <info compressed="false">http://mbebe.ueuo.com/zips/addons.xml</info>
        <checksum>http://mbebe.ueuo.com/zips/addons.xml.md5</checksum>
        <datadir zip="true">http://mbebe.ueuo.com/zips/</datadir>
    <dir>
        <info compressed="false">https://raw.githubusercontent.com/Gujal00/smrzips/master/addons.xml</info>
        <checksum>https://raw.githubusercontent.com/Gujal00/smrzips/master/addons.xml.md5</checksum>
        <datadir zip="true">https://raw.githubusercontent.com/Gujal00/smrzips/master/zips/</datadir>
    </dir>    
    </extension>
    <extension point="xbmc.addon.metadata">
        <platform>all</platform>
        <description lang="en">XXX addons by xxxxxmb</description>
        <assets>
            <icon>icon.png</icon>
            <fanart>fanart.jpg</fanart>            
        </assets>  
    </extension>    
</addon>