<?xml version="1.0" encoding="UTF-8"?>
    <addon id="repository.World" name="World Repo" version="0.1.2" provider-name="World">
        <requires>
            <import addon="xbmc.addon" version="12.0.0"/>
        </requires>
        <extension point="xbmc.addon.repository" name="World Repo">
            <info compressed="false">https://gknwizard.eu/repo/Builds/World/Matrix_repo/Matrix_repo/addons.xml</info>
            <checksum>https://gknwizard.eu/repo/Builds/World/Matrix_repo/Matrix_repo/addons.xml.md5</checksum>
            <datadir zip="true">https://gknwizard.eu/repo/Builds/World/Matrix_repo/Matrix_repo/</datadir>
            <hashes>false</hashes>
        </extension>
        <extension point="xbmc.addon.metadata">
            <summary>Repository</summary>
            <description>World Repository</description>
            <platform>all</platform>
    </extension>
</addon>