<favourites>
	<favourite name="[COLOR lime]KodiVerse Fights on Demand[/COLOR]" thumb="special://home/addons/resource.images.skinicons.wide/resources/icons/fod.jpg">ActivateWindow(10025,&quot;plugin://plugin.video.KodiVerse/?all_w=%7b%7d&amp;data=%20&amp;dates=%20&amp;description=Fights%20on%20Demand&amp;eng_name=%20&amp;episode=%20&amp;fanart=https%3a%2f%2fmylostsoulspace.co.uk%2fmyfiles%2ffod%2fartwork%2ffanart.jpg&amp;fav_status=false&amp;heb_name=%20&amp;iconimage=https%3a%2f%2fmylostsoulspace.co.uk%2fmyfiles%2ffod%2fartwork%2ficon.png&amp;id=%20&amp;image_master&amp;isr=0&amp;last_id&amp;mode=189&amp;mypass&amp;name=%5bCOLOR%20lime%5dKodiVerse%20Fights%20on%20Demand%5b%2fCOLOR%5d&amp;original_title=%20&amp;search_db&amp;season=%20&amp;show_original_year=%20&amp;tmdbid=%20&amp;url=http%3a%2f%2fnarcacist.com%2fAddon%2fFOD%2ffod-main.xml&amp;video_data=%7b%22title%22%3a%20%22%5bCOLOR%20lime%5dKodiVerse%20Fights%20on%20Demand%5b%2fCOLOR%5d%22%2c%20%22mediatype%22%3a%20%22movie%22%2c%20%22TVshowtitle%22%3a%20%22%22%2c%20%22season%22%3a%200%2c%20%22episode%22%3a%200%2c%20%22OriginalTitle%22%3a%20%22%20%22%2c%20%22rating%22%3a%20%220%22%2c%20%22plot%22%3a%20%22Fights%20on%20Demand%22%2c%20%22Tag%22%3a%20%22None%22%2c%20%22id%22%3a%20%22%20%22%7d&amp;sf_options=fanart%3Dhttps%3A%2F%2Fmylostsoulspace.co.uk%2Fmyfiles%2Ffod%2Fartwork%2Ffanart.jpg%26meta%3Dlabel%253D%25255BCOLOR%252Blime%25255DKodiVerse%252BFights%252Bon%252BDemand%25255B%25252FCOLOR%25255D%26_options_sf&quot;,return)</favourite>
	<favourite name="[COLOR red]R[/COLOR][COLOR white]eplay[/COLOR] [COLOR pink]M[/COLOR][COLOR white]e[/COLOR] (MUST USE CONTEXT MENU/PLAY FROM HERE)" thumb="special://home/addons/resource.images.skinicons.wide/resources/icons/replays.png">ActivateWindow(10025,&quot;plugin://plugin.video.replayme/?sf_options=fanart%3Dspecial%3A%2F%2Fhome%2Faddons%5Cplugin.video.replayme%5Cfanart.jpg%26desc%3DGet+all+the+major+events+replays+in+one+place+daily.%26meta%3Dlabel%253D%25255BCOLOR%252Bred%25255DR%25255B%25252FCOLOR%25255D%25255BCOLOR%252Bwhite%25255Deplay%25255B%25252FCOLOR%25255D%252B%25255BCOLOR%252Bpink%25255DM%25255B%25252FCOLOR%25255D%25255BCOLOR%252Bwhite%25255De%25255B%25252FCOLOR%25255D%26_options_sf&quot;,return)</favourite>
	<favourite name="Ghost Replays" thumb="special://home/addons/resource.images.skinicons.wide/resources/icons/ghost.png">ActivateWindow(10025,&quot;plugin://plugin.video.ghost/?all_w=%7b%7d&amp;data=%20&amp;dates=%20&amp;description=Replays&amp;eng_name=%20&amp;episode=%20&amp;fanart=https%3a%2f%2fia902507.us.archive.org%2f12%2fitems%2ffanart_202205%2ffanart.jpg&amp;fav_status=false&amp;heb_name=%20&amp;iconimage=https%3a%2f%2fia902503.us.archive.org%2f28%2fitems%2ficon_20220511%2ficon.png&amp;id=%20&amp;image_master&amp;isr=0&amp;last_id&amp;mode=189&amp;mypass&amp;name=Replays&amp;original_title=%20&amp;search_db&amp;season=%20&amp;show_original_year=%20&amp;tmdbid=%20&amp;url=https%3a%2f%2fia902509.us.archive.org%2f2%2fitems%2fsportsreplays%2fsportsreplays.xml&amp;video_data=%7b%22title%22%3a%20%22Replays%22%2c%20%22mediatype%22%3a%20%22movie%22%2c%20%22TVshowtitle%22%3a%20%22%22%2c%20%22season%22%3a%200%2c%20%22episode%22%3a%200%2c%20%22OriginalTitle%22%3a%20%22%20%22%2c%20%22rating%22%3a%20%220%22%2c%20%22plot%22%3a%20%22Replays%22%2c%20%22Tag%22%3a%20%22None%22%2c%20%22id%22%3a%20%22%20%22%7d&amp;sf_options=fanart%3Dhttps%3A%2F%2Fia902507.us.archive.org%2F12%2Fitems%2Ffanart_202205%2Ffanart.jpg%26meta%3Dlabel%253DReplays%26_options_sf&quot;,return)</favourite>
	<favourite name="Mad Titan [COLOR blue][B]REPLAY[COLOR white] ZONE[/B][/COLOR]" thumb="https://magnetic.website/menu%20icons/wolfgirl%20mad%20titan%20sports%20icons/Picsart_22-05-12_06-51-51-849.png">ActivateWindow(10025,&quot;plugin://plugin.video.madtitansports/airtable/jen/season|REPLAY|appAixUSjENO2TX9W|REPLAY***keykKra5bHtU3ejar?sf_options=fanart%3Dhttps%3A%2F%2Fmagnetic.website%2FMad%2520Titan%2FNEW%2520MAD%2520TITAN%2520ICONS%2Ffanart.jpg%26meta%3Dlabel%253D%25255BCOLOR%252Bblue%25255D%25255BB%25255DREPLAY%25255BCOLOR%252Bwhite%25255D%252BZONE%25255B%25252FB%25255D%25255B%25252FCOLOR%25255D%26_options_sf&quot;,return)</favourite>
	<favourite name="The Loop Replay Zone" thumb="special://home/addons/resource.images.skinicons.wide/resources/icons/loop.png">ActivateWindow(10025,&quot;plugin://plugin.video.the-loop/get_list/https://loopaddon.uk/files/k19/ReplayZone.json?sf_options=fanart%3Dhttps%3A%2F%2Fi.imgur.com%2FH5FYJSf.jpg%26meta%3Dlabel%253DReplay%252BZone%26_options_sf&quot;,return)</favourite>
	<favourite name="WOD" thumb="special://home/addons/resource.images.skinicons.wide/resources/icons/wod.png">ActivateWindow(10025,&quot;plugin://plugin.video.wod/?sf_options=fanart%3Dspecial%3A%2F%2Fhome%2Faddons%5Cplugin.video.wod%5Cfanart.jpg%26desc%3DWOD+KODI+19%26meta%3Dlabel%253DWOD%26_options_sf&quot;,return)</favourite>
	<favourite name="NBC Replays" thumb="http://mobileassets.nbcsports.com/channels/new/nbcsports.png">ActivateWindow(10025,&quot;plugin://plugin.video.nbcsnliveextra/?icon_image=http%3a%2f%2fmobileassets.nbcsports.com%2fchannels%2fnew%2fnbcsports.png&amp;mode=4&amp;name=Replays&amp;url=https%3a%2f%2fapi-leap.nbcsports.com%2ffeeds%2fassets%3fapplication%3dNBCSports%26sections%3dall%26statuses%3dReplay%26format%3dv1%26platform%3dandroid%26size%3d%5bSIZE%5d&amp;sf_options=fanart%3Dspecial%3A%2F%2Fhome%2Faddons%5Cplugin.video.nbcsnliveextra%5Cfanart.jpg%26meta%3Dlabel%253DReplays%26_options_sf&quot;,return)</favourite>
	<favourite name=".." thumb="DefaultFolderBack.png">ActivateWindow(10025,&quot;plugin://plugin.video.madtitansports/get_list/https://magnetic1.ratpack.appboxes.co/MAD_TITAN_SPORTS/SPORTS/sports.json?sf_options=meta%3Dlabel%253D..%26_options_sf&quot;,return)</favourite>
	<favourite name="[COLORblue][B]REPLAY ZONE[/COLOR][/B]" thumb="https://magnetic.website/menu%20icons/wolfgirl%20mad%20titan%20sports%20icons/Picsart_22-05-12_06-51-51-849.png">ActivateWindow(10025,&quot;plugin://plugin.video.madtitansports/get_list/https://magnetic1.ratpack.appboxes.co/MAD_TITAN_SPORTS/SPORTS/replay.json?sf_options=fanart%3Dhttps%3A%2F%2Fcdn.dribbble.com%2Fusers%2F114782%2Fscreenshots%2F565277%2Freplay_drib.jpg%3Fcompress%26resize%3D400x300%26meta%3Dlabel%253D%25255BCOLORblue%25255D%25255BB%25255DREPLAY%252BZONE%25255B%25252FCOLOR%25255D%25255B%25252FB%25255D%26_options_sf&quot;,return)</favourite>
</favourites>