{
    "items": [
        {
            "server_name": "mag.cdn-ky.com:80",
            "server_url": "http://mag.cdn-ky.com:80/c/",
            "macs": [
                "00:1A:79:B7:62:EC",
                "00:1A:79:69:F1:E4",
                "00:1A:79:3E:0F:1A",
                "00:1A:79:73:0C:E9",
                "00:1A:79:3B:88:86",
                "00:1A:79:FA:2E:95",
                "00:1A:79:5E:86:7E",
                "00:1A:79:6B:79:F6",
                "00:1A:79:F5:88:E6",
                "00:1A:79:6D:62:16",
                "00:1A:79:6A:F2:60",
                "00:1A:79:5D:31:C2",
                "00:1A:79:5E:5D:EE",
                "00:1A:79:5A:29:18",
                "00:1A:79:6F:A4:83",
                "00:1A:79:5D:32:35"
            ]
        },
        {
            "server_name": "clubtv.pro-ott.com:25443",
            "server_url": "http://clubtv.pro-ott.com:25443/c/",
            "macs": [
                "00:1A:79:B7:62:EC",
                "00:1A:79:69:F1:E4",
                "00:1A:79:3E:0F:1A",
                "00:1A:79:73:0C:E9",
                "00:1A:79:3B:88:86",
                "00:1A:79:FA:2E:95",
                "00:1A:79:5E:86:7E",
                "00:1A:79:6B:79:F6",
                "00:1A:79:F5:88:E6",
                "00:1A:79:6D:62:16",
                "00:1A:79:6A:F2:60",
                "00:1A:79:5D:31:C2",
                "00:1A:79:5E:5D:EE",
                "00:1A:79:5A:29:18",
                "00:1A:79:6F:A4:83",
                "00:1A:79:5D:32:35"
            ]
        },
        {
            "server_name": "pro.vip-iptv.tv:25443",
            "server_url": "http://pro.vip-iptv.tv:25443/c/",
            "macs": [
                "00:1A:79:43:E4:17",
                "00:1A:79:2D:2A:FC",
                "00:1A:79:6D:62:16",
                "00:1A:79:5F:D8:24",
                "00:1A:79:B4:37:F2",
                "00:1A:79:32:D1:1A",
                "00:1A:79:6E:6B:1E",
                "00:1A:79:68:A0:7F",
                "00:1A:79:8B:35:E6",
                "00:1A:79:5E:5D:EE",
                "00:1A:79:5D:31:C2",
                "00:1A:79:73:C9:7A",
                "00:1A:79:5A:29:18",
                "00:1A:79:a4:cf:2f",
                "00:1A:79:55:de:10",
                "00:1A:79:c1:d1:f1",
                "00:1A:79:31:fb:08"
            ]
        },
        {
            "server_name": "c.overboxtv.com",
            "server_url": "http://c.overboxtv.com/c/",
            "macs": [
                "00:1A:79:43:E4:17",
                "00:1A:79:2D:2A:FC",
                "00:1A:79:6D:62:16",
                "00:1A:79:5F:D8:24",
                "00:1A:79:B4:37:F2",
                "00:1A:79:32:D1:1A",
                "00:1A:79:6E:6B:1E",
                "00:1A:79:68:A0:7F",
                "00:1A:79:8B:35:E6",
                "00:1A:79:5E:5D:EE",
                "00:1A:79:5D:31:C2",
                "00:1A:79:73:C9:7A",
                "00:1A:79:5A:29:18",
                "00:1A:79:a4:cf:2f",
                "00:1A:79:55:de:10",
                "00:1A:79:c1:d1:f1",
                "00:1A:79:31:fb:08"
            ]
        },
        {
            "server_name": "techking.uk:2095",
            "server_url": "http://techking.uk:2095/c/",
            "macs": [
                "00:1A:79:08:FC:79",
                "00:1A:79:08:FC:79",
                "00:1A:79:D6:28:EC",
                "00:1A:79:D6:28:EC",
                "00:1A:79:0B:F8:51",
                "00:1A:79:0B:F8:51",
                "00:1A:79:50:E2:D7"
            ]
        },
        {
            "server_name": "iptvdelta.123tv.to:8080",
            "server_url": "http://iptvdelta.123tv.to:8080/c/",
            "macs": [
                "00:1A:79:23:8F:5D",
                "00:1A:79:B4:FE:15",
                "00:1A:79:59:5F:F5",
                "00:1A:79:BC:2D:20",
                "00:1A:79:A9:BE:9F",
                "00:1A:79:5C:E5:C7",
                "00:1A:79:AB:6B:29",
                "00:1A:79:45:A9:F2",
                "00:1A:79:3D:A1:34",
                "00:1A:79:48:14:F0",
                "00:1A:79:AA:E2:E4",
                "00:1A:79:4E:B5:97"
            ]
        },
        {
            "server_name": "pro.webvps.de:25443",
            "server_url": "http://pro.webvps.de:25443/c/",
            "macs": [
                "00:1A:79:6D:C7:31",
                "00:1A:79:30:14:09",
                "00:1A:79:2D:2A:FC",
                "00:1A:79:5E:86:7E",
                "00:1A:79:DC:DA:63",
                "00:1A:79:70:CA:87",
                "00:1A:79:F5:88:E6",
                "00:1A:79:6D:62:16",
                "00:1A:79:43:74:94",
                "00:1A:79:6E:08:71",
                "00:1A:79:77:F2:B7",
                "00:1A:79:52:97:2F",
                "00:1A:79:44:FC:6D",
                "00:1A:79:F0:02:BD",
                "00:1A:79:20:10:D9",
                "00:1A:79:52:BE:26",
                "00:1A:79:5D:D6:38",
                "00:1A:79:50:6F:DE",
                "00:1A:79:40:DF:08",
                "00:1A:79:58:D1:99",
                "00:1A:79:44:84:26",
                "00:1A:79:15:26:C9",
                "00:1A:79:C7:9F:03",
                "00:1A:79:CD:1F:4A",
                "00:1A:79:44:70:88",
                "00:1A:79:23:7D:9B",
                "00:1A:79:22:3B:AE",
                "00:1A:79:04:CD:35",
                "00:1A:79:A5:B6:6C",
                "00:1A:79:A6:20:2A",
                "00:1A:79:5D:26:EA",
                "00:1A:79:71:9D:EA",
                "00:1A:79:A9:EC:AB",
                "00:1A:79:19:07:7D",
                "00:1A:79:50:1B:84",
                "00:1A:79:A6:FC:BA",
                "00:1A:79:2F:1C:DE",
                "00:1A:79:45:60:39",
                "00:1A:79:45:60:39",
                "00:1A:79:38:DB:20",
                "00:1A:79:AA:E1:07",
                "00:1A:79:5C:39:04",
                "00:1A:79:55:9E:CB",
                "00:1A:79:AD:A4:9E",
                "00:1A:79:5E:88:BF",
                "00:1A:79:AD:12:15",
                "00:1A:79:19:E7:16",
                "00:1A:79:A7:C3:F5",
                "00:1A:79:56:9E:03",
                "00:1A:79:45:97:7A"
            ]
        },
        {
            "server_name": "panel-vod.safetv.pro:24000",
            "server_url": "http://panel-vod.safetv.pro:24000/c/",
            "macs": [
                "00:1A:79:6D:C7:31",
                "00:1A:79:30:14:09",
                "00:1A:79:2D:2A:FC",
                "00:1A:79:5E:86:7E",
                "00:1A:79:DC:DA:63",
                "00:1A:79:70:CA:87",
                "00:1A:79:F5:88:E6",
                "00:1A:79:6D:62:16",
                "00:1A:79:43:74:94",
                "00:1A:79:6E:08:71",
                "00:1A:79:77:F2:B7",
                "00:1A:79:52:97:2F",
                "00:1A:79:44:FC:6D",
                "00:1A:79:F0:02:BD",
                "00:1A:79:20:10:D9",
                "00:1A:79:52:BE:26",
                "00:1A:79:5D:D6:38",
                "00:1A:79:50:6F:DE",
                "00:1A:79:40:DF:08",
                "00:1A:79:58:D1:99",
                "00:1A:79:44:84:26",
                "00:1A:79:15:26:C9",
                "00:1A:79:C7:9F:03",
                "00:1A:79:CD:1F:4A",
                "00:1A:79:44:70:88",
                "00:1A:79:23:7D:9B",
                "00:1A:79:22:3B:AE",
                "00:1A:79:04:CD:35",
                "00:1A:79:A5:B6:6C",
                "00:1A:79:A6:20:2A",
                "00:1A:79:5D:26:EA",
                "00:1A:79:71:9D:EA",
                "00:1A:79:A9:EC:AB",
                "00:1A:79:19:07:7D",
                "00:1A:79:50:1B:84",
                "00:1A:79:A6:FC:BA",
                "00:1A:79:2F:1C:DE",
                "00:1A:79:45:60:39",
                "00:1A:79:45:60:39",
                "00:1A:79:38:DB:20",
                "00:1A:79:AA:E1:07",
                "00:1A:79:5C:39:04",
                "00:1A:79:55:9E:CB",
                "00:1A:79:AD:A4:9E",
                "00:1A:79:5E:88:BF",
                "00:1A:79:AD:12:15",
                "00:1A:79:19:E7:16",
                "00:1A:79:A7:C3:F5",
                "00:1A:79:56:9E:03",
                "00:1A:79:45:97:7A"
            ]
        },
        {
            "server_name": "pn.tvott.info",
            "server_url": "http://pn.tvott.info/c/",
            "macs": [
                "00:1A:79:6D:C7:31",
                "00:1A:79:30:14:09",
                "00:1A:79:2D:2A:FC",
                "00:1A:79:5E:86:7E",
                "00:1A:79:DC:DA:63",
                "00:1A:79:70:CA:87",
                "00:1A:79:F5:88:E6",
                "00:1A:79:6D:62:16",
                "00:1A:79:43:74:94",
                "00:1A:79:6E:08:71",
                "00:1A:79:77:F2:B7",
                "00:1A:79:52:97:2F",
                "00:1A:79:44:FC:6D",
                "00:1A:79:F0:02:BD",
                "00:1A:79:20:10:D9",
                "00:1A:79:52:BE:26",
                "00:1A:79:5D:D6:38",
                "00:1A:79:50:6F:DE",
                "00:1A:79:40:DF:08",
                "00:1A:79:58:D1:99",
                "00:1A:79:44:84:26",
                "00:1A:79:15:26:C9",
                "00:1A:79:C7:9F:03",
                "00:1A:79:CD:1F:4A",
                "00:1A:79:44:70:88",
                "00:1A:79:23:7D:9B",
                "00:1A:79:22:3B:AE",
                "00:1A:79:04:CD:35",
                "00:1A:79:A5:B6:6C",
                "00:1A:79:A6:20:2A",
                "00:1A:79:5D:26:EA",
                "00:1A:79:71:9D:EA",
                "00:1A:79:A9:EC:AB",
                "00:1A:79:19:07:7D",
                "00:1A:79:50:1B:84",
                "00:1A:79:A6:FC:BA",
                "00:1A:79:2F:1C:DE",
                "00:1A:79:45:60:39",
                "00:1A:79:45:60:39",
                "00:1A:79:38:DB:20",
                "00:1A:79:AA:E1:07",
                "00:1A:79:5C:39:04",
                "00:1A:79:55:9E:CB",
                "00:1A:79:AD:A4:9E",
                "00:1A:79:5E:88:BF",
                "00:1A:79:AD:12:15",
                "00:1A:79:19:E7:16",
                "00:1A:79:A7:C3:F5",
                "00:1A:79:56:9E:03",
                "00:1A:79:45:97:7A"
            ]
        },
        {
            "server_name": "tv.iptvsupport.live",
            "server_url": "http://tv.iptvsupport.live/c/",
            "macs": [
                "00:1A:79:6D:C7:31",
                "00:1A:79:30:14:09",
                "00:1A:79:2D:2A:FC",
                "00:1A:79:5E:86:7E",
                "00:1A:79:DC:DA:63",
                "00:1A:79:70:CA:87",
                "00:1A:79:F5:88:E6",
                "00:1A:79:6D:62:16",
                "00:1A:79:43:74:94",
                "00:1A:79:6E:08:71",
                "00:1A:79:77:F2:B7",
                "00:1A:79:52:97:2F",
                "00:1A:79:44:FC:6D",
                "00:1A:79:F0:02:BD",
                "00:1A:79:20:10:D9",
                "00:1A:79:52:BE:26",
                "00:1A:79:5D:D6:38",
                "00:1A:79:50:6F:DE",
                "00:1A:79:40:DF:08",
                "00:1A:79:58:D1:99",
                "00:1A:79:44:84:26",
                "00:1A:79:15:26:C9",
                "00:1A:79:C7:9F:03",
                "00:1A:79:CD:1F:4A",
                "00:1A:79:44:70:88",
                "00:1A:79:23:7D:9B",
                "00:1A:79:22:3B:AE",
                "00:1A:79:04:CD:35",
                "00:1A:79:A5:B6:6C",
                "00:1A:79:A6:20:2A",
                "00:1A:79:5D:26:EA",
                "00:1A:79:71:9D:EA",
                "00:1A:79:A9:EC:AB",
                "00:1A:79:19:07:7D",
                "00:1A:79:50:1B:84",
                "00:1A:79:A6:FC:BA",
                "00:1A:79:2F:1C:DE",
                "00:1A:79:45:60:39",
                "00:1A:79:45:60:39",
                "00:1A:79:38:DB:20",
                "00:1A:79:AA:E1:07",
                "00:1A:79:5C:39:04",
                "00:1A:79:55:9E:CB",
                "00:1A:79:AD:A4:9E",
                "00:1A:79:5E:88:BF",
                "00:1A:79:AD:12:15",
                "00:1A:79:19:E7:16",
                "00:1A:79:A7:C3:F5",
                "00:1A:79:56:9E:03",
                "00:1A:79:45:97:7A"
            ]
        }
    ]
}