{
    "items": [
        {
            "server_name": "kodax.is:88",
            "server_url": "http://kodax.is:88/c/",
            "macs": [
                "00:1A:79:63:07:84",
                "00:1A:79:40:91:1D",
                "00:1A:79:40:9C:F5",
                "00:1A:79:40:9C:94",
                "00:1A:79:40:7B:92",
                "00:1A:79:1E:B7:02",
                "00:1a:79:15:f4:91",
                "00:1A:79:A6:F3:C1",
                "00:1a:79:30:be:a2",
                "00:1A:79:11:EC:E4",
                "00:1A:79:1E:D6:3C"
            ]
        },
        {
            "server_name": "boomtv.at:8000",
            "server_url": "http://boomtv.at:8000/c/",
            "macs": [
                "00:1A:79:57:B3:D8",
                "00:1A:79:58:A7:04"
            ]
        },
        {
            "server_name": "replaitv.vipserver.store:8000",
            "server_url": "http://replaitv.vipserver.store:8000/c/",
            "macs": [
                "00:1A:79:38:16:62",
                "00:1A:79:16:AC:8F",
                "00:1A:79:54:C5:6C",
                "00:1A:79:F1:DB:13"
            ]
        },
        {
            "server_name": "mag.thesmartiptv.com:80",
            "server_url": "http://mag.thesmartiptv.com:80/c/",
            "macs": [
                "00:1A:79:50:2E:BA",
                "00:1A:79:57:C8:F7",
                "00:1A:79:10:88:C2"
            ]
        },
        {
            "server_name": "azamtv.xyz:80",
            "server_url": "http://azamtv.xyz:80/c/",
            "macs": [
                "00:1A:79:00:88:B9",
                "00:1A:79:00:8C:D7",
                "00:1A:79:14:C5:C0",
                "00:1A:79:00:98:BD",
                "00:1A:79:00:9C:23",
                "00:1A:79:00:9D:67",
                "00:1A:79:00:9E:F0",
                "00:1A:79:00:A3:ED",
                "00:1A:79:00:A7:27",
                "00:1A:79:00:FB:10",
                "00:1A:79:50:64:E5",
                "00:1A:79:2A:AB:5F",
                "00:1A:79:63:7F:31",
                "00:1A:79:00:8C:E2",
                "00:1A:79:18:A8:26",
                "00:1A:79:19:B2:2A",
                "00:1A:79:46:65:A6"
            ]
        },
        {
            "server_name": "tv.oxxo.blue:8888",
            "server_url": "http://tv.oxxo.blue:8888/c/",
            "macs": [
                "00:1A:79:AF:43:E6",
                "00:1A:79:2E:38:21",
                "00:1A:79:33:70:66",
                "00:1A:79:A2:82:F9",
                "00:1A:79:45:15:51",
                "00:1A:79:4F:F3:AC",
                "00:1A:79:4C:49:50",
                "00:1A:79:D8:B5:9E",
                "00:1A:79:3B:B3:05",
                "00:1A:79:2B:A3:F8",
                "00:1A:79:51:86:22",
                "00:1A:79:D2:DD:3E",
                "00:1A:79:3B:F0:86",
                "00:1A:79:37:0B:E9",
                "00:1A:79:41:75:9D",
                "00:1A:79:5D:34:B1",
                "00:1A:79:D4:1F:C4",
                "00:1A:79:01:AC:05",
                "00:1A:79:55:AF:75",
                "00:1A:79:36:63:2A",
                "00:1A:79:01:F2:F9",
                "00:1A:79:36:33:3E",
                "00:1A:79:60:64:D3",
                "00:1A:79:DB:DA:63"
            ]
        },
        {
            "server_name": "ott.global-telecom.eu:25461",
            "server_url": "http://ott.global-telecom.eu:25461/c/",
            "macs": [
                "00:1A:79:63:67:29",
                "00:1A:79:5B:0D:A0"
            ]
        },
        {
            "server_name": "sp3te.website:8080",
            "server_url": "http://sp3te.website:8080/c/",
            "macs": [
                "00:1A:79:00:00:00"
            ]
        },
        {
            "server_name": "portal.iptvnorge.xyz",
            "server_url": "http://portal.iptvnorge.xyz/c/",
            "macs": [
                "00:1A:79:ac:cc:6c",
                "00:1A:79:19:09:58",
                "00:1A:79:ad:27:cf",
                "00:1A:79:d4:5f:d3",
                "00:1A:79:2d:39:6f",
                "00:1A:79:ab:3f:2b",
                "00:1A:79:2b:4f:83",
                "00:1A:79:6b:99:20",
                "00:1A:79:55:c8:88",
                "00:1A:79:ae:5c:65",
                "00:1A:79:aa:86:ae",
                "00:1A:79:06:10:5a",
                "00:1A:79:a6:66:88",
                "00:1A:79:5d:cd:0c",
                "00:1A:79:ba:3f:75",
                "00:1A:79:22:72:8d",
                "00:1A:79:44:84:72"
            ]
        },
        {
            "server_name": "ipc.proipciptv.com:8000",
            "server_url": "http://ipc.proipciptv.com:8000/c/",
            "macs": [
                "00:1a:79:2b:8e:8a",
                "00:1a:79:2a:a6:f7",
                "00:1a:79:4c:e4:51",
                "00:1A:79:00:BB:FC",
                "00:1A:79:2A:36:E7",
                "00:1A:79:2A:37:1B"
            ]
        },
        {
            "server_name": "ipro.tv:80",
            "server_url": "http://ipro.tv:80/c/",
            "macs": [
                "00:1A:79:50:ed:82",
                "00:1A:79:50:ed:dd",
                "00:1A:79:50:ed:e4",
                "00:1A:79:50:ed:c6",
                "00:1A:79:50:ee:8e",
                "00:1A:79:50:ed:88",
                "00:1A:79:50:ee:96",
                "00:1A:79:50:ee:8f",
                "00:1A:79:50:ed:fd",
                "00:1A:79:50:f3:57",
                "00:1A:79:51:01:72",
                "00:1A:79:51:01:85",
                "00:1A:79:51:05:91",
                "00:1A:79:51:0c:80",
                "00:1A:79:51:0c:e4"
            ]
        }
    ]
}