{
    "items": [
        {
            "server_name": "azamtv.xyz:80",
            "server_url": "http://azamtv.xyz:80/c/",
            "macs": [
                "00:1A:79:2A:6B:4E",
                "00:1A:79:2C:5E:85",
                "00:1A:79:2A:52:7A",
                "00:1A:79:2E:E8:F7",
                "00:1a:79:2f:3a:c5",
                "00:1A:79:39:B6:F4",
                "00:1a:79:40:7a:b3",
                "00:1A:79:42:CF:73",
                "00:1A:79:42:CF:5B",
                "00:1A:79:42:CD:06",
                "00:1A:79:46:6A:66",
                "00:1A:79:46:53:8D",
                "00:1A:79:46:27:C1",
                "00:1A:79:46:38:EF",
                "00:1A:79:46:45:49",
                "00:1A:79:46:62:EE",
                "00:1A:79:4D:E8:BC",
                "00:1A:79:4F:EF:97",
                "00:1A:79:55:CE:1B",
                "00:1A:79:57:16:A4",
                "00:1A:79:57:90:38",
                "00:1A:79:5A:69:33",
                "00:1a:79:5d:6d:45",
                "00:1A:79:8B:38:75",
                "00:1A:79:9A:11:56"
            ]
        },
        {
            "server_name": "webtv360.org:2578",
            "server_url": "http://webtv360.org:2578/c/",
            "macs": [
                "00:1A:79:66:83:04"
            ]
        },
        {
            "server_name": "123iptv.nl:88",
            "server_url": "http://123iptv.nl:88/c/",
            "macs": [
                "00:1A:79:02:D3:A8",
                "00:1A:79:03:2F:E0",
                "00:1A:79:02:CB:DE",
                "00:1A:79:06:E7:E7",
                "00:1A:79:05:E5:C4",
                "00:1A:79:06:FE:E7",
                "00:1A:79:06:77:CB",
                "00:1A:79:0B:0F:90",
                "00:1a:79:19:03:35",
                "00:1a:79:1e:d6:3c",
                "00:1a:79:22:12:f0",
                "00:1a:79:25:A7:B4",
                "00:1a:79:24:3d:0a",
                "00:1a:79:2a:9b:49",
                "00:1a:79:2b:13:90",
                "00:1a:79:37:68:87",
                "00:1a:79:30:BE:A2",
                "00:1A:79:3A:4F:E8",
                "00:1a:79:3b:0a:be",
                "00:1A:79:40:A1:52",
                "00:1A:79:41:C8:58",
                "00:1a:79:43:33:A9",
                "00:1a:79:43:34:dc"
            ]
        },
        {
            "server_name": "www.tr35.net:8080",
            "server_url": "http://www.tr35.net:8080/c/",
            "macs": [
                "00:1A:79:BF:1F:1B",
                "00:1A:79:57:6F:01",
                "00:1A:79:31:0F:62"
            ]
        },
        {
            "server_name": "matrix-ott.tv:8080",
            "server_url": "http://matrix-ott.tv:8080/c/",
            "macs": [
                "00:1A:79:00:A3:84",
                "00:1A:79:00:A3:16",
                "00:1A:79:00:A1:9A"
            ]
        },
        {
            "server_name": "tvone.millenium-ott.com:25443",
            "server_url": "http://tvone.millenium-ott.com:25443/c/",
            "macs": [
                "00:1A:79:55:64:FE",
                "00:1A:79:5D:26:1A"
            ]
        },
        {
            "server_name": "powerip.be:8000",
            "server_url": "http://powerip.be:8000/c/",
            "macs": [
                "00:1A:79:63:AF:70",
                "00:1a:79:85:f9:f1",
                "00:1a:79:87:62:8C",
                "00:1A:79:AB:EB:59",
                "00:1a:79:E9:79:4F",
                "00:1A:79:00:32:11",
                "00:1A:79:00:CA:E9",
                "00:1A:79:01:75:d0",
                "00:1A:79:0B:67:8A",
                "00:1A:79:1F:29:16",
                "00:1a:79:26:6c:4b",
                "00:1A:79:28:63:BF",
                "00:1A:79:28:63:98",
                "00:1A:79:2B:C4:92",
                "00:1a:79:2a:c9:4a",
                "00:1A:79:2D:03:B1",
                "00:1a:79:2d:01:bf",
                "00:1A:79:31:CB:E1",
                "00:1A:79:36:FF:FA",
                "00:1A:79:3A:27:53",
                "00:1A:79:3A:A1:26",
                "00:1A:79:3A:CE:38",
                "00:1A:79:3D:15:68",
                "00:1A:79:3B:3E:FA"
            ]
        },
        {
            "server_name": "sunset.pointto.us",
            "server_url": "http://sunset.pointto.us/stalker_portal/c/",
            "macs": [
                "00:1A:79:FA:33:C4",
                "00:1A:79:58:4A:F7",
                "00:1A:79:18:F7:A4",
                "00:1A:79:74:74:1A",
                "00:1A:79:6B:C2:28",
                "00:1A:79:65:49:5F",
                "00:1A:79:58:E3:97",
                "00:1A:79:97:89:71",
                "00:1A:79:AF:0E:9C",
                "00:1A:79:F1:F9:CD",
                "00:1A:79:CA:A4:B9",
                "00:1A:79:EE:46:5F",
                "00:1A:79:FA:27:7C",
                "00:1A:79:6D:AF:8A",
                "00:1A:79:6C:94:8A",
                "00:1A:79:E4:82:B8",
                "00:1A:79:5B:C1:7D",
                "00:1A:79:3B:86:8B",
                "00:1A:79:3D:BA:C1",
                "00:1A:79:54:68:51",
                "00:1A:79:63:9F:B6",
                "00:1A:79:A7:5A:F3",
                "00:1A:79:26:4F:31",
                "00:1A:79:C1:25:45",
                "00:1A:79:4F:7C:08",
                "00:1A:79:2B:EE:A5",
                "00:1A:79:33:F0:C5",
                "00:1A:79:4C:3A:BA",
                "00:1A:79:0C:F7:DC",
                "00:1A:79:CD:7E:B4",
                "00:1A:79:48:B9:27",
                "00:1A:79:0B:B0:C9",
                "00:1A:79:A5:C4:B4",
                "00:1A:79:56:36:8D",
                "00:1A:79:B8:AD:B5",
                "00:1A:79:DB:28:0A",
                "00:1A:79:07:61:AA",
                "00:1A:79:CE:2F:E7",
                "00:1A:79:A5:B0:5F",
                "00:1A:79:8F:F4:81",
                "00:1A:79:A6:29:27",
                "00:1A:79:6B:78:10",
                "00:1A:79:64:A3:13",
                "00:1A:79:74:22:65",
                "00:1A:79:99:50:19",
                "00:1A:79:A7:5A:A5",
                "00:1A:79:51:6B:69"
            ]
        }
    ]
}