{
    "items": [
        {
            "server_name": "zam.services.co.uk:2086",
            "server_url": "http://zam.services.co.uk:2086/c/",
            "macs": [
                "00:1a:79:8e:69:82",
                "00:1a:79:3f:0f:03",
                "00:1a:79:a9:b5:81",
                "00:1a:79:5e:ef:3d",
                "00:1a:79:3c:52:c9",
                "00:1a:79:c6:29:f7",
                "00:1a:79:13:43:85",
                "00:1a:79:b0:70:95"
            ]
        },
        {
            "server_name": "ipc.proipciptv.com:8000",
            "server_url": "http://ipc.proipciptv.com:8000/c/",
            "macs": [
                "00:1a:79:40:48:40",
                "00:1a:79:23:fe:a6",
                "00:1a:79:17:c7:39"
            ]
        },
        {
            "server_name": "mag.you24.online",
            "server_url": "http://mag.you24.online/c/",
            "macs": [
                "00:1a:79:52:29:00",
                "00:1a:79:a3:18:bc",
                "00:1a:79:bb:50:9d",
                "00:1a:79:6d:86:63",
                "00:1a:79:2a:ab:cf",
                "00:1a:79:49:d2:43"
            ]
        },
        {
            "server_name": "fans4me.com:8080",
            "server_url": "http://fans4me.com:8080/c/",
            "macs": [
                "00:1a:79:20:0f:c1",
                "00:1a:79:ba:a5:2b",
                "00:1a:79:5a:26:df",
                "00:1a:79:bf:27:96",
                "00:1a:79:62:b8:bc",
                "00:1a:79:49:2d:78",
                "00:1a:79:6d:eb:19",
                "00:1a:79:ae:b7:47",
                "00:1a:79:63:e0:3a",
                "00:1a:79:ab:50:cd",
                "00:1a:79:3c:70:76",
                "00:1a:79:5f:b2:90",
                "00:1a:79:a6:42:f6",
                "00:1a:79:18:00:5c",
                "00:1a:79:a3:8f:7a",
                "00:1a:79:bd:89:50",
                "00:1a:79:b1:f3:08",
                "00:1a:79:55:5d:d3",
                "00:1a:79:b0:90:58",
                "00:1a:79:ae:d8:b5",
                "00:1a:79:63:d3:9d",
                "00:1a:79:39:ab:57",
                "00:1a:79:6a:f8:db",
                "00:1a:79:42:1d:3b",
                "00:1a:79:bb:c5:2e",
                "00:1a:79:f9:8f:7b"
            ]
        },
        {
            "server_name": "turkiyetv.live:8000",
            "server_url": "http://turkiyetv.live:8000/c/",
            "macs": [
                "00:1a:79:d9:0f:54",
                "00:1a:79:0b:3b:2f",
                "00:1a:79:a4:85:a4",
                "00:1a:79:2a:d2:f3",
                "00:1a:79:bb:c7:1a",
                "00:1a:79:d0:82:95",
                "00:1a:79:44:2c:0e",
                "00:1a:79:c2:01:76",
                "00:1a:79:a3:fb:d2",
                "00:1a:79:6b:df:6b",
                "00:1a:79:af:54:7c",
                "00:1a:79:c1:98:d8",
                "00:1a:79:8a:75:cc",
                "00:1a:79:5e:e3:e4",
                "00:1a:79:6e:c0:aa",
                "00:1a:79:7a:a4:ab",
                "00:1a:79:b1:f4:f8",
                "00:1a:79:6b:82:1b",
                "00:1a:79:40:41:37",
                "00:1a:79:37:3a:b5",
                "00:1a:79:0d:79:d4",
                "00:1a:79:6f:aa:23",
                "00:1a:79:47:a5:37",
                "00:1a:79:53:0b:22",
                "00:1a:79:2b:c2:74",
                "00:1a:79:ad:fe:c3",
                "00:1a:79:70:de:4b"
            ]
        },
        {
            "server_name": "iptveuro7.club",
            "server_url": "http://iptveuro7.club/c/",
            "macs": [
                "00:1a:79:6b:d6:f6",
                "00:1a:79:47:7c:4a",
                "00:1a:79:8c:58:de",
                "00:1a:79:78:34:0e",
                "00:1a:79:5c:0c:5f",
                "00:1a:79:4e:3f:fc",
                "00:1a:79:6a:29:49",
                "00:1a:79:58:89:8b",
                "00:1a:79:50:50:5a",
                "00:1a:79:8e:1a:82",
                "00:1a:79:da:7e:47",
                "00:1a:79:6a:2f:58",
                "00:1a:79:55:b3:b4",
                "00:1a:79:b9:fc:73",
                "00:1a:79:34:07:23",
                "00:1a:79:fb:66:c1",
                "00:1a:79:7f:cb:e7",
                "00:1a:79:4a:40:a8",
                "00:1a:79:ba:6d:56",
                "00:1a:79:4b:35:7b",
                "00:1a:79:22:83:98",
                "00:1a:79:e5:35:06"
            ]
        },
        {
            "server_name": "yooooobin.space",
            "server_url": "http://yooooobin.space/c/",
            "macs": [
                "00:1a:79:3c:52:c9",
                "00:1a:79:b0:0a:f2",
                "00:1a:79:ab:f2:ef",
                "00:1a:79:40:af:15"
            ]
        },
        {
            "server_name": "poyraz67.com:8080",
            "server_url": "http://poyraz67.com:8080/c/",
            "macs": [
                "00:1a:79:87:a4:e4",
                "00:1a:79:68:06:36",
                "00:1a:79:5d:bc:85",
                "00:1a:79:ae:1b:2c",
                "00:1a:79:41:c8:d6",
                "00:1a:79:56:29:2c",
                "00:1a:79:51:57:58",
                "00:1a:79:64:f4:aa",
                "00:1a:79:5e:de:82",
                "00:1a:79:57:7e:85",
                "00:1a:79:19:ed:58",
                "00:1a:79:65:0d:aa",
                "00:1a:79:16:91:49",
                "00:1a:79:46:a1:db",
                "00:1a:79:a3:21:9e"
            ]
        },
        {
            "server_name": "killott.com:8000",
            "server_url": "http://killott.com:8000/c/",
            "macs": [
                "00:1a:79:66:21:a8",
                "00:1a:79:aa:e8:af",
                "00:1a:79:53:79:5d"
            ]
        },
        {
            "server_name": "albanica.online:1557",
            "server_url": "http://albanica.online:1557/c/",
            "macs": [
                "00:1a:79:11:bd:cd"
            ]
        },
        {
            "server_name": "rv.bleutv.net",
            "server_url": "http://rv.bleutv.net/c/",
            "macs": [
                "00:1a:79:28:a7:79",
                "00:1a:79:a1:f7:47",
                "00:1a:79:ea:a2:e2",
                "00:1a:79:4c:37:91",
                "00:1a:79:07:59:4b"
            ]
        },
        {
            "server_name": "habemuspapa.site:8080",
            "server_url": "http://habemuspapa.site:8080/c/",
            "macs": [
                "00:1a:79:a6:f2:12",
                "00:1a:79:ba:68:3f"
            ]
        },
        {
            "server_name": "cd1.teknoip.xyz",
            "server_url": "http://cd1.teknoip.xyz/c/",
            "macs": [
                "00:1a:79:77:3a:ae",
                "00:1a:79:b9:cc:0d",
                "00:1a:79:bf:4f:11",
                "00:1a:79:bf:56:79",
                "00:1a:79:59:17:29",
                "00:1a:79:30:3b:2d"
            ]
        },
        {
            "server_name": "cpanel.lionboxiptv.nl",
            "server_url": "http://cpanel.lionboxiptv.nl/c/",
            "macs": [
                "00:1a:79:ae:a5:92",
                "00:1a:79:aa:0f:1c",
                "00:1a:79:fc:8f:67",
                "00:1a:79:23:ed:84",
                "00:1a:79:aa:bd:c0"
            ]
        },
        {
            "server_name": "line.4k-gold.net",
            "server_url": "http://line.4k-gold.net/c/",
            "macs": [
                "00:1a:79:b6:d8:ab",
                "00:1a:79:cc:d1:22",
                "00:1a:79:2f:a6:5d",
                "00:1a:79:bb:d1:e0",
                "00:1a:79:5a:2f:37",
                "00:1a:79:17:1b:cf",
                "00:1a:79:1c:08:18",
                "00:1a:79:58:88:a4",
                "00:1a:79:da:c4:d4",
                "00:1a:79:56:51:b7",
                "00:1a:79:bb:12:43"
            ]
        },
        {
            "server_name": "2.58.193.242:8000",
            "server_url": "http://2.58.193.242:8000/c/",
            "macs": [
                "00:1a:79:92:12:d3",
                "00:1a:79:41:18:88",
                "00:1a:79:54:3e:a5",
                "00:1a:79:39:4d:1c",
                "00:1a:79:68:1c:58",
                "00:1a:79:b3:9d:66",
                "00:1a:79:af:88:86",
                "00:1a:79:79:54:2a",
                "00:1a:79:5e:37:81",
                "00:1a:79:3a:cd:7f",
                "00:1a:79:f5:53:8f",
                "00:1a:79:ba:17:3f",
                "00:1a:79:46:6c:2d"
            ]
        },
        {
            "server_name": "portal.spacepanel.live:8080",
            "server_url": "http://portal.spacepanel.live:8080/c/",
            "macs": [
                "00:1a:79:b3:06:db",
                "00:1a:79:32:37:a6",
                "00:1a:79:b9:8d:a9",
                "00:1a:79:47:34:f0",
                "00:1a:79:18:03:01",
                "00:1a:79:4e:f7:16",
                "00:1a:79:2d:30:95",
                "00:1a:79:bb:4b:41"
            ]
        },
        {
            "server_name": "poyraz67.com:8080",
            "server_url": "http://poyraz67.com:8080/c/",
            "macs": [
                "00:1a:79:68:fa:c3",
                "00:1a:79:53:ec:25",
                "00:1a:79:4c:28:1b",
                "00:1a:79:29:65:4d",
                "00:1a:79:b4:35:e0",
                "00:1a:79:52:6e:19",
                "00:1a:79:0f:b0:a7",
                "00:1a:79:dc:cd:a0",
                "00:1a:79:3b:ee:cc",
                "00:1a:79:a3:b7:86",
                "00:1a:79:74:dd:75"
            ]
        },
        {
            "server_name": "host.xtreamhost.top",
            "server_url": "http://host.xtreamhost.top/c/",
            "macs": [
                "00:1a:79:ae:1f:e6",
                "00:1a:79:d9:e5:54",
                "00:1a:79:53:9f:c4",
                "00:1a:79:54:e0:b1",
                "00:1a:79:5e:31:76",
                "00:1a:79:47:33:d3",
                "00:1a:79:40:3c:a4",
                "00:1a:79:54:c4:bb"
            ]
        },
        {
            "server_name": "neroiptv.xyz:8080",
            "server_url": "http://neroiptv.xyz:8080/c/",
            "macs": [
                "00:1a:79:ad:38:54",
                "00:1a:79:58:0c:2e",
                "00:1a:79:60:6d:2d",
                "00:1a:79:3d:84:d0",
                "00:1a:79:72:9f:3d",
                "00:1a:79:4b:31:cc",
                "00:1a:79:52:94:0e",
                "00:1a:79:ac:c3:d4",
                "00:1a:79:43:1a:c1",
                "00:1a:79:b8:7d:9e",
                "00:1a:79:56:28:ac",
                "00:1a:79:9f:83:5a",
                "00:1a:79:44:29:eb"
            ]
        },
        {
            "server_name": "178.132.78.40:8080",
            "server_url": "http://178.132.78.40:8080/c/",
            "macs": [
                "00:1a:79:43:cd:5e",
                "00:1a:79:31:60:be",
                "00:1a:79:9b:94:5e",
                "00:1a:79:4c:af:f7",
                "00:1a:79:a3:a6:0a",
                "00:1a:79:bd:66:3b",
                "00:1a:79:b9:98:f2",
                "00:1a:79:2c:22:30",
                "00:1a:79:ac:56:18",
                "00:1a:79:a6:fd:54",
                "00:1a:79:b9:b9:6e",
                "00:1a:79:ad:59:35",
                "00:1a:79:af:65:d6",
                "00:1a:79:aa:71:bd",
                "00:1a:79:b2:0a:29"
            ]
        },
        {
            "server_name": "ultra-box.club",
            "server_url": "http://ultra-box.club/c/",
            "macs": [
                "00:1a:79:af:65:01",
                "00:1a:79:57:64:18",
                "00:1a:79:76:26:02",
                "00:1a:79:6b:1d:c9",
                "00:1a:79:51:e4:5a",
                "00:1a:79:5d:26:34",
                "00:1a:79:63:bd:7e",
                "00:1a:79:ec:63:6e",
                "00:1a:79:b0:96:ae",
                "00:1a:79:57:b1:09"
            ]
        },
        {
            "server_name": "mag.diamondma.club",
            "server_url": "http://mag.diamondma.club/c/",
            "macs": [
                "00:1a:79:20:5f:fc",
                "00:1a:79:a1:5c:c3",
                "00:1a:79:ad:89:fa",
                "00:1a:79:11:d3:0c",
                "00:1a:79:42:6c:e9",
                "00:1a:79:0d:6f:0a",
                "00:1a:79:3b:b5:03",
                "00:1a:79:90:54:8b",
                "00:1a:79:02:4f:01",
                "00:1a:79:5a:1d:36"
            ]
        },
        {
            "server_name": "bluestartv.net",
            "server_url": "http://bluestartv.net/c/",
            "macs": [
                "00:1a:79:ba:7c:c1",
                "00:1a:79:45:95:29",
                "00:1a:79:ce:a3:f4",
                "00:1a:79:75:75:e4",
                "00:1a:79:35:de:2f"
            ]
        },
        {
            "server_name": "qqtv.nl:8080",
            "server_url": "http://qqtv.nl:8080/c/",
            "macs": [
                "00:1a:79:49:3b:e1",
                "00:1a:79:55:39:28",
                "00:1a:79:dc:2f:64",
                "00:1a:79:be:33:7d",
                "00:1a:79:62:fc:cc",
                "00:1a:79:63:12:57",
                "00:1a:79:e5:95:c6",
                "00:1a:79:07:04:f6",
                "00:1a:79:6b:6f:be",
                "00:1a:79:b1:9c:d0",
                "00:1a:79:b3:fc:ae",
                "00:1a:79:65:02:82"
            ]
        }
    ]
}