{
    "items": [
        {
            "server_name": "otn20.com:8000",
            "server_url": "http://otn20.com:8000/c/",
            "macs": [
                "00:1a:79:00:b2:66",
                "00:1a:79:43:72:6e",
                "00:1a:79:58:f3:c5",
                "00:1a:79:57:a3:f6",
                "00:1a:79:34:e4:f6",
                "00:1a:79:02:cb:21",
                "00:1a:79:38:72:c8",
                "00:1a:79:11:90:39",
                "00:1a:79:33:ac:2b",
                "00:1a:79:54:f6:65",
                "00:1a:79:1c:2f:b3",
                "00:1a:79:2a:d1:f2",
                "00:1a:79:1c:d1:15",
                "00:1a:79:33:da:f6",
                "00:1a:79:35:91:fa",
                "00:1a:79:3a:a1:26",
                "00:1a:79:5d:bf:7f",
                "00:1a:79:48:d4:54",
                "00:1a:79:2e:77:ae",
                "00:1a:79:1c:2f:fc",
                "00:1a:79:3e:97:1e"
            ]
        },
        {
            "server_name": "gaztv.net",
            "server_url": "http://gaztv.net/c/",
            "macs": [
                "00:1a:79:ba:67:e2",
                "00:1a:79:bd:1f:19",
                "00:1a:79:a4:60:81",
                "00:1a:79:b5:27:ba",
                "00:1a:79:c5:de:20",
                "00:1a:79:ab:3b:62",
                "00:1a:79:ba:e6:98",
                "00:1a:79:2e:7f:fe",
                "00:1a:79:14:7f:c5",
                "00:1a:79:6b:5f:52",
                "00:1a:79:3e:00:b0",
                "00:1a:79:6f:8f:47",
                "00:1a:79:b2:0b:87",
                "00:1a:79:bd:13:66"
            ]
        },
        {
            "server_name": "webflowmalta.club:8080",
            "server_url": "http://webflowmalta.club:8080/c/",
            "macs": [
                "00:1a:79:a4:d6:ce",
                "00:1a:79:a6:72:16",
                "00:1a:79:a7:48:0a",
                "00:1a:79:a6:42:be",
                "00:1a:79:a5:9a:82",
                "00:1a:79:ae:76:cc",
                "00:1a:79:a9:ed:8b",
                "00:1a:79:a4:4c:6c",
                "00:1a:79:aa:6c:cd",
                "00:1a:79:a1:ea:6e",
                "00:1a:79:a6:9b:06",
                "00:1a:79:ab:db:b4",
                "00:1a:79:a8:d4:4e",
                "00:1a:79:ac:d6:56",
                "00:1a:79:a6:9b:06",
                "00:1a:79:ab:47:b5",
                "00:1a:79:a5:2e:31",
                "00:1a:79:aa:6b:9b",
                "00:1a:79:aa:89:8a",
                "00:1a:79:aa:d9:b1",
                "00:1a:79:aa:38:d3",
                "00:1a:79:ab:1a:ea",
                "00:1a:79:aa:58:39",
                "00:1a:79:ad:14:31",
                "00:1a:79:ab:3d:57",
                "00:1a:79:ad:eb:53",
                "00:1a:79:ae:3f:01",
                "00:1a:79:a5:8f:8f",
                "00:1a:79:ad:e9:9a",
                "00:1a:79:aa:81:61",
                "00:1a:79:aa:b8:00",
                "00:1a:79:a0:90:9f",
                "00:1a:79:a3:90:bc",
                "00:1a:79:a7:c7:dc"
            ]
        },
        {
            "server_name": "dcsport.xyz:8080",
            "server_url": "http://dcsport.xyz:8080/c/",
            "macs": [
                "00:1a:79:3a:b5:d8",
                "00:1a:79:61:56:54",
                "00:1a:79:5e:82:e5",
                "00:1a:79:3f:04:2c",
                "00:1a:79:77:e7:5c",
                "00:1a:79:77:37:2c",
                "00:1a:79:9d:c2:ca",
                "00:1a:79:8a:93:fd",
                "00:1a:79:67:ba:16",
                "00:1a:79:4b:5b:2f",
                "00:1a:79:23:d0:02",
                "00:1a:79:4e:5a:27",
                "00:1a:79:45:85:8c"
            ]
        },
        {
            "server_name": "ip.sltv.xyz:8080",
            "server_url": "http://ip.sltv.xyz:8080/c/",
            "macs": [
                "00:1a:79:ae:c5:de",
                "00:1a:79:ad:39:bf",
                "00:1a:79:ae:93:bc",
                "00:1a:79:a3:95:98",
                "00:1a:79:a4:04:ad",
                "00:1a:79:ad:47:7d",
                "00:1a:79:a9:dc:22",
                "00:1a:79:ae:5a:e3",
                "00:1a:79:ae:b1:20",
                "00:1a:79:a9:ec:e8",
                "00:1a:79:a6:9b:2b",
                "00:1a:79:aa:73:24",
                "00:1a:79:ad:bd:bc",
                "00:1a:79:a1:76:84",
                "00:1a:79:ad:3b:cc",
                "00:1a:79:a8:d1:45",
                "00:1a:79:aa:fc:53",
                "00:1a:79:a4:8f:26",
                "00:1a:79:aa:cb:83",
                "00:1a:79:a1:ab:0a",
                "00:1a:79:ac:fb:4a",
                "00:1a:79:ae:93:bc",
                "00:1a:79:a7:b1:59",
                "00:1a:79:a7:79:1e",
                "00:1a:79:a0:4a:71",
                "00:1a:79:a7:79:1e",
                "00:1a:79:a7:0c:61",
                "00:1a:79:ae:a7:af",
                "00:1a:79:aa:58:5e",
                "00:1a:79:ab:ba:af",
                "00:1a:79:ad:10:84",
                "00:1a:79:ac:55:4f",
                "00:1a:79:a0:0d:25",
                "00:1a:79:ae:2f:c2",
                "00:1a:79:a9:fa:66",
                "00:1a:79:a1:58:00",
                "00:1a:79:a5:5a:d7",
                "00:1a:79:ae:31:5f",
                "00:1a:79:aa:fc:53",
                "00:1a:79:ad:f9:74",
                "00:1a:79:ab:2b:1b",
                "00:1a:79:a1:81:05",
                "00:1a:79:a7:b1:59",
                "00:1a:79:a1:65:be",
                "00:1a:79:aa:89:8a",
                "00:1a:79:ae:99:5b"
            ]
        },
        {
            "server_name": "iboxs.club",
            "server_url": "http://iboxs.club/c/",
            "macs": [
                "00:1a:79:a5:d6:0d",
                "00:1a:79:aa:75:1a",
                "00:1a:79:aa:be:53",
                "00:1a:79:ac:e4:71",
                "00:1a:79:aa:4e:87",
                "00:1a:79:a3:69:96",
                "00:1a:79:a1:8c:4b",
                "00:1a:79:a5:33:74",
                "00:1a:79:a9:f9:e0",
                "00:1a:79:aa:8e:dc",
                "00:1a:79:aa:8d:c0",
                "00:1a:79:a5:e4:1a",
                "00:1a:79:a9:59:78",
                "00:1a:79:a5:14:d6",
                "00:1a:79:ae:ce:01",
                "00:1a:79:ab:dc:3c",
                "00:1a:79:a7:e9:fa",
                "00:1a:79:a9:ac:f5",
                "00:1a:79:a3:4c:47",
                "00:1a:79:a3:d7:a0",
                "00:1a:79:ad:23:0f",
                "00:1a:79:ae:a6:92",
                "00:1a:79:ac:1b:fe",
                "00:1a:79:ae:bd:c6",
                "00:1a:79:a6:65:75"
            ]
        },
        {
            "server_name": "pxy.proxytx.cloud:8000",
            "server_url": "http://pxy.proxytx.cloud:8000/c/",
            "macs": [
                "00:1A:79:b8:4f:c3"
            ]
        },
        {
            "server_name": "worldflix.io:8080",
            "server_url": "http://worldflix.io:8080/c/",
            "macs": [
                "00:1a:79:a9:be:95",
                "00:1a:79:bf:9a:98",
                "00:1a:79:be:8a:2c",
                "00:1a:79:a2:8a:3d"
            ]
        },
        {
            "server_name": "magz.abcdxyz.one",
            "server_url": "http://magz.abcdxyz.one/c/",
            "macs": [
                "00:1a:79:00:07:79",
                "00:1a:79:2b:15:31",
                "00:1a:79:00:09:56",
                "00:1a:79:00:01:c5",
                "00:1a:79:47:35:0d",
                "00:1a:79:10:2e:36",
                "00:1a:79:52:9d:08",
                "00:1a:79:43:eb:46",
                "00:1a:79:5e:d5:89",
                "00:1a:79:4f:6b:b9",
                "00:1a:79:18:21:b8"
            ]
        }
    ]
}