{
    "items": [
        {
            "server_name": "143.244.61.219:88",
            "server_url": "http://143.244.61.219:88/stalker_portal/c/",
            "macs": [
                "00:1A:79:C1:5A:1C",
                "00:1A:79:74:66:9F",
                "00:1A:79:78:35:34",
                "00:1A:79:E0:46:86",
                "00:1A:79:44:02:C9",
                "00:1A:79:F0:11:34",
                "00:1A:79:66:AE:8D",
                "00:1A:79:63:68:BE",
                "00:1A:79:73:96:61",
                "00:1A:79:BE:0E:90",
                "00:1A:79:74:23:A1",
                "00:1A:79:E5:86:75",
                "00:1A:79:63:9F:B4",
                "00:1A:79:56:4D:AE",
                "00:1A:79:B1:8D:52",
                "00:1A:79:0D:8B:AE",
                "00:1A:79:E5:09:03",
                "00:1A:79:6F:0B:58",
                "00:1A:79:5C:5C:CF",
                "00:1A:79:70:B5:43",
                "00:1A:79:81:53:CC",
                "00:1A:79:36:AA:69"
            ]
        },
        {
            "server_name": "beforeitstoolate.uk",
            "server_url": "http://beforeitstoolate.uk/c/",
            "macs": [
                "00:1a:79:c6:88:30",
                "00:1a:79:a5:31:d9"
            ]
        },
        {
            "server_name": "178.132.78.40:8080",
            "server_url": "http://178.132.78.40:8080/c/",
            "macs": [
                "00:1A:79:AB:E8:DD",
                "00:1A:79:A5:E5:60",
                "00:1A:79:01:75:EF",
                "00:1A:79:50:59:D3",
                "00:1A:79:BC:36:E7",
                "00:1A:79:D6:67:36"
            ]
        },
        {
            "server_name": "stream1.tvs24.net:25461",
            "server_url": "http://stream1.tvs24.net:25461/c/",
            "macs": [
                "00:1A:79:16:FD:95",
                "00:1A:79:14:EC:6E",
                "00:1A:79:16:76:A1"
            ]
        },
        {
            "server_name": "dnz.sunucu551.xyz:8000",
            "server_url": "http://dnz.sunucu551.xyz:8000/c/",
            "macs": [
                "00:1a:79:40:d0:5f"
            ]
        },
        {
            "server_name": "tvbross.com:8090",
            "server_url": "http://tvbross.com:8090/c/",
            "macs": [
                "00:1A:79:4a:85:99"
            ]
        },
        {
            "server_name": "hd.007iptv.com:2095",
            "server_url": "http://hd.007iptv.com:2095/c/",
            "macs": [
                "00:1a:79:b7:29:59",
                "00:1A:79:3A:50:36",
                "00:1A:79:50:7D:D0",
                "00:1A:79:9F:75:33"
            ]
        },
        {
            "server_name": "a111.info",
            "server_url": "http://a111.info/stalker_portal/c/",
            "macs": [
                "00:1A:79:1A:78:FD",
                "00:1A:79:83:6E:55",
                "00:1A:79:2F:C5:67",
                "00:1A:79:27:CF:54",
                "00:1A:79:4F:1E:28",
                "00:1A:79:1C:B8:33",
                "00:1A:79:0A:1A:83",
                "00:1A:79:00:0E:79",
                "00:1A:79:53:9B:F8",
                "00:1A:79:3B:E1:A5"
            ]
        },
        {
            "server_name": "live.hutv.me:25461",
            "server_url": "http://live.hutv.me:25461/c/",
            "macs": [
                "00:1A:79:00:1D:6D",
                "00:1A:79:05:07:8B",
                "00:1A:79:14:E4:14",
                "00:1A:79:D6:03:7C",
                "00:1A:79:20:51:8A",
                "00:1A:79:14:E4:14",
                "00:1A:79:17:41:AF",
                "00:1A:79:14:F5:89",
                "00:1A:79:14:C2:D3",
                "00:1A:79:17:5A:25"
            ]
        },
        {
            "server_name": "clubtv.pro-ott.com:25443",
            "server_url": "http://clubtv.pro-ott.com:25443/c/",
            "macs": [
                "00:1A:79:5F:C8:C8"
            ]
        },
        {
            "server_name": "feenyx.xyz",
            "server_url": "http://feenyx.xyz/c/",
            "macs": [
                "00:1A:79:B7:00:6B"
            ]
        },
        {
            "server_name": "micro-ott.com",
            "server_url": "http://micro-ott.com/c/",
            "macs": [
                "00:1A:79:0E:66:85",
                "00:1A:79:00:00:07"
            ]
        },
        {
            "server_name": "wayforward.xyz:25461",
            "server_url": "http://wayforward.xyz:25461/c/",
            "macs": [
                "00:1A:79:C1:40:84"
            ]
        },
        {
            "server_name": "s1.iptv66.tv",
            "server_url": "http://s1.iptv66.tv/c/",
            "macs": [
                "00:1A:79:07:FF:FE",
                "00:1A:79:0A:3F:1A",
                "00:1A:79:08:52:25",
                "00:1A:79:02:E2:08",
                "00:1A:79:08:01:79"
            ]
        },
        {
            "server_name": "sinotv-la.com",
            "server_url": "http://sinotv-la.com/c/",
            "macs": [
                "00:1A:79:00:00:07",
                "00:1A:79:00:00:01",
                "00:1A:79:00:00:00",
                "00:1A:79:00:00:22",
                "00:1A:79:01:99:C2",
                "00:1A:79:0C:CC:F0",
                "00:1A:79:0E:66:85",
                "00:1A:79:00:00:33",
                "00:1A:79:0C:CD:41",
                "00:1A:79:00:00:98",
                "00:1A:79:09:9A:37",
                "00:1A:79:00:00:AA",
                "00:1A:79:01:9A:47",
                "00:1A:79:00:00:AE",
                "00:1A:79:0E:67:BC",
                "00:1A:79:00:01:8F"
            ]
        }
    ]
}