{
    "items": [
        {
            "server_name": "storeiptv.net:2095",
            "server_url": "http://storeiptv.net:2095/c/",
            "macs": [
                "00:1A:79:00:00:41",
                "00:1A:79:00:0D:60"
            ]
        },
        {
            "server_name": "proton-ott.com:1985",
            "server_url": "http://proton-ott.com:1985/c/",
            "macs": [
                "00:1A:79:A1:18:1A",
                "00:1A:79:BA:DE:B2",
                "00:1A:79:A2:13:F4",
                "00:1A:79:51:1B:BB",
                "00:1A:79:03:0E:CB"
            ]
        },
        {
            "server_name": "ip.opentv.ma:8000",
            "server_url": "http://ip.opentv.ma:8000/c/",
            "macs": [
                "00:1A:79:03:9A:1C"
            ]
        },
        {
            "server_name": "one-tvplus.com:1223",
            "server_url": "http://one-tvplus.com:1223/c/",
            "macs": [
                "00:1A:79:4a:46:ef",
                "00:1A:79:9e:86:48",
                "00:1A:79:67:b4:fd",
                "00:1A:79:a4:69:58"
            ]
        },
        {
            "server_name": "hd.007iptv.com:2095",
            "server_url": "http://hd.007iptv.com:2095/c/",
            "macs": [
                "00:1A:79:53:94:01"
            ]
        },
        {
            "server_name": "195.154.242.90:88",
            "server_url": "http://195.154.242.90:88/stalker_portal/c/",
            "macs": [
                "00:1A:79:AC:75:1D",
                "00:1A:79:8C:A1:CA"
            ]
        },
        {
            "server_name": "magboxtv.click:8080",
            "server_url": "http://magboxtv.click:8080/c/",
            "macs": [
                "00:1A:79:00:14:A4",
                "00:1A:79:01:53:FF",
                "00:1A:79:01:8F:74",
                "00:1A:79:02:14:82",
                "00:1A:79:03:23:10",
                "00:1A:79:08:77:77",
                "00:1A:79:09:6f:ae",
                "00:1A:79:0a:15:3e",
                "00:1A:79:0a:60:c6",
                "00:1A:79:0A:EF:22"
            ]
        },
        {
            "server_name": "pal.alphatx.me",
            "server_url": "http://pal.alphatx.me/c/",
            "macs": [
                "00:1A:79:1b:4d:d1",
                "00:1A:79:ba:1c:5c",
                "00:1A:79:ad:bb:09",
                "00:1A:79:bd:3a:3e",
                "00:1A:79:3e:c0:38",
                "00:1A:79:b6:bd:fd",
                "00:1A:79:17:2b:91",
                "00:1A:79:c1:08:45"
            ]
        },
        {
            "server_name": "mvu03.wanicelife.com:8880",
            "server_url": "http://mvu03.wanicelife.com:8880/c/",
            "macs": [
                "00:1A:79:3B:6F:8E",
                "00:1A:79:41:6C:2F",
                "00:1A:79:4F:56:4D"
            ]
        },
        {
            "server_name": "portal-protv.club:80",
            "server_url": "http://portal-protv.club:80/c/",
            "macs": [
                "00:1A:79:3d:8b:45",
                "00:1A:79:6f:a2:b6"
            ]
        },
        {
            "server_name": "mat4k.com:8080",
            "server_url": "http://mat4k.com:8080/c/",
            "macs": [
                "00:1A:79:58:a0:12",
                "00:1A:79:a8:47:4b"
            ]
        },
        {
            "server_name": "kuualas.xyz:8080",
            "server_url": "http://kuualas.xyz:8080/c/",
            "macs": [
                "00:1A:79:b2:02:cd",
                "00:1A:79:ae:0a:79",
                "00:1A:79:a6:e1:86",
                "00:1A:79:bd:5e:f4",
                "00:1A:79:0E:18:82",
                "00:1A:79:39:91:12",
                "00:1A:79:4D:5F:22",
                "00:1A:79:AB:3D:97",
                "00:1A:79:BD:5F:61"
            ]
        }
    ]
}