{
    "items": [
        {
            "server_name": "line.gofast-tv.me:8000",
            "server_url": "http://line.gofast-tv.me:8000/c/",
            "macs": [
                "00:1A:79:7A:0F:9D",
                "00:1A:79:D0:9B:C7",
                "00:1A:79:4B:32:5B",
                "00:1A:79:DE:4F:4A",
                "00:1A:79:8C:07:FE",
                "00:1A:79:A3:14:03",
                "00:1A:79:04:D4:D8",
                "00:1A:79:94:A9:74",
                "00:1A:79:29:EC:55",
                "00:1A:79:6F:8F:55",
                "00:1A:79:6F:4F:5D",
                "00:1A:79:6F:5A:5D",
                "00:1A:79:21:02:CE",
                "00:1A:79:24:78:8A",
                "00:1A:79:D5:79:B5"
            ]
        },
        {
            "server_name": "ottsansat.com:25461",
            "server_url": "http://ottsansat.com:25461/c/",
            "macs": [
                "00:1A:79:3A:F8:CC",
                "00:1A:79:03:9E:5C",
                "00:1A:79:2B:BC:5C",
                "00:1A:79:2E:89:FE",
                "00:1A:79:44:71:AC",
                "00:1a:79:46:56:f5",
                "00:1a:79:54:67:52",
                "00:1A:79:57:BD:84",
                "00:1A:79:57:BD:84"
            ]
        },
        {
            "server_name": "portal2.geniptv.com:8080",
            "server_url": "http://portal2.geniptv.com:8080/c/",
            "macs": [
                "00:1A:79:BE:85:05",
                "00:1A:79:DC:61:3D",
                "00:1A:79:46:F2:8A",
                "00:1A:79:AE:B9:33",
                "00:1A:79:4E:7F:09",
                "00:1A:79:B5:18:E7",
                "00:1A:79:A4:67:FC",
                "00:1A:79:C5:D1:2F",
                "00:1A:79:BA:69:38",
                "00:1A:79:BA:23:34",
                "00:1A:79:B9:B2:BB",
                "00:1A:79:31:C3:B9",
                "00:1A:79:39:27:99",
                "00:1A:79:89:AD:BB",
                "00:1A:79:47:F6:DE",
                "00:1A:79:C0:13:D6",
                "00:1A:79:96:77:13",
                "00:1A:79:C7:02:6D",
                "00:1A:79:bf:d0:3c",
                "00:1A:79:be:89:0f",
                "00:1A:79:38:7f:e2",
                "00:1A:79:c3:5b:4d",
                "00:1A:79:67:92:d7"
            ]
        },
        {
            "server_name": "tptv.cz:80",
            "server_url": "http://tptv.cz:80/c/",
            "macs": [
                "00:1A:79:64:DB:F0",
                "00:1A:79:70:79:E2",
                "00:1A:79:D0:10:66",
                "00:1A:79:75:CA:E8"
            ]
        },
        {
            "server_name": "kukra123-exyu.mine.nu:8081",
            "server_url": "http://kukra123-exyu.mine.nu:8081/c/",
            "macs": [
                "00:1A:79:40:31:50"
            ]
        },
        {
            "server_name": "probox.mio4ever.eu:7575",
            "server_url": "http://probox.mio4ever.eu:7575/c/",
            "macs": [
                "00:1A:79:0E:10:B2"
            ]
        },
        {
            "server_name": "tv.ultra-media.xyz:25461",
            "server_url": "http://tv.ultra-media.xyz:25461/c/",
            "macs": [
                "00:1A:79:40:DF:D7"
            ]
        },
        {
            "server_name": "eu.majes-line.co",
            "server_url": "http://eu.majes-line.co/c/",
            "macs": [
                "00:1A:79:48:28:67",
                "00:1A:79:3D:0F:8A",
                "00:1A:79:B5:FC:DC"
            ]
        },
        {
            "server_name": "maxpanel.xyz:8000",
            "server_url": "http://maxpanel.xyz:8000/c/",
            "macs": [
                "00:1A:79:43:1F:19"
            ]
        },
        {
            "server_name": "ms.moip.info:18080",
            "server_url": "http://ms.moip.info:18080/c/",
            "macs": [
                "00:1A:79:40:18:7D"
            ]
        },
        {
            "server_name": "nxtplay.xyz:8080",
            "server_url": "http://nxtplay.xyz:8080/c/",
            "macs": [
                "00:1A:79:BF:85:CC",
                "00:1A:79:B5:22:AC",
                "00:1A:79:B1:6B:1D",
                "00:1A:79:AD:15:A7",
                "00:1A:79:B4:4F:4C",
                "00:1A:79:A4:60:51",
                "00:1A:79:BB:E6:08",
                "00:1A:79:51:1E:14",
                "00:1A:79:BC:F7:68",
                "00:1A:79:C0:1C:FC",
                "00:1A:79:C3:24:3F",
                "00:1A:79:BB:FB:60",
                "00:1A:79:BD:6A:07",
                "00:1A:79:BA:80:0D",
                "00:1A:79:BA:A4:DB",
                "00:1A:79:B9:57:F2",
                "00:1A:79:B9:49:C1",
                "00:1A:79:BA:85:57",
                "00:1A:79:B7:30:89",
                "00:1A:79:AE:CF:93",
                "00:1A:79:B5:C8:EB",
                "00:1A:79:AB:5A:65",
                "00:1A:79:BA:85:66",
                "00:1A:79:A5:E0:BA",
                "00:1A:79:B3:2D:19",
                "00:1A:79:A6:57:FE",
                "00:1A:79:AB:F6:F4",
                "00:1A:79:7A:60:73",
                "00:1A:79:AE:80:3A",
                "00:1A:79:BA:B4:5F",
                "00:1A:79:BF:32:EE",
                "00:1A:79:A4:CB:08",
                "00:1A:79:BA:11:5A",
                "00:1A:79:C7:02:D1",
                "00:1A:79:C4:61:2B",
                "00:1A:79:AD:8F:C3",
                "00:1A:79:A4:CD:3E",
                "00:1A:79:A5:DA:DF",
                "00:1A:79:A1:AD:4D",
                "00:1A:79:B4:4D:A5",
                "00:1A:79:78:5E:84",
                "00:1A:79:C4:40:A8",
                "00:1A:79:C0:C9:D7",
                "00:1A:79:A4:57:A8",
                "00:1A:79:A9:D6:DA",
                "00:1A:79:B4:E1:45",
                "00:1A:79:B5:11:E3",
                "00:1A:79:AD:84:D2",
                "00:1A:79:BA:61:D1",
                "00:1A:79:B0:8F:4C",
                "00:1A:79:B5:23:11",
                "00:1A:79:48:A6:94",
                "00:1A:79:B8:7B:6F",
                "00:1A:79:B9:9A:86",
                "00:1A:79:A5:E5:F7",
                "00:1A:79:C6:4F:E6",
                "00:1A:79:B6:E0:64",
                "00:1A:79:14:5B:5F",
                "00:1A:79:AB:8F:F8",
                "00:1A:79:A1:F9:2A",
                "00:1A:79:B3:2F:96",
                "00:1A:79:B3:27:AF",
                "00:1A:79:A2:F0:0F",
                "00:1A:79:AC:FD:8A",
                "00:1A:79:48:CA:D0"
            ]
        }
    ]
}