{
    "items": [
        {
            "server_name": "tvservice.pro:80",
            "server_url": "http://tvservice.pro:80/c/",
            "macs": [
                "00:1a:79:70:d0:72",
                "00:1a:79:6c:1b:37",
                "00:1a:79:5e:46:2f",
                "00:1a:79:71:44:27",
                "00:1a:79:55:19:00",
                "00:1a:79:55:af:25",
                "00:1a:79:1a:1a:d8",
                "00:1a:79:2b:54:d4",
                "00:1a:79:78:c5:34",
                "00:1a:79:5e:ca:86",
                "00:1a:79:38:6f:cc",
                "00:1a:79:2b:fb:01",
                "00:1a:79:5a:9f:b5",
                "00:1a:79:35:75:01",
                "00:1a:79:41:d2:40",
                "00:1a:79:22:76:70",
                "00:1a:79:60:03:63",
                "00:1a:79:7e:ee:d7",
                "00:1a:79:62:c0:2f",
                "00:1a:79:82:69:03"
            ]
        },
        {
            "server_name": "ww.sporiptv.ml:8000",
            "server_url": "http://ww.sporiptv.ml:8000/c/",
            "macs": [
                "00:1a:79:47:58:3b",
                "00:1a:79:89:34:0c",
                "00:1a:79:6d:e0:d8",
                "00:1a:79:10:58:3b",
                "00:1a:79:40:42:c0",
                "00:1a:79:7a:5e:a4",
                "00:1a:79:5f:34:0b",
                "00:1a:79:43:4b:93"
            ]
        },
        {
            "server_name": "portal.geniptv.com:8080",
            "server_url": "http://portal.geniptv.com:8080/c/",
            "macs": [
                "00:1a:79:50:59:1c",
                "00:1a:79:59:8e:d6",
                "00:1a:79:5d:28:f1",
                "00:1a:79:3a:40:cc",
                "00:1a:79:43:61:88",
                "00:1a:79:63:e6:d7",
                "00:1a:79:53:ee:88",
                "00:1a:79:41:cd:74",
                "00:1a:79:52:42:79",
                "00:1a:79:27:76:08",
                "00:1a:79:50:c2:cd",
                "00:1a:79:85:d5:43",
                "00:1a:79:47:f6:0b",
                "00:1a:79:3b:a1:9c"
            ]
        },
        {
            "server_name": "stardust-iptv.com:8000",
            "server_url": "http://stardust-iptv.com:8000/c/",
            "macs": [
                "00:1a:79:3f:16:33",
                "00:1a:79:22:17:65"
            ]
        },
        {
            "server_name": "heretv.club",
            "server_url": "http://heretv.club/c/",
            "macs": [
                "00:1a:79:6b:5b:9c",
                "00:1a:79:5f:73:d9",
                "00:1a:79:3e:66:47",
                "00:1a:79:6d:a0:09",
                "00:1a:79:3c:c0:40",
                "00:1a:79:4a:13:5c",
                "00:1a:79:72:d5:a0",
                "00:1a:79:4e:f1:0c",
                "00:1a:79:69:24:73",
                "00:1a:79:74:51:22"
            ]
        },
        {
            "server_name": "roi-tv.net:9000",
            "server_url": "http://roi-tv.net:9000/c/",
            "macs": [
                "00:1a:79:73:16:c7",
                "00:1a:79:67:b3:92"
            ]
        },
        {
            "server_name": "15domingo.oitocentos.net:8080",
            "server_url": "http://15domingo.oitocentos.net:8080/c/",
            "macs": [
                "00:1a:79:a2:c5:f5",
                "00:1a:79:72:6c:fe",
                "00:1a:79:3c:dd:45",
                "00:1a:79:a9:da:b9"
            ]
        },
        {
            "server_name": "20tv.nl:88",
            "server_url": "http://20tv.nl:88/c/",
            "macs": [
                "00:1a:79:12:96:60",
                "00:1a:79:4f:4a:5e",
                "00:1a:79:2a:a0:e7",
                "00:1a:79:40:40:db",
                "00:1a:79:23:7e:b4"
            ]
        },
        {
            "server_name": "clubtv.pro-ott.com:25443",
            "server_url": "http://clubtv.pro-ott.com:25443/c/",
            "macs": [
                "00:1a:79:25:68:2d",
                "00:1a:79:66:f9:ee",
                "00:1a:79:57:5c:fd"
            ]
        },
        {
            "server_name": "vip.ultrach.com:8080",
            "server_url": "http://vip.ultrach.com:8080/c/",
            "macs": [
                "00:1a:79:3b:c2:26"
            ]
        }
    ]
}