{
    "items": [
        {
            "server_name": "powerip.be:8000",
            "server_url": "http://powerip.be:8000/c/",
            "macs": [
                "00:1a:79:23:69:7b",
                "00:1a:79:2c:4f:2b",
                "00:1a:79:75:6f:75",
                "00:1a:79:31:71:2f",
                "00:1a:79:49:6b:69",
                "00:1a:79:3d:14:8a",
                "00:1a:79:31:84:20",
                "00:1a:79:6a:26:2b",
                "00:1a:79:43:70:31",
                "00:1a:79:78:1d:56",
                "00:1a:79:5a:87:4e",
                "00:1a:79:43:16:15",
                "00:1a:79:2e:53:6e",
                "00:1a:79:1f:10:4f",
                "00:1a:79:39:50:88",
                "00:1a:79:46:8f:84",
                "00:1a:79:29:3d:20",
                "00:1a:79:42:79:10",
                "00:1a:79:03:7f:22",
                "00:1a:79:8a:38:05",
                "00:1a:79:2b:89:4f",
                "00:1a:79:72:26:8e",
                "00:1a:79:54:52:35",
                "00:1a:79:23:8d:30",
                "00:1a:79:03:24:13",
                "00:1a:79:11:12:00",
                "00:1a:79:18:0e:57",
                "00:1a:79:70:66:01",
                "00:1a:79:28:4b:8f",
                "00:1a:79:22:16:7a",
                "00:1a:79:52:43:87",
                "00:1a:79:29:94:75",
                "00:1a:79:69:72:3c",
                "00:1a:79:78:8d:0c",
                "00:1a:79:24:00:1d",
                "00:1a:79:72:25:4e",
                "00:1a:79:51:18:78",
                "00:1a:79:24:82:42",
                "00:1a:79:51:97:5e",
                "00:1a:79:6f:1c:91"
            ]
        },
        {
            "server_name": "dont.t-v.io:80",
            "server_url": "http://dont.t-v.io:80/c/",
            "macs": [
                "00:1A:79:B6:D8:80",
                "00:1A:79:AA:CC:56",
                "00:1A:79:18:7F:C6",
                "00:1A:79:18:6F:9E",
                "00:1A:79:AC:3F:60",
                "00:1A:79:AE:5A:A3",
                "00:1A:79:18:7F:51",
                "00:1A:79:18:9F:46",
                "00:1A:79:A4:46:F4",
                "00:1A:79:F1:B8:05",
                "00:1A:79:31:DB:98",
                "00:1A:79:45:34:13",
                "00:1A:79:AC:C8:65",
                "00:1A:79:18:9F:4C",
                "00:1A:79:41:7B:07",
                "00:1A:79:18:00:4D",
                "00:1A:79:52:75:59",
                "00:1A:79:18:7F:B9",
                "00:1A:79:AA:D2:F7",
                "00:1A:79:4C:12:11",
                "00:1A:79:AB:D8:50",
                "00:1A:79:18:5F:EF",
                "00:1A:79:18:00:D3",
                "00:1A:79:18:6F:E7",
                "00:1A:79:A7:D7:D7",
                "00:1A:79:A5:B0:5D",
                "00:1A:79:AA:A7:AC",
                "00:1A:79:18:7F:64",
                "00:1A:79:18:1A:C6",
                "00:1A:79:A6:F5:E4",
                "00:1A:79:AC:CF:41",
                "00:1A:79:AA:A7:62",
                "00:1A:79:11:8F:0E",
                "00:1A:79:A6:6C:6C",
                "00:1A:79:18:4F:FF",
                "00:1A:79:18:7F:C4",
                "00:1A:79:18:4F:E6",
                "00:1A:79:A9:1F:C7",
                "00:1A:79:57:EE:BA",
                "00:1A:79:2D:38:63",
                "00:1A:79:AA:BB:CF",
                "00:1A:79:A2:E7:9C",
                "00:1A:79:C1:B2:7D",
                "00:1A:79:A5:E4:5C",
                "00:1A:79:2E:5C:8E",
                "00:1A:79:18:5F:FB",
                "00:1A:79:18:9F:A0",
                "00:1A:79:57:E2:09"
            ]
        },
        {
            "server_name": "i4cool.club",
            "server_url": "http://i4cool.club/c/",
            "macs": [
                "00:1A:79:4E:80:59",
                "00:1A:79:BF:BA:BA",
                "00:1A:79:91:75:50",
                "00:1A:79:AD:79:DC",
                "00:1A:79:57:40:E4",
                "00:1A:79:60:04:3c",
                "00:1A:79:90:D5:CF",
                "00:1A:79:5D:26:22",
                "00:1A:79:C0:98:87",
                "00:1A:79:4E:96:30",
                "00:1A:79:5B:D9:8A",
                "00:1A:79:BF:BA:BA",
                "00:1A:79:4E:49:38",
                "00:1A:79:4E:EF:2D",
                "00:1A:79:00:00:00",
                "00:1A:79:0B:42:A0",
                "00:1A:79:55:F4:96",
                "00:1A:79:D7:47:38",
                "00:1A:79:55:F4:96",
                "00:1A:79:47:A6:B3",
                "00:1A:79:60:04:3c",
                "00:1A:79:B0:59:78",
                "00:1A:79:08:63:52",
                "00:1A:79:15:23:B4",
                "00:1A:79:55:92:E0",
                "00:1A:79:B8:27:F5",
                "00:1A:79:4E:EF:2D",
                "00:1A:79:AA:55:78",
                "00:1A:79:43:3A:8F",
                "00:1A:79:4E:3F:E7",
                "00:1A:79:5C:9C:2D",
                "00:1A:79:3F:AD:94",
                "00:1A:79:AE:E2:74",
                "00:1A:79:B8:27:F5",
                "00:1A:79:B0:37:6B",
                "00:1A:79:B7:6F:F0",
                "00:1A:79:A8:F1:BA",
                "00:1A:79:4E:3F:E7",
                "00:1A:79:C1:63:46",
                "00:1A:79:AE:E0:D3",
                "00:1A:79:E4:C2:D2",
                "00:1a:79:b4:f4:a9",
                "00:1A:79:46:01:BD",
                "00:1A:79:55:BA:D9",
                "00:1A:79:60:0A:4C",
                "00:1A:79:52:14:91",
                "00:1A:79:F9:A9:58",
                "00:1A:79:08:63:52",
                "00:1A:79:2E:E4:AA"
            ]
        },
        {
            "server_name": "magz.abcdxyz.one",
            "server_url": "http://magz.abcdxyz.one/c/",
            "macs": [
                "00:1a:79:0d:2f:24",
                "00:1a:79:00:09:57",
                "00:1a:79:19:09:b9",
                "00:1a:79:43:fc:b7",
                "00:1a:79:02:1f:0b",
                "00:1a:79:2f:3b:31",
                "00:1a:79:18:15:8e",
                "00:1a:79:49:bf:56",
                "00:1a:79:27:2f:a2"
            ]
        },
        {
            "server_name": "main.myppir.fr:8080",
            "server_url": "http://main.myppir.fr:8080/c/",
            "macs": [
                "00:1a:79:3f:26:29",
                "00:1a:79:c1:b4:6f"
            ]
        },
        {
            "server_name": "the.cctv-hut.net",
            "server_url": "http://the.cctv-hut.net/c/",
            "macs": [
                "00:1a:79:5e:5e:74",
                "00:1a:79:77:c4:59",
                "00:1a:79:5b:da:d7",
                "00:1a:79:55:60:63",
                "00:1a:79:5c:9c:01",
                "00:1a:79:5c:44:d6"
            ]
        }
    ]
}