{
    "items": [
        {
            "server_name": "iptvpro3.vision-new.org:8789",
            "server_url": "http://iptvpro3.vision-new.org:8789/c/",
            "macs": [
                "00:1A:79:6D:8F:48",
                "00:1A:79:6F:A3:84",
                "00:1A:79:71:13:9E",
                "00:1A:79:71:55:92",
                "00:1A:79:74:03:72",
                "00:1A:79:73:B7:38",
                "00:1A:79:74:55:49",
                "00:1A:79:77:21:29",
                "00:1A:79:76:63:11",
                "00:1A:79:77:27:EC",
                "00:1A:79:77:36:99",
                "00:1A:79:77:1F:44",
                "00:1A:79:81:9A:C4",
                "00:1A:79:7B:E6:25",
                "00:1A:79:85:58:5A",
                "00:1A:79:9C:7A:1E",
                "00:1A:79:9B:9C:D6",
                "00:1A:79:A1:60:00",
                "00:1A:79:A1:35:DB",
                "00:1A:79:A1:63:12",
                "00:1A:79:A1:61:6B",
                "00:1A:79:A1:62:4D",
                "00:1A:79:A1:33:BF",
                "00:1A:79:A1:61:C6",
                "00:1A:79:A1:C4:84",
                "00:1A:79:A1:61:17",
                "00:1A:79:A1:62:5B",
                "00:1A:79:A1:AA:FE",
                "00:1A:79:A1:FA:E0",
                "00:1A:79:A2:65:C7",
                "00:1A:79:A2:65:B9",
                "00:1A:79:A1:F0:CA",
                "00:1A:79:A2:F8:E0",
                "00:1A:79:A1:FA:91",
                "00:1A:79:A2:D6:A2",
                "00:1A:79:A2:D6:AF",
                "00:1A:79:A2:F8:AA",
                "00:1A:79:A2:F8:36",
                "00:1A:79:A2:70:02",
                "00:1A:79:A3:16:31",
                "00:1A:79:A2:F7:B8",
                "00:1A:79:A2:65:D5",
                "00:1A:79:A2:70:01",
                "00:1A:79:A2:F9:06",
                "00:1A:79:A2:70:09",
                "00:1A:79:A3:00:D2",
                "00:1A:79:A1:62:57",
                "00:1A:79:A3:92:CF",
                "00:1A:79:A2:F7:BD",
                "00:1A:79:A3:A8:7C",
                "00:1A:79:A4:A1:64",
                "00:1A:79:A2:F8:6D",
                "00:1A:79:A4:9A:82",
                "00:1A:79:A2:89:18",
                "00:1A:79:A6:1F:9D",
                "00:1A:79:A5:DA:80",
                "00:1A:79:A5:D9:56",
                "00:1A:79:A6:1F:A6",
                "00:1A:79:A4:BB:5B",
                "00:1A:79:A5:DA:41",
                "00:1A:79:A5:C2:F0",
                "00:1A:79:A6:F0:FC",
                "00:1A:79:A5:9E:AF",
                "00:1A:79:A7:E3:47",
                "00:1A:79:A6:EA:CB",
                "00:1A:79:A8:26:9E",
                "00:1A:79:A9:CE:87",
                "00:1A:79:A9:AD:E2",
                "00:1A:79:A9:2A:9C",
                "00:1A:79:AA:B5:73",
                "00:1A:79:AA:E6:36",
                "00:1A:79:AB:6A:18",
                "00:1A:79:AB:70:03",
                "00:1A:79:AD:30:E1",
                "00:1A:79:AE:3C:C3",
                "00:1A:79:AE:B9:08",
                "00:1A:79:AF:7F:F1",
                "00:1A:79:B1:6B:EC",
                "00:1A:79:B3:7E:B7",
                "00:1A:79:B3:3A:35",
                "00:1A:79:B8:B0:81",
                "00:1A:79:BA:EC:6B",
                "00:1A:79:BA:58:FA",
                "00:1A:79:BA:39:16",
                "00:1A:79:BA:58:1E",
                "00:1A:79:BA:A6:AD",
                "00:1A:79:BA:A6:AD",
                "00:1A:79:B9:6C:8C",
                "00:1A:79:BC:59:3E",
                "00:1A:79:BE:8C:97",
                "00:1A:79:BF:60:06",
                "00:1A:79:BF:88:16"
            ]
        },
        {
            "server_name": "alfatv.life:8080",
            "server_url": "http://alfatv.life:8080/c/",
            "macs": [
                "00:1a:79:ad:c6:d0",
                "00:1a:79:ab:48:41",
                "00:1a:79:a9:eb:33",
                "00:1a:79:a0:b6:e6",
                "00:1a:79:a5:2e:d0",
                "00:1a:79:ab:ae:ee",
                "00:1a:79:a1:b6:ea",
                "00:1a:79:ae:7f:3f",
                "00:1a:79:aa:38:d3",
                "00:1a:79:a6:45:f5",
                "00:1a:79:a0:85:d5",
                "00:1a:79:ac:f4:ab",
                "00:1a:79:ae:c0:be",
                "00:1a:79:ac:c7:94",
                "00:1a:79:a1:a5:32",
                "00:1a:79:a7:a5:4e",
                "00:1a:79:ad:82:ac",
                "00:1a:79:a4:4f:01",
                "00:1a:79:aa:7d:e1",
                "00:1a:79:a4:46:c9",
                "00:1a:79:a7:b0:63",
                "00:1a:79:aa:68:72",
                "00:1a:79:ab:8c:87",
                "00:1a:79:ae:8a:b5"
            ]
        },
        {
            "server_name": "letmein.fun:8080",
            "server_url": "http://letmein.fun:8080/c/",
            "macs": [
                "00:1a:79:b0:3c:af",
                "00:1a:79:ba:1a:d0",
                "00:1a:79:a2:ef:17",
                "00:1a:79:19:3a:c5",
                "00:1a:79:5d:33:ec",
                "00:1a:79:11:76:3d",
                "00:1a:79:5c:e1:6e",
                "00:1a:79:b1:f7:b9",
                "00:1a:79:5d:92:43",
                "00:1a:79:a7:dc:7e",
                "00:1a:79:b0:4b:56",
                "00:1a:79:b9:db:98",
                "00:1a:79:eb:82:a3",
                "00:1a:79:20:0f:e1",
                "00:1a:79:4e:68:0e",
                "00:1a:79:5e:51:f4",
                "00:1a:79:c1:c5:fb",
                "00:1a:79:ba:5c:fc",
                "00:1a:79:3c:70:76",
                "00:1a:79:b0:a4:85",
                "00:1a:79:d5:9e:c1",
                "00:1a:79:ac:cd:84",
                "00:1a:79:b3:ae:b8"
            ]
        },
        {
            "server_name": "vipavrasya.tv:15000",
            "server_url": "http://vipavrasya.tv:15000/c/",
            "macs": [
                "00:1a:79:c2:0a:d4",
                "00:1a:79:40:01:8c"
            ]
        },
        {
            "server_name": "vod.t-pro.cyou:8080",
            "server_url": "http://vod.t-pro.cyou:8080/c/",
            "macs": [
                "00:1a:79:af:6b:c4"
            ]
        },
        {
            "server_name": "clubtv.pro-ott.com:25443",
            "server_url": "http://clubtv.pro-ott.com:25443/c/",
            "macs": [
                "00:1A:79:5A:79:5D",
                "00:1A:79:58:5A:EF",
                "00:1A:79:5B:37:46",
                "00:1A:79:5B:E8:DD",
                "00:1A:79:5B:E4:9D",
                "00:1A:79:5C:0A:54",
                "00:1A:79:58:AB:09",
                "00:1A:79:5C:A6:84",
                "00:1A:79:5C:C5:53",
                "00:1A:79:5D:17:FF",
                "00:1A:79:5C:DB:29",
                "00:1A:79:5C:8E:53",
                "00:1A:79:5D:1F:31",
                "00:1A:79:5D:4F:9C",
                "00:1A:79:5D:34:1D",
                "00:1A:79:5D:29:31",
                "00:1A:79:5F:21:B8",
                "00:1A:79:5F:31:BB",
                "00:1A:79:5E:E3:34"
            ]
        },
        {
            "server_name": "xcpremium.xyz:8080",
            "server_url": "http://xcpremium.xyz:8080/c/",
            "macs": [
                "00:1A:79:16:de:28",
                "00:1A:79:da:47:4c",
                "00:1A:79:c0:52:d3",
                "00:1A:79:90:10:8b",
                "00:1A:79:15:67:4f",
                "00:1A:79:67:3e:6b",
                "00:1A:79:a0:2f:21",
                "00:1A:79:b7:1a:47"
            ]
        }
    ]
}