{
    "items": [
        {
            "server_name": "vipertv.vip:8080",
            "server_url": "http://vipertv.vip:8080/c/",
            "macs": [
                "00:1A:79:BA:31:83"
            ]
        },
        {
            "server_name": "meu02.cularu.com:8880",
            "server_url": "http://meu02.cularu.com:8880/c/",
            "macs": [
                "00:1a:79:70:81:51"
            ]
        },
        {
            "server_name": "one-tvplus.com:1223",
            "server_url": "http://one-tvplus.com:1223/c/",
            "macs": [
                "00:1A:79:4a:46:ef",
                "00:1A:79:9e:86:48",
                "00:1A:79:67:b4:fd",
                "00:1A:79:a4:69:58"
            ]
        },
        {
            "server_name": "flixtv.servebeer.com:80",
            "server_url": "http://flixtv.servebeer.com:80/c/",
            "macs": [
                "00:1A:79:55:9B:CC",
                "00:1A:79:D5:E9:12",
                "00:1A:79:00:00:00"
            ]
        },
        {
            "server_name": "reis64.com:6464",
            "server_url": "http://reis64.com:6464/c/",
            "macs": [
                "00:1A:79:00:00:7E",
                "00:1a:79:03:0f:0d"
            ]
        },
        {
            "server_name": "mo3ad.xyz:8080",
            "server_url": "http://mo3ad.xyz:8080/c/",
            "macs": [
                "00:1A:79:99:88:77",
                "00:1A:79:99:88:EE",
                "00:1A:79:99:88:DD",
                "00:1A:79:99:88:AA"
            ]
        },
        {
            "server_name": "alfatv.life:8080",
            "server_url": "http://alfatv.life:8080/c/",
            "macs": [
                "00:1A:79:C7:75:7E",
                "00:1A:79:75:7A:91",
                "00:1A:79:7F:1D:5A",
                "00:1A:79:0C:DC:D3",
                "00:1A:79:4F:50:65",
                "00:1A:79:85:E6:E3"
            ]
        },
        {
            "server_name": "64cxz.com:8118",
            "server_url": "http://64cxz.com:8118/c/",
            "macs": [
                "00:1A:79:32:AE:D2",
                "00:1A:79:30:5F:48",
                "00:1A:79:32:B0:7A",
                "00:1A:79:90:42:78"
            ]
        },
        {
            "server_name": "thebiddox.xyz:2086",
            "server_url": "http://thebiddox.xyz:2086/c/",
            "macs": [
                "00:1A:79:C1:11:F8"
            ]
        },
        {
            "server_name": "ip.sltv.xyz:8080",
            "server_url": "http://ip.sltv.xyz:8080/c/",
            "macs": [
                "00:1a:79:7a:0c:21"
            ]
        },
        {
            "server_name": "alfatv.life:8080",
            "server_url": "http://alfatv.life:8080/c/",
            "macs": [
                "00:1a:79:4b:7d:3b",
                "00:1a:79:05:b6:3f"
            ]
        },
        {
            "server_name": "npro.one-iptv.com:25443",
            "server_url": "http://npro.one-iptv.com:25443/c/",
            "macs": [
                "00:1A:79:4C:62:BE",
                "00:1a:79:3a:22:60"
            ]
        },
        {
            "server_name": "ipro.tv",
            "server_url": "http://ipro.tv/c/",
            "macs": [
                "00:1A:79:00:60:60",
                "00:1A:79:00:08:9e",
                "00:1A:79:00:09:88"
            ]
        },
        {
            "server_name": "static.4.megatv.ws:7000",
            "server_url": "http://static.4.megatv.ws:7000/c/",
            "macs": [
                "00:1A:79:3A:50:A1"
            ]
        },
        {
            "server_name": "2.ledi-iptv.ch:2235",
            "server_url": "http://2.ledi-iptv.ch:2235/c/",
            "macs": [
                "00:1A:79:44:6D:B7"
            ]
        },
        {
            "server_name": "mytv.fun:8080",
            "server_url": "http://mytv.fun:8080/c/",
            "macs": [
                "00:1A:79:ad:c7:68",
                "00:1A:79:60:e4:1d",
                "00:1A:79:bf:a1:75"
            ]
        },
        {
            "server_name": "mag.you24.online:8080",
            "server_url": "http://mag.you24.online:8080/c/",
            "macs": [
                "00:1A:79:16:76:a5",
                "00:1A:79:af:ea:0f",
                "00:1A:79:c0:87:24",
                "00:1A:79:af:ea:0f",
                "00:1A:79:97:9b:27",
                "00:1A:79:7c:64:22",
                "00:1A:79:93:37:91",
                "00:1A:79:63:b8:ff",
                "00:1A:79:49:88:37",
                "00:1A:79:58:8d:0a",
                "00:1A:79:37:d6:38",
                "00:1A:79:00:ed:d9",
                "00:1A:79:31:5e:a3",
                "00:1A:79:56:7d:f4",
                "00:1A:79:e0:29:c5",
                "00:1A:79:ae:89:24",
                "00:1A:79:ea:2b:43",
                "00:1A:79:c0:87:24"
            ]
        },
        {
            "server_name": "storeiptv.net:2095",
            "server_url": "http://storeiptv.net:2095/c/",
            "macs": [
                "00:1A:79:40:08:F6"
            ]
        },
        {
            "server_name": "mymag.tv:8080",
            "server_url": "http://mymag.tv:8080/c/",
            "macs": [
                "00:1A:79:51:40:B3",
                "00:1A:79:A2:6F:D7"
            ]
        },
        {
            "server_name": "snowdark.xyz:7575",
            "server_url": "http://snowdark.xyz:7575/c/",
            "macs": [
                "00:1A:79:17:25:D8"
            ]
        },
        {
            "server_name": "live.hutv.me:25461",
            "server_url": "http://live.hutv.me:25461/c/",
            "macs": [
                "00:1A:79:D0:2A:05"
            ]
        },
        {
            "server_name": "mytv.fun:8080",
            "server_url": "http://mytv.fun:8080/c/",
            "macs": [
                "00:1a:79:eb:22:1b"
            ]
        },
        {
            "server_name": "vu-ott.com:8080",
            "server_url": "http://vu-ott.com:8080/c/",
            "macs": [
                "00:1A:79:40:4B:9E"
            ]
        },
        {
            "server_name": "line.crystal-ott.com:80",
            "server_url": "http://line.crystal-ott.com:80/c/",
            "macs": [
                "00:1A:79:41:BF:C8"
            ]
        },
        {
            "server_name": "ip.king-cobra.eu:8000",
            "server_url": "http://ip.king-cobra.eu:8000/c/",
            "macs": [
                "00:1A:79:C7:75:7E"
            ]
        },
        {
            "server_name": "wagmaott.com:8080",
            "server_url": "http://wagmaott.com:8080/c/",
            "macs": [
                "00:1A:79:A9:70:A0"
            ]
        },
        {
            "server_name": "localhd.tv:8081",
            "server_url": "http://localhd.tv:8081/c/",
            "macs": [
                "00:1a:79:47:9b:a2"
            ]
        },
        {
            "server_name": "hellas.sltv.pw:8080",
            "server_url": "http://hellas.sltv.pw:8080/c/",
            "macs": [
                "00:1a:79:00:8b:40",
                "00:1A:79:00:5D:F2",
                "00:1A:79:00:47:65",
                "00:1A:79:00:21:9F",
                "00:1A:79:00:00:02",
                "00:1a:79:00:91:a1",
                "00:1A:79:00:91:EC",
                "00:1A:79:00:BB:F3",
                "00:1A:79:00:F8:E4",
                "00:1A:79:00:F8:E7",
                "00:1A:79:00:FA:C0",
                "00:1A:79:01:00:37",
                "00:1A:79:01:09:B5",
                "00:1A:79:01:09:B3",
                "00:1A:79:01:36:d1"
            ]
        }
    ]
}