{
    "items": [
        {
            "server_name": "brokentv.rip:8080",
            "server_url": "http://brokentv.rip:8080/c/",
            "macs": [
                "00:1a:79:66:21:31",
                "00:1a:79:5f:e5:4b",
                "00:1a:79:5d:56:fb",
                "00:1a:79:4f:c7:ee",
                "00:1a:79:ce:65:e5",
                "00:1a:79:a9:be:f3",
                "00:1a:79:9b:46:ae",
                "00:1a:79:e1:3f:04"
            ]
        },
        {
            "server_name": "angeltv.biz:6969",
            "server_url": "http://angeltv.biz:6969/c/",
            "macs": [
                "00:1a:79:79:7f:54",
                "00:1a:79:a5:2e:9d",
                "00:1a:79:0f:04:98",
                "00:1a:79:71:8a:ea",
                "00:1a:79:af:15:c4",
                "00:1a:79:43:11:55",
                "00:1a:79:46:36:66",
                "00:1a:79:61:39:4e",
                "00:1a:79:a4:cd:0a",
                "00:1a:79:a1:0a:41",
                "00:1a:79:f9:ec:11"
            ]
        },
        {
            "server_name": "138.199.51.177:25461",
            "server_url": "http://138.199.51.177:25461/c/",
            "macs": [
                "00:1a:79:9d:16:fe",
                "00:1a:79:a6:be:69",
                "00:1a:79:00:33:bb",
                "00:1a:79:ac:9c:2e",
                "00:1a:79:61:0e:87",
                "00:1a:79:51:e7:d5",
                "00:1a:79:a1:88:1d"
            ]
        },
        {
            "server_name": "mag.diamondma.club",
            "server_url": "http://mag.diamondma.club/c/",
            "macs": [
                "00:1a:79:30:6f:64",
                "00:1a:79:35:99:9f",
                "00:1a:79:27:32:b4",
                "00:1a:79:19:1e:b8",
                "00:1a:79:4e:26:82",
                "00:1a:79:33:1c:4e",
                "00:1a:79:33:02:dd",
                "00:1a:79:1d:09:33",
                "00:1a:79:00:07:96",
                "00:1a:79:17:2b:50",
                "00:1a:79:33:00:79",
                "00:1a:79:00:06:d8",
                "00:1a:79:17:69:8e",
                "00:1a:79:1c:3f:35",
                "00:1a:79:40:7d:fa"
            ]
        },
        {
            "server_name": "lionboxiptv.xyz",
            "server_url": "http://lionboxiptv.xyz/c/",
            "macs": [
                "00:1a:79:af:34:a7"
            ]
        },
        {
            "server_name": "portal1.iptveurope.net:8000",
            "server_url": "http://portal1.iptveurope.net:8000/c/",
            "macs": [
                "00:1a:79:fc:37:95"
            ]
        },
        {
            "server_name": "mature1489.xxx69.in:2082",
            "server_url": "http://mature1489.xxx69.in:2082/c/",
            "macs": [
                "00:1a:79:b2:5e:4e",
                "00:1a:79:a8:25:18",
                "00:1a:79:ac:d3:30",
                "00:1a:79:c6:bf:63",
                "00:1a:79:a1:fc:c8",
                "00:1a:79:bd:12:1d",
                "00:1a:79:ae:28:6d",
                "00:1a:79:b6:7d:f9",
                "00:1a:79:88:7c:67",
                "00:1a:79:5b:e9:31",
                "00:1a:79:b6:7d:f9"
            ]
        },
        {
            "server_name": "185.63.254.128:8080",
            "server_url": "http://185.63.254.128:8080/c/",
            "macs": [
                "00:1A:79:53:A3:6D",
                "00:1A:79:22:72:8D",
                "00:1A:79:17:30:97",
                "00:1A:79:64:DE:AB",
                "00:1A:79:0E:8F:DC",
                "00:1A:79:A3:89:ED",
                "00:1A:79:3D:19:28",
                "00:1A:79:5D:8F:B7",
                "00:1A:79:AE:B0:B2",
                "00:1A:79:B7:45:B1",
                "00:1A:79:BA:6B:10",
                "00:1A:79:54:E4:E2",
                "00:1A:79:BF:9C:31",
                "00:1A:79:2E:52:F4",
                "00:1A:79:77:75:1B",
                "00:1A:79:1E:4C:26",
                "00:1A:79:AF:83:71",
                "00:1A:79:2E:BC:31",
                "00:1A:79:36:CB:F5",
                "00:1A:79:20:2F:33",
                "00:1A:79:AB:F2:85",
                "00:1A:79:5D:04:50",
                "00:1A:79:BC:2B:90",
                "00:1A:79:C6:9F:EC",
                "00:1A:79:66:1F:05",
                "00:1a:79:b4:32:ad",
                "00:1A:79:4F:C2:F8",
                "00:1A:79:D8:64:0F",
                "00:1A:79:B4:32:AD",
                "00:1A:79:D8:C7:40",
                "00:1A:79:C1:D7:34",
                "00:1A:79:BD:0D:C9",
                "00:1A:79:14:2E:18",
                "00:1A:79:A6:71:34",
                "00:1A:79:C8:00:73",
                "00:1A:79:78:8A:0B",
                "00:1A:79:BE:73:64",
                "00:1A:79:60:65:28",
                "00:1A:79:A9:2A:D7",
                "00:1A:79:60:65:28",
                "00:1A:79:BC:2B:7B",
                "00:1A:79:57:DC:AD",
                "00:1A:79:52:41:18",
                "00:1A:79:6C:CA:5B",
                "00:1A:79:52:48:11",
                "00:1A:79:AE:B5:62",
                "00:1A:79:5C:D9:1F",
                "00:1A:79:A5:28:15",
                "00:1A:79:AD:2F:74",
                "00:1A:79:44:6B:6F",
                "00:1A:79:BC:22:A5",
                "00:1A:79:32:B4:27",
                "00:1A:79:45:F8:30",
                "00:1A:79:1C:0F:FA",
                "00:1A:79:AD:23:3F",
                "00:1A:79:D4:64:47",
                "00:1A:79:5E:7C:30",
                "00:1A:79:A2:FA:EB",
                "00:1A:79:BF:78:1D",
                "00:1A:79:AB:6F:AD",
                "00:1A:79:5C:E5:C5",
                "00:1A:79:BB:40:97",
                "00:1A:79:71:1F:68",
                "00:1A:79:A9:1F:26",
                "00:1A:79:5D:D1:59",
                "00:1A:79:19:38:59",
                "00:1A:79:BA:33:0D",
                "00:1A:79:45:7A:BC",
                "00:1A:79:BC:2C:DD",
                "00:1A:79:AF:73:42",
                "00:1A:79:A4:D0:5A",
                "00:1A:79:AB:B4:AC",
                "00:1A:79:92:A4:38",
                "00:1A:79:AD:F2:FB",
                "00:1A:79:35:DD:A0",
                "00:1A:79:BC:27:F8",
                "00:1A:79:40:AE:1D",
                "00:1A:79:AD:59:BD",
                "00:1A:79:44:FD:BA",
                "00:1A:79:C1:DB:29",
                "00:1A:79:3A:CA:29",
                "00:1A:79:5C:3F:07",
                "00:1A:79:50:46:08"
            ]
        },
        {
            "server_name": "letmein.fun:8080",
            "server_url": "http://letmein.fun:8080/c/",
            "macs": [
                "00:1A:79:C0:11:67",
                "00:1A:79:52:93:48",
                "00:1A:79:9A:ED:C2",
                "00:1A:79:25:40:7A",
                "00:1A:79:3B:17:5C",
                "00:1A:79:48:F9:C6",
                "00:1A:79:AB:BD:4C"
            ]
        },
        {
            "server_name": "line.4k-iptv.com",
            "server_url": "http://line.4k-iptv.com/c/",
            "macs": [
                "00:1a:79:6b:14:79",
                "00:1a:79:66:1f:60",
                "00:1a:79:15:ac:68",
                "00:1a:79:4d:0c:a6",
                "00:1a:79:47:80:f3",
                "00:1a:79:64:b2:06",
                "00:1a:79:67:e3:7b",
                "00:1a:79:55:f5:4b"
            ]
        },
        {
            "server_name": "clientsportals.net:8080",
            "server_url": "http://clientsportals.net:8080/c/",
            "macs": [
                "00:1a:79:44:8a:7b",
                "00:1A:79:2B:43:89",
                "00:1A:79:bf:d4:f5",
                "00:1A:79:BA:2A:C7",
                "00:1A:79:B5:00:E4",
                "00:1a:79:a4:3f:88",
                "00:1a:79:a4:3f:89"
            ]
        },
        {
            "server_name": "15.235.82.195:985",
            "server_url": "http://15.235.82.195:985/c/",
            "macs": [
                "00:1A:79:00:00:00",
                "00:1A:79:00:1A:BE",
                "00:1A:79:01:02:03"
            ]
        },
        {
            "server_name": "provider-us.com:8080",
            "server_url": "http://provider-us.com:8080/c/",
            "macs": [
                "00:1A:79:5C:20:65",
                "00:1A:79:6A:AA:17"
            ]
        },
        {
            "server_name": "sm12.sunmoney.net",
            "server_url": "http://sm12.sunmoney.net/stalker_portal/c/",
            "macs": [
                "00:1A:79:48:5D:AC",
                "00:1A:79:FD:7D:2C"
            ]
        },
        {
            "server_name": "tptv.cz:80",
            "server_url": "http://tptv.cz:80/c/",
            "macs": [
                "00:1A:79:67:5B:BE"
            ]
        },
        {
            "server_name": "tefoder.loadvpn.top:8080",
            "server_url": "http://tefoder.loadvpn.top:8080/c/",
            "macs": [
                "00:1a:79:aa:c4:b3",
                "00:1a:79:aa:a7:9e",
                "00:1a:79:aa:a9:d9",
                "00:1a:79:aa:a9:dd",
                "00:1a:79:aa:ac:16",
                "00:1a:79:aa:ac:5e",
                "00:1a:79:aa:ac:5d",
                "00:1a:79:aa:ac:5f",
                "00:1a:79:aa:ac:77",
                "00:1a:79:aa:ad:6c",
                "00:1a:79:aa:ad:9e",
                "00:1a:79:aa:ad:c9",
                "00:1a:79:aa:af:d1",
                "00:1a:79:aa:b0:48",
                "00:1a:79:aa:b2:35",
                "00:1a:79:aa:b2:52",
                "00:1a:79:aa:b2:53",
                "00:1a:79:aa:ba:b6",
                "00:1a:79:aa:c4:b3",
                "00:1a:79:aa:db:4b",
                "00:1a:79:aa:dd:06"
            ]
        }
    ]
}