{
    "items": [
        {
            "server_name": "main.lstv.win:8080",
            "server_url": "http://main.lstv.win:8080/c/",
            "macs": [
                "00:1a:79:a9:89:2b",
                "00:1a:79:a9:c6:cc",
                "00:1a:79:a7:eb:11",
                "00:1a:79:a6:e6:21",
                "00:1a:79:a3:a0:5e",
                "00:1a:79:ad:c1:da"
            ]
        },
        {
            "server_name": "line.ottcst.net",
            "server_url": "http://line.ottcst.net/c/",
            "macs": [
                "00:1a:79:57:49:28",
                "00:1a:79:b4:44:61",
                "00:1a:79:ba:a2:cc",
                "00:1a:79:b5:46:bb",
                "00:1a:79:52:30:5d",
                "00:1a:79:a1:f2:a7",
                "00:1a:79:4f:c7:99",
                "00:1a:79:73:92:f0",
                "00:1a:79:65:18:a5",
                "00:1a:79:76:61:6f",
                "00:1a:79:3c:44:e1",
                "00:1a:79:b4:44:61",
                "00:1a:79:f5:c8:9c",
                "00:1a:79:d7:9f:d5",
                "00:1a:79:1c:f9:46",
                "00:1a:79:aa:30:08",
                "00:1a:79:64:0c:0b"
            ]
        },
        {
            "server_name": "89.187.169.23:9000",
            "server_url": "http://89.187.169.23:9000/c/",
            "macs": [
                "00:1A:79:69:FA:27"
            ]
        },
        {
            "server_name": "dcsport.xyz:8080",
            "server_url": "http://dcsport.xyz:8080/c/",
            "macs": [
                "00:1A:79:BC:25:05"
            ]
        },
        {
            "server_name": "flytoronto.xyz:8080",
            "server_url": "http://flytoronto.xyz:8080/c/",
            "macs": [
                "00:1a:79:5f:16:b9"
            ]
        },
        {
            "server_name": "sa.magnetukas.lt:8666",
            "server_url": "http://sa.magnetukas.lt:8666/c/",
            "macs": [
                "00:1A:79:C1:D4:C6",
                "00:1A:79:A7:A8:0A"
            ]
        },
        {
            "server_name": "foreverfuntv.de:8080",
            "server_url": "http://foreverfuntv.de:8080/c/",
            "macs": [
                "00:1a:79:ab:5c:fa",
                "00:1A:79:AF:F8:01",
                "00:1A:79:A0:E4:B5",
                "00:1A:79:AF:FA:18",
                "00:1A:79:AB:5B:F6",
                "00:1A:79:AF:F8:6E",
                "00:1A:79:A0:E7:7B",
                "00:1A:79:AF:36:64",
                "00:1A:79:AB:56:E6",
                "00:1A:79:AF:FA:7B",
                "00:1A:79:AB:5C:FA",
                "00:1A:79:AF:39:FC",
                "00:1A:79:AF:F9:EB",
                "00:1A:79:AF:F9:1B",
                "00:1A:79:AB:5A:3B",
                "00:1A:79:05:FC:5F",
                "00:1A:79:AF:F9:0A",
                "00:1A:79:AA:5A:39",
                "00:1A:79:AF:F9:3E",
                "00:1A:79:AA:58:61",
                "00:1A:79:32:CE:BC",
                "00:1A:79:AF:35:8A",
                "00:1A:79:AB:56:31",
                "00:1A:79:AB:5F:A2",
                "00:1A:79:AB:5E:5B",
                "00:1A:79:AF:F7:45",
                "00:1A:79:A0:E5:A1",
                "00:1A:79:AB:52:8E",
                "00:1A:79:C3:BA:CA",
                "00:1A:79:AF:3B:5C",
                "00:1A:79:AF:F7:81",
                "00:1A:79:AF:36:75",
                "00:1A:79:A0:E5:A7",
                "00:1A:79:AF:37:EA",
                "00:1A:79:AF:38:47",
                "00:1A:79:AB:59:3B",
                "00:1A:79:AB:5C:BB",
                "00:1A:79:AA:FA:A3",
                "00:1A:79:A0:E6:FF",
                "00:1A:79:AB:5F:67",
                "00:1A:79:AF:F9:A7",
                "00:1A:79:AF:37:23",
                "00:1A:79:AF:3A:44",
                "00:1A:79:AB:61:8C",
                "00:1A:79:AB:52:E9",
                "00:1A:79:AB:61:3B",
                "00:1A:79:AF:37:BF",
                "00:1A:79:5C:95:FF",
                "00:1A:79:AF:F7:E5",
                "00:1A:79:AF:36:A5",
                "00:1A:79:AF:3C:3A",
                "00:1A:79:AF:36:FD",
                "00:1A:79:AB:5A:81",
                "00:1A:79:AF:34:F5",
                "00:1A:79:AB:60:41",
                "00:1A:79:AF:3C:0E",
                "00:1A:79:AA:5B:9C",
                "00:1A:79:AF:3A:51",
                "00:1A:79:AB:61:B7",
                "00:1A:79:AB:5A:85",
                "00:1A:79:AF:3A:3D",
                "00:1A:79:AF:37:4A",
                "00:1A:79:05:2F:E1",
                "00:1A:79:AB:60:27",
                "00:1A:79:AA:58:11",
                "00:1A:79:AF:FA:8A",
                "00:1A:79:AB:53:32"
            ]
        },
        {
            "server_name": "mhiptv.com:8888",
            "server_url": "http://mhiptv.com:8888/c/",
            "macs": [
                "00:1A:79:64:4D:CF",
                "00:1A:79:A1:7F:1E",
                "00:1A:79:60:7e:34",
                "00:1A:79:30:1C:82",
                "00:1A:79:1A:C4:85",
                "00:1A:79:44:83:5D",
                "00:1A:79:37:38:b1",
                "00:1A:79:71:EE:3D",
                "00:1A:79:6A:A1:24",
                "00:1A:79:98:F9:98"
            ]
        },
        {
            "server_name": "dinka-iptv.live:80",
            "server_url": "http://dinka-iptv.live:80/c/",
            "macs": [
                "00:1A:79:fc:bf:94",
                "00:1A:79:b8:4b:57",
                "00:1A:79:59:77:23",
                "00:1A:79:ef:c4:31",
                "00:1A:79:ab:eb:c4",
                "00:1A:79:6d:1e:a6",
                "00:1A:79:c0:0e:e7",
                "00:1A:79:78:23:62",
                "00:1A:79:d9:c5:11",
                "00:1A:79:aa:9e:66",
                "00:1A:79:6d:68:bc",
                "00:1A:79:65:f1:ff",
                "00:1A:79:4e:ec:5d"
            ]
        },
        {
            "server_name": "master-iptv.com:8080",
            "server_url": "http://master-iptv.com:8080/c/",
            "macs": [
                "00:1A:79:37:1A:DB",
                "00:1A:79:5D:07:31",
                "00:1A:79:EE:D2:A8",
                "00:1A:79:68:F0:A3",
                "00:1A:79:5F:2E:A7",
                "00:1A:79:6F:0F:9E",
                "00:1A:79:3E:7C:0E",
                "00:1A:79:2B:A1:65",
                "00:1A:79:5F:2E:59",
                "00:1A:79:AF:73:5E",
                "00:1A:79:68:F0:A3",
                "00:1A:79:5F:2E:A7",
                "00:1A:79:6F:0F:9E",
                "00:1A:79:3E:7C:0E",
                "00:1A:79:5F:2E:59",
                "00:1A:79:2B:A1:65"
            ]
        }
    ]
}