{
    "items": [
        {
            "server_name": "zio.t-v.io",
            "server_url": "http://zio.t-v.io/c/",
            "macs": [
                "00:1A:79:AB:BA:58",
                "00:1A:79:C1:C3:06",
                "00:1A:79:BD:5D:AB",
                "00:1A:79:A1:87:B7",
                "00:1A:79:53:9F:02",
                "00:1A:79:44:AC:14",
                "00:1A:79:C0:9C:A0",
                "00:1a:79:ac:54:0f",
                "00:1A:79:AA:C4:B5",
                "00:1A:79:AB:A5:EA",
                "00:1A:79:AF:5D:9E",
                "00:1A:79:11:7F:AA",
                "00:1A:79:A4:40:C3",
                "00:1A:79:D1:3F:10",
                "00:1a:79:b2:47:29",
                "00:1A:79:50:D3:22",
                "00:1A:79:AA:B5:C2",
                "00:1A:79:D8:1F:15",
                "00:1A:79:A3:16:98",
                "00:1A:79:C1:C8:7C",
                "00:1A:79:AA:B5:8F",
                "00:1A:79:5C:EE:D2",
                "00:1A:79:AD:42:AD",
                "00:1A:79:AA:D7:AA",
                "00:1A:79:18:4F:0E",
                "00:1A:79:AA:71:7B",
                "00:1A:79:A2:E6:08",
                "00:1A:79:3D:1F:78",
                "00:1A:79:A3:F3:FA",
                "00:1A:79:B3:6A:A1",
                "00:1A:79:6F:9F:8A",
                "00:1A:79:06:0F:97",
                "00:1A:79:A3:8F:A9",
                "00:1A:79:AF:71:1C",
                "00:1A:79:A9:29:05",
                "00:1A:79:B6:5F:64",
                "00:1A:79:A2:B3:7A",
                "00:1A:79:A6:69:8C",
                "00:1a:79:e0:8f:07",
                "00:1A:79:3D:1F:1F",
                "00:1a:79:a5:a4:3b",
                "00:1A:79:18:6F:33",
                "00:1A:79:B3:A3:C6",
                "00:1A:79:6B:4F:F8",
                "00:1A:79:5E:8F:9D",
                "00:1A:79:E0:7F:11",
                "00:1A:79:AA:71:8A",
                "00:1A:79:AD:42:59",
                "00:1a:79:a6:69:61",
                "00:1A:79:52:70:C3",
                "00:1A:79:AB:68:54",
                "00:1A:79:1D:10:26",
                "00:1A:79:39:4E:07",
                "00:1A:79:B1:59:8C",
                "00:1A:79:52:79:C5",
                "00:1A:79:B0:9F:F4",
                "00:1A:79:AA:DE:1F",
                "00:1A:79:B0:1F:E1",
                "00:1A:79:A3:93:46",
                "00:1A:79:A9:1F:C4",
                "00:1A:79:18:9F:81"
            ]
        },
        {
            "server_name": "appfactory.group:8080",
            "server_url": "http://appfactory.group:8080/c/",
            "macs": [
                "00:1A:79:52:cc:75",
                "00:1A:79:ba:10:80"
            ]
        },
        {
            "server_name": "fermaniptv.eu",
            "server_url": "http://fermaniptv.eu/c/",
            "macs": [
                "00:1A:79:C1:AD:C3"
            ]
        },
        {
            "server_name": "alexiptv.ddns.me:8080",
            "server_url": "http://alexiptv.ddns.me:8080/c/",
            "macs": [
                "00:1a:79:ef:34:e9",
                "00:1a:79:bd:46:d3"
            ]
        },
        {
            "server_name": "sa.magnetukas.lt:8666",
            "server_url": "http://sa.magnetukas.lt:8666/c/",
            "macs": [
                "00:1A:79:AA:78:46",
                "00:1A:79:BD:62:75",
                "00:1A:79:A4:53:EC"
            ]
        },
        {
            "server_name": "mag.abcdxyz.one:80",
            "server_url": "http://mag.abcdxyz.one:80/c/",
            "macs": [
                "00:1A:79:00:00:97",
                "00:1A:79:00:00:C8",
                "00:1A:79:00:00:B1",
                "00:1A:79:00:00:C2",
                "00:1A:79:00:01:C7",
                "00:1A:79:00:00:9F",
                "00:1A:79:00:02:B8",
                "00:1A:79:00:02:79",
                "00:1A:79:00:02:8e",
                "00:1A:79:00:03:2F",
                "00:1A:79:00:02:56",
                "00:1A:79:00:02:88",
                "00:1A:79:00:02:94",
                "00:1A:79:00:02:84",
                "00:1A:79:00:02:87",
                "00:1A:79:00:01:B6",
                "00:1A:79:00:07:89",
                "00:1A:79:00:07:08",
                "00:1A:79:00:07:88",
                "00:1a:79:00:09:f6",
                "00:1A:79:00:02:92",
                "00:1A:79:00:02:AB",
                "00:1A:79:00:02:AD",
                "00:1A:79:00:07:00"
            ]
        },
        {
            "server_name": "xarocatv.xsmp.xyz:80",
            "server_url": "http://xarocatv.xsmp.xyz:80/c/",
            "macs": [
                "00:1A:79:18:07:01",
                "00:1A:79:25:3A:ED",
                "00:1A:79:4F:1E:7D",
                "00:1A:79:55:AA:EB",
                "00:1A:79:57:E7:67",
                "00:1a:79:a1:85:94",
                "00:1A:79:A2:BC:B1",
                "00:1a:79:A3:9E:19",
                "00:1A:79:AE:00:9C",
                "00:1A:79:AE:00:A6",
                "00:1A:79:AE:24:E1"
            ]
        },
        {
            "server_name": "ott.topstb.net:8000",
            "server_url": "http://ott.topstb.net:8000/c/",
            "macs": [
                "00:1A:79:28:7C:51",
                "00:1A:79:2C:5A:84",
                "00:1A:79:36:34:9D",
                "00:1a:79:40:47:5d",
                "00:1A:79:40:9A:7C",
                "00:1A:79:44:05:35",
                "00:1A:79:45:00:5B",
                "00:1a:79:49:1e:d4",
                "00:1a:79:4a:70:09",
                "00:1a:79:4c:c9:05",
                "00:1a:79:54:a7:39",
                "00:1A:79:5F:2D:48",
                "00:1a:79:62:bc:5d",
                "00:1A:79:42:9B:9F",
                "00:1A:79:45:00:5B",
                "00:1a:79:54:a7:39",
                "00:1A:79:55:75:BE",
                "00:1a:79:62:bc:5d",
                "00:1A:79:65:2B:15"
            ]
        },
        {
            "server_name": "tvalb.xyz:8080",
            "server_url": "http://tvalb.xyz:8080/c/",
            "macs": [
                "00:1A:79:43:3E:C7",
                "00:1A:79:43:E5:34",
                "00:1a:79:48:00:74",
                "00:1A:79:53:32:0E",
                "00:1A:79:57:A8:42",
                "00:1a:79:5e:e5:66",
                "00:1a:79:5f:d8:e0",
                "00:1a:79:6c:02:5b",
                "00:1A:79:81:27:F3",
                "00:1a:79:a1:b2:7a",
                "00:1A:79:A3:12:82",
                "00:1A:79:a6:cc:d6"
            ]
        }
    ]
}