{
    "items": [
        {
            "server_name": "magnum-ott.net:80",
            "server_url": "http://magnum-ott.net:80/c/",
            "macs": [
                "00:1A:79:D8:F0:2A",
                "00:1A:79:B7:66:F2",
                "00:1A:79:46:F2:AD",
                "00:1A:79:5D:E3:DA",
                "00:1A:79:A5:91:18",
                "00:1A:79:A5:91:18",
                "00:1A:79:B0:6A:16",
                "00:1A:79:36:05:3C",
                "00:1A:79:4C:E7:C9",
                "00:1A:79:9E:6A:2C",
                "00:1A:79:A4:81:F3",
                "00:1A:79:48:D8:E4",
                "00:1A:79:67:37:19",
                "00:1A:79:F1:72:F3",
                "00:1A:79:84:50:34",
                "00:1A:79:E9:1C:0F",
                "00:1A:79:1C:03:00",
                "00:1A:79:86:F2:17",
                "00:1A:79:64:A2:9B",
                "00:1A:79:50:4A:3D",
                "00:1A:79:41:59:E1",
                "00:1A:79:23:18:74",
                "00:1A:79:1B:B7:9E",
                "00:1A:79:52:FD:C7",
                "00:1A:79:02:F1:F2",
                "00:1A:79:5C:40:BD",
                "00:1A:79:B9:9B:E8",
                "00:1A:79:40:50:10",
                "00:1A:79:C0:EB:DC"
            ]
        },
        {
            "server_name": "matrix-ott.tv:8080",
            "server_url": "http://matrix-ott.tv:8080/c/",
            "macs": [
                "00:1a:79:d6:60:cc",
                "00:1a:79:3a:bb:56",
                "00:1a:79:8a:68:54",
                "00:1a:79:69:ce:87",
                "00:1a:79:73:32:6a",
                "00:1a:79:01:aa:79",
                "00:1a:79:04:7f:fa",
                "00:1a:79:23:b6:1f",
                "00:1a:79:5e:3e:eb",
                "00:1a:79:67:d7:c3"
            ]
        },
        {
            "server_name": "storeiptv.net:2095",
            "server_url": "http://storeiptv.net:2095/c/",
            "macs": [
                "00:1A:79:00:39:B6",
                "00:1A:79:40:08:FD",
                "00:1A:79:CB:2D:76",
                "00:1A:79:28:14:AF",
                "00:1A:79:3A:4F:AA"
            ]
        },
        {
            "server_name": "medotv.nl:8000",
            "server_url": "http://medotv.nl:8000/c/",
            "macs": [
                "00:1a:79:4f:55:bb"
            ]
        },
        {
            "server_name": "universesat.net:8000",
            "server_url": "http://universesat.net:8000/c/",
            "macs": [
                "00:1A:79:BA:5B:8A",
                "00:1A:79:BD:28:9F",
                "00:1A:79:AB:C8:9F",
                "00:1A:79:AB:C8:38"
            ]
        },
        {
            "server_name": "skyhd-iptv.com:2095",
            "server_url": "http://skyhd-iptv.com:2095/c/",
            "macs": [
                "00:1A:79:9E:92:97",
                "00:1A:79:B0:00:29",
                "00:1A:79:70:D8:9F",
                "00:1A:79:40:16:DE"
            ]
        },
        {
            "server_name": "mytv.fun:8080",
            "server_url": "http://mytv.fun:8080/c/",
            "macs": [
                "00:1A:79:4A:1B:F9",
                "00:1A:79:81:B4:C6",
                "00:1A:79:55:6C:36"
            ]
        },
        {
            "server_name": "ip.xtremetv.eu:8000",
            "server_url": "http://ip.xtremetv.eu:8000/c/",
            "macs": [
                "00:1a:79:4f:55:bb"
            ]
        },
        {
            "server_name": "lunatv.hdstreams.site:8000",
            "server_url": "http://lunatv.hdstreams.site:8000/c/",
            "macs": [
                "00:1A:79:45:5A:3F",
                "00:1A:79:44:86:73",
                "00:1A:79:52:31:1B"
            ]
        },
        {
            "server_name": "139.162.233.71",
            "server_url": "http://139.162.233.71/stalker_portal/c/",
            "macs": [
                "00:1A:79:4A:58:17"
            ]
        },
        {
            "server_name": "mixediptv.com:8080",
            "server_url": "http://mixediptv.com:8080/c/",
            "macs": [
                "00:1A:79:00:00:00",
                "00:1A:79:00:00:01",
                "00:1A:79:00:00:0D"
            ]
        },
        {
            "server_name": "server1.shasho.net:8000",
            "server_url": "http://server1.shasho.net:8000/c/",
            "macs": [
                "00:1A:79:6B:43:10"
            ]
        },
        {
            "server_name": "str1.isv.net",
            "server_url": "http://str1.isv.net/stalker_portal/c/",
            "macs": [
                "00:1A:79:BA:38:DF"
            ]
        },
        {
            "server_name": "portal.roshen.live",
            "server_url": "http://portal.roshen.live/stalker_portal/c/",
            "macs": [
                "00:1A:79:84:0C:FD",
                "00:1A:79:73:BD:F2",
                "00:1A:79:38:64:01"
            ]
        },
        {
            "server_name": "iptv.ndasat.com:88",
            "server_url": "http://iptv.ndasat.com:88/c/",
            "macs": [
                "00:1A:79:47:D8:94"
            ]
        },
        {
            "server_name": "mymag.tv:8080",
            "server_url": "http://mymag.tv:8080/c/",
            "macs": [
                "00:1A:79:5A:44:8A"
            ]
        },
        {
            "server_name": "109.202.99.203:8080",
            "server_url": "http://109.202.99.203:8080/c/",
            "macs": [
                "00:1A:79:67:4E:79",
                "00:1A:79:B7:26:34"
            ]
        },
        {
            "server_name": "xc.coindz.cc:80",
            "server_url": "http://xc.coindz.cc:80/c/",
            "macs": [
                "00:1A:79:F9:CA:B0"
            ]
        },
        {
            "server_name": "axistv.live:8080",
            "server_url": "http://axistv.live:8080/c/",
            "macs": [
                "00:1a:79:3f:80:22",
                "00:1a:79:3d:5a:0a",
                "00:1A:79:F1:C7:50",
                "00:1A:79:BA:71:33",
                "00:1A:79:A5:DA:41",
                "00:1A:79:A5:3F:DB",
                "00:1A:79:A2:F7:D8",
                "00:1a:79:4e:b6:06",
                "00:1a:79:46:60:1f"
            ]
        }
    ]
}