{
    "items": [
        {
            "server_name": "iptvking.123tv.to:8080",
            "server_url": "http://iptvking.123tv.to:8080/c/",
            "macs": [
                "00:1A:79:01:22:67",
                "00:1A:79:01:23:03",
                "00:1A:79:01:29:BB",
                "00:1A:79:01:44:4B",
                "00:1A:79:01:5B:D1",
                "00:1A:79:01:59:1C",
                "00:1A:79:01:67:C9",
                "00:1A:79:01:73:6B",
                "00:1A:79:01:75:EF",
                "00:1A:79:01:6E:3F",
                "00:1A:79:01:7E:67",
                "00:1A:79:01:93:11",
                "00:1A:79:01:EF:50",
                "00:1A:79:01:ce:03",
                "00:1A:79:01:ef:50",
                "00:1A:79:02:0D:8F",
                "00:1A:79:05:7C:03",
                "00:1A:79:05:AB:08",
                "00:1A:79:05:F6:B6",
                "00:1A:79:06:23:14",
                "00:1A:79:06:6A:74",
                "00:1A:79:06:70:4A",
                "00:1A:79:06:55:8C",
                "00:1A:79:06:52:C6",
                "00:1A:79:07:18:aa",
                "00:1A:79:06:A9:4A",
                "00:1A:79:06:65:EA",
                "00:1A:79:06:6C:38",
                "00:1A:79:06:EE:64",
                "00:1A:79:07:4D:8B",
                "00:1A:79:07:16:66",
                "00:1A:79:07:18:ab",
                "00:1A:79:07:08:C3",
                "00:1A:79:06:B9:F2",
                "00:1A:79:07:6F:3B",
                "00:1A:79:02:5F:D1",
                "00:1A:79:02:6F:E2",
                "00:1A:79:02:6F:BE",
                "00:1A:79:02:62:14",
                "00:1A:79:02:5F:E8",
                "00:1A:79:02:6F:E5",
                "00:1A:79:02:6F:C6",
                "00:1A:79:02:6F:E4",
                "00:1A:79:02:6F:BB",
                "00:1A:79:02:7F:6A",
                "00:1A:79:02:6F:53",
                "00:1A:79:02:7F:87",
                "00:1A:79:03:2F:7E",
                "00:1A:79:03:6F:A3",
                "00:1A:79:03:6F:A1",
                "00:1A:79:03:6F:D1",
                "00:1A:79:03:9F:12",
                "00:1A:79:03:97:3C",
                "00:1A:79:03:9F:AB",
                "00:1A:79:04:8F:2A",
                "00:1A:79:05:5E:02"
            ]
        },
        {
            "server_name": "clubtv.pro-ott.com:25443",
            "server_url": "http://clubtv.pro-ott.com:25443/c/",
            "macs": [
                "00:1a:79:b5:d0:d5",
                "00:1a:79:44:78:1a"
            ]
        },
        {
            "server_name": "ip.king-cobra.eu:8080",
            "server_url": "http://ip.king-cobra.eu:8080/c/",
            "macs": [
                "00:1A:79:74:C1:C5"
            ]
        },
        {
            "server_name": "serviceprivate.pt:8080",
            "server_url": "http://serviceprivate.pt:8080/c/",
            "macs": [
                "00:1A:79:49:08:60"
            ]
        },
        {
            "server_name": "dj.webhop.org:8080",
            "server_url": "http://dj.webhop.org:8080/c/",
            "macs": [
                "00:1A:79:43:86:E1",
                "00:1A:79:BB:59:8F"
            ]
        },
        {
            "server_name": "bestplay.tv:8080",
            "server_url": "http://bestplay.tv:8080/c/",
            "macs": [
                "00:1A:79:B2:54:FD"
            ]
        },
        {
            "server_name": "yellow-star.info:8000",
            "server_url": "http://yellow-star.info:8000/c/",
            "macs": [
                "00:1A:79:95:41:6E"
            ]
        },
        {
            "server_name": "tv.trexiptv.com:8000",
            "server_url": "http://tv.trexiptv.com:8000/c/",
            "macs": [
                "00:1A:79:a9:f1:b8",
                "00:1A:79:c1:ae:7c",
                "00:1A:79:2c:8f:92"
            ]
        },
        {
            "server_name": "tvbross.com:8090",
            "server_url": "http://tvbross.com:8090/c/",
            "macs": [
                "00:1A:79:6a:de:ce",
                "00:1A:79:17:2a:df",
                "00:1A:79:4a:85:99",
                "00:1A:79:ae:b8:a3",
                "00:1A:79:58:00:a0",
                "00:1A:79:bb:b7:6f",
                "00:1A:79:16:5f:e8",
                "00:1A:79:3b:bf:53",
                "00:1A:79:34:6f:14",
                "00:1A:79:d1:a0:ee",
                "00:1A:79:2a:2f:ab",
                "00:1A:79:68:83:a1",
                "00:1A:79:d3:fd:4c"
            ]
        },
        {
            "server_name": "vip.ultrach.com:8080",
            "server_url": "http://vip.ultrach.com:8080/c/",
            "macs": [
                "00:1A:79:4e:f5:8b",
                "00:1A:79:c8:4f:83",
                "00:1A:79:a1:36:0f",
                "00:1A:79:bb:8d:50",
                "00:1A:79:38:bf:53",
                "00:1A:79:85:a5:28",
                "00:1A:79:4c:5e:24",
                "00:1A:79:67:e1:63",
                "00:1A:79:73:bd:54",
                "00:1A:79:47:f5:ec",
                "00:1A:79:0f:92:30",
                "00:1A:79:52:5d:a6"
            ]
        },
        {
            "server_name": "x4ever.eu:8000",
            "server_url": "http://x4ever.eu:8000/c/",
            "macs": [
                "00:1A:79:6a:a3:ba",
                "00:1A:79:59:c2:76",
                "00:1A:79:68:e9:9c",
                "00:1A:79:5c:a2:14",
                "00:1A:79:40:ad:ea",
                "00:1A:79:f6:9f:13",
                "00:1A:79:40:7e:d7",
                "00:1A:79:6f:78:38",
                "00:1A:79:ce:6c:c5"
            ]
        },
        {
            "server_name": "vipaf.one:2095",
            "server_url": "http://vipaf.one:2095/c/",
            "macs": [
                "00:1A:79:BA:01:04",
                "00:1A:79:B3:1B:3B",
                "00:1A:79:B7:58:F8",
                "00:1A:79:B5:99:A0",
                "00:1A:79:4C:0E:DF",
                "00:1A:79:B0:91:E4",
                "00:1A:79:B5:59:26",
                "00:1A:79:AB:A0:A6",
                "00:1A:79:6F:F7:5B",
                "00:1A:79:A9:21:C4",
                "00:1A:79:42:4E:A0",
                "00:1A:79:AE:69:53",
                "00:1A:79:AE:74:B1",
                "00:1A:79:1E:D0:5C",
                "00:1A:79:51:B7:07",
                "00:1A:79:B4:4B:D1"
            ]
        },
        {
            "server_name": "bestswedishstream..net:2095",
            "server_url": "http://bestswedishstream..net:2095/c/",
            "macs": [
                "00:1A:79:BA:01:04",
                "00:1A:79:B3:1B:3B",
                "00:1A:79:B7:58:F8",
                "00:1A:79:B5:99:A0",
                "00:1A:79:4C:0E:DF",
                "00:1A:79:B0:91:E4",
                "00:1A:79:B2:57:45",
                "00:1A:79:BA:A5:10",
                "00:1A:79:B4:E8:CC",
                "00:1A:79:AB:A0:CB",
                "00:1A:79:10:5C:A3"
            ]
        },
        {
            "server_name": "iptvking.123tv.to:8080",
            "server_url": "http://iptvking.123tv.to:8080/c/",
            "macs": [
                "00:1A:79:01:22:67",
                "00:1A:79:01:23:03",
                "00:1A:79:01:29:BB",
                "00:1A:79:01:44:4B",
                "00:1A:79:01:5B:D1",
                "00:1A:79:01:59:1C",
                "00:1A:79:01:67:C9",
                "00:1A:79:01:73:6B",
                "00:1A:79:05:AB:08",
                "00:1A:79:05:F6:B6",
                "00:1A:79:06:23:14",
                "00:1A:79:06:6A:74",
                "00:1A:79:06:70:4A",
                "00:1A:79:06:55:8C",
                "00:1A:79:06:52:C6",
                "00:1A:79:07:18:aa",
                "00:1A:79:06:A9:4A",
                "00:1A:79:06:65:EA",
                "00:1A:79:06:6C:38",
                "00:1A:79:06:EE:64",
                "00:1A:79:07:4D:8B",
                "00:1A:79:01:75:EF",
                "00:1A:79:01:6E:3F",
                "00:1A:79:01:7E:67",
                "00:1A:79:01:93:11",
                "00:1A:79:01:EF:50",
                "00:1A:79:01:ce:03",
                "00:1A:79:01:ef:50",
                "00:1A:79:02:0D:8F",
                "00:1A:79:02:5F:D1",
                "00:1A:79:02:6F:E2",
                "00:1A:79:02:6F:BE",
                "00:1A:79:02:62:14",
                "00:1A:79:02:5F:E8",
                "00:1A:79:02:6F:E5",
                "00:1A:79:02:6F:C6",
                "00:1A:79:02:6F:E4",
                "00:1A:79:02:6F:BB",
                "00:1A:79:02:7F:6A",
                "00:1A:79:02:6F:53",
                "00:1A:79:02:7F:87",
                "00:1A:79:03:2F:7E",
                "00:1A:79:03:6F:A3",
                "00:1A:79:03:6F:A1",
                "00:1A:79:03:6F:D1",
                "00:1A:79:03:9F:12",
                "00:1A:79:03:97:3C",
                "00:1A:79:03:9F:AB",
                "00:1A:79:04:8F:2A",
                "00:1A:79:05:5E:02",
                "00:1A:79:05:7C:03",
                "00:1A:79:07:16:66",
                "00:1A:79:07:18:ab",
                "00:1A:79:07:08:C3",
                "00:1A:79:06:B9:F2",
                "00:1A:79:07:6F:3B"
            ]
        },
        {
            "server_name": "51.222.117.35:8880",
            "server_url": "http://51.222.117.35:8880/c/",
            "macs": [
                "00:1A:79:24:0F:DC"
            ]
        },
        {
            "server_name": "1tv1.net:8080",
            "server_url": "http://1tv1.net:8080/c/",
            "macs": [
                "00:1A:79:6A:3E:35"
            ]
        },
        {
            "server_name": "portal.geniptv.com:8080",
            "server_url": "http://portal.geniptv.com:8080/c/",
            "macs": [
                "00:1A:79:48:50:BD"
            ]
        },
        {
            "server_name": "stream.1.tvs24.net:25461",
            "server_url": "http://stream.1.tvs24.net:25461/c/",
            "macs": [
                "00:1A:79:D0:08:5F",
                "00:1A:79:57:46:D0",
                "00:1A:79:46:6D:14"
            ]
        },
        {
            "server_name": "iptvking.123tv.to:8080",
            "server_url": "http://iptvking.123tv.to:8080/c/",
            "macs": [
                "00:1A:79:01:22:67",
                "00:1A:79:01:23:03",
                "00:1A:79:01:29:BB",
                "00:1A:79:01:44:4B",
                "00:1A:79:01:5B:D1",
                "00:1A:79:01:59:1C",
                "00:1A:79:01:67:C9",
                "00:1A:79:01:73:6B",
                "00:1A:79:01:75:EF",
                "00:1A:79:01:6E:3F",
                "00:1A:79:01:7E:67",
                "00:1A:79:01:93:11",
                "00:1A:79:01:EF:50",
                "00:1A:79:01:ce:03",
                "00:1A:79:01:ef:50",
                "00:1A:79:02:0D:8F",
                "00:1A:79:02:5F:D1",
                "00:1A:79:02:6F:E2",
                "00:1A:79:02:6F:BE",
                "00:1A:79:02:62:14",
                "00:1A:79:02:5F:E8",
                "00:1A:79:02:6F:E5",
                "00:1A:79:02:6F:C6",
                "00:1A:79:02:6F:E4",
                "00:1A:79:02:6F:BB",
                "00:1A:79:02:7F:6A",
                "00:1A:79:02:6F:53",
                "00:1A:79:02:7F:87",
                "00:1A:79:03:2F:7E",
                "00:1A:79:03:6F:A3",
                "00:1A:79:03:6F:A1",
                "00:1A:79:03:6F:D1",
                "00:1A:79:03:9F:12",
                "00:1A:79:03:97:3C",
                "00:1A:79:03:9F:AB",
                "00:1A:79:04:8F:2A",
                "00:1A:79:05:5E:02",
                "00:1A:79:05:7C:03",
                "00:1A:79:05:AB:08",
                "00:1A:79:05:F6:B6",
                "00:1A:79:06:23:14",
                "00:1A:79:06:6A:74",
                "00:1A:79:06:70:4A",
                "00:1A:79:06:55:8C",
                "00:1A:79:06:52:C6",
                "00:1A:79:07:18:aa",
                "00:1A:79:06:A9:4A",
                "00:1A:79:06:65:EA",
                "00:1A:79:06:6C:38",
                "00:1A:79:06:EE:64",
                "00:1A:79:07:4D:8B",
                "00:1A:79:07:16:66",
                "00:1A:79:07:18:ab",
                "00:1A:79:07:08:C3",
                "00:1A:79:06:B9:F2",
                "00:1A:79:07:6F:3B"
            ]
        },
        {
            "server_name": "stream1.tvs24.net:25461",
            "server_url": "http://stream1.tvs24.net:25461/c/",
            "macs": [
                "00:1A:79:D0:08:5F",
                "00:1A:79:57:46:D0",
                "00:1A:79:46:6D:14"
            ]
        },
        {
            "server_name": "bestswedishstream.net:2095",
            "server_url": "http://bestswedishstream.net:2095/c/",
            "macs": [
                "00:1A:79:BA:01:04",
                "00:1A:79:B3:1B:3B",
                "00:1A:79:B7:58:F8",
                "00:1A:79:B5:99:A0",
                "00:1A:79:4C:0E:DF",
                "00:1A:79:B0:91:E4",
                "00:1A:79:B2:57:45",
                "00:1A:79:BA:A5:10",
                "00:1A:79:B4:E8:CC",
                "00:1A:79:AB:A0:CB",
                "00:1A:79:10:5C:A3"
            ]
        }
    ]
}