{
    "items": [
        {
            "server_name": "semprea100.relaxy.vip:8000",
            "server_url": "http://semprea100.relaxy.vip:8000/c/",
            "macs": [
                "00:1a:79:57:a3:83",
                "00:1a:79:67:92:5f",
                "00:1a:79:18:0f:7a",
                "00:1a:79:aa:58:5e",
                "00:1a:79:0e:58:f4",
                "00:1a:79:54:60:15",
                "00:1a:79:10:7e:3d",
                "00:1a:79:3e:7b:e6",
                "00:1a:79:b7:bd:06",
                "00:1a:79:f1:5c:6e",
                "00:1a:79:0c:f6:19",
                "00:1a:79:b7:a0:58",
                "00:1a:79:dd:be:2e",
                "00:1a:79:36:9f:ca",
                "00:1a:79:74:82:00",
                "00:1a:79:5e:c9:41",
                "00:1a:79:c0:95:3b",
                "00:1a:79:1f:1a:a9",
                "00:1a:79:04:88:31",
                "00:1a:79:bf:d4:ec",
                "00:1a:79:c2:7f:3d",
                "00:1a:79:4e:0d:38",
                "00:1a:79:48:b5:26",
                "00:1a:79:8b:41:10"
            ]
        },
        {
            "server_name": "hd.vizontele.eu",
            "server_url": "http://hd.vizontele.eu/c/",
            "macs": [
                "00:1A:79:58:9E:8B"
            ]
        },
        {
            "server_name": "kocaeli41.xyz:8000",
            "server_url": "http://kocaeli41.xyz:8000/c/",
            "macs": [
                "00:1a:79:c1:a3:2b",
                "00:1a:79:1f:10:76",
                "00:1a:79:53:fa:6f",
                "00:1a:79:5f:54:11",
                "00:1a:79:34:ec:ea",
                "00:1a:79:50:d7:4c",
                "00:1a:79:44:18:10",
                "00:1a:79:06:44:fe",
                "00:1a:79:77:ea:92",
                "00:1a:79:21:0a:3f",
                "00:1a:79:2f:04:64",
                "00:1a:79:b3:11:92",
                "00:1a:79:cf:34:54",
                "00:1a:79:a7:80:2f",
                "00:1a:79:d5:62:10",
                "00:1a:79:2a:d2:74",
                "00:1a:79:65:f9:47",
                "00:1a:79:58:70:95",
                "00:1a:79:c8:02:9f",
                "00:1a:79:64:b5:19",
                "00:1a:79:45:cc:b9",
                "00:1a:79:6c:fb:f6",
                "00:1a:79:49:e8:5c",
                "00:1a:79:62:f4:53",
                "00:1a:79:ae:b1:ea",
                "00:1a:79:ba:5f:13",
                "00:1a:79:6f:95:eb",
                "00:1a:79:41:51:c7",
                "00:1a:79:a2:65:5b",
                "00:1a:79:af:64:24",
                "00:1a:79:5a:3f:e9",
                "00:1a:79:23:e2:17"
            ]
        },
        {
            "server_name": "tvalb.xyz:8080",
            "server_url": "http://tvalb.xyz:8080/c/",
            "macs": [
                "00:1a:79:af:6d:f8",
                "00:1a:79:6b:7f:2c",
                "00:1a:79:58:20:5a",
                "00:1a:79:31:57:3e",
                "00:1a:79:08:47:92",
                "00:1a:79:0c:43:c3",
                "00:1a:79:64:db:f5",
                "00:1a:79:2a:d2:7d",
                "00:1a:79:43:84:f0",
                "00:1a:79:43:3b:e6",
                "00:1a:79:42:59:70",
                "00:1a:79:5a:bd:7f",
                "00:1a:79:98:68:2a",
                "00:1a:79:df:46:8a",
                "00:1a:79:75:3b:52",
                "00:1a:79:b8:7e:f5",
                "00:1a:79:2e:81:f8",
                "00:1a:79:a6:5c:aa",
                "00:1a:79:be:86:9e",
                "00:1a:79:a9:2b:4c",
                "00:1a:79:28:0f:99",
                "00:1a:79:70:33:56",
                "00:1a:79:4e:ac:2f",
                "00:1a:79:a4:c8:d2",
                "00:1a:79:6e:63:f8",
                "00:1a:79:58:7a:27",
                "00:1a:79:17:99:7c",
                "00:1a:79:a4:95:a6",
                "00:1a:79:46:e3:8a",
                "00:1a:79:1e:02:5d",
                "00:1a:79:a4:70:e6",
                "00:1a:79:dd:1c:5f",
                "00:1a:79:18:2f:12",
                "00:1a:79:3a:05:3c",
                "00:1a:79:76:2a:ec",
                "00:1a:79:d2:77:68",
                "00:1a:79:0d:c8:da",
                "00:1a:79:65:f9:47",
                "00:1a:79:b5:0b:ce",
                "00:1a:79:ab:54:a3",
                "00:1a:79:2a:d2:3f",
                "00:1a:79:f0:09:74",
                "+0:1a:79:27:73:2d",
                "00:1a:79:54:28:14",
                "00:1a:79:5b:ca:b0",
                "00:1a:79:a2:cb:0e",
                "00:1a:79:5b:b7:3a",
                "00:1a:79:21:48:b3",
                "00:1a:79:31:d2:15"
            ]
        },
        {
            "server_name": "iboxs.club",
            "server_url": "http://iboxs.club/c/",
            "macs": [
                "00:1a:79:a9:2a:99",
                "00:1A:79:AB:E8:C9"
            ]
        },
        {
            "server_name": "storm.sphd.co:8080",
            "server_url": "http://storm.sphd.co:8080/c/",
            "macs": [
                "00:1A:79:00:29:1C",
                "00:1A:79:43:7F:EE",
                "00:1A:79:CD:F4:30"
            ]
        },
        {
            "server_name": "ultra-box.club",
            "server_url": "http://ultra-box.club/c/",
            "macs": [
                "00:1a:79:cd:0b:0d",
                "00:1a:79:6e:3f:55",
                "00:1a:79:ad:97:2a",
                "00:1a:79:44:76:41",
                "00:1a:79:34:de:50",
                "00:1a:79:63:62:6e",
                "00:1a:79:c2:7a:b9",
                "00:1a:79:90:cf:02",
                "00:1a:79:5f:e5:54",
                "00:1a:79:6d:11:2a",
                "00:1a:79:b7:32:31",
                "00:1a:79:b0:57:10",
                "00:1a:79:5f:e3:66",
                "00:1a:79:48:81:81",
                "00:1a:79:c1:6e:6d",
                "00:1a:79:5a:06:d6",
                "00:1a:79:76:95:62",
                "00:1a:79:6c:91:c1",
                "00:1a:79:32:cc:83",
                "00:1a:79:39:fd:53",
                "00:1a:79:52:eb:f7"
            ]
        },
        {
            "server_name": "anonymoustv.club",
            "server_url": "http://anonymoustv.club/c/",
            "macs": [
                "00:1a:79:17:0f:60",
                "00:1a:79:d1:b8:5a",
                "00:1a:79:5c:23:bc",
                "00:1a:79:6c:60:fc",
                "00:1a:79:be:9d:24",
                "00:1a:79:92:7f:f7",
                "00:1a:79:66:ab:b9",
                "00:1a:79:8a:bb:bd",
                "00:1a:79:c0:0a:e1",
                "00:1a:79:69:b7:41",
                "00:1a:79:56:21:a1",
                "00:1a:79:73:13:a6",
                "00:1a:79:ae:89:4d",
                "00:1a:79:ce:42:42",
                "00:1a:79:c0:0a:e1",
                "00:1a:79:5d:03:85"
            ]
        },
        {
            "server_name": "178.132.78.40:8080",
            "server_url": "http://178.132.78.40:8080/c/",
            "macs": [
                "00:1a:79:07:e3:78",
                "00:1a:79:ac:dd:aa",
                "00:1a:79:aa:d1:43",
                "00:1a:79:40:2a:73",
                "00:1a:79:92:25:72",
                "00:1a:79:5c:a2:09",
                "00:1a:79:af:83:b2",
                "00:1a:79:48:23:50",
                "00:1a:79:b7:92:a1",
                "00:1a:79:b2:b1:46",
                "00:1a:79:a9:f2:01",
                "00:1a:79:74:46:77",
                "00:1a:79:62:d1:bd",
                "00:1a:79:40:94:3f",
                "00:1a:79:b6:7e:6e",
                "00:1a:79:54:6c:9e",
                "00:1a:79:b9:48:79"
            ]
        }
    ]
}