{
    "items": [
        {
            "server_name": "line.myalboz.com",
            "server_url": "http://line.myalboz.com/c/",
            "macs": [
                "00:1a:79:18:13:eb",
                "00:1a:79:43:a4:a8",
                "00:1a:79:a5:3f:c3",
                "00:1a:79:c2:96:25",
                "00:1a:79:36:6f:30",
                "00:1a:79:24:15:4b",
                "00:1a:79:c9:0f:e2",
                "00:1a:79:e9:f3:0b",
                "00:1a:79:47:36:51",
                "00:1a:79:ba:61:50",
                "00:1a:79:25:4f:d8",
                "00:1a:79:ae:85:bc",
                "00:1a:79:a1:c7:33",
                "00:1a:79:b3:e6:9b",
                "00:1a:79:af:4f:5d",
                "00:1a:79:19:91:7b",
                "00:1a:79:bb:6a:37",
                "00:1a:79:5e:96:46",
                "00:1a:79:17:31:3d",
                "00:1a:79:c0:0e:e4",
                "00:1a:79:46:5b:fe",
                "00:1a:79:1c:0e:7d",
                "00:1a:79:3c:4f:0f",
                "00:1a:79:bc:53:b1"
            ]
        },
        {
            "server_name": "neomixs.com:8080",
            "server_url": "http://neomixs.com:8080/c/",
            "macs": [
                "00:1a:79:90:9b:d9",
                "00:1a:79:ba:9d:18",
                "00:1a:79:ac:3d:7f",
                "00:1a:79:8a:78:d3"
            ]
        },
        {
            "server_name": "jedicctv.xyz:8080",
            "server_url": "http://jedicctv.xyz:8080/c/",
            "macs": [
                "00:1a:79:74:4b:7f",
                "00:1a:79:d8:1f:fe",
                "00:1a:79:46:2d:24",
                "00:1a:79:6c:4d:09"
            ]
        },
        {
            "server_name": "178.132.78.40:8080",
            "server_url": "http://178.132.78.40:8080/c/",
            "macs": [
                "00:1a:79:b0:48:a4",
                "00:1a:79:b3:b0:4c",
                "00:1a:79:aa:73:e1",
                "00:1a:79:87:bf:f1",
                "00:1a:79:ae:28:58",
                "00:1a:79:ae:75:f4",
                "00:1a:79:a9:ee:dd",
                "00:1a:79:14:19:da",
                "00:1a:79:58:09:31",
                "00:1a:79:aa:7d:04",
                "00:1a:79:aa:ed:ac",
                "00:1a:79:a2:8f:62",
                "00:1a:79:bb:3c:7d",
                "00:1a:79:c0:a9:a6",
                "00:1a:79:b3:2e:5d",
                "00:1a:79:5c:cd:dd",
                "00:1a:79:ad:55:53",
                "00:1a:79:e5:b2:49",
                "00:1a:79:16:a8:ba",
                "00:1a:79:f9:0e:a6",
                "00:1a:79:a4:67:f7"
            ]
        },
        {
            "server_name": "izle1.iptvhd.cyou:9699",
            "server_url": "http://izle1.iptvhd.cyou:9699/c/",
            "macs": [
                "00:1a:79:58:30:d6"
            ]
        },
        {
            "server_name": "v1.zaytonatube.com:8008",
            "server_url": "http://v1.zaytonatube.com:8008/c/",
            "macs": [
                "00:1a:79:4f:37:d5"
            ]
        },
        {
            "server_name": "live.iptv.bond:22461",
            "server_url": "http://live.iptv.bond:22461/c/",
            "macs": [
                "00:1a:79:6d:f6:ce"
            ]
        },
        {
            "server_name": "portal.spacepanel.live:8080",
            "server_url": "http://portal.spacepanel.live:8080/c/",
            "macs": [
                "00:1a:79:b1:fa:be",
                "00:1a:79:b8:8c:05",
                "00:1a:79:aa:6b:92",
                "00:1a:79:b7:8d:70",
                "00:1a:79:ad:50:ec",
                "00:1a:79:a9:f8:01",
                "00:1a:79:79:d9:90",
                "00:1a:79:bc:cf:8f",
                "00:1a:79:f0:86:40",
                "00:1a:79:de:79:79",
                "00:1a:79:1c:2f:c4",
                "00:1a:79:5f:21:a1",
                "00:1a:79:bd:43:9a",
                "00:1a:79:ac:cf:5b",
                "00:1a:79:ad:f0:73",
                "00:1a:79:4f:05:b8",
                "00:1a:79:5e:eb:d5",
                "00:1a:79:a6:49:d6",
                "00:1a:79:b3:76:41",
                "00:1a:79:17:28:01",
                "00:1a:79:5c:c3:11",
                "00:1a:79:ab:31:cb",
                "00:1a:79:d5:69:f9",
                "00:1a:79:fc:d6:1d",
                "00:1a:79:ad:10:fd",
                "00:1a:79:19:37:7b",
                "00:1a:79:2f:ca:00",
                "00:1a:79:cb:27:80",
                "00:1a:79:a1:c3:be",
                "00:1a:79:ae:0b:cb",
                "00:1a:79:3b:63:c2",
                "00:1a:79:2c:c8:fd",
                "00:1a:79:50:84:de",
                "00:1a:79:ba:36:c2",
                "00:1a:79:45:62:1d",
                "00:1a:79:ad:ab:b2",
                "00:1a:79:57:de:28",
                "00:1a:79:bf:8d:85"
            ]
        },
        {
            "server_name": "ultra-box.club",
            "server_url": "http://ultra-box.club/c/",
            "macs": [
                "00:1a:79:b4:f5:60",
                "00:1a:79:ae:56:1c",
                "00:1a:79:64:d6:6b",
                "00:1a:79:62:66:3d",
                "00:1a:79:38:42:8a",
                "00:1a:79:6a:c1:53",
                "00:1a:79:49:90:c4",
                "00:1a:79:b2:66:b1",
                "00:1a:79:b1:e2:17",
                "00:1a:79:b4:c0:4f",
                "00:1a:79:7d:f2:2e",
                "00:1a:79:4c:f4:ab",
                "00:1a:79:a4:54:51",
                "00:1a:79:ad:12:ba",
                "00:1a:79:5f:f5:f6",
                "00:1a:79:6c:42:75",
                "00:1a:79:73:57:f0",
                "00:1a:79:4c:d2:4b"
            ]
        },
        {
            "server_name": "killott.com:8000",
            "server_url": "http://killott.com:8000/c/",
            "macs": [
                "00:1a:79:a2:cb:63"
            ]
        },
        {
            "server_name": "localhd.tv:8081",
            "server_url": "http://localhd.tv:8081/c/",
            "macs": [
                "00:1a:79:b0:ad:c7"
            ]
        },
        {
            "server_name": "live.netcastiptv.com:8080",
            "server_url": "http://live.netcastiptv.com:8080/c/",
            "macs": [
                "00:1a:79:ab:bd:55",
                "00:1a:79:43:b0:5f",
                "00:1a:79:1c:ee:2c",
                "00:1a:79:41:76:77"
            ]
        },
        {
            "server_name": "pstutoriale.com:8080",
            "server_url": "http://pstutoriale.com:8080/c/",
            "macs": [
                "00:1a:79:dc:3d:ec",
                "00:1a:79:46:71:10",
                "00:1a:79:52:95:9a",
                "00:1a:79:d7:6d:e1",
                "00:1a:79:39:53:5c",
                "00:1a:79:af:19:fc",
                "00:1a:79:d1:00:56",
                "00:1a:79:01:48:07"
            ]
        },
        {
            "server_name": "iptvkoln.net:8000",
            "server_url": "http://iptvkoln.net:8000/c/",
            "macs": [
                "00:1a:79:5c:2a:36",
                "00:1a:79:4c:90:89",
                "00:1a:79:2f:57:f7",
                "00:1a:79:ca:f4:ba",
                "00:1a:79:3f:42:0b"
            ]
        },
        {
            "server_name": "live.intertvnet.info:25461",
            "server_url": "http://live.intertvnet.info:25461/c/",
            "macs": [
                "00:1a:79:b0:00:07",
                "00:1a:79:64:8f:94"
            ]
        }
    ]
}