{
    "items": [
        {
            "server_name": "feenyx.xyz",
            "server_url": "http://feenyx.xyz/c/",
            "macs": [
                "00:1a:79:b8:29:b9",
                "00:1a:79:68:6c:47",
                "00:1a:79:b8:35:93",
                "00:1a:79:b8:35:df"
            ]
        },
        {
            "server_name": "iptvworld.xyz:2095",
            "server_url": "http://iptvworld.xyz:2095/c/",
            "macs": [
                "00:1a:79:a0:49:d4",
                "00:1a:79:4f:42:06",
                "00:1a:79:b5:c5:a1",
                "00:1a:79:e0:fe:60",
                "00:1a:79:4d:d8:f9"
            ]
        },
        {
            "server_name": "zam.services.co.uk:2086",
            "server_url": "http://zam.services.co.uk:2086/c/",
            "macs": [
                "00:1a:79:8e:69:82",
                "00:1a:79:3f:0f:03",
                "00:1a:79:a9:b5:81",
                "00:1a:79:5e:ef:3d",
                "00:1a:79:3c:52:c9",
                "00:1a:79:c6:29:f7",
                "00:1a:79:13:43:85",
                "00:1a:79:b0:70:95"
            ]
        },
        {
            "server_name": "ipc.proipciptv.com:8000",
            "server_url": "http://ipc.proipciptv.com:8000/c/",
            "macs": [
                "00:1a:79:40:48:40",
                "00:1a:79:23:fe:a6",
                "00:1a:79:17:c7:39"
            ]
        },
        {
            "server_name": "fans4me.com:8080",
            "server_url": "http://fans4me.com:8080/c/",
            "macs": [
                "00:1a:79:20:0f:c1",
                "00:1a:79:ba:a5:2b",
                "00:1a:79:5a:26:df",
                "00:1a:79:bf:27:96",
                "00:1a:79:62:b8:bc",
                "00:1a:79:49:2d:78",
                "00:1a:79:6d:eb:19",
                "00:1a:79:ae:b7:47",
                "00:1a:79:63:e0:3a",
                "00:1a:79:ab:50:cd",
                "00:1a:79:3c:70:76",
                "00:1a:79:5f:b2:90",
                "00:1a:79:a6:42:f6",
                "00:1a:79:18:00:5c",
                "00:1a:79:a3:8f:7a",
                "00:1a:79:bd:89:50",
                "00:1a:79:b1:f3:08",
                "00:1a:79:55:5d:d3",
                "00:1a:79:b0:90:58",
                "00:1a:79:ae:d8:b5",
                "00:1a:79:63:d3:9d",
                "00:1a:79:39:ab:57",
                "00:1a:79:6a:f8:db",
                "00:1a:79:42:1d:3b",
                "00:1a:79:bb:c5:2e",
                "00:1a:79:f9:8f:7b"
            ]
        },
        {
            "server_name": "mag.you24.online",
            "server_url": "http://mag.you24.online/c/",
            "macs": [
                "00:1a:79:52:29:00",
                "00:1a:79:a3:18:bc",
                "00:1a:79:bb:50:9d",
                "00:1a:79:6d:86:63",
                "00:1a:79:2a:ab:cf",
                "00:1a:79:49:d2:43"
            ]
        },
        {
            "server_name": "turkiyetv.live:8000",
            "server_url": "http://turkiyetv.live:8000/c/",
            "macs": [
                "00:1a:79:d9:0f:54",
                "00:1a:79:0b:3b:2f",
                "00:1a:79:a4:85:a4",
                "00:1a:79:2a:d2:f3",
                "00:1a:79:bb:c7:1a",
                "00:1a:79:d0:82:95",
                "00:1a:79:44:2c:0e",
                "00:1a:79:c2:01:76",
                "00:1a:79:a3:fb:d2",
                "00:1a:79:6b:df:6b",
                "00:1a:79:af:54:7c",
                "00:1a:79:c1:98:d8",
                "00:1a:79:8a:75:cc",
                "00:1a:79:5e:e3:e4",
                "00:1a:79:6e:c0:aa",
                "00:1a:79:7a:a4:ab",
                "00:1a:79:b1:f4:f8",
                "00:1a:79:6b:82:1b",
                "00:1a:79:40:41:37",
                "00:1a:79:37:3a:b5",
                "00:1a:79:0d:79:d4",
                "00:1a:79:6f:aa:23",
                "00:1a:79:47:a5:37",
                "00:1a:79:53:0b:22",
                "00:1a:79:2b:c2:74",
                "00:1a:79:ad:fe:c3",
                "00:1a:79:70:de:4b"
            ]
        },
        {
            "server_name": "poyraz67.com:8080",
            "server_url": "http://poyraz67.com:8080/c/",
            "macs": [
                "00:1a:79:87:a4:e4",
                "00:1a:79:68:06:36",
                "00:1a:79:5d:bc:85",
                "00:1a:79:ae:1b:2c",
                "00:1a:79:41:c8:d6",
                "00:1a:79:56:29:2c",
                "00:1a:79:51:57:58",
                "00:1a:79:64:f4:aa",
                "00:1a:79:5e:de:82",
                "00:1a:79:57:7e:85",
                "00:1a:79:19:ed:58",
                "00:1a:79:65:0d:aa",
                "00:1a:79:16:91:49",
                "00:1a:79:46:a1:db",
                "00:1a:79:a3:21:9e"
            ]
        },
        {
            "server_name": "iptveuro7.club",
            "server_url": "http://iptveuro7.club/c/",
            "macs": [
                "00:1a:79:6b:d6:f6",
                "00:1a:79:47:7c:4a",
                "00:1a:79:8c:58:de",
                "00:1a:79:78:34:0e",
                "00:1a:79:5c:0c:5f",
                "00:1a:79:4e:3f:fc",
                "00:1a:79:6a:29:49",
                "00:1a:79:58:89:8b",
                "00:1a:79:50:50:5a",
                "00:1a:79:8e:1a:82",
                "00:1a:79:da:7e:47",
                "00:1a:79:6a:2f:58",
                "00:1a:79:55:b3:b4",
                "00:1a:79:b9:fc:73",
                "00:1a:79:34:07:23",
                "00:1a:79:fb:66:c1",
                "00:1a:79:7f:cb:e7",
                "00:1a:79:4a:40:a8",
                "00:1a:79:ba:6d:56",
                "00:1a:79:4b:35:7b",
                "00:1a:79:22:83:98",
                "00:1a:79:e5:35:06"
            ]
        },
        {
            "server_name": "yooooobin.space",
            "server_url": "http://yooooobin.space/c/",
            "macs": [
                "00:1a:79:3c:52:c9",
                "00:1a:79:b0:0a:f2",
                "00:1a:79:ab:f2:ef",
                "00:1a:79:40:af:15"
            ]
        },
        {
            "server_name": "killott.com:8000",
            "server_url": "http://killott.com:8000/c/",
            "macs": [
                "00:1a:79:66:21:a8",
                "00:1a:79:aa:e8:af",
                "00:1a:79:53:79:5d"
            ]
        },
        {
            "server_name": "albanica.online:1557",
            "server_url": "http://albanica.online:1557/c/",
            "macs": [
                "00:1a:79:11:bd:cd"
            ]
        },
        {
            "server_name": "rv.bleutv.net",
            "server_url": "http://rv.bleutv.net/c/",
            "macs": [
                "00:1a:79:28:a7:79",
                "00:1a:79:a1:f7:47",
                "00:1a:79:ea:a2:e2",
                "00:1a:79:4c:37:91",
                "00:1a:79:07:59:4b"
            ]
        },
        {
            "server_name": "habemuspapa.site:8080",
            "server_url": "http://habemuspapa.site:8080/c/",
            "macs": [
                "00:1a:79:a6:f2:12",
                "00:1a:79:ba:68:3f"
            ]
        },
        {
            "server_name": "cd1.teknoip.xyz",
            "server_url": "http://cd1.teknoip.xyz/c/",
            "macs": [
                "00:1a:79:77:3a:ae",
                "00:1a:79:b9:cc:0d",
                "00:1a:79:bf:4f:11",
                "00:1a:79:bf:56:79",
                "00:1a:79:59:17:29",
                "00:1a:79:30:3b:2d"
            ]
        },
        {
            "server_name": "cpanel.lionboxiptv.nl",
            "server_url": "http://cpanel.lionboxiptv.nl/c/",
            "macs": [
                "00:1a:79:ae:a5:92",
                "00:1a:79:aa:0f:1c",
                "00:1a:79:fc:8f:67",
                "00:1a:79:23:ed:84",
                "00:1a:79:aa:bd:c0"
            ]
        }
    ]
}