{
    "items": [
        {
            "server_name": "linkme.team",
            "server_url": "http://linkme.team/c/",
            "macs": [
                "00:1a:79:22:cf:48",
                "00:1a:79:33:b7:86",
                "00:1a:79:7e:f4:cf"
            ]
        },
        {
            "server_name": "45.153.33.219:8081",
            "server_url": "http://45.153.33.219:8081/c/",
            "macs": [
                "00:1a:79:a3:af:74"
            ]
        },
        {
            "server_name": "cdiplus.org:8080",
            "server_url": "http://cdiplus.org:8080/c/",
            "macs": [
                "00:1a:79:37:c4:3d"
            ]
        },
        {
            "server_name": "e7pgyt.entrada.top:8080",
            "server_url": "http://e7pgyt.entrada.top:8080/c/",
            "macs": [
                "00:1a:79:44:1c:38",
                "00:1a:79:2a:b4:02",
                "00:1a:79:88:90:5f",
                "00:1a:79:3b:10:a4"
            ]
        },
        {
            "server_name": "gtgtgtgtgt.seymabizidiskoyagoturbacim.com:8080",
            "server_url": "http://gtgtgtgtgt.seymabizidiskoyagoturbacim.com:8080/c/",
            "macs": [
                "00:1a:79:f0:04:c5",
                "00:1a:79:b0:4c:a1",
                "00:1a:79:3b:79:75",
                "00:1a:79:52:36:33",
                "00:1a:79:39:5f:b6"
            ]
        },
        {
            "server_name": "lecres.xyz:8080",
            "server_url": "http://lecres.xyz:8080/c/",
            "macs": [
                "00:1a:79:c1:a4:d1"
            ]
        },
        {
            "server_name": "yassooo.com:8000",
            "server_url": "http://yassooo.com:8000/c/",
            "macs": [
                "00:1A:79:28:6f:bd",
                "00:1A:79:b6:3d:31",
                "00:1A:79:23:37:97",
                "00:1A:79:44:04:e1",
                "00:1A:79:e2:d2:66"
            ]
        },
        {
            "server_name": "alfatv.life:8080",
            "server_url": "http://alfatv.life:8080/c/",
            "macs": [
                "00:1a:79:d7:8a:09",
                "00:1a:79:03:1a:59",
                "00:1a:79:56:1f:4c",
                "00:1a:79:3a:d8:bc",
                "00:1a:79:5f:77:c2",
                "00:1a:79:f0:01:e1",
                "00:1a:79:6d:61:1b",
                "00:1a:79:72:2c:4f",
                "00:1a:79:02:77:b4",
                "00:1a:79:34:99:b6",
                "00:1a:79:57:db:f8"
            ]
        },
        {
            "server_name": "showflix.org:5890",
            "server_url": "http://showflix.org:5890/c/",
            "macs": [
                "00:1A:79:5F:FD:FA",
                "00:1A:79:5E:93:8D",
                "00:1A:79:3B:42:0E",
                "00:1A:79:4B:68:5E",
                "00:1A:79:3A:36:B0",
                "00:1A:79:72:0A:1D",
                "00:1A:79:A2:2C:11",
                "00:1A:79:50:4E:54"
            ]
        },
        {
            "server_name": "kapalikale.xyz:8080",
            "server_url": "http://kapalikale.xyz:8080/c/",
            "macs": [
                "00:1A:79:1e:33:2b",
                "00:1A:79:bf:d4:76",
                "00:1A:79:4d:6e:ce",
                "00:1A:79:67:6c:d3",
                "00:1A:79:4b:3d:05"
            ]
        },
        {
            "server_name": "powerip.be:8000",
            "server_url": "http://powerip.be:8000/c/",
            "macs": [
                "00:1a:79:8c:7b:fe",
                "00:1a:79:2c:8f:34",
                "00:1a:79:90:32:56",
                "00:1a:79:18:05:21",
                "00:1a:79:71:eb:7a",
                "00:1a:79:a1:ac:bb",
                "00:1a:79:0d:39:b8",
                "00:1a:79:63:be:54",
                "00:1a:79:c6:2f:ec",
                "00:1a:79:d8:8e:17",
                "00:1a:79:3f:bb:e6",
                "00:1a:79:ad:10:ec"
            ]
        },
        {
            "server_name": "magnum-ott.net",
            "server_url": "http://magnum-ott.net/c/",
            "macs": [
                "00:1a:79:ce:a3:a8",
                "00:1a:79:8f:7e:d3",
                "00:1a:79:b6:a3:e3",
                "00:1a:79:67:da:f3",
                "00:1a:79:46:a9:bf",
                "00:1a:79:c5:f8:a9",
                "00:1a:79:54:fd:ed",
                "00:1a:79:55:9f:ef",
                "00:1a:79:4f:95:92",
                "00:1a:79:57:0c:92",
                "00:1a:79:d9:21:b4",
                "00:1a:79:8e:2d:46",
                "00:1a:79:09:f2:cc",
                "00:1a:79:f1:82:b4",
                "00:1a:79:b8:02:08",
                "00:1a:79:66:95:d2",
                "00:1a:79:39:0f:7e",
                "00:1a:79:8d:57:1a",
                "00:1a:79:0a:c1:42",
                "00:1a:79:6c:39:bb",
                "00:1a:79:b5:97:92"
            ]
        },
        {
            "server_name": "ip.king-cobra.eu:8080",
            "server_url": "http://ip.king-cobra.eu:8080/c/",
            "macs": [
                "00:1a:79:fb:8e:ac",
                "00:1a:79:95:5b:20",
                "00:1a:79:4f:8d:d5",
                "00:1a:79:4c:fb:bd",
                "00:1a:79:56:a7:32",
                "00:1a:79:4e:bb:79",
                "00:1a:79:8b:71:71",
                "00:1a:79:da:76:f4",
                "00:1a:79:be:87:e0",
                "00:1a:79:1f:1a:5c",
                "00:1a:79:ad:a9:88",
                "00:1a:79:55:ae:bf",
                "00:1a:79:68:f8:8c",
                "00:1a:79:5e:e6:5d",
                "00:1a:79:43:8e:26",
                "00:1a:79:59:8d:48",
                "00:1a:79:57:98:e8"
            ]
        },
        {
            "server_name": "neomixs.com:8080",
            "server_url": "http://neomixs.com:8080/c/",
            "macs": [
                "00:1a:79:34:05:4d",
                "00:1a:79:74:4b:eb",
                "00:1a:79:a6:fd:94",
                "00:1a:79:de:6e:26",
                "00:1a:79:11:71:37",
                "00:1a:79:d6:17:79",
                "00:1a:79:34:c0:ce",
                "00:1a:79:ba:31:3c",
                "00:1a:79:09:21:5b",
                "00:1a:79:c3:27:9f",
                "00:1a:79:77:5d:1b",
                "00:1a:79:a6:7d:2c",
                "00:1a:79:b5:0b:e8",
                "00:1a:79:53:43:2a",
                "00:1a:79:ab:48:49",
                "00:1a:79:47:f1:9c",
                "00:1a:79:2e:c8:1f",
                "00:1a:79:06:5f:a7",
                "00:1a:79:19:3f:9e",
                "00:1a:79:70:6b:de",
                "00:1a:79:b7:9a:e3",
                "00:1a:79:57:bf:02",
                "00:1a:79:6e:23:7c"
            ]
        },
        {
            "server_name": "mag.diamondma.club",
            "server_url": "http://mag.diamondma.club/c/",
            "macs": [
                "00:1a:79:ae:6d:51",
                "00:1a:79:90:0f:0c",
                "00:1a:79:ab:ec:73",
                "00:1a:79:20:8f:08",
                "00:1a:79:f1:5d:79",
                "00:1a:79:b7:18:a9",
                "00:1a:79:4e:26:82",
                "00:1a:79:ba:72:f7",
                "00:1a:79:e0:8f:e1"
            ]
        }
    ]
}