{
    "items": [
        {
            "server_name": "tugatv.123tv.to:8080",
            "server_url": "http://tugatv.123tv.to:8080/c/",
            "macs": [
                "00:1a:79:bd:88:3b",
                "00:1a:79:55:48:c4",
                "00:1a:79:94:ed:bb",
                "00:1a:79:45:a9:e4",
                "00:1a:79:5c:cf:67",
                "00:1a:79:43:14:0e",
                "00:1a:79:af:79:cf",
                "00:1a:79:b9:f0:04",
                "00:1a:79:bd:23:6b",
                "00:1a:79:a5:e4:9c",
                "00:1a:79:bd:26:18",
                "00:1a:79:46:88:1b",
                "00:1a:79:46:4b:58",
                "00:1a:79:4f:bd:b0",
                "00:1a:79:ba:06:22",
                "00:1a:79:aa:83:94",
                "00:1a:79:49:83:81",
                "00:1a:79:ad:81:07",
                "00:1a:79:5a:45:05",
                "00:1a:79:4a:61:7d",
                "00:1a:79:25:74:b4",
                "00:1a:79:44:2a:82",
                "00:1a:79:de:81:ca",
                "00:1a:79:5e:8a:6f",
                "00:1a:79:02:7f:87",
                "00:1a:79:0f:55:c6",
                "00:1a:79:b3:7e:7d",
                "00:1a:79:e4:1a:11",
                "00:1a:79:5e:e1:03",
                "00:1a:79:a3:ca:f7",
                "00:1a:79:be:9c:21",
                "00:1a:79:41:0a:17",
                "00:1a:79:dc:d6:0e",
                "00:1a:79:ba:64:a8",
                "00:1a:79:30:6b:b0",
                "00:1a:79:8a:71:cc"
            ]
        },
        {
            "server_name": "teslaiptv.com:8080",
            "server_url": "http://teslaiptv.com:8080/c/",
            "macs": [
                "00:1A:79:52:6D:2E",
                "00:1A:79:27:66:EE",
                "00:1A:79:36:EE:84",
                "00:1A:79:53:D1:38",
                "00:1A:79:A1:F9:03",
                "00:1A:79:54:26:CC",
                "00:1A:79:6E:9E:AD",
                "00:1A:79:3C:DC:2F",
                "00:1A:79:54:52:68",
                "00:1A:79:54:53:E4",
                "00:1A:79:6F:DC:90",
                "00:1A:79:36:A4:46",
                "00:1A:79:31:51:64",
                "00:1A:79:28:6F:BD",
                "00:1A:79:53:26:BB",
                "00:1A:79:54:62:8A",
                "00:1A:79:51:7A:27",
                "00:1A:79:AD:13:E5",
                "00:1A:79:32:94:77",
                "00:1A:79:23:7D:C4",
                "00:1A:79:1D:B5:27",
                "00:1A:79:2F:46:C0",
                "00:1A:79:54:56:D4",
                "00:1A:79:54:37:68"
            ]
        },
        {
            "server_name": "217.182.65.218:89",
            "server_url": "http://217.182.65.218:89/stalker_portal/c/",
            "macs": [
                "00:1A:79:67:18:1E",
                "00:1A:79:56:B5:D2",
                "00:1A:79:6D:90:4D",
                "00:1A:79:72:0B:FD",
                "00:1A:79:72:7C:D4",
                "00:1A:79:43:B9:DB",
                "00:1A:79:79:E1:B6",
                "00:1A:79:67:83:D8",
                "00:1A:79:51:68:C2",
                "00:1A:79:6B:BC:E7",
                "00:1A:79:6A:35:6F",
                "00:1A:79:6B:E2:5E",
                "00:1A:79:40:9F:67",
                "00:1A:79:69:CB:8D",
                "00:1A:79:47:B0:E3",
                "00:1A:79:2E:B9:36",
                "00:1A:79:6F:B5:51"
            ]
        },
        {
            "server_name": "live.iptvtotaal.com:8000",
            "server_url": "http://live.iptvtotaal.com:8000/c/",
            "macs": [
                "00:1A:79:4e:bc:f8",
                "00:1A:79:44:1c:b3",
                "00:1A:79:ba:12:2d",
                "00:1A:79:59:8c:96",
                "00:1A:79:5f:fc:80",
                "00:1A:79:1e:04:b0",
                "00:1A:79:ae:cc:ed",
                "00:1A:79:62:ba:99",
                "00:1A:79:b3:20:48",
                "00:1A:79:3c:50:33",
                "00:1A:79:57:12:86",
                "00:1A:79:6a:5d:c2",
                "00:1A:79:bf:a1:f4",
                "00:1A:79:36:bb:2c",
                "00:1A:79:5b:fc:c2",
                "00:1A:79:3a:b4:06",
                "00:1A:79:3f:a7:cf",
                "00:1A:79:8a:45:d7",
                "00:1A:79:71:54:98",
                "00:1A:79:70:0d:4e",
                "00:1A:79:aa:86:7d",
                "00:1A:79:35:11:df",
                "00:1A:79:56:ed:4e",
                "00:1A:79:47:cd:3e",
                "00:1A:79:ba:06:14"
            ]
        },
        {
            "server_name": "client-iptvmag.club:8080",
            "server_url": "http://client-iptvmag.club:8080/c/",
            "macs": [
                "00:1A:79:B5:C5:CE",
                "00:1A:79:53:4B:75",
                "00:1A:79:57:46:C4",
                "00:1A:79:B6:7E:75",
                "00:1A:79:5D:DC:98",
                "00:1A:79:AB:46:59"
            ]
        },
        {
            "server_name": "bruce-lee.streamtv.to:8080",
            "server_url": "http://bruce-lee.streamtv.to:8080/c/",
            "macs": [
                "00:1A:79:4F:B9:CF",
                "00:1A:79:55:7F:AD",
                "00:1A:79:57:9E:5F",
                "00:1A:79:58:8B:7B",
                "00:1A:79:5C:CC:DC",
                "00:1A:79:67:8B:47",
                "00:1A:79:7D:71:C5",
                "00:1A:79:9F:44:5C",
                "00:1A:79:A6:6E:ED",
                "00:1A:79:A6:3A:10",
                "00:1A:79:AA:2C:C9",
                "00:1A:79:A9:C5:D0",
                "00:1A:79:AA:7A:EE",
                "00:1A:79:AC:CD:C5",
                "00:1A:79:AB:F6:AA",
                "00:1A:79:AB:D3:88",
                "00:1A:79:AA:99:A9",
                "00:1A:79:AD:02:FC",
                "00:1A:79:AA:E6:C8",
                "00:1A:79:AC:C8:3D",
                "00:1A:79:AD:9C:45",
                "00:1A:79:AE:13:BE",
                "00:1A:79:AE:88:7B",
                "00:1A:79:AE:A5:51",
                "00:1A:79:AE:B5:7C",
                "00:1A:79:B6:D8:28",
                "00:1A:79:BA:0E:58",
                "00:1A:79:BB:CF:62",
                "00:1A:79:BD:4D:37",
                "00:1A:79:BD:30:21",
                "00:1A:79:BF:B1:17",
                "00:1A:79:C8:92:90"
            ]
        },
        {
            "server_name": "ip.mooniptv.cz:80",
            "server_url": "http://ip.mooniptv.cz:80/c/",
            "macs": [
                "00:1A:79:a5:61:f0",
                "00:1A:79:73:d2:f8",
                "00:1A:79:20:58:2d",
                "00:1A:79:17:0a:04",
                "00:1A:79:5c:ec:6a",
                "00:1A:79:a1:99:5a",
                "00:1A:79:a4:53:fd",
                "00:1A:79:8b:1e:4e",
                "00:1A:79:8a:e4:dc",
                "00:1A:79:28:a8:6e",
                "00:1A:79:41:e0:96",
                "00:1A:79:c1:79:28"
            ]
        }
    ]
}