{
    "items": [
        {
            "server_name": "kukra123-exyu.mine.nu:8081",
            "server_url": "http://kukra123-exyu.mine.nu:8081/c/",
            "macs": [
                "00:1A:79:5d:ab:c4",
                "00:1A:79:e6:94:ae",
                "00:1A:79:be:42:28"
            ]
        },
        {
            "server_name": "host.tecnolab.top:8080",
            "server_url": "http://host.tecnolab.top:8080/c/",
            "macs": [
                "00:1A:79:30:95:26"
            ]
        },
        {
            "server_name": "tv.banjotv.tv",
            "server_url": "http://tv.banjotv.tv/stalker_portal/c/",
            "macs": [
                "00:1A:79:00:00:00"
            ]
        },
        {
            "server_name": "apk.androidtrex.com",
            "server_url": "http://apk.androidtrex.com/c/",
            "macs": [
                "00:1A:79:5E:41:43"
            ]
        },
        {
            "server_name": "poyraz67.com:8080",
            "server_url": "http://poyraz67.com:8080/c/",
            "macs": [
                "00:1A:79:00:00:23",
                "00:1A:79:00:00:83",
                "00:1A:79:00:00:99"
            ]
        },
        {
            "server_name": "saw.duplex-ott.net:2052",
            "server_url": "http://saw.duplex-ott.net:2052/c/",
            "macs": [
                "00:1A:79:49:65:8C"
            ]
        },
        {
            "server_name": "smiilee.xyz:8080",
            "server_url": "http://smiilee.xyz:8080/c/",
            "macs": [
                "00:1A:79:C1:A4:7B",
                "00:1A:79:A1:88:98",
                "00:1A:79:18:10:3A"
            ]
        },
        {
            "server_name": "yasar.club:6464",
            "server_url": "http://yasar.club:6464/c/",
            "macs": [
                "00:1A:79:00:46:C7"
            ]
        },
        {
            "server_name": "gaztv.net:80",
            "server_url": "http://gaztv.net:80/c/",
            "macs": [
                "00:1A:79:18:17:51",
                "00:1A:79:A4:C9:11",
                "00:1A:79:31:E7:19",
                "00:1A:79:5E:DE:BF"
            ]
        },
        {
            "server_name": "stalker.ugoiptv.com",
            "server_url": "http://stalker.ugoiptv.com/c/",
            "macs": [
                "00:1A:79:C0:5C:32",
                "00:1A:79:55:03:86",
                "00:1A:79:7A:42:47",
                "00:1A:79:BC:AD:7A",
                "00:1A:79:1A:1C:9F",
                "00:1A:79:27:04:DE",
                "00:1A:79:B5:BA:46",
                "00:1A:79:6A:B7:AD",
                "00:1A:79:76:FA:D5",
                "00:1A:79:32:C4:DF",
                "00:1A:79:A6:AA:AA",
                "00:1A:79:B3:4A:DE",
                "00:1A:79:D5:3F:F6",
                "00:1A:79:22:03:1C",
                "00:1A:79:C0:EF:85",
                "00:1A:79:C7:A6:CD",
                "00:1A:79:66:8B:B2",
                "00:1A:79:27:ED:2E",
                "00:1A:79:9A:F6:62",
                "00:1A:79:77:3F:4F",
                "00:1A:79:0E:06:87",
                "00:1A:79:FA:1B:E3",
                "00:1A:79:CD:E7:09",
                "00:1A:79:BD:2B:57",
                "00:1A:79:BA:93:DA",
                "00:1A:79:1C:08:9E",
                "00:1A:79:27:B7:C1",
                "00:1A:79:A5:EC:A3",
                "00:1A:79:AA:55:6D",
                "00:1A:79:20:C7:F3",
                "00:1A:79:16:02:25",
                "00:1A:79:B4:00:34",
                "00:1A:79:B7:76:81",
                "00:1A:79:D4:8E:8F",
                "00:1A:79:C7:AA:64",
                "00:1A:79:74:CA:59",
                "00:1A:79:BD:EE:F8",
                "00:1A:79:BA:10:67",
                "00:1A:79:36:CD:37",
                "00:1A:79:6E:72:A8",
                "00:1A:79:C2:81:25",
                "00:1A:79:B7:AE:50",
                "00:1A:79:1D:02:31",
                "00:1A:79:04:0F:B6",
                "00:1A:79:56:B9:1A",
                "00:1A:79:51:B3:0C"
            ]
        },
        {
            "server_name": "monerotv.net:1558",
            "server_url": "http://monerotv.net:1558/c/",
            "macs": [
                "00:1a:79:2f:fb:5c"
            ]
        },
        {
            "server_name": "cine1.tellybox.club:8080",
            "server_url": "http://cine1.tellybox.club:8080/c/",
            "macs": [
                "00:1A:79:b4:7a:51",
                "00:1A:79:76:7e:aa",
                "00:1A:79:18:dd:94",
                "00:1A:79:27:13:54",
                "00:1A:79:6e:d2:b5",
                "00:1A:79:ec:b1:fa",
                "00:1A:79:22:7d:8f",
                "00:1A:79:f2:a5:dc",
                "00:1A:79:a3:29:46",
                "00:1A:79:25:10:32",
                "00:1A:79:78:f1:f8",
                "00:1A:79:72:70:69",
                "00:1A:79:ef:7a:d3",
                "00:1A:79:e3:62:16",
                "00:1A:79:30:5f:77",
                "00:1A:79:ff:40:77",
                "00:1A:79:b2:66:e9",
                "00:1A:79:3e:61:a3",
                "00:1A:79:cc:74:58",
                "00:1A:79:c3:42:b7",
                "00:1A:79:f9:6f:c9",
                "00:1A:79:6a:24:f2",
                "00:1A:79:32:c0:c1"
            ]
        }
    ]
}