{
    "items": [
        {
            "server_name": "p1.iptvrocket.tv:80",
            "server_url": "http://p1.iptvrocket.tv:80/c/",
            "macs": [
                "00:1a:79:a1:20:ee",
                "00:1a:79:0f:8e:23",
                "00:1a:79:51:46:25",
                "00:1a:79:c0:31:d7",
                "00:1a:79:b5:72:00",
                "00:1a:79:2f:19:f5",
                "00:1a:79:6c:48:b1",
                "00:1a:79:2f:18:ec",
                "00:1a:79:11:35:21",
                "00:1a:79:b8:3b:e1",
                "00:1a:79:35:5f:25"
            ]
        },
        {
            "server_name": "ip.king-cobra.eu:8080",
            "server_url": "http://ip.king-cobra.eu:8080/c/",
            "macs": [
                "00:1a:79:ae:01:b5",
                "00:1a:79:57:68:09",
                "00:1a:79:3b:7f: d",
                "00:1a:79:31:86:a3",
                "00:1a:79:44:84:dc",
                "00:1a:79:45:a4:36",
                "00:1a:79:70:b2: c",
                "00:1a:79:2a:d2:6a",
                "00:1a:79:85:d6:3f",
                "00:1a:79:0c:07: 2",
                "00:1a:79:2a:d2:1f",
                "00:1a:79:2a:d2: 5",
                "00:1a:79:2a:94:9c",
                "00:1a:79:69:01:20"
            ]
        },
        {
            "server_name": "micro-ott.com",
            "server_url": "http://micro-ott.com/c/",
            "macs": [
                "00:1A:79:00:00:07"
            ]
        },
        {
            "server_name": "live.geoiptv.org:8880",
            "server_url": "http://live.geoiptv.org:8880/c/",
            "macs": [
                "00:1A:79:00:00:07"
            ]
        },
        {
            "server_name": "sultan-iptv.com",
            "server_url": "http://sultan-iptv.com/c/",
            "macs": [
                "00:1a:79:73:0b:74"
            ]
        },
        {
            "server_name": "sultan-iptv.com",
            "server_url": "http://sultan-iptv.com/c/",
            "macs": [
                "00:1a:79:73:0c:cc"
            ]
        },
        {
            "server_name": "sultan-iptv.com",
            "server_url": "http://sultan-iptv.com/c/",
            "macs": [
                "00:1a:79:73:0d:6b"
            ]
        },
        {
            "server_name": "sultan-iptv.com",
            "server_url": "http://sultan-iptv.com/c/",
            "macs": [
                "00:1a:79:73:0d:8c"
            ]
        },
        {
            "server_name": "sultan-iptv.com",
            "server_url": "http://sultan-iptv.com/c/",
            "macs": [
                "00:1a:79:73:27:f4"
            ]
        },
        {
            "server_name": "tvdomax.top:8080",
            "server_url": "http://tvdomax.top:8080/c/",
            "macs": [
                "00:1A:79:00:10:10"
            ]
        },
        {
            "server_name": "dontuse.offshorerev.cc",
            "server_url": "http://dontuse.offshorerev.cc/c/",
            "macs": [
                "00:1a:79:54:2a:fb"
            ]
        },
        {
            "server_name": "fish.codservers.fans:8080",
            "server_url": "http://fish.codservers.fans:8080/c/",
            "macs": [
                "00:1a:79:11:9a:01",
                "00:1a:79:18:19:9c",
                "00:1a:79:17:e9:c4"
            ]
        },
        {
            "server_name": "sunatvpro.net:25461",
            "server_url": "http://sunatvpro.net:25461/c/",
            "macs": [
                "00:1a:79:00:2d:65",
                "00:1a:79:00:58:78"
            ]
        },
        {
            "server_name": "1local.123sat.net:2082",
            "server_url": "http://1local.123sat.net:2082/c/",
            "macs": [
                "00:1a:79:6e:c3:55",
                "00:1a:79:69:52:fd"
            ]
        },
        {
            "server_name": "itali.bar:25461",
            "server_url": "http://itali.bar:25461/c/",
            "macs": [
                "00:1a:79:ad:4c:50",
                "00:1a:79:2a:a3:ae"
            ]
        },
        {
            "server_name": "nasaiptv.com:8000",
            "server_url": "http://nasaiptv.com:8000/c/",
            "macs": [
                "00:1a:79:30:a8:94",
                "00:1a:79:e6:c3:a0"
            ]
        },
        {
            "server_name": "izipizi1.info",
            "server_url": "http://izipizi1.info/c/",
            "macs": [
                "00:1a:79:44:f6:61",
                "00:1a:79:c2:45:af",
                "00:1a:79:12:34:56",
                "00:1a:79:ab:5f:d4"
            ]
        },
        {
            "server_name": "www.magicoiptv.org:8080",
            "server_url": "http://www.magicoiptv.org:8080/c/",
            "macs": [
                "00:1a:79:54:18:0b"
            ]
        },
        {
            "server_name": "v1.zaytonatube.com:8008",
            "server_url": "http://v1.zaytonatube.com:8008/c/",
            "macs": [
                "00:1a:79:4d:e0:fc"
            ]
        },
        {
            "server_name": "o2iptv.com:8080",
            "server_url": "http://o2iptv.com:8080/c/",
            "macs": [
                "00:1a:79:11:12:15",
                "00:1a:79:07:47:3d"
            ]
        },
        {
            "server_name": "super-iptv.net:2052",
            "server_url": "http://super-iptv.net:2052/c/",
            "macs": [
                "00:1a:79:07:90:20",
                "00:1a:79:be:dd:bf",
                "00:1a:79:fa:3b:fe"
            ]
        },
        {
            "server_name": "1local.123sat.net:2082",
            "server_url": "http://1local.123sat.net:2082/c/",
            "macs": [
                "00:1a:79:5f:15:82"
            ]
        },
        {
            "server_name": "1local.123sat.net:2082",
            "server_url": "http://1local.123sat.net:2082/c/",
            "macs": [
                "00:1a:79:43:40:2b"
            ]
        },
        {
            "server_name": "zam.services.co.uk:2086",
            "server_url": "http://zam.services.co.uk:2086/c/",
            "macs": [
                "00:1a:79:5c:46:4f",
                "00:1a:79:07:4b:28"
            ]
        },
        {
            "server_name": "sansat.net:25461",
            "server_url": "http://sansat.net:25461/c/",
            "macs": [
                "00:1a:79:00:73:12"
            ]
        },
        {
            "server_name": "replaitv.vipserver.store:8000",
            "server_url": "http://replaitv.vipserver.store:8000/c/",
            "macs": [
                "00:1a:79:65:db:73",
                "00:1a:79:00:73:12"
            ]
        },
        {
            "server_name": "sansat.net:25461",
            "server_url": "http://sansat.net:25461/c/",
            "macs": [
                "00:1a:79:65:db:73",
                "00:1a:79:00:73:12"
            ]
        },
        {
            "server_name": "p1.iptvprivateserver.tv",
            "server_url": "http://p1.iptvprivateserver.tv/c/",
            "macs": [
                "00:1a:79:ac:c4:16",
                "00:1a:79:3a:07:90",
                "00:1a:79:34:45:42",
                "00:1a:79:44:0e:94",
                "00:1a:79:6b:e6:a3",
                "00:1a:79:2a:45:2d",
                "00:1a:79:af:e1:63"
            ]
        }
    ]
}