{
    "items": [
        {
            "server_name": "19.1222908.net:8025",
            "server_url": "http://19.1222908.net:8025/c/",
            "macs": [
                "00:1a:79:18:4f:90",
                "00:1a:79:bf:95:d6",
                "00:1a:79:b9:41:0a",
                "00:1a:79:9c:85:b7",
                "00:1a:79:af:da:52",
                "00:1a:79:73:7f:97",
                "00:1a:79:b2:5e:4e",
                "00:1a:79:57:1f:4f",
                "00:1a:79:5d:7f:4e",
                "00:1a:79:65:6f:a8",
                "00:1a:79:be:17:c2",
                "00:1a:79:03:17:85",
                "00:1a:79:70:4f:31",
                "00:1a:79:6a:8f:16",
                "00:1a:79:73:01:48",
                "00:1a:79:53:6f:2a",
                "00:1a:79:71:39:3d",
                "00:1a:79:50:b7:ee",
                "00:1a:79:f4:a3:24",
                "00:1a:79:cc:b2:71",
                "00:1a:79:58:2f:fd",
                "00:1a:79:b8:c3:31",
                "00:1a:79:49:b0:9e",
                "00:1a:79:b3:5c:13",
                "00:1a:79:b8:cb:58",
                "00:1a:79:6d:4f:ea",
                "00:1a:79:1e:3e:43",
                "00:1a:79:33:5f:9f",
                "00:1a:79:78:9f:b9",
                "00:1a:79:be:fc:f1",
                "00:1a:79:33:6f:8e",
                "00:1a:79:5b:9f:55",
                "00:1a:79:6c:0f:1b",
                "00:1a:79:b9:27:d0",
                "00:1a:79:56:6f:19",
                "00:1a:79:98:27:3b",
                "00:1a:79:57:1c:9c",
                "00:1a:79:6a:2f:62",
                "00:1a:79:6d:4f:dd",
                "00:1a:79:d3:9f:77",
                "00:1a:79:4f:8e:1f",
                "00:1a:79:2e:0f:39",
                "00:1a:79:35:1f:9a",
                "00:1a:79:1c:fc:7c",
                "00:1a:79:55:9f:01",
                "00:1a:79:54:2f:87",
                "00:1a:79:b7:a8:16",
                "00:1a:79:63:8f:64",
                "00:1a:79:38:6f:d3",
                "00:1a:79:cb:5f:6d",
                "00:1a:79:aa:11:f2",
                "00:1a:79:77:8f:e5",
                "00:1a:79:ad:df:3a",
                "00:1a:79:1a:4f:d9",
                "00:1a:79:37:1f:0d",
                "00:1a:79:70:4f:74",
                "00:1a:79:1f:4d:f6",
                "00:1a:79:46:84:73",
                "00:1a:79:2a:8f:9b",
                "00:1a:79:3e:2f:07",
                "00:1a:79:5b:1f:15",
                "00:1a:79:78:3f:d0",
                "00:1a:79:ec:b3:40",
                "00:1a:79:7b:9f:6b",
                "00:1a:79:ac:4f:df",
                "00:1a:79:03:17:61",
                "00:1a:79:64:9f:8a",
                "00:1a:79:16:65:b0",
                "00:1a:79:60:2f:f0",
                "00:1a:79:62:4f:11",
                "00:1a:79:7d:86:ef",
                "00:1a:79:5b:2f:11",
                "00:1a:79:b8:37:b4",
                "00:1a:79:a8:34:28",
                "00:1a:79:a4:91:0d",
                "00:1a:79:65:2f:59",
                "00:1a:79:60:6f:4d",
                "00:1a:79:57:4f:ee",
                "00:1a:79:71:2f:fe",
                "00:1a:79:e6:4b:59",
                "00:1a:79:38:1f:a6",
                "00:1a:79:a9:4f:c2",
                "00:1a:79:b7:e8:4e",
                "00:1a:79:5b:2f:84",
                "00:1a:79:60:b8:db",
                "00:1a:79:a6:a0:f8",
                "00:1a:79:f6:9f:f4",
                "00:1a:79:ab:5f:1f",
                "00:1a:79:38:e9:2e",
                "00:1a:79:30:f4:d6",
                "00:1a:79:58:0f:fb",
                "00:1a:79:70:3f:9e",
                "00:1a:79:a3:60:57",
                "00:1a:79:de:37:09"
            ]
        },
        {
            "server_name": "magmegiillmig4zil.funtogether.xyz:8080",
            "server_url": "http://magmegiillmig4zil.funtogether.xyz:8080/c/",
            "macs": [
                "00:1a:79:ad:12:b4",
                "00:1a:79:a2:b9:5b",
                "00:1a:79:aa:98:67",
                "00:1a:79:a9:2f:01",
                "00:1a:79:a3:8f:b2",
                "00:1a:79:a3:12:ce",
                "00:1a:79:ac:fd:b8",
                "00:1a:79:aa:75:1e",
                "00:1a:79:ab:d3:d8",
                "00:1a:79:ad:df:dd",
                "00:1a:79:aa:e7:80",
                "00:1a:79:a9:f4:80",
                "00:1a:79:a9:a4:36",
                "00:1a:79:ae:68:2b",
                "00:1a:79:aa:7f:f9",
                "00:1a:79:a3:f3:81",
                "00:1a:79:a5:a5:51",
                "00:1a:79:aa:88:36",
                "00:1a:79:a6:f0:2f",
                "00:1a:79:ad:be:fb",
                "00:1a:79:ae:ba:43",
                "00:1a:79:ac:f7:ea",
                "00:1a:79:ad:ad:ab",
                "00:1a:79:a9:25:11",
                "00:1a:79:ad:f2:fb",
                "00:1a:79:ab:c9:31",
                "00:1a:79:aa:c4:f0",
                "00:1a:79:ad:82:12",
                "00:1a:79:ad:4f:d8",
                "00:1a:79:ad:95:ec",
                "00:1a:79:ad:f3:c1",
                "00:1a:79:a9:bc:fe",
                "00:1a:79:ab:59:77",
                "00:1a:79:ae:3c:b3",
                "00:1a:79:a3:64:75",
                "00:1a:79:ae:13:b4",
                "00:1a:79:a5:98:d8",
                "00:1a:79:a7:d0:a5",
                "00:1a:79:ae:44:d5",
                "00:1a:79:ac:56:9a",
                "00:1a:79:a8:d6:c6",
                "00:1a:79:aa:83:60",
                "00:1a:79:a5:60:43",
                "00:1a:79:aa:c4:d9",
                "00:1a:79:ad:11:88",
                "00:1a:79:a6:f0:2f",
                "00:1a:79:ae:de:f8",
                "00:1a:79:a3:16:96",
                "00:1a:79:a6:f0:2f",
                "00:1a:79:a9:31:99",
                "00:1a:79:a4:93:02"
            ]
        },
        {
            "server_name": "1sc33n.com:8000",
            "server_url": "http://1sc33n.com:8000/c/",
            "macs": [
                "00:1a:79:a9:c8:62",
                "00:1a:79:b8:6c:62",
                "00:1a:79:bf:3b:84"
            ]
        },
        {
            "server_name": "onfireboxtv.com",
            "server_url": "http://onfireboxtv.com/c/",
            "macs": [
                "00:1a:79:aa:83:3b",
                "00:1a:79:ae:c7:87",
                "00:1a:79:ac:24:93",
                "00:1a:79:a7:55:b1",
                "00:1a:79:a5:33:be",
                "00:1a:79:a0:58:c1",
                "00:1a:79:a3:40:fc",
                "00:1a:79:a9:e5:4f",
                "00:1a:79:aa:75:ab",
                "00:1a:79:a1:a7:36",
                "00:1a:79:a6:5d:c5",
                "00:1a:79:a3:4c:47",
                "00:1a:79:ae:d8:45",
                "00:1a:79:ac:1f:57",
                "00:1a:79:a6:56:68",
                "00:1a:79:a7:5a:95",
                "00:1a:79:ad:38:b6",
                "00:1a:79:ae:cf:80",
                "00:1a:79:ab:c5:db",
                "00:1a:79:a9:e1:6e",
                "00:1a:79:aa:3e:d0",
                "00:1a:79:ae:78:03",
                "00:1a:79:ae:e2:74",
                "00:1a:79:ac:e4:71",
                "00:1a:79:a7:e1:51",
                "00:1a:79:a9:c4:31",
                "00:1a:79:a8:40:50",
                "00:1a:79:ac:0f:44",
                "00:1a:79:aa:3b:6e"
            ]
        },
        {
            "server_name": "powerip.be:8000",
            "server_url": "http://powerip.be:8000/c/",
            "macs": [
                "00:1a:79:a8:b5:7e",
                "00:1a:79:ac:c8:64",
                "00:1a:79:a9:c0:39",
                "00:1a:79:a5:2e:53",
                "00:1a:79:ab:54:b6",
                "00:1a:79:a4:94:88",
                "00:1a:79:ab:b3:5e",
                "00:1a:79:a8:d1:45",
                "00:1a:79:a7:41:fd",
                "00:1a:79:a1:90:b0",
                "00:1a:79:a1:a9:73",
                "00:1a:79:a6:c9:4a",
                "00:1a:79:a6:1f:98",
                "00:1a:79:a1:90:b0",
                "00:1a:79:ab:94:4d",
                "00:1a:79:aa:ce:44",
                "00:1a:79:a4:40:ad",
                "00:1a:79:ac:78:5d",
                "00:1a:79:a5:a4:e2",
                "00:1a:79:ae:79:a4",
                "00:1a:79:ab:b7:b1",
                "00:1a:79:a3:67:6a",
                "00:1a:79:ad:0d:ac"
            ]
        },
        {
            "server_name": "dcsport.xyz:8080",
            "server_url": "http://dcsport.xyz:8080/c/",
            "macs": [
                "00:1a:79:a2:e8:67",
                "00:1a:79:ac:11:42",
                "00:1a:79:a5:2e:31",
                "00:1a:79:a4:75:cb",
                "00:1a:79:a5:dc:d5",
                "00:1a:79:a8:6e:a5",
                "00:1a:79:ad:43:0f",
                "00:1a:79:ae:c3:08",
                "00:1a:79:a2:28:4d",
                "00:1a:79:ad:e1:a5",
                "00:1a:79:ae:3d:7b",
                "00:1a:79:a0:85:d5",
                "00:1a:79:ad:34:7d",
                "00:1a:79:a2:04:05",
                "00:1a:79:aa:6b:24",
                "00:1a:79:ae:eb:ed",
                "00:1a:79:a6:7f:7c",
                "00:1a:79:a1:e9:4e",
                "00:1a:79:a7:e7:76",
                "00:1a:79:a7:a2:01",
                "00:1a:79:ae:7d:68",
                "00:1a:79:a8:b5:4e",
                "00:1a:79:a7:b9:cb",
                "00:1a:79:ab:61:32",
                "00:1a:79:a3:9e:d0",
                "00:1a:79:ac:0a:05",
                "00:1a:79:ab:a6:a4",
                "00:1a:79:a7:10:e0",
                "00:1a:79:a5:5f:e9",
                "00:1a:79:ad:39:bf",
                "00:1a:79:a0:c0:ad",
                "00:1a:79:ab:8a:31"
            ]
        },
        {
            "server_name": "brokentv.rip:8080",
            "server_url": "http://brokentv.rip:8080/c/",
            "macs": [
                "00:1a:79:66:21:31",
                "00:1a:79:5f:e5:4b",
                "00:1a:79:5d:56:fb",
                "00:1a:79:4f:c7:ee",
                "00:1a:79:ce:65:e5",
                "00:1a:79:a9:be:f3",
                "00:1a:79:9b:46:ae",
                "00:1a:79:e1:3f:04"
            ]
        },
        {
            "server_name": "angeltv.biz:6969",
            "server_url": "http://angeltv.biz:6969/c/",
            "macs": [
                "00:1a:79:79:7f:54",
                "00:1a:79:a5:2e:9d",
                "00:1a:79:0f:04:98",
                "00:1a:79:71:8a:ea",
                "00:1a:79:af:15:c4",
                "00:1a:79:43:11:55",
                "00:1a:79:46:36:66",
                "00:1a:79:61:39:4e",
                "00:1a:79:a4:cd:0a",
                "00:1a:79:a1:0a:41",
                "00:1a:79:f9:ec:11"
            ]
        },
        {
            "server_name": "138.199.51.177:25461",
            "server_url": "http://138.199.51.177:25461/c/",
            "macs": [
                "00:1a:79:9d:16:fe",
                "00:1a:79:a6:be:69",
                "00:1a:79:00:33:bb",
                "00:1a:79:ac:9c:2e",
                "00:1a:79:61:0e:87",
                "00:1a:79:51:e7:d5",
                "00:1a:79:a1:88:1d"
            ]
        },
        {
            "server_name": "mag.diamondma.club",
            "server_url": "http://mag.diamondma.club/c/",
            "macs": [
                "00:1a:79:30:6f:64",
                "00:1a:79:35:99:9f",
                "00:1a:79:27:32:b4",
                "00:1a:79:19:1e:b8",
                "00:1a:79:4e:26:82",
                "00:1a:79:33:1c:4e",
                "00:1a:79:33:02:dd",
                "00:1a:79:1d:09:33",
                "00:1a:79:00:07:96",
                "00:1a:79:17:2b:50",
                "00:1a:79:33:00:79",
                "00:1a:79:00:06:d8",
                "00:1a:79:17:69:8e",
                "00:1a:79:1c:3f:35",
                "00:1a:79:40:7d:fa"
            ]
        },
        {
            "server_name": "lionboxiptv.xyz",
            "server_url": "http://lionboxiptv.xyz/c/",
            "macs": [
                "00:1a:79:af:34:a7"
            ]
        },
        {
            "server_name": "portal1.iptveurope.net:8000",
            "server_url": "http://portal1.iptveurope.net:8000/c/",
            "macs": [
                "00:1a:79:fc:37:95"
            ]
        },
        {
            "server_name": "mature1489.xxx69.in:2082",
            "server_url": "http://mature1489.xxx69.in:2082/c/",
            "macs": [
                "00:1a:79:b2:5e:4e",
                "00:1a:79:a8:25:18",
                "00:1a:79:ac:d3:30",
                "00:1a:79:c6:bf:63",
                "00:1a:79:a1:fc:c8",
                "00:1a:79:bd:12:1d",
                "00:1a:79:ae:28:6d",
                "00:1a:79:b6:7d:f9",
                "00:1a:79:88:7c:67",
                "00:1a:79:5b:e9:31",
                "00:1a:79:b6:7d:f9"
            ]
        }
    ]
}