{
    "items": [
        {
            "server_name": "clientline.club",
            "server_url": "http://clientline.club/c/",
            "macs": [
                "00:1A:79:00:00:00",
                "00:1A:79:00:08:9E",
                "00:1a:79:29:69:75",
                "00:1A:79:38:30:31",
                "00:1A:79:40:3D:EE",
                "00:1A:79:40:BE:73",
                "00:1A:79:40:F1:08",
                "00:1A:79:40:BC:73",
                "00:1A:79:45:00:34",
                "00:1A:79:46:0F:5C",
                "00:1A:79:49:43:B0",
                "00:1a:79:49:3f:f4",
                "00:1a:79:4b:63:27",
                "00:1a:79:4d:ba:1c",
                "00:1A:79:4C:CD:4E",
                "00:1a:79:4e:54:fd",
                "00:1A:79:51:B3:1E",
                "00:1a:79:55:b8:31",
                "00:1A:79:57:E6:0C",
                "00:1A:79:57:A7:05",
                "00:1A:79:59:99:85",
                "00:1A:79:5A:9E:14",
                "00:1A:79:5D:44:54"
            ]
        },
        {
            "server_name": "conas.mythats.com:8080",
            "server_url": "http://conas.mythats.com:8080/c/",
            "macs": [
                "00:1A:79:A5:A8:DB",
                "00:1A:79:AE:2B:F1"
            ]
        },
        {
            "server_name": "line.tivi-one.com",
            "server_url": "http://line.tivi-one.com/c/",
            "macs": [
                "00:1A:79:32:C5:F8"
            ]
        },
        {
            "server_name": "suportecheap.xyz:8080",
            "server_url": "http://suportecheap.xyz:8080/c/",
            "macs": [
                "00:1A:79:0E:18:82",
                "00:1A:79:19:36:ba",
                "00:1a:79:2c:22:e4",
                "00:1A:79:39:91:12",
                "00:1A:79:4D:0B:43",
                "00:1A:79:4D:5F:22",
                "00:1A:79:54:60:33",
                "00:1A:79:AA:B2:91"
            ]
        },
        {
            "server_name": "siggiztv.com:2086",
            "server_url": "http://siggiztv.com:2086/c/",
            "macs": [
                "00:1A:79:00:00:00"
            ]
        },
        {
            "server_name": "deejay.dyndns.org:8080",
            "server_url": "http://deejay.dyndns.org:8080/c/",
            "macs": [
                "00:1a:79:12:34:5a"
            ]
        },
        {
            "server_name": "monerotv.net:1558",
            "server_url": "http://monerotv.net:1558/c/",
            "macs": [
                "00:1A:79:00:5E:4B",
                "00:1A:79:01:81:31"
            ]
        },
        {
            "server_name": "1screen1.com:8000",
            "server_url": "http://1screen1.com:8000/c/",
            "macs": [
                "00:1A:79:a5:e0:6e",
                "00:1A:79:50:bf:23",
                "00:1A:79:b2:23:7c",
                "00:1A:79:bc:e2:ef"
            ]
        },
        {
            "server_name": "starshare.live:8080",
            "server_url": "http://starshare.live:8080/c/",
            "macs": [
                "00:1A:79:36:C1:62",
                "00:1A:79:C7:1E:3C",
                "00:1A:79:44:85:5B"
            ]
        },
        {
            "server_name": "sinal.live:8080",
            "server_url": "http://sinal.live:8080/c/",
            "macs": [
                "00:1A:79:5F:0F:43",
                "00:1A:79:5E:C7:AB",
                "00:1A:79:44:1E:FB",
                "00:1A:79:19:3F:F8",
                "00:1A:79:43:7D:55",
                "00:1A:79:63:9B:B0",
                "00:1A:79:51:4A:1D",
                "00:1A:79:53:05:C3",
                "00:1A:79:C4:34:50",
                "00:1A:79:0F:DE:E6",
                "00:1A:79:01:00:F6",
                "00:1A:79:57:5B:80",
                "00:1A:79:3F:B3:4B",
                "00:1A:79:2A:15:E8",
                "00:1A:79:37:16:CD",
                "00:1A:79:6E:01:A9",
                "00:1A:79:CE:D7:FE",
                "00:1A:79:19:4F:53",
                "00:1A:79:28:0F:38",
                "00:1A:79:36:98:06",
                "00:1A:79:A5:2E:53",
                "00:1A:79:40:43:D9",
                "00:1A:79:68:EE:4F",
                "00:1A:79:45:73:1E",
                "00:1a:79:6f:26:21",
                "00:1A:79:6F:F6:50",
                "00:1A:79:46:0B:3C",
                "00:1A:79:31:e0:60",
                "00:1a:79:3d:c5:82",
                "00:1A:79:31:e0:5D",
                "00:1a:79:51:E3:F5"
            ]
        },
        {
            "server_name": "178.132.78.40:8080",
            "server_url": "http://178.132.78.40:8080/c/",
            "macs": [
                "00:1A:79:b9:c0:fb",
                "00:1A:79:76:54:57",
                "00:1A:79:aa:89:43",
                "00:1A:79:dd:27:71",
                "00:1A:79:b5:04:13",
                "00:1A:79:b5:2e:bb",
                "00:1A:79:b7:68:dc",
                "00:1A:79:b9:d1:5e",
                "00:1A:79:46:ba:de",
                "00:1A:79:d4:5f:eb",
                "00:1A:79:38:33:ac",
                "00:1A:79:aa:76:ed",
                "00:1A:79:b5:2c:7a",
                "00:1A:79:a3:1a:d8",
                "00:1A:79:bd:52:e0",
                "00:1A:79:4f:0a:4f"
            ]
        },
        {
            "server_name": "ip.sltv-c.be:8080",
            "server_url": "http://ip.sltv-c.be:8080/c/",
            "macs": [
                "00:1A:79:00:4B:FF",
                "00:1A:79:75:5A:50",
                "00:1A:79:27:BB:92"
            ]
        },
        {
            "server_name": "1plustv.org:8080",
            "server_url": "http://1plustv.org:8080/c/",
            "macs": [
                "00:1A:79:6E:09:75",
                "00:1A:79:42:EE:83",
                "00:1A:79:2F:86:12"
            ]
        },
        {
            "server_name": "103.71.174.65:80",
            "server_url": "http://103.71.174.65:80/c/",
            "macs": [
                "00:1A:79:14:d3:0d",
                "00:1A:79:91:59:91"
            ]
        },
        {
            "server_name": "maxpanel.xyz:8000",
            "server_url": "http://maxpanel.xyz:8000/c/",
            "macs": [
                "00:1A:79:40:8B:01"
            ]
        },
        {
            "server_name": "a111.info",
            "server_url": "http://a111.info/stalker_portal/c/",
            "macs": [
                "00:1A:79:27:DB:33",
                "00:1A:79:2A:F7:A1",
                "00:1A:79:32:7B:9B",
                "00:1A:79:29:2B:AC",
                "00:1A:79:27:A1:6E",
                "00:1A:79:2F:C7:2A",
                "00:1A:79:29:0D:EE",
                "00:1A:79:4C:7E:2F",
                "00:1A:79:2C:6E:DC",
                "00:1A:79:49:27:8E"
            ]
        },
        {
            "server_name": "5.8.8.35:89",
            "server_url": "http://5.8.8.35:89/c/",
            "macs": [
                "00:1A:79:2D:4C:58",
                "00:1A:79:B9:08:1E",
                "00:1A:79:4E:70:F3"
            ]
        }
    ]
}