{
    "items": [
        {
            "server_name": "cpanel.lionboxiptv.nl",
            "server_url": "http://cpanel.lionboxiptv.nl/c/",
            "macs": [
                "00:1A:79:A2:00:62",
                "00:1A:79:3A:a1:5D",
                "00:1A:79:3A:fb:41",
                "00:1A:79:ff:3F:A7",
                "00:1A:79:3A:db:9D",
                "00:1a:79:57:03:b7",
                "00:1A:79:3A:ac:6F"
            ]
        },
        {
            "server_name": "a.stroj-bt.com:89",
            "server_url": "http://a.stroj-bt.com:89/c/",
            "macs": [
                "00:1A:79:5E:69:00",
                "00:1A:79:60:69:7A",
                "00:1A:79:E5:E2:55",
                "00:1A:79:AE:65:FE"
            ]
        },
        {
            "server_name": "89.187.174.145:25461",
            "server_url": "http://89.187.174.145:25461/c/",
            "macs": [
                "00:1a:79:39:02:84"
            ]
        },
        {
            "server_name": "proxy.ottoprime.net",
            "server_url": "http://proxy.ottoprime.net/c/",
            "macs": [
                "00:1A:79:B0:3F:4B"
            ]
        },
        {
            "server_name": "str1.isv.net:80",
            "server_url": "http://str1.isv.net:80/stalker_portal/c/",
            "macs": [
                "00:1A:79:BA:38:DF"
            ]
        },
        {
            "server_name": "ip.canada4k.cc:8000",
            "server_url": "http://ip.canada4k.cc:8000/c/",
            "macs": [
                "00:1a:79:4e:47:96",
                "00:1a:79:e0:03:68",
                "00:1A:79:0D:71:83",
                "00:1a:79:9d:71:41",
                "00:1a:79:e0:04:5b",
                "00:1A:79:B5:5E:F1",
                "00:1A:79:4C:12:5B",
                "00:1A:79:50:20:88",
                "00:1A:79:53:EC:B9",
                "00:1a:79:a6:fd:7e",
                "00:1a:79:5e:3a:f1",
                "00:1a:79:ab:bd:1b",
                "00:1a:79:2f:12:b1",
                "00:1a:79:b2:03:9c",
                "00:1a:79:d7:30:37",
                "00:1a:79:ab:6b:21",
                "00:1a:79:23:58:17",
                "00:1A:79:0D:10:89",
                "00:1a:79:ab:c7:95",
                "00:1A:79:A4:7F:06",
                "00:1A:79:AE:83:F6",
                "00:1A:79:C2:0F:15",
                "00:1A:79:E9:8A:2C"
            ]
        },
        {
            "server_name": "portal.roshen.live",
            "server_url": "http://portal.roshen.live/stalker_portal/c/",
            "macs": [
                "00:1A:79:84:0C:FD",
                "00:1A:79:73:BD:F2"
            ]
        },
        {
            "server_name": "live.hutv.me:25461",
            "server_url": "http://live.hutv.me:25461/c/",
            "macs": [
                "00:1A:79:DE:FB:56",
                "00:1A:79:3B:22:8A",
                "00:1A:79:C2:D3:93",
                "00:1A:79:D9:CA:A4"
            ]
        },
        {
            "server_name": "mag.moi-dom.tv",
            "server_url": "http://mag.moi-dom.tv/stalker_portal/c/",
            "macs": [
                "00:1A:79:51:A9:A3"
            ]
        },
        {
            "server_name": "a111.info:80",
            "server_url": "http://a111.info:80/stalker_portal/c/",
            "macs": [
                "00:1A:79:08:F8:DE"
            ]
        },
        {
            "server_name": "pro.00387.info",
            "server_url": "http://pro.00387.info/stalker_portal/c/",
            "macs": [
                "00:1A:79:BC:2B:A0",
                "00:1A:79:36:D1:72"
            ]
        },
        {
            "server_name": "s1.dasa.fun",
            "server_url": "http://s1.dasa.fun/stalker_portal/c/",
            "macs": [
                "00:1A:79:54:D2:17"
            ]
        },
        {
            "server_name": "123.playip.net:4554",
            "server_url": "http://123.playip.net:4554/c/",
            "macs": [
                "00:1A:79:F1:FB:6C",
                "00:1A:79:AD:46:16",
                "00:1A:79:19:23:79"
            ]
        },
        {
            "server_name": "stream1.tvs24.net:25461",
            "server_url": "http://stream1.tvs24.net:25461/c/",
            "macs": [
                "00:1A:79:CF:6C:62"
            ]
        },
        {
            "server_name": "smart.shopcoco.site:8080",
            "server_url": "http://smart.shopcoco.site:8080/c/",
            "macs": [
                "00:1A:79:AA:B2:91",
                "00:1A:79:5F:F3:9A",
                "00:1A:79:AA:B2:91",
                "00:1A:79:40:08:52"
            ]
        },
        {
            "server_name": "se.sltv.pw:8080",
            "server_url": "http://se.sltv.pw:8080/c/",
            "macs": [
                "00:1A:79:5A:4F:50",
                "00:1A:79:90:08:DA",
                "00:1A:79:B4:5C:E2",
                "00:1A:79:B6:39:D4",
                "00:1A:79:1E:62:F9",
                "00:1A:79:F5:53:69"
            ]
        },
        {
            "server_name": "covidmap.xyz:8080",
            "server_url": "http://covidmap.xyz:8080/c/",
            "macs": [
                "00:1A:79:e5:d3:7e",
                "00:1A:79:08:2b:be",
                "00:1A:79:bc:df:f0",
                "00:1A:79:5b:df:c0",
                "00:1A:79:ae:73:c3",
                "00:1A:79:50:cd:19",
                "00:1A:79:28:01:87",
                "00:1A:79:53:62:75",
                "00:1A:79:5b:e9:ed",
                "00:1A:79:c0:27:e5",
                "00:1A:79:b0:46:cc",
                "00:1A:79:50:d1:41",
                "00:1A:79:5f:d2:5d",
                "00:1A:79:b0:a8:56",
                "00:1A:79:44:1b:0b",
                "00:1A:79:b0:8e:bb"
            ]
        },
        {
            "server_name": "r.germanyservers.de:8000",
            "server_url": "http://r.germanyservers.de:8000/c/",
            "macs": [
                "00:1A:79:00:03:08",
                "00:1A:79:00:03:04",
                "00:1A:79:00:03:FF",
                "00:1A:79:00:0A:6E",
                "00:1A:79:00:0A:7E",
                "00:1A:79:cc:ca:4c"
            ]
        },
        {
            "server_name": "watch.4kbest.com:8888",
            "server_url": "http://watch.4kbest.com:8888/c/",
            "macs": [
                "00:1A:79:e0:04:58",
                "00:1A:79:55:6c:cd",
                "00:1A:79:47:54:1f",
                "00:1A:79:5f:23:11",
                "00:1A:79:55:51:2b",
                "00:1A:79:40:ab:be",
                "00:1A:79:23:a7:d7",
                "00:1A:79:53:c7:fd",
                "00:1A:79:84:85:94"
            ]
        },
        {
            "server_name": "portal.ramz123.xyz",
            "server_url": "http://portal.ramz123.xyz/c/",
            "macs": [
                "00:1A:79:35:ab:99",
                "00:1A:79:52:ef:f6",
                "00:1A:79:a3:a0:bd",
                "00:1A:79:a4:d5:46",
                "00:1A:79:a9:f4:d2",
                "00:1A:79:3a:2a:52",
                "00:1A:79:89:2e:eb",
                "00:1A:79:ac:f8:69",
                "00:1A:79:cb:db:81",
                "00:1A:79:3e:f0:36",
                "00:1A:79:b3:6e:58",
                "00:1A:79:ae:b6:e8",
                "00:1A:79:b3:2a:94",
                "00:1A:79:b3:67:7d",
                "00:1A:79:39:16:ee",
                "00:1A:79:a7:d4:29",
                "00:1A:79:b5:23:cd",
                "00:1A:79:aa:af:dc",
                "00:1A:79:dd:d5:ff",
                "00:1A:79:3e:7f:13"
            ]
        },
        {
            "server_name": "sultan-iptv.com:80",
            "server_url": "http://sultan-iptv.com:80/c/",
            "macs": [
                "00:1A:79:73:B2:E1",
                "00:1A:79:73:0D:8C",
                "00:1A:79:73:48:4F",
                "00:1A:79:73:27:F0",
                "00:1A:79:73:0D:6B",
                "00:1A:79:73:37:C3",
                "00:1A:79:63:21:E5",
                "00:1A:79:5D:04:03",
                "00:1A:79:5c:e6:c3",
                "00:1a:79:60:0e:9c",
                "00:1a:79:60:0e:9c",
                "00:1A:79:73:37:FA",
                "00:1A:79:73:37:55",
                "00:1A:79:73:A1:C4",
                "00:1A:79:73:7C:2D",
                "00:1a:79:5c:b9:47",
                "00:1A:79:73:B2:A9",
                "00:1A:79:73:4D:35"
            ]
        },
        {
            "server_name": "pro.00387.info",
            "server_url": "http://pro.00387.info/stalker_portal/c/",
            "macs": [
                "00:1A:79:3F:93:D8",
                "00:1A:79:41:A8:D4",
                "00:1A:79:3F:CA:D3",
                "00:1A:79:39:4F:DA",
                "00:1A:79:52:B3:14",
                "00:1A:79:55:EC:72",
                "00:1A:79:2A:14:2C",
                "00:1A:79:2F:4C:98",
                "00:1A:79:25:6D:3D",
                "00:1A:79:2A:14:2C",
                "00:1A:79:39:4F:DA",
                "00:1A:79:52:B3:14",
                "00:1A:79:51:71:38"
            ]
        },
        {
            "server_name": "aceservers.watch:8880",
            "server_url": "http://aceservers.watch:8880/c/",
            "macs": [
                "00:1A:79:00:00:07",
                "00:1A:79:00:00:05",
                "00:1A:79:00:03:04",
                "00:1A:79:00:22:11",
                "00:1A:79:00:24:20",
                "00:1a:79:43:1D:80",
                "00:1a:79:F1:B8:05",
                "00:1A:79:00:00:05",
                "00:1A:79:00:00:07",
                "00:1A:79:00:22:11",
                "00:1A:79:00:8D:5D",
                "00:1A:79:00:8E:E0",
                "00:1A:79:00:8E:C1",
                "00:1A:79:00:99:FD",
                "00:1A:79:00:EF:51"
            ]
        },
        {
            "server_name": "ultrontv.xyz:80",
            "server_url": "http://ultrontv.xyz:80/c/",
            "macs": [
                "00:1A:79:00:7D:0C",
                "00:1A:79:60:37:8A",
                "00:1A:79:A5:20:80",
                "00:1A:79:00:00:00",
                "00:1A:79:30:df:77"
            ]
        },
        {
            "server_name": "samoprizren.live:2082",
            "server_url": "http://samoprizren.live:2082/c/",
            "macs": [
                "00:1A:79:4f:c6:31",
                "00:1A:79:56:98:7c",
                "00:1A:79:00:7C:C3",
                "00:1A:79:5E:2E:5E"
            ]
        }
    ]
}