{
    "items": [
        {
            "server_name": "geckoservers.com:8080",
            "server_url": "http://geckoservers.com:8080/c/",
            "macs": [
                "00:1A:79:00:09:C5",
                "00:1A:79:00:17:30",
                "00:1A:79:00:24:26",
                "00:1A:79:00:24:74",
                "00:1A:79:00:50:15",
                "00:1A:79:00:7A:19",
                "00:1A:79:00:BB:4F",
                "00:1A:79:00:FA:EA",
                "00:1A:79:02:1F:F6",
                "00:1A:79:03:3D:1C",
                "00:1A:79:07:C2:2F",
                "00:1A:79:09:AF:39",
                "00:1A:79:09:C8:25",
                "00:1A:79:0B:27:39",
                "00:1A:79:0E:40:BA",
                "00:1A:79:11:1F:1F",
                "00:1A:79:11:50:B9",
                "00:1A:79:1D:64:53",
                "00:1A:79:20:91:4C",
                "00:1A:79:22:DD:EB",
                "00:1A:79:25:7F:7D",
                "00:1A:79:25:11:01",
                "00:1A:79:25:D3:55",
                "00:1A:79:2B:C0:92",
                "00:1A:79:2D:3C:7E",
                "00:1A:79:30:2A:01",
                "00:1A:79:34:9A:A1",
                "00:1A:79:36:BE:38",
                "00:1A:79:36:D9:0C",
                "00:1A:79:3C:C5:4B",
                "00:1A:79:3F:1E:F2",
                "00:1A:79:3F:1E:E7",
                "00:1A:79:42:EE:DB",
                "00:1A:79:43:72:E3",
                "00:1A:79:4A:19:E6",
                "00:1A:79:4B:BB:43",
                "00:1A:79:4D:C9:E6",
                "00:1A:79:4E:AF:68",
                "00:1A:79:50:4D:0D",
                "00:1A:79:50:D1:54",
                "00:1A:79:51:6D:82",
                "00:1A:79:51:3B:58",
                "00:1A:79:51:7D:66",
                "00:1A:79:55:78:3D",
                "00:1A:79:55:86:B2",
                "00:1A:79:57:B6:9C",
                "00:1A:79:58:17:E0",
                "00:1A:79:58:72:B3",
                "00:1A:79:5A:9B:54",
                "00:1A:79:5A:C3:77",
                "00:1A:79:5C:28:FE",
                "00:1A:79:5B:D5:C1",
                "00:1A:79:5B:00:5B",
                "00:1A:79:5C:0F:28",
                "00:1A:79:5C:E1:52",
                "00:1A:79:5D:39:DC",
                "00:1A:79:5E:26:0C",
                "00:1A:79:5D:FD:61",
                "00:1A:79:5E:EE:56",
                "00:1A:79:60:05:68",
                "00:1A:79:64:01:EE",
                "00:1A:79:64:02:A4",
                "00:1A:79:64:01:92",
                "00:1A:79:66:E8:DC",
                "00:1A:79:68:FF:0E",
                "00:1A:79:68:06:97",
                "00:1A:79:6B:E4:7C",
                "00:1A:79:6B:D9:7B",
                "00:1A:79:6B:95:B0",
                "00:1A:79:6C:DD:00",
                "00:1A:79:6D:B9:FB",
                "00:1A:79:6D:F7:DD",
                "00:1A:79:71:C4:54",
                "00:1A:79:73:11:79",
                "00:1A:79:71:44:11",
                "00:1A:79:73:38:0C",
                "00:1A:79:74:5B:BF",
                "00:1A:79:73:12:B6",
                "00:1A:79:73:38:0B",
                "00:1A:79:73:6A:59",
                "00:1A:79:76:28:51",
                "00:1A:79:73:7B:07",
                "00:1A:79:73:76:DD",
                "00:1A:79:90:0D:CD",
                "00:1A:79:9E:32:8C",
                "00:1A:79:A1:A2:A3",
                "00:1A:79:A5:E1:C3",
                "00:1A:79:AB:FA:F8",
                "00:1A:79:AE:5F:9A",
                "00:1A:79:AE:CC:D6",
                "00:1A:79:B3:75:66",
                "00:1A:79:B4:43:1A",
                "00:1A:79:B5:95:1A",
                "00:1A:79:B7:EB:0A",
                "00:1A:79:b7:51:9D",
                "00:1A:79:C0:28:95",
                "00:1A:79:C0:99:37",
                "00:1A:79:C1:62:66",
                "00:1A:79:C3:0A:59"
            ]
        },
        {
            "server_name": "hd-max.org:8080",
            "server_url": "http://hd-max.org:8080/c/",
            "macs": [
                "00:1A:79:36:E8:68",
                "00:1A:79:0D:C3:4E",
                "00:1A:79:A7:AD:95",
                "00:1A:79:05:D5:26",
                "00:1A:79:62:02:5F",
                "00:1A:79:43:6A:EA",
                "00:1A:79:01:31:06",
                "00:1A:79:00:16:2E",
                "00:1A:79:44:2B:E6",
                "00:1A:79:AD:E2:B1",
                "00:1A:79:31:FA:69",
                "00:1A:79:2E:E1:FA",
                "00:1A:79:22:33:44",
                "00:1A:79:89:F0:D9",
                "00:1A:79:48:03:DB",
                "00:1A:79:4E:E3:96",
                "00:1A:79:54:03:2D",
                "00:1A:79:80:FA:5D",
                "00:1A:79:30:4D:D5",
                "00:1A:79:08:84:10",
                "00:1A:79:15:54:DA",
                "00:1A:79:A3:9E:A9",
                "00:1A:79:88:C6:B6"
            ]
        },
        {
            "server_name": "m1.redirect-4k.com:80",
            "server_url": "http://m1.redirect-4k.com:80/c/",
            "macs": [
                "00:1A:79:44:c2:44",
                "00:1A:79:24:83:43",
                "00:1A:79:56:2f:02",
                "00:1A:79:5c:46:6b",
                "00:1A:79:22:20:f7",
                "00:1A:79:57:a4:a2",
                "00:1A:79:c3:b9:0b",
                "00:1A:79:bb:1f:01"
            ]
        },
        {
            "server_name": "live.hutv.me:25461",
            "server_url": "http://live.hutv.me:25461/c/",
            "macs": [
                "00:1A:79:47:C2:E8"
            ]
        },
        {
            "server_name": "mag.dmtn.tv:8080",
            "server_url": "http://mag.dmtn.tv:8080/c/",
            "macs": [
                "00:1A:79:46:B6:E4"
            ]
        },
        {
            "server_name": "murphysway.live:80",
            "server_url": "http://murphysway.live:80/c/",
            "macs": [
                "00:1A:79:00:15:1D",
                "00:1A:79:00:21:33",
                "00:1A:79:00:34:7C",
                "00:1A:79:01:5C:73",
                "00:1A:79:01:AF:F7",
                "00:1A:79:01:E4:2F",
                "00:1A:79:01:FE:29",
                "00:1A:79:02:66:9D",
                "00:1A:79:02:AF:0E",
                "00:1A:79:02:D8:46",
                "00:1A:79:03:43:82",
                "00:1A:79:03:63:21",
                "00:1A:79:03:87:57",
                "00:1A:79:03:8D:79",
                "00:1A:79:03:93:56",
                "00:1A:79:03:AB:A6",
                "00:1A:79:03:FB:EF",
                "00:1A:79:04:29:07",
                "00:1A:79:04:C5:48",
                "00:1A:79:05:29:00",
                "00:1A:79:05:2D:51",
                "00:1A:79:05:6B:67",
                "00:1A:79:05:C8:2C",
                "00:1A:79:05:FD:6B",
                "00:1A:79:06:DB:81",
                "00:1A:79:06:C2:5F",
                "00:1A:79:06:C9:B5",
                "00:1A:79:07:39:89",
                "00:1A:79:07:E3:09",
                "00:1A:79:09:99:04",
                "00:1A:79:09:9E:46",
                "00:1A:79:0C:B5:8B",
                "00:1A:79:10:EF:33",
                "00:1A:79:12:4D:8C",
                "00:1A:79:16:A3:A9",
                "00:1A:79:1E:2F:FC",
                "00:1A:79:24:1B:56",
                "00:1A:79:2D:C2:84",
                "00:1A:79:34:63:50",
                "00:1A:79:3C:C5:42",
                "00:1A:79:3C:C7:AA",
                "00:1A:79:3C:C6:F8",
                "00:1A:79:3C:C7:5B",
                "00:1A:79:40:03:5E",
                "00:1A:79:40:02:80",
                "00:1A:79:40:3D:E7",
                "00:1A:79:40:44:18",
                "00:1A:79:40:45:C9",
                "00:1A:79:40:D6:44",
                "00:1A:79:40:D6:75",
                "00:1A:79:44:B1:9D",
                "00:1A:79:45:32:7B",
                "00:1A:79:45:7B:5A",
                "00:1A:79:47:97:C4",
                "00:1A:79:47:B2:F4",
                "00:1A:79:48:A4:39",
                "00:1A:79:49:1A:E4",
                "00:1A:79:49:2D:10",
                "00:1A:79:49:45:E9",
                "00:1A:79:49:2F:67",
                "00:1A:79:49:60:BF",
                "00:1A:79:49:60:BA",
                "00:1A:79:49:45:F6",
                "00:1A:79:49:82:30",
                "00:1A:79:49:4C:05",
                "00:1A:79:49:83:41",
                "00:1A:79:49:A5:5E",
                "00:1A:79:49:C9:B6",
                "00:1A:79:49:81:14",
                "00:1A:79:49:CC:F9",
                "00:1A:79:49:9D:7A",
                "00:1A:79:49:A3:F6",
                "00:1A:79:4B:5D:D2",
                "00:1A:79:4B:FB:F9",
                "00:1A:79:4C:ED:00",
                "00:1A:79:4E:38:BF",
                "00:1A:79:4F:66:5C",
                "00:1A:79:50:15:DE",
                "00:1A:79:50:5F:CA",
                "00:1A:79:50:BC:58",
                "00:1A:79:50:DF:BA",
                "00:1A:79:51:44:85",
                "00:1A:79:51:43:CC",
                "00:1A:79:51:72:82",
                "00:1A:79:52:3D:86",
                "00:1A:79:53:F0:80"
            ]
        },
        {
            "server_name": "p5.giffy.be:8080",
            "server_url": "http://p5.giffy.be:8080/c/",
            "macs": [
                "00:1A:79:00:8F:E2",
                "00:1A:79:01:5F:5B",
                "00:1A:79:08:2F:F6",
                "00:1A:79:11:25:02",
                "00:1A:79:12:0F:48",
                "00:1A:79:12:2F:57",
                "00:1A:79:15:0F:18",
                "00:1A:79:15:2F:08",
                "00:1A:79:15:2F:B4",
                "00:1A:79:16:6F:1B",
                "00:1A:79:27:33:05",
                "00:1A:79:29:1F:29",
                "00:1A:79:29:1F:2C",
                "00:1A:79:29:3F:EE",
                "00:1A:79:30:0F:2E",
                "00:1A:79:30:0F:44",
                "00:1A:79:30:0F:5A",
                "00:1A:79:31:83:F6"
            ]
        },
        {
            "server_name": "hd-max.org:8080",
            "server_url": "http://hd-max.org:8080/c/",
            "macs": [
                "00:1A:79:AD:78:41",
                "00:1A:79:69:FD:BE",
                "00:1A:79:44:2A:B7",
                "00:1A:79:05:F4:EF",
                "00:1A:79:BF:A3:1A",
                "00:1A:79:55:12:5A",
                "00:1A:79:71:4F:52",
                "00:1A:79:67:86:58",
                "00:1A:79:A7:09:7C",
                "00:1A:79:39:21:34",
                "00:1A:79:47:56:1C",
                "00:1A:79:A6:DF:78",
                "00:1A:79:23:C7:20",
                "00:1A:79:57:18:DB",
                "00:1A:79:5C:CF:27",
                "00:1A:79:B5:19:FB",
                "00:1A:79:6D:CD:44",
                "00:1A:79:44:7B:AA",
                "00:1A:79:66:20:92",
                "00:1A:79:51:42:16",
                "00:1A:79:01:09:B3",
                "00:1A:79:88:48:DF",
                "00:1A:79:54:09:1A",
                "00:1A:79:70:6E:69",
                "00:1A:79:9F:89:A7",
                "00:1A:79:40:7C:54",
                "00:1A:79:28:63:BF",
                "00:1A:79:40:92:16",
                "00:1A:79:6A:C3:85",
                "00:1A:79:9E:E4:4B",
                "00:1A:79:BA:98:FD",
                "00:1A:79:5F:0F:43",
                "00:1A:79:56:AA:27",
                "00:1A:79:85:12:55",
                "00:1A:79:FB:18:FA",
                "00:1A:79:52:FB:71",
                "00:1A:79:A8:D6:FC",
                "00:1A:79:44:16:34",
                "00:1A:79:52:BB:69",
                "00:1A:79:55:6C:AB",
                "00:1A:79:A4:4F:01",
                "00:1A:79:10:37:62",
                "00:1A:79:53:C9:33",
                "00:1A:79:18:1F:A0",
                "00:1A:79:11:7F:8B",
                "00:1A:79:34:AF:49",
                "00:1A:79:AC:DC:7B",
                "00:1A:79:4A:23:5C",
                "00:1A:79:2A:A8:BD",
                "00:1A:79:56:13:65"
            ]
        },
        {
            "server_name": "westviewrent.xyz:8080",
            "server_url": "http://westviewrent.xyz:8080/c/",
            "macs": [
                "00:1A:79:bc:d9:b5",
                "00:1A:79:b5:0b:36",
                "00:1A:79:c1:a3:16",
                "00:1A:79:b0:4c:ad",
                "00:1A:79:b3:d3:75",
                "00:1A:79:a4:3a:e2",
                "00:1A:79:9a:41:07",
                "00:1A:79:b9:ee:b4",
                "00:1A:79:5b:de:dc",
                "00:1A:79:3c:85:57",
                "00:1A:79:bd:31:aa",
                "00:1A:79:ca:e1:b2",
                "00:1A:79:bd:98:8a",
                "00:1A:79:b7:58:d1",
                "00:1A:79:bf:8e:f3",
                "00:1A:79:ae:c8:4b",
                "00:1A:79:b0:46:c5",
                "00:1A:79:b3:b2:06",
                "00:1A:79:dc:10:6c",
                "00:1A:79:ad:c3:4e",
                "00:1A:79:b2:46:d1",
                "00:1A:79:bc:d9:b5",
                "00:1A:79:b5:0b:36",
                "00:1A:79:c1:a3:16",
                "00:1A:79:b0:4c:ad",
                "00:1A:79:b3:d3:75",
                "00:1A:79:a4:3a:e2"
            ]
        },
        {
            "server_name": "m1.redirect-4k.com:80",
            "server_url": "http://m1.redirect-4k.com:80/c/",
            "macs": [
                "00:1A:79:d8:9f:ad",
                "00:1A:79:ea:8f:82",
                "00:1A:79:59:d2:9f"
            ]
        },
        {
            "server_name": "iptv.bestchoicetv.vip:8080",
            "server_url": "http://iptv.bestchoicetv.vip:8080/c/",
            "macs": [
                "00:1a:79:c1:5d:1c",
                "00:1a:79:bb:42:c8",
                "00:1a:79:97:42:72",
                "00:1a:79:31:da:21",
                "00:1a:79:37:c7:a8",
                "00:1a:79:56:ad:70",
                "00:1a:79:e0:3f:ee",
                "00:1a:79:6e:4a:81",
                "00:1a:79:b4:e1:ba",
                "00:1a:79:ce:94:b3",
                "00:1a:79:6a:f9:f0",
                "00:1a:79:59:4c:b2",
                "00:1a:79:50:e9:08",
                "00:1a:79:37:8a:35",
                "00:1a:79:ab:5e:8b",
                "00:1a:79:34:e4:ec",
                "00:1a:79:49:42:2d",
                "00:1a:79:42:67:ce",
                "00:1a:79:4c:ca:70",
                "00:1a:79:47:40:70",
                "00:1a:79:a3:9f:34",
                "00:1a:79:1f:1a:a9",
                "00:1a:79:23:76:54",
                "00:1a:79:2d:b4:97",
                "00:1a:79:54:9c:58",
                "00:1a:79:ce:43:ac",
                "00:1a:79:ba:a6:df"
            ]
        },
        {
            "server_name": "bluepanther.live:8080",
            "server_url": "http://bluepanther.live:8080/c/",
            "macs": [
                "00:1A:79:b2:52:8a",
                "00:1A:79:bc:07:8c",
                "00:1A:79:b5:1e:85",
                "00:1A:79:bc:40:f0",
                "00:1A:79:bc:07:40",
                "00:1A:79:b9:76:20"
            ]
        },
        {
            "server_name": "hostengine.live:80",
            "server_url": "http://hostengine.live:80/c/",
            "macs": [
                "00:1A:79:b3:3b:fb",
                "00:1A:79:5b:7b:37",
                "00:1A:79:b8:0f:80",
                "00:1A:79:b8:10:00",
                "00:1A:79:b6:c5:ad",
                "00:1A:79:25:58:26",
                "00:1A:79:c1:11:f8",
                "00:1A:79:c5:20:94",
                "00:1A:79:b7:00:d6",
                "00:1A:79:c0:52:52"
            ]
        },
        {
            "server_name": "myzamdl.co.uk:2086",
            "server_url": "http://myzamdl.co.uk:2086/c/",
            "macs": [
                "00:1A:79:24:3e:83",
                "00:1A:79:43:a6:ba",
                "00:1A:79:4c:36:2b",
                "00:1A:79:a7:bd:14",
                "00:1A:79:8a:97:10",
                "00:1A:79:b7:4d:bb",
                "00:1A:79:3f:fc:14",
                "00:1A:79:bd:6d:89",
                "00:1A:79:61:4c:34",
                "00:1A:79:b6:bf:9e",
                "00:1A:79:e4:88:4c"
            ]
        },
        {
            "server_name": "sm12.sunmoney.net",
            "server_url": "http://sm12.sunmoney.net/stalker_portal/c/",
            "macs": [
                "00:1A:79:5d:ee:ff",
                "00:1A:79:4f:aa:9f",
                "00:1A:79:6d:f1:30",
                "00:1A:79:5f:60:2d",
                "00:1A:79:31:64:61",
                "00:1A:79:5c:03:f0",
                "00:1A:79:5a:0d:d9",
                "00:1A:79:58:75:a7",
                "00:1A:79:4b:b0:96",
                "00:1A:79:6e:7b:c2",
                "00:1A:79:49:13:04",
                "00:1A:79:fc:54:88",
                "00:1A:79:76:86:4e",
                "00:1A:79:49:1f:76",
                "00:1A:79:47:10:b4",
                "00:1A:79:5e:ed:48",
                "00:1A:79:5b:d8:e7",
                "00:1A:79:ab:fc:99",
                "00:1A:79:68:14:0c",
                "00:1A:79:68:fe:7e"
            ]
        },
        {
            "server_name": "tv.trexiptv.com:8000",
            "server_url": "http://tv.trexiptv.com:8000/c/",
            "macs": [
                "00:1A:79:83:D4:D5",
                "00:1A:79:A9:CC:FF",
                "00:1A:79:8E:EC:CF",
                "00:1A:79:74:E8:9A",
                "00:1A:79:C3:1E:E9",
                "00:1A:79:5B:80:B9",
                "00:1A:79:63:FE:20",
                "00:1A:79:A1:1C:58"
            ]
        },
        {
            "server_name": "mag.ginclubmalta.com:25461",
            "server_url": "http://mag.ginclubmalta.com:25461/c/",
            "macs": [
                "00:1A:79:B3:9D:6C"
            ]
        },
        {
            "server_name": "triptv.club:8000",
            "server_url": "http://triptv.club:8000/c/",
            "macs": [
                "00:1A:79:8E:EC:CF"
            ]
        },
        {
            "server_name": "portal1.iptv-mag.com",
            "server_url": "http://portal1.iptv-mag.com/c/",
            "macs": [
                "00:1A:79:62:06:7E"
            ]
        },
        {
            "server_name": "triptv.club",
            "server_url": "http://triptv.club/c/",
            "macs": [
                "00:1A:79:5B:80:B9",
                "00:1A:79:A1:1C:58",
                "00:1A:79:74:E8:9A",
                "00:1A:79:63:FE:20"
            ]
        },
        {
            "server_name": "swedenplay.one:8080",
            "server_url": "http://swedenplay.one:8080/c/",
            "macs": [
                "00:1A:79:B8:8E:45"
            ]
        },
        {
            "server_name": "p1.iptvprivateserver.tv",
            "server_url": "http://p1.iptvprivateserver.tv/c/",
            "macs": [
                "00:1A:79:2D:84:10"
            ]
        },
        {
            "server_name": "alblive.org",
            "server_url": "http://alblive.org/c/",
            "macs": [
                "00:1A:79:34:02:BB"
            ]
        },
        {
            "server_name": "iptv.gptv.xyz",
            "server_url": "http://iptv.gptv.xyz/c/",
            "macs": [
                "00:1A:79:12:2C:CC"
            ]
        },
        {
            "server_name": "x4ever.eu:8000",
            "server_url": "http://x4ever.eu:8000/c/",
            "macs": [
                "00:1A:79:38:1D:D9"
            ]
        },
        {
            "server_name": "line.4k-eu.com:80",
            "server_url": "http://line.4k-eu.com:80/c/",
            "macs": [
                "00:1A:79:6f:0f:54",
                "00:1A:79:73:be:02",
                "00:1A:79:b3:11:98",
                "00:1A:79:5e:b7:05",
                "00:1A:79:aa:d2:92",
                "00:1A:79:6f:f3:6b",
                "00:1A:79:36:fd:22",
                "00:1A:79:ad:86:db"
            ]
        },
        {
            "server_name": "p4.giffy.be:8080",
            "server_url": "http://p4.giffy.be:8080/c/",
            "macs": [
                "00:1A:79:64:4F:AE"
            ]
        },
        {
            "server_name": "mymag.tv:8080",
            "server_url": "http://mymag.tv:8080/c/",
            "macs": [
                "00:1A:79:4C:83:45",
                "00:1A:79:4C:83:45",
                "00:1A:79:16:cc:d0",
                "00:1A:79:31:bf:ba",
                "00:1A:79:50:04:B3",
                "00:1A:79:16:cc:d0",
                "00:1A:79:31:bf:ba",
                "00:1A:79:16:cc:d0",
                "00:1A:79:50:04:B3",
                "00:1A:79:31:bf:ba",
                "00:1A:79:31:bf:ba",
                "00:1a:79:98:c5:7d",
                "00:1a:79:ab:5f:60",
                "00:1A:79:40:CF:5E",
                "00:1A:79:40:D1:2C",
                "00:1a:79:40:47:a8",
                "00:1A:79:02:50:99"
            ]
        },
        {
            "server_name": "89.41.179.17:25461",
            "server_url": "http://89.41.179.17:25461/c/",
            "macs": [
                "00:1A:79:cf:67:89",
                "00:1A:79:5c:a9:36",
                "00:1A:79:5c:44:33",
                "00:1A:79:43:69:4c",
                "00:1A:79:ff:af:5d",
                "00:1A:79:65:72:9f"
            ]
        },
        {
            "server_name": "in.lionboxiptv.nl",
            "server_url": "http://in.lionboxiptv.nl/c/",
            "macs": [
                "00:1A:79:ae:a9:7f",
                "00:1A:79:03:13:d5",
                "00:1A:79:56:b9:25",
                "00:1A:79:2b:c0:69",
                "00:1A:79:31:7e:b2",
                "00:1A:79:b4:2f:74",
                "00:1A:79:8f:f9:3f",
                "00:1A:79:ab:1a:05",
                "00:1A:79:c8:7f:19",
                "00:1A:79:ba:09:58",
                "00:1A:79:b9:be:cc",
                "00:1A:79:b2:12:31",
                "00:1A:79:b7:86:88",
                "00:1A:79:be:9d:e3",
                "00:1A:79:a2:c9:fb",
                "00:1A:79:a6:7c:50",
                "00:1A:79:a9:e2:c6",
                "00:1A:79:b0:e7:51",
                "00:1A:79:f6:55:3a",
                "00:1A:79:be:91:ad",
                "00:1A:79:19:44:5f",
                "00:1A:79:53:c8:0c",
                "00:1A:79:31:87:e5",
                "00:1A:79:bb:51:fd",
                "00:1A:79:be:9d:e3",
                "00:1A:79:ac:7f:23",
                "00:1A:79:a2:6f:1d",
                "00:1A:79:a5:96:82",
                "00:1A:79:ab:cd:7b",
                "00:1A:79:bb:4b:59",
                "00:1A:79:5d:00:ef"
            ]
        }
    ]
}