{
    "items": [
        {
            "server_name": "line.tvdsz.cc:80",
            "server_url": "http://line.tvdsz.cc:80/c/",
            "macs": [
                "00:1A:79:F5:0D:D6",
                "00:1A:79:AE:26:F2",
                "00:1A:79:B5:9E:CB"
            ]
        },
        {
            "server_name": "magm1giillmig.funtogether.xyz:8080",
            "server_url": "http://magm1giillmig.funtogether.xyz:8080/c/",
            "macs": []
        },
        {
            "server_name": "brokentv.rip:8080",
            "server_url": "http://brokentv.rip:8080/c/",
            "macs": [
                "00:1A:79:A2:F6:3C",
                "00:1A:79:74:B6:6B",
                "00:1A:79:AF:B3:BA",
                "00:1A:79:CB:A4:AA",
                "00:1A:79:04:02:4F",
                "00:1A:79:A9:2F:AA",
                "00:1A:79:73:2E:EE"
            ]
        },
        {
            "server_name": "1978.magpt.me:8080",
            "server_url": "http://1978.magpt.me:8080/c/",
            "macs": [
                "00:1A:79:39:EF:D3",
                "00:1A:79:AE:CC:7B",
                "00:1A:79:64:26:CE"
            ]
        },
        {
            "server_name": "cdn-reload.xyz:8080",
            "server_url": "http://cdn-reload.xyz:8080/c/",
            "macs": [
                "00:1A:79:45:01:27",
                "00:1A:79:D2:D5:F0",
                "00:1A:79:C6:87:49"
            ]
        }
    ]
}