{
    "items": [
        {
            "server_name": "main.4k-ott.com:80",
            "server_url": "http://main.4k-ott.com:80/c/",
            "macs": [
                "00:1a:79:8b:3b:09",
                "00:1a:79:7c:07:24",
                "00:1a:79:20:6f:6f",
                "00:1a:79:bb:ed:fd",
                "00:1a:79:0e:61:e7",
                "00:1a:79:61:d4:0a",
                "00:1a:79:6a:bd:df",
                "00:1a:79:e5:b0:bb",
                "00:1a:79:57:9f:52",
                "00:1a:79:bb:f5:74",
                "00:1a:79:c3:bb:c3"
            ]
        },
        {
            "server_name": "tipxpto.club:8080",
            "server_url": "http://tipxpto.club:8080/c/",
            "macs": [
                "00:1a:79:a3:f9:99",
                "00:1a:79:ad:44:bd",
                "00:1a:79:c0:85:50"
            ]
        },
        {
            "server_name": "elboxtv.com:1985",
            "server_url": "http://elboxtv.com:1985/c/",
            "macs": [
                "00:1a:79:71:9a:59"
            ]
        },
        {
            "server_name": "hbio.live:80",
            "server_url": "http://hbio.live:80/c/",
            "macs": [
                "00:1a:79:74:f1:ed",
                "00:1a:79:48:26:53",
                "00:1a:79:75:39:8b",
                "00:1a:79:9b:e8:fd",
                "00:1a:79:a6:a0:02",
                "00:1a:79:76:8f:e8",
                "00:1a:79:38:05:5f",
                "00:1a:79:b8:be:73",
                "00:1a:79:c2:c2:79",
                "00:1a:79:e8:df:9e",
                "00:1a:79:ad:76:60",
                "00:1a:79:77:4e:94"
            ]
        },
        {
            "server_name": "ip.king-cobra.eu:8080",
            "server_url": "http://ip.king-cobra.eu:8080/c/",
            "macs": [
                "00:1a:79:31:7f:e0",
                "00:1a:79:bb:35:58",
                "00:1a:79:6a:48:80",
                "00:1a:79:75:ee:ee",
                "00:1a:79:8c:6e:a1",
                "00:1a:79:6e:b6:c0",
                "00:1a:79:ba:bd:14",
                "00:1a:79:ba:0a:b8"
            ]
        },
        {
            "server_name": "gatoriptv.co:80",
            "server_url": "http://gatoriptv.co:80/c/",
            "macs": [
                "00:1a:79:ed:fa:c6",
                "00:1a:79:62:b3:c8",
                "00:1a:79:e3:6f:f2",
                "00:1a:79:84:77:1e",
                "00:1a:79:7a:7d:b7",
                "00:1a:79:3a:2d:b6",
                "00:1a:79:c2:4d:21",
                "00:1a:79:52:3b:62",
                "00:1a:79:ae:f7:06",
                "00:1a:79:b0:6e:9d"
            ]
        },
        {
            "server_name": "vipertv.vip:8080",
            "server_url": "http://vipertv.vip:8080/c/",
            "macs": [
                "00:1a:79:33:62:0a",
                "00:1a:79:68:e2:6d",
                "00:1a:79:0d:16:f1",
                "00:1a:79:74:08:1f",
                "00:1a:79:4f:da:f4",
                "00:1a:79:bf:c7:e4",
                "00:1a:79:b9:52:66",
                "00:1a:79:df:40:b4",
                "00:1a:79:ae:a1:3e",
                "00:1a:79:75:64:68"
            ]
        },
        {
            "server_name": "wisdomiptv.com",
            "server_url": "http://wisdomiptv.com/c/",
            "macs": [
                "00:1a:79:88:26:a3",
                "00:1a:79:47:6b:6d",
                "00:1a:79:20:bc:63",
                "00:1a:79:5b:0f:d1",
                "00:1a:79:b5:91:d4",
                "00:1a:79:c7:4a:a0",
                "00:1a:79:70:c0:63",
                "00:1a:79:b2:dd:60",
                "00:1a:79:b4:67:e9",
                "00:1a:79:5f:97:e4",
                "00:1a:79:ee:57:45"
            ]
        }
    ]
}