{
    "items": [
        {
            "server_name": "tv.cloudcdn.me:80",
            "server_url": "http://tv.cloudcdn.me:80/c/",
            "macs": [
                "00:1a:79:60:12:43",
                "00:1a:79:ab:e0:06",
                "00:1a:79:0e:f7:ba",
                "00:1a:79:10:1b:23",
                "00:1a:79:af:a0:a9",
                "00:1a:79:33:e7:e4"
            ]
        },
        {
            "server_name": "blackvt.ml:8000",
            "server_url": "http://blackvt.ml:8000/c/",
            "macs": [
                "00:1a:79:41:75:d6"
            ]
        },
        {
            "server_name": "hd.biba-iptv.com:8000",
            "server_url": "http://hd.biba-iptv.com:8000/c/",
            "macs": [
                "00:1a:79:43:0e:ee"
            ]
        },
        {
            "server_name": "tv.cloudcdn.online",
            "server_url": "http://tv.cloudcdn.online/c/",
            "macs": [
                "00:1a:79:6c:30:bb",
                "00:1a:79:22:76:0f",
                "00:1a:79:c4:05:62",
                "00:1a:79:a5:d6:1e"
            ]
        },
        {
            "server_name": "griptv.ottc.pro",
            "server_url": "http://griptv.ottc.pro/c/",
            "macs": [
                "00:1a:79:7a:0e:e1",
                "00:1a:79:02:68:fb",
                "00:1a:79:01:53:e9",
                "00:1a:79:c8:5d:ef",
                "00:1a:79:c6:76:f4",
                "00:1a:79:5f:d0:ca"
            ]
        },
        {
            "server_name": "hbio.live:80",
            "server_url": "http://hbio.live:80/c/",
            "macs": [
                "00:1a:79:b0:73:2c",
                "00:1a:79:99:f6:38",
                "00:1a:79:c9:cf:36",
                "00:1a:79:77:08:7f",
                "00:1a:79:48:da:bc",
                "00:1a:79:c1:a4:63",
                "00:1a:79:33:b2:db",
                "00:1a:79:61:61:35",
                "00:1a:79:af:73:0c",
                "00:1a:79:4f:cc:14",
                "00:1a:79:bd:4a:7b",
                "00:1a:79:6d:09:90"
            ]
        },
        {
            "server_name": "bosszx.bio:80",
            "server_url": "http://bosszx.bio:80/c/",
            "macs": [
                "00:1a:79:52:19:65",
                "00:1a:79:8b:27:93",
                "00:1a:79:c7:b0:22",
                "00:1a:79:a0:a5:88",
                "00:1a:79:bf:8c:7e",
                "00:1a:79:56:b4:5f",
                "00:1a:79:01:66:1a",
                "00:1a:79:52:1c:f1"
            ]
        },
        {
            "server_name": "wisdomiptv.com",
            "server_url": "http://wisdomiptv.com/c/",
            "macs": [
                "00:1a:79:5d:a6:dd",
                "00:1a:79:4c:2f:82",
                "00:1a:79:e8:aa:0d",
                "00:1a:79:41:c7:93",
                "00:1a:79:3d:0a:b7",
                "00:1a:79:53:91:7d",
                "00:1a:79:b8:24:ad",
                "00:1a:79:34:73:16",
                "00:1a:79:74:b5:4f",
                "00:1a:79:b2:08:4d",
                "00:1a:79:48:6e:2a"
            ]
        },
        {
            "server_name": "letmein.fun:8080",
            "server_url": "http://letmein.fun:8080/c/",
            "macs": [
                "00:1a:79:ab:f2:ad",
                "00:1a:79:ab:90:cd",
                "00:1a:79:a7:b6:60",
                "00:1a:79:a2:fe:e2",
                "00:1a:79:a3:17:7b",
                "00:1a:79:ab:e9:30",
                "00:1a:79:ad:75:cf",
                "00:1a:79:a5:e4:41",
                "00:1a:79:ab:ab:2e",
                "00:1a:79:a3:8a:ae"
            ]
        }
    ]
}