{
    "items": [
        {
            "server_name": "mag.premiumpowers.net:80",
            "server_url": "http://mag.premiumpowers.net:80/c/",
            "macs": [
                "00:1A:79:58:F6:F9",
                "00:1A:79:33:11:62"
            ]
        },
        {
            "server_name": "mag.premiumpowers.net:80",
            "server_url": "http://mag.premiumpowers.net:80/c/",
            "macs": [
                "00:1A:79:7D:7C:56",
                "00:1A:79:94:49:22"
            ]
        },
        {
            "server_name": "mag.premiumpowers.net:80",
            "server_url": "http://mag.premiumpowers.net:80/c/",
            "macs": [
                "00:1A:79:C4:00:CF"
            ]
        },
        {
            "server_name": "mag.premiumpowers.net:80",
            "server_url": "http://mag.premiumpowers.net:80/c/",
            "macs": [
                "00:1A:79:73:E0:DB"
            ]
        },
        {
            "server_name": "mag.premiumpowers.net:80",
            "server_url": "http://mag.premiumpowers.net:80/c/",
            "macs": [
                "00:1A:79:B3:33:5E",
                "00:1A:79:CB:CD:B5"
            ]
        },
        {
            "server_name": "mag.premiumpowers.net:80",
            "server_url": "http://mag.premiumpowers.net:80/c/",
            "macs": [
                "00:1A:79:4E:32:6A"
            ]
        },
        {
            "server_name": "mag.premiumpowers.net:80",
            "server_url": "http://mag.premiumpowers.net:80/c/",
            "macs": [
                "00:1A:79:6E:36:BD",
                "00:1A:79:78:D4:68"
            ]
        },
        {
            "server_name": "mag.premiumpowers.net:80",
            "server_url": "http://mag.premiumpowers.net:80/c/",
            "macs": [
                "00:1A:79:5E:3F:29",
                "00:1A:79:B0:62:05"
            ]
        },
        {
            "server_name": "plustv.ws:80",
            "server_url": "http://plustv.ws:80/c/",
            "macs": [
                "00:1a:79:90:43:85",
                "00:1a:79:72:f6:b1",
                "00:1a:79:30:8f:aa",
                "00:1a:79:5a:3f:ae",
                "00:1a:79:e0:2f:98",
                "00:1a:79:36:6f:d4"
            ]
        },
        {
            "server_name": "hahaiptv.net:8880",
            "server_url": "http://hahaiptv.net:8880/c/",
            "macs": [
                "00:1A:79:A6:36:65",
                "00:1A:79:A6:36:65",
                "00:1A:79:B8:A5:A7",
                "00:1A:79:B8:A5:A7",
                "00:1A:79:42:CA:9A",
                "00:1A:79:42:CA:9A",
                "00:1A:79:AA:19:FF",
                "00:1A:79:AA:19:FF",
                "00:1A:79:A6:B7:95",
                "00:1A:79:A6:B7:95",
                "00:1A:79:42:EE:45",
                "00:1A:79:42:EE:45",
                "00:1A:79:2A:5D:D8",
                "00:1A:79:2A:5D:D8",
                "00:1A:79:8A:6D:24",
                "00:1A:79:8A:6D:24",
                "00:1A:79:A8:C2:43",
                "00:1A:79:A8:C2:43",
                "00:1A:79:A8:75:02",
                "00:1A:79:A8:75:02"
            ]
        }
    ]
}