{
    "items": [
        {
            "server_name": "atg100.xyz",
            "server_url": "http://atg100.xyz/c/",
            "macs": [
                "00:1a:79:c5:23:6a",
                "00:1a:79:00:35:d4",
                "00:1a:79:50:7f:35",
                "00:1a:79:0b:65:b1",
                "00:1a:79:5b:90:02",
                "00:1a:79:00:72:12",
                "00:1a:79:a2:e4:8c",
                "00:1a:79:b3:48:f5",
                "00:1a:79:ca:6b:9f",
                "00:1a:79:18:8f:a8",
                "00:1a:79:cd:50:5b",
                "00:1a:79:2c:d8:8f",
                "00:1a:79:b1:35:2e",
                "00:1a:79:32:0f:4d",
                "00:1a:79:5a:e8:99",
                "00:1a:79:af:b8:4a",
                "00:1a:79:75:ca:e8",
                "00:1a:79:b0:6f:f5",
                "00:1a:79:52:65:87",
                "00:1a:79:ae:c2:8e",
                "00:1a:79:c1:60:6a",
                "00:1a:79:6d:5f:7c",
                "00:1a:79:b6:fe:67",
                "00:1a:79:af:06:cb",
                "00:1a:79:70:90:6e",
                "00:1a:79:65:d7:52",
                "00:1a:79:77:1c:83",
                "00:1a:79:5e:9d:48",
                "00:1a:79:bd:90:07",
                "00:1a:79:67:4d:d4",
                "00:1a:79:c1:1b:1a",
                "00:1a:79:3a:ae:45",
                "00:1a:79:83:23:07",
                "00:1a:79:c3:a6:80",
                "00:1a:79:20:35:44",
                "00:1a:79:d0:0a:0e",
                "00:1a:79:78:84:e5",
                "00:1a:79:5d:7f:27",
                "00:1a:79:51:e1:fc"
            ]
        },
        {
            "server_name": "watch.push4k.tv",
            "server_url": "http://watch.push4k.tv/stalker_portal/c/",
            "macs": [
                "00:1A:79:E9:79:62",
                "00:1A:79:58:6E:82",
                "00:1A:79:54:19:A1",
                "00:1A:79:63:A0:B0",
                "00:1A:79:04:EE:CF",
                "00:1A:79:FB:1D:6C",
                "00:1A:79:40:83:4A",
                "00:1A:79:66:85:41",
                "00:1A:79:40:F1:E7",
                "00:1A:79:41:43:D1",
                "00:1A:79:00:00:99",
                "00:1A:79:00:0F:94",
                "00:1A:79:00:1A:24",
                "00:1A:79:00:29:F8",
                "00:1A:79:00:37:E2",
                "00:1A:79:64:B5:48",
                "00:1A:79:6A:08:79",
                "00:1A:79:63:41:4F",
                "00:1A:79:73:75:66",
                "00:1A:79:72:E2:8B",
                "00:1A:79:49:1F:8D",
                "00:1A:79:4A:AF:74",
                "00:1A:79:6A:99:46",
                "00:1A:79:72:0E:75",
                "00:1A:79:5C:7C:83",
                "00:1A:79:49:20:32",
                "00:1A:79:68:FA:6E"
            ]
        }
    ]
}