{
    "items": [
        {
            "server_name": "tv.blueocean-iptv.com:8080",
            "server_url": "http://tv.blueocean-iptv.com:8080/c/",
            "macs": [
                "00:1a:79:b0:9d:30",
                "00:1a:79:ae:d3:5e",
                "00:1a:79:ae:50:cb",
                "00:1a:79:ab:5a:14",
                "00:1a:79:aa:7e:fb",
                "00:1a:79:ab:1a:3e",
                "00:1a:79:ae:dd:a0",
                "00:1a:79:ad:fa:c6",
                "00:1a:79:aa:c0:36",
                "00:1a:79:ad:de:a7",
                "00:1a:79:a4:45:3b",
                "00:1a:79:aa:db:d9",
                "00:1a:79:ad:ea:9b",
                "00:1a:79:ac:f9:09",
                "00:1a:79:ad:90:c4",
                "00:1a:79:ae:40:99",
                "00:1a:79:a3:f8:d0",
                "00:1a:79:ad:13:39",
                "00:1a:79:4c:d7:f3",
                "00:1a:79:ae:d5:af",
                "00:1a:79:a1:c1:ea",
                "00:1a:79:a6:47:b7",
                "00:1a:79:a9:23:8a",
                "00:1a:79:a3:8f:b2",
                "00:1a:79:aa:c4:f0",
                "00:1a:79:ab:37:11",
                "00:1a:79:4c:c6:9d",
                "00:1a:79:4c:c7:fe",
                "00:1a:79:ae:45:2c"
            ]
        },
        {
            "server_name": "iptvworld.xyz:2095",
            "server_url": "http://iptvworld.xyz:2095/c/",
            "macs": [
                "00:1a:79:ba:a9:aa",
                "00:1a:79:e1:c8:6c",
                "00:1A:79:45:95:09",
                "00:1a:79:46:61:5a",
                "00:1a:79:b4:f4:6a",
                "00:1a:79:66:b6:53",
                "00:1A:79:B0:8F:27",
                "00:1A:79:B3:11:C0"
            ]
        },
        {
            "server_name": "barebudget.h1ott.com:80",
            "server_url": "http://barebudget.h1ott.com:80/c/",
            "macs": [
                "00:1A:79:84:C5:4C",
                "00:1A:79:4E:0F:3F",
                "00:1A:79:5A:3E:45",
                "00:1A:79:DA:BE:0A",
                "00:1A:79:5B:F5:A4",
                "00:1A:79:A2:8B:0B",
                "00:1A:79:00:09:88",
                "00:1A:79:60:74:2F",
                "00:1A:79:00:09:88",
                "00:1A:79:5D:3B:EA",
                "00:1A:79:21:37:38",
                "00:1A:79:A1:C7:56",
                "00:1A:79:A1:DC:37",
                "00:1A:79:C1:D5:AB",
                "00:1A:79:5A:D2:43",
                "00:1A:79:00:00:00",
                "00:1A:79:AA:AD:E1",
                "00:1A:79:79:C0:16",
                "00:1A:79:C2:E1:23",
                "00:1A:79:A3:67:51",
                "00:1A:79:B5:62:4D",
                "00:1a:79:63:bb:7f",
                "00:1A:79:4E:50:CA",
                "00:1A:79:C5:03:70",
                "00:1A:79:C2:B7:56",
                "00:1A:79:24:84:70",
                "00:1A:79:01:CA:35",
                "00:1A:79:F0:17:94",
                "00:1A:79:CD:29:B4",
                "00:1a:79:36:b0:34",
                "00:1a:79:44:69:7e",
                "00:1A:79:A1:D4:8F",
                "00:1A:79:B6:A5:1D",
                "00:1A:79:6C:DB:9D"
            ]
        },
        {
            "server_name": "cpanel.traveliptv.nl",
            "server_url": "http://cpanel.traveliptv.nl/c/",
            "macs": [
                "00:1a:79:b9:4e:27",
                "00:1a:79:3a:19:5d",
                "00:1a:79:b3:76:f3",
                "00:1a:79:dd:a5:bb"
            ]
        },
        {
            "server_name": "webflowmalta.club:8080",
            "server_url": "http://webflowmalta.club:8080/c/",
            "macs": [
                "00:1a:79:02:be:8c",
                "00:1a:79:aa:8a:57",
                "00:1a:79:60:4e:66",
                "00:1a:79:ca:0e:05",
                "00:1a:79:05:f8:e8",
                "00:1a:79:b6:3c:52",
                "00:1a:79:6f:77:8a",
                "00:1a:79:a4:4e:fc",
                "00:1a:79:6b:9d:66",
                "00:1a:79:40:ce:d4",
                "00:1a:79:2f:7d:05",
                "00:1a:79:b8:7e:f5",
                "00:1a:79:49:91:c5",
                "00:1a:79:70:d7:ed",
                "00:1a:79:b5:2c:72",
                "00:1a:79:30:52:ab",
                "00:1a:79:4b:6b:9a",
                "00:1a:79:35:f7:dc",
                "00:1a:79:97:57:a7",
                "00:1a:79:bb:f6:79",
                "00:1a:79:21:0f:5a",
                "00:1a:79:7a:0a:d4",
                "00:1a:79:36:a6:e5",
                "00:1a:79:5c:13:7f",
                "00:1a:79:bb:d0:d5",
                "00:1a:79:11:19:01",
                "00:1a:79:fe:48:16",
                "00:1a:79:2f:1b:b6"
            ]
        },
        {
            "server_name": "elboxtv.com:1985",
            "server_url": "http://elboxtv.com:1985/c/",
            "macs": [
                "00:1a:79:42:55:88",
                "00:1a:79:44:83:ad",
                "00:1a:79:42:54:de",
                "00:1a:79:40:ea:4b",
                "00:1a:79:40:83:9f",
                "00:1a:79:47:b8:5a"
            ]
        },
        {
            "server_name": "gaztv.net",
            "server_url": "http://gaztv.net/c/",
            "macs": [
                "00:1a:79:a3:93:aa",
                "00:1a:79:bf:92:8c",
                "00:1a:79:b0:4a:ed"
            ]
        },
        {
            "server_name": "tptv.cz:34567",
            "server_url": "http://tptv.cz:34567/c/",
            "macs": [
                "00:1a:79:71:09:d7",
                "00:1a:79:7b:12:2f",
                "00:1a:79:b6:ba:3b",
                "00:1a:79:c4:7f:77",
                "00:1a:79:75:36:f7",
                "00:1a:79:0f:55:6d",
                "00:1a:79:51:b3:82",
                "00:1a:79:b6:7d:c2",
                "00:1a:79:a6:a2:7f",
                "00:1a:79:c3:bf:ca",
                "00:1a:79:a5:0f:71",
                "00:1a:79:6c:8c:95",
                "00:1a:79:c3:fd:f3",
                "00:1a:79:4f:73:a4",
                "00:1a:79:b5:bf:ec",
                "00:1a:79:2e:9c:e7",
                "00:1a:79:76:b3:8c",
                "00:1a:79:70:c1:55",
                "00:1a:79:61:0c:da",
                "00:1a:79:6c:d2:d0",
                "00:1a:79:f0:0c:7c",
                "00:1a:79:d2:29:13",
                "00:1a:79:1f:85:00",
                "00:1a:79:71:6c:36",
                "00:1a:79:be:7d:8f",
                "00:1a:79:28:9e:04"
            ]
        }
    ]
}