{
    "items": [
        {
            "server_name": "51.91.57.198",
            "server_url": "http://51.91.57.198/stalker_portal/c/",
            "macs": [
                "00:1A:79:00:00:00",
                "00:1A:79:0D:FD:61",
                "00:1A:79:2B:99:71",
                "00:1A:79:32:5F:C3",
                "00:1A:79:53:EC:3B",
                "00:1A:79:63:89:53",
                "00:1A:79:6E:64:68",
                "00:1A:79:AF:73:7B",
                "00:1A:79:C1:E5:29",
                "00:1A:79:58:38:63"
            ]
        },
        {
            "server_name": "51.91.57.198",
            "server_url": "http://51.91.57.198/stalker_portal/c/",
            "macs": [
                "00:1A:79:63:89:53",
                "00:1A:79:53:EC:3B",
                "00:1A:79:6E:64:68",
                "00:1A:79:2B:99:71",
                "00:1A:79:0D:FD:61",
                "00:1A:79:C1:E5:29",
                "00:1A:79:AF:73:7B",
                "00:1A:79:32:5F:C3"
            ]
        },
        {
            "server_name": "plustv.ws:80",
            "server_url": "http://plustv.ws:80/c/",
            "macs": [
                "00:1a:79:b2:2f:6e",
                "00:1a:79:1d:9f:8b",
                "00:1a:79:ac:53:17",
                "00:1a:79:05:3f:a4",
                "00:1a:79:32:1f:4a",
                "00:1a:79:30:9f:24",
                "00:1a:79:a4:4f:04",
                "00:1a:79:84:59:be"
            ]
        },
        {
            "server_name": "p1.iptvrocket.tv:80",
            "server_url": "http://p1.iptvrocket.tv:80/c/",
            "macs": [
                "00:1a:79:33:56:99",
                "00:1a:79:5d:6b:2a",
                "00:1a:79:11:12:23",
                "00:1a:79:a4:d6:1b",
                "00:1a:79:62:32:cb",
                "00:1a:79:2b:ca:03",
                "00:1a:79:2f:24:cf",
                "00:1a:79:48:c4:f9",
                "00:1a:79:c0:3d:95",
                "00:1a:79:ad:18:00"
            ]
        },
        {
            "server_name": "173.212.193.243:8080",
            "server_url": "http://173.212.193.243:8080/c/",
            "macs": [
                "00:1A:79:79:79:79"
            ]
        },
        {
            "server_name": "m.acrwebiptv.com",
            "server_url": "http://m.acrwebiptv.com/c/",
            "macs": [
                "00:1A:79:BA:1E:CD"
            ]
        },
        {
            "server_name": "play-plus.net",
            "server_url": "http://play-plus.net/c/",
            "macs": [
                "00:1A:79:00:AA:68"
            ]
        },
        {
            "server_name": "balkanika.club:2082",
            "server_url": "http://balkanika.club:2082/c/",
            "macs": [
                "00:1a:79:a1:df:a3"
            ]
        },
        {
            "server_name": "onrev.xyz:80",
            "server_url": "http://onrev.xyz:80/c/",
            "macs": [
                "00:1a:79:33:53:2e",
                "00:1a:79:bd:d6:4c",
                "00:1a:79:82:d7:4d",
                "00:1a:79:42:36:5e",
                "00:1a:79:b3:8c:ea",
                "00:1a:79:57:ac:4a"
            ]
        },
        {
            "server_name": "traveliptv.com",
            "server_url": "http://traveliptv.com/c/",
            "macs": [
                "00:1A:79:05:E6:EF",
                "00:1A:79:B5:7B:9C"
            ]
        },
        {
            "server_name": "iptvch2.com",
            "server_url": "http://iptvch2.com/c/",
            "macs": [
                "00:1A:79:CE:E6:E2"
            ]
        },
        {
            "server_name": "portal.entertainmentxl.com:8080",
            "server_url": "http://portal.entertainmentxl.com:8080/c/",
            "macs": [
                "00:1A:79:5B:FB:86",
                "00:1A:79:BA:56:84"
            ]
        },
        {
            "server_name": "001004.eu:8080",
            "server_url": "http://001004.eu:8080/c/",
            "macs": [
                "00:1a:79:a6:de:05",
                "00:1a:79:a7:a9:d7",
                "00:1a:79:b5:5f:e6",
                "00:1a:79:b6:43:41",
                "00:1a:79:a5:a2:1c",
                "00:1a:79:ad:78:c0",
                "00:1a:79:ba:24:9a",
                "00:1a:79:a7:e9:4c",
                "00:1a:79:a3:69:c6",
                "00:1a:79:ae:6c:1e",
                "00:1a:79:bd:5a:91",
                "00:1a:79:bd:43:e6"
            ]
        },
        {
            "server_name": "vod.4kplus.org",
            "server_url": "http://vod.4kplus.org/c/",
            "macs": [
                "00:1a:79:c2:6f:f8",
                "00:1a:79:90:02:3b",
                "00:1a:79:d4:9f:2f",
                "00:1a:79:f7:0f:ee",
                "00:1a:79:d4:3f:fe",
                "00:1a:79:10:4f:3f",
                "00:1a:79:52:93:96",
                "00:1a:79:a2:07:a0"
            ]
        }
    ]
}