{
    "items": [
        {
            "server_name": "provider-tv.xyz:8080",
            "server_url": "http://provider-tv.xyz:8080/c/",
            "macs": [
                "00:1A:79:07:F7:FA"
            ]
        },
        {
            "server_name": "iov.mine.nu:8080",
            "server_url": "http://iov.mine.nu:8080/c/",
            "macs": [
                "00:1A:79:0B:21:94",
                "00:1A:79:01:C8:A4"
            ]
        },
        {
            "server_name": "live.nettvroeuroworld.net:8080",
            "server_url": "http://live.nettvroeuroworld.net:8080/c/",
            "macs": [
                "00:1A:79:09:2C:AB"
            ]
        },
        {
            "server_name": "myredinfo.com:8789",
            "server_url": "http://myredinfo.com:8789/c/",
            "macs": [
                "00:1A:79:73:37:55",
                "00:1A:79:C6:0F:90"
            ]
        },
        {
            "server_name": "me2me.ws:8880",
            "server_url": "http://me2me.ws:8880/c/",
            "macs": [
                "00:1A:79:4C:C6:90"
            ]
        },
        {
            "server_name": "nightmare-tv.xyz:8080",
            "server_url": "http://nightmare-tv.xyz:8080/c/",
            "macs": [
                "00:1A:79:00:00:AA",
                "00:1A:79:00:08:09",
                "00:1A:79:01:6E:61",
                "00:1A:79:01:71:46",
                "00:1A:79:03:7F:4D",
                "00:1A:79:07:BE:39",
                "00:1A:79:08:42:68",
                "00:1A:79:08:E2:C7",
                "00:1A:79:11:0F:BE",
                "00:1A:79:24:3F:4D",
                "00:1A:79:AB:60:18",
                "00:1A:79:BB:1E:90"
            ]
        },
        {
            "server_name": "stb5.rucolor.tv",
            "server_url": "http://stb5.rucolor.tv/stalker_portal/c/",
            "macs": [
                "00:1A:79:21:77:67",
                "00:1A:79:7a:0c:ad",
                "00:1A:79:78:89:ea",
                "00:1A:79:22:cb:5a",
                "00:1A:79:21:77:67"
            ]
        },
        {
            "server_name": "212.46.43.24:2082",
            "server_url": "http://212.46.43.24:2082/c/",
            "macs": [
                "00:1A:79:A3:00:61"
            ]
        },
        {
            "server_name": "yedek.realiptv.org:80",
            "server_url": "http://yedek.realiptv.org:80/c/",
            "macs": [
                "00:1A:79:B5:19:A6",
                "00:1A:79:CB:8A:EF",
                "00:1A:79:2A:2F:1E",
                "00:1A:79:CC:62:4D",
                "00:1A:79:D2:2D:EF",
                "00:1A:79:43:2E:DA",
                "00:1A:79:CC:65:C7",
                "00:1A:79:63:59:F2"
            ]
        },
        {
            "server_name": "109.169.37.140:8000",
            "server_url": "http://109.169.37.140:8000/c/",
            "macs": [
                "00:1A:79:39:16:ED",
                "00:1A:79:47:77:25",
                "00:1A:79:4E:B7:88"
            ]
        },
        {
            "server_name": "upsrock.xyz:8080",
            "server_url": "http://upsrock.xyz:8080/c/",
            "macs": [
                "00:1A:79:44:E9:2A"
            ]
        },
        {
            "server_name": "yolospeed.pro:80",
            "server_url": "http://yolospeed.pro:80/c/",
            "macs": [
                "00:1A:79:00:1A:20",
                "00:1A:79:5E:C5:77"
            ]
        },
        {
            "server_name": "fastgo.cam:8080",
            "server_url": "http://fastgo.cam:8080/c/",
            "macs": [
                "00:1A:79:39:21:34",
                "00:1A:79:D4:16:CC",
                "00:1A:79:3E:7F:99"
            ]
        },
        {
            "server_name": "cyber-system.xyz:8080",
            "server_url": "http://cyber-system.xyz:8080/c/",
            "macs": [
                "00:1A:79:01:B2:E5",
                "00:1A:79:02:16:7A",
                "00:1A:79:3C:C9:EA",
                "00:1A:79:42:DA:84",
                "00:1A:79:43:02:77",
                "00:1A:79:43:09:F8",
                "00:1A:79:4B:F9:31",
                "00:1A:79:54:E0:BE",
                "00:1A:79:5B:EF:E7",
                "00:1A:79:60:3e:54",
                "00:1A:79:60:49:5f",
                "00:1A:79:A6:5E:9F",
                "00:1A:79:A7:A5:CE",
                "00:1A:79:C2:DF:DE"
            ]
        },
        {
            "server_name": "89.46.92.13:80",
            "server_url": "http://89.46.92.13:80/c/",
            "macs": [
                "00:1A:79:AE:55:EC",
                "00:1A:79:BB:FD:4B",
                "00:1A:79:AD:58:01",
                "00:1A:79:98:E3:43",
                "00:1A:79:F2:1B:24",
                "00:1A:79:80:B9:1F"
            ]
        },
        {
            "server_name": "62419-don.ott-cdn.me:80",
            "server_url": "http://62419-don.ott-cdn.me:80/c/",
            "macs": [
                "00:1A:79:00:00:0D",
                "00:1A:79:00:00:97",
                "00:1A:79:00:00:4d",
                "00:1A:79:00:00:78",
                "00:1A:79:00:00:52",
                "00:1A:79:00:00:22",
                "00:1A:79:00:01:5F",
                "00:1A:79:00:01:A2",
                "00:1A:79:00:00:11",
                "00:1A:79:00:00:07",
                "00:1A:79:00:00:4D",
                "00:1A:79:00:00:98",
                "00:1A:79:00:01:23",
                "00:1A:79:00:06:3C",
                "00:1A:79:00:0B:0F",
                "00:1A:79:00:05:E6",
                "00:1A:79:00:06:5C",
                "00:1A:79:00:18:40",
                "00:1A:79:00:1A:20",
                "00:1A:79:00:1D:04",
                "00:1A:79:00:22:13"
            ]
        },
        {
            "server_name": "51.159.70.234",
            "server_url": "http://51.159.70.234/stalker_portal/c/",
            "macs": [
                "00:1A:79:8B:DC:DF",
                "00:1A:79:63:55:4C",
                "00:1A:79:2E:88:6D",
                "00:1A:79:8B:94:20",
                "00:1A:79:4D:77:7D",
                "00:1A:79:3D:AD:BE",
                "00:1A:79:97:D3:58",
                "00:1A:79:B4:F2:58",
                "00:1A:79:AF:AD:C5",
                "00:1A:79:18:B5:15"
            ]
        },
        {
            "server_name": "tv.indigotv.me",
            "server_url": "http://tv.indigotv.me/c/",
            "macs": [
                "00:1A:79:F8:73:78",
                "00:1A:79:43:ED:D4",
                "00:1A:79:4B:14:40",
                "00:1A:79:4C:9A:52",
                "00:1A:79:60:12:16",
                "00:1A:79:10:1B:4C",
                "00:1A:79:F9:3B:CD",
                "00:1A:79:17:BD:BA",
                "00:1A:79:31:34:27",
                "00:1A:79:CC:56:3B",
                "00:1A:79:F8:76:B7",
                "00:1A:79:42:01:5D",
                "00:1A:79:09:AC:16",
                "00:1A:79:17:BE:AE",
                "00:1A:79:7E:83:58",
                "00:1A:79:14:78:32",
                "00:1A:79:7E:83:58",
                "00:1A:79:A6:04:35"
            ]
        },
        {
            "server_name": "jiotv.be",
            "server_url": "http://jiotv.be/stalker_portal/c/",
            "macs": [
                "00:1A:79:5E:A1:F9",
                "00:1A:79:BE:E9:E2",
                "00:1A:79:7C:3E:97",
                "00:1A:79:3D:E3:87",
                "00:1A:79:B3:4E:B3",
                "00:1A:79:C4:9A:F0",
                "00:1A:79:75:CD:6C",
                "00:1A:79:39:0F:34",
                "00:1A:79:CD:EA:93",
                "00:1A:79:6D:B7:88",
                "00:1A:79:77:71:89",
                "00:1A:79:4E:D3:5D"
            ]
        }
    ]
}