{
    "items": [
        {
            "server_name": "tp.nxdns4.com:8080",
            "server_url": "http://tp.nxdns4.com:8080/c/",
            "macs": [
                "00:1A:79:20:0F:2F",
                "00:1A:79:20:1F:0D",
                "00:1A:79:20:1F:1B",
                "00:1A:79:20:3F:58",
                "00:1A:79:20:3F:67",
                "00:1A:79:20:3F:6A",
                "00:1A:79:20:3F:89",
                "00:1A:79:20:3F:9C"
            ]
        },
        {
            "server_name": "mag.ukhd.tv",
            "server_url": "http://mag.ukhd.tv/c/",
            "macs": [
                "00:1A:79:FA:41:75"
            ]
        },
        {
            "server_name": "iptv.darkbox.nu",
            "server_url": "http://iptv.darkbox.nu/c/",
            "macs": [
                "00:1A:79:45:50:A8"
            ]
        },
        {
            "server_name": "owliptv.gentv.to:8080",
            "server_url": "http://owliptv.gentv.to:8080/c/",
            "macs": [
                "00:1A:79:A4:CE:90"
            ]
        },
        {
            "server_name": "bosst.net:80",
            "server_url": "http://bosst.net:80/c/",
            "macs": [
                "00:1A:79:41:0F:1C"
            ]
        },
        {
            "server_name": "boss.zengplus.xyz:80",
            "server_url": "http://boss.zengplus.xyz:80/c/",
            "macs": [
                "00:1A:79:36:B1:60"
            ]
        },
        {
            "server_name": "red.onlvip.com:80",
            "server_url": "http://red.onlvip.com:80/c/",
            "macs": [
                "00:1A:79:AB:B3:90"
            ]
        },
        {
            "server_name": "sonymax.org:8080",
            "server_url": "http://sonymax.org:8080/c/",
            "macs": [
                "00:1A:79:43:82:61",
                "00:1A:79:6B:C8:AE",
                "00:1A:79:7C:6F:76",
                "00:1A:79:72:9A:BB",
                "00:1A:79:12:DD:AB",
                "00:1A:79:20:D4:DD"
            ]
        },
        {
            "server_name": "sonymax.org:8080",
            "server_url": "http://sonymax.org:8080/c/",
            "macs": [
                "00:1A:79:F5:0B:8F",
                "00:1A:79:37:19:10",
                "00:1A:79:AC:C3:0A",
                "00:1A:79:A1:36:62",
                "00:1A:79:44:44:94",
                "00:1A:79:5D:9B:A3"
            ]
        }
    ]
}