{
    "items": [
        {
            "server_name": "pro.one-iptv.com",
            "server_url": "http://pro.one-iptv.com/c/",
            "macs": [
                "00:1a:79:25:c4:3e"
            ]
        },
        {
            "server_name": "darknetiptv1.ddns.net:25461",
            "server_url": "http://darknetiptv1.ddns.net:25461/c/",
            "macs": [
                "00:1A:79:17:28:A2",
                "00:1A:79:D4:57:E7",
                "00:1A:79:B7:54:9C",
                "00:1A:79:5A:90:88",
                "00:1A:79:A1:0D:79",
                "00:1A:79:5B:DB:E2",
                "00:1A:79:79:59:32",
                "00:1A:79:5D:4D:55",
                "00:1A:79:74:FB:0C",
                "00:1A:79:21:E9:DA"
            ]
        }
    ]
}