{
    "items": [
        {
            "server_name": "iptvpanorama.com:2052",
            "server_url": "http://iptvpanorama.com:2052/c/",
            "macs": [
                "00:1A:79:A1:EF:E3",
                "00:1A:79:A1:FB:FC"
            ]
        },
        {
            "server_name": "tv1.darktv.eu",
            "server_url": "http://tv1.darktv.eu/c/",
            "macs": [
                "00:1A:79:3c:2f:a0"
            ]
        },
        {
            "server_name": "dream4ktv.info:8080",
            "server_url": "http://dream4ktv.info:8080/c/",
            "macs": [
                "00:1A:79:80:47:C5",
                "00:1A:79:80:3A:E0",
                "00:1A:79:80:34:F5",
                "00:1A:79:80:1C:CC",
                "00:1A:79:80:07:10"
            ]
        },
        {
            "server_name": "avasys.one:2082",
            "server_url": "http://avasys.one:2082/c/",
            "macs": [
                "00:1A:79:42:C2:76",
                "00:1A:79:D7:47:38",
                "00:1A:79:63:3C:D2",
                "00:1A:79:A6:8F:D0",
                "00:1A:79:42:EB:E1"
            ]
        }
    ]
}