{
    "items": [
        {
            "server_name": "89.45.13.153:25461",
            "server_url": "http://89.45.13.153:25461/c/",
            "macs": [
                "00:1A:79:00:00:02",
                "00:1A:79:00:00:01",
                "00:1A:79:6b:d7:c5"
            ]
        },
        {
            "server_name": "tv.trexiptv.com",
            "server_url": "http://tv.trexiptv.com/c/",
            "macs": []
        },
        {
            "server_name": "46.43.69.9:4000",
            "server_url": "http://46.43.69.9:4000/stalker_portal/c/",
            "macs": [
                "00:1A:79:F7:C0:48"
            ]
        },
        {
            "server_name": "tatatv.cc",
            "server_url": "http://tatatv.cc/stalker_portal/c/",
            "macs": [
                "00:1A:79:00:02:DC",
                "00:1A:79:00:03:1F"
            ]
        },
        {
            "server_name": "2a2b2.com:80",
            "server_url": "http://2a2b2.com:80/c/",
            "macs": [
                "00:1A:79:19:2f:6a"
            ]
        },
        {
            "server_name": "ln.tabox.in:24651",
            "server_url": "http://ln.tabox.in:24651/c/",
            "macs": [
                "00:1A:79:77:c1:0d"
            ]
        },
        {
            "server_name": "line.greatstar.me:80",
            "server_url": "http://line.greatstar.me:80/c/",
            "macs": [
                "00:1A:79:71:49:8a",
                "00:1A:79:12:21:28"
            ]
        },
        {
            "server_name": "58315-mobile.oot-mx.me:80",
            "server_url": "http://58315-mobile.oot-mx.me:80/c/",
            "macs": [
                "00:1A:79:00:0D:DF",
                "00:1A:79:34:37:64",
                "00:1A:79:00:0E:05",
                "00:1A:79:BE:FD:A8",
                "00:1A:79:00:0B:C0"
            ]
        },
        {
            "server_name": "ipro.webvps.de",
            "server_url": "http://ipro.webvps.de/c/",
            "macs": [
                "00:1A:79:3C:3F:FB"
            ]
        },
        {
            "server_name": "neroiptv.xyz:8080",
            "server_url": "http://neroiptv.xyz:8080/c/",
            "macs": [
                "00:1A:79:03:26:3B"
            ]
        },
        {
            "server_name": "buyspamtool.com:8080",
            "server_url": "http://buyspamtool.com:8080/c/",
            "macs": [
                "00:1A:79:C1:A4:BA",
                "00:1A:79:75:C7:04"
            ]
        },
        {
            "server_name": "pal.alphatx.me",
            "server_url": "http://pal.alphatx.me/c/",
            "macs": [
                "00:1A:79:7E:14:A0",
                "00:1A:79:B9:9B:47"
            ]
        }
    ]
}