{
    "items": [
        {
            "server_name": "ultra-box.club",
            "server_url": "http://ultra-box.club/c/",
            "macs": [
                "00:1a:79:ba:6e:df",
                "00:1a:79:bc:e7:53",
                "00:1a:79:bc:11:e3",
                "00:1a:79:ab:31:31"
            ]
        },
        {
            "server_name": "promaxhd.com:8080",
            "server_url": "http://promaxhd.com:8080/c/",
            "macs": [
                "00:1a:79:6f:35:98",
                "00:1a:79:dd:5f:2b",
                "00:1a:79:eb:a6:06",
                "00:1a:79:91:d0:90",
                "00:1a:79:6b:3f:61",
                "00:1a:79:c7:ad:ed",
                "00:1a:79:7a:26:3f",
                "00:1a:79:42:51:59"
            ]
        },
        {
            "server_name": "mypaste.fun.gentv.to:8080",
            "server_url": "http://mypaste.fun.gentv.to:8080/c/",
            "macs": [
                "00:1a:79:bc:4c:86",
                "00:1a:79:bc:d8:00",
                "00:1a:79:b7:2e:c5"
            ]
        },
        {
            "server_name": "hd-max.org:8080",
            "server_url": "http://hd-max.org:8080/c/",
            "macs": [
                "00:1a:79:64:b3:c5",
                "00:1a:79:4b:11:c7",
                "00:1a:79:37:59:ab",
                "00:1a:79:4c:e5:a6",
                "00:1a:79:3d:13:83",
                "00:1a:79:37:97:5d"
            ]
        },
        {
            "server_name": "redson.xyz:3800",
            "server_url": "http://redson.xyz:3800/c/",
            "macs": [
                "00:1A:79:40:DF:E2",
                "00:1A:79:B5:C9:76"
            ]
        },
        {
            "server_name": "matrix-ott.tv:8080",
            "server_url": "http://matrix-ott.tv:8080/c/",
            "macs": [
                "00:1A:79:63:BA:B9",
                "00:1A:79:7A:2D:75",
                "00:1A:79:68:8E:AF",
                "00:1A:79:B5:A6:3D"
            ]
        }
    ]
}