{
    "items": [
        {
            "server_name": "sony4k.vip:8000",
            "server_url": "http://sony4k.vip:8000/c/",
            "macs": [
                "00:1A:79:55:66:D6"
            ]
        },
        {
            "server_name": "breakfa5t.club:80",
            "server_url": "http://breakfa5t.club:80/c/",
            "macs": [
                "00:1A:79:C6:68:05",
                "00:1A:79:C1:4E:6B"
            ]
        },
        {
            "server_name": "cmjl.online:8080",
            "server_url": "http://cmjl.online:8080/c/",
            "macs": [
                "00:1A:79:60:28:64"
            ]
        },
        {
            "server_name": "bck.reddxc.com:80",
            "server_url": "http://bck.reddxc.com:80/c/",
            "macs": [
                "00:1A:79:03:5F:6F"
            ]
        },
        {
            "server_name": "102.129.200.19:80",
            "server_url": "http://102.129.200.19:80/c/",
            "macs": [
                "00:1A:79:B3:FE:57",
                "00:1A:79:39:03:1E",
                "00:1A:79:80:8E:DF"
            ]
        }
    ]
}