{
    "items": [
        {
            "server_name": "global4k.info:8080",
            "server_url": "http://global4k.info:8080/c/",
            "macs": [
                "00:1A:79:6E:29:B9",
                "00:1A:79:63:C5:66",
                "00:1A:79:c7:9a:cd",
                "00:1a:79:81:db:2f"
            ]
        },
        {
            "server_name": "optimus-tv.org:8080",
            "server_url": "http://optimus-tv.org:8080/c/",
            "macs": [
                "00:1A:79:08:E3:1C",
                "00:1A:79:A0:E6:E4",
                "00:1A:79:6B:BB:A8",
                "00:1A:79:0E:37:FF"
            ]
        },
        {
            "server_name": "tp.nxdns4.com:8080",
            "server_url": "http://tp.nxdns4.com:8080/c/",
            "macs": [
                "00:1A:79:C0:94:42",
                "00:1A:79:FB:54:FE",
                "00:1A:79:58:9B:BC",
                "00:1A:79:95:F6:01"
            ]
        },
        {
            "server_name": "tv.premiumplus.tv",
            "server_url": "http://tv.premiumplus.tv/c/",
            "macs": [
                "00:1A:79:CB:A2:57",
                "00:1A:79:20:B4:81",
                "00:1A:79:BB:68:31",
                "00:1A:79:BB:EF:51",
                "00:1A:79:8B:AA:17",
                "00:1A:79:49:05:C7",
                "00:1A:79:1C:06:B8",
                "00:1A:79:6B:D6:3F",
                "00:1A:79:54:E6:A3",
                "00:1A:79:D9:99:C8"
            ]
        },
        {
            "server_name": "promaxhd.com:8080",
            "server_url": "http://promaxhd.com:8080/c/",
            "macs": [
                "00:1A:79:FB:5B:FB",
                "00:1A:79:00:04:DF",
                "00:1A:79:5F:25:9D"
            ]
        },
        {
            "server_name": "telekom69.site:2086",
            "server_url": "http://telekom69.site:2086/c/",
            "macs": [
                "00:1A:79:48:82:8B"
            ]
        },
        {
            "server_name": "new.ivue.co:25461",
            "server_url": "http://new.ivue.co:25461/c/",
            "macs": [
                "00:1A:79:68:7C:3C",
                "00:1A:79:97:F2:16"
            ]
        },
        {
            "server_name": "1.gujaratsat.live",
            "server_url": "http://1.gujaratsat.live/c/",
            "macs": [
                "00:1A:79:7B:D5:DF",
                "00:1A:79:11:83:25",
                "00:1A:79:8D:0F:60"
            ]
        },
        {
            "server_name": "dinka-iptv.live",
            "server_url": "http://dinka-iptv.live/c/",
            "macs": [
                "00:1a:79:45:8d:50",
                "00:1a:79:09:94:7a",
                "00:1a:79:54:dd:2b"
            ]
        },
        {
            "server_name": "mag.ukhd.tv:80",
            "server_url": "http://mag.ukhd.tv:80/c/",
            "macs": [
                "00:1A:79:6f:6f:c3",
                "00:1A:79:41:e5:37",
                "00:1A:79:0d:56:2a",
                "00:1A:79:28:5f:2a",
                "00:1A:79:a9:1f:32"
            ]
        },
        {
            "server_name": "iptv.magikserv.com",
            "server_url": "http://iptv.magikserv.com/c/",
            "macs": [
                "00:1A:79:C8:1D:94"
            ]
        },
        {
            "server_name": "fhdtv.club:8080",
            "server_url": "http://fhdtv.club:8080/c/",
            "macs": [
                "00:1A:79:52:29:79",
                "00:1A:79:C9:D8:97",
                "00:1A:79:0C:52:C4",
                "00:1A:79:BE:40:29",
                "00:1A:79:47:A8:AF"
            ]
        },
        {
            "server_name": "besttv.club:8080",
            "server_url": "http://besttv.club:8080/c/",
            "macs": [
                "00:1A:79:FB:07:6B",
                "00:1A:79:4B:1B:25"
            ]
        },
        {
            "server_name": "185.243.7.154",
            "server_url": "http://185.243.7.154/c/",
            "macs": [
                "00:1A:79:65:10:01",
                "00:1A:79:1E:04:05",
                "00:1A:79:B9:D3:D2",
                "00:1A:79:BA:19:C7",
                "00:1A:79:7D:69:E9",
                "00:1A:79:28:61:67",
                "00:1A:79:E6:40:72",
                "00:1A:79:7C:C5:52",
                "00:1A:79:5F:CF:9C",
                "00:1A:79:52:AB:EA",
                "00:1A:79:46:38:5C"
            ]
        }
    ]
}