{
    "items": [
        {
            "server_name": "besttv.club:8080",
            "server_url": "http://besttv.club:8080/c/",
            "macs": [
                "00:1a:79:f9:8f:e3",
                "00:1a:79:79:6e:e5",
                "00:1a:79:c5:3b:cf",
                "00:1a:79:75:3f:36",
                "00:1a:79:a0:fe:64"
            ]
        },
        {
            "server_name": "neomixs.com:8080",
            "server_url": "http://neomixs.com:8080/c/",
            "macs": [
                "00:1a:79:c2:f1:d0",
                "00:1a:79:75:3f:36"
            ]
        },
        {
            "server_name": "promaxhd.com:8080",
            "server_url": "http://promaxhd.com:8080/c/",
            "macs": []
        },
        {
            "server_name": "sonymax.org:8080",
            "server_url": "http://sonymax.org:8080/c/",
            "macs": []
        },
        {
            "server_name": "tp.nxdns4.com:8080",
            "server_url": "http://tp.nxdns4.com:8080/c/",
            "macs": [
                "00:1A:79:41:C8:C8",
                "00:1A:79:02:49:2C",
                "00:1A:79:2A:D3:19",
                "00:1A:79:0B:CB:03",
                "00:1A:79:A2:E8:67",
                "00:1A:79:43:82:61",
                "00:1A:79:6B:C8:AE"
            ]
        },
        {
            "server_name": "mag.ukhd.tv:80",
            "server_url": "http://mag.ukhd.tv:80/c/",
            "macs": [
                "00:1a:79:00:AD:73",
                "00:1a:79:00:AF:D1",
                "00:1a:79:00:B5:A8"
            ]
        },
        {
            "server_name": "proxym3u.watchtv.best",
            "server_url": "http://proxym3u.watchtv.best/c/",
            "macs": [
                "00:1A:79:42:F7:4D"
            ]
        },
        {
            "server_name": "mag.realvip.co",
            "server_url": "http://mag.realvip.co/c/",
            "macs": [
                "00:1A:79:D9:67:1C",
                "00:1A:79:6E:CE:CE",
                "00:1A:79:DE:B3:1B",
                "00:1A:79:16:BB:63"
            ]
        },
        {
            "server_name": "kp76.dfqz.cc",
            "server_url": "http://kp76.dfqz.cc/c/",
            "macs": [
                "00:1A:79:38:64:64",
                "00:1A:79:1D:9D:5B",
                "00:1A:79:97:2F:62"
            ]
        }
    ]
}