{
    "items": [
        {
            "server_name": "ibrasmarters.com:8789",
            "server_url": "http://ibrasmarters.com:8789/c/",
            "macs": [
                "00:1A:79:AE:3E:88",
                "00:1A:79:37:60:70"
            ]
        },
        {
            "server_name": "birutv.my.id",
            "server_url": "http://birutv.my.id/c/",
            "macs": [
                "00:1A:79:F9:9F:E5"
            ]
        },
        {
            "server_name": "vvcmwnbpx4.wizzy.mastersofbiko.com:8080",
            "server_url": "http://vvcmwnbpx4.wizzy.mastersofbiko.com:8080/c/",
            "macs": [
                "00:1A:79:AB:69:C3",
                "00:1A:79:0B:F8:5C"
            ]
        },
        {
            "server_name": "neroiptv.xyz:8080",
            "server_url": "http://neroiptv.xyz:8080/c/",
            "macs": [
                "00:1A:79:78:0B:18",
                "00:1A:79:5E:39:A9",
                "00:1A:79:C4:50:B8",
                "00:1A:79:75:8D:EF"
            ]
        },
        {
            "server_name": "pal.alphatx.me:80",
            "server_url": "http://pal.alphatx.me:80/c/",
            "macs": [
                "00:1A:79:CE:19:15",
                "00:1A:79:CA:D8:5E"
            ]
        },
        {
            "server_name": "crystalott.net",
            "server_url": "http://crystalott.net/c/",
            "macs": [
                "00:1A:79:51:2F:BC",
                "00:1A:79:AE:F7:06"
            ]
        },
        {
            "server_name": "sonymax.org:8080",
            "server_url": "http://sonymax.org:8080/c/",
            "macs": [
                "00:1A:79:C9:34:F2",
                "00:1A:79:6B:D0:AA"
            ]
        },
        {
            "server_name": "forzamilan.ddns.net:80",
            "server_url": "http://forzamilan.ddns.net:80/c/",
            "macs": [
                "00:1A:79:29:0E:73"
            ]
        },
        {
            "server_name": "filex.tv:8080",
            "server_url": "http://filex.tv:8080/c/",
            "macs": [
                "00:1A:79:00:00:00"
            ]
        },
        {
            "server_name": "ibrasmarters.com:8789",
            "server_url": "http://ibrasmarters.com:8789/c/",
            "macs": [
                "00:1A:79:08:48:83",
                "00:1A:79:71:3F:7F",
                "00:1A:79:3A:A6:2F"
            ]
        },
        {
            "server_name": "hellas.sltv.pw:8080",
            "server_url": "http://hellas.sltv.pw:8080/c/",
            "macs": [
                "00:1A:79:BA:22:26",
                "00:1A:79:09:1B:AA",
                "00:1A:79:46:57:84",
                "00:1A:79:D0:2D:88"
            ]
        }
    ]
}