{
    "items": [
        {
            "server_name": "tv.kingreshare.eu:7711",
            "server_url": "http://tv.kingreshare.eu:7711/c/",
            "macs": [
                "00:1A:79:60:09:1D"
            ]
        },
        {
            "server_name": "crystalott.org",
            "server_url": "http://crystalott.org/c/",
            "macs": [
                "00:1A:79:00:0F:1F",
                "00:1A:79:00:0D:DE"
            ]
        },
        {
            "server_name": "neroiptv.xyz:8080",
            "server_url": "http://neroiptv.xyz:8080/c/",
            "macs": [
                "00:1A:79:F5:08:09"
            ]
        },
        {
            "server_name": "mutant.arrox.top:80",
            "server_url": "http://mutant.arrox.top:80/c/",
            "macs": [
                "00:1A:79:C0:DB:FB"
            ]
        },
        {
            "server_name": "ip.xtremetv.eu:8000",
            "server_url": "http://ip.xtremetv.eu:8000/c/",
            "macs": [
                "00:1A:79:90:0D:E2",
                "00:1A:79:5A:F5:FD"
            ]
        }
    ]
}