{
    "items": [
        {
            "server_name": "4connect.link",
            "server_url": "http://4connect.link/c/",
            "macs": [
                "00:1A:79:00:21:18",
                "00:1A:79:CA:BA:68"
            ]
        },
        {
            "server_name": "piorto5i6f7.ddns.net:80",
            "server_url": "http://piorto5i6f7.ddns.net:80/c/",
            "macs": [
                "00:1A:79:00:00:00",
                "00:1A:79:27:C1:8F",
                "00:1A:79:F6:91:57"
            ]
        }
    ]
}