{
    "items": [
        {
            "server_name": "royal.rfdte99.com:8080",
            "server_url": "http://royal.rfdte99.com:8080/c/",
            "macs": [
                "00:1A:79:60:0A:A7"
            ]
        },
        {
            "server_name": "sapos.ml:80",
            "server_url": "http://sapos.ml:80/c/",
            "macs": [
                "00:1A:79:80:B4:2B",
                "00:1A:79:81:20:24",
                "00:1A:79:82:A9:1D"
            ]
        },
        {
            "server_name": "novo1.xyz",
            "server_url": "http://novo1.xyz/c/",
            "macs": [
                "00:1A:79:73:5B:C0"
            ]
        },
        {
            "server_name": "mag.iudtv.org:8080",
            "server_url": "http://mag.iudtv.org:8080/c/",
            "macs": [
                "00:1A:79:81:FB:E5",
                "00:1A:79:81:B6:08",
                "00:1A:79:81:CC:C2",
                "00:1A:79:81:F6:16",
                "00:1A:79:82:04:FC",
                "00:1A:79:82:B8:9F"
            ]
        },
        {
            "server_name": "ns14.koddos.com:2082",
            "server_url": "http://ns14.koddos.com:2082/c/",
            "macs": [
                "00:1A:79:20:15:36",
                "00:1A:79:20:7F:34",
                "00:1A:79:20:9F:28",
                "00:1A:79:20:EA:CC"
            ]
        }
    ]
}