{
    "items": [
        {
            "server_name": "dm7776tv.xyz:8080",
            "server_url": "http://dm7776tv.xyz:8080/c/",
            "macs": [
                "00:1A:79:BD:80:2C",
                "00:1A:79:4D:06:51",
                "00:1A:79:00:16:7C",
                "00:1A:79:08:E7:3B",
                "00:1A:79:49:76:7F",
                "00:1A:79:C4:35:1D"
            ]
        },
        {
            "server_name": "holipop.xyz",
            "server_url": "http://holipop.xyz/c/",
            "macs": [
                "00:1A:79:B8:80:57",
                "00:1A:79:A1:D2:CB"
            ]
        },
        {
            "server_name": "un1.anonymoustv.club:80",
            "server_url": "http://un1.anonymoustv.club:80/c/",
            "macs": [
                "00:1A:79:95:9a:ad",
                "00:1A:79:8c:d3:38",
                "00:1A:79:c1:51:43",
                "00:1A:79:b7:6f:47"
            ]
        },
        {
            "server_name": "liveuk.xyz:8080",
            "server_url": "http://liveuk.xyz:8080/c/",
            "macs": [
                "00:1A:79:cc:48:18"
            ]
        }
    ]
}