{
    "items": [
        {
            "server_name": "185.243.7.154",
            "server_url": "http://185.243.7.154/c/",
            "macs": [
                "00:1A:79:00:10:63",
                "00:1A:79:7A:6F:C7"
            ]
        },
        {
            "server_name": "innovationdns.eu",
            "server_url": "http://innovationdns.eu/c/",
            "macs": [
                "00:1A:79:BF:E8:AD",
                "00:1A:79:BC:BD:F3",
                "00:1A:79:53:FA:73"
            ]
        }
    ]
}