{
    "items": [
        {
            "server_name": "ggddnss2.com:8080",
            "server_url": "http://ggddnss2.com:8080/c/",
            "macs": [
                "00:1A:79:C3:10:18"
            ]
        },
        {
            "server_name": "izle.atak.live:8080",
            "server_url": "http://izle.atak.live:8080/c/",
            "macs": [
                "00:1A:79:4d:03:42",
                "00:1A:79:17:2d:99",
                "00:1A:79:c1:fb:34",
                "00:1A:79:ab:1b:65",
                "00:1A:79:54:02:cb",
                "00:1A:79:6e:29:f3",
                "00:1A:79:44:4e:e5",
                "00:1A:79:c6:4e:b8"
            ]
        },
        {
            "server_name": "mag.greatott.me",
            "server_url": "http://mag.greatott.me/c/",
            "macs": [
                "00:1A:79:AC:C8:EF",
                "00:1A:79:B7:10:96",
                "00:1A:79:BB:46:E4",
                "00:1A:79:53:AB:91"
            ]
        }
    ]
}