{
    "items": [
        {
            "server_name": "fhdtv.club:8080",
            "server_url": "http://fhdtv.club:8080/c/",
            "macs": [
                "00:1A:79:8F:AC:05",
                "00:1A:79:7C:10:E8"
            ]
        },
        {
            "server_name": "iptv.darkbox.nu",
            "server_url": "http://iptv.darkbox.nu/c/",
            "macs": [
                "00:1A:79:40:6C:7B"
            ]
        },
        {
            "server_name": "89.45.13.220:8080",
            "server_url": "http://89.45.13.220:8080/c/",
            "macs": [
                "00:1A:79:AF:F8:C3",
                "00:1A:79:0F:49:D2",
                "00:1A:79:F5:43:F3",
                "00:1A:79:08:41:B4",
                "00:1A:79:A0:FE:10"
            ]
        },
        {
            "server_name": "tr.simotvgold.com:80",
            "server_url": "http://tr.simotvgold.com:80/c/",
            "macs": [
                "00:1A:79:C0:8B:FE",
                "00:1A:79:A3:12:E8"
            ]
        },
        {
            "server_name": "holipop.xyz",
            "server_url": "http://holipop.xyz/c/",
            "macs": [
                "00:1A:79:BD:75:1E",
                "00:1A:79:C8:02:CD"
            ]
        }
    ]
}