{
    "items": [
        {
            "server_name": "mag.yo-ott.com",
            "server_url": "http://mag.yo-ott.com/c/",
            "macs": [
                "00:1A:79:40:0E:A4",
                "00:1A:79:40:31:CB"
            ]
        },
        {
            "server_name": "my.atgapp.net:80",
            "server_url": "http://my.atgapp.net:80/c/",
            "macs": [
                "00:1A:79:70:02:39"
            ]
        },
        {
            "server_name": "my.frequency.rocks",
            "server_url": "http://my.frequency.rocks/c/",
            "macs": [
                "00:1A:79:81:86:B3"
            ]
        },
        {
            "server_name": "magiptv.123tv.to:8080",
            "server_url": "http://magiptv.123tv.to:8080/c/",
            "macs": [
                "00:1A:79:F1:69:E3",
                "00:1A:79:F0:BB:B1",
                "00:1A:79:F0:D5:D8"
            ]
        },
        {
            "server_name": "promaxhd.com:8080",
            "server_url": "http://promaxhd.com:8080/c/",
            "macs": [
                "00:1A:79:01:2A:83",
                "00:1A:79:70:34:3E",
                "00:1A:79:5C:76:99",
                "00:1A:79:BA:1E:87",
                "00:1A:79:BD:33:3E"
            ]
        },
        {
            "server_name": "fuego-iptv.net:8080",
            "server_url": "http://fuego-iptv.net:8080/c/",
            "macs": [
                "00:1A:79:b4:e7:43",
                "00:1A:79:7c:6f:88",
                "00:1A:79:63:3C:D2"
            ]
        },
        {
            "server_name": "bariporto.xyz:8080",
            "server_url": "http://bariporto.xyz:8080/c/",
            "macs": [
                "00:1A:79:97:00:57"
            ]
        }
    ]
}