{
    "items": [
        {
            "server_name": "tv.premiumplus.tv",
            "server_url": "http://tv.premiumplus.tv/c/",
            "macs": [
                "00:1A:79:14:B5:92",
                "00:1A:79:70:CE:F3",
                "00:1A:79:0C:A2:1C",
                "00:1A:79:C4:04:8E",
                "00:1A:79:F5:17:B0"
            ]
        },
        {
            "server_name": "innovationtv.eu:80",
            "server_url": "http://innovationtv.eu:80/c/",
            "macs": [
                "00:1A:79:17:2E:0F"
            ]
        },
        {
            "server_name": "pt.chape-shop.com:8080",
            "server_url": "http://pt.chape-shop.com:8080/c/",
            "macs": [
                "00:1A:79:43:D6:7D",
                "00:1A:79:E0:04:45",
                "00:1A:79:F5:04:B6",
                "00:1A:79:78:ED:AE"
            ]
        },
        {
            "server_name": "gtvstreams.me",
            "server_url": "http://gtvstreams.me/c/",
            "macs": [
                "00:1A:79:E2:1F:D2",
                "00:1A:79:E2:F1:25"
            ]
        },
        {
            "server_name": "restream.globaltv1.net:8080",
            "server_url": "http://restream.globaltv1.net:8080/c/",
            "macs": [
                "00:1A:79:BD:69:BC"
            ]
        },
        {
            "server_name": "hellas.sltv.pw:8080",
            "server_url": "http://hellas.sltv.pw:8080/c/",
            "macs": [
                "00:1A:79:35:B8:54"
            ]
        },
        {
            "server_name": "activetv.club:80",
            "server_url": "http://activetv.club:80/c/",
            "macs": [
                "00:1a:79:d1:7d:43",
                "00:1a:79:b7:76:4d"
            ]
        },
        {
            "server_name": "chunkymunky.site:8080",
            "server_url": "http://chunkymunky.site:8080/c/",
            "macs": [
                "00:1A:79:40:1E:A3",
                "00:1A:79:40:4B:81",
                "00:1A:79:40:21:F9"
            ]
        },
        {
            "server_name": "mag.iudtv.org:8080",
            "server_url": "http://mag.iudtv.org:8080/c/",
            "macs": [
                "00:1A:79:82:B9:9A",
                "00:1A:79:82:26:15",
                "00:1A:79:82:04:FC"
            ]
        },
        {
            "server_name": "zenlink.link",
            "server_url": "http://zenlink.link/c/",
            "macs": [
                "00:1a:79:ba:00:29",
                "00:1a:79:bd:cb:9e",
                "00:1a:79:b6:ee:8e"
            ]
        }
    ]
}