{
    "items": [
        {
            "server_name": "promaxhd.com:8080",
            "server_url": "http://promaxhd.com:8080/c/",
            "macs": [
                "00:1A:79:5C:A3:57",
                "00:1A:79:3E:72:AF",
                "00:1A:79:9A:11:37",
                "00:1A:79:F8:5E:BC",
                "00:1A:79:C7:9C:12"
            ]
        },
        {
            "server_name": "ibrafr.com:8789",
            "server_url": "http://ibrafr.com:8789/c/",
            "macs": [
                "00:1A:79:5c:2d:6d",
                "00:1A:79:a2:88:01",
                "00:1A:79:8a:dc:da",
                "00:1A:79:80:25:74",
                "00:1A:79:58:11:69"
            ]
        },
        {
            "server_name": "ibrafr.com:8789",
            "server_url": "http://ibrafr.com:8789/c/",
            "macs": [
                "00:1A:79:52:C9:83",
                "00:1A:79:4C:A4:04"
            ]
        },
        {
            "server_name": "ultra-box.club",
            "server_url": "http://ultra-box.club/c/",
            "macs": [
                "00:1a:79:ba:af:61",
                "00:1a:79:ae:5c:34",
                "00:1a:79:af:25:7b",
                "00:1a:79:ad:93:53",
                "00:1a:79:aa:bd:12"
            ]
        }
    ]
}