{
    "items": [
        {
            "server_name": "titanpaket.com:8080",
            "server_url": "http://titanpaket.com:8080/c/",
            "macs": [
                "00:1A:79:B2:5D:48"
            ]
        },
        {
            "server_name": "line.iptvwings.com:80",
            "server_url": "http://line.iptvwings.com:80/c/",
            "macs": [
                "00:1A:79:BE:23:D6",
                "00:1A:79:B6:DE:95",
                "00:1A:79:B4:66:A2",
                "00:1A:79:85:D5:3D"
            ]
        },
        {
            "server_name": "optimus-tv.org:8080",
            "server_url": "http://optimus-tv.org:8080/c/",
            "macs": [
                "00:1A:79:AF:FA:08",
                "00:1A:79:AA:58:7A",
                "00:1A:79:08:4E:48",
                "00:1A:79:6E:2A:F6",
                "00:1A:79:08:45:88",
                "00:1A:79:AA:59:18",
                "00:1A:79:6E:2B:34",
                "00:1A:79:6E:2B:87"
            ]
        },
        {
            "server_name": "line.protv.cc:80",
            "server_url": "http://line.protv.cc:80/c/",
            "macs": [
                "00:1A:79:84:24:DD",
                "00:1A:79:57:7F:C0",
                "00:1A:79:0B:BA:FD",
                "00:1A:79:A1:8D:36",
                "00:1A:79:93:88:52",
                "00:1A:79:3A:E5:28",
                "00:1A:79:00:01:E6",
                "00:1A:79:2A:28:10",
                "00:1A:79:0B:FA:D1"
            ]
        },
        {
            "server_name": "89.45.13.220:8080",
            "server_url": "http://89.45.13.220:8080/c/",
            "macs": [
                "00:1A:79:01:6E:99",
                "00:1A:79:13:54:EE",
                "00:1A:79:4F:3E:9B",
                "00:1A:79:01:6A:85",
                "00:1A:79:6B:BB:27"
            ]
        },
        {
            "server_name": "skydidyma.xyz:8080",
            "server_url": "http://skydidyma.xyz:8080/c/",
            "macs": [
                "00:1A:79:E7:81:3F",
                "00:1A:79:90:37:C7",
                "00:1A:79:98:1C:8F",
                "00:1A:79:B7:88:F6",
                "00:1A:79:6A:6A:34"
            ]
        },
        {
            "server_name": "185.243.7.154:80",
            "server_url": "http://185.243.7.154:80/c/",
            "macs": [
                "00:1A:79:7A:2A:BC",
                "00:1A:79:BD:75:59",
                "00:1A:79:5D:AE:81",
                "00:1A:79:A7:63:99",
                "00:1A:79:7C:01:ED",
                "00:1A:79:B4:D9:C9",
                "00:1A:79:B6:9A:C3",
                "00:1A:79:D7:0D:86",
                "00:1A:79:C3:85:61"
            ]
        },
        {
            "server_name": "mag.premiumplus.tv",
            "server_url": "http://mag.premiumplus.tv/c/",
            "macs": [
                "00:1A:79:E6:58:D0",
                "00:1A:79:AF:14:E1",
                "00:1A:79:20:61:08",
                "00:1A:79:E2:6F:E1",
                "00:1A:79:54:37:4A",
                "00:1A:79:0C:2F:BC",
                "00:1A:79:C5:76:75"
            ]
        },
        {
            "server_name": "tkosportz.live:25461",
            "server_url": "http://tkosportz.live:25461/c/",
            "macs": [
                "00:1A:79:E6:53:11",
                "00:1A:79:E6:41:F6"
            ]
        },
        {
            "server_name": "fast.newdns.world",
            "server_url": "http://fast.newdns.world/c/",
            "macs": [
                "00:1A:79:FB:2D:48",
                "00:1A:79:C3:B1:10"
            ]
        },
        {
            "server_name": "wyveep.com:8080",
            "server_url": "http://wyveep.com:8080/c/",
            "macs": [
                "00:1A:79:CC:2E:8C",
                "00:1A:79:6F:57:59",
                "00:1A:79:AB:97:A0",
                "00:1A:79:B8:1B:72"
            ]
        },
        {
            "server_name": "15.235.13.183:88",
            "server_url": "http://15.235.13.183:88/stalker_portal/c/",
            "macs": [
                "00:1A:79:04:02:4A",
                "00:1A:79:D0:97:41",
                "00:1A:79:E5:30:79",
                "00:1a:79:65:e8:2b",
                "00:1A:79:3F:9F:32",
                "00:1a:79:af:00:53",
                "00:1A:79:C2:F1:54",
                "00:1A:79:62:1A:F0",
                "00:1A:79:41:8C:2E"
            ]
        },
        {
            "server_name": "m.suportline.xyz",
            "server_url": "http://m.suportline.xyz/stalker_portal/c/",
            "macs": [
                "00:1A:79:DE:8D:4D",
                "00:1A:79:97:43:87",
                "00:1A:79:3C:AE:52"
            ]
        },
        {
            "server_name": "line.myox.me",
            "server_url": "http://line.myox.me/c/",
            "macs": [
                "00:1A:79:5A:3F:96"
            ]
        },
        {
            "server_name": "skipcf.cwdn.cx",
            "server_url": "http://skipcf.cwdn.cx/c/",
            "macs": [
                "00:1A:79:C2:1E:4A",
                "00:1A:79:B6:B2:83"
            ]
        },
        {
            "server_name": "107.189.14.168:8080",
            "server_url": "http://107.189.14.168:8080/c/",
            "macs": [
                "00:1A:79:59:90:BB",
                "00:1a:79:93:4c:ad",
                "00:1A:79:2E:D6:05",
                "00:1A:79:66:8A:E0"
            ]
        },
        {
            "server_name": "promaxhd.com:8080",
            "server_url": "http://promaxhd.com:8080/c/",
            "macs": [
                "00:1A:79:01:2A:83",
                "00:1A:79:BA:1E:87",
                "00:1A:79:C3:92:74",
                "00:1A:79:5C:3B:3F",
                "00:1A:79:B5:68:BF",
                "00:1A:79:80:F4:1E"
            ]
        }
    ]
}