{
    "items": [
        {
            "server_name": "4connect.link",
            "server_url": "http://4connect.link/c/",
            "macs": [
                "00:1a:79:ae:74:eb",
                "00:1a:79:b7:74:c0",
                "00:1a:79:af:89:68",
                "00:1a:79:ba:a0:f4",
                "00:1a:79:aa:e4:4d",
                "00:1a:79:b6:d8:3c",
                "00:1a:79:b0:60:92",
                "00:1a:79:b0:59:9b",
                "00:1a:79:ba:3c:0b",
                "00:1a:79:ae:80:35",
                "00:1a:79:af:fa:5f",
                "00:1a:79:5e:60:8f"
            ]
        },
        {
            "server_name": "trex.8kott.xyz",
            "server_url": "http://trex.8kott.xyz/c/",
            "macs": [
                "00:1A:79:6E:4B:28",
                "00:1A:79:6D:10:34"
            ]
        },
        {
            "server_name": "nossacasa55.ddns.net:8080",
            "server_url": "http://nossacasa55.ddns.net:8080/c/",
            "macs": [
                "00:1A:79:55:97:DC",
                "00:1A:79:C4:B7:FE",
                "00:1A:79:AB:31:CD",
                "00:1A:79:53:7D:C1"
            ]
        },
        {
            "server_name": "107.189.14.168:8080",
            "server_url": "http://107.189.14.168:8080/c/",
            "macs": [
                "00:1a:79:93:4c:ad",
                "00:1A:79:2E:D6:05",
                "00:1A:79:66:8A:E0"
            ]
        },
        {
            "server_name": "spacextv.live:8080",
            "server_url": "http://spacextv.live:8080/c/",
            "macs": [
                "00:1A:79:4D:01:BB"
            ]
        },
        {
            "server_name": "mag.greatott.me",
            "server_url": "http://mag.greatott.me/c/",
            "macs": [
                "00:1A:79:18:1F:9F"
            ]
        },
        {
            "server_name": "pointpython.streamtv.to:8080",
            "server_url": "http://pointpython.streamtv.to:8080/c/",
            "macs": [
                "00:1A:79:55:5E:9A"
            ]
        },
        {
            "server_name": "mutant.arrox.top:80",
            "server_url": "http://mutant.arrox.top:80/c/",
            "macs": [
                "00:1A:79:37:68:10",
                "00:1A:79:D7:A2:FA",
                "00:1A:79:77:3C:7B",
                "00:1A:79:7B:DD:ED"
            ]
        },
        {
            "server_name": "mag.premiumplus.tv",
            "server_url": "http://mag.premiumplus.tv/c/",
            "macs": [
                "00:1A:79:A1:FB:78",
                "00:1A:79:B6:3B:6B"
            ]
        },
        {
            "server_name": "stalker.ugoiptv.com",
            "server_url": "http://stalker.ugoiptv.com/c/",
            "macs": [
                "00:1A:79:00:0D:C9",
                "00:1A:79:5D:23:51"
            ]
        },
        {
            "server_name": "tv.psmarters.xyz:8080",
            "server_url": "http://tv.psmarters.xyz:8080/c/",
            "macs": [
                "00:1A:79:13:51:E3",
                "00:1A:79:13:55:59",
                "00:1A:79:13:55:65",
                "00:1A:79:13:51:E9",
                "00:1A:79:13:57:45",
                "00:1A:79:13:54:EF"
            ]
        },
        {
            "server_name": "iptvswiss.com.123tv.to:8080",
            "server_url": "http://iptvswiss.com.123tv.to:8080/c/",
            "macs": [
                "00:1A:79:67:BB:48",
                "00:1A:79:49:B7:CC"
            ]
        },
        {
            "server_name": "brokentv.rip:8080",
            "server_url": "http://brokentv.rip:8080/c/",
            "macs": [
                "00:1A:79:49:9C:A7",
                "00:1A:79:82:A2:80"
            ]
        },
        {
            "server_name": "45.139.122.199:8080",
            "server_url": "http://45.139.122.199:8080/c/",
            "macs": [
                "00:1A:79:B7:2B:B7",
                "00:1A:79:50:30:6C"
            ]
        },
        {
            "server_name": "fastrunner.live:8080",
            "server_url": "http://fastrunner.live:8080/c/",
            "macs": [
                "00:1A:79:52:D6:B3",
                "00:1A:79:87:38:0F",
                "00:1A:79:AB:65:62"
            ]
        }
    ]
}