{
    "items": [
        {
            "server_name": "1-ns31617126.ip-162-19-37.eu:8080",
            "server_url": "http://ns31617126.ip-162-19-37.eu:8080/c/",
            "macs": [
                "00:1A:79:00:22:94",
                "00:1A:79:01:C7:BE",
                "00:1A:79:19:31:83",
                "00:1A:79:1E:04:A5",
                "00:1A:79:1D:05:4A",
                "00:1A:79:CF:01:43",
                "00:1A:79:BF:67:BE",
                "00:1A:79:FB:42:35",
                "00:1A:79:D0:26:A8",
                "00:1A:79:A7:ED:70",
                "00:1A:79:BE:75:61",
                "00:1A:79:BF:A4:EA",
                "00:1A:79:A3:27:7C",
                "00:1A:79:C3:C5:29",
                "00:1A:79:A9:BF:C3",
                "00:1A:79:B9:0D:35",
                "00:1A:79:6B:5E:AA",
                "00:1A:79:B8:8E:70",
                "00:1A:79:B2:4A:FA",
                "00:1A:79:BA:06:FD",
                "00:1A:79:B3:C4:0C",
                "00:1A:79:FB:08:D1",
                "00:1A:79:B3:62:D1",
                "00:1A:79:6B:57:4B",
                "00:1A:79:AB:6C:BD",
                "00:1A:79:96:97:B9"
            ]
        },
        {
            "server_name": "2",
            "server_url": "http://mol-2.com:8080/c/",
            "macs": [
                "00:1A:79:00:00:10",
                "00:1A:79:00:00:01",
                "00:1A:79:00:22:94",
                "00:1A:79:AB:DF:1B",
                "00:1A:79:B2:63:CA",
                "00:1A:79:CD:27:89",
                "00:1A:79:B2:7A:B7",
                "00:1A:79:26:DB:6D",
                "00:1A:79:FB:2B:F9",
                "00:1A:79:B9:98:A3",
                "00:1A:79:D0:73:53",
                "00:1A:79:C7:AF:9C",
                "00:1A:79:C4:4F:CA",
                "00:1A:79:BE:7E:43",
                "00:1A:79:C0:E4:76",
                "00:1A:79:38:3E:F1",
                "00:1A:79:C7:EE:0C",
                "00:1A:79:C7:FC:AC",
                "00:1A:79:CB:6A:F3",
                "00:1A:79:FB:0E:77",
                "00:1A:79:FB:23:E1",
                "00:1A:79:DD:6F:31",
                "00:1A:79:C1:C9:AF",
                "00:1A:79:47:CE:A6"
            ]
        }
    ]
}