{
    "items": [
        {
            "server_name": "alpha.cloudfkn.com.br",
            "server_url": "http://alpha.cloudfkn.com.br/stalker_portal/c/",
            "macs": [
                "00:1A:79:9F:90:04",
                "00:1A:79:53:56:CD",
                "00:1A:79:76:AC:F4"
            ]
        },
        {
            "server_name": "max.zengtv.net",
            "server_url": "http://max.zengtv.net:8000/c/",
            "macs": [
                "00:1A:79:00:5E:3F",
                "00:1A:79:00:30:44",
                "00:1A:79:00:30:8E",
                "00:1A:79:00:31:49",
                "00:1A:79:00:34:9A",
                "00:1A:79:00:39:EA",
                "00:1A:79:00:39:ed"
            ]
        },
        {
            "server_name": "neomixs.com",
            "server_url": "http://neomixs.com:8080/c/",
            "macs": [
                "00:1A:79:5C:DE:EF",
                "00:1a:79:72:98:82",
                "00:1a:79:7a:27:64"
            ]
        },
        {
            "server_name": "neptun2022.pro",
            "server_url": "http://neptun2022.pro/c/",
            "macs": [
                "00:1A:79:02:D1:AD"
            ]
        },
        {
            "server_name": "private3.clientline.club",
            "server_url": "http://private3.clientline.club/c/",
            "macs": [
                "00:1A:79:41:BB:5D",
                "00:1A:79:7E:B9:B9",
                "00:1A:79:00:23:3D",
                "00:1A:79:00:51:F5"
            ]
        },
        {
            "server_name": "promaxhd.com",
            "server_url": "http://promaxhd.com:8080/c/",
            "macs": [
                "00:1a:79:33:a5:18"
            ]
        },
        {
            "server_name": "yo.ikitv.site",
            "server_url": "http://yo.ikitv.site:8080/c/",
            "macs": [
                "00:1A:79:46:64:9E"
            ]
        }
    ]
}