{
    "items": [
        {
            "server_name": "1.germany4k.xyz",
            "server_url": "http://1.germany4k.xyz:8080/c/",
            "macs": [
                "00:1A:79:3A:FF:23",
                "00:1A:79:3B:5C:80",
                "00:1A:79:21:DB:33",
                "00:1A:79:64:45:C2",
                "00:1A:79:60:4D:8C",
                "00:1A:79:E0:03:52",
                "00:1A:79:6A:B9:4F",
                "00:1A:79:86:E1:AE",
                "00:1A:79:0F:09:BD",
                "00:1A:79:64:E3:C9"
            ]
        },
        {
            "server_name": "162.19.37.133",
            "server_url": "http://162.19.37.133:8080/c/",
            "macs": [
                "00:1A:79:B7:34:30"
            ]
        },
        {
            "server_name": "185.243.7.51",
            "server_url": "http://185.243.7.51/c/",
            "macs": [
                "00:1A:79:C3:F1:71",
                "00:1A:79:64:AA:CA",
                "00:1A:79:C6:95:3E",
                "00:1A:79:79:77:B6",
                "00:1A:79:12:30:37"
            ]
        },
        {
            "server_name": "45.139.122.199",
            "server_url": "http://45.139.122.199:8080/c/",
            "macs": [
                "00:1A:79:A6:54:34",
                "00:1A:79:4D:13:73",
                "00:1A:79:B4:4F:81",
                "00:1A:79:AD:84:81",
                "00:1A:79:C3:0D:FD",
                "00:1A:79:C4:22:DD",
                "00:1A:79:AE:CC:32",
                "00:1A:79:C5:48:7B",
                "00:1A:79:F4:8C:3A"
            ]
        },
        {
            "server_name": "90309-fri.ott-cdn.me",
            "server_url": "http://90309-fri.ott-cdn.me/c/",
            "macs": [
                "00:1A:79:96:E6:46",
                "00:1A:79:BF:7A:3E",
                "00:1A:79:A1:FC:B0",
                "00:1A:79:C3:94:FA",
                "00:1A:79:AF:7F:8E",
                "00:1A:79:36:58:D2"
            ]
        },
        {
            "server_name": "apksmart.dino.ws",
            "server_url": "http://apksmart.dino.ws/c/",
            "macs": [
                "00:1A:79:0E:85:CA",
                "00:1A:79:D5:7D:40",
                "00:1A:79:B9:0B:D2",
                "00:1A:79:30:30:70",
                "00:1A:79:7A:C7:2F",
                "00:1A:79:5B:C0:B8",
                "00:1A:79:02:F8:2B",
                "00:1A:79:63:E9:9B",
                "00:1A:79:17:1B:95",
                "00:1A:79:3B:00:64",
                "00:1A:79:B7:81:F2",
                "00:1A:79:73:47:40",
                "00:1A:79:3A:1F:F7",
                "00:1A:79:B5:2A:00",
                "00:1A:79:01:70:E4",
                "00:1A:79:B9:9F:4E",
                "00:1A:79:74:98:95",
                "00:1A:79:6D:57:42"
            ]
        },
        {
            "server_name": "birutv.my.id",
            "server_url": "http://birutv.my.id/c/",
            "macs": [
                "00:1A:79:C3:9F:E0",
                "00:1A:79:A1:FC:A8",
                "00:1A:79:A1:1B:83",
                "00:1A:79:46:70:A9",
                "00:1A:79:58:2F:4F",
                "00:1A:79:4E:E5:63",
                "00:1A:79:04:4B:B1",
                "00:1A:79:73:2F:20",
                "00:1A:79:35:F3:81",
                "00:1A:79:85:E9:60",
                "00:1A:79:1E:58:5A",
                "00:1A:79:9A:BB:BD",
                "00:1A:79:C2:1F:38",
                "00:1A:79:27:8F:17",
                "00:1A:79:25:7F:84",
                "00:1A:79:CD:F6:1F",
                "00:1A:79:BF:BA:3A",
                "00:1A:79:D2:30:Bc",
                "00:1A:79:22:8F:1F",
                "00:1A:79:18:34:0c",
                "00:1A:79:04:5F:15",
                "00:1A:79:3C:2F:CE",
                "00:1A:79:24:3F:D0",
                "00:1A:79:DE:7F:06",
                "00:1A:79:E2:7B:7E",
                "00:1A:79:23:3F:99",
                "00:1A:79:73:E1:DE",
                "00:1A:79:83:6F:B3",
                "00:1A:79:33:62:39",
                "00:1A:79:49:7B:4F",
                "00:1A:79:BB:15:E0",
                "00:1A:79:BF:96:1A",
                "00:1A:79:2C:51:38",
                "00:1A:79:83:6F:8F",
                "00:1A:79:24:2F:98",
                "00:1A:79:C3:52:E4",
                "00:1A:79:2B:9F:40",
                "00:1A:79:D5:3F:76",
                "00:1A:79:D7:B2:1E",
                "00:1A:79:B2:A6:34",
                "00:1A:79:36:6F:E4",
                "00:1A:79:3A:47:EB",
                "00:1A:79:19:41:31",
                "00:1A:79:F5:04:E2",
                "00:1A:79:00:9F:96",
                "00:1A:79:03:B1:4E",
                "00:1A:79:DE:F7:E3",
                "00:1A:79:D4:5F:59",
                "00:1A:79:57:90:FA"
            ]
        },
        {
            "server_name": "connectwelt.xyz",
            "server_url": "http://connectwelt.xyz:8080/c/",
            "macs": [
                "00:1A:79:40:97:91"
            ]
        },
        {
            "server_name": "darknetiptv1.ddns.net",
            "server_url": "http://darknetiptv1.ddns.net:25461/c/",
            "macs": [
                "00:1A:79:B8:4F:1E",
                "00:1A:79:53:62:1F",
                "00:1A:79:C2:99:B9",
                "00:1A:79:6E:63:69",
                "00:1A:79:72:85:2F",
                "00:1A:79:54:D7:C8",
                "00:1A:79:3E:67:C5",
                "00:1A:79:48:B0:08",
                "00:1A:79:B6:C9:F6",
                "00:1A:79:CF:41:06",
                "00:1A:79:27:E9:5E",
                "00:1A:79:72:7E:75",
                "00:1A:79:C2:42:3F",
                "00:1A:79:82:80:38",
                "00:1A:79:B8:45:66",
                "00:1A:79:F4:BA:1B",
                "00:1A:79:61:A1:23",
                "00:1A:79:B8:49:AD",
                "00:1A:79:BA:A9:39",
                "00:1A:79:FE:E5:2D",
                "00:1A:79:5B:8D:4C",
                "00:1A:79:42:2B:31",
                "00:1A:79:B8:45:D6",
                "00:1A:79:77:EA:B9"
            ]
        },
        {
            "server_name": "darktv.eu",
            "server_url": "http://darktv.eu:25461/c/",
            "macs": [
                "00:1A:79:5C:E5:7B",
                "00:1A:79:4E:E5:63",
                "00:1A:79:83:A4:Ac",
                "00:1A:79:35:F3:81",
                "00:1A:79:C2:1F:38",
                "00:1A:79:D5:3F:D1",
                "00:1A:79:BF:BA:3A",
                "00:1A:79:18:34:0c",
                "00:1A:79:04:5F:15",
                "00:1A:79:C3:1F:DF",
                "00:1A:79:03:B0:47",
                "00:1A:79:20:8F:A4",
                "00:1A:79:BB:18:58",
                "00:1A:79:DE:7F:06",
                "00:1A:79:AC:1F:45",
                "00:1A:79:23:3F:99",
                "00:1A:79:DD:6F:74",
                "00:1A:79:73:E1:DE",
                "00:1A:79:96:BB:C4",
                "00:1A:79:83:6F:B3",
                "00:1A:79:61:6F:54",
                "00:1A:79:49:7B:4F",
                "00:1A:79:EC:BC:4E",
                "00:1A:79:65:C6:59",
                "00:1A:79:93:F6:95",
                "00:1A:79:57:D6:39",
                "00:1A:79:83:6F:8F",
                "00:1A:79:2B:9F:40",
                "00:1A:79:D7:B2:1E",
                "00:1A:79:36:6F:E4",
                "00:1A:79:3A:47:EB"
            ]
        },
        {
            "server_name": "dp-elite.net",
            "server_url": "http://dp-elite.net:2095/c/",
            "macs": [
                "00:1a:79:26:86:25",
                "00:1a:79:ac:21:ef",
                "00:1a:79:c2:c9:0b",
                "00:1a:79:c3:5c:e4",
                "00:1a:79:c7:66:d6",
                "00:1a:79:c7:3a:6f",
                "00:1a:79:db:dc:71",
                "00:1a:79:be:fd:18",
                "00:1a:79:c4:9f:fa",
                "00:1a:79:bc:60:11",
                "00:1a:79:b4:ca:89",
                "00:1a:79:51:a3:84",
                "00:1a:79:e9:b6:7f",
                "00:1a:79:13:7f:92",
                "00:1a:79:1b:5f:3b",
                "00:1a:79:90:64:9b",
                "00:1a:79:a4:58:1d"
            ]
        },
        {
            "server_name": "esesfero.mine.nu",
            "server_url": "http://esesfero.mine.nu:3800/c/",
            "macs": [
                "00:1A:79:40:13:AA",
                "00:1A:79:D2:2C:24",
                "00:1A:79:03:0F:25"
            ]
        },
        {
            "server_name": "evilvir.us.streamtv.to",
            "server_url": "http://evilvir.us.streamtv.to:8080/c/",
            "macs": [
                "00:1A:79:B0:BF:70"
            ]
        },
        {
            "server_name": "glavonja.work",
            "server_url": "http://glavonja.work:5115/c/",
            "macs": [
                "00:1A:79:CB:A7:39",
                "00:1A:79:A5:63:E6",
                "00:1A:79:0D:58:EC",
                "00:1A:79:A7:1E:0C",
                "00:1A:79:80:B1:A2",
                "00:1A:79:51:48:10"
            ]
        },
        {
            "server_name": "hdmiclub.online",
            "server_url": "http://hdmiclub.online:8080/c/",
            "macs": [
                "00:1A:79:C1:BA:26",
                "00:1A:79:C2:10:28",
                "00:1A:79:BB:D2:63",
                "00:1A:79:0E:82:83",
                "00:1A:79:C0:D6:14"
            ]
        },
        {
            "server_name": "iptvswiss.com.123tv.to",
            "server_url": "http://iptvswiss.com.123tv.to:8080/c/",
            "macs": [
                "00:1A:79:6E:38:4A",
                "00:1A:79:49:D7:47",
                "00:1A:79:BD:50:70",
                "00:1A:79:EE:DC:D4",
                "00:1A:79:B8:8D:1F",
                "00:1A:79:AE:A5:DE"
            ]
        },
        {
            "server_name": "islacam.live",
            "server_url": "http://islacam.live:8080/c/",
            "macs": [
                "00:1a:79:31:73:53",
                "00:1A:79:5D:9F:05",
                "00:1A:79:09:77:8F",
                "00:1a:79:b9:fe:43",
                "00:1A:79:34:67:ED",
                "00:1A:79:5D:3A:FD",
                "00:1A:79:63:52:0F",
                "00:1A:79:05:7D:78",
                "00:1A:79:B6:0A:22"
            ]
        },
        {
            "server_name": "ispy1.click",
            "server_url": "http://ispy1.click:8080/c/",
            "macs": [
                "00:1A:79:5A:43:C9"
            ]
        },
        {
            "server_name": "iup-tv.com",
            "server_url": "http://iup-tv.com:8080/c/",
            "macs": [
                "00:1A:79:A6:F0:CF"
            ]
        },
        {
            "server_name": "line.clear-ocean.link",
            "server_url": "http://line.clear-ocean.link:80/c/",
            "macs": [
                "00:1A:79:30:1E:F9",
                "00:1A:79:30:22:C0",
                "00:1A:79:30:26:FE",
                "00:1A:79:30:34:31",
                "00:1A:79:30:36:32",
                "00:1A:79:30:48:35",
                "00:1A:79:30:4A:E9",
                "00:1a:79:74:7f:24",
                "00:1a:79:00:09:8d",
                "00:1a:79:59:cc:9f",
                "00:1a:79:73:38:36",
                "00:1a:79:b0:a9:5c",
                "00:1a:79:6f:1f:db",
                "00:1a:79:c6:a7:91",
                "00:1a:79:19:47:da",
                "00:1a:79:79:6c:f6"
            ]
        },
        {
            "server_name": "line.iptveros.com",
            "server_url": "http://line.iptveros.com/c/",
            "macs": [
                "00:1A:79:32:BD:7D",
                "00:1A:79:B4:DC:F1",
                "00:1A:79:52:5D:B4",
                "00:1A:79:24:98:C2",
                "00:1A:79:44:8B:33",
                "00:1A:79:C3:1E:DD",
                "00:1A:79:19:30:72",
                "00:1A:79:E9:A5:1B",
                "00:1A:79:1B:69:92",
                "00:1A:79:C5:91:C9",
                "00:1A:79:A3:A5:46"
            ]
        },
        {
            "server_name": "line.iptvwings.com",
            "server_url": "http://line.iptvwings.com/c/",
            "macs": [
                "00:1A:79:EF:AA:F5",
                "00:1A:79:B6:6F:17",
                "00:1A:79:7F:16:EB",
                "00:1A:79:62:1B:C3",
                "00:1A:79:EC:CC:DA",
                "00:1A:79:58:BE:9B"
            ]
        },
        {
            "server_name": "line.iptvwings.com",
            "server_url": "http://line.iptvwings.com:80/c/",
            "macs": [
                "00:1A:79:FF:08:1C",
                "00:1A:79:C2:6F:5B",
                "00:1A:79:8C:0B:76",
                "00:1A:79:6C:2D:CF",
                "00:1A:79:5A:0F:E6",
                "00:1A:79:FB:1E:72",
                "00:1A:79:6A:C9:51",
                "00:1A:79:0D:0F:A6",
                "00:1A:79:D8:A2:73",
                "00:1A:79:6F:F8:FC",
                "00:1A:79:AF:19:96",
                "00:1A:79:A8:D6:1D",
                "00:1A:79:4E:45:40",
                "00:1A:79:B3:11:98",
                "00:1A:79:58:2F:AC",
                "00:1A:79:BE:C2:7C",
                "00:1A:79:68:D8:AE",
                "00:1A:79:C6:55:03",
                "00:1A:79:BD:4A:D7",
                "00:1A:79:B4:DE:31"
            ]
        },
        {
            "server_name": "mag.diamondma.club",
            "server_url": "http://mag.diamondma.club:80/c/",
            "macs": [
                "00:1A:79:00:07:A8",
                "00:1A:79:C0:4F:BE",
                "00:1A:79:BF:BE:CA",
                "00:1A:79:C3:1E:43",
                "00:1A:79:C0:8A:4A",
                "00:1A:79:70:90:7F",
                "00:1A:79:3A:A6:08",
                "00:1A:79:5F:CE:67",
                "00:1A:79:C0:D1:C3",
                "00:1A:79:AA:DF:23",
                "00:1A:79:A1:FB:F7",
                "00:1A:79:B0:A9:5C",
                "00:1A:79:D5:D1:B1",
                "00:1A:79:D8:28:80",
                "00:1A:79:BF:BB:A6",
                "00:1A:79:17:10:AD",
                "00:1\u0391:79:91:68:5\u0391",
                "00:1A:79:4B:20:76",
                "00:1A:79:11:6F:0E",
                "00:1A:79:A3:87:47",
                "00:1A:79:89:24:C6",
                "00:1A:79:B6:E2:4D",
                "00:1A:79:D8:7F:C7",
                "00:1A:79:C4:43:E8",
                "00:1A:79:00:03:2C"
            ]
        },
        {
            "server_name": "mag.greatott.me",
            "server_url": "http://mag.greatott.me/c/",
            "macs": [
                "00:1A:79:5C:C0:0A",
                "00:1A:79:B5:07:57",
                "00:1A:79:79:6F:FF",
                "00:1A:79:E7:AD:E1",
                "00:1A:79:7A:40:1B",
                "00:1A:79:2D:56:A0",
                "00:1A:79:8F:93:D1",
                "00:1A:79:98:4F:24",
                "00:1A:79:1F:3F:77",
                "00:1A:79:66:B3:48",
                "00:1A:79:02:8F:F1",
                "00:1A:79:1C:12:78",
                "00:1A:79:F1:AF:A9",
                "00:1A:79:E7:02:E4",
                "00:1A:79:C0:7F:60",
                "00:1A:79:C9:36:13",
                "00:1A:79:B3:A6:D4",
                "00:1A:79:05:01:2C",
                "00:1A:79:7D:CA:29",
                "00:1A:79:24:78:2D",
                "00:1A:79:C4:05:7D",
                "00:1A:79:60:BE:70"
            ]
        },
        {
            "server_name": "mag.myox.me",
            "server_url": "http://mag.myox.me/c/",
            "macs": [
                "00:1A:79:13:28:49",
                "00:1A:79:22:40:BF",
                "00:1A:79:46:37:2D",
                "00:1A:79:4A:F9:48",
                "00:1A:79:54:CA:4A",
                "00:1A:79:60:D3:59",
                "00:1A:79:73:C2:42",
                "00:1A:79:75:63:44",
                "00:1A:79:77:82:B7",
                "00:1A:79:77:84:03",
                "00:1A:79:79:9B:CE",
                "00:1A:79:7A:44:3C",
                "00:1A:79:B5:10:D1",
                "00:1A:79:B5:D7:0B",
                "00:1A:79:C1:2C:FF",
                "00:1A:79:C4:31:8B",
                "00:1A:79:CB:86:95",
                "00:1A:79:D3:B1:CA",
                "00:1A:79:D4:DC:6B",
                "00:1A:79:D5:4C:A4",
                "00:1A:79:F9:71:37",
                "00:1A:79:FF:04:E0"
            ]
        },
        {
            "server_name": "mol-2.com",
            "server_url": "http://mol-2.com:8080/c/",
            "macs": [
                "00:1A:79:00:00:10",
                "00:1A:79:00:00:01",
                "00:1A:79:00:22:94",
                "00:1A:79:AB:DF:1B",
                "00:1A:79:B2:63:CA",
                "00:1A:79:CD:27:89",
                "00:1A:79:B2:7A:B7",
                "00:1A:79:26:DB:6D",
                "00:1A:79:FB:2B:F9",
                "00:1A:79:B9:98:A3",
                "00:1A:79:D0:73:53",
                "00:1A:79:C7:AF:9C",
                "00:1A:79:C4:4F:CA",
                "00:1A:79:BE:7E:43",
                "00:1A:79:C0:E4:76",
                "00:1A:79:38:3E:F1",
                "00:1A:79:C7:EE:0C",
                "00:1A:79:C7:FC:AC",
                "00:1A:79:CB:6A:F3",
                "00:1A:79:FB:0E:77",
                "00:1A:79:FB:23:E1",
                "00:1A:79:DD:6F:31",
                "00:1A:79:C1:C9:AF",
                "00:1A:79:47:CE:A6"
            ]
        },
        {
            "server_name": "monerotv.net",
            "server_url": "http://monerotv.net:8080/c/",
            "macs": [
                "00:1A:79:31:37:35",
                "00:1A:79:30:66:64",
                "00:1A:79:f4:ff:68"
            ]
        },
        {
            "server_name": "mutant.arrox.top",
            "server_url": "http://mutant.arrox.top/c/",
            "macs": [
                "00:1A:79:42:0E:74",
                "00:1A:79:14:1F:23",
                "00:1A:79:3A:84:89",
                "00:1A:79:BF:DF:A6",
                "00:1A:79:D6:4F:18",
                "00:1A:79:5D:82:E9",
                "00:1A:79:B3:B3:63",
                "00:1A:79:C5:BF:E0",
                "00:1A:79:37:AB:5D",
                "00:1A:79:CC:FB:63",
                "00:1A:79:5F:03:09",
                "00:1A:79:30:6F:04",
                "00:1A:79:5A:35:6E",
                "00:1A:79:51:4C:5B",
                "00:1A:79:6E:2E:E9",
                "00:1A:79:40:60:9B",
                "00:1A:79:8B:08:A0",
                "00:1A:79:31:75:E6",
                "00:1A:79:57:B2:58",
                "00:1A:79:92:4E:CF",
                "00:1A:79:4C:73:AD",
                "00:1A:79:18:E1:6C",
                "00:1A:79:4F:F6:81",
                "00:1A:79:14:6F:76",
                "00:1A:79:6B:88:B6"
            ]
        },
        {
            "server_name": "new.ivue.co",
            "server_url": "http://new.ivue.co:25461/c/",
            "macs": [
                "00:1A:79:B8:4F:1E",
                "00:1A:79:45:1F:5B",
                "00:1A:79:53:62:1F",
                "00:1A:79:F1:C5:A4",
                "00:1A:79:C2:99:B9",
                "00:1A:79:77:63:67",
                "00:1A:79:6E:63:69",
                "00:1A:79:72:85:2F",
                "00:1A:79:C3:66:EE",
                "00:1A:79:34:C1:C4",
                "00:1A:79:7E:69:A4",
                "00:1A:79:6C:32:B4",
                "00:1A:79:36:B5:FB",
                "00:1A:79:AA:EA:F2",
                "00:1A:79:64:14:5A",
                "00:1a:79:1c:5d:9e",
                "00:1A:79:09:C4:73",
                "00:1a:79:53:77:1f",
                "00:1A:79:5C:94:F2",
                "00:1A:79:57:93:FC",
                "00:1A:79:44:2A:0F",
                "00:1A:79:C0:05:12",
                "00:1A:79:BB:D8:6F",
                "00:1A:79:50:57:90"
            ]
        },
        {
            "server_name": "ns31617126.ip-162-19-37.eu",
            "server_url": "http://ns31617126.ip-162-19-37.eu:8080/c/",
            "macs": [
                "00:1A:79:00:22:94",
                "00:1A:79:01:C7:BE",
                "00:1A:79:19:31:83",
                "00:1A:79:1E:04:A5",
                "00:1A:79:1D:05:4A",
                "00:1A:79:CF:01:43",
                "00:1A:79:BF:67:BE",
                "00:1A:79:FB:42:35",
                "00:1A:79:D0:26:A8",
                "00:1A:79:A7:ED:70",
                "00:1A:79:BE:75:61",
                "00:1A:79:BF:A4:EA",
                "00:1A:79:A3:27:7C",
                "00:1A:79:C3:C5:29",
                "00:1A:79:A9:BF:C3",
                "00:1A:79:B9:0D:35",
                "00:1A:79:6B:5E:AA",
                "00:1A:79:B8:8E:70",
                "00:1A:79:B2:4A:FA",
                "00:1A:79:BA:06:FD",
                "00:1A:79:B3:C4:0C",
                "00:1A:79:FB:08:D1",
                "00:1A:79:B3:62:D1",
                "00:1A:79:6B:57:4B",
                "00:1A:79:AB:6C:BD",
                "00:1A:79:96:97:B9",
                "00:1A:79:C8:79:0D",
                "00:1A:79:CA:D7:D9",
                "00:1A:79:B7:8D:48",
                "00:1A:79:B9:9B:7E",
                "00:1A:79:A1:FD:89",
                "00:1A:79:BD:7E:77",
                "00:1A:79:C5:3F:07",
                "00:1A:79:C5:2E:3D",
                "00:1A:79:AD:EC:E6",
                "00:1A:79:B6:7C:E0",
                "00:1A:79:22:1D:D2",
                "00:1A:79:BF:63:E8",
                "00:1A:79:FB:26:13",
                "00:1A:79:4D:49:89",
                "00:1A:79:49:84:60",
                "00:1A:79:C6:4D:D7",
                "00:1A:79:B1:6F:36",
                "00:1A:79:CB:A2:A9",
                "00:1A:79:92:B6:9D",
                "00:1A:79:AB:2D:17",
                "00:1A:79:B1:65:25",
                "00:1A:79:A5:BF:C9",
                "00:1A:79:B1:7C:E4",
                "00:1A:79:AD:05:D1",
                "00:1A:79:BD:82:72",
                "00:1A:79:B5:B7:EA",
                "00:1A:79:B4:F2:9A",
                "00:1A:79:FB:1C:F0",
                "00:1A:79:64:DD:72",
                "00:1A:79:FB:4F:24",
                "00:1A:79:A2:C6:00",
                "00:1A:79:BA:8E:0D",
                "00:1A:79:C7:CF:94",
                "00:1A:79:C0:C8:1E",
                "00:1A:79:BA:DF:01",
                "00:1A:79:C2:89:AB",
                "00:1A:79:D3:B1:04",
                "00:1A:79:99:78:4E",
                "00:1A:79:CA:D4:74",
                "00:1A:79:BE:62:1D",
                "00:1A:79:CC:2A:17",
                "00:1A:79:D6:8F:55",
                "00:1A:79:B7:6B:D4",
                "00:1A:79:B6:74:B9",
                "00:1A:79:4E:79:A2",
                "00:1A:79:C3:35:A3",
                "00:1A:79:AC:F9:3A",
                "00:1A:79:AC:F4:96",
                "00:1A:79:AB:97:B1",
                "00:1A:79:CB:EC:FA",
                "00:1A:79:F5:3B:5B",
                "00:1A:79:BE:53:77",
                "00:1A:79:76:80:B6",
                "00:1A:79:0D:70:5F",
                "00:1A:79:5D:94:5C",
                "00:1A:79:BA:8D:D9",
                "00:1A:79:53:66:98"
            ]
        },
        {
            "server_name": "rufus.zone",
            "server_url": "http://rufus.zone/stalker_portal/c/",
            "macs": [
                "00:1A:79:C1:37:22",
                "00:1A:79:CD:57:2C",
                "00:1A:79:2F:2F:13",
                "00:1A:79:B5:5E:66",
                "00:1A:79:C5:2A:38",
                "00:1A:79:E5:17:A9"
            ]
        },
        {
            "server_name": "tit.ipsh.tv",
            "server_url": "http://tit.ipsh.tv/c/",
            "macs": [
                "00:1A:79:0E:85:CA",
                "00:1A:79:00:11:37",
                "00:1A:79:00:1C:FE",
                "00:1A:79:00:1D:21",
                "00:1A:79:01:70:E4",
                "00:1A:79:02:F8:2B",
                "00:1A:79:07:BF:D8",
                "00:1A:79:0C:5B:DC",
                "00:1A:79:10:9F:FC",
                "00:1A:79:12:55:99",
                "00:1A:79:17:1B:95",
                "00:1A:79:18:C2:6F",
                "00:1A:79:1B:DD:BD",
                "00:1A:79:1D:CC:00",
                "00:1A:79:1E:59:EB",
                "00:1A:79:21:05:54",
                "00:1A:79:22:39:87",
                "00:1A:79:24:B7:71",
                "00:1A:79:25:36:BE",
                "00:1A:79:25:A1:17",
                "00:1A:79:2A:49:7D",
                "00:1A:79:30:30:70",
                "00:1A:79:33:33:99",
                "00:1A:79:3A:1F:F7",
                "00:1A:79:3B:00:64",
                "00:1A:79:3E:CF:50",
                "00:1A:79:3F:E0:83",
                "00:1A:79:41:34:2F",
                "00:1A:79:44:9D:34",
                "00:1A:79:45:EF:81",
                "00:1A:79:4C:C5:4E",
                "00:1A:79:4E:AE:FA",
                "00:1A:79:4E:E1:C2",
                "00:1A:79:50:3B:87",
                "00:1A:79:50:55:55",
                "00:1A:79:52:3B:BC",
                "00:1A:79:53:F0:0F",
                "00:1A:79:58:01:F1",
                "00:1A:79:5A:D3:1C",
                "00:1A:79:5B:C0:B8",
                "00:1A:79:63:E9:9B",
                "00:1A:79:67:5C:89",
                "00:1A:79:6D:30:B6",
                "00:1A:79:6D:57:42",
                "00:1A:79:6E:E1:D4",
                "00:1A:79:71:8F:A0",
                "00:1A:79:73:47:40",
                "00:1A:79:74:98:95",
                "00:1A:79:76:85:65",
                "00:1A:79:76:98:08",
                "00:1A:79:76:EB:56",
                "00:1A:79:7A:C7:2F",
                "00:1A:79:7B:D6:68",
                "00:1A:79:7D:70:18",
                "00:1A:79:80:A2:6D",
                "00:1A:79:81:C0:A2",
                "00:1A:79:84:27:78",
                "00:1A:79:88:3C:B9",
                "00:1A:79:8B:36:71",
                "00:1A:79:8C:07:A0",
                "00:1A:79:8E:8C:7B",
                "00:1A:79:90:26:D1",
                "00:1A:79:93:8D:E4",
                "00:1A:79:95:B2:4B",
                "00:1A:79:97:91:A2",
                "00:1A:79:A4:C6:82",
                "00:1A:79:A5:6E:92",
                "00:1A:79:A5:E4:31",
                "00:1A:79:A9:C1:80",
                "00:1A:79:AA:1F:81",
                "00:1A:79:AB:59:A0",
                "00:1A:79:AE:71:10",
                "00:1A:79:AF:04:BD",
                "00:1A:79:AF:6F:A1",
                "00:1A:79:B5:2A:00",
                "00:1A:79:B5:F8:71",
                "00:1A:79:B6:2A:24",
                "00:1A:79:B6:A7:D9",
                "00:1A:79:B7:31:D2",
                "00:1A:79:B8:1C:E5",
                "00:1A:79:B9:0B:D2",
                "00:1A:79:B9:17:AC",
                "00:1A:79:B9:9F:4E",
                "00:1A:79:BD:42:98",
                "00:1A:79:BF:0B:CB",
                "00:1A:79:C4:7E:EC",
                "00:1A:79:D0:88:7C",
                "00:1A:79:D5:7D:40",
                "00:1A:79:DE:D3:88",
                "00:1A:79:E5:79:9E",
                "00:1A:79:E6:D5:B2",
                "00:1A:79:E7:25:52",
                "00:1A:79:E8:3B:8E",
                "00:1A:79:F5:0B:CF",
                "00:1A:79:F5:69:01",
                "00:1A:79:FA:02:1E"
            ]
        },
        {
            "server_name": "tr.simotvgold.com",
            "server_url": "http://tr.simotvgold.com/c/",
            "macs": [
                "00:1A:79:04:5f:76",
                "00:1A:79:1c:b5:12",
                "00:1A:79:40:65:17",
                "00:1A:79:5d:6a:08",
                "00:1A:79:5d:aa:e6",
                "00:1A:79:6e:96:26",
                "00:1A:79:72:a1:8c",
                "00:1A:79:74:a9:d8",
                "00:1A:79:7c:5b:a4",
                "00:1A:79:a8:db:a2",
                "00:1A:79:af:09:d1",
                "00:1A:79:b5:58:04",
                "00:1A:79:b5:ac:b7",
                "00:1A:79:cd:1f:d8",
                "00:1A:79:d9:99:c8"
            ]
        },
        {
            "server_name": "trex.8kott.xyz",
            "server_url": "http://trex.8kott.xyz/c/",
            "macs": [
                "00:1A:79:6E:4B:28",
                "00:1A:79:6D:10:34",
                "00:1A:79:61:35:36",
                "00:1A:79:4E:90:B9",
                "00:1A:79:E7:A9:0B",
                "00:1A:79:B5:6E:45"
            ]
        },
        {
            "server_name": "tv.premiumplus.tv",
            "server_url": "http://tv.premiumplus.tv:80/c/",
            "macs": [
                "00:1A:79:8F:61:98",
                "00:1A:79:B4:F8:86",
                "00:1A:79:6A:93:0B",
                "00:1A:79:10:E6:16",
                "00:1A:79:06:02:81",
                "00:1A:79:53:63:E2"
            ]
        },
        {
            "server_name": "uhd3.one",
            "server_url": "http://uhd3.one/c/",
            "macs": [
                "00:1A:79:05:48:CD",
                "00:1A:79:08:34:B6",
                "00:1A:79:0A:6C:CF",
                "00:1A:79:0C:63:79",
                "00:1A:79:0D:85:27",
                "00:1A:79:0E:65:2A",
                "00:1A:79:11:8B:0D",
                "00:1A:79:17:54:0F",
                "00:1A:79:19:22:3B",
                "00:1A:79:19:30:72",
                "00:1A:79:19:36:18",
                "00:1A:79:1B:69:92",
                "00:1A:79:1B:CF:D4",
                "00:1A:79:21:0E:A8",
                "00:1A:79:23:65:EA",
                "00:1A:79:24:98:C2",
                "00:1A:79:29:2C:C5",
                "00:1A:79:2C:97:3E",
                "00:1A:79:32:BD:7D",
                "00:1A:79:38:6C:33",
                "00:1A:79:3B:04:0B",
                "00:1A:79:40:A7:B7",
                "00:1A:79:44:8B:33",
                "00:1A:79:48:6A:B9",
                "00:1A:79:4B:A3:44",
                "00:1A:79:4D:3A:42",
                "00:1A:79:52:5D:B4",
                "00:1A:79:59:6F:37",
                "00:1A:79:5B:8E:0B",
                "00:1A:79:66:21:A2",
                "00:1A:79:68:0F:B6",
                "00:1A:79:6B:0F:E5",
                "00:1A:79:6E:86:F8",
                "00:1A:79:72:A0:17",
                "00:1A:79:72:A0:53",
                "00:1A:79:73:98:4B",
                "00:1A:79:74:75:EA",
                "00:1A:79:77:AE:9A",
                "00:1A:79:7A:6F:B5",
                "00:1A:79:7B:54:66",
                "00:1A:79:7C:5F:22",
                "00:1A:79:7D:53:35",
                "00:1A:79:7F:5C:C3",
                "00:1A:79:81:5C:15",
                "00:1A:79:83:67:97",
                "00:1A:79:8B:39:69",
                "00:1A:79:8B:3D:BC",
                "00:1A:79:8B:D7:81",
                "00:1A:79:8C:07:A0",
                "00:1A:79:97:0C:5B",
                "00:1A:79:9B:23:E8",
                "00:1A:79:9C:D0:18",
                "00:1A:79:A0:A2:3F",
                "00:1A:79:A3:A5:46",
                "00:1A:79:A3:BE:B3",
                "00:1A:79:AA:F8:A8",
                "00:1A:79:AD:93:4F",
                "00:1A:79:AE:69:11",
                "00:1A:79:AF:2B:F2",
                "00:1A:79:B0:0E:E8",
                "00:1A:79:B1:01:7A",
                "00:1A:79:B3:FB:BE",
                "00:1A:79:B4:39:19",
                "00:1A:79:B4:B5:DE",
                "00:1A:79:B4:DC:F1",
                "00:1A:79:B5:2A:2F",
                "00:1A:79:B5:97:20",
                "00:1A:79:B5:F7:9C",
                "00:1A:79:B6:01:E8",
                "00:1A:79:B6:42:06",
                "00:1A:79:B6:AF:A9",
                "00:1A:79:B6:B9:89",
                "00:1A:79:B6:D6:C5",
                "00:1A:79:B7:C5:72",
                "00:1A:79:B7:E8:4D",
                "00:1A:79:B8:4A:02",
                "00:1A:79:BB:6E:97",
                "00:1A:79:BD:8E:D9",
                "00:1A:79:BF:91:A0",
                "00:1A:79:BF:A4:E3",
                "00:1A:79:BF:B5:9F",
                "00:1A:79:C3:1E:DD",
                "00:1A:79:C3:E0:8D",
                "00:1A:79:C4:66:7E",
                "00:1A:79:C4:B5:53",
                "00:1A:79:C5:2C:BC",
                "00:1A:79:C5:90:A8",
                "00:1A:79:C5:91:C9",
                "00:1A:79:CC:0A:68",
                "00:1A:79:D3:0A:5F",
                "00:1A:79:E6:D7:F5",
                "00:1A:79:E9:A5:1B",
                "00:1A:79:F2:CD:86",
                "00:1A:79:F8:8C:50",
                "00:1A:79:FB:02:21",
                "00:1A:79:FB:1E:B7",
                "00:1A:79:FF:09:5B"
            ]
        },
        {
            "server_name": "vip2102.112421.net",
            "server_url": "http://vip2102.112421.net:2050/c/",
            "macs": [
                "00:1A:79:00:00:1A",
                "00:1A:79:00:00:20",
                "00:1A:79:00:00:21",
                "00:1A:79:00:00:27",
                "00:1A:79:00:00:34"
            ]
        },
        {
            "server_name": "zenlink.link",
            "server_url": "http://zenlink.link/c/",
            "macs": [
                "00:1a:79:b2:8b:8b",
                "00:1a:79:b0:5d:c9",
                "00:1a:79:bc:07:08",
                "00:1a:79:a1:c9:59",
                "00:1a:79:b3:06:de",
                "00:1a:79:a9:de:bb",
                "00:1a:79:b4:e1:27",
                "00:1a:79:b0:34:07",
                "00:1a:79:b0:6b:cc",
                "00:1a:79:ae:e0:b1",
                "00:1a:79:aa:5d:9c",
                "00:1a:79:b9:e9:7e",
                "00:1a:79:aa:5d:f3",
                "00:1a:79:ae:89:42",
                "00:1a:79:b0:72:27",
                "00:1a:79:b0:57:10",
                "00:1a:79:bb:ef:37",
                "00:1a:79:bc:08:7d",
                "00:1a:79:ac:1e:ac",
                "00:1a:79:b4:54:5d",
                "00:1a:79:bd:23:bd",
                "00:1a:79:b3:2e:b9",
                "00:1a:79:b0:5b:8e",
                "00:1a:79:b7:e6:89",
                "00:1a:79:b7:70:72",
                "00:1a:79:49:08:0a",
                "00:1a:79:a9:22:da",
                "00:1a:79:29:0d:53",
                "00:1a:79:cb:b8:95",
                "00:1a:79:b7:75:04",
                "00:1a:79:b6:51:de",
                "00:1a:79:19:8c:99",
                "00:1a:79:6e:51:14",
                "00:1a:79:c3:04:97",
                "00:1a:79:2e:98:c2",
                "00:1a:79:c5:8b:4e",
                "00:1a:79:68:97:0f",
                "00:1a:79:ba:60:d8",
                "00:1a:79:b6:88:c7",
                "00:1a:79:b7:52:1c",
                "00:1a:79:b7:e6:88",
                "00:1a:79:bc:0d:53",
                "00:1a:79:b7:6f:2d",
                "00:1a:79:b9:f1:15",
                "00:1a:79:17:63:a4"
            ]
        },
        {
            "server_name": "zepequeno.xyz",
            "server_url": "http://zepequeno.xyz:8080/c/",
            "macs": [
                "00:1A:79:AD:A4:38",
                "00:1A:79:C1:BF:BB",
                "00:1A:79:B7:1E:1F",
                "00:1A:79:C8:13:15"
            ]
        }
    ]
}