{
    "items": [
        {
            "server_name": "200.26.188.39",
            "server_url": "http://200.26.188.39/c/",
            "macs": [
                "00:1A:79:BD:25:FB",
                "00:1A:79:6F:63:A1",
                "00:1A:79:BF:DA:52",
                "00:1A:79:BB:5C:25"
            ]
        },
        {
            "server_name": "45.139.122.199",
            "server_url": "http://45.139.122.199:8080/c/",
            "macs": [
                "A0:BB:3E:4A:1D:90",
                "A0:BB:3E:9C:1C:E6",
                "00:1A:79:08:E9:47",
                "00:1A:79:08:EA:21",
                "00:1A:79:13:59:A4",
                "00:1A:79:14:6B:1D",
                "00:1A:79:14:6B:20",
                "00:1A:79:14:DE:5D",
                "00:1A:79:14:E3:45",
                "00:1A:79:14:E5:7B",
                "00:1A:79:14:E5:87",
                "00:1A:79:6E:2D:F8",
                "00:1A:99:76:FE:16",
                "00:1B:79:33:6B:14",
                "00:2A:01:91:78:36",
                "00:2A:01:92:CC:3C",
                "00:2A:01:92:CE:88",
                "10:27:BE:34:66:3A",
                "A0:BB:3E:00:29:37",
                "A0:BB:3E:00:2A:CC",
                "A0:BB:3E:01:88:E7",
                "A0:BB:3E:0D:DD:50",
                "A0:BB:3E:24:CF:EC",
                "A0:BB:3E:3A:0C:BD",
                "A0:BB:3E:46:06:81",
                "A0:BB:3E:57:36:0E",
                "A0:BB:3E:70:B7:30",
                "A0:BB:3E:A9:F8:0C",
                "A0:BB:3E:B9:7C:84",
                "A0:BB:3E:BA:9C:49",
                "A0:BB:3E:E1:DB:FD",
                "A0:BB:3E:EA:D9:D3",
                "A0:BB:3E:F0:A4:16",
                "A0:BB:3E:F4:58:F4"
            ]
        },
        {
            "server_name": "77.74.193.158",
            "server_url": "http://77.74.193.158:88/stalker_portal/c/",
            "macs": [
                "00:1A:79:81:37:33",
                "00:1A:79:10:D5:52",
                "00:1A:79:79:76:92",
                "00:1A:79:DB:02:5B",
                "00:1A:79:EB:19:DA"
            ]
        },
        {
            "server_name": "90309-fri.ott-cdn.me",
            "server_url": "http://90309-fri.ott-cdn.me/c/",
            "macs": [
                "00:1A:79:96:E6:46",
                "00:1A:79:BF:7A:3E",
                "00:1A:79:A1:FC:B0",
                "00:1A:79:C3:94:FA",
                "00:1A:79:AF:7F:8E",
                "00:1A:79:36:58:D2"
            ]
        },
        {
            "server_name": "adenmedia.net",
            "server_url": "http://adenmedia.net:80/c/",
            "macs": [
                "00:1A:79:B3:00:0D",
                "00:1A:79:B3:00:58",
                "00:1A:79:B3:00:61",
                "00:1A:79:B3:00:65",
                "00:1A:79:B3:00:8B",
                "00:1A:79:B3:00:D0",
                "00:1A:79:B3:00:D4",
                "00:1A:79:B3:00:F3",
                "00:1A:79:B3:01:21",
                "00:1A:79:B3:01:33",
                "00:1A:79:B3:01:42",
                "00:1A:79:B3:01:4D"
            ]
        },
        {
            "server_name": "alpha-2ott.me",
            "server_url": "http://alpha-2ott.me:80/c/",
            "macs": [
                "00:1A:79:c2:e9:a6",
                "00:1A:79:46:8b:81",
                "00:1A:79:98:cd:b8",
                "00:1A:79:B5:D7:0B",
                "00:1A:79:b1:5d:fd",
                "00:1A:79:40:69:d3",
                "00:1A:79:3d:54:41",
                "00:1A:79:0e:34:c8",
                "00:1A:79:0E:18:13"
            ]
        },
        {
            "server_name": "apksmart.dino.ws",
            "server_url": "http://apksmart.dino.ws/c/",
            "macs": [
                "00:1A:79:5C:E8:6F",
                "00:1A:79:7D:E1:01",
                "00:1A:79:8B:2A:91",
                "00:1A:79:B5:9C:30",
                "00:1A:79:B5:F7:D7"
            ]
        },
        {
            "server_name": "cmjl.online",
            "server_url": "http://cmjl.online:8080/c/",
            "macs": [
                "00:1A:79:60:00:2A",
                "00:1A:79:60:00:F6",
                "00:1A:79:60:0E:5A",
                "00:1A:79:60:1E:8A",
                "00:1A:79:60:28:64",
                "00:1A:79:60:2F:CF",
                "00:1A:79:60:35:21",
                "00:1A:79:60:3C:00",
                "00:1A:79:60:59:B7"
            ]
        },
        {
            "server_name": "dinka-iptv.live",
            "server_url": "http://dinka-iptv.live/c/",
            "macs": [
                "00:1a:79:aa:bd:12",
                "00:1A:79:A3:B2:06",
                "00:1a:79:ba:1b:a3",
                "00:1a:79:ae:b3:4d",
                "00:1a:79:b0:56:c3",
                "00:1a:79:a3:d7:7d",
                "00:1a:79:b0:71:ef",
                "00:1a:79:af:1e:8a"
            ]
        },
        {
            "server_name": "fast.newdns.world",
            "server_url": "http://fast.newdns.world/c/",
            "macs": [
                "00:1A:79:13:F7:B5",
                "00:1A:79:C4:28:04"
            ]
        },
        {
            "server_name": "fzahtv.com",
            "server_url": "http://fzahtv.com/c/",
            "macs": [
                "00:1A:79:D0:F1:32",
                "00:1A:79:28:D6:9A",
                "00:1A:79:AF:13:F7",
                "00:1A:79:BA:A4:9E",
                "00:1A:79:00:45:B4",
                "00:1A:79:01:BF:CB",
                "00:1A:79:50:E1:68",
                "00:1A:79:05:F5:41",
                "00:1A:79:9E:C0:64",
                "00:1A:79:6E:0E:E5",
                "00:1A:79:00:15:EB",
                "00:1A:79:F1:EB:A4",
                "00:1A:79:7F:3F:6A"
            ]
        },
        {
            "server_name": "gangdosofa.stream",
            "server_url": "http://gangdosofa.stream:8080/c/",
            "macs": [
                "00:1A:79:40:90:01"
            ]
        },
        {
            "server_name": "kickersworld.com",
            "server_url": "http://kickersworld.com:8080/c/",
            "macs": [
                "00:1A:79:01:6D:0B",
                "00:1A:79:01:71:8C",
                "00:1A:79:01:71:99",
                "00:1A:79:01:73:33",
                "00:1A:79:01:74:1C",
                "00:1A:79:01:74:2F",
                "00:1A:79:08:41:85",
                "00:1A:79:08:48:43",
                "00:1A:79:08:48:D7",
                "00:1A:79:08:49:EE",
                "00:1A:79:08:49:F3",
                "00:1A:79:08:4D:B0",
                "00:1A:79:A0:E4:6E",
                "00:1A:79:A0:FE:0C",
                "00:1A:79:A0:FE:7B",
                "00:1A:79:A1:00:2D",
                "00:1A:79:A4:44:73",
                "00:1A:79:AB:56:A4",
                "00:1A:79:AB:5D:C2",
                "00:1A:79:AB:5E:CD",
                "00:1A:79:AF:39:50",
                "00:1A:79:AF:39:AB",
                "00:1A:79:AF:3A:D4",
                "00:1A:99:07:BC:76",
                "00:1A:99:08:42:74",
                "00:1A:99:08:43:DD",
                "00:1A:99:AB:5D:D2",
                "00:1C:1D:32:C9:A3",
                "00:1C:1D:32:C9:A5",
                "00:1C:1E:33:D1:1B",
                "00:1C:1E:33:D1:A4",
                "00:1C:1E:33:D3:04",
                "00:1C:1E:33:DB:97",
                "00:1E:B8:CA:11:E2",
                "00:2A:01:90:29:89",
                "00:2A:01:91:1C:35"
            ]
        },
        {
            "server_name": "line.iptveros.com",
            "server_url": "http://line.iptveros.com/c/",
            "macs": [
                "00:1A:79:32:BD:7D",
                "00:1A:79:B4:DC:F1",
                "00:1A:79:52:5D:B4",
                "00:1A:79:24:98:C2",
                "00:1A:79:44:8B:33",
                "00:1A:79:C3:1E:DD",
                "00:1A:79:19:30:72",
                "00:1A:79:E9:A5:1B",
                "00:1A:79:1B:69:92",
                "00:1A:79:C5:91:C9",
                "00:1A:79:A3:A5:46"
            ]
        },
        {
            "server_name": "mag.realvip.co",
            "server_url": "http://mag.realvip.co/c/",
            "macs": [
                "00:1A:79:08:34:B6",
                "00:1A:79:0A:6C:CF",
                "00:1A:79:0E:65:2A",
                "00:1A:79:11:8B:0D",
                "00:1A:79:17:54:0F",
                "00:1A:79:19:30:72",
                "00:1A:79:1B:69:92",
                "00:1A:79:21:0E:A8",
                "00:1A:79:24:98:C2",
                "00:1A:79:26:8B:E9",
                "00:1A:79:29:2C:C5",
                "00:1A:79:2C:97:3E",
                "00:1A:79:3B:04:0B",
                "00:1A:79:40:A7:B7",
                "00:1A:79:4B:A3:44",
                "00:1A:79:4D:3A:42",
                "00:1A:79:52:5D:B4",
                "00:1A:79:59:6F:37",
                "00:1A:79:73:98:4B",
                "00:1A:79:7C:5F:22",
                "00:1A:79:81:5C:15",
                "00:1A:79:81:D4:51",
                "00:1A:79:83:67:97",
                "00:1A:79:8C:07:A0",
                "00:1A:79:97:0C:5B",
                "00:1A:79:A3:A5:46",
                "00:1A:79:AD:93:4F",
                "00:1A:79:AE:69:11",
                "00:1A:79:B0:0E:E8",
                "00:1A:79:B1:01:7A",
                "00:1A:79:B4:39:19",
                "00:1A:79:B4:DC:F1",
                "00:1A:79:B5:2A:2F",
                "00:1A:79:B5:9A:0F",
                "00:1A:79:B5:F7:9C",
                "00:1A:79:B6:01:E8",
                "00:1A:79:B6:42:06",
                "00:1A:79:B6:AF:A9",
                "00:1A:79:B6:B9:89",
                "00:1A:79:B6:D6:C5",
                "00:1A:79:B8:4A:02",
                "00:1A:79:BF:91:A0",
                "00:1A:79:BF:B5:9F",
                "00:1A:79:C3:1E:DD",
                "00:1A:79:C3:E0:8D",
                "00:1A:79:C5:2C:BC",
                "00:1A:79:C5:91:C9",
                "00:1A:79:CC:0A:68",
                "00:1A:79:D3:0A:5F",
                "00:1A:79:E6:D7:F5",
                "00:1A:79:E9:A5:1B",
                "00:1A:79:F2:CD:86",
                "00:1A:79:F8:8C:50",
                "00:1A:79:FB:1E:B7",
                "00:1A:79:FF:09:5B"
            ]
        },
        {
            "server_name": "mag.ukhd.tv",
            "server_url": "http://mag.ukhd.tv/c/",
            "macs": [
                "00:1A:79:07:C2:94",
                "00:1A:79:13:6F:14",
                "00:1A:79:1D:7F:22",
                "00:1A:79:2C:9F:0A",
                "00:1A:79:36:07:20",
                "00:1A:79:55:69:CE",
                "00:1A:79:7B:9D:09",
                "00:1A:79:7C:0F:65",
                "00:1A:79:A1:86:80",
                "00:1A:79:C8:16:12",
                "00:1A:79:D5:9F:EB"
            ]
        },
        {
            "server_name": "mutant.arrox.top",
            "server_url": "http://mutant.arrox.top/c/",
            "macs": [
                "00:1A:79:37:AB:5D",
                "00:1A:79:CC:FB:63",
                "00:1A:79:5F:03:09",
                "00:1A:79:30:6F:04",
                "00:1A:79:5A:35:6E",
                "00:1A:79:51:4C:5B",
                "00:1A:79:6E:2E:E9",
                "00:1A:79:40:60:9B",
                "00:1A:79:8B:08:A0",
                "00:1A:79:31:75:E6",
                "00:1A:79:57:B2:58",
                "00:1A:79:92:4E:CF",
                "00:1A:79:4C:73:AD",
                "00:1A:79:18:E1:6C",
                "00:1A:79:4F:F6:81",
                "00:1A:79:14:6F:76",
                "00:1A:79:6B:88:B6"
            ]
        },
        {
            "server_name": "oceanstream.me",
            "server_url": "http://oceanstream.me/c/",
            "macs": [
                "00:1A:79:77:84:03",
                "00:1A:79:46:37:2D",
                "00:1A:79:77:82:B7",
                "00:1A:79:B5:D7:0B",
                "00:1A:79:75:63:44",
                "00:1A:79:60:D3:59",
                "00:1A:79:B5:10:D1"
            ]
        },
        {
            "server_name": "onfireboxtv.com",
            "server_url": "http://onfireboxtv.com/c/",
            "macs": [
                "00:1A:79:7C:BD:6E",
                "00:1A:79:7B:AD:09",
                "00:1A:79:7A:DB:17",
                "00:1A:79:75:37:2B"
            ]
        },
        {
            "server_name": "p1.uiop.tv",
            "server_url": "http://p1.uiop.tv/stalker_portal/c/",
            "macs": [
                "00:1A:79:A6:A0:0D",
                "00:1A:79:45:32:90",
                "00:1A:79:4F:69:93"
            ]
        },
        {
            "server_name": "pal.alphatx.me",
            "server_url": "http://pal.alphatx.me:80/c/",
            "macs": [
                "00:1A:79:19:3F:DB",
                "00:1A:79:37:1A:57",
                "00:1A:79:8A:91:01",
                "00:1A:79:9E:25:68",
                "00:1A:79:A1:A4:8D",
                "00:1A:79:AE:FF:CB",
                "00:1A:79:C1:6F:48",
                "00:1A:79:47:32:6C",
                "00:1A:79:58:23:7C",
                "00:1A:79:A6:5B:93"
            ]
        },
        {
            "server_name": "promaxhd.com",
            "server_url": "http://promaxhd.com:8080/c/",
            "macs": [
                "00:1a:79:4d:32:c6",
                "00:1a:79:6c:f3:73",
                "00:1a:79:ab:a1:5b",
                "00:1a:79:3b:6c:67",
                "00:1a:79:4f:5d:a9",
                "00:1a:79:b4:ed:d8",
                "00:1a:79:52:df:ee",
                "00:1A:79:C8:24:6F",
                "00:1a:79:7b:e8:b1",
                "00:1a:79:8b:2d:4e"
            ]
        },
        {
            "server_name": "spacextv.live",
            "server_url": "http://spacextv.live:8080/c/",
            "macs": [
                "00:1A:79:01:98:FB",
                "00:1A:79:07:BE:67",
                "00:1A:79:07:C8:7F",
                "00:1A:79:08:EA:47",
                "00:1A:79:10:D5:BC",
                "00:1A:79:10:DA:06",
                "00:1A:79:10:E3:77",
                "00:1A:79:13:50:FD",
                "00:1A:79:14:E0:FB",
                "00:1A:79:14:EC:30",
                "00:1A:79:17:1C:CC",
                "00:1A:79:17:23:C1",
                "00:1A:79:1A:01:DA",
                "00:1A:79:22:01:77",
                "00:1A:79:2B:98:8F",
                "00:1A:79:30:9A:FF",
                "00:1A:79:34:22:33",
                "00:1A:79:3A:C5:79",
                "00:1A:79:3E:46:D3",
                "00:1A:79:4D:00:5B",
                "00:1A:79:4F:43:ED",
                "00:1A:79:50:E0:04",
                "00:1A:79:53:5F:73",
                "00:1A:79:58:5F:43",
                "00:1A:79:58:CB:2A",
                "00:1A:79:6E:2E:DE",
                "00:1A:79:A4:C8:AC",
                "00:1A:79:AA:A9:CD",
                "00:1A:79:AF:36:D9",
                "00:1A:79:B5:59:ED",
                "00:1A:79:B6:23:A9",
                "00:1A:79:BA:D5:E1",
                "00:1A:79:BB:B5:C9",
                "00:1A:79:BC:35:5C",
                "00:1A:79:BD:23:CE",
                "00:1A:79:C7:8C:CD",
                "00:1A:79:D5:EA:1F",
                "00:1A:79:EE:2E:E4",
                "00:1A:79:F0:07:FD",
                "00:1A:79:F1:B8:05"
            ]
        },
        {
            "server_name": "teckpro-lus.xyz",
            "server_url": "http://teckpro-lus.xyz:8080/c/",
            "macs": [
                "00:1A:79:C7:B8:EA"
            ]
        },
        {
            "server_name": "tv.premiumplus.tv",
            "server_url": "http://tv.premiumplus.tv/c/",
            "macs": [
                "00:1A:79:02:63:92",
                "00:1A:79:05:C9:75",
                "00:1A:79:0A:AC:74",
                "00:1A:79:13:04:84",
                "00:1A:79:13:28:49",
                "00:1A:79:13:C5:E0",
                "00:1A:79:18:0A:18",
                "00:1A:79:18:0C:46",
                "00:1A:79:21:BD:9C",
                "00:1A:79:22:40:BF",
                "00:1A:79:24:98:C2",
                "00:1A:79:25:91:D6",
                "00:1A:79:2E:7F:25",
                "00:1A:79:32:C8:EF",
                "00:1A:79:3B:6F:EC",
                "00:1A:79:40:6F:5B",
                "00:1A:79:45:30:AF",
                "00:1A:79:46:37:2D",
                "00:1A:79:4A:F9:48",
                "00:1A:79:4F:61:0D",
                "00:1A:79:52:5D:B4",
                "00:1A:79:54:CA:4A",
                "00:1A:79:5F:76:00",
                "00:1A:79:60:D3:59",
                "00:1A:79:6C:21:0A",
                "00:1A:79:73:C2:42",
                "00:1A:79:73:C8:40",
                "00:1A:79:74:1F:F3",
                "00:1A:79:75:63:44",
                "00:1A:79:77:82:B7",
                "00:1A:79:77:84:03",
                "00:1A:79:78:8A:02",
                "00:1A:79:79:9B:CE",
                "00:1A:79:7A:44:3C",
                "00:1A:79:7B:51:8B",
                "00:1A:79:7B:CB:50",
                "00:1A:79:7C:FE:EE",
                "00:1A:79:7D:DA:07",
                "00:1A:79:7F:71:45",
                "00:1A:79:92:8E:94",
                "00:1A:79:A2:C4:57",
                "00:1A:79:A3:A5:46",
                "00:1A:79:A6:73:14",
                "00:1A:79:AA:4B:B9",
                "00:1A:79:AD:D0:59",
                "00:1A:79:AF:12:C9",
                "00:1A:79:AF:6D:4E",
                "00:1A:79:AF:A5:AD",
                "00:1A:79:B2:71:75",
                "00:1A:79:B3:E2:22",
                "00:1A:79:B4:DC:F1",
                "00:1A:79:B4:F0:6E",
                "00:1A:79:B5:0D:FF",
                "00:1A:79:B5:10:D1",
                "00:1A:79:B5:19:8D",
                "00:1A:79:B5:D7:0B",
                "00:1A:79:BE:09:D6",
                "00:1A:79:BE:B9:A0",
                "00:1A:79:BF:A5:D0",
                "00:1A:79:C1:2C:FF",
                "00:1A:79:C2:40:91",
                "00:1A:79:C3:8E:7E",
                "00:1A:79:C4:31:8B",
                "00:1A:79:C4:A8:DF",
                "00:1A:79:CB:86:95",
                "00:1A:79:CC:1F:05",
                "00:1A:79:CF:50:F7",
                "00:1A:79:D3:B1:CA",
                "00:1A:79:D4:DC:6B",
                "00:1A:79:D5:4C:A4",
                "00:1A:79:D5:5F:4C",
                "00:1A:79:DE:FB:E2",
                "00:1A:79:E5:A8:42",
                "00:1A:79:E6:1E:54",
                "00:1A:79:E9:A5:1B",
                "00:1A:79:EE:6A:50",
                "00:1A:79:F0:C9:32",
                "00:1A:79:F2:98:3A",
                "00:1A:79:F5:38:5F",
                "00:1A:79:F9:71:37",
                "00:1A:79:FB:14:26",
                "00:1A:79:FB:3A:61",
                "00:1A:79:FF:04:E0",
                "00:1A:79:FF:D8:B4"
            ]
        },
        {
            "server_name": "tv.trexiptv.com",
            "server_url": "http://tv.trexiptv.com/c/",
            "macs": [
                "00:1A:79:7B:08:88",
                "00:1A:79:D2:C8:54",
                "00:1A:79:02:98:4B",
                "00:1A:79:CD:53:0A",
                "00:1A:79:57:81:4C",
                "00:1A:79:75:80:15",
                "00:1A:79:C0:3F:B5",
                "00:1A:79:C4:9F:0F",
                "00:1A:79:FB:11:F2"
            ]
        },
        {
            "server_name": "vip2102.112421.net",
            "server_url": "http://vip2102.112421.net:2050/c/",
            "macs": [
                "00:1A:79:00:00:1A",
                "00:1A:79:00:00:20",
                "00:1A:79:00:00:21",
                "00:1A:79:00:00:27",
                "00:1A:79:00:00:34"
            ]
        },
        {
            "server_name": "vod.4kplus.org",
            "server_url": "http://vod.4kplus.org/c/",
            "macs": [
                "00:1A:79:92:73:F7",
                "00:1A:79:09:C1:F0"
            ]
        },
        {
            "server_name": "xx35.live",
            "server_url": "http://xx35.live:8080/c/",
            "macs": [
                "00:1A:79:13:51:EC",
                "00:1A:79:13:51:ED",
                "00:1A:79:13:51:EE",
                "00:1A:79:13:52:B0",
                "00:1A:79:13:52:D5",
                "00:1A:79:13:52:D8",
                "00:1A:79:13:52:DC",
                "00:1A:79:13:52:E0",
                "00:1A:79:13:52:E1",
                "00:1A:79:13:52:E4",
                "00:1A:79:13:52:E6",
                "00:1A:79:13:52:E7",
                "00:1A:79:13:52:E8",
                "00:1A:79:13:53:4D",
                "00:1A:79:13:53:50",
                "00:1A:79:13:53:51",
                "00:1A:79:13:53:52",
                "00:1A:79:13:53:53",
                "00:1A:79:13:53:55",
                "00:1A:79:13:53:56",
                "00:1A:79:13:53:5D",
                "00:1A:79:13:53:5E",
                "00:1A:79:13:53:5F"
            ]
        },
        {
            "server_name": "z.zcatt.cc",
            "server_url": "http://z.zcatt.cc/stalker_portal/c/",
            "macs": [
                "00:1A:79:35:35:66",
                "00:1A:79:B6:76:F0",
                "00:1A:79:89:7A:6B",
                "00:1A:79:4A:8B:C9"
            ]
        }
    ]
}