<?xml version="1.0" encoding="UTF-8" standalone="yes"?>
<addon id="plugin.video.nebula.portal" name="[B][COLOR magenta]NEBULA[/COLOR][/B] [B][COLOR peru]PORTAL[/COLOR][/B]" version="1.1+nexus" provider-name="[B][COLOR white]NEBULA TEAM[/COLOR][/B]">
    <requires>
		<import addon="xbmc.python" version="3.0.0"/>
		<import addon="script.module.requests" version="2.25.1+matrix.1"/>
	</requires>
	<extension point="xbmc.python.pluginsource" library="addon.py">
		<provides>video</provides>
	</extension>
	<extension point="xbmc.addon.metadata">
		<platform>all</platform>
		<summary lang="en">[COLOR yellow]LIVE-TV, VOD, SERIES[/COLOR] KODi Matrix KODi Nexus</summary>
		<description>Este Portal fornece IPTV apenas para uso pessoal e privado (Portal sem fins lucrativos)      
        </description>
		<license></license>
		<language></language>
		<forum></forum>
		<assets>
            <icon>icon.gif</icon>
            <fanart>fanart.jpg</fanart>
			<screenshot>screenshots/screenshot01.jpg</screenshot>
            <screenshot>screenshots/screenshot02.jpg</screenshot>
            <screenshot>screenshots/screenshot03.jpg</screenshot>
        </assets>


	</extension>
</addon>
