{
    "name"          : "[COLOR orange]Homelander[/COLOR] [COLOR white](Scrapers)[/COLOR] - αναζήτηση...",
    "api_language"  : "en-US",
    "plugin"        : "plugin.video.homelander",
    "priority"      : 3,
    "play_movie"    : [
                        "plugin://plugin.video.homelander/?action=movieSearch",
                        {"position": "1"},
                        {"keyboard": "{clearname}"},
                        {"imdbnumber": "{imdb}"}
                      ],
    "play_episode"  : [
                        "plugin://plugin.video.homelander/?action=tvSearch",
                        {"position": "1"},
                        {"keyboard": "{clearname}"},
                        {"imdbnumber": "{imdb}"},
                        {"season": "{season}"},
                        {"episode": "{episode}"}
                      ],
    "is_resolvable"     : "true"
}