{
    "name"          : "[COLOR orange]Homelander[/COLOR] - [COLOR lime]Καθαρισμός Παρόχων[/COLOR]",
    "plugin"        : "plugin.video.homelander",
    "priority"      : 2,
    "play_movie"    : [
                        "plugin://plugin.video.homelander/?action=clearSources",
                        {"position": "1"},
                        {"dialog": "clearname"}
                      ],
    "play_episode"  : [
                        "plugin://plugin.video.homelander/?action=clearSources",
                        {"position": "1"},
                        {"dialog": "clearname"}
                      ]
}