{
    "name"          : "[COLOR purple]Scrubsv2[/COLOR] - [COLOR lime]Καθαρισμός Παρόχων[/COLOR]",
    "plugin"        : "plugin.video.scrubsv2",
    "priority"      : 4,
    "play_movie"    : [
                        "plugin://plugin.video.scrubsv2/?action=clear_sources",
                        {"position": "1"},
                        {"dialog": "clearname"}
                      ],
    "play_episode"  : [
                        "plugin://plugin.video.scrubsv2/?action=clear_sources",
                        {"position": "1"},
                        {"dialog": "clearname"}
                      ]
}