{
    "name" : "[B][COLOR lime]TheMoviedb [COLOR white]search by title...[/COLOR][/B]",
    "plugin"            : "plugin.video.themoviedb.helper",
    "priority"          : 2,
    "is_resolvable"     : "true",
    "play_movie"      : [
                            "plugin://plugin.video.themoviedb.helper/?info=search&amp;tmdb_type=movie",
                            {"dialog": "auto"},
                            {"keyboard": "{showname}"}

                          ],
    "play_episode"    : [
                            "plugin://plugin.video.themoviedb.helper/?info=search&amp;tmdb_type=tv",
                            {"dialog": "auto"},
                            {"keyboard": "{showname}"},
                            {"season": "{season}"},
                            {"season": "{season}", "episode": "{episode}"}
                          ]
}
