{
    "name" : "[COLOR orange]TheMoviebaynet[/COLOR]",
    "plugin"            : "plugin.video.themoviebaynet",
    "api_language"      : "en-US",
    "priority"          : 170,
    "is_resolvable"     : "true",
    "play_movie"      : [
                            "plugin://plugin.video.themoviebaynet/?mode=search",
                            {"keyboard": "{clearname}"},
                            {"dialog": "clearname"}
                          ],
    "play_episode"    : [
                            "plugin://plugin.video.themoviebaynet/?mode=search",
                            {"keyboard": "{clearname}"},
                            {"dialog": "clearname"}
                          ]
}
