<?xml version="1.0" encoding="UTF-8"?>
<window type="buttonMenu">
    <defaultcontrol>9001</defaultcontrol>
    <include>dialogeffect</include>
    <coordinates>
        <left>-450</left>
        <top>235</top>
    </coordinates>
    <include>dialogeffect</include>
    <depth>DepthDialog+</depth>
	<controls>
		<control type="button" id="9001">
			<description>Make sure we hit the first button in the group list and not the close window button</description>
			<left>-16</left>
			<top>-16</top>
			<width>4</width>
			<height>4</height>
			<label></label>
			<font></font>
			<onfocus>down</onfocus>
			<texturefocus></texturefocus>
			<texturenofocus></texturenofocus>
			<onleft>9000</onleft>
			<onright>9000</onright>
			<onup>9000</onup>
			<ondown>101</ondown>
		</control>
		<!--
		<control type="image">
			<left>0</left>
			<top>0</top>
			<width>1280</width>
			<height>720</height>
			<texture>black-back.png</texture>
		</control>
		-->
		
		<include>BehindDialogDarkBackground</include>
		
		<control type="grouplist" id="9000">
			<left>470</left>
			<top>-150</top>
			<width>340</width>
			<height>870</height>
			<onleft>9000</onleft>
			<onright>9000</onright>
			<onup>9000</onup>
			<ondown>9000</ondown>
			<itemgap>0</itemgap>
			<align>center</align>
			<control type="group" id="1">
				<width>340</width>
				<height>66</height>
				<control type="image">
					<description>background top image</description>
					<left>0</left>
					<top>0</top>
					<width>340</width>
					<height>66</height>
					<texture border="20,19,20,0">DialogContextTop.png</texture>
				</control>
				<!--
				<control type="label">
					<left>0</left>
					<top>16</top>
					<width>340</width>
					<height>30</height>
					<font>Medium21</font>
					<textcolor>selected</textcolor>
					<selectedcolor>selected</selectedcolor>
					<align>center</align>
					<aligny>center</aligny>
					<label>$LOCALIZE[31003]</label>
				</control>
				-->
				<control type="image">
					<description>Power Icon</description>
					<left>150</left>
					<top>18</top>
					<width>40</width>
					<height>40</height>
					<aspectratio>keep</aspectratio>
					<texture>icon_power.png</texture>
					<animation effect="fade" end="13" time="0" condition="true">Conditional</animation>
				</control>
				<control type="button" id="20">
					<description>Close Window button</description>
					<left>262</left>
					<top>6</top>
					<width>64</width>
					<height>32</height>
					<label></label>
					<font></font>
					<onclick>PreviousMenu</onclick>
					<texturefocus>DialogCloseButton-focus.png</texturefocus>
					<texturenofocus>DialogCloseButton.png</texturenofocus>
					<onleft></onleft>
					<onright></onright>
					<onup>13</onup>
					<ondown>101</ondown>
					<visible>System.GetBool(input.enablemouse)</visible>
					<hitrect x="260" y="6" w="64" h="24" />
				</control>
			</control>
			<control type="button" id="101">
				<description>Force close button</description>
				<width>340</width>
				<height>50</height>
				<textcolor>white</textcolor>
				<focusedcolor>black</focusedcolor>
				<align>center</align>
				<textwidth>290</textwidth>
				<texturefocus border="25,5,25,5">ShutdownButtonFocus.png</texturefocus>
				<texturenofocus border="25,5,25,5">ShutdownButtonNoFocus.png</texturenofocus>
				<onclick>RunScript("special://home/addons/plugin.program.autowidget/folders/py/ForceClose.py")</onclick>
				<pulseonselect>no</pulseonselect>
				<font>font13</font>
				<label>Force Close Kodi</label>
				<visible>System.ShowExitButton</visible>
			</control>
         <control type="button" id="102">
                <description>Reboot fromnand</description>
                <width>340</width>
                <height>50</height>
                <textcolor>white</textcolor>
				<focusedcolor>white</focusedcolor>
				<align>center</align>
				<texturefocus border="25,5,25,5">ShutdownButtonFocus.png</texturefocus>
				<texturenofocus border="25,5,25,5">ShutdownButtonNoFocus.png</texturenofocus>
                <onclick>System.ExecWait("/usr/sbin/rebootfromnand")</onclick>
                <onclick>Reset()</onclick>
                <font>13</font>
                <label>Reboot to android</label>
				<visible>System.HasAddon(service.coreelec.settings)</visible>
            </control>
			<control type="button" id="103">
                <description>Reboot fromnand</description>
                <width>340</width>
                <height>50</height>
                <textcolor>white</textcolor>
				<focusedcolor>white</focusedcolor>
				<align>center</align>
				<texturefocus border="25,5,25,5">ShutdownButtonFocus.png</texturefocus>
				<texturenofocus border="25,5,25,5">ShutdownButtonNoFocus.png</texturenofocus>
                <onclick>System.ExecWait("/usr/sbin/rebootfromnand")</onclick>
                <onclick>Reset()</onclick>
                <font>font13</font>
                <label>Reboot to android</label>
				<visible>System.HasAddon(service.libreelec.settings)</visible>
            </control>			
			<control type="button" id="104">
				<description>activatewindow(systeminfo)</description>
				<width>340</width>
				<height>50</height>
				<textcolor>green</textcolor>
				<focusedcolor>green</focusedcolor>
				<align>center</align>
				<textwidth>290</textwidth>
				<texturefocus border="25,5,25,5">ShutdownButtonFocus.png</texturefocus>
				<texturenofocus border="25,5,25,5">ShutdownButtonNoFocus.png</texturenofocus>
				<onclick>activatewindow(systeminfo)</onclick>
				<pulseonselect>no</pulseonselect>
				<font>font13</font>
				<label>[B]Πληροφορίες Συστήματος[/B]</label>
			</control>
				<control type="button" id="105">
					<left>-</left>
					<top>-</top>
					<width>340</width>
					<height>50</height>
				<texturefocus border="25,5,25,5">ShutdownButtonFocus.png</texturefocus>
<texturenofocus border="25,5,25,5">ShutdownButtonNoFocus.png</texturenofocus>					
					<align>center</align>
					<textcolor>grey2</textcolor>
					<focusedcolor>white</focusedcolor>
					<label>[B][COLOR white] ΡΥΘΜΙΣΕΙΣ [/COLOR][/B]</label>
					<onclick>ActivateWindow(Settings)</onclick>
				</control>
				<control type="button" id="106">
					<left></left>
					<top></top>
					<width>340</width>
					<height>50</height>
				<texturefocus border="25,5,25,5">ShutdownButtonFocus.png</texturefocus>
<texturenofocus border="25,5,25,5">ShutdownButtonNoFocus.png</texturenofocus>					
					<align>center</align>
					<textcolor>grey2</textcolor>
					<focusedcolor>white</focusedcolor>
					<label>[B]FileManager[/B]</label>
					<onclick>ActivateWindow(FileManager)</onclick>
				</control>
			<control type="button" id="107">
				<description>ActivateWindow(AddonBrowser)</description>
				<width>340</width>
				<height>50</height>
				<textcolor>orange</textcolor>
				<focusedcolor>orange</focusedcolor>
				<align>center</align>
				<textwidth>290</textwidth>
				<texturefocus border="25,5,25,5">ShutdownButtonFocus.png</texturefocus>
				<texturenofocus border="25,5,25,5">ShutdownButtonNoFocus.png</texturenofocus>
				<onclick>ActivateWindow(AddonBrowser)</onclick>
				<pulseonselect>no</pulseonselect>
				<font>font13</font>
				<label>[B] Περιηγητής Προσθέτων [/B]</label>
			</control>
				<control type="button" id="108">
					<left>-</left>
					<top>-</top>
					<width>340</width>
					<height>50</height>
				<texturefocus border="25,5,25,5">ShutdownButtonFocus.png</texturefocus>
<texturenofocus border="25,5,25,5">ShutdownButtonNoFocus.png</texturenofocus>					
					<align>center</align>
					<textcolor>white</textcolor>
white					<focusedcolor>orange</focusedcolor>
					<label> Video Add-ons</label>
					<onclick>ActivateWindow(Videos,Addons,return)</onclick>
				</control>
				<control type="button" id="109">
					<left>-</left>
					<top>-</top>
					<width>340</width>
					<height>50</height>
				<texturefocus border="25,5,25,5">ShutdownButtonFocus.png</texturefocus>
<texturenofocus border="25,5,25,5">ShutdownButtonNoFocus.png</texturenofocus>					
					<align>center</align>
					<textcolor>white</textcolor>
white					<focusedcolor>orange</focusedcolor>
					<label>Programs</label>
					<onclick>ActivateWindow(Programs,Addons,return)</onclick>
				</control>
				<control type="button" id="110">
					<left>-</left>
					<top>-</top>
					<width>340</width>
					<height>50</height>
				<texturefocus border="25,5,25,5">ShutdownButtonFocus.png</texturefocus>
<texturenofocus border="25,5,25,5">ShutdownButtonNoFocus.png</texturenofocus>					
					<align>center</align>
					<textcolor>white</textcolor>
white					<focusedcolor>orange</focusedcolor>
					<label>Music</label>
					<onclick>ActivateWindow(Music,Addons,return)</onclick>
				</control>
				<control type="button" id="111">
					<left>-</left>
					<top>-</top>
					<width>340</width>
					<height>50</height>
				<texturefocus border="25,5,25,5">ShutdownButtonFocus.png</texturefocus>
<texturenofocus border="25,5,25,5">ShutdownButtonNoFocus.png</texturenofocus>					
					<align>center</align>
					<textcolor>white</textcolor>
white					<focusedcolor>orange</focusedcolor>
					<label>Pictures</label>
					<onclick>ActivateWindow(pictures,Addons,return)</onclick>
				</control>
			<control type="button" id="112">
				<description>ToggleFullScreen</description>
				<width>340</width>
				<height>50</height>
				<textcolor>grey2</textcolor>
				<focusedcolor>white</focusedcolor>
				<align>center</align>
				<textwidth>290</textwidth>
				<texturefocus border="25,5,25,5">ShutdownButtonFocus.png</texturefocus>
				<texturenofocus border="25,5,25,5">ShutdownButtonNoFocus.png</texturenofocus>
				<onclick>ToggleFullScreen</onclick>
				<visible>!System.HasAddon(service.coreelec.settings) + !System.HasAddon(service.libreelec.settings) + !System.Platform.Android</visible>
				<pulseonselect>no</pulseonselect>
				<font>font13</font>
				<label>[B][COLOR white] FullScreen [/COLOR][/B]</label>
			</control>
			<control type="button" id="113">
				<description>Minimize</description>
				<width>340</width>
				<height>50</height>
				<textcolor>grey2</textcolor>
				<focusedcolor>white</focusedcolor>
				<align>center</align>
				<textwidth>290</textwidth>
				<texturefocus border="25,5,25,5">ShutdownButtonFocus.png</texturefocus>
				<texturenofocus border="25,5,25,5">ShutdownButtonNoFocus.png</texturenofocus>
				<onclick>Minimize</onclick>
				<visible>!System.HasAddon(service.coreelec.settings) + !System.HasAddon(service.libreelec.settings) + !System.Platform.Android</visible>
				<pulseonselect>no</pulseonselect>
				<font>font13</font>
				<label>Minimize</label>
			</control>
				<control type="button" id="114">
					<left>-</left>
					<top>-</top>
					<width>340</width>
					<height>50</height>
				<texturefocus border="25,5,25,5">ShutdownButtonFocus.png</texturefocus>
<texturenofocus border="25,5,25,5">ShutdownButtonNoFocus.png</texturenofocus>					
					<align>center</align>
					<textcolor>white</textcolor>
					<focusedcolor>white</focusedcolor>
					<label>[B][COLOR blue] ΚΑΙΡΟΣ [/COLOR][/B]</label>
					<onclick>ActivateWindow(Weather)</onclick>
				</control>
				<control type="button" id="115">
					<left>-</left>
					<top>-</top>
					<width>340</width>
					<height>50</height>
				<texturefocus border="25,5,25,5">ShutdownButtonFocus.png</texturefocus>
<texturenofocus border="25,5,25,5">ShutdownButtonNoFocus.png</texturenofocus>					
					<align>center</align>
					<textcolor>white</textcolor>
white					<focusedcolor>orange</focusedcolor>
					<label>PVR Iptv</label>
					<onclick>ActivateWindow(TVChannels)</onclick>
				</control>
			<control type="button" id="116">
				<description>ActivateWindow(Programs,Androidapp://Sources/Apps,return)</description>
				<width>340</width>
				<height>50</height>
				<textcolor>grey2</textcolor>
				<focusedcolor>white</focusedcolor>
				<align>center</align>
				<textwidth>290</textwidth>
				<texturefocus border="25,5,25,5">ShutdownButtonFocus.png</texturefocus>
				<texturenofocus border="25,5,25,5">ShutdownButtonNoFocus.png</texturenofocus>
				<onclick>ActivateWindow(Programs,Androidapp://Sources/Apps,return)</onclick>
				<visible>System.Platform.Android</visible>
				<pulseonselect>no</pulseonselect>
				<font>font13</font>
				<label>[B][COLOR white] Android/Apps [/COLOR][/B]</label>
			</control>
			<control type="button" id="117">
				<description>ActivateWindow(TakeScreenshot)</description>
				<width>340</width>
				<height>50</height>
				<textcolor>grey2</textcolor>
				<focusedcolor>white</focusedcolor>
				<align>center</align>
				<textwidth>290</textwidth>
				<texturefocus border="25,5,25,5">ShutdownButtonFocus.png</texturefocus>
				<texturenofocus border="25,5,25,5">ShutdownButtonNoFocus.png</texturenofocus>
				<onclick>TakeScreenshot</onclick>
				<pulseonselect>no</pulseonselect>
				<font>font13</font>
				<label>[B]TakeScreenshot[/B]</label>
				<visible>!System.HasAddon(service.coreelec.settings) + !System.HasAddon(service.libreelec.settings)</visible>
			</control>
				<control type="button" id="118">
					<left>-</left>
					<top>-</top>
					<width>340</width>
					<height>50</height>
				<texturefocus border="25,5,25,5">ShutdownButtonFocus.png</texturefocus>
<texturenofocus border="25,5,25,5">ShutdownButtonNoFocus.png</texturenofocus>					
					<align>center</align>
					<textcolor>white</textcolor>
white					<focusedcolor>orange</focusedcolor>
					<label>Profiles</label>
					<onclick>activatewindow(profiles)</onclick>
				</control>
				<control type="button" id="119">
					<left>-</left>
					<top>-</top>
					<width>340</width>
					<height>50</height>
				<texturefocus border="25,5,25,5">ShutdownButtonFocus.png</texturefocus>
<texturenofocus border="25,5,25,5">ShutdownButtonNoFocus.png</texturenofocus>					
					<align>center</align>
					<textcolor>white</textcolor>
white					<focusedcolor>orange</focusedcolor>
					<label>Games</label>
					<onclick>activatewindow(games)</onclick>
				</control>
				<control type="button" id="120">
					<left>-</left>
					<top>-</top>
					<width>340</width>
					<height>50</height>
				<texturefocus border="25,5,25,5">ShutdownButtonFocus.png</texturefocus>
<texturenofocus border="25,5,25,5">ShutdownButtonNoFocus.png</texturenofocus>					
					<align>center</align>
					<textcolor>white</textcolor>
white					<focusedcolor>red</focusedcolor>
					<label>[COLOR red] Skin [/COLOR] Graph</label>
                                <onclick >Skin.SetString(MenuLAF,Graph)</onclick>
                                <onclick >PlayMedia("plugin://plugin.program.G.K.N.Wizard/?mode=forceskin")</onclick>
				</control>
				<control type="button" id="121">
					<left>-</left>
					<top>-</top>
					<width>340</width>
					<height>50</height>
				<texturefocus border="25,5,25,5">ShutdownButtonFocus.png</texturefocus>
<texturenofocus border="25,5,25,5">ShutdownButtonNoFocus.png</texturenofocus>					
					<align>center</align>
					<textcolor>white</textcolor>
white					<focusedcolor>red</focusedcolor>
					<label>[COLOR red] Skin [/COLOR] Text</label>
					<onclick>Skin.Reset(MenuLAF)</onclick>
                                <onclick >PlayMedia("plugin://plugin.program.G.K.N.Wizard/?mode=forceskin")</onclick>
				</control>
			<control type="button" id="2">
				<description>Logoff button</description>
				<width>340</width>
				<height>50</height>
				<textcolor>grey2</textcolor>
				<focusedcolor>white</focusedcolor>
				<align>center</align>
				<textwidth>290</textwidth>
				<texturefocus border="25,5,25,5">ShutdownButtonFocus.png</texturefocus>
				<texturenofocus border="25,5,25,5">ShutdownButtonNoFocus.png</texturenofocus>
				<onclick>dialog.close(all,true)</onclick>
				<onclick>System.LogOff</onclick>
				<pulseonselect>no</pulseonselect>
				<font>font13</font>
				<label>$LOCALIZE[20126] $INFO[system.profilename]</label>
				<visible>System.HasLoginScreen | Integer.IsGreater(System.ProfileCount,1)</visible>
				<visible>System.Loggedon</visible>
			</control>
			<control type="togglebutton" id="3">
				<description>Master mode button</description>
				<width>340</width>
				<height>50</height>
				<label>20046</label>
				<altlabel>20045</altlabel>
				<align>center</align>
				<aligny>center</aligny>
				<textwidth>290</textwidth>
				<textcolor>grey2</textcolor>
				<focusedcolor>white</focusedcolor>
				<texturefocus border="25,5,25,5">ShutdownButtonFocus.png</texturefocus>
				<texturenofocus border="25,5,25,5">ShutdownButtonNoFocus.png</texturenofocus>
				<usealttexture>!System.IsMaster</usealttexture>
				<alttexturefocus border="25,5,25,5">ShutdownButtonFocus.png</alttexturefocus>
				<alttexturenofocus border="25,5,25,5">ShutdownButtonNoFocus.png</alttexturenofocus>
				<onclick>mastermode</onclick>
				<pulseonselect>no</pulseonselect>
				<font>font13</font>
				<visible>System.HasLocks</visible>
			</control>
			<control type="button" id="4">
				<description>Exit button</description>
				<width>340</width>
				<height>50</height>
				<textcolor>grey2</textcolor>
				<focusedcolor>white</focusedcolor>
				<align>center</align>
				<textwidth>290</textwidth>
				<texturefocus border="25,5,25,5">ShutdownButtonFocus.png</texturefocus>
				<texturenofocus border="25,5,25,5">ShutdownButtonNoFocus.png</texturenofocus>
				
				<onclick condition="System.HasAddon(service.openelec.settings) | System.HasAddon(service.libreelec.settings)">RunScript("special://skin/720p/_exit_kodi_helper.py")</onclick>
				
				<onclick condition="!System.HasAddon(service.openelec.settings) + !System.HasAddon(service.libreelec.settings)">Quit()</onclick>
				<pulseonselect>no</pulseonselect>
				<font>font13</font>
				<label>EXIT [B]kodi[/B]</label>
				<visible>System.ShowExitButton</visible>
			</control>
			<control type="button" id="5">
				<description>Suspend button</description>
				<width>340</width>
				<height>50</height>
				<textcolor>grey2</textcolor>
				<focusedcolor>white</focusedcolor>
				<align>center</align>
				<textwidth>290</textwidth>
				<texturefocus border="25,5,25,5">ShutdownButtonFocus.png</texturefocus>
				<texturenofocus border="25,5,25,5">ShutdownButtonNoFocus.png</texturenofocus>
				<onclick>Suspend()</onclick>
				<visible>System.CanHibernate</visible>
				<pulseonselect>no</pulseonselect>
				<font>font13</font>
				<label>Αναστολη</label>
			</control>
			<control type="button" id="6">
				<description>Reboot button</description>
				<width>340</width>
				<height>50</height>
				<textcolor>grey2</textcolor>
				<focusedcolor>white</focusedcolor>
				<align>center</align>
				<textwidth>290</textwidth>
				<texturefocus border="25,5,25,5">ShutdownButtonFocus.png</texturefocus>
				<texturenofocus border="25,5,25,5">ShutdownButtonNoFocus.png</texturenofocus>
				<onclick>Reset()</onclick>
				<visible>System.CanReboot</visible>
				<pulseonselect>no</pulseonselect>
				<font>font13</font>
				<label>Επανεκκινηση</label>
			</control>
			<control type="button" id="7">
				<description>Shutdown button</description>
				<width>340</width>
				<height>50</height>
				<textcolor>grey2</textcolor>
				<focusedcolor>white</focusedcolor>
				<align>center</align>
				<textwidth>290</textwidth>
				<texturefocus border="25,5,25,5">ShutdownButtonFocus.png</texturefocus>
				<texturenofocus border="25,5,25,5">ShutdownButtonNoFocus.png</texturenofocus>
				<onclick>Powerdown()</onclick>
				<visible>System.CanPowerDown</visible>
				<pulseonselect>no</pulseonselect>
				<font>font13</font>
				<label>Τερματισμος Συστήματος</label>
			</control>
			<control type="button" id="8">
				<description>Custom Shutdown Timer</description>
				<width>340</width>
				<height>50</height>
				<textcolor>grey2</textcolor>
				<focusedcolor>white</focusedcolor>
				<align>center</align>
				<textwidth>290</textwidth>
				<texturefocus border="25,5,25,5">ShutdownButtonFocus.png</texturefocus>
				<texturenofocus border="25,5,25,5">ShutdownButtonNoFocus.png</texturenofocus>
				<onclick>AlarmClock(shutdowntimer,Shutdown())</onclick>
				<pulseonselect>no</pulseonselect>
				<font>font13</font>
				<label>20150</label>
				<visible>!System.HasAlarm(shutdowntimer)</visible>
				<visible>System.CanPowerDown | System.CanSuspend | System.CanHibernate</visible>
			</control>
			<control type="button" id="13">
				<description>Cancel Shutdown Timer</description>
				<width>340</width>
				<height>50</height>
				<textcolor>grey2</textcolor>
				<focusedcolor>white</focusedcolor>
				<align>center</align>
				<textwidth>290</textwidth>
				<texturefocus border="25,5,25,5">ShutdownButtonFocus.png</texturefocus>
				<texturenofocus border="25,5,25,5">ShutdownButtonNoFocus.png</texturenofocus>
				<onclick>CancelAlarm(shutdowntimer)</onclick>
				<pulseonselect>no</pulseonselect>
				<font>font13</font>
				<label>20151</label>
				<visible>System.HasAlarm(shutdowntimer)</visible>
			</control>
			<control type="image" id="9">
				<description>background bottom image</description>
				<left>0</left>
				<width>340</width>
				<height>25</height>
				<texture border="20,0,19,20">DialogContextBottom.png</texture>
			</control>
			<control type="group" id="10">
				<width>340</width>
				<height>70</height>
				<visible>System.HasAlarm(shutdowntimer)</visible>
				<control type="image">
					<description>background top image</description>
					<left>0</left>
					<top>0</top>
					<width>340</width>
					<height>70</height>
					<texture border="25,5,25,5">DialogContextMiddle.png</texture>
				</control>
				<control type="textbox">
					<left>25</left>
					<top>22</top>
					<width>290</width>
					<height>48</height>
					<font>font12</font>
					<textcolor>white</textcolor>
					<shadowcolor>black</shadowcolor>
					<align>center</align>
					<label>$LOCALIZE[31329] [B]$INFO[System.Alarmpos][/B]</label>
				</control>
			</control>
			<control type="button" id="11">
				<description>Inhibit idle shutdown</description>
				<width>340</width>
				<height>50</height>
				<textcolor>grey2</textcolor>
				<focusedcolor>white</focusedcolor>
				<align>center</align>
				<textwidth>290</textwidth>
				<texturefocus border="25,5,25,5">ShutdownButtonFocus.png</texturefocus>
				<texturenofocus border="25,5,25,5">ShutdownButtonNoFocus.png</texturenofocus>
				<onclick>InhibitIdleShutdown(true)</onclick>
				<pulseonselect>no</pulseonselect>
				<font>font13</font>
				<label>13017</label>
				<visible>System.HasShutdown +!System.IsInhibit</visible>
			</control>
			<control type="button" id="12">
				<description>Allow idle shutdown</description>
				<width>340</width>
				<height>50</height>
				<textcolor>grey2</textcolor>
				<focusedcolor>white</focusedcolor>
				<align>center</align>
				<textwidth>290</textwidth>
				<texturefocus border="25,5,25,5">ShutdownButtonFocus.png</texturefocus>
				<texturenofocus border="25,5,25,5">ShutdownButtonNoFocus.png</texturenofocus>
				<onclick>InhibitIdleShutdown(false)</onclick>
				<pulseonselect>no</pulseonselect>
				<font>font13</font>
				<label>13018</label>
				<visible>System.HasShutdown + System.IsInhibit</visible>
			</control>
		</control>
	</controls>
</window>
