<favourites>
    <favourite name="[COLOR orange]Home[/COLOR]" thumb="https://cdn-icons-png.flaticon.com/512/6717/6717248.png">ActivateWindow(Home)</favourite>
    <favourite name="Ζωντανά Κανάλια (Ελληνικά/Κυπριακά)" thumb="https://raw.githubusercontent.com/thecrewwh/zips/master/matrix/_zip/plugin.video.daddylive/icon.png">ActivateWindow(10025,"plugin://plugin.video.microjen/daddylive?mode=menu&amp;serv_type=live_greek",return)</favourite>
    <favourite name="[B][COLORdodgerblue]IPTV 1 GR[/COLOR][/B]" thumb="https://img.freepik.com/premium-vector/iptv-badge-icon-logo-illustration_100456-1447.jpg">ActivateWindow(10025,"plugin://plugin.video.microjen/get_list/m3ucat|eJzLKCkpsNLXLynTyywoKcvOzEsHM/RK8/L101NL9AoyCuxLi1OL8hJzU22DHEN9KiIi0tQKEouLy/OLUmwtc/wjzBwNLU3USioLUm1zjUvjC3JKiwFptB9l|Live: Greece",return)</favourite>
    <favourite name="[B][COLORdodgerblue]IPTV 2 GR[/COLOR][/B]" thumb="https://avatars3.githubusercontent.com/u/12797438">PlayMedia("plugin://plugin.video.microjen/run_plug/plugin.video.f4mTester%2F%3Fmode%3Dplaylist2%26amp%3Bname%3DLive%3A+Greece%26amp%3Burl%3Dhttp%253A%252F%252Ftv.iptvking.iptv.uno%252Fget.php%253Fusername%253DRAULxXXf%2526password%253D9lOX6A194%2526type%253Dm3u_plus")</favourite>
    <favourite name="1-[B][COLOR dodgerblue]GR | GRIECHENLAND[/COLOR][/B]" thumb="special://home/addons\plugin.video.myiptv\resources\icons\livetv.png">ActivateWindow(10025,"plugin://plugin.video.myiptv/?description=Live%20Categories&amp;iconimage=special://home/addons%5cplugin.video.myiptv%5cresources%5cicons%5clivetv.png&amp;mode=23&amp;name=%5bB%5d%5bCOLOR%20dodgerblue%5dGR%20%7c%20GRIECHENLAND%5b%2fCOLOR%5d%5b%2fB%5d&amp;url=eJzLKCkpsNLXL0rNLDYz0UvOz7UyMrAwq3EszknMyy5KTCupqfQMKozKzy1J9KwxNDQCAJhoENU%3d&amp;xtra",return)</favourite>
    <favourite name="2-[B][COLOR dodgerblue]GR | GRIECHENLAND[/COLOR][/B]" thumb="special://home/addons\plugin.video.myiptv\resources\icons\livetv.png">ActivateWindow(10025,"plugin://plugin.video.myiptv/?description=Live%20Categories&amp;iconimage=special://home/addons%5cplugin.video.myiptv%5cresources%5cicons%5clivetv.png&amp;mode=23&amp;name=%5bB%5d%5bCOLOR%20dodgerblue%5dGR%20%7c%20GRIECHENLAND%5b%2fCOLOR%5d%5b%2fB%5d&amp;url=eJzLKCkpsNLXL0rNLDYz0UvOz7UyMrAwq%2fFNzClJjQqwMDc1qQl3TXIsMIso9q6qMTQ0AgCUJQ%2ff&amp;xtra",return)</favourite>
    <favourite name="3-[B][COLOR dodgerblue]GR | GRIECHENLAND[/COLOR][/B]" thumb="special://home/addons\plugin.video.myiptv\resources\icons\livetv.png">ActivateWindow(10025,"plugin://plugin.video.myiptv/?description=Live%20Categories&amp;iconimage=special://home/addons%5cplugin.video.myiptv%5cresources%5cicons%5clivetv.png&amp;mode=23&amp;name=%5bB%5d%5bCOLOR%20dodgerblue%5dGR%20%7c%20GRIECHENLAND%5b%2fCOLOR%5d%5b%2fB%5d&amp;url=eJzLKCkpsNLXL0rNLDYz0UvOz7UyMrAwq%2fFNzchNLYl3rKwpSPP0N7V0dq4wrTE0NAIAfZ8PfQ%3d%3d&amp;xtra",return)</favourite>
    <favourite name="4-[B][COLOR dodgerblue]GR | GRIECHENLAND[/COLOR][/B]" thumb="special://home/addons\plugin.video.myiptv\resources\icons\livetv.png">ActivateWindow(10025,"plugin://plugin.video.myiptv/?description=Live%20Categories&amp;iconimage=special://home/addons%5cplugin.video.myiptv%5cresources%5cicons%5clivetv.png&amp;mode=23&amp;name=%5bB%5d%5bCOLOR%20dodgerblue%5dGR%20%7c%20GRIECHENLAND%5b%2fCOLOR%5d%5b%2fB%5d&amp;url=eJzLKCkpsNLXL0rNLDYz0UvOz7UyMrAwqwkw9Aj18ba0rPHM8kssD%2fHNzImqMTQ0AgBflg7F&amp;xtra",return)</favourite>
    <favourite name="5-[B][COLOR dodgerblue]GR | GRIECHENLAND[/COLOR][/B]" thumb="special://home/addons\plugin.video.myiptv\resources\icons\livetv.png">ActivateWindow(10025,"plugin://plugin.video.myiptv/?description=Live%20Categories&amp;iconimage=special://home/addons%5cplugin.video.myiptv%5cresources%5cicons%5clivetv.png&amp;mode=23&amp;name=%5bB%5d%5bCOLOR%20dodgerblue%5dGR%20%7c%20GRIECHENLAND%5b%2fCOLOR%5d%5b%2fB%5d&amp;url=eJzLKCkpsNLXL0rNLDYz0UvOz7UyMrAwq0kszk4tykgsTsyrMbIwNDQyMDI2rgHSAHpvDtw%3d&amp;xtra",return)</favourite>
    <favourite name="6-[B][COLOR dodgerblue]GR | GRIECHENLAND[/COLOR][/B]" thumb="special://home/addons\plugin.video.myiptv\resources\icons\livetv.png">ActivateWindow(10025,"plugin://plugin.video.myiptv/?description=Live%20Categories&amp;iconimage=special://home/addons%5cplugin.video.myiptv%5cresources%5cicons%5clivetv.png&amp;mode=23&amp;name=%5bB%5d%5bCOLOR%20dodgerblue%5dGR%20%7c%20GRIECHENLAND%5b%2fCOLOR%5d%5b%2fB%5d&amp;url=eJzLKCkpsNLXL0rNLDYz0UvOz7UyMrAwq0lKLU5JTS0uLknNTU3KS0msSTYuNw62iKgxNDQCAM6BEaY%3d&amp;xtra",return)</favourite>
    <favourite name="7-[B][COLOR dodgerblue]GR | GRIECHENLAND[/COLOR][/B]" thumb="special://home/addons\plugin.video.myiptv\resources\icons\livetv.png">ActivateWindow(10025,"plugin://plugin.video.myiptv/?description=Live%20Categories&amp;iconimage=special://home/addons%5cplugin.video.myiptv%5cresources%5cicons%5clivetv.png&amp;mode=23&amp;name=%5bB%5d%5bCOLOR%20dodgerblue%5dGR%20%7c%20GRIECHENLAND%5b%2fCOLOR%5d%5b%2fB%5d&amp;url=eJzLKCkpsNLXL0rNLDYz0UvOz7UyMrAwq0ktKs7My01Nycw2sjQwqcnIywsodrEszM6sMTQ0AgDYHRG4&amp;xtra",return)</favourite>
    <favourite name="8-[B][COLOR dodgerblue]GR | GRIECHENLAND[/COLOR][/B]" thumb="special://home/addons\plugin.video.myiptv\resources\icons\livetv.png">ActivateWindow(10025,"plugin://plugin.video.myiptv/?description=Live%20Categories&amp;iconimage=special://home/addons%5cplugin.video.myiptv%5cresources%5cicons%5clivetv.png&amp;mode=23&amp;name=%5bB%5d%5bCOLOR%20dodgerblue%5dGR%20%7c%20GRIECHENLAND%5b%2fCOLOR%5d%5b%2fB%5d&amp;url=eJzLKCkpsNLXL0rNLDYz0UvOz7UyMrAwq8lITMpMyizOzK4xMjSwNDIwMjCoMTQ0AgBnYw5b&amp;xtra",return)</favourite>
    <favourite name="9-[B][COLOR dodgerblue]GR | GRIECHENLAND[/COLOR][/B]" thumb="special://home/addons\plugin.video.myiptv\resources\icons\livetv.png">ActivateWindow(10025,"plugin://plugin.video.myiptv/?description=Live%20Categories&amp;iconimage=special://home/addons%5cplugin.video.myiptv%5cresources%5cicons%5clivetv.png&amp;mode=23&amp;name=%5bB%5d%5bCOLOR%20dodgerblue%5dGR%20%7c%20GRIECHENLAND%5b%2fCOLOR%5d%5b%2fB%5d&amp;url=eJzLKCkpsNLXL0rNLDYz0UvOz7UyMrAwq8lIySwoKTMyM7asKTHOSjEtiqwxNDQCAFt1Ds0%3d&amp;xtra",return)</favourite>
    <favourite name="10-[B][COLOR dodgerblue]GR | GRIECHENLAND[/COLOR][/B]" thumb="special://home/addons\plugin.video.myiptv\resources\icons\livetv.png">ActivateWindow(10025,"plugin://plugin.video.myiptv/?description=Live%20Categories&amp;iconimage=special://home/addons%5cplugin.video.myiptv%5cresources%5cicons%5clivetv.png&amp;mode=23&amp;name=%5bB%5d%5bCOLOR%20dodgerblue%5dGR%20%7c%20GRIECHENLAND%5b%2fCOLOR%5d%5b%2fB%5d&amp;url=eJzLKCkpsNLXL0rNLDYz0UvOz7UyMrAwq8lIySwoKTM1Nzaucc0ssAwpzcurMK8xNDQCAIwQEAE%3d&amp;xtra",return)</favourite>
    <favourite name="11-[B][COLOR dodgerblue]GR | GRIECHENLAND[/COLOR][/B]" thumb="special://home/addons\plugin.video.myiptv\resources\icons\livetv.png">ActivateWindow(10025,"plugin://plugin.video.myiptv/?description=Live%20Categories&amp;iconimage=special://home/addons%5cplugin.video.myiptv%5cresources%5cicons%5clivetv.png&amp;mode=23&amp;name=%5bB%5d%5bCOLOR%20dodgerblue%5dGR%20%7c%20GRIECHENLAND%5b%2fCOLOR%5d%5b%2fB%5d&amp;url=eJzLKCkpsNLXL0rNLDYz0UvOz7UyMrAwq8lNLSnIz7E0NDNKSamoqnGycCr28M%2b3qIiqMTQ0AgDQzhFR&amp;xtra",return)</favourite>
    <favourite name="12-[B][COLOR dodgerblue]GR | GRIECHENLAND[/COLOR][/B]" thumb="special://home/addons\plugin.video.myiptv\resources\icons\livetv.png">ActivateWindow(10025,"plugin://plugin.video.myiptv/?description=Live%20Categories&amp;iconimage=special://home/addons%5cplugin.video.myiptv%5cresources%5cicons%5clivetv.png&amp;mode=23&amp;name=%5bB%5d%5bCOLOR%20dodgerblue%5dGR%20%7c%20GRIECHENLAND%5b%2fCOLOR%5d%5b%2fB%5d&amp;url=eJzLKCkpsNLXL0rNLDYz0UvOz7UyMrAwq8lLLc7MzSxOzUsqLcqvCS72c80sMzUodqoxNDQCANFOEco%3d&amp;xtra",return)</favourite>
    <favourite name="13-[B][COLOR dodgerblue]GR | GRIECHENLAND[/COLOR][/B]" thumb="special://home/addons\plugin.video.myiptv\resources\icons\livetv.png">ActivateWindow(10025,"plugin://plugin.video.myiptv/?description=Live%20Categories&amp;iconimage=special://home/addons%5cplugin.video.myiptv%5cresources%5cicons%5clivetv.png&amp;mode=23&amp;name=%5bB%5d%5bCOLOR%20dodgerblue%5dGR%20%7c%20GRIECHENLAND%5b%2fCOLOR%5d%5b%2fB%5d&amp;url=eJzLKCkpsNLXL0rNLDYz0UvOz7UyMrAwqykqzU2tLE7MKAWKGpuamdSYpGVYmiZFuZQm1hgaGgEA9kYRzQ%3d%3d&amp;xtra",return)</favourite>
    <favourite name="14-[B][COLOR dodgerblue]GR | GRIECHENLAND[/COLOR][/B]" thumb="special://home/addons\plugin.video.myiptv\resources\icons\livetv.png">ActivateWindow(10025,"plugin://plugin.video.myiptv/?description=Live%20Categories&amp;iconimage=special://home/addons%5cplugin.video.myiptv%5cresources%5cicons%5clivetv.png&amp;mode=23&amp;name=%5bB%5d%5bCOLOR%20dodgerblue%5dGR%20%7c%20GRIECHENLAND%5b%2fCOLOR%5d%5b%2fB%5d&amp;url=eJzLKCkpsNLXL0rNLDYz0UvOz7UyMrAwqylOTEktKcnMSy%2fNSc5MTs02MjawgAuaAkGNoaERAH67FJU%3d&amp;xtra",return)</favourite>
    <favourite name="15-[B][COLOR dodgerblue]GR | GRIECHENLAND[/COLOR][/B]" thumb="special://home/addons\plugin.video.myiptv\resources\icons\livetv.png">ActivateWindow(10025,"plugin://plugin.video.myiptv/?description=Live%20Categories&amp;iconimage=special://home/addons%5cplugin.video.myiptv%5cresources%5cicons%5clivetv.png&amp;mode=23&amp;name=%5bB%5d%5bCOLOR%20dodgerblue%5dGR%20%7c%20GRIECHENLAND%5b%2fCOLOR%5d%5b%2fB%5d&amp;url=eJzLKCkpsNLXL0rNLDYz0UvOz7UyMrAwqylOzE0tqczMScmsqjEyNLAwMjAyMKgxNDQCAI6gD2M%3d&amp;xtra",return)</favourite>
    <favourite name="zenlink.link - 00:1a:79:cb:b8:95" thumb="special://home/addons\plugin.program.downloader\resources\icons\iptv.png">ActivateWindow(10025,"plugin://plugin.program.downloader/?_id&amp;description&amp;episode_number&amp;fanart&amp;foldername&amp;icon=special://home/addons%5cplugin.program.downloader%5cresources%5cicons%5ciptv.png&amp;mediatype=video&amp;mode=mac_player_type&amp;name=zenlink.link%20-%2000%3a1a%3a79%3acb%3ab8%3a95&amp;name2&amp;page&amp;season_number&amp;url=%7b%22pserver%22%3a%20%22http%3a%2f%2fzenlink.link%2fc%2f%22%2c%20%22pmac%22%3a%20%2200%3a1a%3a79%3acb%3ab8%3a95%22%7d",return)</favourite>
    <favourite name="zenlink.link - 00:1a:79:b3:2e:b9" thumb="special://home/addons\plugin.program.downloader\resources\icons\iptv.png">ActivateWindow(10025,"plugin://plugin.program.downloader/?_id&amp;description&amp;episode_number&amp;fanart&amp;foldername&amp;icon=special://home/addons%5cplugin.program.downloader%5cresources%5cicons%5ciptv.png&amp;mediatype=video&amp;mode=mac_player_type&amp;name=zenlink.link%20-%2000%3a1a%3a79%3ab3%3a2e%3ab9&amp;name2&amp;page&amp;season_number&amp;url=%7b%22pserver%22%3a%20%22http%3a%2f%2fzenlink.link%2fc%2f%22%2c%20%22pmac%22%3a%20%2200%3a1a%3a79%3ab3%3a2e%3ab9%22%7d",return)</favourite>
    <favourite name="zenlink.link - 00:1a:79:b7:e6:89" thumb="special://home/addons\plugin.program.downloader\resources\icons\iptv.png">ActivateWindow(10025,"plugin://plugin.program.downloader/?_id&amp;description&amp;episode_number&amp;fanart&amp;foldername&amp;icon=special://home/addons%5cplugin.program.downloader%5cresources%5cicons%5ciptv.png&amp;mediatype=video&amp;mode=mac_player_type&amp;name=zenlink.link%20-%2000%3a1a%3a79%3ab7%3ae6%3a89&amp;name2&amp;page&amp;season_number&amp;url=%7b%22pserver%22%3a%20%22http%3a%2f%2fzenlink.link%2fc%2f%22%2c%20%22pmac%22%3a%20%2200%3a1a%3a79%3ab7%3ae6%3a89%22%7d",return)</favourite>
    <favourite name="zenlink.link - 00:1a:79:a9:ec:5e" thumb="special://home/addons\plugin.program.downloader\resources\icons\iptv.png">ActivateWindow(10025,"plugin://plugin.program.downloader/?_id&amp;description&amp;episode_number&amp;fanart&amp;foldername&amp;icon=special://home/addons%5cplugin.program.downloader%5cresources%5cicons%5ciptv.png&amp;mediatype=video&amp;mode=mac_player_type&amp;name=zenlink.link%20-%2000%3a1a%3a79%3aa9%3aec%3a5e&amp;name2&amp;page&amp;season_number&amp;url=%7b%22pserver%22%3a%20%22http%3a%2f%2fzenlink.link%2fc%2f%22%2c%20%22pmac%22%3a%20%2200%3a1a%3a79%3aa9%3aec%3a5e%22%7d",return)</favourite>
    <favourite name="zenlink.link - 00:1a:79:b6:51:de" thumb="special://home/addons\plugin.program.downloader\resources\icons\iptv.png">ActivateWindow(10025,"plugin://plugin.program.downloader/?_id&amp;description&amp;episode_number&amp;fanart&amp;foldername&amp;icon=special://home/addons%5cplugin.program.downloader%5cresources%5cicons%5ciptv.png&amp;mediatype=video&amp;mode=mac_player_type&amp;name=zenlink.link%20-%2000%3a1a%3a79%3ab6%3a51%3ade&amp;name2&amp;page&amp;season_number&amp;url=%7b%22pserver%22%3a%20%22http%3a%2f%2fzenlink.link%2fc%2f%22%2c%20%22pmac%22%3a%20%2200%3a1a%3a79%3ab6%3a51%3ade%22%7d",return)</favourite>
    <favourite name="zenlink.link - 00:1a:79:b9:f1:15" thumb="special://home/addons\plugin.program.downloader\resources\icons\iptv.png">ActivateWindow(10025,"plugin://plugin.program.downloader/?_id&amp;description&amp;episode_number&amp;fanart&amp;foldername&amp;icon=special://home/addons%5cplugin.program.downloader%5cresources%5cicons%5ciptv.png&amp;mediatype=video&amp;mode=mac_player_type&amp;name=zenlink.link%20-%2000%3a1a%3a79%3ab9%3af1%3a15&amp;name2&amp;page&amp;season_number&amp;url=%7b%22pserver%22%3a%20%22http%3a%2f%2fzenlink.link%2fc%2f%22%2c%20%22pmac%22%3a%20%2200%3a1a%3a79%3ab9%3af1%3a15%22%7d",return)</favourite>
    <favourite name="zenlink.link - 00:1a:79:ba:0e:70" thumb="special://home/addons\plugin.program.downloader\resources\icons\iptv.png">ActivateWindow(10025,"plugin://plugin.program.downloader/?_id&amp;description&amp;episode_number&amp;fanart&amp;foldername&amp;icon=special://home/addons%5cplugin.program.downloader%5cresources%5cicons%5ciptv.png&amp;mediatype=video&amp;mode=mac_player_type&amp;name=zenlink.link%20-%2000%3a1a%3a79%3aba%3a0e%3a70&amp;name2&amp;page&amp;season_number&amp;url=%7b%22pserver%22%3a%20%22http%3a%2f%2fzenlink.link%2fc%2f%22%2c%20%22pmac%22%3a%20%2200%3a1a%3a79%3aba%3a0e%3a70%22%7d",return)</favourite>
    <favourite name="zenlink.link - 00:1a:79:b4:e1:27" thumb="special://home/addons\plugin.program.downloader\resources\icons\iptv.png">ActivateWindow(10025,"plugin://plugin.program.downloader/?_id&amp;description&amp;episode_number&amp;fanart&amp;foldername&amp;icon=special://home/addons%5cplugin.program.downloader%5cresources%5cicons%5ciptv.png&amp;mediatype=video&amp;mode=mac_player_type&amp;name=zenlink.link%20-%2000%3a1a%3a79%3ab4%3ae1%3a27&amp;name2&amp;page&amp;season_number&amp;url=%7b%22pserver%22%3a%20%22http%3a%2f%2fzenlink.link%2fc%2f%22%2c%20%22pmac%22%3a%20%2200%3a1a%3a79%3ab4%3ae1%3a27%22%7d",return)</favourite>
    <favourite name="zenlink.link - 00:1a:79:a9:22:da" thumb="special://home/addons\plugin.program.downloader\resources\icons\iptv.png">ActivateWindow(10025,"plugin://plugin.program.downloader/?_id&amp;description&amp;episode_number&amp;fanart&amp;foldername&amp;icon=special://home/addons%5cplugin.program.downloader%5cresources%5cicons%5ciptv.png&amp;mediatype=video&amp;mode=mac_player_type&amp;name=zenlink.link%20-%2000%3a1a%3a79%3aa9%3a22%3ada&amp;name2&amp;page&amp;season_number&amp;url=%7b%22pserver%22%3a%20%22http%3a%2f%2fzenlink.link%2fc%2f%22%2c%20%22pmac%22%3a%20%2200%3a1a%3a79%3aa9%3a22%3ada%22%7d",return)</favourite>
    <favourite name="zenlink.link - 00:1a:79:ae:e0:b1" thumb="special://home/addons\plugin.program.downloader\resources\icons\iptv.png">ActivateWindow(10025,"plugin://plugin.program.downloader/?_id&amp;description&amp;episode_number&amp;fanart&amp;foldername&amp;icon=special://home/addons%5cplugin.program.downloader%5cresources%5cicons%5ciptv.png&amp;mediatype=video&amp;mode=mac_player_type&amp;name=zenlink.link%20-%2000%3a1a%3a79%3aae%3ae0%3ab1&amp;name2&amp;page&amp;season_number&amp;url=%7b%22pserver%22%3a%20%22http%3a%2f%2fzenlink.link%2fc%2f%22%2c%20%22pmac%22%3a%20%2200%3a1a%3a79%3aae%3ae0%3ab1%22%7d",return)</favourite>
    <favourite name="zenlink.link - 00:1a:79:68:97:0f" thumb="special://home/addons\plugin.program.downloader\resources\icons\iptv.png">ActivateWindow(10025,"plugin://plugin.program.downloader/?_id&amp;description&amp;episode_number&amp;fanart&amp;foldername&amp;icon=special://home/addons%5cplugin.program.downloader%5cresources%5cicons%5ciptv.png&amp;mediatype=video&amp;mode=mac_player_type&amp;name=zenlink.link%20-%2000%3a1a%3a79%3a68%3a97%3a0f&amp;name2&amp;page&amp;season_number&amp;url=%7b%22pserver%22%3a%20%22http%3a%2f%2fzenlink.link%2fc%2f%22%2c%20%22pmac%22%3a%20%2200%3a1a%3a79%3a68%3a97%3a0f%22%7d",return)</favourite>
</favourites>
