<favourites>
	<favourite name="Install FEN" thumb="special://home/addons/resource.images.skinicons.wide/resources/icons/fen.png">ExecuteBuiltin(&quot;installaddon(plugin.video.fen)&quot;)</favourite>
	<favourite name="Install Umbrella" thumb="special://home/addons/resource.images.skinicons.wide/resources/icons/umbrella.png">ExecuteBuiltin(&quot;installaddon(plugin.video.umbrella)&quot;)</favourite>
	<favourite name="Install Homelander" thumb="special://home/addons/resource.images.skinicons.wide/resources/icons/homelander.png">ExecuteBuiltin(&quot;installaddon(plugin.video.homelander)&quot;)</favourite>
	<favourite name="Install Seren" thumb="special://home/addons/resource.images.skinicons.wide/resources/icons/seren.jpg">ExecuteBuiltin(&quot;installaddon(plugin.video.seren)&quot;)</favourite>
	<favourite name="Install The Crew" thumb="special://home/addons/resource.images.skinicons.wide/resources/icons/crew.png">ExecuteBuiltin(&quot;installaddon(plugin.video.thecrew)&quot;)</favourite>
	<favourite name="Install Shadow" thumb="special://home/addons/resource.images.skinicons.wide/resources/icons/shadow.jpg">ExecuteBuiltin(&quot;installaddon(plugin.video.shadow)&quot;)</favourite>
	<favourite name="Install Asgard" thumb="special://home/addons/resource.images.skinicons.wide/resources/icons/asgard.png">ExecuteBuiltin(&quot;installaddon(plugin.video.asgard)&quot;)</favourite>
	<favourite name="Install Scrubsv2" thumb="special://home/addons/resource.images.skinicons.wide/resources/icons/scrubs2.png">ExecuteBuiltin(&quot;installaddon(plugin.video.scrubsv2)&quot;)</favourite>
	<favourite name="Install Kodi Trakt (For Kodi Library)" thumb="special://home/addons/resource.images.skinicons.wide/resources/icons/150x150/1trakt (1).png">ExecuteBuiltin(&quot;installaddon(script.trakt)&quot;)</favourite>
</favourites>