{
    "items": [
        {
            "server_name": "matrix-ott.tv:8080",
            "server_url": "http://matrix-ott.tv:8080/c/",
            "macs": [
                "00:1a:79:23:b7:64",
                "00:1a:79:2f:01:b2",
                "00:1a:79:31:ce:25",
                "00:1a:79:c0:ca:e1",
                "00:1a:79:6f:14:8a",
                "00:1a:79:a9:f7:c7",
                "00:1a:79:34:90:f6",
                "00:1a:79:00:02:02",
                "00:1a:79:58:68:9a",
                "00:1a:79:57:9f:da",
                "00:1a:79:41:e1:0c",
                "00:1a:79:58:59:65",
                "00:1a:79:ba:d3:27",
                "00:1a:79:b5:42:88",
                "00:1a:79:fb:f3:2a",
                "00:1a:79:72:98:61",
                "00:1a:79:e9:b4:02",
                "00:1a:79:d1:3c:f3",
                "00:1a:79:2f:30:03",
                "00:1a:79:3c:32:1b",
                "00:1a:79:57:7e:08",
                "00:1a:79:10:77:70",
                "00:1a:79:44:66:80",
                "00:1a:79:7c:69:65",
                "00:1a:79:d7:2f:f5",
                "00:1a:79:51:6d:0d",
                "00:1a:79:fa:29:08",
                "00:1a:79:53:5e:00",
                "00:1a:79:2d:f0:40",
                "00:1a:79:bf:85:00",
                "00:1a:79:b9:0f:47",
                "00:1a:79:b6:4f:b5",
                "00:1a:79:64:4b:23",
                "00:1a:79:ab:83:bd",
                "00:1a:79:8d:93:5a",
                "00:1a:79:be:e8:d6",
                "00:1a:79:68:be:f1",
                "00:1a:79:b2:0c:85"
            ]
        },
        {
            "server_name": "hd-max.org:8080",
            "server_url": "http://hd-max.org:8080/c/",
            "macs": [
                "00:1a:79:6a:6c:05",
                "00:1a:79:68:e2:f1",
                "00:1a:79:2a:d3:41",
                "00:1a:79:88:42:ad",
                "00:1a:79:6d:00:3a",
                "00:1a:79:1f:a4:53",
                "00:1a:79:a1:e9:c7",
                "00:1a:79:72:75:35",
                "00:1a:79:d2:a3:cc",
                "00:1a:79:e9:b5:01",
                "00:1a:79:4c:db:cb",
                "00:1a:79:31:be:fb",
                "00:1a:79:6e:c9:66",
                "00:1a:79:c2:09:09",
                "00:1a:79:31:f6:79"
            ]
        },
        {
            "server_name": "liveline.at:8080",
            "server_url": "http://liveline.at:8080/c/",
            "macs": [
                "00:1a:79:74:bd:8b",
                "00:1a:79:02:75:d7",
                "00:1a:79:ac:fb:4a",
                "00:1a:79:69:0d:eb",
                "00:1a:79:b1:28:74",
                "00:1a:79:a2:b4:aa",
                "00:1a:79:03:33:6a",
                "00:1a:79:5c:fe:ee",
                "00:1a:79:67:84:13",
                "00:1a:79:bb:1e:f0",
                "00:1a:79:31:7b:21",
                "00:1a:79:3f:b3:4b",
                "00:1a:79:c0:0e:4b",
                "00:1a:79:63:a4:92",
                "00:1a:79:e2:f9:b2",
                "00:1a:79:54:66:ef"
            ]
        },
        {
            "server_name": "ip.sltv.xyz:8080",
            "server_url": "http://ip.sltv.xyz:8080/c/",
            "macs": [
                "00:1a:79:2a:d1:e4",
                "00:1a:79:51:e3:67",
                "00:1a:79:33:94:ad",
                "00:1a:79:6a:04:82",
                "00:1a:79:bf:87:33",
                "00:1a:79:55:6c:f6",
                "00:1a:79:85:dc:14",
                "00:1a:79:40:3e:63",
                "00:1a:79:81:13:0b",
                "00:1a:79:00:21:af",
                "00:1a:79:2a:d2:04",
                "00:1a:79:1c:da:18",
                "00:1a:79:b4:f4:38",
                "00:1a:79:2d:7f:f1",
                "00:1a:79:46:f1:a8",
                "00:1a:79:3d:59:1a",
                "00:1a:79:e8:5d:04",
                "00:1a:79:af:73:0e",
                "00:1a:79:80:50:18",
                "00:1a:79:65:28:e1",
                "00:1a:79:d5:da:c6",
                "00:1a:79:70:6e:c5",
                "00:1a:79:ac:12:96",
                "00:1a:79:e3:39:9a",
                "00:1a:79:b3:1f:05",
                "00:1a:79:93:44:90"
            ]
        },
        {
            "server_name": "neomixs.com:8080",
            "server_url": "http://neomixs.com:8080/c/",
            "macs": [
                "00:1a:79:34:05:4d",
                "00:1a:79:74:4b:eb",
                "00:1a:79:a6:fd:94",
                "00:1a:79:de:6e:26",
                "00:1a:79:11:71:37",
                "00:1a:79:d6:17:79",
                "00:1a:79:34:c0:ce",
                "00:1a:79:ba:31:3c",
                "00:1a:79:09:21:5b",
                "00:1a:79:c3:27:9f",
                "00:1a:79:77:5d:1b",
                "00:1a:79:a6:7d:2c",
                "00:1a:79:b5:0b:e8",
                "00:1a:79:53:43:2a",
                "00:1a:79:ab:48:49",
                "00:1a:79:47:f1:9c",
                "00:1a:79:2e:c8:1f",
                "00:1a:79:06:5f:a7",
                "00:1a:79:19:3f:9e",
                "00:1a:79:70:6b:de",
                "00:1a:79:b7:9a:e3",
                "00:1a:79:57:bf:02",
                "00:1a:79:6e:23:7c"
            ]
        },
        {
            "server_name": "ip.king-cobra.eu:8080",
            "server_url": "http://ip.king-cobra.eu:8080/c/",
            "macs": [
                "00:1a:79:fb:8e:ac",
                "00:1a:79:95:5b:20",
                "00:1a:79:4f:8d:d5",
                "00:1a:79:4c:fb:bd",
                "00:1a:79:56:a7:32",
                "00:1a:79:4e:bb:79",
                "00:1a:79:8b:71:71",
                "00:1a:79:da:76:f4",
                "00:1a:79:be:87:e0",
                "00:1a:79:1f:1a:5c",
                "00:1a:79:ad:a9:88",
                "00:1a:79:55:ae:bf",
                "00:1a:79:68:f8:8c",
                "00:1a:79:5e:e6:5d",
                "00:1a:79:43:8e:26",
                "00:1a:79:59:8d:48",
                "00:1a:79:57:98:e8"
            ]
        },
        {
            "server_name": "root.1ptv.org:2095",
            "server_url": "http://root.1ptv.org:2095/c/",
            "macs": [
                "00:1a:79:c4:18:d9",
                "00:1a:79:64:f3:fd",
                "00:1a:79:ca:ac:00",
                "00:1a:79:54:e6:13",
                "00:1a:79:a3:ad:af",
                "00:1a:79:9b:e6:09",
                "00:1a:79:70:76:06",
                "00:1a:79:a2:fd:3e",
                "00:1a:79:32:0f:27",
                "00:1a:79:48:5e:05"
            ]
        },
        {
            "server_name": "vpro.millenium-ott.com:25443",
            "server_url": "http://vpro.millenium-ott.com:25443/c/",
            "macs": [
                "00:1a:79:73:3b:27"
            ]
        },
        {
            "server_name": "appfactory.group:8080",
            "server_url": "http://appfactory.group:8080/c/",
            "macs": [
                "00:1A:79:B7:33:EC",
                "00:1A:79:32:E8:F8"
            ]
        },
        {
            "server_name": "m.speedtestmt.com",
            "server_url": "http://m.speedtestmt.com/c/",
            "macs": [
                "00:1a:79:ab:c9:75",
                "00:1a:79:54:3e:d6",
                "00:1a:79:5b:60:5d",
                "00:1a:79:4b:c8:c8",
                "00:1a:79:44:ca:6d",
                "00:1a:79:4b:b8:8c",
                "00:1a:79:4c:e5:b7",
                "00:1a:79:79:2f:34",
                "00:1a:79:47:78:39",
                "00:1a:79:57:95:5c",
                "00:1a:79:4e:a5:09"
            ]
        }
    ]
}