{
    "access_manager": {
        "current_user": 0,
        "developers": {
            "plugin.video.AliveGR": {
                "access_token": "",
                "last_key_hash": "",
                "refresh_token": "",
                "token_expires": -1
            },
            "plugin.video.ert.gr": {
                "access_token": "",
                "last_key_hash": "",
                "refresh_token": "",
                "token_expires": -1
            }
        },
        "last_origin": "plugin.video.youtube",
        "users": {
            "0": {
                "access_token": "",
                "id": "603d7e24e6294d58b1b4d7857621f809",
                "last_key_hash": "4415d3bb18d8a64bc8a3e0b7d50397f1",
                "name": "Default",
                "refresh_token": "",
                "token_expires": -1,
                "watch_history": "HL",
                "watch_later": ""
            }
        }
    }
}