<?xml version="1.0" encoding="UTF-8" standalone="yes"?>
<addon id="plugin.video.toolazy" name="Too Lazy" version="0.0.7" provider-name="zkte">
  <requires>
    <import addon="xbmc.python" version="3.0.0"/>
    <import addon="script.module.routing" version="0.2.3+matrix.1"/>
    <import addon="script.module.requests" version="2.25.1+matrix.1"/>
    <import addon="script.module.dateutil" version="2.8.1+matrix.1"/>
    <import addon="script.module.zkte.m3u8" version="0.8.0+matrix.1"/>
  </requires>
  <extension point="xbmc.python.pluginsource" library="addon.py">
    <provides>video</provides>
  </extension>
  <extension point="xbmc.service" library="resources/service/toolazy_proxy.py" start="[login|startup]" />
  <extension point="xbmc.addon.metadata">
    <reuselanguageinvoker>true</reuselanguageinvoker>
    <summary lang="en_gb">Too Lazy</summary>
    <description lang="en_gb">Too Lazy</description>
    <platform>all</platform>
    <license>GPL-3.0-only</license>
    <assets>
      <icon>icon.png</icon>
    </assets>
  </extension>
</addon>
