<favourites>
	<favourite name="[COLOR=goldenrod]4K TV Shows[/COLOR]" thumb="special://home/addons/resource.images.skinicons.wide/resources/icons/4k.png">ActivateWindow(10025,&quot;plugin://plugin.video.KodiVerse/?all_w=%7b%7d&amp;data=%20&amp;dates=%20&amp;description=%20&amp;eng_name=%20&amp;episode=%20&amp;fanart=http%3a%2f%2fnarcacist.com%2fimages%2f4k%2ffanart.jpg&amp;fav_status=false&amp;heb_name=%20&amp;iconimage=http%3a%2f%2fnarcacist.com%2fimages%2f4k%2ficon.png&amp;id&amp;image_master&amp;isr=0&amp;last_id&amp;mode=189&amp;mypass&amp;name=%5bCOLOR%3dgoldenrod%5d4K%20TV%20Shows%5b%2fCOLOR%5d&amp;original_title=%20&amp;search_db&amp;season=%20&amp;show_original_year=%20&amp;tmdbid=%20&amp;url=http%3a%2f%2fnarcacist.com%2fJen4k%2f4ktv.json&amp;video_data=%7b%22title%22%3a%20%22%5bCOLOR%3dgoldenrod%5d4K%20TV%20Shows%5b%2fCOLOR%5d%22%2c%20%22mediatype%22%3a%20%22movie%22%2c%20%22TVshowtitle%22%3a%20%22%22%2c%20%22season%22%3a%200%2c%20%22episode%22%3a%200%2c%20%22OriginalTitle%22%3a%20%22%20%22%2c%20%22rating%22%3a%20%220%22%2c%20%22plot%22%3a%20%22%20%22%2c%20%22Tag%22%3a%20%22189%22%2c%20%22trailer%22%3a%20%22%22%2c%20%22id%22%3a%20%22%22%7d&amp;sf_options=fanart%3Dhttp%3A%2F%2Fnarcacist.com%2Fimages%2F4k%2Ffanart.jpg%26meta%3Dlabel%253D%25255BCOLOR%25253Dgoldenrod%25255D4K%252BTV%252BShows%25255B%25252FCOLOR%25255D%26_options_sf&quot;,return)</favourite>
	<favourite name="[COLOR crimson][B]Patriot [COLOR white][B]TV Show[COLOR dodgerblue][B]s[/B][/COLOR]" thumb="special://home/addons/resource.images.skinicons.wide/resources/icons/patriot.png">ActivateWindow(10025,&quot;plugin://plugin.video.KodiVerse/?all_w=%7b%7d&amp;data=%20&amp;dates=%20&amp;description=%20&amp;eng_name=%20&amp;episode=%20&amp;fanart=http%3a%2f%2fdjaythemes.xyz%2fPatriot%2fPatriot%20icons%2ffanart.jpg&amp;fav_status=false&amp;heb_name=%20&amp;iconimage=http%3a%2f%2fdjaythemes.xyz%2fPatriot%2fPatriot%20icons%2fTv%20shows%2ftv%20shows.png&amp;id&amp;image_master&amp;isr=0&amp;last_id&amp;mode=189&amp;mypass&amp;name=%5bCOLOR%20crimson%5d%5bB%5dPatriot%20%5bCOLOR%20white%5d%5bB%5dTV%20Shows%20%5bCOLOR%20dodgerblue%5d%5bB%5dSection%20%5b%2fB%5d%5b%2fCOLOR%5d&amp;original_title=%20&amp;search_db&amp;season=%20&amp;show_original_year=%20&amp;tmdbid=%20&amp;url=http%3a%2f%2fdjaythemes.xyz%2fPatriot%2fjson%2fTVShows%2ftv_shows.json&amp;video_data=%7b%22title%22%3a%20%22%5bCOLOR%20crimson%5d%5bB%5dPatriot%20%5bCOLOR%20white%5d%5bB%5dTV%20Shows%20%5bCOLOR%20dodgerblue%5d%5bB%5dSection%20%5b%2fB%5d%5b%2fCOLOR%5d%22%2c%20%22mediatype%22%3a%20%22movie%22%2c%20%22TVshowtitle%22%3a%20%22%22%2c%20%22season%22%3a%200%2c%20%22episode%22%3a%200%2c%20%22OriginalTitle%22%3a%20%22%20%22%2c%20%22rating%22%3a%20%220%22%2c%20%22plot%22%3a%20%22%20%22%2c%20%22Tag%22%3a%20%22189%22%2c%20%22trailer%22%3a%20%22%22%2c%20%22id%22%3a%20%22%22%7d&amp;sf_options=fanart%3Dhttp%3A%2F%2Fdjaythemes.xyz%2FPatriot%2FPatriot+icons%2Ffanart.jpg%26meta%3Dlabel%253D%25255BCOLOR%252Bcrimson%25255D%25255BB%25255DPatriot%252B%25255BCOLOR%252Bwhite%25255D%25255BB%25255DTV%252BShows%252B%25255BCOLOR%252Bdodgerblue%25255D%25255BB%25255DSection%252B%25255B%25252FB%25255D%25255B%25252FCOLOR%25255D%26_options_sf&quot;,return)</favourite>
	<favourite name="Chains Reaction Lite" thumb="special://home/addons/resource.images.skinicons.wide/resources/icons/chains.png">ActivateWindow(10025,&quot;plugin://plugin.video.thechains/?sf_options=fanart%3Dspecial%3A%2F%2Fhome%2Faddons%5Cplugin.video.thechains%5Cfanart.jpg%26desc%3DFaster+Than+A+Speeding+Bullet%26meta%3Dlabel%253DChains%252BReaction%252BLite%26_options_sf&quot;,return)</favourite>
	<favourite name="Shadow" thumb="special://home/addons/resource.images.skinicons.wide/resources/icons/shadow.jpg">ActivateWindow(10025,&quot;plugin://plugin.video.shadow/?sf_options=fanart%3Dspecial%3A%2F%2Fhome%2Faddons%5Cplugin.video.shadow%5Cfanart.jpg%26desc%3DAll+the+media+as+fast+as+possible%26meta%3Dlabel%253DShadow%26_options_sf&quot;,return)</favourite>
</favourites>