{
    "items": [
        {
            "link": "https://www.youtube.com/playlist?list=PLoUyds_yP8qQ1PkEe5qBPvUeW3FmwEdDU", 
            "title": "[COLOR white]\u0397 \u039c\u03c5\u03b8\u03bf\u03bb\u03bf\u03b3\u03af\u03b1 \u03c4\u03c9\u03bd \u0395\u03bb\u03bb\u03ae\u03bd\u03c9\u03bd \u03c3\u03b5\u03b9\u03c1\u03ac \u039d\u03c4\u03bf\u03ba\u03b9\u03bc\u03b1\u03bd\u03c4\u03ad\u03c1[/COLOR]", 
            "fanart": "https://i.ytimg.com/vi/VmI7skyzCPc/hqdefault.jpg?sqp=-oaymwEXCNACELwBSFryq4qpAwkIARUAAIhCGAE=&rs=AOn4CLA30Om1eOqV3EV3jinLGkNHAfuHGw", 
            "type": "playlist", 
            "icon": "https://i.ytimg.com/vi/VmI7skyzCPc/hqdefault.jpg?sqp=-oaymwEXCNACELwBSFryq4qpAwkIARUAAIhCGAE=&rs=AOn4CLA30Om1eOqV3EV3jinLGkNHAfuHGw", 
            "summary": "playlist"
        },
        {
            "link": "https://www.youtube.com/playlist?list=PLoUyds_yP8qQ1QPczzKe0WVM18cZvQz8e", 
            "title": "[COLOR white]\u0395\u03bb\u03bb\u03b7\u03bd\u03b9\u03ba\u03ae \u0399\u03c3\u03c4\u03bf\u03c1\u03af\u03b1 \u03ba\u03b1\u03b9 \u03a0\u03bf\u03bb\u03b9\u03c4\u03b9\u03c3\u03bc\u03cc\u03c2[/COLOR]", 
            "fanart": "https://i.ytimg.com/vi/ILt7MQHc_Fw/hqdefault.jpg?sqp=-oaymwEXCNACELwBSFryq4qpAwkIARUAAIhCGAE=&rs=AOn4CLDdavFOp-h46RfD7yA_OtvKVcb_TA", 
            "type": "playlist", 
            "icon": "https://i.ytimg.com/vi/ILt7MQHc_Fw/hqdefault.jpg?sqp=-oaymwEXCNACELwBSFryq4qpAwkIARUAAIhCGAE=&rs=AOn4CLDdavFOp-h46RfD7yA_OtvKVcb_TA", 
            "summary": "playlist"
        },
        {
            "link": "https://www.youtube.com/playlist?list=PLB_gTL1bIJuBWuxM2IIXHEqNeDhLT14lr", 
            "title": "[COLOR white]\u0386\u03b3\u03c1\u03b9\u03bf\u03b9 \u03bf\u03c1\u03af\u03b6\u03bf\u03bd\u03c4\u03b5\u03c2 \u03c4\u03b7\u03c2 \u0391\u03c6\u03c1\u03b9\u03ba\u03ae\u03c2[/COLOR]", 
            "fanart": "https://i.ytimg.com/vi/x68mlSE6Emg/hqdefault.jpg?sqp=-oaymwEXCNACELwBSFryq4qpAwkIARUAAIhCGAE=&rs=AOn4CLD72E2ttcQVgMuu_CU_6i2FBJt48A", 
            "type": "playlist", 
            "icon": "https://i.ytimg.com/vi/x68mlSE6Emg/hqdefault.jpg?sqp=-oaymwEXCNACELwBSFryq4qpAwkIARUAAIhCGAE=&rs=AOn4CLD72E2ttcQVgMuu_CU_6i2FBJt48A", 
            "summary": "playlist"
        },
        {
            "link": "UCAv_XZUa_qItspsAiZK8bQg", 
            "title": "[COLOR white]Cosmos Greek Documentaries[/COLOR]", 
            "fanart": "https://yt3.ggpht.com/-ecpSFFu8Enc/AAAAAAAAAAI/AAAAAAAAAAA/jQ01dprZPMw/s288-c-k-no-mo-rj-c0xffffff/photo.jpg", 
            "type": "channel", 
            "icon": "https://yt3.ggpht.com/-ecpSFFu8Enc/AAAAAAAAAAI/AAAAAAAAAAA/jQ01dprZPMw/s288-c-k-no-mo-rj-c0xffffff/photo.jpg", 
            "summary": "playlist"
        },
        {
            "link": "https://www.youtube.com/playlist?list=PLB3sdQnflJSS5KyvfdwKAvRu3wGUYkZ56", 
            "title": "[COLOR white]\u039d\u03c4\u03bf\u03ba\u03b9\u03bc\u03b1\u03bd\u03c4\u03ad\u03c1 (Greek subs)[/COLOR]", 
            "fanart": "https://i.ytimg.com/vi/LAa-AGKqxds/hqdefault.jpg?sqp=-oaymwEXCNACELwBSFryq4qpAwkIARUAAIhCGAE=&rs=AOn4CLDMvNIsGo3_tcJx21KrXW7LsCGbew", 
            "type": "playlist", 
            "icon": "https://i.ytimg.com/vi/LAa-AGKqxds/hqdefault.jpg?sqp=-oaymwEXCNACELwBSFryq4qpAwkIARUAAIhCGAE=&rs=AOn4CLDMvNIsGo3_tcJx21KrXW7LsCGbew", 
            "summary": "playlist"
        },
        {
            "link": "UCf4bWmtMhlw-https://www.youtube.com/playlist?list=PLB_gTL1bIJuDuoDXNCqyzp-3blnahQ-Er", 
            "title": "[COLOR white]\u0392\u0384 \u03a0\u03b1\u03b3\u03ba\u03cc\u03c3\u03bc\u03b9\u03bf\u03c2 \u03a0\u03cc\u03bb\u03b5\u03bc\u03bf\u03c2[/COLOR]", 
            "fanart": "https://i.ytimg.com/vi/OKC1ndsQcfQ/hqdefault.jpg?sqp=-oaymwEXCNACELwBSFryq4qpAwkIARUAAIhCGAE=&rs=AOn4CLA-VTlYH4Rc_tmga0PUr00A_hFEQg", 
            "type": "playlist", 
            "icon": "https://i.ytimg.com/vi/OKC1ndsQcfQ/hqdefault.jpg?sqp=-oaymwEXCNACELwBSFryq4qpAwkIARUAAIhCGAE=&rs=AOn4CLA-VTlYH4Rc_tmga0PUr00A_hFEQg", 
            "summary": "playlist"
        },
        {
            "link": "UCf4bWmtMhlw-OZDRZ4sW0xA", 
            "title": "[COLOR white]\u0397 \u0399\u03c3\u03c4\u03bf\u03c1\u03af\u03b1 \u03c4\u03b7\u03c2 \u0395\u03bb\u03bb\u03ac\u03b4\u03b1\u03c2[/COLOR]", 
            "fanart": "https://yt3.ggpht.com/-8F-DUbvdiwg/AAAAAAAAAAI/AAAAAAAAAAA/db37gCdqqN4/s288-c-k-no-mo-rj-c0xffffff/photo.jpg", 
            "type": "channel", 
            "icon": "https://yt3.ggpht.com/-8F-DUbvdiwg/AAAAAAAAAAI/AAAAAAAAAAA/db37gCdqqN4/s288-c-k-no-mo-rj-c0xffffff/photo.jpg", 
            "summary": "playlist"
        },
        {
            "link": "https://www.youtube.com/playlist?list=PLB_gTL1bIJuClrgoVM64NaIcmmeas5HmX", 
            "title": "[COLOR white]\u0397 \u03bc\u03b7\u03c7\u03b1\u03bd\u03ae \u03c4\u03bf\u03c5 \u03c7\u03c1\u03cc\u03bd\u03bf\u03c5[/COLOR]", 
            "fanart": "https://i.ytimg.com/vi/kP4H3FOodFw/hqdefault.jpg?sqp=-oaymwEXCNACELwBSFryq4qpAwkIARUAAIhCGAE=&rs=AOn4CLCNns8EBep_uqv7DZN2ze4SlZ7jPw", 
            "type": "playlist", 
            "icon": "https://i.ytimg.com/vi/kP4H3FOodFw/hqdefault.jpg?sqp=-oaymwEXCNACELwBSFryq4qpAwkIARUAAIhCGAE=&rs=AOn4CLCNns8EBep_uqv7DZN2ze4SlZ7jPw", 
            "summary": "playlist"
        },
        {
            "link": "https://www.youtube.com/playlist?list=PLFOaP9b3SvLNCIOAGUPhFJIYDHhA5JTw9", 
            "title": "[COLOR white]\u039c\u03b5\u03c4\u03b1\u03b3\u03bb\u03c9\u03c4\u03c4\u03b9\u03c3\u03bc\u03ad\u03bd\u03b1[/COLOR]", 
            "fanart": "https://i.ytimg.com/vi/aa8TaUeff-g/hqdefault.jpg?sqp=-oaymwEXCNACELwBSFryq4qpAwkIARUAAIhCGAE=&rs=AOn4CLCq8TsIS43JcaMuAS5XIpyV37BVuQ", 
            "type": "playlist", 
            "icon": "https://i.ytimg.com/vi/aa8TaUeff-g/hqdefault.jpg?sqp=-oaymwEXCNACELwBSFryq4qpAwkIARUAAIhCGAE=&rs=AOn4CLCq8TsIS43JcaMuAS5XIpyV37BVuQ", 
            "summary": "playlist"
        }
    ]
}