{
    "items": [
        {
            "link": "http://gknwizard.eu/repo/Builds/TechNEWsology/UpdaterMatrix/Extra_Addons_Xml/kids.json", 
            "title": "[COLOR white]\u03a0\u03b1\u03b9\u03b4\u03b9\u03ba\u03ac \u03ba\u03b1\u03bd\u03ac\u03bb\u03b9\u03b1[/COLOR]", 
            "fanart": "http://i.imgur.com/6bEuWDo.png", 
            "type": "dir", 
            "icon": "http://i.imgur.com/6bEuWDo.png", 
            "summary": "playlists"
        },
        {
            "link": "https://www.youtube.com/playlist?list=PLRrlW5P-_ttbrEjuhsvd6Z0tdLlriGx67", 
            "title": "[COLOR white]\u039c\u03b5\u03c4\u03b1\u03b3\u03bb\u03c9\u03c4\u03c4\u03b9\u03c3\u03bc\u03ad\u03bd\u03b5\u03c2[/COLOR]", 
            "fanart": "https://i.ytimg.com/vi/ou23ph5H8bY/hqdefault.jpg?sqp=-oaymwEbCKgBEF5IVfKriqkDDggBFQAAiEIYAXABwAEG&rs=AOn4CLAx4pSjBrMNxxChfok44iQtIgQfCA", 
            "type": "playlist", 
            "icon": "https://i.ytimg.com/vi/ou23ph5H8bY/hqdefault.jpg?sqp=-oaymwEbCKgBEF5IVfKriqkDDggBFQAAiEIYAXABwAEG&rs=AOn4CLAx4pSjBrMNxxChfok44iQtIgQfCA", 
            "summary": "playlist"
        },
        {
            "link": "https://www.youtube.com/playlist?list=PL4Vd9KHgLUCEcHyK5sNAT1_RetXGSW6PO", 
            "title": "[COLOR white]\u03a0\u03b1\u03b9\u03b4\u03b9\u03ba\u03ad\u03c2 \u03a4\u03b1\u03b9\u03bd\u03af\u03b5\u03c2[/COLOR]", 
            "fanart": "https://i.ytimg.com/vi/iQvxtwp-WsU/hqdefault.jpg?sqp=-oaymwEXCNACELwBSFryq4qpAwkIARUAAIhCGAE=&rs=AOn4CLDlMfPtKi5DIFAYech0X9ymRgTaiQ", 
            "type": "playlist", 
            "icon": "https://i.ytimg.com/vi/iQvxtwp-WsU/hqdefault.jpg?sqp=-oaymwEXCNACELwBSFryq4qpAwkIARUAAIhCGAE=&rs=AOn4CLDlMfPtKi5DIFAYech0X9ymRgTaiQ", 
            "summary": "playlist"
        },
        {
            "link": "https://www.youtube.com/playlist?list=PLYeM-M9NLD53H99Nv7_KTSTDuIu1xIz-h", 
            "title": "[COLOR white]Gormiti[/COLOR] (GREEK)", 
            "fanart": "https://i.ytimg.com/vi/nMvfh2osLoc/hqdefault.jpg", 
            "type": "playlist", 
            "icon": "https://i.ytimg.com/vi/nMvfh2osLoc/hqdefault.jpg", 
            "summary": "Youtube Playlists"
        },
        {
            "link": "https://www.youtube.com/playlist?list=PLsA0nRq9o3fb5cPV0tWjriDtAzpaEXQ5z", 
            "title": "[COLOR white]Ninjago[/COLOR] (GREEK)", 
            "fanart": "https://i.ytimg.com/vi/7efTLBLCFgM/hqdefault.jpg", 
            "type": "playlist", 
            "icon": "https://i.ytimg.com/vi/7efTLBLCFgM/hqdefault.jpg", 
            "summary": "Youtube Playlists"
        },
        {
            "link": "https://www.youtube.com/playlist?list=PLyO0EYcjcIQuUUJyg7Hy1OPNsV8-kjp6d", 
            "title": "[COLOR white]\u0389\u03c1\u03c9\u03b5\u03c2 \u03bc\u03b5 \u03a0\u03b9\u03c4\u03b6\u03ac\u03bc\u03b5\u03c2[/COLOR] (GREEK)", 
            "fanart": "https://i.ytimg.com/vi/W3cIeNq-R9Y/hqdefault.jpg", 
            "type": "playlist", 
            "icon": "https://i.ytimg.com/vi/W3cIeNq-R9Y/hqdefault.jpg", 
            "summary": "Youtube Playlists"
        },
        {
            "link": "https://www.youtube.com/playlist?list=PLeHpklPsFjb9RsO_zgXkfew5Z9tQdncdp", 
            "title": "[COLOR white]\u039c\u03c0\u03bf\u03bc\u03c0 \u03bf \u039c\u03ac\u03c3\u03c4\u03bf\u03c1\u03b1\u03c2[/COLOR] (GREEK)", 
            "fanart": "https://i.ytimg.com/vi/ppkPRYqHots/hqdefault.jpg", 
            "type": "playlist", 
            "icon": "https://i.ytimg.com/vi/ppkPRYqHots/hqdefault.jpg", 
            "summary": "Youtube Playlists"
        },
        {
            "link": "https://www.youtube.com/playlist?list=PLeGz-ZTqgiOnso6W5AQsdq_yCIO_7nfjF", 
            "title": "[COLOR white]The Garfield Show[/COLOR] (Greek)", 
            "fanart": "https://i.ytimg.com/vi/fFnmIH5EPgg/hqdefault.jpg", 
            "type": "playlist", 
            "icon": "https://i.ytimg.com/vi/fFnmIH5EPgg/hqdefault.jpg", 
            "summary": "Youtube Playlists"
        }
    ]
}