<favourites>
	<favourite name="(Debrid) [COLOR=white]War Movies[/COLOR]" thumb="https://i.imgur.com/fdQEkTb.png">ActivateWindow(10025,&quot;plugin://plugin.video.KodiVerse/?all_w=%7b%7d&amp;data=%20&amp;dates=%20&amp;description=%20&amp;eng_name=%20&amp;episode=%20&amp;fanart=https%3a%2f%2fi.imgur.com%2f7b9zCGD.jpg&amp;fav_status=false&amp;heb_name=%20&amp;iconimage=https%3a%2f%2fi.imgur.com%2ffdQEkTb.png&amp;id&amp;image_master&amp;isr=0&amp;last_id&amp;mode=189&amp;mypass&amp;name=%5bCOLOR%3dwhite%5dWar%20Movies%5b%2fCOLOR%5d&amp;original_title=%20&amp;search_db&amp;season=%20&amp;show_original_year=%20&amp;tmdbid=%20&amp;url=https%3a%2f%2fnarcacist.com%2fAddon%2ftext%2frd%2fmovie%2fwar.xml&amp;video_data=%7b%22title%22%3a%20%22%5bCOLOR%3dwhite%5dWar%20Movies%5b%2fCOLOR%5d%22%2c%20%22mediatype%22%3a%20%22movie%22%2c%20%22TVshowtitle%22%3a%20%22%22%2c%20%22season%22%3a%200%2c%20%22episode%22%3a%200%2c%20%22OriginalTitle%22%3a%20%22%20%22%2c%20%22rating%22%3a%20%220%22%2c%20%22plot%22%3a%20%22%20%22%2c%20%22Tag%22%3a%20%22189%22%2c%20%22trailer%22%3a%20%22%22%2c%20%22id%22%3a%20%22%22%7d&amp;sf_options=fanart%3Dhttps%3A%2F%2Fi.imgur.com%2F7b9zCGD.jpg%26meta%3Dlabel%253D%25255BCOLOR%25253Dwhite%25255DWar%252BMovies%25255B%25252FCOLOR%25255D%26_options_sf&quot;,return)</favourite>
	<favourite name="History Movies" thumb="special://home/addons\plugin.video.themoviedb.helper\/resources/icons/themoviedb/default.png">ActivateWindow(10025,&quot;plugin://plugin.video.themoviedb.helper/?info=trakt_userlist&amp;list_name=History%20Movies&amp;list_slug=history-movies&amp;plugin_category=History%20Movies&amp;user_slug=majeed_pk&amp;sf_options=meta%3Dvotes%253D0%2526label%253DHistory%252BMovies%2526studio%253Dmajeedpk%26_options_sf&quot;,return)</favourite>
	<favourite name="War Movies - 240 Titles" thumb="special://home/addons\plugin.video.themoviedb.helper\/resources/icons/themoviedb/default.png">ActivateWindow(10025,&quot;plugin://plugin.video.themoviedb.helper/?info=trakt_userlist&amp;list_name=War%20Movies%20-%20240%20Titles&amp;list_slug=war-movies-240-titles&amp;plugin_category=War%20Movies%20-%20240%20Titles&amp;user_slug=majeed_pk&amp;sf_options=desc%3DA+big+collection+of+War+Movies%26meta%3Dvotes%253D0%2526plot%253DA%252Bbig%252Bcollection%252Bof%252BWar%252BMovies%2526label%253DWar%252BMovies%252B-%252B240%252BTitles%2526studio%253Dmajeedpk%26_options_sf&quot;,return)</favourite>
	<favourite name="Anti-Fascist Movies" thumb="special://home/addons\plugin.video.themoviedb.helper\/resources/icons/themoviedb/default.png">ActivateWindow(10025,&quot;plugin://plugin.video.themoviedb.helper/?info=trakt_userlist&amp;list_name=Anti-Fascist%20Movies&amp;list_slug=anti-fascist-movies&amp;plugin_category=Anti-Fascist%20Movies&amp;user_slug=majeed_pk&amp;sf_options=desc%3DPrompted+by+the+recent+growing+of+the+neo-nazi+nationalistic+party+Golden-Dawn+in+the+greece+of+crisis%2C+i+decided+to+make+this+list.+Today+the+leading+members+of+the+party+got+arrested+for+leading+a+criminal+group+by+the+goverment.Although+I+think+this+is+good+I+think+that+fascism+does+not+die+like+that%2C+the+whole+community+and+the+people+must+fight+fascism+idiologically+and+isolate+it.+I+think+that+these+movies+can+provide+%28not+by+themselves+of+curse%29+a+better+understanding+for+how+these+groups+work+and+grow.%26meta%3Dvotes%253D0%2526plot%253DPrompted%252Bby%252Bthe%252Brecent%252Bgrowing%252Bof%252Bthe%252Bneo-nazi%252Bnationalistic%252Bparty%252BGolden-Dawn%252Bin%252Bthe%252Bgreece%252Bof%252Bcrisis%25252C%252Bi%252Bdecided%252Bto%252Bmake%252Bthis%252Blist.%252BToday%252Bthe%252Bleading%252Bmembers%252Bof%252Bthe%252Bparty%252Bgot%252Barrested%252Bfor%252Bleading%252Ba%252Bcriminal%252Bgroup%252Bby%252Bthe%252Bgoverment.Although%252BI%252Bthink%252Bthis%252Bis%252Bgood%252BI%252Bthink%252Bthat%252Bfascism%252Bdoes%252Bnot%252Bdie%252Blike%252Bthat%25252C%252Bthe%252Bwhole%252Bcommunity%252Band%252Bthe%252Bpeople%252Bmust%252Bfight%252Bfascism%252Bidiologically%252Band%252Bisolate%252Bit.%252BI%252Bthink%252Bthat%252Bthese%252Bmovies%252Bcan%252Bprovide%252B%252528not%252Bby%252Bthemselves%252Bof%252Bcurse%252529%252Ba%252Bbetter%252Bunderstanding%252Bfor%252Bhow%252Bthese%252Bgroups%252Bwork%252Band%252Bgrow.%2526label%253DAnti-Fascist%252BMovies%2526studio%253Dmajeedpk%26_options_sf&quot;,return)</favourite>
	<favourite name="World War II Films" thumb="special://home/addons\plugin.video.themoviedb.helper\/resources/icons/themoviedb/default.png">ActivateWindow(10025,&quot;plugin://plugin.video.themoviedb.helper/?info=trakt_userlist&amp;list_name=World%20War%20II%20Films&amp;list_slug=world-war-ii-films&amp;plugin_category=World%20War%20II%20Films&amp;user_slug=majeed_pk&amp;sf_options=meta%3Dvotes%253D0%2526label%253DWorld%252BWar%252BII%252BFilms%2526studio%253Dmajeedpk%26_options_sf&quot;,return)</favourite>
	<favourite name="World War II in chronological order" thumb="special://home/addons\plugin.video.themoviedb.helper\/resources/icons/themoviedb/default.png">ActivateWindow(10025,&quot;plugin://plugin.video.themoviedb.helper/?info=trakt_userlist&amp;list_name=World%20War%20II%20in%20chronological%20order&amp;list_slug=world-war-ii-in-chronological-order&amp;plugin_category=World%20War%20II%20in%20chronological%20order&amp;user_slug=majeed_pk&amp;sf_options=meta%3Dvotes%253D0%2526label%253DWorld%252BWar%252BII%252Bin%252Bchronological%252Border%2526studio%253Dmajeedpk%26_options_sf&quot;,return)</favourite>
</favourites>