<favourites>
	<favourite name="Movies" thumb="special://home/addons\script.scrubsv2.artwork\resources\media\purple\movies.png">ActivateWindow(10025,&quot;plugin://plugin.video.scrubsv2/?action=movies_menu&amp;sf_options=fanart%3Dspecial%3A%2F%2Fhome%2Faddons%5Cscript.scrubsv2.artwork%5Cresources%5Cmedia%5Cpurple%5Cfanart.jpg%26meta%3Dlabel%253DMovies%26_options_sf&quot;,return)</favourite>
	<favourite name="My Stuff" thumb="special://home/addons\script.scrubsv2.artwork\resources\media\purple\mymovies.png">ActivateWindow(10025,&quot;plugin://plugin.video.scrubsv2/?action=mylists_menu&amp;sf_options=fanart%3Dspecial%3A%2F%2Fhome%2Faddons%5Cscript.scrubsv2.artwork%5Cresources%5Cmedia%5Cpurple%5Cfanart.jpg%26meta%3Dlabel%253DMy%252BStuff%26_options_sf&quot;,return)</favourite>
	<favourite name="Sky Channels" thumb="special://home/addons\script.scrubsv2.artwork\resources\media\purple\channels.png">ActivateWindow(10025,&quot;plugin://plugin.video.scrubsv2/?action=sky_channels_menu&amp;sf_options=fanart%3Dspecial%3A%2F%2Fhome%2Faddons%5Cscript.scrubsv2.artwork%5Cresources%5Cmedia%5Cpurple%5Cfanart.jpg%26meta%3Dlabel%253DSky%252BChannels%26_options_sf&quot;,return)</favourite>
	<favourite name="Tools" thumb="special://home/addons\script.scrubsv2.artwork\resources\media\purple\tools.png">ActivateWindow(10025,&quot;plugin://plugin.video.scrubsv2/?action=tools_menu&amp;sf_options=fanart%3Dspecial%3A%2F%2Fhome%2Faddons%5Cscript.scrubsv2.artwork%5Cresources%5Cmedia%5Cpurple%5Cfanart.jpg%26meta%3Dlabel%253DTools%26_options_sf&quot;,return)</favourite>
</favourites>