<?xml version="1.0" encoding="UTF-8" standalone="yes"?>
<addon id="plugin.video.ninja.portal" name="[B][COLOR aqua]NINJA [COLOR red]PORTAL[/COLOR][/B]" version="1.0" provider-name="[B][COLOR silver]TIPS TEAM[/COLOR][/B]">
    <requires>
		<import addon="xbmc.python" version="3.0.0"/>
		<import addon="script.module.requests" version="2.25.1+matrix.1"/>
	</requires>
	<extension point="xbmc.python.pluginsource" library="addon.py">
		<provides>video</provides>
	</extension>
	<extension point="xbmc.addon.metadata">
		<platform>all</platform>
		<summary lang="en">[COLOR magenta]LIVE-TV, VOD, SERIES [/COLOR] Kodi Matrix Nexus </summary>
		<description>Sem fins lucrativos</description>
		<license></license>
		<language></language>
		<forum></forum>
		<assets>
            <icon>icon.png</icon>
            <fanart>fanart.jpg</fanart>
        </assets>
        </extension>
</addon>
