<favourites>
    <favourite name="Ταινίες TheOath" filetype="folder" thumb="https://github.com/akeotaseo/world_repo/blob/main/iloveimg-resized%20(2)/theoath.png">plugin://plugin.video.theoath/?action=movieNavigator</favourite>
    <favourite name="Ταινίες ThePromise" filetype="folder" thumb="https://github.com/akeotaseo/world_repo/blob/main/iloveimg-resized%20(2)/thepromise.png?raw=true">plugin://plugin.video.thepromise/?action=movieNavigator</favourite>
    <favourite name="Movies Scrubsv2" filetype="folder" thumb="https://github.com/akeotaseo/world_repo/blob/main/iloveimg-resized%20(2)/scrubsv2.png?raw=true">plugin://plugin.video.scrubsv2/?action=movies_menu</favourite>
    <favourite name="[COLOR aqua]Movies[/COLOR] Alvin" filetype="folder" thumb="https://raw.githubusercontent.com/akeotaseo/world_repo/e08d0b9ce7295f23e7932a086819ca7abb07ad29/iloveimg-resized%20(2)/alvin.png">plugin://plugin.video.alvin/?action=movieNavigator</favourite>
    <favourite name="[COLOR aqua]Movies[/COLOR] Sealteam6" filetype="folder" thumb="https://github.com/akeotaseo/world_repo/blob/main/iloveimg-resized%20(2)/sealteam6.png?raw=true">plugin://plugin.video.sealteam6/?action=movieNavigator</favourite>
    <favourite name="[B]Movies[/B] TheThunder" filetype="folder" thumb="https://github.com/akeotaseo/world_repo/blob/main/iloveimg-resized%20(2)/thethunder.png?raw=true">plugin://plugin.video.thethunder/?action=movies&iconimage=C%3a%5cPortableApps%5ckodi%5cKodi%20World%5cKodi%5cportable_data%5caddons%5cplugin.video.thethunder%5cresources%5cmedia%5cmovies.png&mediatype=video&name=%5bB%5dMovies%5b%2fB%5d</favourite>
    <favourite name="[COLOR orchid]¤[/COLOR] [B][COLOR white]Movies[/COLOR][/B] TheCrew" filetype="folder" thumb="https://github.com/akeotaseo/world_repo/blob/main/iloveimg-resized%20(2)/thecrew.png?raw=true">plugin://plugin.video.thecrew/?action=movieNavigator</favourite>
    <favourite name="Movies Nightwing" filetype="folder" thumb="https://github.com/akeotaseo/world_repo/blob/main/iloveimg-resized%20(2)/nightwing.png?raw=true">plugin://plugin.video.nightwing/?action=movieNavigator</favourite>
</favourites>