{
    "items": [
        {
            "server_name": "tesslatv.net:8000",
            "server_url": "http://tesslatv.net:8000/c/",
            "macs": [
                "00:1a:79:c2:83:4e",
                "00:1a:79:ad:6b:da",
                "00:1a:79:23:7e:90",
                "00:1a:79:ba:07:77",
                "00:1A:79:00:00:00",
                "00:1a:79:b2:85:90",
                "00:1a:79:b0:cc:c6",
                "00:1a:79:c2:94:dc",
                "00:1a:79:ac:08:76",
                "00:1a:79:b3:25:9f",
                "00:1a:79:c2:83:9e",
                "00:1A:79:50:C0:8B",
                "00:1A:79:44:72:F4"
            ]
        },
        {
            "server_name": "pro.viponetv.com:25443",
            "server_url": "http://pro.viponetv.com:25443/c/",
            "macs": [
                "00:1A:79:5C:94:9E",
                "00:1A:79:4F:D3:3F",
                "00:1A:79:9B:56:51",
                "00:1A:79:A3:8B:6B",
                "00:1A:79:B0:CF:23",
                "00:1A:79:44:72:9C",
                "00:1A:79:49:DB:81",
                "00:1A:79:DF:05:B5",
                "00:1A:79:2E:6F:BB",
                "00:1A:79:20:1E:69",
                "00:1A:79:02:73:C8",
                "00:1A:79:D0:AF:BD",
                "00:1A:79:53:97:ED",
                "00:1A:79:4F:B9:EE",
                "00:1A:79:43:E4:17",
                "00:1A:79:67:37:0B",
                "00:1A:79:67:57:C1",
                "00:1A:79:45:4B:43"
            ]
        },
        {
            "server_name": "portal-orange.nu:88",
            "server_url": "http://portal-orange.nu:88/c/",
            "macs": [
                "00:1a:79:6a:79:5f",
                "00:1a:79:39:04:3f",
                "00:1a:79:b3:6f:e0"
            ]
        },
        {
            "server_name": "e1.ciko.ch:80",
            "server_url": "http://e1.ciko.ch:80/c/",
            "macs": [
                "00:1a:79:47:9d:cc",
                "00:1a:79:72:26:8f"
            ]
        },
        {
            "server_name": "ipflix.click:8080",
            "server_url": "http://ipflix.click:8080/c/",
            "macs": [
                "00:1A:79:BB:37:E8",
                "00:1A:79:AD:F9:A2",
                "00:1A:79:36:BF:FC",
                "00:1A:79:E9:42:CA",
                "00:1A:79:A6:7F:82",
                "00:1A:79:B6:1C:1D",
                "00:1A:79:AE:0E:DD",
                "00:1A:79:4F:22:92"
            ]
        },
        {
            "server_name": "1.iptvprivateserver.tv:80",
            "server_url": "http://1.iptvprivateserver.tv:80/c/",
            "macs": [
                "00:1A:79:25:BB:E6",
                "00:1A:79:A2:12:46",
                "00:1A:79:4D:D8:93",
                "00:1A:79:56:CF:5C",
                "00:1A:79:C9:32:5A",
                "00:1A:79:A6:23:A3",
                "00:1A:79:4A:EA:C7",
                "00:1A:79:5F:29:A0"
            ]
        },
        {
            "server_name": "balataz.club",
            "server_url": "http://balataz.club/c/",
            "macs": [
                "00:1a:79:33:e3:c2",
                "00:1a:79:b5:a0:9c"
            ]
        },
        {
            "server_name": "clubtv.pro-ott.com:25443",
            "server_url": "http://clubtv.pro-ott.com:25443/c/",
            "macs": [
                "00:1A:79:CA:B6:8C",
                "00:1A:79:3E:D4:D4",
                "00:1A:79:46:E5:CD",
                "00:1A:79:A7:ED:85"
            ]
        },
        {
            "server_name": "portal.geniptv.com:8080",
            "server_url": "http://portal.geniptv.com:8080/c/",
            "macs": [
                "00:1a:79:b8:8e:0d",
                "00:1a:79:f0:18:d3",
                "00:1a:79:aa:7c:00",
                "00:1a:79:5e:fd:bc",
                "00:1a:79:54:2f:35",
                "00:1a:79:b4:70:9b",
                "00:1a:79:bb:37:a2",
                "00:1a:79:62:3d:55",
                "00:1a:79:66:1f:dd",
                "00:1a:79:ab:e1:79",
                "00:1a:79:a9:1d:73",
                "00:1a:79:d0:92:d9",
                "00:1a:79:6b:66:6e",
                "00:1a:79:57:e0:da",
                "00:1a:79:a1:c3:52",
                "00:1a:79:3d:8b:3b",
                "00:1a:79:9a:cf:e9",
                "00:1a:79:b5:a0:53",
                "00:1a:79:62:69:26",
                "00:1a:79:de:42:bc",
                "00:1a:79:a9:c3:b8",
                "00:1a:79:a7:a6:e6",
                "00:1a:79:40:a3:47",
                "00:1a:79:b6:42:2f",
                "00:1a:79:10:5c:e9",
                "00:1a:79:b4:47:b4",
                "00:1a:79:92:2f:59",
                "00:1a:79:4b:32:c2",
                "00:1a:79:2c:1f:96",
                "00:1a:79:ae:ae:47",
                "00:1a:79:b6:56:8c"
            ]
        }
    ]
}