{
    "items": [
        {
            "server_name": "ky-iptv.com:25461",
            "server_url": "http://ky-iptv.com:25461/c/",
            "macs": [
                "00:1A:79:34:7b:2a",
                "00:1A:79:46:79:90",
                "00:1A:79:b9:25:05",
                "00:1A:79:b8:1f:c2",
                "00:1A:79:ad:d2:10",
                "00:1A:79:56:ac:23",
                "00:1A:79:1c:19:05",
                "00:1A:79:aa:0e:68",
                "00:1A:79:63:11:fd",
                "00:1A:79:5f:38:11",
                "00:1A:79:d8:62:db",
                "00:1A:79:69:34:89",
                "00:1A:79:e8:6d:a2",
                "00:1A:79:a8:2a:39",
                "00:1A:79:eb:05:59",
                "00:1A:79:ac:1e:16",
                "00:1A:79:80:36:37",
                "00:1A:79:65:5b:2f",
                "00:1A:79:5d:af:be",
                "00:1A:79:b6:1b:70",
                "00:1A:79:d5:1e:34",
                "00:1A:79:aa:53:65",
                "00:1A:79:33:15:cd",
                "00:1A:79:b4:5c:e1",
                "00:1A:79:70:1e:3f",
                "00:1A:79:64:f5:67"
            ]
        },
        {
            "server_name": "xtm360.xyz:80",
            "server_url": "http://xtm360.xyz:80/c/",
            "macs": [
                "00:1A:79:00:25:DF",
                "00:1A:79:01:61:3D",
                "00:1A:79:05:E9:7E",
                "00:1A:79:10:27:B2",
                "00:1A:79:17:31:25",
                "00:1A:79:39:EE:69",
                "00:1A:79:3A:17:C3",
                "00:1A:79:40:12:CB",
                "00:1A:79:40:8F:4A",
                "00:1A:79:40:8F:FD",
                "00:1A:79:40:EC:1D",
                "00:1A:79:40:EB:8C",
                "00:1A:79:40:EB:68",
                "00:1A:79:40:EB:72",
                "00:1A:79:40:EC:12",
                "00:1A:79:40:EC:AF",
                "00:1A:79:40:EC:34",
                "00:1A:79:40:EC:84",
                "00:1A:79:40:EA:E8",
                "00:1A:79:43:0E:F0"
            ]
        },
        {
            "server_name": "super-iptv.net:2052",
            "server_url": "http://super-iptv.net:2052/c/",
            "macs": [
                "00:1A:79:00:49:E2",
                "00:1A:79:01:84:A8",
                "00:1A:79:05:C8:48",
                "00:1A:79:07:92:81",
                "00:1A:79:07:90:20",
                "00:1A:79:07:94:64",
                "00:1A:79:47:A1:84"
            ]
        },
        {
            "server_name": "zerocube.co:8000",
            "server_url": "http://zerocube.co:8000/c/",
            "macs": [
                "00:1A:79:47:5D:75",
                "00:1A:79:47:F1:19",
                "00:1A:79:48:00:87",
                "00:1a:79:48:0f:87",
                "00:1A:79:48:0F:87",
                "00:1A:79:48:20:9A",
                "00:1A:79:48:23:02",
                "00:1A:79:49:2C:F3",
                "00:1A:79:4A:58:13",
                "00:1a:79:4b:6b:cb"
            ]
        },
        {
            "server_name": "iptvdelta.123tv.to:8080",
            "server_url": "http://iptvdelta.123tv.to:8080/c/",
            "macs": [
                "00:1A:79:46:ba:de",
                "00:1A:79:5c:fa:a3",
                "00:1A:79:1d:0c:e8",
                "00:1A:79:ac:c3:82",
                "00:1A:79:5c:cb:da"
            ]
        },
        {
            "server_name": "c.overboxtv.com",
            "server_url": "http://c.overboxtv.com/c/",
            "macs": [
                "00:1A:79:21:1f:9c",
                "00:1A:79:b7:0d:2f",
                "00:1A:79:a1:7b:64",
                "00:1A:79:3f:b7:a4",
                "00:1A:79:ba:be:95",
                "00:1A:79:a1:d0:6c",
                "00:1A:79:f8:e5:89",
                "00:1A:79:77:a8:1e",
                "00:1A:79:b0:d1:d8",
                "00:1A:79:a2:fb:1d",
                "00:1A:79:4f:c8:ea",
                "00:1A:79:b3:6a:9a",
                "00:1A:79:0d:4b:36",
                "00:1A:79:de:4c:68",
                "00:1A:79:aa:85:1c",
                "00:1A:79:a6:fc:f2",
                "00:1A:79:af:83:93",
                "00:1A:79:b7:32:41",
                "00:1A:79:6c:e0:31",
                "00:1A:79:ad:51:4e",
                "00:1A:79:ab:9a:70",
                "00:1A:79:bb:c5:d4",
                "00:1A:79:5a:9b:61",
                "00:1A:79:f2:2d:06"
            ]
        },
        {
            "server_name": "portal.ramz123.xyz:8080",
            "server_url": "http://portal.ramz123.xyz:8080/c/",
            "macs": [
                "00:1A:79:2e:86:5b",
                "00:1A:79:bc:eb:03",
                "00:1A:79:ab:4e:52",
                "00:1A:79:5e:2c:f8",
                "00:1A:79:e5:b2:49",
                "00:1A:79:b5:59:c6",
                "00:1A:79:a3:f0:63",
                "00:1A:79:aa:71:ba",
                "00:1A:79:92:d0:77",
                "00:1A:79:b7:28:62"
            ]
        },
        {
            "server_name": "garaveli.123tv.to:8080",
            "server_url": "http://garaveli.123tv.to:8080/c/",
            "macs": [
                "00:1A:79:ab:b2:db",
                "00:1A:79:b9:d9:38",
                "00:1A:79:b8:7c:a7",
                "00:1A:79:1e:8f:9d",
                "00:1A:79:ca:ed:a8",
                "00:1A:79:32:f2:12",
                "00:1A:79:b0:d1:22",
                "00:1A:79:ae:59:fb",
                "00:1A:79:1d:08:c4",
                "00:1A:79:b5:64:b4",
                "00:1A:79:ad:4f:5f",
                "00:1A:79:98:69:85"
            ]
        }
    ]
}