{
    "items": [
        {
            "server_name": "qqtv.nl:8080",
            "server_url": "http://qqtv.nl:8080/c/",
            "macs": [
                "00:1A:79:63:66:06",
                "00:1A:79:29:1F:65",
                "00:1A:79:02:83:41",
                "00:1A:79:09:A1:DC",
                "00:1A:79:E5:2D:85",
                "00:1A:79:00:53:36",
                "00:1A:79:C0:12:50"
            ]
        },
        {
            "server_name": "62.210.114.146:7000",
            "server_url": "http://62.210.114.146:7000/c/",
            "macs": [
                "00:1a:79:6f:5a:4e",
                "00:1a:79:5c:41:ec",
                "00:1a:79:50:cb:f2"
            ]
        },
        {
            "server_name": "evolpro.net:80",
            "server_url": "http://evolpro.net:80/c/",
            "macs": [
                "00:1A:79:00:00:B4",
                "00:1A:79:00:02:3C",
                "00:1A:79:00:02:97"
            ]
        },
        {
            "server_name": "xio.t-v.io:80",
            "server_url": "http://xio.t-v.io:80/c/",
            "macs": [
                "00:1a:79:a6:fd:1a"
            ]
        },
        {
            "server_name": "x.xtv.gr:25461",
            "server_url": "http://x.xtv.gr:25461/c/",
            "macs": [
                "00:1A:79:40:CD:52",
                "00:1A:79:40:CD:09",
                "00:1A:79:40:CD:4E",
                "00:1A:79:40:CD:9D",
                "00:1A:79:40:CD:BF",
                "00:1A:79:40:CD:BC",
                "00:1A:79:40:CD:7F"
            ]
        },
        {
            "server_name": "rv.imax.re",
            "server_url": "http://rv.imax.re/c/",
            "macs": [
                "00:1A:79:66:9B:F3",
                "00:1a:79:A1:C6:F6",
                "00:1A:79:00:33:54"
            ]
        },
        {
            "server_name": "ctrl.1222908.net:86",
            "server_url": "http://ctrl.1222908.net:86/c/",
            "macs": [
                "00:1A:79:1E:2F:AE",
                "00:1A:79:03:16:83",
                "00:1A:79:56:39:8B",
                "00:1A:79:1E:9F:E7",
                "00:1A:79:5F:8F:B5",
                "00:1A:79:65:5F:1E",
                "00:1A:79:2E:5F:A1",
                "00:1A:79:60:2F:3E",
                "00:1A:79:5F:40:A7",
                "00:1A:79:5B:2F:16",
                "00:1A:79:1A:6F:FD",
                "00:1A:79:62:4F:F1",
                "00:1A:79:58:1F:48",
                "00:1A:79:37:0F:57",
                "00:1A:79:56:7F:05",
                "00:1A:79:5D:1F:D4",
                "00:1A:79:65:FE:A9",
                "00:1A:79:A9:05:9F",
                "00:1A:79:03:AB:D1",
                "00:1A:79:50:2F:3E",
                "00:1A:79:AF:E1:0D",
                "00:1A:79:58:7F:BE",
                "00:1A:79:A9:05:DB",
                "00:1A:79:32:3F:18",
                "00:1A:79:56:9F:FD",
                "00:1A:79:17:57:DF",
                "00:1A:79:58:7F:31",
                "00:1A:79:D8:62:AD",
                "00:1A:79:B3:5D:43",
                "00:1A:79:2E:1F:1A",
                "00:1A:79:A1:0F:4C",
                "00:1A:79:2C:3F:31",
                "00:1A:79:6C:95:F6",
                "00:1A:79:04:46:6B",
                "00:1A:79:5B:3F:D2",
                "00:1A:79:24:D1:8D",
                "00:1A:79:EA:C3:39",
                "00:1A:79:9E:D9:21",
                "00:1A:79:54:9F:2D",
                "00:1A:79:42:35:E5",
                "00:1A:79:FC:34:95",
                "00:1A:79:65:F7:0E",
                "00:1A:79:AF:DF:28",
                "00:1A:79:2D:5C:D5",
                "00:1A:79:A9:4F:C8"
            ]
        },
        {
            "server_name": "mainmainmain4623.brasilia.me:80",
            "server_url": "http://mainmainmain4623.brasilia.me:80/c/",
            "macs": [
                "00:1a:79:C0:09:CF"
            ]
        },
        {
            "server_name": "77as77.com",
            "server_url": "http://77as77.com/c/",
            "macs": [
                "00:1A:79:1A:02:91",
                "00:1A:79:1C:1F:E7",
                "00:1a:79:30:8f:18",
                "00:1a:79:de:4f:fa"
            ]
        },
        {
            "server_name": "localhd.tv:8081",
            "server_url": "http://localhd.tv:8081/c/",
            "macs": [
                "00:1A:79:53:2D:A9",
                "00:1A:79:69:00:46"
            ]
        },
        {
            "server_name": "ip.sltv.be:8080",
            "server_url": "http://ip.sltv.be:8080/c/",
            "macs": [
                "00:1A:79:B7:18:03",
                "00:1A:79:40:3D:27",
                "00:1A:79:4E:4F:06",
                "00:1A:79:19:49:42",
                "00:1A:79:B2:10:E4",
                "00:1A:79:A4:22:0C",
                "00:1A:79:3D:83:AC",
                "00:1A:79:94:4D:BD",
                "00:1A:79:6A:34:30",
                "00:1A:79:6F:1B:D3",
                "00:1A:79:31:EB:72",
                "00:1A:79:70:70:F0",
                "00:1A:79:49:1A:9E",
                "00:1A:79:43:AF:DC",
                "00:1A:79:B1:A0:CD",
                "00:1A:79:3C:3E:B5",
                "00:1A:79:3A:18:71",
                "00:1A:79:60:6B:8A",
                "00:1A:79:2A:E4:7C",
                "00:1A:79:02:33:30",
                "00:1A:79:70:4B:32",
                "00:1A:79:59:C8:7B",
                "00:1A:79:18:A5:29",
                "00:1A:79:70:47:78"
            ]
        }
    ]
}