{
    "items": [
        {
            "server_name": "serverswe.tv:8080",
            "server_url": "http://serverswe.tv:8080/c/",
            "macs": [
                "00:1A:79:B3:21:91",
                "00:1A:79:B3:21:85",
                "00:1A:79:B3:21:92",
                "00:1A:79:B3:23:45",
                "00:1A:79:B3:23:38",
                "00:1A:79:B3:23:0B",
                "00:1A:79:B3:27:AF",
                "00:1A:79:B3:27:47",
                "00:1A:79:B3:26:78",
                "00:1A:79:B3:2A:01",
                "00:1A:79:B3:2B:2C",
                "00:1A:79:B3:2C:A0",
                "00:1A:79:B3:23:33",
                "00:1A:79:B3:26:27",
                "00:1A:79:B3:26:60",
                "00:1A:79:B3:26:5C",
                "00:1A:79:B3:26:87",
                "00:1A:79:B3:27:83",
                "00:1A:79:65:3F:39"
            ]
        },
        {
            "server_name": "1234anonym.com:8080",
            "server_url": "http://1234anonym.com:8080/c/",
            "macs": [
                "00:1A:79:03:8F:F6",
                "00:1A:79:1A:00:F2",
                "00:1A:79:1A:01:4A",
                "00:1A:79:1A:01:7C",
                "00:1A:79:1A:01:24",
                "00:1A:79:1A:02:2C",
                "00:1A:79:1A:03:4D"
            ]
        },
        {
            "server_name": "nplay.is:2095",
            "server_url": "http://nplay.is:2095/c/",
            "macs": [
                "10:27:be:2e:44:01",
                "10:27:be:15:df:31",
                "10:27:be:15:60:cb"
            ]
        },
        {
            "server_name": "c.overboxtv.com:80",
            "server_url": "http://c.overboxtv.com:80/c/",
            "macs": [
                "00:1A:79:38:57:20",
                "00:1A:79:ed:fe:f2",
                "00:1A:79:57:83:9e",
                "00:1A:79:ad:5a:5a",
                "00:1A:79:52:2e:93"
            ]
        },
        {
            "server_name": "vowiptv.com:80",
            "server_url": "http://vowiptv.com:80/stalker_portal/c/",
            "macs": [
                "00:1A:79:26:41:53",
                "00:1A:79:63:EE:7B",
                "00:1A:79:4A:C9:30",
                "00:1A:79:13:2F:95",
                "00:1A:79:BB:7A:50",
                "00:1A:79:AF:82:D1",
                "00:1A:79:67:BE:86",
                "00:1A:79:6F:58:69",
                "00:1A:79:74:C5:36",
                "00:1A:79:3B:33:0B",
                "00:1A:79:94:2A:3E",
                "00:1A:79:7C:12:26",
                "00:1A:79:2B:5B:60",
                "00:1A:79:E5:9A:6D",
                "00:1A:79:5A:5E:FA",
                "00:1A:79:7F:3A:65",
                "00:1A:79:74:E5:6A",
                "00:1A:79:AA:75:B4",
                "00:1A:79:68:02:65",
                "00:1A:79:53:58:98",
                "00:1A:79:56:A4:7B",
                "00:1A:79:64:08:B0",
                "00:1A:79:73:0E:92",
                "00:1A:79:06:84:5D",
                "00:1A:79:55:2C:6C",
                "00:1A:79:55:93:0C",
                "00:1A:79:C6:0B:A7",
                "00:1A:79:4A:F4:24"
            ]
        },
        {
            "server_name": "chaos-iptv.club",
            "server_url": "http://chaos-iptv.club/c/",
            "macs": [
                "00:1A:79:6b:48:6d",
                "00:1A:79:71:1a:58",
                "00:1A:79:52:e8:9e",
                "00:1A:79:56:aa:25",
                "00:1A:79:ba:9f:13",
                "00:1A:79:ba:8f:40",
                "00:1A:79:0e:9d:a2",
                "00:1A:79:39:41:e9",
                "00:1A:79:ad:13:af",
                "00:1A:79:c8:05:a1",
                "00:1A:79:a6:02:10",
                "00:1A:79:14:2b:52",
                "00:1A:79:be:7a:3a",
                "00:1A:79:aa:7f:e4",
                "00:1A:79:ae:25:76",
                "00:1A:79:39:a4:cb",
                "00:1A:79:d6:9f:46",
                "00:1A:79:aa:d5:78"
            ]
        },
        {
            "server_name": "p.123hd321.cc",
            "server_url": "http://p.123hd321.cc/stalker_portal/c/",
            "macs": [
                "00:1A:79:45:F6:44",
                "00:1a:79:53:44:0d",
                "00:1A:79:95:30:86",
                "00:1A:79:1C:56:4D",
                "00:1A:79:9D:98:95",
                "00:1A:79:43:70:93",
                "00:1A:79:1B:05:BA",
                "00:1A:79:1B:9E:4B",
                "00:1A:79:3F:D8:51"
            ]
        },
        {
            "server_name": "magmegiill2mig4zil.funtogether.xyz:8080",
            "server_url": "http://magmegiill2mig4zil.funtogether.xyz:8080/c/",
            "macs": [
                "00:1A:79:4f:0f:12",
                "00:1A:79:40:97:5c",
                "00:1A:79:55:7c:dd",
                "00:1A:79:36:3e:83",
                "00:1A:79:4c:20:1e",
                "00:1A:79:d6:87:13",
                "00:1A:79:67:8c:88",
                "00:1A:79:b7:a0:9f",
                "00:1A:79:b8:8f:b4",
                "00:1A:79:1c:a5:0d",
                "00:1A:79:bb:4b:29",
                "00:1A:79:b2:81:a2",
                "00:1A:79:b3:d3:58",
                "00:1A:79:fb:1f:2b",
                "00:1A:79:da:1e:fb",
                "00:1A:79:52:38:ff",
                "00:1A:79:5c:a1:fa",
                "00:1A:79:b0:03:24",
                "00:1A:79:b0:43:05",
                "00:1A:79:aa:7f:32",
                "00:1A:79:bf:92:37",
                "00:1A:79:ad:90:e8",
                "00:1A:79:5c:cf:67"
            ]
        },
        {
            "server_name": "wayforward.xyz:25461",
            "server_url": "http://wayforward.xyz:25461/c/",
            "macs": [
                "00:1A:79:55:96:3F",
                "00:1A:79:4C:84:21",
                "00:1A:79:B4:C7:F1",
                "00:1A:79:B3:3B:FB",
                "00:1A:79:65:5E:E1",
                "00:1A:79:65:5F:08",
                "00:1A:79:B3:42:40"
            ]
        },
        {
            "server_name": "tv.tvzon.tv",
            "server_url": "http://tv.tvzon.tv/stalker_portal/c/",
            "macs": [
                "00:1A:79:F5:4F:49",
                "00:1A:79:16:EE:D5",
                "00:1A:79:55:88:2D",
                "00:1A:79:59:A2:75",
                "00:1A:79:B4:47:D3",
                "00:1A:79:B5:09:C9",
                "00:1A:79:65:AF:FE",
                "00:1A:79:74:71:6F"
            ]
        }
    ]
}