{
    "items": [
        {
            "server_name": "dcsport.xyz:8080",
            "server_url": "http://dcsport.xyz:8080/c/",
            "macs": [
                "00:1a:79:a9:27:b8",
                "00:1a:79:a5:d7:62",
                "00:1a:79:a1:18:74",
                "00:1a:79:a9:de:01",
                "00:1a:79:a4:7a:70",
                "00:1a:79:aa:6b:41",
                "00:1a:79:ac:5d:5a",
                "00:1a:79:a7:03:10",
                "00:1a:79:a5:c4:4c",
                "00:1a:79:a5:dd:cb",
                "00:1a:79:a5:fc:b5",
                "00:1a:79:aa:f8:8a",
                "00:1a:79:a1:46:45",
                "00:1a:79:ae:b1:20",
                "00:1a:79:ab:0f:94",
                "00:1a:79:ad:7e:84",
                "00:1a:79:ac:d2:48",
                "00:1a:79:ad:90:93",
                "00:1a:79:ad:e3:14",
                "00:1a:79:a3:01:68",
                "00:1a:79:a4:4f:de",
                "00:1a:79:a0:b6:e6",
                "00:1a:79:ab:6d:56",
                "00:1a:79:a6:59:bd",
                "00:1a:79:ad:e8:0c",
                "00:1a:79:ab:76:fd",
                "00:1a:79:a9:09:54",
                "00:1a:79:ac:9f:17",
                "00:1a:79:a1:8d:1e",
                "00:1a:79:ab:5e:89",
                "00:1a:79:ab:18:f9"
            ]
        },
        {
            "server_name": "sanaldunya34.com:8080",
            "server_url": "http://sanaldunya34.com:8080/c/",
            "macs": [
                "00:1a:79:19:40:f0",
                "00:1a:79:45:d6:3d",
                "00:1a:79:0d:9c:b0",
                "00:1a:79:3a:b6:f4",
                "00:1a:79:46:84:c5",
                "00:1a:79:3a:c8:da",
                "00:1a:79:2e:fb:d2",
                "00:1a:79:31:c2:75",
                "00:1a:79:29:7b:7e",
                "00:1a:79:2d:0f:8c",
                "00:1a:79:49:fa:4b",
                "00:1a:79:27:1f:51",
                "00:1a:79:05:a1:93",
                "00:1a:79:57:5c:53",
                "00:1a:79:3b:2b:bf",
                "00:1a:79:08:65:c1",
                "00:1a:79:35:32:61",
                "00:1a:79:18:1f:73",
                "00:1a:79:40:43:e1",
                "00:1a:79:35:8a:f2",
                "00:1a:79:5c:ac:de",
                "00:1a:79:42:32:c4",
                "00:1a:79:23:ce:a0",
                "00:1a:79:53:5e:5c",
                "00:1a:79:4d:3a:91",
                "00:1a:79:31:89:a3",
                "00:1a:79:0c:35:23",
                "00:1a:79:23:a0:90"
            ]
        },
        {
            "server_name": "predator1.net:8000",
            "server_url": "http://predator1.net:8000/c/",
            "macs": [
                "00:1a:79:5a:be:89",
                "00:1a:79:2a:33:6e",
                "00:1a:79:2a:6b:4e",
                "00:1a:79:05:38:38",
                "00:1a:79:46:09:34",
                "00:1a:79:00:91:86",
                "00:1a:79:07:34:d2",
                "00:1a:79:31:8d:f1",
                "00:1a:79:46:2b:99"
            ]
        },
        {
            "server_name": "hellas.sltv.pw:8080",
            "server_url": "http://hellas.sltv.pw:8080/c/",
            "macs": [
                "00:1a:79:a0:c5:f4"
            ]
        },
        {
            "server_name": "line.stealthdino.com",
            "server_url": "http://line.stealthdino.com/c/",
            "macs": [
                "00:1A:79:01:3B:A2",
                "00:1A:79:01:01:5B",
                "00:1A:79:01:4A:05",
                "00:1A:79:01:81:39",
                "00:1A:79:01:68:68",
                "00:1A:79:02:1B:7A",
                "00:1A:79:02:2F:D9",
                "00:1A:79:02:62:2F",
                "00:1A:79:02:74:D3",
                "00:1A:79:03:0F:68",
                "00:1A:79:03:1F:D2",
                "00:1A:79:03:53:E9"
            ]
        },
        {
            "server_name": "s1.iksnumbers.info",
            "server_url": "http://s1.iksnumbers.info/c/",
            "macs": [
                "00:1A:79:01:10:9F",
                "00:1A:79:04:01:22",
                "00:1A:79:07:47:07",
                "00:1A:79:09:7F:F0",
                "00:1A:79:09:B5:B1",
                "00:1A:79:0A:9F:30",
                "00:1A:79:0A:9F:2E",
                "00:1A:79:0C:0F:1A",
                "00:1A:79:1D:2B:44",
                "00:1A:79:23:8F:17",
                "00:1A:79:23:8F:14",
                "00:1A:79:23:9F:17",
                "00:1A:79:24:1F:77",
                "00:1A:79:24:1F:30",
                "00:1A:79:25:85:68",
                "00:1A:79:2B:00:3B",
                "00:1A:79:2B:43:87",
                "00:1A:79:2B:B9:5D",
                "00:1A:79:2B:C4:92",
                "00:1A:79:2B:A9:16",
                "00:1A:79:2B:EC:03",
                "00:1A:79:2B:EB:66",
                "00:1A:79:30:1D:B7",
                "00:1A:79:30:A7:8C",
                "00:1A:79:31:15:8F",
                "00:1A:79:31:7F:CE",
                "00:1A:79:31:86:4D",
                "00:1A:79:31:C8:77",
                "00:1A:79:32:06:65",
                "00:1A:79:32:04:D7",
                "00:1A:79:32:99:97",
                "00:1A:79:35:6F:15",
                "00:1A:79:36:1B:F9",
                "00:1A:79:36:93:77",
                "00:1A:79:38:E8:40",
                "00:1A:79:39:6D:5B",
                "00:1A:79:3A:66:FE",
                "00:1A:79:3A:D4:33",
                "00:1A:79:3B:0B:C9",
                "00:1A:79:3A:FB:F1",
                "00:1A:79:3B:0F:1A",
                "00:1A:79:3D:43:B2",
                "00:1A:79:3D:5F:F3",
                "00:1A:79:40:11:A9",
                "00:1A:79:40:38:29",
                "00:1A:79:41:2B:7A",
                "00:1A:79:41:CF:F8",
                "00:1A:79:45:04:6F",
                "00:1A:79:45:03:11",
                "00:1A:79:45:CE:5B",
                "00:1A:79:4A:6B:0A",
                "00:1A:79:4F:8F:C1",
                "00:1A:79:4f:ef:7b",
                "00:1A:79:50:1F:C2",
                "00:1A:79:50:4F:52",
                "00:1A:79:50:BA:BC",
                "00:1A:79:54:7B:C1",
                "00:1A:79:54:AD:D6",
                "00:1A:79:57:5F:40",
                "00:1A:79:57:D2:D7",
                "00:1A:79:58:0F:E2",
                "00:1A:79:58:0F:E5",
                "00:1A:79:58:0F:E6",
                "00:1A:79:58:0F:FB",
                "00:1A:79:58:3F:09",
                "00:1A:79:5A:4F:73",
                "00:1A:79:5A:4F:86",
                "00:1A:79:5A:3A:6F",
                "00:1A:79:5D:69:42",
                "00:1A:79:5F:41:C0",
                "00:1A:79:5F:3D:78",
                "00:1A:79:60:6F:F0",
                "00:1A:79:62:B3:32"
            ]
        }
    ]
}