{
    "items": [
        {
            "server_name": "sm12.sunmoney.net",
            "server_url": "http://sm12.sunmoney.net/stalker_portal/c/",
            "macs": [
                "00:1A:79:ce:b6:1a",
                "00:1A:79:72:11:46",
                "00:1A:79:4c:ae:ba",
                "00:1A:79:58:71:5a",
                "00:1A:79:49:1f:c1",
                "00:1A:79:6e:59:c1",
                "00:1A:79:37:08:6f",
                "00:1A:79:eb:e2:42",
                "00:1A:79:6e:a3:99",
                "00:1A:79:72:0e:75",
                "00:1A:79:81:ac:94",
                "00:1A:79:75:6d:cd",
                "00:1A:79:7b:cd:c0",
                "00:1A:79:42:76:25",
                "00:1A:79:54:7b:b2",
                "00:1A:79:6f:1f:45",
                "00:1A:79:4c:72:c9",
                "00:1A:79:5d:39:9a",
                "00:1A:79:37:8c:65",
                "00:1A:79:42:84:42",
                "00:1A:79:64:0e:92",
                "00:1A:79:54:bb:8f",
                "00:1A:79:58:cc:80",
                "00:1A:79:54:bb:8f",
                "00:1A:79:4a:47:a5",
                "00:1A:79:66:87:b3",
                "00:1A:79:62:dc:8a",
                "00:1A:79:72:0d:ed",
                "00:1A:79:49:6b:97",
                "00:1A:79:4c:6e:8a",
                "00:1A:79:50:1b:c4",
                "00:1A:79:5f:9b:6f",
                "00:1A:79:6b:ed:f2",
                "00:1A:79:7c:2b:33",
                "00:1A:79:5b:f8:13",
                "00:1A:79:4b:b6:88",
                "00:1A:79:49:24:17",
                "00:1A:79:6d:ef:f9",
                "00:1A:79:4e:ae:3d"
            ]
        },
        {
            "server_name": "scarnet.xyz:8880",
            "server_url": "http://scarnet.xyz:8880/c/",
            "macs": [
                "00:1A:79:5A:3F:F1",
                "00:1A:79:60:04:2B",
                "00:1A:79:48:54:32",
                "00:1A:79:59:D3:0F",
                "00:1A:79:F1:0D:2A",
                "00:1A:79:5D:41:BE",
                "00:1a:79:4a:4a:9a",
                "00:1A:79:32:67:53",
                "00:1A:79:5E:68:92",
                "00:1A:79:A2:8F:D7",
                "00:1A:79:74:5E:15",
                "00:1A:79:E2:68:4E",
                "00:1A:79:4B:3C:FF",
                "00:1A:79:63:EB:FE",
                "00:1A:79:BC:1F:9C",
                "00:1A:79:48:DE:42",
                "00:1A:79:66:E9:6A",
                "00:1A:79:42:62:55",
                "00:1A:79:4c:49:98",
                "00:1A:79:db:8b:ae"
            ]
        },
        {
            "server_name": "24hrtv.eu:8080",
            "server_url": "http://24hrtv.eu:8080/c/",
            "macs": [
                "00:1A:79:42:1E:52",
                "00:1A:79:23:B5:7F"
            ]
        },
        {
            "server_name": "92.204.40.153",
            "server_url": "http://92.204.40.153/stalker_portal/c/",
            "macs": [
                "00:1A:79:43:ba:70",
                "00:1A:79:47:69:85",
                "00:1A:79:62:d7:00",
                "00:1A:79:56:00:cb",
                "00:1A:79:4b:83:83",
                "00:1A:79:45:4b:ca",
                "00:1A:79:2e:57:47",
                "00:1A:79:59:af:ba",
                "00:1A:79:63:ff:6f",
                "00:1A:79:68:81:a0",
                "00:1A:79:63:ff:90",
                "00:1A:79:24:7d:14",
                "00:1A:79:4e:92:82",
                "00:1A:79:66:b8:d4",
                "00:1A:79:76:7e:92",
                "00:1A:79:5a:a3:11",
                "00:1A:79:5a:04:ad",
                "00:1A:79:49:77:86",
                "00:1A:79:5a:9a:ff",
                "00:1A:79:4e:92:7f",
                "00:1A:79:54:97:cd",
                "00:1A:79:03:0e:70"
            ]
        },
        {
            "server_name": "tptv.cz:80",
            "server_url": "http://tptv.cz:80/c/",
            "macs": [
                "00:1A:79:55:3C:14",
                "00:1A:79:55:25:12",
                "00:1A:79:01:20:7A",
                "00:1A:79:E0:09:10",
                "00:1A:79:42:90:16",
                "00:1A:79:5A:8F:4C",
                "00:1A:79:10:4E:49",
                "00:1A:79:C2:39:7B",
                "00:1A:79:2B:44:70",
                "00:1A:79:E8:D3:D6",
                "00:1A:79:5A:8F:8F",
                "00:1A:79:54:AD:97",
                "00:1A:79:3D:B9:47",
                "00:1A:79:88:94:A1",
                "00:1A:79:DB:25:FF",
                "00:1A:79:7E:15:A0",
                "00:1A:79:94:F8:AB",
                "00:1A:79:64:E8:59",
                "00:1A:79:B7:61:64",
                "00:1A:79:5B:0F:41",
                "00:1A:79:55:36:8E",
                "00:1A:79:55:35:0F",
                "00:1A:79:55:96:81",
                "00:1A:79:4B:AB:20",
                "00:1A:79:42:FF:03",
                "00:1A:79:AA:55:18",
                "00:1A:79:0F:45:8D"
            ]
        },
        {
            "server_name": "portal.geniptv.com:8080",
            "server_url": "http://portal.geniptv.com:8080/c/",
            "macs": [
                "00:1A:79:ad:ff:b4",
                "00:1A:79:6b:48:6d",
                "00:1A:79:aa:74:bc",
                "00:1A:79:6f:1a:d6",
                "00:1A:79:15:49:27",
                "00:1A:79:ad:1a:97",
                "00:1A:79:a4:7d:5d",
                "00:1A:79:4e:93:7d",
                "00:1A:79:5f:dd:e6",
                "00:1A:79:e2:7f:46",
                "00:1A:79:56:03:ca",
                "00:1A:79:ab:57:84",
                "00:1A:79:66:24:fc",
                "00:1A:79:bb:c5:1c",
                "00:1A:79:aa:cc:2e",
                "00:1A:79:a9:f0:e8",
                "00:1A:79:47:9e:56",
                "00:1A:79:3d:79:7b",
                "00:1A:79:e5:0c:61",
                "00:1A:79:a3:69:7b",
                "00:1A:79:ba:21:99",
                "00:1A:79:bd:4f:56",
                "00:1A:79:dd:d5:ff",
                "00:1A:79:A3:8F:D4"
            ]
        },
        {
            "server_name": "poyraz67.com:8080",
            "server_url": "http://poyraz67.com:8080/c/",
            "macs": [
                "00:1a:79:32:45:37",
                "00:1a:79:a8:ed:3e",
                "00:1a:79:45:50:f7",
                "00:1a:79:40:42:bb",
                "00:1a:79:59:b2:a5",
                "00:1a:79:ad:90:93",
                "00:1a:79:50:19:56",
                "00:1a:79:74:84:a5",
                "00:1a:79:1c:2f:fc",
                "00:1a:79:44:c1:12",
                "00:1a:79:37:20:b5",
                "00:1a:79:00:9f:b2",
                "00:1a:79:34:3a:2c"
            ]
        }
    ]
}