{
    "items": [
        {
            "server_name": "iptvpro3.vision-new.org:8789",
            "server_url": "http://iptvpro3.vision-new.org:8789/c/",
            "macs": [
                "00:1A:79:00:00:00",
                "00:1A:79:0D:0D:10",
                "00:1A:79:12:17:12",
                "00:1A:79:17:DF:55",
                "00:1A:79:18:23:3B",
                "00:1A:79:19:FB:60",
                "00:1A:79:19:E6:B0",
                "00:1A:79:24:A8:EE",
                "00:1A:79:31:C7:26",
                "00:1A:79:32:74:32",
                "00:1A:79:34:E4:EA",
                "00:1A:79:37:44:03",
                "00:1A:79:37:36:E7",
                "00:1A:79:38:34:44",
                "00:1A:79:38:D1:DB",
                "00:1A:79:3A:EF:CE",
                "00:1A:79:3D:06:1F",
                "00:1A:79:3D:B5:8A",
                "00:1A:79:3D:C0:59",
                "00:1A:79:40:43:A7",
                "00:1A:79:42:99:A6",
                "00:1A:79:43:92:C7",
                "00:1A:79:44:A3:C8",
                "00:1A:79:47:3A:FD",
                "00:1A:79:47:82:84",
                "00:1A:79:47:92:A3",
                "00:1A:79:49:66:6B",
                "00:1A:79:49:D8:E7",
                "00:1A:79:49:C9:84",
                "00:1A:79:4B:0A:E2",
                "00:1A:79:4C:4F:87",
                "00:1A:79:4D:78:98",
                "00:1A:79:4E:7C:C8",
                "00:1A:79:4E:B8:69",
                "00:1A:79:4E:F5:D9",
                "00:1A:79:4F:71:EE",
                "00:1A:79:4F:53:A1",
                "00:1A:79:50:28:41",
                "00:1A:79:50:EB:11",
                "00:1A:79:51:7E:FB",
                "00:1A:79:51:82:49",
                "00:1A:79:52:30:23",
                "00:1A:79:51:84:93",
                "00:1A:79:52:29:09",
                "00:1A:79:53:64:DA",
                "00:1A:79:53:D0:E1",
                "00:1A:79:53:D5:2B",
                "00:1A:79:53:B9:73",
                "00:1A:79:53:FD:6E",
                "00:1A:79:54:3D:A2",
                "00:1A:79:54:3E:03",
                "00:1A:79:54:3C:DE",
                "00:1A:79:54:53:7A",
                "00:1A:79:54:AA:99",
                "00:1A:79:54:AC:44",
                "00:1A:79:54:AB:1A",
                "00:1A:79:55:24:4A",
                "00:1A:79:55:53:0B",
                "00:1A:79:55:65:F1",
                "00:1A:79:55:D7:D2",
                "00:1A:79:55:76:0B",
                "00:1A:79:56:8E:C5",
                "00:1A:79:56:88:A8",
                "00:1A:79:57:4E:F8",
                "00:1A:79:58:20:84",
                "00:1A:79:58:A3:93",
                "00:1A:79:5A:16:E0",
                "00:1A:79:5A:44:DC",
                "00:1A:79:5A:7F:C6",
                "00:1A:79:5A:41:37",
                "00:1A:79:5A:9F:50",
                "00:1A:79:5C:82:34",
                "00:1A:79:5c:b9:17",
                "00:1A:79:5C:E1:6A",
                "00:1A:79:5C:E8:34",
                "00:1A:79:5D:41:F6",
                "00:1A:79:5D:21:FF",
                "00:1A:79:5D:2B:21",
                "00:1A:79:5D:20:42",
                "00:1A:79:5D:94:0A",
                "00:1A:79:5D:9C:A1",
                "00:1A:79:5D:FB:F6",
                "00:1A:79:5D:CB:2F",
                "00:1A:79:5e:a1:c6",
                "00:1A:79:5E:2E:37",
                "00:1A:79:5E:C7:6E",
                "00:1A:79:5e:9b:d1",
                "00:1A:79:5F:2A:18",
                "00:1A:79:5E:E4:06",
                "00:1A:79:5F:AF:3C",
                "00:1A:79:5F:55:03",
                "00:1A:79:5F:D0:43",
                "00:1A:79:62:17:1B",
                "00:1A:79:61:E7:D3",
                "00:1A:79:62:81:85",
                "00:1A:79:61:FF:B2",
                "00:1A:79:63:FA:D0",
                "00:1A:79:64:25:C3",
                "00:1A:79:63:FC:0F",
                "00:1A:79:63:AC:4F",
                "00:1A:79:63:9B:B3",
                "00:1A:79:64:44:89",
                "00:1A:79:64:39:2A",
                "00:1A:79:64:B9:38",
                "00:1A:79:65:3E:BA",
                "00:1A:79:66:B9:C2",
                "00:1A:79:67:26:F9",
                "00:1A:79:68:0C:79",
                "00:1A:79:69:1D:F9",
                "00:1A:79:6A:60:42",
                "00:1A:79:6A:A5:83",
                "00:1A:79:6B:2F:44",
                "00:1A:79:6D:D3:E1"
            ]
        },
        {
            "server_name": "sa.magnetukas.lt:8666",
            "server_url": "http://sa.magnetukas.lt:8666/c/",
            "macs": [
                "00:1A:79:D2:42:0D",
                "00:1A:79:AB:73:3A"
            ]
        },
        {
            "server_name": "suspe09.noip.best:8080",
            "server_url": "http://suspe09.noip.best:8080/c/",
            "macs": [
                "00:1A:79:50:CD:6A"
            ]
        },
        {
            "server_name": "thejoker-flashtv.dnsfor.me:80",
            "server_url": "http://thejoker-flashtv.dnsfor.me:80/c/",
            "macs": [
                "00:1A:79:4F:0B:2C",
                "00:1A:79:72:28:37",
                "00:1A:79:2E:AF:B1",
                "00:1A:79:55:A6:B1"
            ]
        },
        {
            "server_name": "melektv.com:8000",
            "server_url": "http://melektv.com:8000/c/",
            "macs": [
                "00:1a:79:a4:79:db",
                "00:1a:79:ab:52:61",
                "00:1a:79:a2:33:ae",
                "00:1a:79:ad:96:12",
                "00:1a:79:a2:f3:ea",
                "00:1a:79:a3:fb:d2",
                "00:1a:79:a5:2e:d0",
                "00:1a:79:aa:59:32",
                "00:1a:79:ac:6a:67",
                "00:1a:79:a3:bb:d2",
                "00:1a:79:ae:09:4c",
                "00:1a:79:a6:f5:ca",
                "00:1a:79:ad:a2:3b",
                "00:1a:79:ae:16:b4",
                "00:1a:79:a7:b1:59",
                "00:1a:79:a7:0d:14",
                "00:1a:79:a4:c9:2f",
                "00:1a:79:a4:7c:3b",
                "00:1a:79:aa:69:82",
                "00:1a:79:a4:8a:40",
                "00:1a:79:ae:3f:01",
                "00:1a:79:a7:d3:f7",
                "00:1a:79:a5:b3:7e",
                "00:1a:79:a5:0c:0e",
                "00:1a:79:a5:2f:bc",
                "00:1a:79:a4:8b:81",
                "00:1a:79:a2:fc:e0",
                "00:1a:79:a0:85:d5",
                "00:1a:79:ad:b0:b3",
                "00:1a:79:a3:bb:d2",
                "00:1a:79:a1:c9:64",
                "00:1a:79:a2:c9:85",
                "00:1a:79:ab:5a:99",
                "00:1a:79:ab:59:2f",
                "00:1a:79:ae:5b:37",
                "00:1a:79:a9:1f:81",
                "00:1a:79:a6:5a:b8",
                "00:1a:79:a7:c2:b4",
                "00:1a:79:ac:6a:67",
                "00:1a:79:ab:5e:e4"
            ]
        },
        {
            "server_name": "clientportal-proiptv.club:8080",
            "server_url": "http://clientportal-proiptv.club:8080/c/",
            "macs": [
                "00:1a:79:5c:3a:77",
                "00:1a:79:44:83:0d"
            ]
        },
        {
            "server_name": "zio.t-v.io",
            "server_url": "http://zio.t-v.io/c/",
            "macs": [
                "00:1A:79:B0:BE:59",
                "00:1A:79:5C:CF:EA",
                "00:1A:79:E2:5F:65",
                "00:1A:79:A6:48:01",
                "00:1A:79:A3:63:E5",
                "00:1A:79:B5:A4:E1",
                "00:1A:79:A6:E7:6E",
                "00:1A:79:AB:65:15",
                "00:1A:79:53:9F:F5",
                "00:1A:79:B7:10:A3",
                "00:1A:79:B4:43:CE",
                "00:1A:79:23:6F:10",
                "00:1A:79:AE:95:9D",
                "00:1A:79:BE:92:20",
                "00:1A:79:18:09:E3",
                "00:1A:79:F9:2F:CB",
                "00:1A:79:4B:35:2A",
                "00:1A:79:6F:8F:47",
                "00:1A:79:A1:D2:A8",
                "00:1A:79:B0:C5:53",
                "00:1A:79:BC:AA:80",
                "00:1A:79:6B:5F:DF",
                "00:1A:79:5A:49:B0",
                "00:1A:79:6F:8F:C3",
                "00:1A:79:AC:C3:B1",
                "00:1A:79:2B:6F:C1",
                "00:1A:79:AB:6E:01",
                "00:1A:79:18:1C:19",
                "00:1A:79:A1:D1:5D",
                "00:1A:79:A7:E2:E8",
                "00:1A:79:B8:7F:D4",
                "00:1A:79:C6:2F:AA",
                "00:1A:79:23:7F:88",
                "00:1A:79:23:6F:53",
                "00:1A:79:3D:0F:BA",
                "00:1A:79:AD:43:CA",
                "00:1A:79:56:BA:FC",
                "00:1A:79:2E:7F:75",
                "00:1A:79:7B:9E:52",
                "00:1A:79:AE:C2:AD",
                "00:1A:79:F9:BC:5C",
                "00:1A:79:BA:56:80",
                "00:1A:79:BE:77:B1",
                "00:1A:79:3B:81:97",
                "00:1A:79:E0:8F:98",
                "00:1A:79:A5:9D:7E",
                "00:1A:79:BD:13:BE",
                "00:1A:79:AE:7D:89",
                "00:1A:79:D8:1F:4B",
                "00:1A:79:BB:5F:E2",
                "00:1A:79:AD:4C:F8",
                "00:1A:79:23:6F:B6",
                "00:1A:79:A5:A2:45"
            ]
        }
    ]
}