{
    "items": [
        {
            "server_name": "in.lionboxiptv.nl:80",
            "server_url": "http://in.lionboxiptv.nl:80/c/",
            "macs": [
                "00:1a:79:19:1e:3b",
                "00:1a:79:1c:2f:3c",
                "00:1a:79:ca:1f:14"
            ]
        },
        {
            "server_name": "naousar.top",
            "server_url": "http://naousar.top/c/",
            "macs": [
                "00:1a:79:a3:83:96",
                "00:1a:79:a7:c2:ea",
                "00:1a:79:ab:a1:6c",
                "00:1a:79:a7:9d:26",
                "00:1a:79:a7:cd:68",
                "00:1a:79:ab:c3:c1",
                "00:1a:79:aa:aa:31",
                "00:1a:79:a2:0b:40",
                "00:1a:79:3d:72:12",
                "00:1a:79:a7:9f:a9",
                "00:1a:79:66:78:9b",
                "00:1a:79:a2:f9:e6",
                "00:1a:79:a7:b9:c4"
            ]
        },
        {
            "server_name": "feenyx.xyz",
            "server_url": "http://feenyx.xyz/c/",
            "macs": [
                "00:1a:79:b6:f6:95",
                "00:1a:79:74:c2:ed",
                "00:1a:79:a8:f3:53",
                "00:1a:79:af:d8:6c",
                "00:1a:79:b4:df:77",
                "00:1a:79:b5:78:81"
            ]
        },
        {
            "server_name": "mag.abcdxyz.one",
            "server_url": "http://mag.abcdxyz.one/c/",
            "macs": [
                "00:1a:79:0c:3b:48",
                "00:1a:79:b5:d9:08",
                "00:1a:79:bb:3d:1e",
                "00:1a:79:4c:82:3b",
                "00:1a:79:b5:d0:0c",
                "00:1a:79:ae:75:88",
                "00:1a:79:b6:36:98",
                "00:1a:79:00:00:b1",
                "00:1a:79:d6:0f:18"
            ]
        },
        {
            "server_name": "ip.opentv.ma:80",
            "server_url": "http://ip.opentv.ma:80/c/",
            "macs": [
                "00:1a:79:54:b0:31",
                "00:1a:79:7a:8b:55"
            ]
        },
        {
            "server_name": "snowdark.xyz:7575",
            "server_url": "http://snowdark.xyz:7575/c/",
            "macs": [
                "00:1a:79:52:de:2b",
                "00:1a:79:68:ac:dc",
                "00:1a:79:32:b3:c5",
                "00:1a:79:b3:24:e6",
                "00:1a:79:62:9c:e5"
            ]
        },
        {
            "server_name": "esv5.net:80",
            "server_url": "http://esv5.net:80/c/",
            "macs": [
                "00:1a:79:5b:61:ce"
            ]
        },
        {
            "server_name": "ott-4k.com:8000",
            "server_url": "http://ott-4k.com:8000/c/",
            "macs": [
                "00:1a:79:73:9c:b7",
                "00:1a:79:73:ab:42",
                "00:1a:79:11:65:10",
                "00:1a:79:a1:a9:ef",
                "00:1a:79:41:aa:78",
                "00:1a:79:f0:01:26"
            ]
        },
        {
            "server_name": "hdhd.tk:80",
            "server_url": "http://hdhd.tk:80/c/",
            "macs": [
                "00:1a:79:9d:12:2d"
            ]
        },
        {
            "server_name": "v1.zaytonatube.com:8008",
            "server_url": "http://v1.zaytonatube.com:8008/c/",
            "macs": [
                "00:1a:79:4d:fa:60",
                "00:1a:79:ae:47:aa"
            ]
        },
        {
            "server_name": "clubtv.pro-ott.com:25443",
            "server_url": "http://clubtv.pro-ott.com:25443/c/",
            "macs": [
                "00:1a:79:64:a8:e8",
                "00:1a:79:e4:08:74"
            ]
        },
        {
            "server_name": "en.profesyoneliptv.com:8080",
            "server_url": "http://en.profesyoneliptv.com:8080/c/",
            "macs": [
                "00:1a:79:c0:1f:e4",
                "00:1a:79:a2:1f:1a",
                "00:1a:79:64:12:c1",
                "00:1a:79:af:1a:9e",
                "00:1a:79:43:62:a6",
                "00:1a:79:d0:57:04",
                "00:1a:79:31:eb:14",
                "00:1a:79:b1:28:74",
                "00:1a:79:ab:0f:9a",
                "00:1a:79:35:c9:64",
                "00:1a:79:bc:e9:31",
                "00:1a:79:1d:38:22"
            ]
        }
    ]
}