{
    "items": [
        {
            "server_name": "netseeny.maxhd.vip:8000",
            "server_url": "http://netseeny.maxhd.vip:8000/c/",
            "macs": [
                "00:1a:79:a4:83:68",
                "00:1a:79:a0:c0:ad",
                "00:1a:79:a6:9c:86",
                "00:1a:79:ad:da:0f",
                "00:1a:79:a5:0a:f1",
                "00:1a:79:a3:8b:13",
                "00:1a:79:ab:f6:01",
                "00:1a:79:ad:20:ee",
                "00:1a:79:a4:75:cb",
                "00:1a:79:a5:e3:ca",
                "00:1a:79:ae:13:14",
                "00:1a:79:a9:93:d5",
                "00:1a:79:ae:77:9c",
                "00:1a:79:ab:ea:68",
                "00:1a:79:a2:07:94",
                "00:1a:79:a7:eb:ef",
                "00:1a:79:ae:06:27",
                "00:1a:79:a7:0e:18",
                "00:1a:79:ae:df:ef",
                "00:1a:79:ae:5a:e3",
                "00:1a:79:a2:84:54",
                "00:1a:79:a5:fc:b5",
                "00:1a:79:a7:e3:a9",
                "00:1a:79:ab:b2:b4",
                "00:1a:79:a2:fa:15"
            ]
        },
        {
            "server_name": "anonymoustv.club",
            "server_url": "http://anonymoustv.club/c/",
            "macs": [
                "00:1a:79:aa:e3:7b",
                "00:1a:79:a5:55:23",
                "00:1a:79:ae:c0:c8",
                "00:1a:79:ad:38:b6",
                "00:1a:79:a5:dc:bb",
                "00:1a:79:a5:d1:40",
                "00:1a:79:ae:5a:e2",
                "00:1a:79:ac:c5:04",
                "00:1a:79:a6:66:1c",
                "00:1a:79:ad:84:14",
                "00:1a:79:ab:c6:ce",
                "00:1a:79:ab:14:bd",
                "00:1a:79:aa:e4:4d",
                "00:1a:79:ae:7a:dc",
                "00:1a:79:ab:c6:21",
                "00:1a:79:a8:ae:7a",
                "00:1a:79:aa:5d:93",
                "00:1a:79:a3:a8:56",
                "00:1a:79:aa:4f:1e",
                "00:1a:79:a4:68:4f",
                "00:1a:79:ac:24:6f",
                "00:1a:79:a5:dd:da",
                "00:1a:79:ae:19:de",
                "00:1a:79:a5:29:af",
                "00:1a:79:a6:3b:62",
                "00:1a:79:aa:8b:8f",
                "00:1a:79:ae:89:18",
                "00:1a:79:a6:58:0b",
                "00:1a:79:a3:cf:57",
                "00:1a:79:a8:d3:ed",
                "00:1a:79:ab:bb:26",
                "00:1a:79:a7:9f:f8"
            ]
        },
        {
            "server_name": "sinal.live:8080",
            "server_url": "http://sinal.live:8080/c/",
            "macs": [
                "00:1a:79:33:5b:59",
                "00:1a:79:38:7b:0b",
                "00:1a:79:50:35:19",
                "00:1a:79:45:0e:2a",
                "00:1a:79:6e:14:63",
                "00:1a:79:37:22:45",
                "00:1a:79:77:8d:79",
                "00:1a:79:24:81:8e",
                "00:1a:79:7a:0b:8c",
                "00:1a:79:30:8f:2e",
                "00:1a:79:3d:86:51",
                "00:1a:79:12:38:28",
                "00:1a:79:55:6d:2a",
                "00:1a:79:4d:45:02",
                "00:1a:79:34:08:01",
                "00:1a:79:72:6b:76",
                "00:1a:79:51:18:78",
                "00:1a:79:4d:01:63",
                "00:1a:79:11:1d:91",
                "00:1a:79:77:5c:60",
                "00:1a:79:1f:1c:6f",
                "00:1a:79:8a:38:05",
                "00:1a:79:27:7b:36",
                "00:1a:79:2f:8b:94",
                "00:1a:79:97:7b:89",
                "00:1a:79:48:5c:02",
                "00:1a:79:40:35:94",
                "00:1a:79:39:4f:7f",
                "00:1a:79:66:38:33",
                "00:1a:79:8a:94:7c",
                "00:1a:79:2b:92:4b",
                "00:1a:79:14:49:51",
                "00:1a:79:1c:0b:57",
                "00:1a:79:5e:42:80",
                "00:1a:79:6b:32:4d",
                "00:1a:79:89:83:27",
                "00:1a:79:70:89:4d",
                "00:1a:79:18:13:41",
                "00:1a:79:77:52:1c",
                "00:1a:79:6e:2d:60",
                "00:1a:79:94:1a:1b",
                "00:1a:79:5c:2d:18"
            ]
        },
        {
            "server_name": "185.63.254.128:8080",
            "server_url": "http://185.63.254.128:8080/c/",
            "macs": [
                "00:1a:79:a6:9b:b9",
                "00:1a:79:ad:60:2c",
                "00:1a:79:aa:7b:6c",
                "00:1a:79:ae:36:b8",
                "00:1a:79:a9:2a:37",
                "00:1a:79:ad:59:b6",
                "00:1a:79:a3:95:86",
                "00:1a:79:ad:8e:b2",
                "00:1a:79:ac:c9:4e",
                "00:1a:79:ab:bc:3b",
                "00:1a:79:a4:41:d3",
                "00:1a:79:aa:bd:34",
                "00:1a:79:ad:90:90",
                "00:1a:79:aa:b0:84",
                "00:1a:79:ad:02:19",
                "00:1a:79:a3:8a:57",
                "00:1a:79:a9:c4:71",
                "00:1a:79:a8:5a:25",
                "00:1a:79:aa:d8:b8",
                "00:1a:79:a3:18:a8",
                "00:1a:79:ae:64:48",
                "00:1a:79:a6:9d:34",
                "00:1a:79:a6:7a:2d",
                "00:1a:79:ab:90:66",
                "00:1a:79:ae:51:00",
                "00:1a:79:a6:71:da",
                "00:1a:79:ae:a5:4b",
                "00:1a:79:a6:de:9d",
                "00:1a:79:a6:05:c1",
                "00:1a:79:ac:dd:5c",
                "00:1a:79:a6:65:f1",
                "00:1a:79:ae:cb:7c",
                "00:1a:79:ad:de:a7",
                "00:1a:79:a5:93:75",
                "00:1a:79:a6:70:01",
                "00:1a:79:ae:5d:54",
                "00:1a:79:a6:7c:36",
                "00:1a:79:ad:5f:f8",
                "00:1a:79:a1:a9:1f",
                "00:1a:79:ad:07:c0",
                "00:1a:79:ab:54:3d",
                "00:1a:79:a4:66:65",
                "00:1a:79:ab:a5:87",
                "00:1a:79:ae:75:78",
                "00:1a:79:ae:21:42",
                "00:1a:79:aa:e3:3d",
                "00:1a:79:a5:93:75",
                "00:1a:79:ad:e1:13",
                "00:1a:79:ae:37:12",
                "00:1a:79:a8:08:64",
                "00:1a:79:ad:fb:e8",
                "00:1a:79:ae:3c:b3",
                "00:1a:79:a5:e2:c9",
                "00:1a:79:ae:21:78",
                "00:1a:79:a9:1a:ee",
                "00:1a:79:ab:46:e2",
                "00:1a:79:ae:a1:71",
                "00:1a:79:ae:4c:38",
                "00:1a:79:a6:e1:8d",
                "00:1a:79:ab:4e:50",
                "00:1a:79:a6:d5:2e",
                "00:1a:79:aa:d6:c8",
                "00:1a:79:a9:2b:e5",
                "00:1a:79:a2:fb:2e",
                "00:1a:79:ad:07:8d",
                "00:1a:79:a6:e3:4d",
                "00:1a:79:ab:51:8b",
                "00:1a:79:ab:5a:d7",
                "00:1a:79:a9:ec:89",
                "00:1a:79:ae:7c:d6",
                "00:1a:79:ae:16:18",
                "00:1a:79:a9:bf:dd",
                "00:1a:79:ae:71:c3",
                "00:1a:79:ae:77:e2",
                "00:1a:79:a8:f2:48",
                "00:1a:79:a5:23:af",
                "00:1a:79:aa:eb:e0",
                "00:1a:79:aa:82:98",
                "00:1a:79:a6:49:3c",
                "00:1a:79:a7:ea:33",
                "00:1a:79:a4:1f:bf",
                "00:1a:79:aa:e0:28",
                "00:1a:79:ad:95:50",
                "00:1a:79:ae:74:7e",
                "00:1a:79:ac:f7:d9",
                "00:1a:79:aa:7d:31",
                "00:1a:79:aa:ca:04",
                "00:1a:79:a1:ab:b8",
                "00:1a:79:ad:81:a6",
                "00:1a:79:a7:a4:77",
                "00:1a:79:ae:21:cd",
                "00:1a:79:ac:c3:89"
            ]
        }
    ]
}