<?xml version="1.0" encoding="UTF-8" standalone="yes"?>
<addon id="repository.xtasyd" name="Repo Xtasy D" version="1.0a" provider-name="Xtasy Dreamer">
    <extension point="xbmc.addon.repository" name="Xtasy D Repo">
        <dir>
            <info compressed="false">http://xtasy-d.co.uk/zips/addons.xml</info>
            <checksum>http://xtasy-d.co.uk/zips/addons.xml.md5</checksum>
            <datadir zip="true">http://xtasy-d.co.uk/zips/</datadir>
        </dir>
<dir>
      <info compressed="false">https://raw.githubusercontent.com/Gujal00/smrzips/master/addons.xml</info>
      <checksum>https://raw.githubusercontent.com/Gujal00/smrzips/master/addons.xml.md5</checksum>
      <datadir zip="true">https://raw.githubusercontent.com/Gujal00/smrzips/master/zips/</datadir>
    </dir>
    </extension>
    
    <extension point="xbmc.addon.metadata">
        <summary>Xtasy D Addons</summary>
        <description>Xtasy D Addons</description>
        <disclaimer>None</disclaimer>
        <platform>all</platform>
        <assets>
            <icon>icon.png</icon>
            <fanart>fanart.jpg</fanart>
        </assets>
        <source>http://xtasy-d.co.uk/zips/repository.xtasyd/</source>
    </extension>
</addon>