{
    "items": [
        {
            "server_name": "main.lstv.win:8080",
            "server_url": "http://main.lstv.win:8080/c/",
            "macs": [
                "00:1A:79:0B:67:8A",
                "00:1a:79:0b:78:66",
                "00:1A:79:11:1F:A5",
                "00:1a:79:20:0f:7c",
                "00:1A:79:20:6F:C6",
                "00:1A:79:2A:A3:BD",
                "00:1A:79:2E:28:EB",
                "00:1A:79:36:00:74",
                "00:1A:79:3B:EF:4E",
                "00:1A:79:3D:C2:C0",
                "00:1A:79:40:8B:31",
                "00:1A:79:41:AA:B2",
                "00:1a:79:41:b9:6b",
                "00:1A:79:4F:CA:1E",
                "00:1A:79:4F:AB:1B"
            ]
        },
        {
            "server_name": "hxplos100.xyz:80",
            "server_url": "http://hxplos100.xyz:80/c/",
            "macs": [
                "00:1A:79:AC:C2:43",
                "00:1A:79:BD:45:2A",
                "00:1A:79:60:DF:57",
                "00:1A:79:A1:E2:FF",
                "00:1A:79:B3:A7:55",
                "00:1A:79:B7:21:94"
            ]
        },
        {
            "server_name": "husscom.com:8080",
            "server_url": "http://husscom.com:8080/c/",
            "macs": [
                "00:1A:79:6C:36:7F"
            ]
        },
        {
            "server_name": "cod.ma:19741",
            "server_url": "http://cod.ma:19741/c/",
            "macs": [
                "00:1A:79:3B:38:89",
                "00:1A:79:1E:45:9B"
            ]
        },
        {
            "server_name": "genotv.eu:80",
            "server_url": "http://genotv.eu:80/c/",
            "macs": [
                "00:1A:79:D0:F7:DC"
            ]
        },
        {
            "server_name": "sinal.live:8080",
            "server_url": "http://sinal.live:8080/c/",
            "macs": [
                "00:1A:79:CD:77:B8"
            ]
        },
        {
            "server_name": "ghgh7.ddns.net",
            "server_url": "http://ghgh7.ddns.net/stalker_portal/c/",
            "macs": [
                "00:1A:79:45:00:DF"
            ]
        },
        {
            "server_name": "melektv.com:8000",
            "server_url": "http://melektv.com:8000/c/",
            "macs": [
                "00:1A:79:BD:4F:35"
            ]
        },
        {
            "server_name": "lecres.xyz:8080",
            "server_url": "http://lecres.xyz:8080/c/",
            "macs": [
                "00:1A:79:C1:A4:D1"
            ]
        },
        {
            "server_name": "oysteriptv.club:1986",
            "server_url": "http://oysteriptv.club:1986/c/",
            "macs": [
                "00:1A:79:13:D1:ED",
                "00:1A:79:43:87:73",
                "00:1A:79:BC:1E:DF"
            ]
        },
        {
            "server_name": "tvonpt.net",
            "server_url": "http://tvonpt.net/c/",
            "macs": [
                "00:1A:79:00:51:99",
                "00:1A:79:A4:4A:B9",
                "00:1A:79:A3:F8:63",
                "00:1A:79:A9:F2:FF",
                "00:1A:79:A4:4E:F2"
            ]
        },
        {
            "server_name": "vod.t-pro.cyou:8080",
            "server_url": "http://vod.t-pro.cyou:8080/c/",
            "macs": [
                "00:1A:79:12:6C:A0"
            ]
        },
        {
            "server_name": "d4.sovisto.live:8000",
            "server_url": "http://d4.sovisto.live:8000/c/",
            "macs": [
                "00:1A:79:B9:F7:1A"
            ]
        },
        {
            "server_name": "globalhosting.company:25461",
            "server_url": "http://globalhosting.company:25461/c/",
            "macs": [
                "00:1A:79:1B:02:E3"
            ]
        },
        {
            "server_name": "aguenta9.xyz:8080",
            "server_url": "http://aguenta9.xyz:8080/c/",
            "macs": [
                "00:1A:79:BD:63:3A"
            ]
        },
        {
            "server_name": "again.live:8080",
            "server_url": "http://again.live:8080/c/",
            "macs": [
                "00:1A:79:14:98:3B",
                "00:1A:79:A7:B8:31"
            ]
        },
        {
            "server_name": "test456.space:8080",
            "server_url": "http://test456.space:8080/c/",
            "macs": [
                "00:1A:79:B5:5B:58",
                "00:1A:79:AD:4D:EF",
                "00:1A:79:A3:11:EA",
                "00:1A:79:B5:A2:08",
                "00:1A:79:31:DE:9F",
                "00:1A:79:C1:D4:65",
                "00:1A:79:61:5F:91",
                "00:1A:79:37:49:61",
                "00:1A:79:40:56:8D",
                "00:1A:79:40:56:a3",
                "00:1a:79:4a:27:37",
                "00:1A:79:4F:A2:7A",
                "00:1A:79:57:56:8A",
                "00:1a:79:60:5b:ed",
                "00:1A:79:a6:d6:1b"
            ]
        },
        {
            "server_name": "creativemove.xyz:8080",
            "server_url": "http://creativemove.xyz:8080/c/",
            "macs": [
                "00:1A:79:B0:34:38"
            ]
        },
        {
            "server_name": "kuualas.xyz:8080",
            "server_url": "http://kuualas.xyz:8080/c/",
            "macs": [
                "00:1A:79:58:B7:24",
                "00:1A:79:AD:FF:D0",
                "00:1A:79:6A:9A:CF",
                "00:1A:79:BA:5C:75",
                "00:1A:79:AD:AA:DE",
                "00:1A:79:AE:AC:3C",
                "00:1A:79:3A:23:8E",
                "00:1A:79:52:EE:B7",
                "00:1A:79:A1:9C:CF",
                "00:1A:79:B1:F6:7C"
            ]
        }
    ]
}