{"status": "OK", "page": 1, "total_pages": 45, "all_items": 883, "items": 20, "genre": "", "network": "Netflix", "data": [{"id": 5910, "title": "#blackAF", "description": "\u0388\u03c7\u03bf\u03bd\u03c4\u03b1\u03c2 \u03c0\u03bb\u03ad\u03bf\u03bd \u03bb\u03b5\u03c6\u03c4\u03ac \u03ba\u03b9 \u03b1\u03ba\u03c1\u03b9\u03b2\u03ac \u03b3\u03bf\u03cd\u03c3\u03c4\u03b1, \u03bf \u039a\u03ad\u03bd\u03b9\u03b1 \u039c\u03c0\u03ac\u03c1\u03b9\u03c2 \u03ba\u03b9 \u03b7 \u03bf\u03b9\u03ba\u03bf\u03b3\u03ad\u03bd\u03b5\u03b9\u03ac \u03c4\u03bf\u03c5 \u03b1\u03c0\u03bf\u03bb\u03b1\u03bc\u03b2\u03ac\u03bd\u03bf\u03c5\u03bd \u03c4\u03b7\u03bd \u03b5\u03c0\u03b9\u03c4\u03c5\u03c7\u03af\u03b1 \u03ba\u03b9 \u03b5\u03be\u03b5\u03c1\u03b5\u03c5\u03bd\u03bf\u03cd\u03bd \u03c4\u03b9\u03c2 \u03b4\u03c5\u03c3\u03ba\u03bf\u03bb\u03af\u03b5\u03c2 \u03c4\u03bf\u03c5 \u03bd\u03b1 \u03b5\u03af\u03c3\u03b1\u03b9 \u0391\u03c6\u03c1\u03bf\u03b1\u03bc\u03b5\u03c1\u03b9\u03ba\u03b1\u03bd\u03cc\u03c2 \u03ba\u03b1\u03b9 \u03c0\u03bb\u03bf\u03cd\u03c3\u03b9\u03bf\u03c2.", "original_title": "#blackAF", "popularity": 10.22, "added": "18/04/2020", "poster_path": "https://image.tmdb.org/t/p/w1280/xccT6BWUYLf41UNHUWdvtqdH8rN.jpg", "backdrop_path": "https://image.tmdb.org/t/p/w1280/sSRFTSdVbpcsZV6332MzBbGky5G.jpg", "created": "2020-04-17", "year": 2020, "runtime": 0, "themoviedb_id": 101200, "imdb_id": "tt10311562", "homepage": "https://www.netflix.com/title/81056700", "original_language": "en", "status": "Canceled", "tagline": "It's all about perspective.", "vote_average": 6.574, "vote_count": 27, "views": 0, "favorites": 0, "cast": "Kimiko Singer", "genres": "", "ended": "2020-04-17", "year_ended": 2020, "tvdb_id": 378773, "number_of_seasons": 1, "number_of_episodes": 8, "network": ""}, {"id": 27059, "title": "Sem Filtro", "description": "\u0397 \u039c\u03b1\u03c1\u03c3\u03ad\u03bb\u03b9 \u03b5\u03b3\u03ba\u03b1\u03c4\u03b1\u03bb\u03b5\u03af\u03c0\u03b5\u03b9 \u03c4\u03bf \u03ba\u03bf\u03bb\u03ad\u03b3\u03b9\u03bf \u03b3\u03b9\u03b1 \u03bd\u03b1 \u03ba\u03c5\u03bd\u03b7\u03b3\u03ae\u03c3\u03b5\u03b9 \u03ad\u03bd\u03b1\u03bd \u03bd\u03ad\u03bf \u03c3\u03c4\u03cc\u03c7\u03bf \u03c3\u03c4\u03b7 \u03b6\u03c9\u03ae \u03c4\u03b7\u03c2: \u03bd\u03b1 \u03b3\u03af\u03bd\u03b5\u03b9 influencer. \u0391\u03bb\u03bb\u03ac \u03b7 \u03b6\u03c9\u03ae \u03c3\u03c4\u03bf \u03b4\u03b9\u03b1\u03b4\u03af\u03ba\u03c4\u03c5\u03bf \u03b5\u03af\u03bd\u03b1\u03b9 \u03c0\u03b9\u03bf \u03b4\u03cd\u03c3\u03ba\u03bf\u03bb\u03b7 \u03b1\u03c0' \u03cc,\u03c4\u03b9 \u03c6\u03b1\u03af\u03bd\u03b5\u03c4\u03b1\u03b9...", "original_title": "Sem Filtro", "popularity": 4.008, "added": "24/02/2023", "poster_path": "https://image.tmdb.org/t/p/w1280/4G477taMWoqLFMRvZGncnMOTOzb.jpg", "backdrop_path": "https://image.tmdb.org/t/p/w1280/40DR5rKAZbvm6NB8dp3IsPc08Lt.jpg", "created": "2023-02-15", "year": 2023, "runtime": 0, "themoviedb_id": 219067, "imdb_id": "tt26368084", "homepage": "https://www.netflix.com/title/81382019", "original_language": "pt", "status": "Returning Series", "tagline": "", "vote_average": 6.9, "vote_count": 7, "views": 16, "favorites": 1, "cast": "Liankun Lin", "genres": "", "ended": "2023-02-15", "year_ended": 2023, "tvdb_id": 429796, "number_of_seasons": 1, "number_of_episodes": 10, "network": ""}, {"id": 5279, "title": "(Un)Well", "description": "\u0391\u03c5\u03c4\u03ae \u03b7 \u03c3\u03b5\u03b9\u03c1\u03ac \u03bd\u03c4\u03bf\u03ba\u03b9\u03bc\u03b1\u03bd\u03c4\u03ad\u03c1 \u03bc\u03c0\u03b1\u03af\u03bd\u03b5\u03b9 \u03c3\u03c4\u03b1 \u03ac\u03b4\u03c5\u03c4\u03b1 \u03c4\u03b7\u03c2 \u03c0\u03c1\u03bf\u03c3\u03bf\u03b4\u03bf\u03c6\u03cc\u03c1\u03b1\u03c2 \u03b2\u03b9\u03bf\u03bc\u03b7\u03c7\u03b1\u03bd\u03af\u03b1\u03c2 \u03b5\u03c5\u03b5\u03be\u03af\u03b1\u03c2, \u03c0\u03bf\u03c5 \u03c5\u03c0\u03cc\u03c3\u03c7\u03b5\u03c4\u03b1\u03b9 \u03c5\u03b3\u03b5\u03af\u03b1 \u03ba\u03b1\u03b9 \u03b5\u03c5\u03b6\u03c9\u03af\u03b1. \u0391\u03bd\u03c4\u03b1\u03c0\u03bf\u03ba\u03c1\u03af\u03bd\u03bf\u03bd\u03c4\u03b1\u03b9 \u03cc\u03bc\u03c9\u03c2 \u03c4\u03b1 \u03c0\u03c1\u03bf\u03ca\u03cc\u03bd\u03c4\u03b1 \u03c3\u03c4\u03b9\u03c2 \u03c5\u03c0\u03bf\u03c3\u03c7\u03ad\u03c3\u03b5\u03b9\u03c2 \u03b1\u03c5\u03c4\u03ad\u03c2;", "original_title": "(Un)Well", "popularity": 3.787, "added": "23/08/2020", "poster_path": "https://image.tmdb.org/t/p/w1280/bC1CSudFJCvDm679fRtqdVHlDc3.jpg", "backdrop_path": "https://image.tmdb.org/t/p/w1280/fhIUJF2MpFoFXLCEErOIEuucqRi.jpg", "created": "2020-08-12", "year": 2020, "runtime": 0, "themoviedb_id": 106530, "imdb_id": "tt12759384", "homepage": "https://www.netflix.com/title/81044208", "original_language": "en", "status": "Ended", "tagline": "", "vote_average": 6.3, "vote_count": 48, "views": 0, "favorites": 0, "cast": "Chad Randall, Roger Aaron Brown, Angel Harper, Charles King, Big Klit, Sal Tumino", "genres": "", "ended": "2020-08-12", "year_ended": 2020, "tvdb_id": 385803, "number_of_seasons": 1, "number_of_episodes": 6, "network": ""}, {"id": 13388, "title": "\u0394\u03b5\u03ba\u03b1\u03c4\u03c1\u03af\u03b1 \u0393\u03b9\u03b1\u03c4\u03af", "description": "\u0393\u03b9\u03b1\u03c4\u03af \u03b1\u03c5\u03c4\u03bf\u03ba\u03c4\u03cc\u03bd\u03b7\u03c3\u03b5 \u03b7 \u03a7\u03ac\u03bd\u03b1 \u039c\u03c0\u03ad\u03b9\u03ba\u03b5\u03c1; \u039f\u03b9 \u03c3\u03c5\u03bc\u03bc\u03b1\u03b8\u03b7\u03c4\u03ad\u03c2 \u03c4\u03b7\u03c2 \u03ba\u03c1\u03cd\u03b2\u03bf\u03c5\u03bd \u03c0\u03bf\u03bb\u03bb\u03ac \u03bc\u03c5\u03c3\u03c4\u03b9\u03ba\u03ac... \u03b1\u03bb\u03bb\u03ac \u03b7 \u03b1\u03bb\u03ae\u03b8\u03b5\u03b9\u03b1 \u03b8\u03b1 \u03b1\u03c0\u03bf\u03ba\u03b1\u03bb\u03c5\u03c6\u03b8\u03b5\u03af.", "original_title": "13 Reasons Why", "popularity": 140.797, "added": "09/05/2017", "poster_path": "https://image.tmdb.org/t/p/w1280/nel144y4dIOdFFid6twN5mAX9Yd.jpg", "backdrop_path": "https://image.tmdb.org/t/p/w1280/c4CSgKL6QfkJxsWcGYDyTxpbzpW.jpg", "created": "2017-03-31", "year": 2017, "runtime": 0, "themoviedb_id": 66788, "imdb_id": "tt1837492", "homepage": "https://www.netflix.com/title/80117470", "original_language": "en", "status": "Ended", "tagline": "If you're listening, you're too late.", "vote_average": 7.644, "vote_count": 3881, "views": 0, "favorites": 0, "cast": "Joaqu\u00edn Pamplona, Enzo Consoli, Iris Bry", "genres": "", "ended": "2020-06-05", "year_ended": 2020, "tvdb_id": 323168, "number_of_seasons": 4, "number_of_episodes": 49, "network": ""}, {"id": 26989, "title": 1899, "description": "\u039c\u03b5\u03c4\u03b1\u03bd\u03ac\u03c3\u03c4\u03b5\u03c2 \u03b1\u03c0\u03cc \u03b4\u03b9\u03b1\u03c6\u03bf\u03c1\u03b5\u03c4\u03b9\u03ba\u03ad\u03c2 \u03c7\u03ce\u03c1\u03b5\u03c2 \u03c4\u03b1\u03be\u03b9\u03b4\u03b5\u03cd\u03bf\u03c5\u03bd \u03b1\u03c0\u03cc \u03c4\u03b7 \u03b3\u03b7\u03c1\u03b1\u03b9\u03ac \u03ae\u03c0\u03b5\u03b9\u03c1\u03bf \u03c3\u03c4\u03b7 \u03bd\u03ad\u03b1 \u03ba\u03b1\u03b9 \u03c3\u03c5\u03bd\u03b1\u03bd\u03c4\u03bf\u03cd\u03bd \u03ad\u03bd\u03b1 \u03b5\u03c6\u03b9\u03b1\u03bb\u03c4\u03b9\u03ba\u03cc \u03bc\u03c5\u03c3\u03c4\u03ae\u03c1\u03b9\u03bf \u03c3' \u03ad\u03bd\u03b1 \u03ac\u03bb\u03bb\u03bf \u03c0\u03bb\u03bf\u03af\u03bf \u03c3\u03c4\u03b7\u03bd \u03b1\u03bd\u03bf\u03b9\u03c7\u03c4\u03ae \u03b8\u03ac\u03bb\u03b1\u03c3\u03c3\u03b1.", "original_title": 1899, "popularity": 78.236, "added": "18/11/2022", "poster_path": "https://image.tmdb.org/t/p/w1280/gZleGu1MQVBArH2dlpZ9CGi0hhy.jpg", "backdrop_path": "https://image.tmdb.org/t/p/w1280/s1xnjbOIQtwGObPnydTebp74G2c.jpg", "created": "2022-11-17", "year": 2022, "runtime": 0, "themoviedb_id": 90669, "imdb_id": "tt9319668", "homepage": "https://www.netflix.com/title/80214497", "original_language": "de", "status": "Canceled", "tagline": "What is lost will be found.", "vote_average": 7.625, "vote_count": 1043, "views": 0, "favorites": 0, "cast": "Leslie Cheung, Maneerat Sengtong, David Rogge, Lino Guanciale, Liu Yuqi, Andr\u00e9 Chaumeau", "genres": "", "ended": "2022-11-17", "year_ended": 2022, "tvdb_id": 384429, "number_of_seasons": 1, "number_of_episodes": 8, "network": ""}, {"id": 8541, "title": 1983, "description": "\u03a3' \u03b1\u03c5\u03c4\u03cc \u03c4\u03bf \u03c3\u03ba\u03bf\u03c4\u03b5\u03b9\u03bd\u03cc \u03b9\u03c3\u03c4\u03bf\u03c1\u03b9\u03ba\u03cc \u03b8\u03c1\u03af\u03bb\u03b5\u03c1, \u03ad\u03bd\u03b1\u03c2 \u03b1\u03c6\u03b5\u03bb\u03ae\u03c2 \u03c6\u03bf\u03b9\u03c4\u03b7\u03c4\u03ae\u03c2 \u03bd\u03bf\u03bc\u03b9\u03ba\u03ae\u03c2 \u03ba\u03b9 \u03ad\u03bd\u03b1\u03c2 \u03b1\u03c0\u03bf\u03ba\u03b1\u03c1\u03b4\u03b9\u03c9\u03bc\u03ad\u03bd\u03bf\u03c2 \u03b1\u03c3\u03c4\u03c5\u03bd\u03bf\u03bc\u03b9\u03ba\u03cc\u03c2 \u03be\u03b5\u03c3\u03ba\u03b5\u03c0\u03ac\u03b6\u03bf\u03c5\u03bd \u03bc\u03b9\u03b1 \u03c3\u03c5\u03bd\u03c9\u03bc\u03bf\u03c3\u03af\u03b1 \u03c0\u03bf\u03c5 \u03c4\u03c5\u03c1\u03b1\u03bd\u03bd\u03bf\u03cd\u03c3\u03b5 \u03c4\u03b7\u03bd \u03a0\u03bf\u03bb\u03c9\u03bd\u03af\u03b1 \u03b3\u03b9\u03b1 \u03b4\u03b5\u03ba\u03b1\u03b5\u03c4\u03af\u03b5\u03c2.", "original_title": 1983, "popularity": 21.234, "added": "01/12/2018", "poster_path": "https://image.tmdb.org/t/p/w1280/zv2R0UvZ93hpeNcIkSKDeHtQC3S.jpg", "backdrop_path": "https://image.tmdb.org/t/p/w1280/fFeUzsieVuARo6a3CQqw2dMw5T4.jpg", "created": "2018-11-30", "year": 2018, "runtime": 0, "themoviedb_id": 82798, "imdb_id": "tt7371666", "homepage": "https://www.netflix.com/title/80205593", "original_language": "pl", "status": "Ended", "tagline": "", "vote_average": 6.479, "vote_count": 48, "views": 0, "favorites": 0, "cast": "Chris Rock, Zuria Vega, Julian Vidaurrazaga, Jerry Brown, Sami Aksu, Byron Bowers", "genres": "", "ended": "2018-11-30", "year_ended": 2018, "tvdb_id": 350796, "number_of_seasons": 1, "number_of_episodes": 8, "network": ""}, {"id": 14885, "title": "3%", "description": "\u0388\u03bd\u03b1 \u03b8\u03c1\u03af\u03bb\u03b5\u03c1 \u03b5\u03c0\u03b9\u03c3\u03c4\u03b7\u03bc\u03bf\u03bd\u03b9\u03ba\u03ae\u03c2 \u03c6\u03b1\u03bd\u03c4\u03b1\u03c3\u03af\u03b1\u03c2 \u03c0\u03bf\u03c5 \u03bc\u03b1\u03c2 \u03c4\u03b1\u03be\u03b9\u03b4\u03b5\u03cd\u03b5\u03b9 \u03c3\u03b5 \u03ad\u03bd\u03b1\u03bd \u03ba\u03cc\u03c3\u03bc\u03bf \u03b4\u03b9\u03c7\u03b1\u03c3\u03bc\u03ad\u03bd\u03bf \u03b1\u03bd\u03ac\u03bc\u03b5\u03c3\u03b1 \u03c3\u03c4\u03b7\u03bd \u03c0\u03c1\u03cc\u03bf\u03b4\u03bf \u03ba\u03b1\u03b9 \u03c4\u03b7\u03bd \u03ba\u03b1\u03c4\u03b1\u03c3\u03c4\u03c1\u03bf\u03c6\u03ae, \u03cc\u03c0\u03bf\u03c5 \u03bf\u03b9 \u03ac\u03bd\u03b8\u03c1\u03c9\u03c0\u03bf\u03b9 \u03ad\u03c7\u03bf\u03c5\u03bd \u03c4\u03b7\u03bd \u03b5\u03c5\u03ba\u03b1\u03b9\u03c1\u03af\u03b1 \u03bd\u03b1 \u03c0\u03b5\u03c1\u03ac\u03c3\u03bf\u03c5\u03bd \u03c3\u03c4\u03b7\u03bd \u00ab\u03ba\u03b1\u03bb\u03cd\u03c4\u03b5\u03c1\u03b7 \u03c0\u03bb\u03b5\u03c5\u03c1\u03ac\u00bb, \u03b1\u03bb\u03bb\u03ac \u03bc\u03cc\u03bd\u03bf \u03c4\u03bf 3% \u03c4\u03c9\u03bd \u03c5\u03c0\u03bf\u03c8\u03b7\u03c6\u03af\u03c9\u03bd \u03bc\u03c0\u03bf\u03c1\u03b5\u03af \u03bd\u03b1 \u03c4\u03bf \u03c0\u03b5\u03c4\u03cd\u03c7\u03b5\u03b9.", "original_title": "3%", "popularity": 24.503, "added": "07/12/2016", "poster_path": "https://image.tmdb.org/t/p/w1280/bbwjI8rp88XNA4fdEex3kOwbr9O.jpg", "backdrop_path": "https://image.tmdb.org/t/p/w1280/4RCJIZMy65KyjOPkNcM22D78u9k.jpg", "created": "2016-11-25", "year": 2016, "runtime": 0, "themoviedb_id": 68467, "imdb_id": "tt4922804", "homepage": "https://www.netflix.com/title/80074220", "original_language": "pt", "status": "Ended", "tagline": "3 Percent", "vote_average": 7.216, "vote_count": 416, "views": 0, "favorites": 0, "cast": "Matt Damon", "genres": "", "ended": "2020-08-14", "year_ended": 2020, "tvdb_id": 250749, "number_of_seasons": 4, "number_of_episodes": 33, "network": ""}, {"id": 8430, "title": "3 \u03b1\u03c0\u03cc \u03c4\u03bf \u03a0\u03bf\u03c5\u03b8\u03b5\u03bd\u03ac: \u03a4\u03bf \u0388\u03c0\u03bf\u03c2 \u03c4\u03b7\u03c2 \u0391\u03c1\u03ba\u03ac\u03bd\u03c4\u03b9\u03b1\u03c2", "description": "\u0394\u03cd\u03bf \u03ba\u03c5\u03bd\u03b7\u03b3\u03b7\u03bc\u03ad\u03bd\u03bf\u03b9 \u03bd\u03b5\u03b1\u03c1\u03bf\u03af \u03b3\u03b1\u03bb\u03b1\u03b6\u03bf\u03b1\u03af\u03bc\u03b1\u03c4\u03bf\u03b9 \u03b5\u03be\u03c9\u03b3\u03ae\u03b9\u03bd\u03bf\u03b9 \u03c0\u03ad\u03c6\u03c4\u03bf\u03c5\u03bd \u03c3\u03c4\u03b7\u03bd \u0391\u03c1\u03ba\u03ac\u03bd\u03c4\u03b9\u03b1 \u03ba\u03b1\u03b9 \u03c0\u03c1\u03bf\u03c3\u03c0\u03b1\u03b8\u03bf\u03cd\u03bd \u03bd\u03b1 \u03b1\u03c6\u03bf\u03bc\u03bf\u03b9\u03c9\u03b8\u03bf\u03cd\u03bd \u03bc\u03b5 \u03c4\u03bf\u03c5\u03c2 \u03b1\u03bd\u03b8\u03c1\u03ce\u03c0\u03bf\u03c5\u03c2, \u03b1\u03c0\u03bf\u03c6\u03b5\u03cd\u03b3\u03bf\u03bd\u03c4\u03b1\u03c2 \u03b4\u03b9\u03b1\u03b3\u03b1\u03bb\u03b1\u03be\u03b9\u03b1\u03ba\u03bf\u03cd\u03c2 \u03ba\u03c5\u03bd\u03b7\u03b3\u03bf\u03cd\u03c2 \u03ba\u03b5\u03c6\u03b1\u03bb\u03ce\u03bd.", "original_title": "3Below: Tales of Arcadia", "popularity": 52.275, "added": "28/12/2018", "poster_path": "https://image.tmdb.org/t/p/w1280/eWoplw8QJhSGDnhyYCrs9OugdTj.jpg", "backdrop_path": "https://image.tmdb.org/t/p/w1280/smryg5G3vkCImoQsPYrBSByOkOt.jpg", "created": "2018-12-21", "year": 2018, "runtime": 0, "themoviedb_id": 84154, "imdb_id": "tt7736544", "homepage": "https://www.netflix.com/title/80179784", "original_language": "en", "status": "Ended", "tagline": "", "vote_average": 7.4, "vote_count": 93, "views": 0, "favorites": 0, "cast": "Mike Myers", "genres": "", "ended": "2019-07-12", "year_ended": 2019, "tvdb_id": 347512, "number_of_seasons": 2, "number_of_episodes": 26, "network": ""}, {"id": 921, "title": "42 \u039c\u03ad\u03c1\u03b5\u03c2 \u03c3\u03c4\u03bf \u03a3\u03ba\u03bf\u03c4\u03ac\u03b4\u03b9", "description": "\u039c\u03b9\u03b1 \u03b3\u03c5\u03bd\u03b1\u03af\u03ba\u03b1 \u03c0\u03c1\u03ad\u03c0\u03b5\u03b9 \u03bd\u03b1 \u03b1\u03b3\u03c9\u03bd\u03b9\u03c3\u03c4\u03b5\u03af \u03b5\u03bd\u03ac\u03bd\u03c4\u03b9\u03b1 \u03c3\u03c4\u03b7\u03bd \u03b1\u03bc\u03ad\u03bb\u03b5\u03b9\u03b1 \u03c4\u03c9\u03bd \u03ba\u03c1\u03b1\u03c4\u03b9\u03ba\u03ce\u03bd \u03b8\u03b5\u03c3\u03bc\u03ce\u03bd \u03ba\u03b1\u03b9 \u03c4\u03b7\u03bd \u03c0\u03b1\u03c1\u03b5\u03bd\u03cc\u03c7\u03bb\u03b7\u03c3\u03b7 \u03c4\u03c9\u03bd \u039c\u039c\u0395 \u03bc\u03b5\u03c4\u03ac \u03c4\u03b7\u03bd \u03b5\u03be\u03b1\u03c6\u03ac\u03bd\u03b9\u03c3\u03b7 \u03c4\u03b7\u03c2 \u03b1\u03b4\u03b5\u03c1\u03c6\u03ae\u03c2 \u03c4\u03b7\u03c2.", "original_title": "42 d\u00edas en la oscuridad", "popularity": 6.972, "added": "12/05/2022", "poster_path": "https://image.tmdb.org/t/p/w1280/sO6DNZlNX2IkIJyWZs9e2wYYElc.jpg", "backdrop_path": "https://image.tmdb.org/t/p/w1280/e47hkgnEGOGA0n4TRSf67T2QaTH.jpg", "created": "2022-05-11", "year": 2022, "runtime": 0, "themoviedb_id": 197190, "imdb_id": "tt15090462", "homepage": "http://www.netflix.com/title/81283608", "original_language": "es", "status": "Ended", "tagline": "", "vote_average": 6.474, "vote_count": 19, "views": 0, "favorites": 0, "cast": "Kappei Yamaguchi", "genres": "", "ended": "2022-05-11", "year_ended": 2022, "tvdb_id": 418730, "number_of_seasons": 1, "number_of_episodes": 6, "network": ""}, {"id": 27368, "title": "44 \u0393\u03ac\u03c4\u03b5\u03c2", "description": "\u0395\u03c4\u03bf\u03b9\u03bc\u03b1\u03c3\u03c4\u03b5\u03af\u03c4\u03b5 \u03b3\u03b9\u03b1 \u03b5\u03be\u03b1\u03b9\u03c1\u03b5\u03c4\u03b9\u03ba\u03ad\u03c2 \u03b9\u03c3\u03c4\u03bf\u03c1\u03af\u03b5\u03c2 \u03cc\u03c4\u03b1\u03bd \u03bf\u03b9 \u03c7\u03bd\u03bf\u03c5\u03b4\u03c9\u03c4\u03bf\u03af \u03c6\u03af\u03bb\u03bf\u03b9 \u039b\u03ac\u03bc\u03c0\u03bf, \u039c\u03b9\u03bb\u03b1\u03af\u03b4\u03b7, \u03a0\u03af\u03bb\u03bf\u03c5 \u03ba\u03b1\u03b9 \u039a\u03b5\u03c6\u03c4\u03ad\u03c2 \u03c4\u03c1\u03b1\u03b3\u03bf\u03c5\u03b4\u03bf\u03cd\u03bd \u03bc\u03b1\u03b6\u03af.", "original_title": "44 Gatti", "popularity": 26.599, "added": "05/01/2023", "poster_path": "https://image.tmdb.org/t/p/w1280/eklKxKtXtyw4Di8HfYmaoFz7wrY.jpg", "backdrop_path": "https://image.tmdb.org/t/p/w1280/sdFzJ3hkbfvNjErrzt7D6hyXgYY.jpg", "created": "2018-11-11", "year": 2018, "runtime": 0, "themoviedb_id": 89387, "imdb_id": "tt9699148", "homepage": "https://www.44cats.tv/en", "original_language": "it", "status": "Returning Series", "tagline": "", "vote_average": 7.5, "vote_count": 8, "views": 0, "favorites": 0, "cast": "Ling Cooper Tang, Aur\u00e9lie Meriel", "genres": "", "ended": "2021-04-08", "year_ended": 2021, "tvdb_id": 355170, "number_of_seasons": 5, "number_of_episodes": 115, "network": ""}, {"id": 3891, "title": "50M\u00b2", "description": "\u0395\u03c0\u03b9\u03b4\u03b9\u03ce\u03ba\u03bf\u03bd\u03c4\u03b1\u03c2 \u03bd\u03b1 \u03b1\u03c0\u03bf\u03ba\u03b1\u03bb\u03cd\u03c8\u03b5\u03b9 \u03c4\u03b7\u03bd \u03b1\u03bb\u03ae\u03b8\u03b5\u03b9\u03b1 \u03b3\u03b9\u03b1 \u03c4\u03bf \u03c0\u03b1\u03c1\u03b5\u03bb\u03b8\u03cc\u03bd \u03c4\u03bf\u03c5, \u03ad\u03bd\u03b1\u03c2 \u03b1\u03bd\u03c4\u03ac\u03c1\u03c4\u03b7\u03c2 \u03c0\u03c1\u03bf\u03b4\u03af\u03b4\u03b5\u03b9 \u03ba\u03ac\u03c0\u03bf\u03b9\u03bf\u03bd \u03ba\u03bf\u03bd\u03c4\u03ac \u03c4\u03bf\u03c5 \u03ba\u03b1\u03b9 \u03b1\u03bd\u03b1\u03bb\u03b1\u03bc\u03b2\u03ac\u03bd\u03b5\u03b9 \u03bc\u03b9\u03b1 \u03bd\u03ad\u03b1 \u03c4\u03b1\u03c5\u03c4\u03cc\u03c4\u03b7\u03c4\u03b1 \u03c3\u03b5 \u03bc\u03b9\u03b1 \u03bc\u03b9\u03ba\u03c1\u03ae \u03b3\u03b5\u03b9\u03c4\u03bf\u03bd\u03b9\u03ac \u03c4\u03b7\u03c2 \u039a\u03c9\u03bd\u03c3\u03c4\u03b1\u03bd\u03c4\u03b9\u03bd\u03bf\u03cd\u03c0\u03bf\u03bb\u03b7\u03c2.", "original_title": "50M\u00b2", "popularity": 15.244, "added": "07/04/2021", "poster_path": "https://image.tmdb.org/t/p/w1280/hQfJUnWtl2GfqkJufSKuYqOl70o.jpg", "backdrop_path": "https://image.tmdb.org/t/p/w1280/kY1s5oWOxXOInWlY02TXrM7s2rT.jpg", "created": "2021-01-27", "year": 2021, "runtime": 0, "themoviedb_id": 115970, "imdb_id": "tt11617848", "homepage": "https://www.netflix.com/title/81103322", "original_language": "tr", "status": "Ended", "tagline": "", "vote_average": 7.444, "vote_count": 116, "views": 0, "favorites": 0, "cast": "Judd McMichael", "genres": "", "ended": "2021-01-27", "year_ended": 2021, "tvdb_id": 387056, "number_of_seasons": 1, "number_of_episodes": 8, "network": ""}, {"id": 5972, "title": "7SEEDS", "description": "\u0397 \u039d\u03ac\u03c4\u03c3\u03bf\u03c5 \u03be\u03c5\u03c0\u03bd\u03ac\u03b5\u03b9 \u03c3\u03b5 \u03ad\u03bd\u03b1\u03bd \u03bc\u03b5\u03c4\u03b1-\u03b1\u03c0\u03bf\u03ba\u03b1\u03bb\u03c5\u03c0\u03c4\u03b9\u03ba\u03cc \u03ba\u03cc\u03c3\u03bc\u03bf \u03ba\u03b1\u03b9 \u03c3\u03c5\u03bd\u03b5\u03b9\u03b4\u03b7\u03c4\u03bf\u03c0\u03bf\u03b9\u03b5\u03af \u03cc\u03c4\u03b9 \u03b2\u03c1\u03b9\u03c3\u03ba\u03cc\u03c4\u03b1\u03bd \u03c3\u03b5 \u03ba\u03b1\u03c4\u03ac\u03c3\u03c4\u03b1\u03c3\u03b7 \u03ba\u03c1\u03c5\u03bf\u03c3\u03c5\u03bd\u03c4\u03ae\u03c1\u03b7\u03c3\u03b7\u03c2 \u03c3\u03c4\u03bf \u03c0\u03bb\u03b1\u03af\u03c3\u03b9\u03bf \u03b5\u03bd\u03cc\u03c2 \u03c0\u03c1\u03bf\u03b3\u03c1\u03ac\u03bc\u03bc\u03b1\u03c4\u03bf\u03c2 \u03b5\u03c0\u03b9\u03b2\u03af\u03c9\u03c3\u03b7\u03c2 \u03c4\u03b7\u03c2 \u03b1\u03bd\u03b8\u03c1\u03c9\u03c0\u03cc\u03c4\u03b7\u03c4\u03b1\u03c2.", "original_title": "7SEEDS", "popularity": 46.889, "added": "05/04/2020", "poster_path": "https://image.tmdb.org/t/p/w1280/eeGRd3ENc9vetozwDDMhl9S7l3G.jpg", "backdrop_path": "https://image.tmdb.org/t/p/w1280/moI1fOrXKak8RIXaLHRozkoIh4Y.jpg", "created": "2019-06-28", "year": 2019, "runtime": 0, "themoviedb_id": 85940, "imdb_id": "tt9348718", "homepage": "http://7seeds.jp/", "original_language": "ja", "status": "Ended", "tagline": "", "vote_average": 7.9, "vote_count": 204, "views": 0, "favorites": 0, "cast": "Jessie Reeder, Ann Akinjirin, Marlene Pribil", "genres": "", "ended": "2020-03-26", "year_ended": 2020, "tvdb_id": 356032, "number_of_seasons": 1, "number_of_episodes": 24, "network": ""}, {"id": 28341, "title": "800 \u039c\u03ad\u03c4\u03c1\u03b1", "description": "\u03a4\u03bf 2017, \u03b7 \u0399\u03c3\u03c0\u03b1\u03bd\u03af\u03b1 \u03b5\u03c0\u03bb\u03ae\u03b3\u03b7 \u03b1\u03c0\u03cc \u03b4\u03cd\u03bf \u03c4\u03c1\u03bf\u03bc\u03bf\u03ba\u03c1\u03b1\u03c4\u03b9\u03ba\u03ad\u03c2 \u03b5\u03c0\u03b9\u03b8\u03ad\u03c3\u03b5\u03b9\u03c2 \u03c0\u03bf\u03c5 \u03b4\u03b9\u03ad\u03c0\u03c1\u03b1\u03be\u03b1\u03bd \u03bd\u03b5\u03b1\u03c1\u03bf\u03af \u03c4\u03b7\u03c2 \u03ba\u03bf\u03b9\u03bd\u03c9\u03bd\u03af\u03b1\u03c2 \u03c4\u03b7\u03c2. \u03a0\u03ce\u03c2 \u03c3\u03c5\u03bd\u03ad\u03b2\u03b7 \u03ba\u03ac\u03c4\u03b9 \u03c4\u03ad\u03c4\u03bf\u03b9\u03bf; \u0391\u03c5\u03c4\u03ae \u03b7 \u03b4\u03b9\u03b5\u03b9\u03c3\u03b4\u03c5\u03c4\u03b9\u03ba\u03ae \u03c3\u03b5\u03b9\u03c1\u03ac \u03b5\u03c1\u03b5\u03c5\u03bd\u03ac.", "original_title": "800 metros", "popularity": 2.29, "added": "01/04/2022", "poster_path": "https://image.tmdb.org/t/p/w1280/g1FMWoqv6LAQjRiLre5s1WZpKHY.jpg", "backdrop_path": "https://image.tmdb.org/t/p/w1280/6mxXwNeH2EJD7bLpJtbtWG9erak.jpg", "created": "2022-03-25", "year": 2022, "runtime": 0, "themoviedb_id": 158088, "imdb_id": "tt13323170", "homepage": "https://www.netflix.com/title/81275696", "original_language": "es", "status": "Ended", "tagline": "", "vote_average": 6.2, "vote_count": 8, "views": 0, "favorites": 0, "cast": "Deshun Wang, James Coleman, Bill Hartung, Petra Mart\u00ednez, Ranjit Punia, Ivica Marc", "genres": "", "ended": "2022-03-25", "year_ended": 2022, "tvdb_id": 417105, "number_of_seasons": 1, "number_of_episodes": 3, "network": ""}, {"id": 27048, "title": "\u03a4\u03bf \u039a\u03bf\u03c1\u03af\u03c4\u03c3\u03b9 \u03ba\u03b1\u03b9 \u03bf \u039a\u03bf\u03c3\u03bc\u03bf\u03bd\u03b1\u03cd\u03c4\u03b7\u03c2", "description": "\u0394\u03c5\u03bf \u03c6\u03af\u03bb\u03bf\u03b9, \u03c0\u03b9\u03bb\u03cc\u03c4\u03bf\u03b9 F-16, \u03b1\u03bd\u03c4\u03b1\u03b3\u03c9\u03bd\u03af\u03b6\u03bf\u03bd\u03c4\u03b1\u03b9 \u03b3\u03b9\u03b1 \u03c4\u03bf \u03c0\u03bf\u03b9\u03bf\u03c2 \u03b8\u03b1 \u03ba\u03b1\u03c4\u03b1\u03ba\u03c4\u03ae\u03c3\u03b5\u03b9 \u03c4\u03b7\u03bd \u03ba\u03b1\u03c1\u03b4\u03b9\u03ac \u03c4\u03b7\u03c2 \u03cc\u03bc\u03bf\u03c1\u03c6\u03b7\u03c2 \u039c\u03ac\u03c1\u03c4\u03b1, \u03b1\u03bb\u03bb\u03ac \u03ba\u03b1\u03b9 \u03bc\u03b9\u03b1 \u03b8\u03ad\u03c3\u03b7 \u03c3\u03b5 \u03bc\u03b9\u03b1 \u03b4\u03b9\u03b1\u03c3\u03c4\u03b7\u03bc\u03b9\u03ba\u03ae \u03b1\u03c0\u03bf\u03c3\u03c4\u03bf\u03bb\u03ae. \u039f \u039d\u03af\u03ba\u03bf \u03ba\u03b5\u03c1\u03b4\u03af\u03b6\u03b5\u03b9 \u03c4\u03b7 \u03b8\u03ad\u03c3\u03b7, \u03b1\u03bb\u03bb\u03ac \u03bb\u03cc\u03b3\u03c9 \u03bc\u03b9\u03b1\u03c2 \u03b1\u03c0\u03c1\u03bf\u03c3\u03b4\u03cc\u03ba\u03b7\u03c4\u03b7\u03c2 \u03b2\u03bb\u03ac\u03b2\u03b7\u03c2, \u03b5\u03c0\u03b9\u03c3\u03c4\u03c1\u03ad\u03c6\u03b5\u03b9 \u03b1\u03c0\u03cc \u03c4\u03b7\u03bd \u03b1\u03c0\u03bf\u03c3\u03c4\u03bf\u03bb\u03ae \u03c4\u03bf\u03c5 30 \u03c7\u03c1\u03cc\u03bd\u03b9\u03b1 \u03b1\u03c1\u03b3\u03cc\u03c4\u03b5\u03c1\u03b1. \u03a0\u03b1\u03c1\u03cc\u03c4\u03b9 \u03bf \u03c7\u03c1\u03cc\u03bd\u03bf\u03c2 \u03c3\u03c4\u03b7 \u0393\u03b7 \u03ad\u03c7\u03b5\u03b9 \u03c0\u03b5\u03c1\u03ac\u03c3\u03b5\u03b9, \u03b5\u03ba\u03b5\u03af\u03bd\u03bf\u03c2 \u03b4\u03b5\u03bd \u03ad\u03c7\u03b5\u03b9 \u03b3\u03b5\u03c1\u03ac\u03c3\u03b5\u03b9 \u03ba\u03b1\u03b8\u03cc\u03bb\u03bf\u03c5. \u0395\u03bd\u03ce \u03bf \u039d\u03af\u03ba\u03bf \u03c3\u03ba\u03ad\u03c6\u03c4\u03b5\u03c4\u03b1\u03b9 \u03bc\u03cc\u03bd\u03bf \u03c4\u03b7 \u039c\u03ac\u03c1\u03c4\u03b1, \u03cc\u03bb\u03bf\u03c2 \u03bf \u03ba\u03cc\u03c3\u03bc\u03bf\u03c2 \u03b8\u03ad\u03bb\u03b5\u03b9 \u03bd\u03b1 \u03bc\u03ac\u03b8\u03b5\u03b9 \u03c4\u03bf \u03bc\u03c5\u03c3\u03c4\u03b9\u03ba\u03cc \u03c4\u03b7\u03c2 \u03b1\u03b9\u03ce\u03bd\u03b9\u03b1\u03c2 \u03bd\u03b9\u03cc\u03c4\u03b7\u03c2 \u03c4\u03bf\u03c5.", "original_title": "Dziewczyna i kosmonauta", "popularity": 13.505, "added": "19/02/2023", "poster_path": "https://image.tmdb.org/t/p/w1280/5GDhb86zGf7evaoR2ZTdNfrsU0j.jpg", "backdrop_path": "https://image.tmdb.org/t/p/w1280/3XRHyeU1ief9DDPG0UA5TwNCXzq.jpg", "created": "2023-02-17", "year": 2023, "runtime": 0, "themoviedb_id": 217858, "imdb_id": "tt19724076", "homepage": "https://www.netflix.com/title/81380205", "original_language": "pl", "status": "Returning Series", "tagline": "", "vote_average": 6.2, "vote_count": 31, "views": 0, "favorites": 0, "cast": "Zhang Shi, R. Lee Ermey, Th\u00e9o Cholbi, Choi Yoon-woo, Belmaya Nepali, Gabriella Bove", "genres": "", "ended": "2023-02-17", "year_ended": 2023, "tvdb_id": 418930, "number_of_seasons": 1, "number_of_episodes": 6, "network": ""}, {"id": 27473, "title": "\u03a3\u03ba\u03ac\u03bd\u03b4\u03b1\u03bb\u03bf \u0391\u03c0\u03b1\u03b3\u03c9\u03b3\u03ae\u03c2: \u03a5\u03c0\u03cc\u03b8\u03b5\u03c3\u03b7 \u03a6\u03bb\u03bf\u03c1\u03ac\u03bd\u03c2 \u039a\u03b1\u03c3\u03ad", "description": "\u0389\u03c4\u03b1\u03bd \u03b7 \u03a6\u03bb\u03bf\u03c1\u03ac\u03bd\u03c2 \u039a\u03b1\u03c3\u03ad \u03bf \u03b5\u03b3\u03ba\u03ad\u03c6\u03b1\u03bb\u03bf\u03c2 \u03bc\u03b9\u03b1\u03c2 \u03c3\u03c0\u03b5\u03af\u03c1\u03b1\u03c2 \u03b1\u03c0\u03b1\u03b3\u03c9\u03b3\u03ad\u03c9\u03bd \u03ae \u03ad\u03bd\u03b1 \u03b8\u03cd\u03bc\u03b1 \u03b4\u03b9\u03b1\u03c6\u03b8\u03bf\u03c1\u03ac\u03c2; \u0391\u03c5\u03c4\u03cc \u03c4\u03bf \u03bd\u03c4\u03bf\u03ba\u03b9\u03bc\u03b1\u03bd\u03c4\u03ad\u03c1 \u03bc\u03b5\u03bb\u03b5\u03c4\u03ac \u03bc\u03af\u03b1 \u03b1\u03c0\u03cc \u03c4\u03b9\u03c2 \u03c0\u03b9\u03bf \u03b1\u03bc\u03c6\u03b9\u03bb\u03b5\u03b3\u03cc\u03bc\u03b5\u03bd\u03b5\u03c2 \u03c5\u03c0\u03bf\u03b8\u03ad\u03c3\u03b5\u03b9\u03c2 \u03c4\u03bf\u03c5 \u039c\u03b5\u03be\u03b9\u03ba\u03bf\u03cd.", "original_title": "El caso Cassez-Vallarta: una novela criminal", "popularity": 2.561, "added": "21/12/2022", "poster_path": "https://image.tmdb.org/t/p/w1280/4c2ymCifM74fIn92teCwua2q3gH.jpg", "backdrop_path": "https://image.tmdb.org/t/p/w1280/vzhSNdtozGZfRYK2saF1NFZysr9.jpg", "created": "2022-08-25", "year": 2022, "runtime": 0, "themoviedb_id": 207242, "imdb_id": "tt21388530", "homepage": "https://www.netflix.com/title/81134165", "original_language": "es", "status": "Returning Series", "tagline": "", "vote_average": 6.8, "vote_count": 6, "views": 0, "favorites": 0, "cast": "Hank Azaria", "genres": "", "ended": "2022-08-25", "year_ended": 2022, "tvdb_id": 423012, "number_of_seasons": 1, "number_of_episodes": 5, "network": ""}, {"id": 4107, "title": "\u039c\u03b9\u03b1 \u038c\u03bc\u03bf\u03c1\u03c6\u03b7 \u0391\u03b3\u03ac\u03c0\u03b7", "description": "\u0397 \u03b1\u03b3\u03ac\u03c0\u03b7 \u03b5\u03af\u03bd\u03b1\u03b9 \u03c3\u03ba\u03bb\u03b7\u03c1\u03ae \u03b1\u03bb\u03bb\u03ac \u03ba\u03b1\u03b9 \u03b3\u03bb\u03c5\u03ba\u03b9\u03ac \u03b3\u03b9\u03b1 \u03bc\u03b9\u03b1 \u03b5\u03c1\u03c9\u03c4\u03bf\u03c7\u03c4\u03c5\u03c0\u03b7\u03bc\u03ad\u03bd\u03b7 \u03ad\u03c6\u03b7\u03b2\u03b7, \u03b7 \u03c3\u03c7\u03ad\u03c3\u03b7 \u03c4\u03b7\u03c2 \u03bf\u03c0\u03bf\u03af\u03b1\u03c2 \u03bc\u03b5 \u03c4\u03bf\u03bd \u03b3\u03b5\u03af\u03c4\u03bf\u03bd\u03ac \u03c4\u03b7\u03c2 \u03bc\u03b5\u03c4\u03b1\u03bc\u03bf\u03c1\u03c6\u03ce\u03bd\u03b5\u03c4\u03b1\u03b9 \u03ba\u03b1\u03b8\u03ce\u03c2 \u03b5\u03bd\u03b7\u03bb\u03b9\u03ba\u03b9\u03ce\u03bd\u03bf\u03bd\u03c4\u03b1\u03b9.", "original_title": "\uc544\ub984\ub2e4\uc6e0\ub358 \uc6b0\ub9ac\uc5d0\uac8c", "popularity": 30.236, "added": "03/03/2021", "poster_path": "https://image.tmdb.org/t/p/w1280/hZQsdmWWB2kKDLJyfHvk8dR5VTJ.jpg", "backdrop_path": "https://image.tmdb.org/t/p/w1280/wVxcWC5j9e4i3SDq4MesjY5GAsn.jpg", "created": "2020-12-28", "year": 2020, "runtime": 0, "themoviedb_id": 114395, "imdb_id": "tt13642264", "homepage": "https://tv.kakao.com/channel/3716525", "original_language": "ko", "status": "Ended", "tagline": "", "vote_average": 8.418, "vote_count": 453, "views": 0, "favorites": 0, "cast": "Linda Brent, Giorgos Karagounis, Brett King", "genres": "", "ended": "2021-02-20", "year_ended": 2021, "tvdb_id": 393513, "number_of_seasons": 1, "number_of_episodes": 24, "network": ""}, {"id": 28182, "title": "\u039c\u03b9\u03b1 \u03a5\u03c0\u03bf\u03b4\u03b5\u03b9\u03b3\u03bc\u03b1\u03c4\u03b9\u03ba\u03ae \u039f\u03b9\u03ba\u03bf\u03b3\u03ad\u03bd\u03b5\u03b9\u03b1", "description": "\u039f \"\u03ba\u03bf\u03c5\u03b2\u03b1\u03bb\u03b7\u03c4\u03ae\u03c2\" \u03bc\u03b9\u03b1\u03c2 \u03bf\u03b9\u03ba\u03bf\u03b3\u03ad\u03bd\u03b5\u03b9\u03b1\u03c2 \u03bc\u03b5 \u03bf\u03b9\u03ba\u03bf\u03bd\u03bf\u03bc\u03b9\u03ba\u03ac \u03c0\u03c1\u03bf\u03b2\u03bb\u03ae\u03bc\u03b1\u03c4\u03b1 \u03b2\u03c1\u03af\u03c3\u03ba\u03b5\u03b9 \u03be\u03b1\u03c6\u03bd\u03b9\u03ba\u03ac \u03bc\u03c0\u03cc\u03bb\u03b9\u03ba\u03b1 \u03c7\u03c1\u03ae\u03bc\u03b1\u03c4\u03b1 \u03c0\u03bf\u03c5 \u03c4\u03bf\u03bd \u03bc\u03c0\u03bb\u03ad\u03ba\u03bf\u03c5\u03bd \u03c3\u03c4\u03b9\u03c2 \u03b4\u03bf\u03c3\u03bf\u03bb\u03b7\u03c8\u03af\u03b5\u03c2 \u03bc\u03b9\u03b1\u03c2 \u03bf\u03c1\u03b3\u03ac\u03bd\u03c9\u03c3\u03b7\u03c2 \u03b4\u03b9\u03b1\u03ba\u03af\u03bd\u03b7\u03c3\u03b7\u03c2 \u03bd\u03b1\u03c1\u03ba\u03c9\u03c4\u03b9\u03ba\u03ce\u03bd.", "original_title": "\ubaa8\ubc94\uac00\uc871", "popularity": 15.773, "added": "15/08/2022", "poster_path": "https://image.tmdb.org/t/p/w1280/eRtszL5XtARh2u5JMppmtEtxJmT.jpg", "backdrop_path": "https://image.tmdb.org/t/p/w1280/fTT0jQhynTTVLAQfgEIwQAsuL8s.jpg", "created": "2022-08-12", "year": 2022, "runtime": 0, "themoviedb_id": 132171, "imdb_id": "tt21289712", "homepage": "https://www.netflix.com/title/81349413", "original_language": "ko", "status": "Ended", "tagline": "Dare Not Desire The Money Of The Dead", "vote_average": 7.469, "vote_count": 49, "views": 0, "favorites": 0, "cast": "Ian Turpie, Norman Veeratum, Ben Cochrane, Cheryl Burfield, Virginia Madsen, J\u00falio Andrade", "genres": "", "ended": "2022-08-12", "year_ended": 2022, "tvdb_id": 415030, "number_of_seasons": 1, "number_of_episodes": 10, "network": ""}, {"id": 3916, "title": "\u039d\u03c4\u03ad\u03c4\u03bb\u03b5\u03c6 \u03a1\u03bf\u03b2\u03ad\u03bd\u03c4\u03b5\u03c1: \u03a4\u03bf \u03a4\u03ad\u03bb\u03b5\u03b9\u03bf \u0388\u03b3\u03ba\u03bb\u03b7\u03bc\u03b1", "description": "\u039c\u03b9\u03b1 \u03c3\u03b5\u03b9\u03c1\u03ac \u03bd\u03c4\u03bf\u03ba\u03b9\u03bc\u03b1\u03bd\u03c4\u03ad\u03c1 \u03c0\u03bf\u03c5 \u03b5\u03c1\u03b5\u03c5\u03bd\u03ac \u03c4\u03b7 \u03b4\u03bf\u03bb\u03bf\u03c6\u03bf\u03bd\u03af\u03b1 \u03c4\u03bf\u03c5 \u03c0\u03bf\u03bb\u03b9\u03c4\u03b9\u03ba\u03bf\u03cd \u039d\u03c4\u03ad\u03c4\u03bb\u03b5\u03c6 \u03a1\u03bf\u03b2\u03ad\u03bd\u03c4\u03b5\u03c1 \u03c4\u03bf 1991, \u03ad\u03bd\u03b1 \u03ac\u03bb\u03c5\u03c4\u03bf \u03bc\u03c5\u03c3\u03c4\u03ae\u03c1\u03b9\u03bf \u03c3\u03c4\u03bf \u03b5\u03c0\u03af\u03ba\u03b5\u03bd\u03c4\u03c1\u03bf \u03c4\u03b7\u03c2 \u03b8\u03c5\u03b5\u03bb\u03bb\u03ce\u03b4\u03bf\u03c5\u03c2 \u03b3\u03b5\u03c1\u03bc\u03b1\u03bd\u03b9\u03ba\u03ae\u03c2 \u03b5\u03c0\u03b1\u03bd\u03ad\u03bd\u03c9\u03c3\u03b7\u03c2.", "original_title": "Rohwedder", "popularity": 5.387, "added": "04/04/2021", "poster_path": "https://image.tmdb.org/t/p/w1280/r2g4LcosEOoEOxD2ICeIlw5agMJ.jpg", "backdrop_path": "https://image.tmdb.org/t/p/w1280/zyvJMrcobrY3YsedjoDAd5rbgZu.jpg", "created": "2020-09-25", "year": 2020, "runtime": 0, "themoviedb_id": 110412, "imdb_id": "tt12939836", "homepage": "https://www.netflix.com/de/title/81022994", "original_language": "de", "status": "Ended", "tagline": "Martyr. Capitalist. Occupier. Victim.", "vote_average": 7.061, "vote_count": 33, "views": 0, "favorites": 0, "cast": "Ted McMichael, Andrea Lintozzi, Joanna Borer, Wang Xiuzhu, Mike Miller, Philip Morris", "genres": "", "ended": "2020-09-25", "year_ended": 2020, "tvdb_id": 387872, "number_of_seasons": 1, "number_of_episodes": 4, "network": ""}, {"id": 14519, "title": "\u039c\u03b9\u03b1 \u03a3\u03b5\u03b9\u03c1\u03ac \u03b1\u03c0\u03cc \u0391\u03c4\u03c5\u03c7\u03ae \u0393\u03b5\u03b3\u03bf\u03bd\u03cc\u03c4\u03b1", "description": "\u039c\u03b5\u03c4\u03ac \u03c4\u03b7\u03bd \u03b1\u03c0\u03ce\u03bb\u03b5\u03b9\u03b1 \u03c4\u03c9\u03bd \u03b3\u03bf\u03bd\u03ad\u03c9\u03bd \u03c4\u03bf\u03c5\u03c2 \u03c3\u03b5 \u03bc\u03b9\u03b1 \u03bc\u03c5\u03c3\u03c4\u03b7\u03c1\u03b9\u03ce\u03b4\u03b7 \u03c6\u03c9\u03c4\u03b9\u03ac, \u03c4\u03b1 \u03c4\u03c1\u03af\u03b1 \u03c0\u03b1\u03b9\u03b4\u03b9\u03ac \u039c\u03c0\u03bf\u03bd\u03c4\u03bb\u03ad\u03c1 \u03b8\u03b1 \u03b1\u03bd\u03c4\u03b9\u03bc\u03b5\u03c4\u03c9\u03c0\u03af\u03c3\u03bf\u03c5\u03bd \u03b4\u03bf\u03ba\u03b9\u03bc\u03b1\u03c3\u03af\u03b5\u03c2 \u03ba\u03b1\u03b9 \u03c4\u03b1\u03bb\u03b1\u03b9\u03c0\u03c9\u03c1\u03af\u03b5\u03c2 \u03c0\u03c1\u03bf\u03c3\u03c0\u03b1\u03b8\u03ce\u03bd\u03c4\u03b1\u03c2 \u03bd\u03b1 \u03b1\u03c0\u03bf\u03ba\u03b1\u03bb\u03cd\u03c8\u03bf\u03c5\u03bd \u03c3\u03ba\u03bf\u03c4\u03b5\u03b9\u03bd\u03ac \u03bf\u03b9\u03ba\u03bf\u03b3\u03b5\u03bd\u03b5\u03b9\u03b1\u03ba\u03ac \u03bc\u03c5\u03c3\u03c4\u03b9\u03ba\u03ac.", "original_title": "A Series of Unfortunate Events", "popularity": 113.22, "added": "17/01/2017", "poster_path": "https://image.tmdb.org/t/p/w1280/iOmtgcEwXy5q65UIDCgBTJpapWi.jpg", "backdrop_path": "https://image.tmdb.org/t/p/w1280/mMGnFsjWnxrpahPW4H5dzLEYuFm.jpg", "created": "2017-01-13", "year": 2017, "runtime": 0, "themoviedb_id": 65294, "imdb_id": "tt4834206", "homepage": "https://www.netflix.com/title/80050008", "original_language": "en", "status": "Ended", "tagline": "Secrets will be revealed, one unfortunate event at a time.", "vote_average": 7.355, "vote_count": 783, "views": 0, "favorites": 0, "cast": "Ruth Bader Ginsburg, Ivano Staccioli", "genres": "", "ended": "2019-01-01", "year_ended": 2019, "tvdb_id": 306304, "number_of_seasons": 3, "number_of_episodes": 25, "network": ""}, {"id": 27507, "title": "\u03a7\u03c1\u03b9\u03c3\u03c4\u03bf\u03c5\u03b3\u03b5\u03bd\u03bd\u03b9\u03ac\u03c4\u03b9\u03ba\u03b7 \u039a\u03b1\u03c4\u03b1\u03b9\u03b3\u03af\u03b4\u03b1", "description": "\u0397 \u03bc\u03bf\u03af\u03c1\u03b1 \u03c3\u03bc\u03af\u03b3\u03b5\u03b9 \u03c4\u03b1\u03be\u03b9\u03b4\u03b9\u03ce\u03c4\u03b5\u03c2 \u03ba\u03b1\u03b9 \u03b5\u03c1\u03b3\u03b1\u03b6\u03cc\u03bc\u03b5\u03bd\u03bf\u03c5\u03c2 \u03c3\u03b5 \u03ad\u03bd\u03b1 \u03b1\u03b5\u03c1\u03bf\u03b4\u03c1\u03cc\u03bc\u03b9\u03bf \u03cc\u03c4\u03b1\u03bd, \u03bb\u03cc\u03b3\u03c9 \u03b1\u03ba\u03c1\u03b1\u03af\u03c9\u03bd \u03ba\u03b1\u03b9\u03c1\u03b9\u03ba\u03ce\u03bd \u03c6\u03b1\u03b9\u03bd\u03bf\u03bc\u03ad\u03bd\u03c9\u03bd, \u03c0\u03c1\u03ad\u03c0\u03b5\u03b9 \u03bd\u03b1 \u03c0\u03b5\u03c1\u03ac\u03c3\u03bf\u03c5\u03bd \u03b5\u03ba\u03b5\u03af \u03c4\u03b9\u03c2 \u03c4\u03b5\u03bb\u03b5\u03c5\u03c4\u03b1\u03af\u03b5\u03c2 \u03ce\u03c1\u03b5\u03c2 \u03c0\u03c1\u03b9\u03bd \u03b1\u03c0\u03cc \u03c4\u03b1 \u03a7\u03c1\u03b9\u03c3\u03c4\u03bf\u03cd\u03b3\u03b5\u03bd\u03bd\u03b1.", "original_title": "Julestorm", "popularity": 38.015, "added": "17/12/2022", "poster_path": "https://image.tmdb.org/t/p/w1280/ljsMCs9tDuEOfm2LGn2Qf1OLKeR.jpg", "backdrop_path": "https://image.tmdb.org/t/p/w1280/A9UixkwiB2qxUSs60G6vOGexsx.jpg", "created": "2022-12-16", "year": 2022, "runtime": 0, "themoviedb_id": 210532, "imdb_id": "tt15700830", "homepage": "http://netflix.com/julestorm", "original_language": "no", "status": "Ended", "tagline": "", "vote_average": 7.157, "vote_count": 35, "views": 0, "favorites": 0, "cast": "Chase Sui Wonders, Arthur Wimperis", "genres": "", "ended": "2022-12-16", "year_ended": 2022, "tvdb_id": 426513, "number_of_seasons": 1, "number_of_episodes": 6, "network": ""}]}