{"status": "OK", "data": [{"id": 251, "name": " 10 Play", "sef": "10-play", "items": 1, "logo": "https://image.tmdb.org/t/p/h60/4Z1e4FlcFhak6BoKE13EckL8fmF.png"}, {"id": 10, "name": "#0", "sef": 0, "items": 7, "logo": "https://image.tmdb.org/t/p/h60/7odcr2uwJNhanhEaFOnITogxmRX.png"}, {"id": 99, "name": "1+1", "sef": 11, "items": 1, "logo": "https://image.tmdb.org/t/p/h60/xctncKucNjPJW800COSuGF8J1MC.png"}, {"id": 252, "name": "10 Shake", "sef": "10-shake", "items": 1, "logo": "https://image.tmdb.org/t/p/h60/fhvE5ucly4zJyJSiEYYJkDbmToi.png"}, {"id": 455, "name": "5USA", "sef": "5usa", "items": 1, "logo": "https://image.tmdb.org/t/p/h60/aiNDCNGIJagS5D1lzgyheQYdkya.png"}, {"id": 254, "name": "7TWO", "sef": "7two", "items": 1, "logo": "https://image.tmdb.org/t/p/h60/7JvANenUas1w596l5ikfSBksDN6.png"}, {"id": 238, "name": "A&E", "sef": "e", "items": 12, "logo": "https://image.tmdb.org/t/p/h60/ptSTdU4GPNJ1M8UVEOtA0KgtuNk.png"}, {"id": 22, "name": "ABC", "sef": "abc", "items": 140, "logo": "https://image.tmdb.org/t/p/h60/2uy2ZWcplrSObIyt4x0Y9rkG6qO.png"}, {"id": 351, "name": "ABC Comedy", "sef": "abc-comedy", "items": 1, "logo": "https://image.tmdb.org/t/p/h60/yoWi43bVJiBKolwn4zvq6omZl3o.png"}, {"id": 301, "name": "ABC Family", "sef": "abc-family", "items": 14, "logo": "https://image.tmdb.org/t/p/h60/p57JGkSUBdXbOtqkEKeTnfHn7kd.png"}, {"id": 462, "name": "ABC KIDS", "sef": "abc-kids", "items": 1, "logo": "https://image.tmdb.org/t/p/h60/efIOJEqy89zWpK4fDlOXwXtTbkE.png"}, {"id": 253, "name": "ABC Me", "sef": "abc-me", "items": 6, "logo": "https://image.tmdb.org/t/p/h60/5HcWDo0e9WFKAMx1CQ8qlztKpdV.png"}, {"id": 7, "name": "ABC TV", "sef": "abc-tv", "items": 24, "logo": "https://image.tmdb.org/t/p/h60/kMvN5R8g6L0SY5r9YZw9foYGQr0.png"}, {"id": 155, "name": "ABC TV Plus", "sef": "abc-tv-plus", "items": 1, "logo": "https://image.tmdb.org/t/p/h60/nyRzYBZgZOh5xXzwzFE3Jl7EerY.png"}, {"id": 411, "name": "ABC.com", "sef": "abccom", "items": 1, "logo": "https://image.tmdb.org/t/p/h60"}, {"id": 100, "name": "Acorn TV", "sef": "acorn-tv", "items": 9, "logo": "https://image.tmdb.org/t/p/h60/xzrHiDSO2IlFrBZZ6aKnSjxIwIJ.png"}, {"id": 369, "name": "Adult Swim", "sef": "adult-swim", "items": 4, "logo": "https://image.tmdb.org/t/p/h60/tHZPHOLc6iF27G34cAZGPsMtMSy.png"}, {"id": 384, "name": "AHC", "sef": "ahc", "items": 2, "logo": "https://image.tmdb.org/t/p/h60/607cHSuLR2HBOOTbE76Db2KDmOS.png"}, {"id": 323, "name": "AKT", "sef": "akt", "items": 1, "logo": "https://image.tmdb.org/t/p/h60/hNbCO6N6F4o09DCGAoz7g0G2E9F.png"}, {"id": 132, "name": "Alibi", "sef": "alibi", "items": 5, "logo": "https://image.tmdb.org/t/p/h60/goAPipwx4tSALdM9kJZ7ovGjEZg.png"}, {"id": 450, "name": "Alpha TV", "sef": "alpha-tv", "items": 1, "logo": "https://image.tmdb.org/t/p/h60/jaY3I8qSvcymAOMsafafhFatC80.png"}, {"id": 97, "name": "Amazon Freevee", "sef": "amazon-freevee", "items": 4, "logo": "https://image.tmdb.org/t/p/h60/n0hqN6lKlBENn9WAbSC2WwHRPnS.png"}, {"id": 35, "name": "AMC", "sef": "amc", "items": 35, "logo": "https://image.tmdb.org/t/p/h60/alqLicR1ZMHMaZGP3xRQxn9sq7p.png"}, {"id": 197, "name": "ANIMAX", "sef": "animax", "items": 2, "logo": "https://image.tmdb.org/t/p/h60/5S9xrNouNbaYlhDkaZopIpcmbp2.png"}, {"id": 167, "name": "ANT1", "sef": "ant1", "items": 7, "logo": "https://image.tmdb.org/t/p/h60/yepAYSCsRS9G4WF9Gt47GSuRjCz.png"}, {"id": 162, "name": "Antena 3", "sef": "antena-3", "items": 15, "logo": "https://image.tmdb.org/t/p/h60/l7MngINTyv0O6mNlwNsUlhQ9iwZ.png"}, {"id": 409, "name": "Antenne 2", "sef": "antenne-2", "items": 1, "logo": "https://image.tmdb.org/t/p/h60/dF6GkqnozhTmRVYFGwdb9dICByL.png"}, {"id": 20, "name": "Apple TV+", "sef": "apple-tv", "items": 69, "logo": "https://image.tmdb.org/t/p/h60/4KAy34EHvRM25Ih8wb82AuGU7zJ.png"}, {"id": 75, "name": "Arte ", "sef": "arte", "items": 15, "logo": "https://image.tmdb.org/t/p/h60/6UIpEURdjnmcJPwgTDRzVRuwADr.png"}, {"id": 256, "name": "arte.tv", "sef": "artetv", "items": 1, "logo": "https://image.tmdb.org/t/p/h60/sFhzxIl67yG6agIvLlsUFINIJPT.png"}, {"id": 240, "name": "Associated Television", "sef": "associated-television", "items": 3, "logo": "https://image.tmdb.org/t/p/h60/hEdI56n4EHSP6kto7BUPEOb6bqo.png"}, {"id": 144, "name": "AT-X", "sef": "x", "items": 18, "logo": "https://image.tmdb.org/t/p/h60/fERjndErEpveJmQZccJbJDi93rj.png"}, {"id": 67, "name": "Atresplayer", "sef": "atresplayer", "items": 7, "logo": "https://image.tmdb.org/t/p/h60/tRcLVDie5E5dIIRvA8Ojjuvlp7k.png"}, {"id": 220, "name": "ATV", "sef": "atv", "items": 4, "logo": "https://image.tmdb.org/t/p/h60/aawphEBuBGT9RVP6xG3BZV8NOCw.png"}, {"id": 344, "name": "Audience", "sef": "audience", "items": 8, "logo": "https://image.tmdb.org/t/p/h60/tmhbFiRpgJFSmza9GTQam8ICyHp.png"}, {"id": 291, "name": "AVROTROS", "sef": "avrotros", "items": 1, "logo": "https://image.tmdb.org/t/p/h60/wXrkCgSBWhF4cjbztPoWtDtOJqj.png"}, {"id": 267, "name": "AXN", "sef": "axn", "items": 4, "logo": "https://image.tmdb.org/t/p/h60/AjR6Ug74xJYMhtpxGFusVGAHfWd.png"}, {"id": 483, "name": "Bamb\u00fb Producciones", "sef": "bambu-producciones", "items": 1, "logo": "https://image.tmdb.org/t/p/h60"}, {"id": 429, "name": "Bandai Channel", "sef": "bandai-channel", "items": 1, "logo": "https://image.tmdb.org/t/p/h60/xGS6thPrtg4hA4bvjyKuWcpPSrk.png"}, {"id": 241, "name": "BBC America", "sef": "bbc-america", "items": 12, "logo": "https://image.tmdb.org/t/p/h60/8Js4sUaxjE3RSxJcOCDjfXvhZqz.png"}, {"id": 446, "name": "BBC First", "sef": "bbc-first", "items": 1, "logo": "https://image.tmdb.org/t/p/h60/gLNh4QYTeYCKJzhZwzzwgMEqI3n.png"}, {"id": 277, "name": "BBC Four", "sef": "bbc-four", "items": 10, "logo": "https://image.tmdb.org/t/p/h60/AgsOSxGvfxIonhPgrfkWCmsOKfA.png"}, {"id": 269, "name": "BBC iPlayer", "sef": "bbc-iplayer", "items": 3, "logo": "https://image.tmdb.org/t/p/h60/an0NpVNUK445AWDQTaLIFuL3isE.png"}, {"id": 34, "name": "BBC One", "sef": "bbc-one", "items": 198, "logo": "https://image.tmdb.org/t/p/h60/uJjcCg3O4DMEjM0xtno9OWFciRP.png"}, {"id": 464, "name": "BBC Scotland", "sef": "bbc-scotland", "items": 2, "logo": "https://image.tmdb.org/t/p/h60/81igZwiplDuM1jqLiUMFjB6wdJm.png"}, {"id": 259, "name": "BBC Television", "sef": "bbc-television", "items": 1, "logo": "https://image.tmdb.org/t/p/h60/lrDN4nePzswjNRgNXHgv3hKgTYa.png"}, {"id": 264, "name": "BBC Three", "sef": "bbc-three", "items": 16, "logo": "https://image.tmdb.org/t/p/h60/s22fRhj8xFPbiexrJwiAOcDEIrS.png"}, {"id": 51, "name": "BBC Two", "sef": "bbc-two", "items": 73, "logo": "https://image.tmdb.org/t/p/h60/6kl5tMuct7u3ej5myL4c9QQVSW1.png"}, {"id": 447, "name": "BBC UKTV", "sef": "bbc-uktv", "items": 1, "logo": "https://image.tmdb.org/t/p/h60/rVzjodqFFtiltpYXyXqNfdXJ8te.png"}, {"id": 249, "name": "BET", "sef": "bet", "items": 3, "logo": "https://image.tmdb.org/t/p/h60/gaouRlJrfZlEA5EPHhO5qqZ1Fgu.png"}, {"id": 174, "name": "bilibili", "sef": "bilibili", "items": 5, "logo": "https://image.tmdb.org/t/p/h60/mtmMg3PD4YGfrlmqpEiO6NL2ch9.png"}, {"id": 414, "name": "BitTorrent", "sef": "bittorrent", "items": 1, "logo": "https://image.tmdb.org/t/p/h60"}, {"id": 105, "name": "Blackpills", "sef": "blackpills", "items": 1, "logo": "https://image.tmdb.org/t/p/h60/aXVvr4Aw9JBj2SWrEjb1tJaHYPC.png"}, {"id": 288, "name": "BluTV", "sef": "blutv", "items": 3, "logo": "https://image.tmdb.org/t/p/h60/aY0a4ZsUyG0zYKDE9H9I1eT4qdq.png"}, {"id": 134, "name": "BNT 1", "sef": "bnt-1", "items": 1, "logo": "https://image.tmdb.org/t/p/h60/a9q2OojPEATsh4PpBO9yOw5sUD6.png"}, {"id": 433, "name": "Boing", "sef": "boing", "items": 1, "logo": "https://image.tmdb.org/t/p/h60/iTubxZz2a5zjePACJYEJoQkIrJp.png"}, {"id": 420, "name": "Boomerang", "sef": "boomerang", "items": 4, "logo": "https://image.tmdb.org/t/p/h60/lkMfZclFXosrByxWf459NrXBiRY.png"}, {"id": 340, "name": "Bravo", "sef": "bravo", "items": 2, "logo": "https://image.tmdb.org/t/p/h60/wX5HsfS47u6UUCSpYXqaQ1x2qdu.png"}, {"id": 46, "name": "BritBox", "sef": "britbox", "items": 7, "logo": "https://image.tmdb.org/t/p/h60/n8YeTJow7qmgfjgoQ51Xi2MQezB.png"}, {"id": 177, "name": "BS Fuji", "sef": "bs-fuji", "items": 4, "logo": "https://image.tmdb.org/t/p/h60/oMtJVGvqLAyQZvYTvjDIcbVEzwD.png"}, {"id": 165, "name": "BS-TBS", "sef": "bs-tbs", "items": 1, "logo": "https://image.tmdb.org/t/p/h60/xHtce7jSMnxe2SDxxhWBZZyz0fm.png"}, {"id": 158, "name": "BS11", "sef": "bs11", "items": 15, "logo": "https://image.tmdb.org/t/p/h60/JQ5bx6n7Qmdmyqz6sqjo5Fz2iR.png"}, {"id": 180, "name": "BSN", "sef": "bsn", "items": 3, "logo": "https://image.tmdb.org/t/p/h60/34sNEcsgcTAuDidRMrgxdfNyVjL.png"}, {"id": 207, "name": "BSS", "sef": "bss", "items": 1, "logo": "https://image.tmdb.org/t/p/h60/rL2IlndcEiQnIbym5EoSEM7rGlx.png"}, {"id": 30, "name": "C More", "sef": "c-more", "items": 6, "logo": "https://image.tmdb.org/t/p/h60/bWxX52rwNnkPVPtJCPKP5wlD9qP.png"}, {"id": 141, "name": "Canal+", "sef": "canal", "items": 16, "logo": "https://image.tmdb.org/t/p/h60/9aotxauvc9685tq9pTcRJszuT06.png"}, {"id": 407, "name": "Canal+ Family", "sef": "canal-family", "items": 1, "logo": "https://image.tmdb.org/t/p/h60/hH6DWsQrWaoLYN3X7TnaqGWJ9CO.png"}, {"id": 229, "name": "Canale 5", "sef": "canale-5", "items": 3, "logo": "https://image.tmdb.org/t/p/h60/XQOHFLRIHe4qEsIG6pdiJIlPhT.png"}, {"id": 353, "name": "Caracol TV", "sef": "caracol-tv", "items": 4, "logo": "https://image.tmdb.org/t/p/h60/6lbu3Xq8ZsTMrS0AnPfMtPhjxQk.png"}, {"id": 156, "name": "Cartoon Network", "sef": "cartoon-network", "items": 17, "logo": "https://image.tmdb.org/t/p/h60/c5OC6oVCg6QP4eqzW6XIq17CQjI.png"}, {"id": 92, "name": "CBBC", "sef": "cbbc", "items": 2, "logo": "https://image.tmdb.org/t/p/h60/12roOdtGhLUriCtk1Qwu9eD5Nab.png"}, {"id": 179, "name": "CBC", "sef": "cbc", "items": 6, "logo": "https://image.tmdb.org/t/p/h60/qNooLje0YQh1y3y9LUM2Y5QCtiF.png"}, {"id": 13, "name": "CBC Gem", "sef": "cbc-gem", "items": 3, "logo": "https://image.tmdb.org/t/p/h60/m4nAbyBNzPHitupGll2n9WR5kp8.png"}, {"id": 3, "name": "CBC Television", "sef": "cbc-television", "items": 17, "logo": "https://image.tmdb.org/t/p/h60/cw5WW6cc9UANam4A6o1BDua9njN.png"}, {"id": 341, "name": "CBeebies", "sef": "cbeebies", "items": 2, "logo": "https://image.tmdb.org/t/p/h60/h05xw1JP88QtiOtvFw8HENlFafx.png"}, {"id": 62, "name": "CBS", "sef": "cbs", "items": 111, "logo": "https://image.tmdb.org/t/p/h60/wju8KhOUsR5y4bH9p3Jc50hhaLO.png"}, {"id": 232, "name": "CBS All Access", "sef": "cbs-all-access", "items": 12, "logo": "https://image.tmdb.org/t/p/h60/rSWD2WoY26KJmOw7QHvZjC5OEWG.png"}, {"id": 81, "name": "Central Television USSR", "sef": "central-television-ussr", "items": 2, "logo": "https://image.tmdb.org/t/p/h60/eMCbJfoNCBZlbDKQO6NrfFyfYng.png"}, {"id": 50, "name": "Channel 4", "sef": "channel-4", "items": 55, "logo": "https://image.tmdb.org/t/p/h60/hbifXPpM55B1fL5wPo7t72vzN78.png"}, {"id": 94, "name": "Channel 5", "sef": "channel-5", "items": 15, "logo": "https://image.tmdb.org/t/p/h60/bMuKs6xuhI0GHSsq4WWd9FsntUN.png"}, {"id": 248, "name": "Channel A", "sef": "channel", "items": 1, "logo": "https://image.tmdb.org/t/p/h60/yZiuYgxiBGJAucKmcBIy7TnVkSv.png"}, {"id": 258, "name": "Channel Eser", "sef": "channel-eser", "items": 1, "logo": "https://image.tmdb.org/t/p/h60/xkcUMRrfd9Mf0Ymcoz7hwOH63vB.png"}, {"id": 412, "name": "Channel One", "sef": "channel-one", "items": 2, "logo": "https://image.tmdb.org/t/p/h60/f8exyCoSdsESrCrlMgvETOnLgf8.png"}, {"id": 417, "name": "CHCH-DT", "sef": "chch-dt", "items": 1, "logo": "https://image.tmdb.org/t/p/h60/ea7lVHA90j9UVg5EAEriWkBY6Y5.png"}, {"id": 196, "name": "Chiba TV", "sef": "chiba-tv", "items": 3, "logo": "https://image.tmdb.org/t/p/h60/8XNtModCxAwtvLy86b3phkE1jge.png"}, {"id": 381, "name": "Chilevisi\u00f3n", "sef": "chilevision", "items": 1, "logo": "https://image.tmdb.org/t/p/h60/xU0AW8Lf6mwRGiOAwzUPM5XNbHT.png"}, {"id": 419, "name": "Chiller", "sef": "chiller", "items": 1, "logo": "https://image.tmdb.org/t/p/h60/n3uRSQoUznYxEHoedb3TMqJyKwU.png"}, {"id": 280, "name": "Cinemax", "sef": "cinemax", "items": 9, "logo": "https://image.tmdb.org/t/p/h60/6mSHSquNpfLgDdv6VnOOvC5Uz2h.png"}, {"id": 448, "name": "CITV", "sef": "citv", "items": 1, "logo": "https://image.tmdb.org/t/p/h60/rwuEsuBDb200skfrDTvBiJihMLd.png"}, {"id": 239, "name": "Citytv", "sef": "citytv", "items": 5, "logo": "https://image.tmdb.org/t/p/h60/38EhAHYoNzRDFCXAUdF4PEH9Kfl.png"}, {"id": 432, "name": "Clan", "sef": "clan", "items": 1, "logo": "https://image.tmdb.org/t/p/h60/mWKQRXxy55AtvYvI07wjFMhzpnV.png"}, {"id": 397, "name": "CMT", "sef": "cmt", "items": 2, "logo": "https://image.tmdb.org/t/p/h60/frUoyEncPH7hijRnz3QVtXuRPc0.png"}, {"id": 247, "name": "CNN", "sef": "cnn", "items": 3, "logo": "https://image.tmdb.org/t/p/h60/2EIKV6SomKx8L52HoSViKyJO87m.png"}, {"id": 374, "name": "Comedy Central", "sef": "comedy-central", "items": 9, "logo": "https://image.tmdb.org/t/p/h60/6ooPjtXufjsoskdJqj6pxuvHEno.png"}, {"id": 118, "name": "Comedy Central (PL)", "sef": "comedy-central-pl", "items": 1, "logo": "https://image.tmdb.org/t/p/h60/d9g8gB28dfMAqZ1MBIy6aVIf1SX.png"}, {"id": 188, "name": "Cosmote TV", "sef": "cosmote-tv", "items": 3, "logo": "https://image.tmdb.org/t/p/h60/diipt7HyhdjoiVgO3gVOsF5PFSO.png"}, {"id": 125, "name": "Coupang Play", "sef": "coupang-play", "items": 1, "logo": "https://image.tmdb.org/t/p/h60/cCAgZ4xspfbPx3XcKB3kQa6IcQu.png"}, {"id": 378, "name": "Crackle", "sef": "crackle", "items": 4, "logo": "https://image.tmdb.org/t/p/h60/bR8S6Fjv3VGtEKyKF5lvvRJ5xfw.png"}, {"id": 364, "name": "Crime + Investigation", "sef": "crime-investigation", "items": 2, "logo": "https://image.tmdb.org/t/p/h60/vitUTPUae38gzMRl8aMVecN0Cme.png"}, {"id": 228, "name": "CTV", "sef": "ctv", "items": 8, "logo": "https://image.tmdb.org/t/p/h60/uPoKSf3GtME7IZz4alnoWvc0nWx.png"}, {"id": 160, "name": "CTV Sci-Fi Channel", "sef": "ctv-sci-fi-channel", "items": 1, "logo": "https://image.tmdb.org/t/p/h60/oAjADdeF36JnqUKU56In26FpwV0.png"}, {"id": 389, "name": "CTV Two", "sef": "ctv-two", "items": 1, "logo": "https://image.tmdb.org/t/p/h60/s6BePy1BOPH3199Wkaf6WVnunpi.png"}, {"id": 327, "name": "Cuatro", "sef": "cuatro", "items": 1, "logo": "https://image.tmdb.org/t/p/h60/pZtmQfr0z82ODDxZsqGzORZJJux.png"}, {"id": 386, "name": "CuriosityStream", "sef": "curiositystream", "items": 1, "logo": "https://image.tmdb.org/t/p/h60/pO2jjhCt7UeCSqDJJ4O1AtunmxE.png"}, {"id": 379, "name": "CW seed", "sef": "cw-seed", "items": 3, "logo": "https://image.tmdb.org/t/p/h60/wwo3PZyBpHL3Wz8eg4cr3kqVZQY.png"}, {"id": 107, "name": "Das Erste", "sef": "das-erste", "items": 5, "logo": "https://image.tmdb.org/t/p/h60/nGl2dDGonksWY4fTzPPdkK3oNyq.png"}, {"id": 392, "name": "Daum tvPot", "sef": "daum-tvpot", "items": 1, "logo": "https://image.tmdb.org/t/p/h60"}, {"id": 281, "name": "DC Universe", "sef": "dc-universe", "items": 6, "logo": "https://image.tmdb.org/t/p/h60/eOL4PkiC0zkDpxKFQhBnmCtwx5p.png"}, {"id": 395, "name": "Destination America", "sef": "destination-america", "items": 1, "logo": "https://image.tmdb.org/t/p/h60/wEIVk7jOJnEwtKhrS5lNW7WPd4L.png"}, {"id": 244, "name": "Discovery", "sef": "discovery", "items": 8, "logo": "https://image.tmdb.org/t/p/h60/cjw4Msu4fkMWOsV6LlA7x8ZOQ1l.png"}, {"id": 443, "name": "Discovery Family", "sef": "discovery-family", "items": 1, "logo": "https://image.tmdb.org/t/p/h60/zza75igMo6rkTC3IV8gT6TwXMNl.png"}, {"id": 471, "name": "Discovery Kids", "sef": "discovery-kids", "items": 1, "logo": "https://image.tmdb.org/t/p/h60/8woBOtitimA6diobq7sxCIwj37G.png"}, {"id": 198, "name": "Disney Channel", "sef": "disney-channel", "items": 13, "logo": "https://image.tmdb.org/t/p/h60/rxhJszKVAvAZYTmF0vfRHfyo4Fb.png"}, {"id": 457, "name": "Disney Channel Middle East", "sef": "disney-channel-middle-east", "items": 1, "logo": "https://image.tmdb.org/t/p/h60/4e5wlm8KCF8IMJuQZGPMJnnbfRk.png"}, {"id": 199, "name": "Disney Junior", "sef": "disney-junior", "items": 8, "logo": "https://image.tmdb.org/t/p/h60/gcKywHY6hQ9ZO8x1R6rSUNQ8P8L.png"}, {"id": 12, "name": "Disney XD", "sef": "disney-xd", "items": 19, "logo": "https://image.tmdb.org/t/p/h60/nKM9EnV7jTpt3MKRbhBusJ03lAY.png"}, {"id": 37, "name": "Disney+", "sef": "disney", "items": 69, "logo": "https://image.tmdb.org/t/p/h60/uzKjVDmQ1WRMvGBb7UNRE0wTn1H.png"}, {"id": 463, "name": "Disney+ Hotstar", "sef": "disney-hotstar", "items": 3, "logo": "https://image.tmdb.org/t/p/h60/uj1DxESgwGQ3lczzYwQu3oDx5xr.png"}, {"id": 85, "name": "DR1", "sef": "dr1", "items": 5, "logo": "https://image.tmdb.org/t/p/h60/7xOoWHdhdfYE0Pn9ilYLB1lenpC.png"}, {"id": 185, "name": "Dragon TV", "sef": "dragon-tv", "items": 3, "logo": "https://image.tmdb.org/t/p/h60/neufSFU0ZrXxA3c0JRNpuNXzLdx.png"}, {"id": 339, "name": "Dramax", "sef": "dramax", "items": 3, "logo": "https://image.tmdb.org/t/p/h60"}, {"id": 441, "name": "E Channel", "sef": "e-channel", "items": 1, "logo": "https://image.tmdb.org/t/p/h60"}, {"id": 140, "name": "E4", "sef": "e4", "items": 10, "logo": "https://image.tmdb.org/t/p/h60/A7k2PSYy38NzDPDhajalNWcMQ10.png"}, {"id": 335, "name": "EBS 1", "sef": "ebs-1", "items": 1, "logo": "https://image.tmdb.org/t/p/h60/vM4FN2WU2JU1mCiZw2BtqJ27zxR.png"}, {"id": 319, "name": "Ehime Broadcasting", "sef": "ehime-broadcasting", "items": 1, "logo": "https://image.tmdb.org/t/p/h60/np5gbKJvysVLnJKg8g1OxhiA6Qa.png"}, {"id": 442, "name": "El Rey Network", "sef": "el-rey-network", "items": 2, "logo": "https://image.tmdb.org/t/p/h60/9z6vxDNyom1T9WSDd9rCwaVLQLs.png"}, {"id": 65, "name": "Elisa Viihde", "sef": "elisa-viihde", "items": 3, "logo": "https://image.tmdb.org/t/p/h60/gPkqpaV3B9JXb0jtzTqEjtA6fom.png"}, {"id": 66, "name": "Elisa Viihde Viaplay", "sef": "elisa-viihde-viaplay", "items": 2, "logo": "https://image.tmdb.org/t/p/h60/rrTLXUPqd8rlxxNMgvYgP2tt0V9.png"}, {"id": 424, "name": "eltrece", "sef": "eltrece", "items": 1, "logo": "https://image.tmdb.org/t/p/h60/j8Sb3Y5vo3wfOjMExmxLF08mLwX.png"}, {"id": 72, "name": "ENA", "sef": "ena", "items": 3, "logo": "https://image.tmdb.org/t/p/h60/mZf3Om1VVr2hyKbDEfdVM5Dgvh6.png"}, {"id": 77, "name": "Epix", "sef": "epix", "items": 8, "logo": "https://image.tmdb.org/t/p/h60/9aH86hGHVQfvhAqrDRv1EINoxua.png"}, {"id": 425, "name": "ERT1", "sef": "ert1", "items": 2, "logo": "https://image.tmdb.org/t/p/h60/mR0SoE9l7rq8nsmjeuMhv05CVoh.png"}, {"id": 289, "name": "ESPN", "sef": "espn", "items": 1, "logo": "https://image.tmdb.org/t/p/h60/w9le4FUeXVlKLfnlkuk1djRrena.png"}, {"id": 333, "name": "ETB2", "sef": "etb2", "items": 1, "logo": "https://image.tmdb.org/t/p/h60/u2g0SE1ZpEzrJv9wueKAHEbfrTt.png"}, {"id": 328, "name": "Facebook Watch", "sef": "facebook-watch", "items": 1, "logo": "https://image.tmdb.org/t/p/h60/whopD6QOsZduG1gnAnnSAOUclXb.png"}, {"id": 416, "name": "Family Channel", "sef": "family-channel", "items": 1, "logo": "https://image.tmdb.org/t/p/h60/uarlhdBymUYsmk0s4EoAaGtxuB6.png"}, {"id": 359, "name": "Family Chrgd", "sef": "family-chrgd", "items": 1, "logo": "https://image.tmdb.org/t/p/h60/bvD5SchGvYFLyZlsvaPryPDTjl4.png"}, {"id": 468, "name": "Family Jr.", "sef": "family-jr", "items": 1, "logo": "https://image.tmdb.org/t/p/h60/zJn9ypM6cfI5APVVnpl0a8Bp4BU.png"}, {"id": 372, "name": "FDF", "sef": "fdf", "items": 1, "logo": "https://image.tmdb.org/t/p/h60/p9guqIXM0MWzk2F7uGPvJU12ase.png"}, {"id": 478, "name": "FIFA+", "sef": "fifa", "items": 1, "logo": "https://image.tmdb.org/t/p/h60/vnfWPr63XT2d3EKmddLH1UZK36j.png"}, {"id": 255, "name": "FOD", "sef": "fod", "items": 3, "logo": "https://image.tmdb.org/t/p/h60/xMGdd8hvu91BK098UwbUv9IdjM5.png"}, {"id": 437, "name": "Formosa TV", "sef": "formosa-tv", "items": 1, "logo": "https://image.tmdb.org/t/p/h60/qSdro8ifVBU5wcLg3T2tdT6u694.png"}, {"id": 112, "name": "FOX", "sef": "fox", "items": 84, "logo": "https://image.tmdb.org/t/p/h60/1DSpHrWyOORkL9N2QHX7Adt31mQ.png"}, {"id": 286, "name": "FOX Espa\u00f1a", "sef": "fox-espana", "items": 2, "logo": "https://image.tmdb.org/t/p/h60/mGIwo5uKaPMK4sRNwSwRl9nmRtd.png"}, {"id": 282, "name": "Fox Kids", "sef": "fox-kids", "items": 6, "logo": "https://image.tmdb.org/t/p/h60/rUb71E91POVCxpXGJ49pf6m8Ukk.png"}, {"id": 331, "name": "FOX Showcase", "sef": "fox-showcase", "items": 3, "logo": "https://image.tmdb.org/t/p/h60/7V8tNgJfMCfZOdmN5wGFKcakEXy.png"}, {"id": 16, "name": "France 2", "sef": "france-2", "items": 12, "logo": "https://image.tmdb.org/t/p/h60/b1cFa5FcHHnpejKiPybXSPcqKjT.png"}, {"id": 56, "name": "France 3", "sef": "france-3", "items": 9, "logo": "https://image.tmdb.org/t/p/h60/1ePfTUHHvBlVQxa0Fltx5kWhIs5.png"}, {"id": 387, "name": "France 4", "sef": "france-4", "items": 3, "logo": "https://image.tmdb.org/t/p/h60/9v9Mink1IVxPNRZOmCZ8N58BOHe.png"}, {"id": 297, "name": "France 5", "sef": "france-5", "items": 3, "logo": "https://image.tmdb.org/t/p/h60/8xK6AdNT6PfRyygRvb2MKCoqrv2.png"}, {"id": 472, "name": "France TV Slash", "sef": "france-tv-slash", "items": 1, "logo": "https://image.tmdb.org/t/p/h60/6MNsYgexPfbWm7pxfosNqltwVDa.png"}, {"id": 164, "name": "Freeform", "sef": "freeform", "items": 21, "logo": "https://image.tmdb.org/t/p/h60/jk2Z7WH6JnHSZrxouYh4sireM3a.png"}, {"id": 157, "name": "Fuji TV", "sef": "fuji-tv", "items": 25, "logo": "https://image.tmdb.org/t/p/h60/yS5UJjsSdZXML0YikWTYYHLPKhQ.png"}, {"id": 304, "name": "Fukui TV", "sef": "fukui-tv", "items": 1, "logo": "https://image.tmdb.org/t/p/h60/sces9gh6ih1DaD54WXvqHeLMScE.png"}, {"id": 321, "name": "Fukushima TV", "sef": "fukushima-tv", "items": 1, "logo": "https://image.tmdb.org/t/p/h60/rCdk5TWd3RPKTZU1zlhDCEFuzsI.png"}, {"id": 486, "name": "Fullscreen", "sef": "fullscreen", "items": 1, "logo": "https://image.tmdb.org/t/p/h60/9u8319x0HeSCxWyzko8KjNFgNhZ.png"}, {"id": 296, "name": "Fusion", "sef": "fusion", "items": 3, "logo": "https://image.tmdb.org/t/p/h60/q0OTdtI98gljdgwHHIdNW2aaJZz.png"}, {"id": 68, "name": "FX", "sef": "fx", "items": 37, "logo": "https://image.tmdb.org/t/p/h60/aexGjtcs42DgRtZh7zOxayiry4J.png"}, {"id": 136, "name": "FXX", "sef": "fxx", "items": 6, "logo": "https://image.tmdb.org/t/p/h60/hDLXRZMBOCbpVYpkBbIlLvMXgdX.png"}, {"id": 194, "name": "GagaOOLala", "sef": "gagaoolala", "items": 1, "logo": "https://image.tmdb.org/t/p/h60/jjBOc1pIUvupNUDYCd9ApDOGyE.png"}, {"id": 356, "name": "GA\u0130N", "sef": "gain", "items": 1, "logo": "https://image.tmdb.org/t/p/h60/viEKhGHQ6c0IGIKzGZFPTdsEstU.png"}, {"id": 456, "name": "GBS", "sef": "gbs", "items": 1, "logo": "https://image.tmdb.org/t/p/h60/wi1TlXf4tnnnEA5m3DkbH1X7iC9.png"}, {"id": 399, "name": "Global TV", "sef": "global-tv", "items": 6, "logo": "https://image.tmdb.org/t/p/h60/lpB2tPkovzbAbYfyBjJjbptygfV.png"}, {"id": 459, "name": "Globoplay", "sef": "globoplay", "items": 1, "logo": "https://image.tmdb.org/t/p/h60/vMj2Q30VxvNt0VAIQzb8ZQHWwNZ.png"}, {"id": 192, "name": "GMM 25", "sef": "gmm-25", "items": 1, "logo": "https://image.tmdb.org/t/p/h60/ggKRyZIgrGhVM0fszfYWwzJIuio.png"}, {"id": 477, "name": "Go3", "sef": "go3", "items": 1, "logo": "https://image.tmdb.org/t/p/h60"}, {"id": 337, "name": "go90", "sef": "go90", "items": 1, "logo": "https://image.tmdb.org/t/p/h60/a0PSZBhWKk0A1ID14u3DI4QrE8A.png"}, {"id": 438, "name": "GTV", "sef": "gtv", "items": 1, "logo": "https://image.tmdb.org/t/p/h60/nPtHnsr9v01mU4seRA3S9JwEx1O.png"}, {"id": 408, "name": "Gulli", "sef": "gulli", "items": 1, "logo": "https://image.tmdb.org/t/p/h60/4b8ZM73YKqFCJLbQB70Pyw5wQCK.png"}, {"id": 173, "name": "Gunma TV", "sef": "gunma-tv", "items": 5, "logo": "https://image.tmdb.org/t/p/h60/9rNqtDYAnD6yTOutvHI3synSEs2.png"}, {"id": 176, "name": "GyaO!", "sef": "gyao", "items": 1, "logo": "https://image.tmdb.org/t/p/h60/wD1kyr8RuPYSWfqHiswhMBpE2kf.png"}, {"id": 398, "name": "H2", "sef": "h2", "items": 1, "logo": "https://image.tmdb.org/t/p/h60/bd6vDgU9S8RHZQhjACj007vSnR6.png"}, {"id": 106, "name": "Hallmark Channel", "sef": "hallmark-channel", "items": 5, "logo": "https://image.tmdb.org/t/p/h60/9JTL7HcaiVxq7M6eu5m7giFqaxR.png"}, {"id": 451, "name": "Hallmark Movies & Mysteries", "sef": "hallmark-movies-mysteries", "items": 1, "logo": "https://image.tmdb.org/t/p/h60/5pVL5llSGxKMxEDdfxmCDJUs3Dw.png"}, {"id": 201, "name": "HBC", "sef": "hbc", "items": 1, "logo": "https://image.tmdb.org/t/p/h60/sJwRsE1lfMwAwYZi1OtRfn7V03t.png"}, {"id": 32, "name": "HBO", "sef": "hbo", "items": 82, "logo": "https://image.tmdb.org/t/p/h60/tuomPhY2UtuPTqqFnKMVHvSb724.png"}, {"id": 24, "name": "HBO Asia", "sef": "hbo-asia", "items": 3, "logo": "https://image.tmdb.org/t/p/h60/e0TPhobVyxQ09bu9r5qj3rQLxkj.png"}, {"id": 357, "name": "HBO Canada", "sef": "hbo-canada", "items": 1, "logo": "https://image.tmdb.org/t/p/h60/lFYhRrGIJ1x2wuTrEizMtsdRxFP.png"}, {"id": 242, "name": "HBO Espa\u00f1a", "sef": "hbo-espana", "items": 2, "logo": "https://image.tmdb.org/t/p/h60/z59yULluBjVC1NzIGzxSPBEjr2K.png"}, {"id": 250, "name": "HBO Europe", "sef": "hbo-europe", "items": 2, "logo": "https://image.tmdb.org/t/p/h60/tyoN6zoxMJ71GBddxVkk4dpaeze.png"}, {"id": 44, "name": "HBO Max", "sef": "hbo-max", "items": 28, "logo": "https://image.tmdb.org/t/p/h60/nmU0UMDJB3dRRQSTUqawzF2Od1a.png"}, {"id": 231, "name": "HBO Nordic", "sef": "hbo-nordic", "items": 2, "logo": "https://image.tmdb.org/t/p/h60/sFWkLyP2ps3yUOajuqaUEWxpSWP.png"}, {"id": 31, "name": "History", "sef": "history", "items": 19, "logo": "https://image.tmdb.org/t/p/h60/9fGgdJz17aBX7dOyfHJtsozB7bf.png"}, {"id": 223, "name": "Hokkaido Cultural Broadcasting", "sef": "hokkaido-cultural-broadcasting", "items": 2, "logo": "https://image.tmdb.org/t/p/h60/vkOmMDoyA8Jj8gDJOyP6CjD06Kj.png"}, {"id": 208, "name": "Hokuriku Broadcasting", "sef": "hokuriku-broadcasting", "items": 1, "logo": "https://image.tmdb.org/t/p/h60/dh4E8hGvqD9Xqu51kbqUU06UKbt.png"}, {"id": 233, "name": "HOT3", "sef": "hot3", "items": 2, "logo": "https://image.tmdb.org/t/p/h60/6GFmliU9Dv6pgSPfhMra6a89HA6.png"}, {"id": 382, "name": "HRT 1", "sef": "hrt-1", "items": 1, "logo": "https://image.tmdb.org/t/p/h60/i1rGoIBvxpP9wNYrjsELctDfCib.png"}, {"id": 293, "name": "HTB", "sef": "htb", "items": 1, "logo": "https://image.tmdb.org/t/p/h60/eJSYeF1YIyQbZdTRNxuvVKaZOIK.png"}, {"id": 360, "name": "Hub Network", "sef": "hub-network", "items": 2, "logo": "https://image.tmdb.org/t/p/h60/tL3aAxpgiKdCbSEbmfLKv08jXdl.png"}, {"id": 5, "name": "Hulu", "sef": "hulu", "items": 70, "logo": "https://image.tmdb.org/t/p/h60/pqUTCleNUiTLAVlelGxUgWn1ELh.png"}, {"id": 227, "name": "Hunan Television", "sef": "hunan-television", "items": 6, "logo": "https://image.tmdb.org/t/p/h60/6WVfgvW4r3jiw6v80jflHSQr41j.png"}, {"id": 204, "name": "i-Television", "sef": "i-television", "items": 2, "logo": "https://image.tmdb.org/t/p/h60/nhCsLIGjzIIp6jIFCdHN0cQEzjP.png"}, {"id": 492, "name": "IBC", "sef": "ibc", "items": 1, "logo": "https://image.tmdb.org/t/p/h60/6bhZ2SWdYTbSTQf8Bhmf1q0aBef.png"}, {"id": 206, "name": "IBC Iwate Broadcasting", "sef": "ibc-iwate-broadcasting", "items": 1, "logo": "https://image.tmdb.org/t/p/h60/6bhZ2SWdYTbSTQf8Bhmf1q0aBef.png"}, {"id": 467, "name": "ICI Radio-Canada T\u00e9l\u00e9", "sef": "ici-radio-canada-tele", "items": 1, "logo": "https://image.tmdb.org/t/p/h60/32OnRA75a9xn30N2fC44IcCzHkC.png"}, {"id": 358, "name": "IFC", "sef": "ifc", "items": 1, "logo": "https://image.tmdb.org/t/p/h60/jZYZjulF2FTaAHo5TKBHBC4ihS1.png"}, {"id": 268, "name": "IMDb TV", "sef": "imdb-tv", "items": 2, "logo": "https://image.tmdb.org/t/p/h60/vizcQUuniStEN7Xm9IminQbuisT.png"}, {"id": 373, "name": "Investigation Discovery", "sef": "investigation-discovery", "items": 2, "logo": "https://image.tmdb.org/t/p/h60/3s6YJSYXW9mtJwoszTVI1BHDNc6.png"}, {"id": 104, "name": "iQiyi", "sef": "iqiyi", "items": 12, "logo": "https://image.tmdb.org/t/p/h60/fNxBFqWr7eWEgNeBDvvCxsSItXx.png"}, {"id": 309, "name": "Ishikawa TV", "sef": "ishikawa-tv", "items": 1, "logo": "https://image.tmdb.org/t/p/h60/7QZ9b8bIpNUU5AjdaW6BXcMziY6.png"}, {"id": 294, "name": "iTunes Store", "sef": "itunes-store", "items": 1, "logo": "https://image.tmdb.org/t/p/h60/h7YSa1EqKYtz5ouFRguyb1dzCHA.png"}, {"id": 376, "name": "ITV Encore", "sef": "itv-encore", "items": 2, "logo": "https://image.tmdb.org/t/p/h60/ucMo8oAZCwmn5IFjUV9yDnWpC2O.png"}, {"id": 18, "name": "ITV1", "sef": "itv1", "items": 115, "logo": "https://image.tmdb.org/t/p/h60/oz9pjTHnBUmlju8OkaTymhKbh6C.png"}, {"id": 298, "name": "ITV2", "sef": "itv2", "items": 3, "logo": "https://image.tmdb.org/t/p/h60/wbGo5nGjF0nFxTajmY5WOZVAEQM.png"}, {"id": 47, "name": "ITVX", "sef": "itvx", "items": 5, "logo": "https://image.tmdb.org/t/p/h60/9NZkB99XBofL8XCBV19lKEfhAkU.png"}, {"id": 305, "name": "Iwate Menkoi Television", "sef": "iwate-menkoi-television", "items": 1, "logo": "https://image.tmdb.org/t/p/h60/y1F9WoEjz7MhzjN56im3tVKTd1r.png"}, {"id": 41, "name": "Jetix", "sef": "jetix", "items": 1, "logo": "https://image.tmdb.org/t/p/h60/et3ZqCUvzqGVFIs6OiPlw2rxRbc.png"}, {"id": 60, "name": "JTBC", "sef": "jtbc", "items": 50, "logo": "https://image.tmdb.org/t/p/h60/44I4aVlasm8Blb8WPGXTkMYuZJF.png"}, {"id": 82, "name": "Kakao TV", "sef": "kakao-tv", "items": 6, "logo": "https://image.tmdb.org/t/p/h60/cBB9DBajKFs8OJ4GEB82mL4TfvC.png"}, {"id": 263, "name": "Kan 11", "sef": "kan-11", "items": 3, "logo": "https://image.tmdb.org/t/p/h60/hcG3NWwfOP7lW9tgxcWwDovEdT1.png"}, {"id": 343, "name": "Kanal D", "sef": "kanal-d", "items": 4, "logo": "https://image.tmdb.org/t/p/h60/qJXllHIGCEUF0MJUUnAMErglUjF.png"}, {"id": 303, "name": "Kansai TV", "sef": "kansai-tv", "items": 1, "logo": "https://image.tmdb.org/t/p/h60/1J33ZvSff1VOEt3aC8CyKmj9GEy.png"}, {"id": 148, "name": "KBS Kyoto", "sef": "kbs-kyoto", "items": 5, "logo": "https://image.tmdb.org/t/p/h60/j12pSWPsDBxE1mmIpB7M8VRzk78.png"}, {"id": 49, "name": "KBS2", "sef": "kbs2", "items": 76, "logo": "https://image.tmdb.org/t/p/h60/nFmWwUAf2D3iAtizUcmkxufaM0q.png"}, {"id": 345, "name": "Keshet 12", "sef": "keshet-12", "items": 1, "logo": "https://image.tmdb.org/t/p/h60/guJs28rlEaZTKllD5J1qD7WRQWP.png"}, {"id": 151, "name": "Kids Station", "sef": "kids-station", "items": 2, "logo": "https://image.tmdb.org/t/p/h60/7V7vR2yOXblLOZH0qa1Zcqs5BRs.png"}, {"id": 334, "name": "KiKa", "sef": "kika", "items": 2, "logo": "https://image.tmdb.org/t/p/h60/1dtumlarEVXeYX1BrUFS9qLoG2Z.png"}, {"id": 312, "name": "Kochi Sun Sun Broadcasting", "sef": "kochi-sun-sun-broadcasting", "items": 1, "logo": "https://image.tmdb.org/t/p/h60/vRWtsyWIcIrtw0PXbCbjC4xvXtw.png"}, {"id": 320, "name": "KTS", "sef": "kts", "items": 1, "logo": "https://image.tmdb.org/t/p/h60/fF4u5E7SBK4qOoIUOVmr5FbYk2g.png"}, {"id": 498, "name": "KUTVC", "sef": "kutvc", "items": 1, "logo": "https://image.tmdb.org/t/p/h60/8kzeHaKeW3gZubs3cqlGWFvfJI7.png"}, {"id": 287, "name": "La 1", "sef": "la-1", "items": 7, "logo": "https://image.tmdb.org/t/p/h60/dN6GTZyNY32q2onfrvJ2iAeE4su.png"}, {"id": 116, "name": "La Une", "sef": "la-une", "items": 5, "logo": "https://image.tmdb.org/t/p/h60/kR47hzfGe3zFsFipHTuC123qyCe.png"}, {"id": 329, "name": "Las Estrellas", "sef": "las-estrellas", "items": 1, "logo": "https://image.tmdb.org/t/p/h60/6ROTTOqsZo3XefxZAYowukFdJ6w.png"}, {"id": 237, "name": "Lifetime", "sef": "lifetime", "items": 14, "logo": "https://image.tmdb.org/t/p/h60/kEeaVLcJ6L6jq3v5YlPcjQs9igm.png"}, {"id": 452, "name": "Lifetime Movies", "sef": "lifetime-movies", "items": 1, "logo": "https://image.tmdb.org/t/p/h60/dNUQ8xO2D13KfAke4lmT0a6JYHH.png"}, {"id": 400, "name": "LINE TV", "sef": "line-tv", "items": 1, "logo": "https://image.tmdb.org/t/p/h60/eBK2WsrRlpmLpyoeR09I6fDRJie.png"}, {"id": 489, "name": "Lionsgate+", "sef": "lionsgate", "items": 1, "logo": "https://image.tmdb.org/t/p/h60/3v84Z7wWu047rU8mRkO7PPmjhNM.png"}, {"id": 279, "name": "logotv.com", "sef": "logotvcom", "items": 1, "logo": "https://image.tmdb.org/t/p/h60"}, {"id": 117, "name": "M-Net", "sef": "m-net", "items": 2, "logo": "https://image.tmdb.org/t/p/h60/dJ9KWprPx7AXMOxBrGJoadLhhZQ.png"}, {"id": 52, "name": "M6", "sef": "m6", "items": 4, "logo": "https://image.tmdb.org/t/p/h60/ebCZs9U5Kq1GqOFBT1tlH1lZd8p.png"}, {"id": 153, "name": "MagentaTV", "sef": "magentatv", "items": 1, "logo": "https://image.tmdb.org/t/p/h60/mDnGXZrY5TftZ1cECvu6CmCURrm.png"}, {"id": 236, "name": "Makeful", "sef": "makeful", "items": 1, "logo": "https://image.tmdb.org/t/p/h60/44K8Iq6d382bQvP15bgGoRZ3bjO.png"}, {"id": 161, "name": "Mango TV", "sef": "mango-tv", "items": 5, "logo": "https://image.tmdb.org/t/p/h60/c6GPQWwbXDuD59pGGutCBQ1T711.png"}, {"id": 45, "name": "Max", "sef": "max", "items": 7, "logo": "https://image.tmdb.org/t/p/h60/rAb4M1LjGpWASxpk6Va791A7Nkw.png"}, {"id": 28, "name": "MBC", "sef": "mbc", "items": 66, "logo": "https://image.tmdb.org/t/p/h60/pOSCKaZhndUFYtxHXjQOV6xJi1s.png"}, {"id": 347, "name": "MBC Drama", "sef": "mbc-drama", "items": 1, "logo": "https://image.tmdb.org/t/p/h60"}, {"id": 390, "name": "MBC every1", "sef": "mbc-every1", "items": 1, "logo": "https://image.tmdb.org/t/p/h60/cFhubSOjMZXKxVbg7fylXUk8HPb.png"}, {"id": 221, "name": "MBC South Japan Broadcasting", "sef": "mbc-south-japan-broadcasting", "items": 1, "logo": "https://image.tmdb.org/t/p/h60/iaaU6q82URj2mBbjQIbfAMUz14J.png"}, {"id": 170, "name": "MBN", "sef": "mbn", "items": 6, "logo": "https://image.tmdb.org/t/p/h60/7XKVnL4rDYZNBcTfalthDYsnYzs.png"}, {"id": 152, "name": "MBS", "sef": "mbs", "items": 19, "logo": "https://image.tmdb.org/t/p/h60/7RNXnyiMbjgqtPAjja13wchcrGI.png"}, {"id": 422, "name": "Mega TV", "sef": "mega-tv", "items": 4, "logo": "https://image.tmdb.org/t/p/h60/9BWPicebrzShoc8uJFxHLugjc5K.png"}, {"id": 78, "name": "MGM+", "sef": "mgm", "items": 3, "logo": "https://image.tmdb.org/t/p/h60/89TXvQzvoKvyqD9EEogohzMJ8D6.png"}, {"id": 53, "name": "Milkshake!", "sef": "milkshake", "items": 1, "logo": "https://image.tmdb.org/t/p/h60/wsFJkUNuvuxd8s3XYDSDxh4HDOw.png"}, {"id": 89, "name": "mitele", "sef": "mitele", "items": 2, "logo": "https://image.tmdb.org/t/p/h60/2sMrOSRL5z5SneEjIvwRAXm8B1d.png"}, {"id": 444, "name": "Mnet", "sef": "mnet", "items": 1, "logo": "https://image.tmdb.org/t/p/h60/86kvLisM5gol3ckgayJahAf2G9M.png"}, {"id": 488, "name": "Movistar Plus+", "sef": "movistar-plus", "items": 2, "logo": "https://image.tmdb.org/t/p/h60/tZSV7HC7DVgzXwDSkuu3PkW8C1w.png"}, {"id": 493, "name": "MRO", "sef": "mro", "items": 1, "logo": "https://image.tmdb.org/t/p/h60/dh4E8hGvqD9Xqu51kbqUU06UKbt.png"}, {"id": 501, "name": "MRT", "sef": "mrt", "items": 1, "logo": "https://image.tmdb.org/t/p/h60/YfewT1YYtAqkgvdu8oCX4mnJCs.png"}, {"id": 219, "name": "MRT Miyazaki Broadcasting", "sef": "mrt-miyazaki-broadcasting", "items": 1, "logo": "https://image.tmdb.org/t/p/h60/YfewT1YYtAqkgvdu8oCX4mnJCs.png"}, {"id": 109, "name": "MTV", "sef": "mtv", "items": 10, "logo": "https://image.tmdb.org/t/p/h60/w4qtv7xBkSVsbOQdSzjUjlyOuSr.png"}, {"id": 110, "name": "MTV2", "sef": "mtv2", "items": 1, "logo": "https://image.tmdb.org/t/p/h60/6o7HFq6Sm6mOt5Kh5iL6VzqJ4No.png"}, {"id": 203, "name": "Nagasaki Culture Telecasting Corporation", "sef": "nagasaki-culture-telecasting-corporation", "items": 1, "logo": "https://image.tmdb.org/t/p/h60/3lh8IYJbV6eHOaF0UFCvmmSJNvf.png"}, {"id": 38, "name": "Nat Geo Wild", "sef": "nat-geo-wild", "items": 2, "logo": "https://image.tmdb.org/t/p/h60/esXeePrsUGpF6mGQXs3jImz9QoN.png"}, {"id": 33, "name": "National Geographic", "sef": "national-geographic", "items": 15, "logo": "https://image.tmdb.org/t/p/h60/q9rPBG1rHbUjII1Qn98VG2v7cFa.png"}, {"id": 465, "name": "National Geographic Channel", "sef": "national-geographic-channel", "items": 1, "logo": "https://image.tmdb.org/t/p/h60/q9rPBG1rHbUjII1Qn98VG2v7cFa.png"}, {"id": 61, "name": "NAVER TV", "sef": "naver-tv", "items": 11, "logo": "https://image.tmdb.org/t/p/h60/zt8MWI6nc20BCTViJPrtFPJFAY3.png"}, {"id": 64, "name": "NBC", "sef": "nbc", "items": 128, "logo": "https://image.tmdb.org/t/p/h60/cm111bsDVlYaC1foL0itvEI4yLG.png"}, {"id": 316, "name": "NBS", "sef": "nbs", "items": 1, "logo": "https://image.tmdb.org/t/p/h60/kCNJcIxnOXI4fkc8oZLOk1BZb0o.png"}, {"id": 2, "name": "Netflix", "sef": "netflix", "items": 883, "logo": "https://image.tmdb.org/t/p/h60/wwemzKWzjKYJFfCeiB57q3r4Bcm.png"}, {"id": 262, "name": "Network Ten", "sef": "network-ten", "items": 7, "logo": "https://image.tmdb.org/t/p/h60/gHAm9zYjSX8IAJWuy2s4Du6onuo.png"}, {"id": 349, "name": "NHK", "sef": "nhk", "items": 1, "logo": "https://image.tmdb.org/t/p/h60/rioX0zGJHGnuEm9iGMVL6N9guA0.png"}, {"id": 487, "name": "NHK BS Premium", "sef": "nhk-bs-premium", "items": 1, "logo": "https://image.tmdb.org/t/p/h60/6XY0tlrKcuh2J1oqlBWNtmyjyoH.png"}, {"id": 166, "name": "NHK Educational TV", "sef": "nhk-educational-tv", "items": 2, "logo": "https://image.tmdb.org/t/p/h60/uWDPIxVAZltqyPG4NQZL6D38d1F.png"}, {"id": 410, "name": "NHK G", "sef": "nhk-g", "items": 2, "logo": "https://image.tmdb.org/t/p/h60/3E5bxm9VfOU9LkAX545jtpKAe6Z.png"}, {"id": 322, "name": "NIB", "sef": "nib", "items": 1, "logo": "https://image.tmdb.org/t/p/h60/7OAJi6aS9zQWwP64jqxRllBvYKR.png"}, {"id": 154, "name": "Nick Jr.", "sef": "nick-jr", "items": 5, "logo": "https://image.tmdb.org/t/p/h60/o4uC6wQQeyPes8Jg8afsV2CHmLo.png"}, {"id": 21, "name": "Nickelodeon", "sef": "nickelodeon", "items": 27, "logo": "https://image.tmdb.org/t/p/h60/l4BrSc3cgnkMjfh3VIHFQHrLQuK.png"}, {"id": 404, "name": "Nicktoons", "sef": "nicktoons", "items": 4, "logo": "https://image.tmdb.org/t/p/h60/xlUUkgMevNvnKXcZ5z7F6R2CaGw.png"}, {"id": 175, "name": "Niconico", "sef": "niconico", "items": 2, "logo": "https://image.tmdb.org/t/p/h60/rU3iJ1dHKneqKLqZ1H1lc7eNy4T.png"}, {"id": 139, "name": "Nine Network", "sef": "nine-network", "items": 7, "logo": "https://image.tmdb.org/t/p/h60/pXibAQSgIIanNkSg68dUooI7IGU.png"}, {"id": 119, "name": "Nippon TV", "sef": "nippon-tv", "items": 10, "logo": "https://image.tmdb.org/t/p/h60/uxaXSoT8K0S2NE5PWsBpHUl3GGU.png"}, {"id": 405, "name": "Noggin", "sef": "noggin", "items": 1, "logo": "https://image.tmdb.org/t/p/h60/jQmuRRuydB4XPm6yTv6Src7LPZa.png"}, {"id": 95, "name": "NOVA", "sef": "nova", "items": 2, "logo": "https://image.tmdb.org/t/p/h60/ycpKApWXrNpeTvCW88Ai7w2hain.png"}, {"id": 101, "name": "Nova S", "sef": "nova-s", "items": 1, "logo": "https://image.tmdb.org/t/p/h60/ljhUSTgggthaCgI1q7gYoVvU2Fd.png"}, {"id": 168, "name": "Now", "sef": "now", "items": 1, "logo": "https://image.tmdb.org/t/p/h60/oRTdpuqVyVjQAE1h72BEE5Zxo5E.png"}, {"id": 273, "name": "NRK P3", "sef": "nrk-p3", "items": 1, "logo": "https://image.tmdb.org/t/p/h60/nVIPfpdHtgy2SSczqsv39EiiC6Z.png"}, {"id": 90, "name": "NRK1", "sef": "nrk1", "items": 7, "logo": "https://image.tmdb.org/t/p/h60/4TTFfXnGIEosh3EPYX25ERWp1XG.png"}, {"id": 274, "name": "NRK3", "sef": "nrk3", "items": 1, "logo": "https://image.tmdb.org/t/p/h60/sW3AjUOXSsmsmzZJl9M9vHEGqKd.png"}, {"id": 315, "name": "NST", "sef": "nst", "items": 1, "logo": "https://image.tmdb.org/t/p/h60/fjenNun3vCLtnHHsTpAgVYkubMl.png"}, {"id": 350, "name": "NTV ", "sef": "ntv", "items": 1, "logo": "https://image.tmdb.org/t/p/h60/9wVcHld7xpIZ5e6CQ3LJyFSiFhz.png"}, {"id": 494, "name": "OBS", "sef": "obs", "items": 1, "logo": "https://image.tmdb.org/t/p/h60/yMQxsmGs88q54bslmcSeXlmpObC.png"}, {"id": 83, "name": "OCN", "sef": "ocn", "items": 31, "logo": "https://image.tmdb.org/t/p/h60/x1PpeMBZ1bJzitJyPuuUMRN8u2z.png"}, {"id": 436, "name": "OCN movies", "sef": "ocn-movies", "items": 1, "logo": "https://image.tmdb.org/t/p/h60/k4TI0GCpusWR1o7WNkYplGkYpGr.png"}, {"id": 401, "name": "OCS City", "sef": "ocs-city", "items": 1, "logo": "https://image.tmdb.org/t/p/h60/6toCBtsVvbItflTy1gg8qhLwx2v.png"}, {"id": 332, "name": "OCS Max", "sef": "ocs-max", "items": 2, "logo": "https://image.tmdb.org/t/p/h60/hqYpZX7DKht3HTXbdi5SSCNEPxF.png"}, {"id": 311, "name": "OHK", "sef": "ohk", "items": 1, "logo": "https://image.tmdb.org/t/p/h60/wd94E8WjZwEbu1PLxhNNH0Ny3VT.png"}, {"id": 209, "name": "Oita Broadcasting System", "sef": "oita-broadcasting-system", "items": 1, "logo": "https://image.tmdb.org/t/p/h60/yMQxsmGs88q54bslmcSeXlmpObC.png"}, {"id": 326, "name": "Okinawa Television Broadcasting", "sef": "okinawa-television-broadcasting", "items": 1, "logo": "https://image.tmdb.org/t/p/h60/UQS8TXqK0b367KX6Vw0aOfMB.png"}, {"id": 473, "name": "Okoo", "sef": "okoo", "items": 1, "logo": "https://image.tmdb.org/t/p/h60/swyfRVywaHIy7Xf5s8dLNiiUpcR.png"}, {"id": 330, "name": "oksusu", "sef": "oksusu", "items": 1, "logo": "https://image.tmdb.org/t/p/h60/xIHkp7frQMMTlXKEAUtDQUZgDa1.png"}, {"id": 375, "name": "Olive", "sef": "olive", "items": 1, "logo": "https://image.tmdb.org/t/p/h60/4zo7YRkORjKD7vRVBdCEDHPTqId.png"}, {"id": 342, "name": "OnDirectTV", "sef": "ondirecttv", "items": 1, "logo": "https://image.tmdb.org/t/p/h60/uPNX6Cikdj4ES3TkyOKA9yedDxP.png"}, {"id": 270, "name": "Open Beyond TV", "sef": "open-beyond-tv", "items": 1, "logo": "https://image.tmdb.org/t/p/h60/qH5M9dRWAwpPJ34PehcOudqh2hq.png"}, {"id": 292, "name": "ORF", "sef": "orf", "items": 4, "logo": "https://image.tmdb.org/t/p/h60/k1poBlW9HGDnIyZU67BtH3BXQuz.png"}, {"id": 502, "name": "ORF 1", "sef": "orf-1", "items": 2, "logo": "https://image.tmdb.org/t/p/h60/k1poBlW9HGDnIyZU67BtH3BXQuz.png"}, {"id": 396, "name": "OWN", "sef": "own", "items": 1, "logo": "https://image.tmdb.org/t/p/h60/m8H0hZOpkskkIWeqRdiuP2CZOgq.png"}, {"id": 84, "name": "Pantaya", "sef": "pantaya", "items": 2, "logo": "https://image.tmdb.org/t/p/h60/ytTHs0Mw26jCFQtRUqdajqR5F13.png"}, {"id": 365, "name": "Paramount Network", "sef": "paramount-network", "items": 2, "logo": "https://image.tmdb.org/t/p/h60/4knr4ozp2IQrA3SMQlLSYKcM3ML.png"}, {"id": 80, "name": "Paramount+", "sef": "paramount", "items": 29, "logo": "https://image.tmdb.org/t/p/h60/fi83B1oztoS47xxcemFdPMhIzK.png"}, {"id": 98, "name": "PBS", "sef": "pbs", "items": 16, "logo": "https://image.tmdb.org/t/p/h60/hp2Fs7AIdsMlEjiDUC1V8Ows2jM.png"}, {"id": 6, "name": "Peacock", "sef": "peacock", "items": 18, "logo": "https://image.tmdb.org/t/p/h60/gIAcGTjKKr0KOHL5s4O36roJ8p7.png"}, {"id": 430, "name": "Planeta Junior", "sef": "planeta-junior", "items": 1, "logo": "https://image.tmdb.org/t/p/h60"}, {"id": 189, "name": "Play4", "sef": "play4", "items": 1, "logo": "https://image.tmdb.org/t/p/h60/3s8D7fjKyxmctqTvMziqtOZ5Bq2.png"}, {"id": 435, "name": "Playstation Network", "sef": "playstation-network", "items": 1, "logo": "https://image.tmdb.org/t/p/h60/oLrbwkpqM9ShxO67b0HQTgT3tkW.png"}, {"id": 402, "name": "Pop", "sef": "pop", "items": 2, "logo": "https://image.tmdb.org/t/p/h60/m5bolPhhZJ2SZS4XEo8ZCdluCds.png"}, {"id": 261, "name": "Premier", "sef": "premier", "items": 1, "logo": "https://image.tmdb.org/t/p/h60/sE6SzJwo3yDXntlBohmHNGxmevq.png"}, {"id": 191, "name": "Prime", "sef": "prime", "items": 1, "logo": "https://image.tmdb.org/t/p/h60/pbEvrfT2LasV5qIlHd61MfLbazc.png"}, {"id": 415, "name": "Prime Time Entertainment Network", "sef": "prime-time-entertainment-network", "items": 1, "logo": "https://image.tmdb.org/t/p/h60"}, {"id": 23, "name": "Prime Video", "sef": "prime-video", "items": 109, "logo": "https://image.tmdb.org/t/p/h60/ifhbNuuVnlwYy5oXA5VIb2YR8AZ.png"}, {"id": 355, "name": "puhutv", "sef": "puhutv", "items": 2, "logo": "https://image.tmdb.org/t/p/h60/q10rgiHNUffVdAs3neLZZmXUsca.png"}, {"id": 193, "name": "Quibi", "sef": "quibi", "items": 12, "logo": "https://image.tmdb.org/t/p/h60/vgrbe5rHvK28Crzb5Djl2KbdogK.png"}, {"id": 121, "name": "RAB", "sef": "rab", "items": 1, "logo": "https://image.tmdb.org/t/p/h60/igW7DjfUZ8Ew7BLzCxKHKpeFFL3.png"}, {"id": 70, "name": "Rai 1", "sef": "rai-1", "items": 17, "logo": "https://image.tmdb.org/t/p/h60/pLsnP0qF90P4QAXTKGPgDsftKDl.png"}, {"id": 102, "name": "Rai 2", "sef": "rai-2", "items": 7, "logo": "https://image.tmdb.org/t/p/h60/ar0fBQkxzbBYe4S8zEGnrfZNBnm.png"}, {"id": 431, "name": "Rai Gulp", "sef": "rai-gulp", "items": 1, "logo": "https://image.tmdb.org/t/p/h60/nzYlSSVEia1cj51VU28MNZt70IO.png"}, {"id": 69, "name": "Rai Play", "sef": "rai-play", "items": 1, "logo": "https://image.tmdb.org/t/p/h60/3EOt7Yoe23FBVVAKbUPjMzxkzRD.png"}, {"id": 470, "name": "Rai YoYo", "sef": "rai-yoyo", "items": 1, "logo": "https://image.tmdb.org/t/p/h60/6tIBzDghJkH9hFntmMKYevW04cK.png"}, {"id": 371, "name": "RaiPlay", "sef": "raiplay", "items": 1, "logo": "https://image.tmdb.org/t/p/h60/xuijJ556OSE9xqw9C6Y8nf3liKP.png"}, {"id": 499, "name": "RBC", "sef": "rbc", "items": 1, "logo": "https://image.tmdb.org/t/p/h60/6jr76BpIItwLV5oKbZmRJsVh3c6.png"}, {"id": 218, "name": "RCC", "sef": "rcc", "items": 1, "logo": "https://image.tmdb.org/t/p/h60/mKslL0MTHHt9ukugWOv3Vh8Tn0E.png"}, {"id": 370, "name": "Reelz", "sef": "reelz", "items": 4, "logo": "https://image.tmdb.org/t/p/h60/ngpAA1R1mOkiwC7RAxTbgbip6DZ.png"}, {"id": 171, "name": "Reshet 13", "sef": "reshet-13", "items": 1, "logo": "https://image.tmdb.org/t/p/h60/tyzqjTqeUob43G4h5RorVftFQOt.png"}, {"id": 214, "name": "RKB", "sef": "rkb", "items": 1, "logo": "https://image.tmdb.org/t/p/h60/o5Hlt7ZXJPEm4Qrx2Pl2rtc9A5y.png"}, {"id": 491, "name": "RKK", "sef": "rkk", "items": 1, "logo": "https://image.tmdb.org/t/p/h60/zOgixhlAa61yUb32bsXvRtD63wI.png"}, {"id": 202, "name": "RKK Kumamoto Broadcasting", "sef": "rkk-kumamoto-broadcasting", "items": 1, "logo": "https://image.tmdb.org/t/p/h60/zOgixhlAa61yUb32bsXvRtD63wI.png"}, {"id": 245, "name": "RMC D\u00e9couverte", "sef": "rmc-decouverte", "items": 1, "logo": "https://image.tmdb.org/t/p/h60/xU5g31CXgsP7BhcDtXx9yW0Emrj.png"}, {"id": 406, "name": "RMC Story", "sef": "rmc-story", "items": 1, "logo": "https://image.tmdb.org/t/p/h60/uKuCdsGlB3QETtIqoReAkEFS8am.png"}, {"id": 120, "name": "RNB", "sef": "rnb", "items": 1, "logo": "https://image.tmdb.org/t/p/h60/kwC7bfbGknKuL7uxKahk6paamlp.png"}, {"id": 211, "name": "RSK", "sef": "rsk", "items": 1, "logo": "https://image.tmdb.org/t/p/h60/sGMMrdCmptaLLwJX7CsXTDaduLO.png"}, {"id": 93, "name": "RT\u00c9 One", "sef": "rte-one", "items": 9, "logo": "https://image.tmdb.org/t/p/h60/2kjTvhfxtXLnHspCUZQ9cv9gToV.png"}, {"id": 380, "name": "RT\u00c92", "sef": "rte2", "items": 1, "logo": "https://image.tmdb.org/t/p/h60/vmTwurCvAuE15Xx5SQs0o0uo0rX.png"}, {"id": 385, "name": "RT\u00c9jr", "sef": "rtejr", "items": 1, "logo": "https://image.tmdb.org/t/p/h60/tk5BBwAt7oJrlZCNhXYAXooWt8.png"}, {"id": 230, "name": "RTL T\u00e9l\u00e9", "sef": "rtl-tele", "items": 1, "logo": "https://image.tmdb.org/t/p/h60/rZOY2T2QDPozs6RJwpwObuSRhJP.png"}, {"id": 57, "name": "RTL+", "sef": "rtl", "items": 5, "logo": "https://image.tmdb.org/t/p/h60/humZHNqA4DZFVXnJ0zQf4CfkAeF.png"}, {"id": 265, "name": "RTL-TVI", "sef": "rtl-tvi", "items": 1, "logo": "https://image.tmdb.org/t/p/h60/lyo2nqmPCpXBWvMIQhmVjvZvoHN.png"}, {"id": 163, "name": "RTS Un", "sef": "rts-un", "items": 2, "logo": "https://image.tmdb.org/t/p/h60/jXgJ9TRk5oRLPvm5UhRPYxCTHoH.png"}, {"id": 133, "name": "Russia-1", "sef": "russia-1", "items": 4, "logo": "https://image.tmdb.org/t/p/h60/t96cnWLH1OivW91EXygZDNSmhAK.png"}, {"id": 481, "name": "Ruutu", "sef": "ruutu", "items": 1, "logo": "https://image.tmdb.org/t/p/h60/ieV9u8Q0WqTvlRcR3TTceA1X2r5.png"}, {"id": 284, "name": "R\u00daV", "sef": "ruv", "items": 6, "logo": "https://image.tmdb.org/t/p/h60/r4KMDmIFmjf1xhE3OmbSgaGNxt6.png"}, {"id": 216, "name": "Ryukyu Broadcasting", "sef": "ryukyu-broadcasting", "items": 1, "logo": "https://image.tmdb.org/t/p/h60/6jr76BpIItwLV5oKbZmRJsVh3c6.png"}, {"id": 366, "name": "S4C", "sef": "s4c", "items": 4, "logo": "https://image.tmdb.org/t/p/h60/GOTWuhzHulAcXJMETunP2Wy8No.png"}, {"id": 403, "name": "SABC 1", "sef": "sabc-1", "items": 1, "logo": "https://image.tmdb.org/t/p/h60/dI9PpZYyc2IzMiTDH1IdJ1IND3W.png"}, {"id": 308, "name": "SAGA TV", "sef": "saga-tv", "items": 1, "logo": "https://image.tmdb.org/t/p/h60/pRhoUkllLEe3U9341NUCeKdQ7to.png"}, {"id": 317, "name": "Sakuranbo TV", "sef": "sakuranbo-tv", "items": 1, "logo": "https://image.tmdb.org/t/p/h60/mFM7fx4yt3FOa6leUbBbd8iGZIi.png"}, {"id": 187, "name": "Sanlih E-Television", "sef": "sanlih-e-television", "items": 3, "logo": "https://image.tmdb.org/t/p/h60/5Nv8DkUTpbJKbFwz27PT5jgHk6e.png"}, {"id": 454, "name": "SAT.1", "sef": "sat1", "items": 1, "logo": "https://image.tmdb.org/t/p/h60/tpuoOACmOTDY96gSQ2dT5sd1Q3Q.png"}, {"id": 200, "name": "SBC", "sef": "sbc", "items": 1, "logo": "https://image.tmdb.org/t/p/h60/artkCykJgOAh6lAjfrNNgANasgk.png"}, {"id": 39, "name": "SBS", "sef": "sbs", "items": 88, "logo": "https://image.tmdb.org/t/p/h60/aQ7chdTN42fz0qtmih3yYnDWp4F.png"}, {"id": 235, "name": "SBS On Demand", "sef": "sbs-demand", "items": 1, "logo": "https://image.tmdb.org/t/p/h60/9rSJbgItFQgSXOAcDSSvhWpSMjG.png"}, {"id": 439, "name": "SBS Plus", "sef": "sbs-plus", "items": 1, "logo": "https://image.tmdb.org/t/p/h60/sICN2poM7A3PnL8O9YHnwOFHPAU.png"}, {"id": 205, "name": "SBS TV", "sef": "sbs-tv", "items": 2, "logo": "https://image.tmdb.org/t/p/h60/9coKtCf4jSNCdSqGveVFyzvjrZt.png"}, {"id": 377, "name": "Science", "sef": "science", "items": 2, "logo": "https://image.tmdb.org/t/p/h60/orcpefChr3hPSipPcoYa9gSq7ev.png"}, {"id": 222, "name": "Seezn", "sef": "seezn", "items": 2, "logo": "https://image.tmdb.org/t/p/h60/fDZ4kFJvIjs6kumwPGPzVoUUhP2.png"}, {"id": 307, "name": "Sendai Television", "sef": "sendai-television", "items": 1, "logo": "https://image.tmdb.org/t/p/h60/qHGklsa90XMreAdYm7AZl6eeaCL.png"}, {"id": 246, "name": "Seven Network", "sef": "seven-network", "items": 4, "logo": "https://image.tmdb.org/t/p/h60/83L2wF8tM76nUQHzOBOBAGlPQVP.png"}, {"id": 348, "name": "Shahid", "sef": "shahid", "items": 1, "logo": "https://image.tmdb.org/t/p/h60/X37sqYsNaok8iZXzJpvFbNSJHe.png"}, {"id": 428, "name": "Show TV", "sef": "show-tv", "items": 1, "logo": "https://image.tmdb.org/t/p/h60/8kD8Spe7RlZOqNV54bIvLuAtprO.png"}, {"id": 276, "name": "showcase", "sef": "showcase", "items": 11, "logo": "https://image.tmdb.org/t/p/h60/aE73SvqF48ZdeMQ0Ls8kzxiikwL.png"}, {"id": 257, "name": "Showmax", "sef": "showmax", "items": 2, "logo": "https://image.tmdb.org/t/p/h60/72uE6rBXSuth2k36cGsvIYxm5sp.png"}, {"id": 1, "name": "Showtime", "sef": "showtime", "items": 49, "logo": "https://image.tmdb.org/t/p/h60/Allse9kbjiP6ExaQrnSpIhkurEi.png"}, {"id": 243, "name": "Shudder", "sef": "shudder", "items": 4, "logo": "https://image.tmdb.org/t/p/h60/Ap2jtXPy3QlLMi1GYLtasq7VoN3.png"}, {"id": 383, "name": "Skai", "sef": "skai", "items": 2, "logo": "https://image.tmdb.org/t/p/h60/xADNihESQ9mHtnOnhruEg3RoUH6.png"}, {"id": 484, "name": "Sky", "sef": "sky", "items": 1, "logo": "https://image.tmdb.org/t/p/h60/pmoxEngASlzbbibC14aQ0GObVae.png"}, {"id": 361, "name": "Sky Arts", "sef": "sky-arts", "items": 2, "logo": "https://image.tmdb.org/t/p/h60/jNJA48OhbJjDJtlBhmegJsMcAkH.png"}, {"id": 25, "name": "Sky Atlantic", "sef": "sky-atlantic", "items": 22, "logo": "https://image.tmdb.org/t/p/h60/6es7UmBjk2HTSZKq3NbtAxYEGCx.png"}, {"id": 26, "name": "Sky Cinema", "sef": "sky-cinema", "items": 1, "logo": "https://image.tmdb.org/t/p/h60/eia3wASVi2KULA1hgy0gXIeSihs.png"}, {"id": 183, "name": "Sky Comedy", "sef": "sky-comedy", "items": 2, "logo": "https://image.tmdb.org/t/p/h60/lpg9xIy2JPy046ebRBI8GL8IebE.png"}, {"id": 266, "name": "Sky Crime", "sef": "sky-crime", "items": 1, "logo": "https://image.tmdb.org/t/p/h60/j1DtfhlOytvbV6QVnrZHT3xBkAP.png"}, {"id": 137, "name": "Sky History", "sef": "sky-history", "items": 1, "logo": "https://image.tmdb.org/t/p/h60/mzLlbqnnLiDIzriohlvfSbWlEfR.png"}, {"id": 423, "name": "Sky Living", "sef": "sky-living", "items": 2, "logo": "https://image.tmdb.org/t/p/h60/k7EOxG3Ul7JWaRq2MzxWM04Gxc6.png"}, {"id": 87, "name": "Sky Max", "sef": "sky-max", "items": 5, "logo": "https://image.tmdb.org/t/p/h60/g2IOt9G84UAjsDPMXQiqgr77AMV.png"}, {"id": 96, "name": "Sky One", "sef": "sky-one", "items": 36, "logo": "https://image.tmdb.org/t/p/h60/dVBHOr0nYCx9GSNesTVb1TT52Xj.png"}, {"id": 285, "name": "Sky Vision", "sef": "sky-vision", "items": 1, "logo": "https://image.tmdb.org/t/p/h60"}, {"id": 354, "name": "Sky Witness", "sef": "sky-witness", "items": 1, "logo": "https://image.tmdb.org/t/p/h60/mGbOeG43ckHhAAsK391NyLyndoK.png"}, {"id": 58, "name": "Smithsonian Channel", "sef": "smithsonian-channel", "items": 1, "logo": "https://image.tmdb.org/t/p/h60/meU2LRnHcSr0m0Upx5loxHWETqF.png"}, {"id": 275, "name": "SoHo", "sef": "soho", "items": 1, "logo": "https://image.tmdb.org/t/p/h60/w3WfrSFdWiEr5dJMC3dDMrIyzpp.png"}, {"id": 113, "name": "Sohu", "sef": "sohu", "items": 4, "logo": "https://image.tmdb.org/t/p/h60/2Ew6jjFlEPxeubJEijHZY14Z27p.png"}, {"id": 413, "name": "Space", "sef": "space", "items": 8, "logo": "https://image.tmdb.org/t/p/h60/l0TrgNyJsY0yV1hTggk9eWDtV5I.png"}, {"id": 114, "name": "Spectrum", "sef": "spectrum", "items": 4, "logo": "https://image.tmdb.org/t/p/h60/ta0tkJ6VUugXwQzdea6T7jzUYkI.png"}, {"id": 225, "name": "Spike", "sef": "spike", "items": 6, "logo": "https://image.tmdb.org/t/p/h60/82MKSH7iM5LAGXFb0PDOclTWn5u.png"}, {"id": 108, "name": "Stan", "sef": "stan", "items": 6, "logo": "https://image.tmdb.org/t/p/h60/1akCJMjyZsiS4v3NTJD5Y0LFZ4R.png"}, {"id": 346, "name": "Star TV", "sef": "star-tv", "items": 1, "logo": "https://image.tmdb.org/t/p/h60/qWvC2SCqIGhm7hPGtqaPjL4tPvx.png"}, {"id": 48, "name": "STAR+", "sef": "star", "items": 11, "logo": "https://image.tmdb.org/t/p/h60/s8kZw4nGzlGPiL8qghKWQhGIjq4.png"}, {"id": 388, "name": "Stargate Command", "sef": "stargate-command", "items": 1, "logo": "https://image.tmdb.org/t/p/h60/fPXvpCLOBpAkhjjsyXQLFazuAqL.png"}, {"id": 8, "name": "Starz", "sef": "starz", "items": 32, "logo": "https://image.tmdb.org/t/p/h60/GMDGZk9iDG4WDijY3VgUgJeyus.png"}, {"id": 59, "name": "Starzplay", "sef": "starzplay", "items": 2, "logo": "https://image.tmdb.org/t/p/h60/xwJCudY7u7w3brf4JDeeBHXKfix.png"}, {"id": 461, "name": "STB", "sef": "stb", "items": 1, "logo": "https://image.tmdb.org/t/p/h60/8VidRVpoPUAtOCWfqgtq5bMnyD0.png"}, {"id": 143, "name": "Sun TV", "sef": "sun-tv", "items": 5, "logo": "https://image.tmdb.org/t/p/h60/wkyNhgg9DDtQMFBGXpAaHilE99N.png"}, {"id": 362, "name": "SundanceTV", "sef": "sundancetv", "items": 5, "logo": "https://image.tmdb.org/t/p/h60/xhTdszjVRy1tABMix2dffBcdDJ1.png"}, {"id": 458, "name": "Super RTL", "sef": "super-rtl", "items": 1, "logo": "https://image.tmdb.org/t/p/h60/nDiZSdUQvqiAUROq6DubHA5pLDd.png"}, {"id": 485, "name": "SVT", "sef": "svt", "items": 1, "logo": "https://image.tmdb.org/t/p/h60/ojnkOr1f0LfdLj04Qjybir2N3kT.png"}, {"id": 469, "name": "SVT Play", "sef": "svt-play", "items": 1, "logo": "https://image.tmdb.org/t/p/h60/xtXMBjBC6YhQzODw0XWERsHvhdz.png"}, {"id": 27, "name": "SVT1", "sef": "svt1", "items": 8, "logo": "https://image.tmdb.org/t/p/h60/zFb3TsNzVC8STlkSzbnF1FTHXTA.png"}, {"id": 29, "name": "Syfy", "sef": "syfy", "items": 61, "logo": "https://image.tmdb.org/t/p/h60/iYfrkobwDhTOFJ4AXYPSLIEeaAT.png"}, {"id": 115, "name": "Syndication", "sef": "syndication", "items": 21, "logo": "https://image.tmdb.org/t/p/h60"}, {"id": 497, "name": "tbc", "sef": "tbc", "items": 1, "logo": "https://image.tmdb.org/t/p/h60/yWlWHPUn6FHjNUulL1vp8croYFw.png"}, {"id": 178, "name": "TBS", "sef": "tbs", "items": 24, "logo": "https://image.tmdb.org/t/p/h60/lUACMATs6jcscXIrzNCQzbvNVN5.png"}, {"id": 272, "name": "T\u00e9l\u00e9-Qu\u00e9bec", "sef": "tele-quebec", "items": 1, "logo": "https://image.tmdb.org/t/p/h60/c1YCG42hBUQruiOKRT7xD6erGZd.png"}, {"id": 479, "name": "Tele5", "sef": "tele5", "items": 1, "logo": "https://image.tmdb.org/t/p/h60/ngbd6zYGN2bU6Hu1AYy6U5W7pbA.png"}, {"id": 88, "name": "Telecinco", "sef": "telecinco", "items": 5, "logo": "https://image.tmdb.org/t/p/h60/nSksjyoitz94qhfon6uzJj6ekj9.png"}, {"id": 182, "name": "Telemundo", "sef": "telemundo", "items": 5, "logo": "https://image.tmdb.org/t/p/h60/mieMBXx82qgY8nmnyaH0rY2D943.png"}, {"id": 142, "name": "Teletama", "sef": "teletama", "items": 2, "logo": "https://image.tmdb.org/t/p/h60/yhFNPfWqQTOj8olwR4Gk2H5397X.png"}, {"id": 11, "name": "T\u00e9l\u00e9toon+", "sef": "teletoon", "items": 5, "logo": "https://image.tmdb.org/t/p/h60/nLFQkHAhQXlhLGRXJTbuULYJWuv.png"}, {"id": 336, "name": "Televisi\u00f3n de Galicia", "sef": "television-de-galicia", "items": 1, "logo": "https://image.tmdb.org/t/p/h60/xFCWp2bNmwQFG6QAF4Pij7TqAiZ.png"}, {"id": 111, "name": "Televisi\u00f3n Nacional de Chile", "sef": "television-nacional-de-chile", "items": 1, "logo": "https://image.tmdb.org/t/p/h60/edyWZcduu9EC9Mr4v8TK8Mhhqxj.png"}, {"id": 310, "name": "Television Nishinippon", "sef": "television-nishinippon", "items": 1, "logo": "https://image.tmdb.org/t/p/h60/thh0SqE1oh7oOH08ISphk6cRghq.png"}, {"id": 306, "name": "Television Oita System", "sef": "television-oita-system", "items": 1, "logo": "https://image.tmdb.org/t/p/h60/9dD3buakf1nS6XQVBwEtm50izs4.png"}, {"id": 313, "name": "Television Shin Hiroshima System", "sef": "television-shin-hiroshima-system", "items": 1, "logo": "https://image.tmdb.org/t/p/h60/6hrEhIW5lIUKeX78BNTzMQ0e8aK.png"}, {"id": 74, "name": "Tencent Video", "sef": "tencent-video", "items": 19, "logo": "https://image.tmdb.org/t/p/h60/6Lfll43wYG2eyereOBjpYFRSGs4.png"}, {"id": 55, "name": "TF1", "sef": "tf1", "items": 15, "logo": "https://image.tmdb.org/t/p/h60/fqsd09CrijoGu6qfoNIdgUQmVGO.png"}, {"id": 17, "name": "The CW", "sef": "cw", "items": 64, "logo": "https://image.tmdb.org/t/p/h60/ge9hzeaU7nMtQ4PjkFlc68dGAJ9.png"}, {"id": 54, "name": "The Roku Channel", "sef": "roku-channel", "items": 3, "logo": "https://image.tmdb.org/t/p/h60/lD9lCk9tUsMZbzfydCHEVhhfIJd.png"}, {"id": 128, "name": "The WB", "sef": "wb", "items": 15, "logo": "https://image.tmdb.org/t/p/h60/9GlDHjQj9c2dkfARCR3zlH87R66.png"}, {"id": 138, "name": "Three", "sef": "three", "items": 1, "logo": "https://image.tmdb.org/t/p/h60/45DWFxTFn4BCe1cNmIWK12nqnEx.png"}, {"id": 271, "name": "TNT", "sef": "tnt", "items": 31, "logo": "https://image.tmdb.org/t/p/h60/6ISsKwa2XUhSC6oBtHZjYf6xFqv.png"}, {"id": 434, "name": "TNT Serie", "sef": "tnt-serie", "items": 1, "logo": "https://image.tmdb.org/t/p/h60/oPPsO7TGHwxVW7h8gsi6BP6sHYs.png"}, {"id": 172, "name": "Tochigi TV", "sef": "tochigi-tv", "items": 5, "logo": "https://image.tmdb.org/t/p/h60/2v82HpzoKRveJEJcGHkeTcktMRM.png"}, {"id": 213, "name": "Tohoku Broadcasting", "sef": "tohoku-broadcasting", "items": 1, "logo": "https://image.tmdb.org/t/p/h60/yWlWHPUn6FHjNUulL1vp8croYFw.png"}, {"id": 302, "name": "Tokai Television Broadcasting", "sef": "tokai-television-broadcasting", "items": 1, "logo": "https://image.tmdb.org/t/p/h60/pX3gDCsG8WcQvQbCNJ37t5w0HyG.png"}, {"id": 126, "name": "Tokyo MX", "sef": "tokyo-mx", "items": 44, "logo": "https://image.tmdb.org/t/p/h60/hSdroyVthq3CynxTIIY7lnS8w1.png"}, {"id": 421, "name": "Toon Disney", "sef": "toon-disney", "items": 1, "logo": "https://image.tmdb.org/t/p/h60/7ahoCR2iIFYd0p2xbbrhQgnClJC.png"}, {"id": 453, "name": "Toons.TV", "sef": "toonstv", "items": 1, "logo": "https://image.tmdb.org/t/p/h60/est3feuwDI2L6VxvJoDIa33PzJi.png"}, {"id": 324, "name": "Toyama Television", "sef": "toyama-television", "items": 1, "logo": "https://image.tmdb.org/t/p/h60/mkTZDdapxuLVS4gzSCwD01DFkbw.png"}, {"id": 480, "name": "TRT 1", "sef": "trt-1", "items": 1, "logo": "https://image.tmdb.org/t/p/h60/9yA7cB9bsLuQaxmF9ZPlSGJOQnu.png"}, {"id": 368, "name": "truTV", "sef": "trutv", "items": 1, "logo": "https://image.tmdb.org/t/p/h60/c48pVcWAEYhEFXrWFsYxx343mjx.png"}, {"id": 150, "name": "TSC", "sef": "tsc", "items": 8, "logo": "https://image.tmdb.org/t/p/h60/qi4L1ffRabF5LJqVimCaaUYpeSj.png"}, {"id": 318, "name": "TSK", "sef": "tsk", "items": 1, "logo": "https://image.tmdb.org/t/p/h60/eAaH52WuIH4XNlqYSonXZRPRnGE.png"}, {"id": 186, "name": "TTV Main Channel", "sef": "ttv-main-channel", "items": 2, "logo": "https://image.tmdb.org/t/p/h60/2HVxTrTSKWoFsYB7KxxwMMP1LBt.png"}, {"id": 495, "name": "TUF", "sef": "tuf", "items": 1, "logo": "https://image.tmdb.org/t/p/h60/6ACZlk44MWsIIwYHxjRGXGKlpRb.png"}, {"id": 195, "name": "Tulip Television", "sef": "tulip-television", "items": 2, "logo": "https://image.tmdb.org/t/p/h60/qfUzYnpnN5bnd2bqGUH0OlAMell.png"}, {"id": 496, "name": "TUY", "sef": "tuy", "items": 1, "logo": "https://image.tmdb.org/t/p/h60/zOz9LK6WWLUWGuG0fthzDzCIXlA.png"}, {"id": 63, "name": "TV 2", "sef": "tv-2", "items": 10, "logo": "https://image.tmdb.org/t/p/h60/fft3jrctrZNcgAxgN1w5Givtzip.png"}, {"id": 475, "name": "TV 2 Charlie", "sef": "tv-2-charlie", "items": 1, "logo": "https://image.tmdb.org/t/p/h60/gstdG1UAEaAQSTYi8Wtx5fDXNoz.png"}, {"id": 482, "name": "TV 2 Play", "sef": "tv-2-play", "items": 1, "logo": "https://image.tmdb.org/t/p/h60/25brfrubMmEEdFJPX7z0uC9X1ju.png"}, {"id": 145, "name": "TV Aichi", "sef": "tv-aichi", "items": 15, "logo": "https://image.tmdb.org/t/p/h60/zFZ5KCuvx7K0vP9XgGcidfXjuUd.png"}, {"id": 91, "name": "tv asahi", "sef": "tv-asahi", "items": 4, "logo": "https://image.tmdb.org/t/p/h60/j3xAzk1SYQQwrQOD7acdSz675Wa.png"}, {"id": 159, "name": "TV Chosun", "sef": "tv-chosun", "items": 7, "logo": "https://image.tmdb.org/t/p/h60/7KzMozIYj58zKLMAaybYxWUWjdg.png"}, {"id": 215, "name": "TV Kochi Broadcasting", "sef": "tv-kochi-broadcasting", "items": 1, "logo": "https://image.tmdb.org/t/p/h60/8kzeHaKeW3gZubs3cqlGWFvfJI7.png"}, {"id": 325, "name": "TV Kumamoto", "sef": "tv-kumamoto", "items": 1, "logo": "https://image.tmdb.org/t/p/h60/lquU1iSzXNKMWohDVIE91pxDzhE.png"}, {"id": 440, "name": "TV Land", "sef": "tv-land", "items": 2, "logo": "https://image.tmdb.org/t/p/h60/lOCn3EqluXoP8olsZsJHoWITwQJ.png"}, {"id": 449, "name": "TV One", "sef": "tv-one", "items": 1, "logo": "https://image.tmdb.org/t/p/h60/tVTnNvyGqOmerZtHVoofisDTZhN.png"}, {"id": 146, "name": "TV Osaka", "sef": "tv-osaka", "items": 10, "logo": "https://image.tmdb.org/t/p/h60/6foQmoPac7WCDnDuDbuCZklmDuA.png"}, {"id": 314, "name": "TV Shizuoka", "sef": "tv-shizuoka", "items": 1, "logo": "https://image.tmdb.org/t/p/h60/832SJcpnozaNWKto6hPSpYvDYQU.png"}, {"id": 40, "name": "TV Tokyo", "sef": "tv-tokyo", "items": 31, "logo": "https://image.tmdb.org/t/p/h60/jnuO8pZNEBLEq5YaOP1f5OkmG91.png"}, {"id": 217, "name": "TV Yamanashi", "sef": "tv-yamanashi", "items": 1, "logo": "https://image.tmdb.org/t/p/h60/ekXN1cfYutjLfudy1MKyGzNynEa.png"}, {"id": 490, "name": "TV+", "sef": "tv", "items": 1, "logo": "https://image.tmdb.org/t/p/h60"}, {"id": 210, "name": "TV-U Fukushima", "sef": "tv-u-fukushima", "items": 1, "logo": "https://image.tmdb.org/t/p/h60/6ACZlk44MWsIIwYHxjRGXGKlpRb.png"}, {"id": 212, "name": "TV-U Yamagata", "sef": "tv-u-yamagata", "items": 1, "logo": "https://image.tmdb.org/t/p/h60/zOz9LK6WWLUWGuG0fthzDzCIXlA.png"}, {"id": 476, "name": "TV2 Play", "sef": "tv2-play", "items": 1, "logo": "https://image.tmdb.org/t/p/h60"}, {"id": 9, "name": "TV3", "sef": "tv3", "items": 5, "logo": "https://image.tmdb.org/t/p/h60/bvjlXF06a7hR3vJ4IoFkGVLaBFo.png"}, {"id": 103, "name": "TV4", "sef": "tv4", "items": 4, "logo": "https://image.tmdb.org/t/p/h60/9zmhGgy7jANwrQduB16IubC10KM.png"}, {"id": 474, "name": "TV5 Qu\u00e9bec Canada", "sef": "tv5-quebec-canada", "items": 1, "logo": "https://image.tmdb.org/t/p/h60/5KU8oRvXX9I1bWdiATsSlYqx6em.png"}, {"id": 352, "name": "TV8", "sef": "tv8", "items": 1, "logo": "https://image.tmdb.org/t/p/h60/nX4NrQzkUMjciGpripgTNLMPnJB.png"}, {"id": 295, "name": "TVBS", "sef": "tvbs", "items": 1, "logo": "https://image.tmdb.org/t/p/h60/lSdTUbOqNyvGHwiypMJVm0ZqTb1.png"}, {"id": 147, "name": "TVh", "sef": "tvh", "items": 8, "logo": "https://image.tmdb.org/t/p/h60/f12LLqBVFnDVIY8HidhWEitI77c.png"}, {"id": 122, "name": "TVI", "sef": "tvi", "items": 1, "logo": "https://image.tmdb.org/t/p/h60/9qQIAEYEw1ZyPPK3tqE18Z00AwW.png"}, {"id": 76, "name": "TVING", "sef": "tving", "items": 4, "logo": "https://image.tmdb.org/t/p/h60/cfMtt9sNl2bDyHuoPSZouEqDB9N.png"}, {"id": 169, "name": "tvk", "sef": "tvk", "items": 4, "logo": "https://image.tmdb.org/t/p/h60/onniCKpgZl8VEVSS8oa08Oas9jT.png"}, {"id": 19, "name": "tvN", "sef": "tvn", "items": 116, "logo": "https://image.tmdb.org/t/p/h60/aRDq8zBrX3YLpHSfueNQBkNnn7b.png"}, {"id": 127, "name": "TVNOW", "sef": "tvnow", "items": 1, "logo": "https://image.tmdb.org/t/p/h60/fXCqxsW0QhZTTfL5YxDuDeKNvxJ.png"}, {"id": 190, "name": "TVNZ 1", "sef": "tvnz-1", "items": 5, "logo": "https://image.tmdb.org/t/p/h60/tRUJaANZCvxWQbQfdWcP8UvOjTG.png"}, {"id": 290, "name": "TVP1", "sef": "tvp1", "items": 1, "logo": "https://image.tmdb.org/t/p/h60/5XBLFR7RjHrWrK2MHIpfxpkGei9.png"}, {"id": 149, "name": "TVQ", "sef": "tvq", "items": 8, "logo": "https://image.tmdb.org/t/p/h60/fGdBR7lxjrXsBlwZF7B1UNpG5ff.png"}, {"id": 181, "name": "tys", "sef": "tys", "items": 2, "logo": "https://image.tmdb.org/t/p/h60/b4Ivxqz6UY0EogjYc09Y22ctC6F.png"}, {"id": 124, "name": "UMK TV Miyazaki", "sef": "umk-tv-miyazaki", "items": 2, "logo": "https://image.tmdb.org/t/p/h60/gxpzF98cV1DHpXzJmXf2Ew6sQvV.png"}, {"id": 234, "name": "Universal TV", "sef": "universal-tv", "items": 1, "logo": "https://image.tmdb.org/t/p/h60/bKzvRKx4kTWdJLl3trEc3p7cldt.png"}, {"id": 299, "name": "Univision", "sef": "univision", "items": 2, "logo": "https://image.tmdb.org/t/p/h60/8JwhJGdxpSsiuPiFDGslBH1cr7t.png"}, {"id": 260, "name": "UPN", "sef": "upn", "items": 8, "logo": "https://image.tmdb.org/t/p/h60/333LtWX9Z7H9uRrNcCl1JcTvdpR.png"}, {"id": 135, "name": "USA Network", "sef": "usa-network", "items": 30, "logo": "https://image.tmdb.org/t/p/h60/g1e0H0Ka97IG5SyInMXdJkHGKiH.png"}, {"id": 500, "name": "UTY", "sef": "uty", "items": 1, "logo": "https://image.tmdb.org/t/p/h60/ekXN1cfYutjLfudy1MKyGzNynEa.png"}, {"id": 460, "name": "V LIVE", "sef": "v-live", "items": 1, "logo": "https://image.tmdb.org/t/p/h60/bISjuts7UGfjH3KI7I21HmDZLlg.png"}, {"id": 367, "name": "VH1", "sef": "vh1", "items": 2, "logo": "https://image.tmdb.org/t/p/h60/w9oUxxUiXTC1O1MzJSvsMjQbgft.png"}, {"id": 4, "name": "Viaplay", "sef": "viaplay", "items": 11, "logo": "https://image.tmdb.org/t/p/h60/zs2yhnfMzRLoRtZgGRf41mqrLL0.png"}, {"id": 42, "name": "Viki", "sef": "viki", "items": 4, "logo": "https://image.tmdb.org/t/p/h60/elFTTrZr1Q2jnI1j0mHh0h7B9B1.png"}, {"id": 278, "name": "Vimeo", "sef": "vimeo", "items": 1, "logo": "https://image.tmdb.org/t/p/h60/lYL7PahejU2LKpMVixqksxnQ448.png"}, {"id": 79, "name": "Virgin Media Television", "sef": "virgin-media-television", "items": 1, "logo": "https://image.tmdb.org/t/p/h60"}, {"id": 43, "name": "Viu", "sef": "viu", "items": 6, "logo": "https://image.tmdb.org/t/p/h60/yEv7NZDYYxWak9cytEKzjO4Te1L.png"}, {"id": 86, "name": "VRT 1", "sef": "vrt-1", "items": 5, "logo": "https://image.tmdb.org/t/p/h60/nlcRu8gGckTe83evTTtwbM3SCYz.png"}, {"id": 15, "name": "VRV", "sef": "vrv", "items": 1, "logo": "https://image.tmdb.org/t/p/h60/u7mpqGD2mgtgV5QdV1ZFXh0xdtK.png"}, {"id": 300, "name": "VTM", "sef": "vtm", "items": 3, "logo": "https://image.tmdb.org/t/p/h60/yGSBirbkzKINILx24mo2O9d7mgK.png"}, {"id": 131, "name": "W", "sef": "w", "items": 1, "logo": "https://image.tmdb.org/t/p/h60/Pp7UfEzEkXo1blroQ7PpcVQBqw.png"}, {"id": 71, "name": "wavve", "sef": "wavve", "items": 9, "logo": "https://image.tmdb.org/t/p/h60/13a2E9fbpRtQrQgfb9UCNWZcM2O.png"}, {"id": 130, "name": "WE tv", "sef": "we-tv", "items": 2, "logo": "https://image.tmdb.org/t/p/h60/gWllamFWxBczPiFxQzHZd2IAY9W.png"}, {"id": 466, "name": "WeTV", "sef": "wetv", "items": 2, "logo": "https://image.tmdb.org/t/p/h60/7RZcx06TjlQ2CHNMi6dL5XQtfgf.png"}, {"id": 418, "name": "WGN America", "sef": "wgn-america", "items": 4, "logo": "https://image.tmdb.org/t/p/h60/kCNFRiqVRMgNWKSWu0LzAIpy9um.png"}, {"id": 391, "name": "WOWOW Prime", "sef": "wowow-prime", "items": 5, "logo": "https://image.tmdb.org/t/p/h60/dCN47YS5lugkwts5ellpW51cBzL.png"}, {"id": 445, "name": "Yahoo! Screen", "sef": "yahoo-screen", "items": 1, "logo": "https://image.tmdb.org/t/p/h60/117TR6CuHY1Tapv3T81Z8je6fvN.png"}, {"id": 123, "name": "YBC", "sef": "ybc", "items": 1, "logo": "https://image.tmdb.org/t/p/h60/cvePJ33fR2SeirKZWD8rCV7rAaF.png"}, {"id": 129, "name": "yes", "sef": "yes", "items": 3, "logo": "https://image.tmdb.org/t/p/h60/9yWETECjfnsxZ9UtviBZXaZ087k.png"}, {"id": 283, "name": "Yle TV1", "sef": "yle-tv1", "items": 1, "logo": "https://image.tmdb.org/t/p/h60/5WItBySbMUAklcJMVv6k4GEOR6a.png"}, {"id": 363, "name": "Yle TV2", "sef": "yle-tv2", "items": 1, "logo": "https://image.tmdb.org/t/p/h60/pbnLDOMP0nFRgyXMehuAzxh4Y5w.png"}, {"id": 36, "name": "Youku", "sef": "youku", "items": 10, "logo": "https://image.tmdb.org/t/p/h60/jBWFMzbqiqAIJxplZ0lRvZDzzZK.png"}, {"id": 14, "name": "YouTube", "sef": "youtube", "items": 14, "logo": "https://image.tmdb.org/t/p/h60/9Ga8A5QegQmiSVHp4hyusfMfpVk.png"}, {"id": 338, "name": "YouTube Premium", "sef": "youtube-premium", "items": 4, "logo": "https://image.tmdb.org/t/p/h60/3p05CgodUb9gPayuliuhawNj1Wo.png"}, {"id": 224, "name": "YTV", "sef": "ytv", "items": 6, "logo": "https://image.tmdb.org/t/p/h60/1vBZP6weH5iSbSVHkJWi3pDpIpJ.png"}, {"id": 73, "name": "ZDF", "sef": "zdf", "items": 11, "logo": "https://image.tmdb.org/t/p/h60/2OHAgbf6QUj4cWjmFkFKu4jIsq1.png"}, {"id": 184, "name": "ZDFneo", "sef": "zdfneo", "items": 3, "logo": "https://image.tmdb.org/t/p/h60/5xti6WP3i8AoI9o4Wl813JA98CF.png"}, {"id": 226, "name": "Zhejiang Television", "sef": "zhejiang-television", "items": 1, "logo": "https://image.tmdb.org/t/p/h60/jXR61DUeQu4jdryz85cjnCFXNNv.png"}, {"id": 426, "name": "\u0395\u03a1\u03a4", "sef": "ert", "items": 1, "logo": "https://image.tmdb.org/t/p/h60/3syUu5vaOhVH9NxFYhvO4qKIn8P.png"}, {"id": 427, "name": "\u0395\u03a1\u03a42", "sef": "ert2", "items": 1, "logo": "https://image.tmdb.org/t/p/h60/w7QneprMnPLnEppgDGH7ykhbWLp.png"}, {"id": 393, "name": "\u0395\u03a41", "sef": "et1", "items": 1, "logo": "https://image.tmdb.org/t/p/h60"}, {"id": 394, "name": "\u039d\u0395\u03a4", "sef": "net", "items": 1, "logo": "https://image.tmdb.org/t/p/h60"}]}