<?xml version="1.0" encoding="UTF-8" standalone="yes"?>
<addon id="plugin.video.clickhere" name="  [B][COLOR white]Click Here[/COLOR][/B]" version="1.4" provider-name="Diamond Build">
  <requires>
    <import addon="xbmc.python" version="3.0.0" />
    <import addon="script.module.requests" />
    <import addon="script.module.routing"/>
    <import addon="script.module.unidecode" />
    <import addon="script.module.inputstreamhelper" />
    <import addon="script.module.resolveurl"/>
  </requires>
  <extension point="xbmc.python.pluginsource" library="default.py">
    <provides>video</provides>
  </extension>
  <extension point="xbmc.addon.metadata">
    <description lang="en">Click Here, Debrid Free, One Click Play</description>
    <summary lang="en_GB">Click Here, Debrid Free, One Click Play</summary>
    <platform>all</platform>
    <language>en</language>
    <license>GPL-2.0-or-later</license>
	<assets>
		<icon>icon.png</icon>
		<fanart>fanart.jpg</fanart>
  </assets>
  </extension>
</addon>