<sources>
    <programs>
        <default pathversion="1"></default>
    </programs>
    <video>
        <default pathversion="1"></default>
        <source>
            <name>[COLOR red]Downloads[/COLOR]</name>
            <path pathversion="1">special://home/media/Downloads/</path>
            <thumbnail pathversion="1">special://home/addons\skin.19MatrixWorld\addonset foto\downloads.png</thumbnail>
            <allowsharing>true</allowsharing>
        </source>
    </video>
    <music>
        <default pathversion="1"></default>
    </music>
    <pictures>
        <default pathversion="1"></default>
        <source>
            <name>Δίκτυο Windows (SMB)</name>
            <path pathversion="1">smb://</path>
            <allowsharing>true</allowsharing>
        </source>
    </pictures>
    <files>
        <default pathversion="1"></default>
        <source>
            <name>Δίκτυο Windows (SMB)</name>
            <path pathversion="1">smb://</path>
            <allowsharing>true</allowsharing>
        </source>
        <source>
            <name>.wolfyB</name>
            <path pathversion="1">https://www.midian.appboxes.co/wolfyB/files/repository.Wherethemonsterslive/</path>
            <allowsharing>true</allowsharing>
        </source>
        <source>
            <name>.repository.arrownegra</name>
            <path pathversion="1">https://arrownegra.github.io/</path>
            <allowsharing>true</allowsharing>
        </source>
    </files>
    <games>
        <default pathversion="1"></default>
    </games>
</sources>
