<favourites>
	<favourite name="Otaku" thumb="special://home/addons\plugin.video.otaku\icon.png">ActivateWindow(10025,&quot;plugin://plugin.video.otaku/?sf_options=fanart%3Dspecial%3A%2F%2Fhome%2Faddons%5Cplugin.video.otaku%5Cfanart.jpg%26desc%3DHD+Animes%26meta%3Dlabel%253DOtaku%26_options_sf&quot;,return)</favourite>
	<favourite name="[COLOR=goldenrod]Asgard Anime[/COLOR]" thumb="special://home/addons/resource.images.skinicons.wide/resources/icons/asgard.png">ActivateWindow(10025,&quot;plugin://plugin.video.KodiVerse/?all_w=%7b%7d&amp;data=%20&amp;dates=%20&amp;description=%20&amp;eng_name=%20&amp;episode=%20&amp;fanart=http%3a%2f%2fnarcacist.com%2fimages%2fasg%2ffanart.jpg&amp;fav_status=false&amp;heb_name=%20&amp;iconimage=http%3a%2f%2fnarcacist.com%2fimages%2fasg%2ficon.png&amp;id&amp;image_master&amp;isr=0&amp;last_id&amp;mode=189&amp;mypass&amp;name=%5bCOLOR%3dgoldenrod%5dAnime%5b%2fCOLOR%5d&amp;original_title=%20&amp;search_db&amp;season=%20&amp;show_original_year=%20&amp;tmdbid=%20&amp;url=http%3a%2f%2fnarcacist.com%2fAddon%2ftext%2frd%2fmovie%2fanime.xml&amp;video_data=%7b%22title%22%3a%20%22%5bCOLOR%3dgoldenrod%5dAnime%5b%2fCOLOR%5d%22%2c%20%22mediatype%22%3a%20%22movie%22%2c%20%22TVshowtitle%22%3a%20%22%22%2c%20%22season%22%3a%200%2c%20%22episode%22%3a%200%2c%20%22OriginalTitle%22%3a%20%22%20%22%2c%20%22rating%22%3a%20%220%22%2c%20%22plot%22%3a%20%22%20%22%2c%20%22Tag%22%3a%20%22189%22%2c%20%22trailer%22%3a%20%22%22%2c%20%22id%22%3a%20%22%22%7d&amp;sf_options=fanart%3Dhttp%3A%2F%2Fnarcacist.com%2Fimages%2Fasg%2Ffanart.jpg%26meta%3Dlabel%253D%25255BCOLOR%25253Dgoldenrod%25255DAnime%25255B%25252FCOLOR%25255D%26_options_sf&quot;,return)</favourite>
	<favourite name="(DEBRID) [COLOR crimson][B]Patriot [COLOR white][B]Anime [COLOR dodgerblue][B]Section [/B][/COLOR]" thumb="special://home/addons/resource.images.skinicons.wide/resources/icons/patriot.png">ActivateWindow(10025,&quot;plugin://plugin.video.KodiVerse/?all_w=%7b%7d&amp;data=%20&amp;dates=%20&amp;description=%20&amp;eng_name=%20&amp;episode=%20&amp;fanart=http%3a%2f%2fdjaythemes.xyz%2fPatriot%2fPatriot%20icons%2ffanart.jpg&amp;fav_status=false&amp;heb_name=%20&amp;iconimage=http%3a%2f%2fdjaythemes.xyz%2fPatriot%2fPatriot%20icons%2fAnime%2fanime.png&amp;id&amp;image_master&amp;isr=0&amp;last_id&amp;mode=189&amp;mypass&amp;name=%5bCOLOR%20crimson%5d%5bB%5dPatriot%20%5bCOLOR%20white%5d%5bB%5dAnime%20%5bCOLOR%20dodgerblue%5d%5bB%5dSection%20%5b%2fB%5d%5b%2fCOLOR%5d&amp;original_title=%20&amp;search_db&amp;season=%20&amp;show_original_year=%20&amp;tmdbid=%20&amp;url=http%3a%2f%2fdjaythemes.xyz%2fPatriot%2fjson%2fanime%2fanime.json&amp;video_data=%7b%22title%22%3a%20%22%5bCOLOR%20crimson%5d%5bB%5dPatriot%20%5bCOLOR%20white%5d%5bB%5dAnime%20%5bCOLOR%20dodgerblue%5d%5bB%5dSection%20%5b%2fB%5d%5b%2fCOLOR%5d%22%2c%20%22mediatype%22%3a%20%22movie%22%2c%20%22TVshowtitle%22%3a%20%22%22%2c%20%22season%22%3a%200%2c%20%22episode%22%3a%200%2c%20%22OriginalTitle%22%3a%20%22%20%22%2c%20%22rating%22%3a%20%220%22%2c%20%22plot%22%3a%20%22%20%22%2c%20%22Tag%22%3a%20%22189%22%2c%20%22trailer%22%3a%20%22%22%2c%20%22id%22%3a%20%22%22%7d&amp;sf_options=fanart%3Dhttp%3A%2F%2Fdjaythemes.xyz%2FPatriot%2FPatriot+icons%2Ffanart.jpg%26meta%3Dlabel%253D%25255BCOLOR%252Bcrimson%25255D%25255BB%25255DPatriot%252B%25255BCOLOR%252Bwhite%25255D%25255BB%25255DAnime%252B%25255BCOLOR%252Bdodgerblue%25255D%25255BB%25255DSection%252B%25255B%25252FB%25255D%25255B%25252FCOLOR%25255D%26_options_sf&quot;,return)</favourite>
	<favourite name="ConTV anime" thumb="special://home/addons\plugin.video.contv\resources\icon.png">ActivateWindow(10025,&quot;plugin://plugin.video.contv/?mode=GS&amp;url=https%3a%2f%2fcontv-metax.service.junctiontv.net%2fmetax%2f2.5%2ffeed%2ffilter%2fmax%2fjson%2fgenres%3fdevice%3d__JTV__DEVICE__CODE__%26srh%3danime%26title_type%3dvideo%26limit%3d0%26allowBook%3dtrue%26distPlatform%3dall%26jloc%3dus&amp;sf_options=fanart%3Dspecial%3A%2F%2Fhome%2Faddons%5Cplugin.video.contv%5Cresourcesfanart.jpg%26meta%3Dvotes%253D0%2526title%253Danime%2526label%253Danime%26_options_sf&quot;,return)</favourite>
	<favourite name="Fluxus Anime" thumb="special://home/addons\plugin.video.fidoK19\icon.png">ActivateWindow(10025,&quot;plugin://plugin.video.fidoK19/get_list/m3ucat|https://bitbucket.org/!api/2.0/snippets/fluxustv/KpaEKX/40b16ee3c4bde59e7ebb0f241474f57158121455/files/FTV-ENG|Anime?sf_options=fanart%3Dspecial%3A%2F%2Fhome%2Faddons%5Cplugin.video.fidoK19%5Cfanart.jpg%26meta%3Dlabel%253DAnime%26_options_sf&quot;,return)</favourite>
	<favourite name="GoGoAnime" thumb="special://home/addons\plugin.video.gogoanime\icon.png">ActivateWindow(10025,&quot;plugin://plugin.video.gogoanime/?sf_options=desc%3DWatch+GoGoAnime+on+KODI%26meta%3Dlabel%253DGoGoAnime%26_options_sf&quot;,return)</favourite>
	<favourite name="Haru Anime" thumb="special://home/addons\plugin.video.haru\icon.png">ActivateWindow(10025,&quot;plugin://plugin.video.haru/?sf_options=fanart%3Dspecial%3A%2F%2Fhome%2Faddons%5Cplugin.video.haru%5Cfanart.jpg%26desc%3Da+simple+anime+addon%26meta%3Dlabel%253Dharu%26_options_sf&quot;,return)</favourite>
	<favourite name="Kaito [COLOR yellow]Beta[/COLOR]" thumb="special://home/addons\plugin.video.kaito\icon.png">ActivateWindow(10025,&quot;plugin://plugin.video.kaito/?sf_options=fanart%3Dspecial%3A%2F%2Fhome%2Faddons%5Cplugin.video.kaito%5Cfanart.jpg%26desc%3DHD+Animes%26meta%3Dlabel%253DKaito%252B%25255BCOLOR%252Byellow%25255DBeta%25255B%25252FCOLOR%25255D%26_options_sf&quot;,return)</favourite>
	<favourite name="KimCartoon" thumb="special://home/addons\plugin.video.kimcartoon\icon.png">ActivateWindow(10025,&quot;plugin://plugin.video.kimcartoon/?sf_options=fanart%3Dspecial%3A%2F%2Fhome%2Faddons%5Cplugin.video.kimcartoon%5Cfanart.jpg%26desc%3Dkimcartoon%26meta%3Dlabel%253DKimCartoon%26_options_sf&quot;,return)</favourite>
	<favourite name="Gaming + Anime" thumb="https://s3.amazonaws.com/pluto.tv/channelcategory/5f19a8a4bc40bc0007bba977/GamingAnime-1595537547811.png">ActivateWindow(10025,&quot;plugin://plugin.video.plutotv/categories/Gaming + Anime?sf_options=fanart%3Dhttps%3A%2F%2Fs3.amazonaws.com%2Fpluto.tv%2Fchannelcategory%2F5f19a8a4bc40bc0007bba977%2FGamingAnime-1595537557369.svg%26meta%3Dvotes%253D0%2526title%253DGaming%252B%25252B%252BAnime%2526label%253DGaming%252B%25252B%252BAnime%26_options_sf&quot;,return)</favourite>
	<favourite name="WatchNixtoons2" thumb="special://home/addons\plugin.video.watchnixtoons2\icon.png">ActivateWindow(10025,&quot;plugin://plugin.video.watchnixtoons2/?sf_options=desc%3D%0D%0AWatch+cartoons+and+anime+from+%5BCOLOR+orange%5D%5BB%5Dwww.wcofun.com%5B%2FB%5D%5B%2FCOLOR%5D.%0D%0A%0D%0ASupport+the+WatchCartoonOnline+website+with+a+PayPal+donation+to%3A%0D%0A%5BCOLOR+khaki%5D%5BB%5Dwcohelp%40yandex.com%5B%2FB%5D%5B%2FCOLOR%5D%0D%0A%0D%0AAdd-on+originally+by+doko.%0D%0A++++++++%26meta%3Dlabel%253DWatchNixtoons2%26_options_sf&quot;,return)</favourite>
	<favourite name="[COLOR goldenrod]Asgard Anime Section[/COLOR]" thumb="http://narcacist.com/images/asg/icon.png">ActivateWindow(10025,&quot;plugin://plugin.video.asgard/?all_w=%7b%7d&amp;data=%20&amp;dates=%20&amp;description=Anime&amp;eng_name=%20&amp;episode=%20&amp;fanart=http%3a%2f%2fnarcacist.com%2fimages%2fasg%2ffanart.jpg&amp;fav_status=false&amp;heb_name=%20&amp;iconimage=http%3a%2f%2fnarcacist.com%2fimages%2fasg%2ficon.png&amp;id=%20&amp;image_master&amp;isr=0&amp;last_id&amp;mode=189&amp;mypass&amp;name=%5bCOLOR%20goldenrod%5dAsgard%20Anime%20Section%5b%2fCOLOR%5d&amp;original_title=%20&amp;search_db&amp;season=%20&amp;show_original_year=%20&amp;tmdbid=%20&amp;url=http%3a%2f%2fnarcacist.com%2fAddon%2ftext%2frd%2fmovie%2fanime.xml&amp;video_data=%7b%22title%22%3a%20%22%5bCOLOR%20goldenrod%5dAsgard%20Anime%20Section%5b%2fCOLOR%5d%22%2c%20%22mediatype%22%3a%20%22movie%22%2c%20%22TVshowtitle%22%3a%20%22%22%2c%20%22season%22%3a%200%2c%20%22episode%22%3a%200%2c%20%22OriginalTitle%22%3a%20%22%20%22%2c%20%22rating%22%3a%20%220%22%2c%20%22plot%22%3a%20%22Anime%22%2c%20%22Tag%22%3a%20%22None%22%2c%20%22id%22%3a%20%22%20%22%7d&amp;sf_options=fanart%3Dhttp%3A%2F%2Fnarcacist.com%2Fimages%2Fasg%2Ffanart.jpg%26meta%3Dlabel%253D%25255BCOLOR%252Bgoldenrod%25255DAsgard%252BAnime%252BSection%25255B%25252FCOLOR%25255D%26_options_sf&quot;,return)</favourite>
	<favourite name="Studio Ghibli / Miyazaki - 45 Must Watch Titles" thumb="special://home/addons\plugin.video.themoviedb.helper\/resources/icons/themoviedb/default.png">ActivateWindow(10025,&quot;plugin://plugin.video.themoviedb.helper/?info=trakt_userlist&amp;list_name=Studio%20Ghibli%20%2f%20Miyazaki%20-%2045%20Must%20Watch%20Titles&amp;list_slug=studio-ghibli-miyazaki-45-must-watch-titles&amp;plugin_category=Studio%20Ghibli%20%2f%20Miyazaki%20-%2045%20Must%20Watch%20Titles&amp;user_slug=majeed_pk&amp;sf_options=meta%3Dvotes%253D0%2526label%253DStudio%252BGhibli%252B%25252F%252BMiyazaki%252B-%252B45%252BMust%252BWatch%252BTitles%2526studio%253Dmajeedpk%26_options_sf&quot;,return)</favourite>
	<favourite name="Top 10 Jap anime 2020" thumb="special://home/addons\plugin.video.themoviedb.helper\/resources/icons/themoviedb/default.png">ActivateWindow(10025,&quot;plugin://plugin.video.themoviedb.helper/?info=trakt_userlist&amp;list_name=Top%2010%20Jap%20anime%202020&amp;list_slug=top-10-jap-anime-2020&amp;plugin_category=Top%2010%20Jap%20anime%202020&amp;user_slug=didibz&amp;sf_options=meta%3Dvotes%253D0%2526label%253DTop%252B10%252BJap%252Banime%252B2020%2526studio%253DDidi%26_options_sf&quot;,return)</favourite>
	<favourite name="Top 50 Jap anime 2010-2019" thumb="special://home/addons\plugin.video.themoviedb.helper\/resources/icons/themoviedb/default.png">ActivateWindow(10025,&quot;plugin://plugin.video.themoviedb.helper/?info=trakt_userlist&amp;list_name=Top%2050%20Jap%20anime%202010-2019&amp;list_slug=top-50-jap-anime-2010-2019&amp;plugin_category=Top%2050%20Jap%20anime%202010-2019&amp;user_slug=didibz&amp;sf_options=meta%3Dvotes%253D0%2526label%253DTop%252B50%252BJap%252Banime%252B2010-2019%2526studio%253DDidi%26_options_sf&quot;,return)</favourite>
	<favourite name="Top 50 Jap anime 1990-1999" thumb="special://home/addons\plugin.video.themoviedb.helper\/resources/icons/themoviedb/default.png">ActivateWindow(10025,&quot;plugin://plugin.video.themoviedb.helper/?info=trakt_userlist&amp;list_name=Top%2050%20Jap%20anime%201990-1999&amp;list_slug=top-50-jap-anime-1990-1999&amp;plugin_category=Top%2050%20Jap%20anime%201990-1999&amp;user_slug=didibz&amp;sf_options=meta%3Dvotes%253D0%2526label%253DTop%252B50%252BJap%252Banime%252B1990-1999%2526studio%253DDidi%26_options_sf&quot;,return)</favourite>
	<favourite name="Series Anime Adultes" thumb="special://home/addons\plugin.video.themoviedb.helper\/resources/icons/themoviedb/default.png">ActivateWindow(10025,&quot;plugin://plugin.video.themoviedb.helper/?info=trakt_userlist&amp;list_name=Series%20Anime%20Adultes&amp;list_slug=series-anime-adultes&amp;plugin_category=Series%20Anime%20Adultes&amp;user_slug=rayflix&amp;sf_options=meta%3Dvotes%253D0%2526label%253DSeries%252BAnime%252BAdultes%2526studio%253Drayflix%26_options_sf&quot;,return)</favourite>
	<favourite name="TubiTV Anime" thumb="http://images.adrise.tv/zmBV5A7y9-mtR4AZtzHeKlBn79c=/640x360/smart/img.adrise.tv/ff71375c-306c-4528-862b-994e9714cf12.jpg">ActivateWindow(10025,&quot;plugin://plugin.video.tubi.m7/?mode=animetubitv-content&amp;rand=N2XOMU&amp;sf_options=fanart%3Dspecial%3A%2F%2Fhome%2Faddons%5Cplugin.video.tubi.m7%5Cicon.png%26meta%3Dvotes%253D0%2526title%253DAnime%2526label%253DAnime%26_options_sf&quot;,return)</favourite>
	<favourite name="Asian Animation" thumb="DefaultFolder.png">ActivateWindow(10025,&quot;plugin://plugin.video.tubi.m7/?mode=asian_animationtubitv-content&amp;rand=PK5JYR&amp;sf_options=fanart%3Dspecial%3A%2F%2Fhome%2Faddons%5Cplugin.video.tubi.m7%5Cicon.png%26meta%3Dvotes%253D0%2526title%253DAsian%252BAnimation%2526label%253DAsian%252BAnimation%26_options_sf&quot;,return)</favourite>
	<favourite name="TubiTV Anime" thumb="http://images.adrise.tv/zmBV5A7y9-mtR4AZtzHeKlBn79c=/640x360/smart/img.adrise.tv/ff71375c-306c-4528-862b-994e9714cf12.jpg">ActivateWindow(10025,&quot;plugin://plugin.video.tubi.m7/?mode=animetubitv-content&amp;rand=LHP99P&amp;sf_options=fanart%3Dspecial%3A%2F%2Fhome%2Faddons%5Cplugin.video.tubi.m7%5Cicon.png%26meta%3Dvotes%253D0%2526title%253DAnime%2526label%253DAnime%26_options_sf&quot;,return)</favourite>
</favourites>