﻿<?xml version="1.0" encoding="UTF-8" standalone="yes"?>
<addon id="plugin.video.apex_sports" name="ApeX Sports" version="1.0.7~g3" provider-name="arxtic.ape">
    <requires>
        <!-- <import addon="xbmc.python" version="2.1.0"/> -->
        <import addon="script.module.beautifulsoup4" version="3.2.1"/>
        <import addon="script.module.requests"  />
        <import addon="script.module.resolveurl" />
        <import addon="script.module.dateutil"/>
        <import addon="script.module.pytz"/>
        <import addon="script.module.tzlocal"/>
        
        
    </requires>
    <extension point="xbmc.python.pluginsource" library="default.py">
        <provides>video</provides>
    </extension>
    <extension point="xbmc.addon.metadata">
        <summary lang="en">Simple sports addon.</summary>
        <disclaimer lang="en">The author does not host or distribute any of the content displayed by this addon. The author does not have any affiliation with the content provider.</disclaimer>
        
        <platform>all</platform>

        <assets>
        <icon>icon.jpg</icon>
    </assets>
    </extension>
</addon>