<?xml version="1.0" encoding="UTF-8" standalone="yes"?>
<addon id="script.black.bars.never" name="BlackBarsNever" version="1.0.11" provider-name="Clement Osumo">
	<requires>
		<import addon="xbmc.python" version="3.0.0"/>
		<import addon="script.module.requests" version="2.20.0"/>
		<import addon="script.module.beautifulsoup4" version="4.9.3"/>
		<import addon="script.module.soupsieve" version="2.1.0"/>
	</requires>
	<extension point="xbmc.service" library="addon.py"/>
	<extension point="xbmc.python.script" library="addon.py">
		<provides>executable</provides>
	</extension>
	<extension point="xbmc.addon.metadata">
		<platform>all</platform>
		<summary lang="en_US">BlackBarsNever</summary>
		<description lang="en_US">This addon eliminates the problem of black bars. If the black bars are hardcoded, the addon will automatically
		detect this and remove them. If the video is a wide screen format, the addon will also detect this and remove the black bars too.
		</description>
		<license>MIT</license>
		<language></language>
		<forum></forum>
		<source>https://github.com/osumoclement/script.black.bars.never</source>
		<website>cheensa.com</website>
		<email></email>
		<assets>
			<icon>icon.png</icon>
			<fanart>fanart.jpeg</fanart>
			<screenshot>resources/screenshot-01.jpg</screenshot>
		    <screenshot>resources/screenshot-02.jpg</screenshot>
		</assets>
		<news>Updated the addon to use new addon.xml metadata</news>
	</extension>
</addon>
