<?xml version="1.0" encoding="UTF-8" standalone="yes"?>
<addon id="plugin.video.liveinzadar" name="Live in Zadar" version="1.1.1" provider-name="Zadar Team Build"> 
    <requires>
        <import addon="script.module.simplejson" />
        <import addon="script.module.six" />
        <import addon="script.module.kodi-six" />
    </requires>  
       <extension point="xbmc.python.pluginsource" library="default.py">
        <provides>video</provides>
	</extension>  
<extension point="xbmc.addon.metadata">
		<summary>Live TV</summary>
		<description lang="en">Live in Zadar build</description>
		<platform>all</platform>
		<assets>
       <icon>icon.png</icon>
       <fanart>fanart.jpg</fanart>
    </assets>
    </extension>
</addon>    